
-------------------------------------------------------------------------------------------------------
                                --- Method Parameters ---                                            
-------------------------------------------------------------------------------------------------------

method: PyGAD, entity: hydrostat_reservoir, volume: 10, sim_duration: 100, fitness_func: pygad_fitness, pop_size: 200, gen_size: 100, weight_search: 0.5, 

-------------------------------------------------------------------------------------------------------
                                --- Pygad  Parameters ---                                            
-------------------------------------------------------------------------------------------------------

parent_selection_type: rank, parents mating: 100, keep parents: 100, crossover type: uniform, 
mutation type: random, mutation prob: 0.5, mutation_max_val: 0.01, mutation_min_val: -0.01, 

=======================================================================================================


Generation: 1 
 - Generation Avg Fit: 95.95138916986966 
 - Best Fitness: 402.54932104511363
 - Best Solution: array([-0.23747331,  0.38613585, -0.42148302, -0.28129932,  0.19934887,
        0.38913781, -0.38326943, -0.23048379, -0.28504035,  0.24381593,
       -0.41542033,  0.17988428,  0.49774694,  0.29614992, -0.13759086,
        0.1669163 , -0.00547996, -0.4552121 , -0.04214491,  0.24784515,
        0.20570055,  0.35490324, -0.19806878, -0.20005975,  0.154512  ,
        0.22328587,  0.34722096, -0.04565626, -0.13208106, -0.14959827,
       -0.11323966,  0.29200966, -0.3999259 ,  0.09302976,  0.47535868,
        0.18097489,  0.49415523,  0.0142726 , -0.28644534,  0.18993824,
        0.19540462,  0.21062802, -0.43883569,  0.18298338, -0.05032504,
        0.27522026, -0.33833214,  0.18484346,  0.19380157, -0.01235341,
        0.42345173,  0.15555202,  0.07051743,  0.25300195,  0.26931646,
        0.42430431,  0.4369539 ,  0.33276489, -0.31913555, -0.43505879,
       -0.02763722,  0.06770779,  0.06387062,  0.38795462]) 

Generation: 2 
 - Generation Avg Fit: 128.91712316457387 
 - Best Fitness: 402.54932104511363
 - Best Solution: array([-0.13937196, -0.39220412, -0.39166544,  0.31959104, -0.4667058 ,
        0.00050006, -0.18248025, -0.03320047,  0.35991372, -0.37333094,
       -0.48234264, -0.48131213, -0.08009079,  0.14922042,  0.24636527,
       -0.01229177, -0.47230231,  0.42669575,  0.44977875,  0.38757565,
        0.06633811, -0.26036414, -0.05910809,  0.43910388,  0.02759321,
       -0.38096664, -0.46822285,  0.32508589, -0.38016685, -0.10051633,
        0.19942552, -0.12609933, -0.05410468,  0.15709472, -0.17855023,
        0.14530871,  0.31040065,  0.29110286, -0.46585632, -0.09059835,
       -0.13682767, -0.29306421, -0.44661679,  0.47372188, -0.23239905,
       -0.33625301,  0.39356226, -0.43443644,  0.24471925, -0.38504964,
        0.32600068, -0.06450249,  0.44686277, -0.24606276,  0.05731606,
        0.25294374, -0.28574391,  0.37046249, -0.31922291, -0.32659747,
        0.10781612, -0.42355672,  0.21497982, -0.10502717]) 

Generation: 3 
 - Generation Avg Fit: 138.7928062003669 
 - Best Fitness: 420.99463033225106
 - Best Solution: array([-0.36444481,  0.26012627,  0.32926307, -0.26323881,  0.3262088 ,
       -0.35269294,  0.00917722, -0.10482795,  0.32038413,  0.28590987,
       -0.27191554, -0.18284739, -0.14432761, -0.05613713,  0.41239807,
        0.33856706,  0.25516109, -0.31037616, -0.33604774, -0.14848548,
       -0.13525724,  0.02169841, -0.48859399, -0.06164481, -0.02491547,
       -0.45829393, -0.12305517,  0.10500001, -0.37875459,  0.31145017,
       -0.19803629, -0.34428007, -0.38578118,  0.0789703 ,  0.10141185,
       -0.04883468, -0.12603741, -0.15893907,  0.21508251,  0.42266016,
       -0.221996  ,  0.42589938,  0.14476341, -0.25652591, -0.32598917,
       -0.0258162 ,  0.4497826 ,  0.0847345 , -0.17726317,  0.244714  ,
        0.31420865,  0.35559219,  0.00712642,  0.13411268, -0.01308445,
        0.20399751,  0.26122433, -0.22177244, -0.27634769, -0.0645295 ,
        0.30121366,  0.41479876,  0.16182688,  0.28067882]) 

Generation: 4 
 - Generation Avg Fit: 154.5779235388521 
 - Best Fitness: 420.99463033225106
 - Best Solution: array([-0.23747331,  0.38613585, -0.42148302, -0.28129932,  0.19934887,
        0.38913781, -0.38326943, -0.23048379, -0.28504035,  0.24381593,
       -0.41542033,  0.17988428,  0.49774694,  0.29614992, -0.13759086,
        0.1669163 , -0.00547996, -0.4552121 , -0.04214491,  0.24784515,
        0.20570055,  0.35490324, -0.19806878, -0.20005975,  0.154512  ,
        0.22328587,  0.34722096, -0.04565626, -0.13208106, -0.14959827,
       -0.11323966,  0.29200966, -0.3999259 ,  0.09302976,  0.47535868,
        0.18097489,  0.49415523,  0.0142726 , -0.28644534,  0.18993824,
        0.19540462,  0.21062802, -0.43883569,  0.18298338, -0.05032504,
        0.27522026, -0.33833214,  0.18484346,  0.19380157, -0.01235341,
        0.42345173,  0.15555202,  0.07051743,  0.25300195,  0.26931646,
        0.42430431,  0.4369539 ,  0.33276489, -0.31913555, -0.43505879,
       -0.02763722,  0.06770779,  0.06387062,  0.38795462]) 

Generation: 5 
 - Generation Avg Fit: 157.78896573022368 
 - Best Fitness: 420.99463033225106
 - Best Solution: array([-0.36444481,  0.26012627,  0.32926307, -0.26323881,  0.3262088 ,
       -0.35269294,  0.00917722, -0.10482795,  0.32038413,  0.28590987,
       -0.27191554, -0.18284739, -0.14432761, -0.05613713,  0.41239807,
        0.33856706,  0.25516109, -0.31037616, -0.33604774, -0.14848548,
       -0.13525724,  0.02169841, -0.48859399, -0.06164481, -0.02491547,
       -0.45829393, -0.12305517,  0.10500001, -0.37875459,  0.31145017,
       -0.19803629, -0.34428007, -0.38578118,  0.0789703 ,  0.10141185,
       -0.04883468, -0.12603741, -0.15893907,  0.21508251,  0.42266016,
       -0.221996  ,  0.42589938,  0.14476341, -0.25652591, -0.32598917,
       -0.0258162 ,  0.4497826 ,  0.0847345 , -0.17726317,  0.244714  ,
        0.31420865,  0.35559219,  0.00712642,  0.13411268, -0.01308445,
        0.20399751,  0.26122433, -0.22177244, -0.27634769, -0.0645295 ,
        0.30121366,  0.41479876,  0.16182688,  0.28067882]) 

Generation: 6 
 - Generation Avg Fit: 164.74592460823203 
 - Best Fitness: 420.99463033225106
 - Best Solution: array([-0.36444481,  0.26012627,  0.32926307, -0.26323881,  0.3262088 ,
       -0.35269294,  0.00917722, -0.10482795,  0.32038413,  0.28590987,
       -0.27191554, -0.18284739, -0.14432761, -0.05613713,  0.41239807,
        0.33856706,  0.25516109, -0.31037616, -0.33604774, -0.14848548,
       -0.13525724,  0.02169841, -0.48859399, -0.06164481, -0.02491547,
       -0.45829393, -0.12305517,  0.10500001, -0.37875459,  0.31145017,
       -0.19803629, -0.34428007, -0.38578118,  0.0789703 ,  0.10141185,
       -0.04883468, -0.12603741, -0.15893907,  0.21508251,  0.42266016,
       -0.221996  ,  0.42589938,  0.14476341, -0.25652591, -0.32598917,
       -0.0258162 ,  0.4497826 ,  0.0847345 , -0.17726317,  0.244714  ,
        0.31420865,  0.35559219,  0.00712642,  0.13411268, -0.01308445,
        0.20399751,  0.26122433, -0.22177244, -0.27634769, -0.0645295 ,
        0.30121366,  0.41479876,  0.16182688,  0.28067882]) 

Generation: 7 
 - Generation Avg Fit: 170.91377429213483 
 - Best Fitness: 420.99463033225106
 - Best Solution: array([-0.36444481,  0.26012627,  0.32926307, -0.26323881,  0.3262088 ,
       -0.35269294,  0.00917722, -0.10482795,  0.32038413,  0.28590987,
       -0.27191554, -0.18284739, -0.14432761, -0.05613713,  0.41239807,
        0.33856706,  0.25516109, -0.31037616, -0.33604774, -0.14848548,
       -0.13525724,  0.02169841, -0.48859399, -0.06164481, -0.02491547,
       -0.45829393, -0.12305517,  0.10500001, -0.37875459,  0.31145017,
       -0.19803629, -0.34428007, -0.38578118,  0.0789703 ,  0.10141185,
       -0.04883468, -0.12603741, -0.15893907,  0.21508251,  0.42266016,
       -0.221996  ,  0.42589938,  0.14476341, -0.25652591, -0.32598917,
       -0.0258162 ,  0.4497826 ,  0.0847345 , -0.17726317,  0.244714  ,
        0.31420865,  0.35559219,  0.00712642,  0.13411268, -0.01308445,
        0.20399751,  0.26122433, -0.22177244, -0.27634769, -0.0645295 ,
        0.30121366,  0.41479876,  0.16182688,  0.28067882]) 

Generation: 8 
 - Generation Avg Fit: 165.54122444274486 
 - Best Fitness: 420.99463033225106
 - Best Solution: array([-0.36444481,  0.26012627,  0.32926307, -0.26323881,  0.3262088 ,
       -0.35269294,  0.00917722, -0.10482795,  0.32038413,  0.28590987,
       -0.27191554, -0.18284739, -0.14432761, -0.05613713,  0.41239807,
        0.33856706,  0.25516109, -0.31037616, -0.33604774, -0.14848548,
       -0.13525724,  0.02169841, -0.48859399, -0.06164481, -0.02491547,
       -0.45829393, -0.12305517,  0.10500001, -0.37875459,  0.31145017,
       -0.19803629, -0.34428007, -0.38578118,  0.0789703 ,  0.10141185,
       -0.04883468, -0.12603741, -0.15893907,  0.21508251,  0.42266016,
       -0.221996  ,  0.42589938,  0.14476341, -0.25652591, -0.32598917,
       -0.0258162 ,  0.4497826 ,  0.0847345 , -0.17726317,  0.244714  ,
        0.31420865,  0.35559219,  0.00712642,  0.13411268, -0.01308445,
        0.20399751,  0.26122433, -0.22177244, -0.27634769, -0.0645295 ,
        0.30121366,  0.41479876,  0.16182688,  0.28067882]) 

Generation: 9 
 - Generation Avg Fit: 180.35095363552227 
 - Best Fitness: 420.99463033225106
 - Best Solution: array([-0.36444481,  0.26012627,  0.32926307, -0.26323881,  0.3262088 ,
       -0.35269294,  0.00917722, -0.10482795,  0.32038413,  0.28590987,
       -0.27191554, -0.18284739, -0.14432761, -0.05613713,  0.41239807,
        0.33856706,  0.25516109, -0.31037616, -0.33604774, -0.14848548,
       -0.13525724,  0.02169841, -0.48859399, -0.06164481, -0.02491547,
       -0.45829393, -0.12305517,  0.10500001, -0.37875459,  0.31145017,
       -0.19803629, -0.34428007, -0.38578118,  0.0789703 ,  0.10141185,
       -0.04883468, -0.12603741, -0.15893907,  0.21508251,  0.42266016,
       -0.221996  ,  0.42589938,  0.14476341, -0.25652591, -0.32598917,
       -0.0258162 ,  0.4497826 ,  0.0847345 , -0.17726317,  0.244714  ,
        0.31420865,  0.35559219,  0.00712642,  0.13411268, -0.01308445,
        0.20399751,  0.26122433, -0.22177244, -0.27634769, -0.0645295 ,
        0.30121366,  0.41479876,  0.16182688,  0.28067882]) 

Generation: 10 
 - Generation Avg Fit: 177.062944731492 
 - Best Fitness: 420.99463033225106
 - Best Solution: array([-0.36444481,  0.26012627,  0.32926307, -0.26323881,  0.3262088 ,
       -0.35269294,  0.00917722, -0.10482795,  0.32038413,  0.28590987,
       -0.27191554, -0.18284739, -0.14432761, -0.05613713,  0.41239807,
        0.33856706,  0.25516109, -0.31037616, -0.33604774, -0.14848548,
       -0.13525724,  0.02169841, -0.48859399, -0.06164481, -0.02491547,
       -0.45829393, -0.12305517,  0.10500001, -0.37875459,  0.31145017,
       -0.19803629, -0.34428007, -0.38578118,  0.0789703 ,  0.10141185,
       -0.04883468, -0.12603741, -0.15893907,  0.21508251,  0.42266016,
       -0.221996  ,  0.42589938,  0.14476341, -0.25652591, -0.32598917,
       -0.0258162 ,  0.4497826 ,  0.0847345 , -0.17726317,  0.244714  ,
        0.31420865,  0.35559219,  0.00712642,  0.13411268, -0.01308445,
        0.20399751,  0.26122433, -0.22177244, -0.27634769, -0.0645295 ,
        0.30121366,  0.41479876,  0.16182688,  0.28067882]) 

Generation: 11 
 - Generation Avg Fit: 176.93182396307424 
 - Best Fitness: 420.99463033225106
 - Best Solution: array([-0.36444481,  0.26012627,  0.32926307, -0.26323881,  0.3262088 ,
       -0.35269294,  0.00917722, -0.10482795,  0.32038413,  0.28590987,
       -0.27191554, -0.18284739, -0.14432761, -0.05613713,  0.41239807,
        0.33856706,  0.25516109, -0.31037616, -0.33604774, -0.14848548,
       -0.13525724,  0.02169841, -0.48859399, -0.06164481, -0.02491547,
       -0.45829393, -0.12305517,  0.10500001, -0.37875459,  0.31145017,
       -0.19803629, -0.34428007, -0.38578118,  0.0789703 ,  0.10141185,
       -0.04883468, -0.12603741, -0.15893907,  0.21508251,  0.42266016,
       -0.221996  ,  0.42589938,  0.14476341, -0.25652591, -0.32598917,
       -0.0258162 ,  0.4497826 ,  0.0847345 , -0.17726317,  0.244714  ,
        0.31420865,  0.35559219,  0.00712642,  0.13411268, -0.01308445,
        0.20399751,  0.26122433, -0.22177244, -0.27634769, -0.0645295 ,
        0.30121366,  0.41479876,  0.16182688,  0.28067882]) 

Generation: 12 
 - Generation Avg Fit: 183.5641767245964 
 - Best Fitness: 420.99463033225106
 - Best Solution: array([-0.36444481,  0.26012627,  0.32926307, -0.26323881,  0.3262088 ,
       -0.35269294,  0.00917722, -0.10482795,  0.32038413,  0.28590987,
       -0.27191554, -0.18284739, -0.14432761, -0.05613713,  0.41239807,
        0.33856706,  0.25516109, -0.31037616, -0.33604774, -0.14848548,
       -0.13525724,  0.02169841, -0.48859399, -0.06164481, -0.02491547,
       -0.45829393, -0.12305517,  0.10500001, -0.37875459,  0.31145017,
       -0.19803629, -0.34428007, -0.38578118,  0.0789703 ,  0.10141185,
       -0.04883468, -0.12603741, -0.15893907,  0.21508251,  0.42266016,
       -0.221996  ,  0.42589938,  0.14476341, -0.25652591, -0.32598917,
       -0.0258162 ,  0.4497826 ,  0.0847345 , -0.17726317,  0.244714  ,
        0.31420865,  0.35559219,  0.00712642,  0.13411268, -0.01308445,
        0.20399751,  0.26122433, -0.22177244, -0.27634769, -0.0645295 ,
        0.30121366,  0.41479876,  0.16182688,  0.28067882]) 

Generation: 13 
 - Generation Avg Fit: 190.14230288040827 
 - Best Fitness: 420.99463033225106
 - Best Solution: array([-0.36444481,  0.26012627,  0.32926307, -0.26323881,  0.3262088 ,
       -0.35269294,  0.00917722, -0.10482795,  0.32038413,  0.28590987,
       -0.27191554, -0.18284739, -0.14432761, -0.05613713,  0.41239807,
        0.33856706,  0.25516109, -0.31037616, -0.33604774, -0.14848548,
       -0.13525724,  0.02169841, -0.48859399, -0.06164481, -0.02491547,
       -0.45829393, -0.12305517,  0.10500001, -0.37875459,  0.31145017,
       -0.19803629, -0.34428007, -0.38578118,  0.0789703 ,  0.10141185,
       -0.04883468, -0.12603741, -0.15893907,  0.21508251,  0.42266016,
       -0.221996  ,  0.42589938,  0.14476341, -0.25652591, -0.32598917,
       -0.0258162 ,  0.4497826 ,  0.0847345 , -0.17726317,  0.244714  ,
        0.31420865,  0.35559219,  0.00712642,  0.13411268, -0.01308445,
        0.20399751,  0.26122433, -0.22177244, -0.27634769, -0.0645295 ,
        0.30121366,  0.41479876,  0.16182688,  0.28067882]) 

Generation: 14 
 - Generation Avg Fit: 179.70043590085945 
 - Best Fitness: 420.99463033225106
 - Best Solution: array([-0.36444481,  0.26012627,  0.32926307, -0.26323881,  0.3262088 ,
       -0.35269294,  0.00917722, -0.10482795,  0.32038413,  0.28590987,
       -0.27191554, -0.18284739, -0.14432761, -0.05613713,  0.41239807,
        0.33856706,  0.25516109, -0.31037616, -0.33604774, -0.14848548,
       -0.13525724,  0.02169841, -0.48859399, -0.06164481, -0.02491547,
       -0.45829393, -0.12305517,  0.10500001, -0.37875459,  0.31145017,
       -0.19803629, -0.34428007, -0.38578118,  0.0789703 ,  0.10141185,
       -0.04883468, -0.12603741, -0.15893907,  0.21508251,  0.42266016,
       -0.221996  ,  0.42589938,  0.14476341, -0.25652591, -0.32598917,
       -0.0258162 ,  0.4497826 ,  0.0847345 , -0.17726317,  0.244714  ,
        0.31420865,  0.35559219,  0.00712642,  0.13411268, -0.01308445,
        0.20399751,  0.26122433, -0.22177244, -0.27634769, -0.0645295 ,
        0.30121366,  0.41479876,  0.16182688,  0.28067882]) 

Generation: 15 
 - Generation Avg Fit: 186.63743968102202 
 - Best Fitness: 420.99463033225106
 - Best Solution: array([-0.36444481,  0.26012627,  0.32926307, -0.26323881,  0.3262088 ,
       -0.35269294,  0.00917722, -0.10482795,  0.32038413,  0.28590987,
       -0.27191554, -0.18284739, -0.14432761, -0.05613713,  0.41239807,
        0.33856706,  0.25516109, -0.31037616, -0.33604774, -0.14848548,
       -0.13525724,  0.02169841, -0.48859399, -0.06164481, -0.02491547,
       -0.45829393, -0.12305517,  0.10500001, -0.37875459,  0.31145017,
       -0.19803629, -0.34428007, -0.38578118,  0.0789703 ,  0.10141185,
       -0.04883468, -0.12603741, -0.15893907,  0.21508251,  0.42266016,
       -0.221996  ,  0.42589938,  0.14476341, -0.25652591, -0.32598917,
       -0.0258162 ,  0.4497826 ,  0.0847345 , -0.17726317,  0.244714  ,
        0.31420865,  0.35559219,  0.00712642,  0.13411268, -0.01308445,
        0.20399751,  0.26122433, -0.22177244, -0.27634769, -0.0645295 ,
        0.30121366,  0.41479876,  0.16182688,  0.28067882]) 

Generation: 16 
 - Generation Avg Fit: 189.0798755092649 
 - Best Fitness: 420.99463033225106
 - Best Solution: array([-0.36444481,  0.26012627,  0.32926307, -0.26323881,  0.3262088 ,
       -0.35269294,  0.00917722, -0.10482795,  0.32038413,  0.28590987,
       -0.27191554, -0.18284739, -0.14432761, -0.05613713,  0.41239807,
        0.33856706,  0.25516109, -0.31037616, -0.33604774, -0.14848548,
       -0.13525724,  0.02169841, -0.48859399, -0.06164481, -0.02491547,
       -0.45829393, -0.12305517,  0.10500001, -0.37875459,  0.31145017,
       -0.19803629, -0.34428007, -0.38578118,  0.0789703 ,  0.10141185,
       -0.04883468, -0.12603741, -0.15893907,  0.21508251,  0.42266016,
       -0.221996  ,  0.42589938,  0.14476341, -0.25652591, -0.32598917,
       -0.0258162 ,  0.4497826 ,  0.0847345 , -0.17726317,  0.244714  ,
        0.31420865,  0.35559219,  0.00712642,  0.13411268, -0.01308445,
        0.20399751,  0.26122433, -0.22177244, -0.27634769, -0.0645295 ,
        0.30121366,  0.41479876,  0.16182688,  0.28067882]) 

Generation: 17 
 - Generation Avg Fit: 198.61218719999567 
 - Best Fitness: 420.99463033225106
 - Best Solution: array([-0.36444481,  0.26012627,  0.32926307, -0.26323881,  0.3262088 ,
       -0.35269294,  0.00917722, -0.10482795,  0.32038413,  0.28590987,
       -0.27191554, -0.18284739, -0.14432761, -0.05613713,  0.41239807,
        0.33856706,  0.25516109, -0.31037616, -0.33604774, -0.14848548,
       -0.13525724,  0.02169841, -0.48859399, -0.06164481, -0.02491547,
       -0.45829393, -0.12305517,  0.10500001, -0.37875459,  0.31145017,
       -0.19803629, -0.34428007, -0.38578118,  0.0789703 ,  0.10141185,
       -0.04883468, -0.12603741, -0.15893907,  0.21508251,  0.42266016,
       -0.221996  ,  0.42589938,  0.14476341, -0.25652591, -0.32598917,
       -0.0258162 ,  0.4497826 ,  0.0847345 , -0.17726317,  0.244714  ,
        0.31420865,  0.35559219,  0.00712642,  0.13411268, -0.01308445,
        0.20399751,  0.26122433, -0.22177244, -0.27634769, -0.0645295 ,
        0.30121366,  0.41479876,  0.16182688,  0.28067882]) 

Generation: 18 
 - Generation Avg Fit: 193.14218749360975 
 - Best Fitness: 420.99463033225106
 - Best Solution: array([-0.36444481,  0.26012627,  0.32926307, -0.26323881,  0.3262088 ,
       -0.35269294,  0.00917722, -0.10482795,  0.32038413,  0.28590987,
       -0.27191554, -0.18284739, -0.14432761, -0.05613713,  0.41239807,
        0.33856706,  0.25516109, -0.31037616, -0.33604774, -0.14848548,
       -0.13525724,  0.02169841, -0.48859399, -0.06164481, -0.02491547,
       -0.45829393, -0.12305517,  0.10500001, -0.37875459,  0.31145017,
       -0.19803629, -0.34428007, -0.38578118,  0.0789703 ,  0.10141185,
       -0.04883468, -0.12603741, -0.15893907,  0.21508251,  0.42266016,
       -0.221996  ,  0.42589938,  0.14476341, -0.25652591, -0.32598917,
       -0.0258162 ,  0.4497826 ,  0.0847345 , -0.17726317,  0.244714  ,
        0.31420865,  0.35559219,  0.00712642,  0.13411268, -0.01308445,
        0.20399751,  0.26122433, -0.22177244, -0.27634769, -0.0645295 ,
        0.30121366,  0.41479876,  0.16182688,  0.28067882]) 

Generation: 19 
 - Generation Avg Fit: 193.92722209704777 
 - Best Fitness: 422.64839197930525
 - Best Solution: array([ 0.10069555, -0.31497975, -0.25323396,  0.09431894, -0.1759531 ,
       -0.15984994,  0.07614412, -0.4611606 ,  0.36687202,  0.06575548,
       -0.27941124, -0.50603012,  0.37238815, -0.06050924,  0.16242591,
       -0.41890696,  0.07161085, -0.43090738,  0.23021935,  0.3379217 ,
       -0.12667158, -0.18842512, -0.0735715 ,  0.2712968 , -0.06315123,
        0.03244522, -0.10832353, -0.20867189, -0.14068997, -0.03180354,
       -0.39714893, -0.22226356,  0.01052041, -0.39321059,  0.42319933,
        0.04815491,  0.06893293,  0.47554939,  0.03942603,  0.00415716,
       -0.42502894,  0.04967755, -0.12803966,  0.01213537,  0.17786293,
        0.15602559, -0.15279719,  0.19008746,  0.03047407,  0.20983942,
       -0.06902384, -0.03757701,  0.50747892, -0.10203366, -0.20213689,
       -0.31558849, -0.42049244, -0.28264932, -0.24350154, -0.08291269,
        0.00295987, -0.28976182, -0.22739978,  0.43686191]) 

Generation: 20 
 - Generation Avg Fit: 197.72111520503336 
 - Best Fitness: 422.64839197930525
 - Best Solution: array([-0.36444481,  0.26012627,  0.32926307, -0.26323881,  0.3262088 ,
       -0.35269294,  0.00917722, -0.10482795,  0.32038413,  0.28590987,
       -0.27191554, -0.18284739, -0.14432761, -0.05613713,  0.41239807,
        0.33856706,  0.25516109, -0.31037616, -0.33604774, -0.14848548,
       -0.13525724,  0.02169841, -0.48859399, -0.06164481, -0.02491547,
       -0.45829393, -0.12305517,  0.10500001, -0.37875459,  0.31145017,
       -0.19803629, -0.34428007, -0.38578118,  0.0789703 ,  0.10141185,
       -0.04883468, -0.12603741, -0.15893907,  0.21508251,  0.42266016,
       -0.221996  ,  0.42589938,  0.14476341, -0.25652591, -0.32598917,
       -0.0258162 ,  0.4497826 ,  0.0847345 , -0.17726317,  0.244714  ,
        0.31420865,  0.35559219,  0.00712642,  0.13411268, -0.01308445,
        0.20399751,  0.26122433, -0.22177244, -0.27634769, -0.0645295 ,
        0.30121366,  0.41479876,  0.16182688,  0.28067882]) 

Generation: 21 
 - Generation Avg Fit: 196.66775036407867 
 - Best Fitness: 422.64839197930525
 - Best Solution: array([ 0.10069555, -0.31497975, -0.25323396,  0.09431894, -0.1759531 ,
       -0.15984994,  0.07614412, -0.4611606 ,  0.36687202,  0.06575548,
       -0.27941124, -0.50603012,  0.37238815, -0.06050924,  0.16242591,
       -0.41890696,  0.07161085, -0.43090738,  0.23021935,  0.3379217 ,
       -0.12667158, -0.18842512, -0.0735715 ,  0.2712968 , -0.06315123,
        0.03244522, -0.10832353, -0.20867189, -0.14068997, -0.03180354,
       -0.39714893, -0.22226356,  0.01052041, -0.39321059,  0.42319933,
        0.04815491,  0.06893293,  0.47554939,  0.03942603,  0.00415716,
       -0.42502894,  0.04967755, -0.12803966,  0.01213537,  0.17786293,
        0.15602559, -0.15279719,  0.19008746,  0.03047407,  0.20983942,
       -0.06902384, -0.03757701,  0.50747892, -0.10203366, -0.20213689,
       -0.31558849, -0.42049244, -0.28264932, -0.24350154, -0.08291269,
        0.00295987, -0.28976182, -0.22739978,  0.43686191]) 

Generation: 22 
 - Generation Avg Fit: 206.13204556073367 
 - Best Fitness: 422.64839197930525
 - Best Solution: array([ 0.10069555, -0.31497975, -0.25323396,  0.09431894, -0.1759531 ,
       -0.15984994,  0.07614412, -0.4611606 ,  0.36687202,  0.06575548,
       -0.27941124, -0.50603012,  0.37238815, -0.06050924,  0.16242591,
       -0.41890696,  0.07161085, -0.43090738,  0.23021935,  0.3379217 ,
       -0.12667158, -0.18842512, -0.0735715 ,  0.2712968 , -0.06315123,
        0.03244522, -0.10832353, -0.20867189, -0.14068997, -0.03180354,
       -0.39714893, -0.22226356,  0.01052041, -0.39321059,  0.42319933,
        0.04815491,  0.06893293,  0.47554939,  0.03942603,  0.00415716,
       -0.42502894,  0.04967755, -0.12803966,  0.01213537,  0.17786293,
        0.15602559, -0.15279719,  0.19008746,  0.03047407,  0.20983942,
       -0.06902384, -0.03757701,  0.50747892, -0.10203366, -0.20213689,
       -0.31558849, -0.42049244, -0.28264932, -0.24350154, -0.08291269,
        0.00295987, -0.28976182, -0.22739978,  0.43686191]) 

Generation: 23 
 - Generation Avg Fit: 207.6732368488401 
 - Best Fitness: 422.64839197930525
 - Best Solution: array([ 0.10069555, -0.31497975, -0.25323396,  0.09431894, -0.1759531 ,
       -0.15984994,  0.07614412, -0.4611606 ,  0.36687202,  0.06575548,
       -0.27941124, -0.50603012,  0.37238815, -0.06050924,  0.16242591,
       -0.41890696,  0.07161085, -0.43090738,  0.23021935,  0.3379217 ,
       -0.12667158, -0.18842512, -0.0735715 ,  0.2712968 , -0.06315123,
        0.03244522, -0.10832353, -0.20867189, -0.14068997, -0.03180354,
       -0.39714893, -0.22226356,  0.01052041, -0.39321059,  0.42319933,
        0.04815491,  0.06893293,  0.47554939,  0.03942603,  0.00415716,
       -0.42502894,  0.04967755, -0.12803966,  0.01213537,  0.17786293,
        0.15602559, -0.15279719,  0.19008746,  0.03047407,  0.20983942,
       -0.06902384, -0.03757701,  0.50747892, -0.10203366, -0.20213689,
       -0.31558849, -0.42049244, -0.28264932, -0.24350154, -0.08291269,
        0.00295987, -0.28976182, -0.22739978,  0.43686191]) 

Generation: 24 
 - Generation Avg Fit: 199.58638305745225 
 - Best Fitness: 422.64839197930525
 - Best Solution: array([ 0.10069555, -0.31497975, -0.25323396,  0.09431894, -0.1759531 ,
       -0.15984994,  0.07614412, -0.4611606 ,  0.36687202,  0.06575548,
       -0.27941124, -0.50603012,  0.37238815, -0.06050924,  0.16242591,
       -0.41890696,  0.07161085, -0.43090738,  0.23021935,  0.3379217 ,
       -0.12667158, -0.18842512, -0.0735715 ,  0.2712968 , -0.06315123,
        0.03244522, -0.10832353, -0.20867189, -0.14068997, -0.03180354,
       -0.39714893, -0.22226356,  0.01052041, -0.39321059,  0.42319933,
        0.04815491,  0.06893293,  0.47554939,  0.03942603,  0.00415716,
       -0.42502894,  0.04967755, -0.12803966,  0.01213537,  0.17786293,
        0.15602559, -0.15279719,  0.19008746,  0.03047407,  0.20983942,
       -0.06902384, -0.03757701,  0.50747892, -0.10203366, -0.20213689,
       -0.31558849, -0.42049244, -0.28264932, -0.24350154, -0.08291269,
        0.00295987, -0.28976182, -0.22739978,  0.43686191]) 

Generation: 25 
 - Generation Avg Fit: 199.48382674837492 
 - Best Fitness: 422.64839197930525
 - Best Solution: array([ 0.10069555, -0.31497975, -0.25323396,  0.09431894, -0.1759531 ,
       -0.15984994,  0.07614412, -0.4611606 ,  0.36687202,  0.06575548,
       -0.27941124, -0.50603012,  0.37238815, -0.06050924,  0.16242591,
       -0.41890696,  0.07161085, -0.43090738,  0.23021935,  0.3379217 ,
       -0.12667158, -0.18842512, -0.0735715 ,  0.2712968 , -0.06315123,
        0.03244522, -0.10832353, -0.20867189, -0.14068997, -0.03180354,
       -0.39714893, -0.22226356,  0.01052041, -0.39321059,  0.42319933,
        0.04815491,  0.06893293,  0.47554939,  0.03942603,  0.00415716,
       -0.42502894,  0.04967755, -0.12803966,  0.01213537,  0.17786293,
        0.15602559, -0.15279719,  0.19008746,  0.03047407,  0.20983942,
       -0.06902384, -0.03757701,  0.50747892, -0.10203366, -0.20213689,
       -0.31558849, -0.42049244, -0.28264932, -0.24350154, -0.08291269,
        0.00295987, -0.28976182, -0.22739978,  0.43686191]) 

Generation: 26 
 - Generation Avg Fit: 204.83702166694417 
 - Best Fitness: 422.64839197930525
 - Best Solution: array([ 0.10069555, -0.31497975, -0.25323396,  0.09431894, -0.1759531 ,
       -0.15984994,  0.07614412, -0.4611606 ,  0.36687202,  0.06575548,
       -0.27941124, -0.50603012,  0.37238815, -0.06050924,  0.16242591,
       -0.41890696,  0.07161085, -0.43090738,  0.23021935,  0.3379217 ,
       -0.12667158, -0.18842512, -0.0735715 ,  0.2712968 , -0.06315123,
        0.03244522, -0.10832353, -0.20867189, -0.14068997, -0.03180354,
       -0.39714893, -0.22226356,  0.01052041, -0.39321059,  0.42319933,
        0.04815491,  0.06893293,  0.47554939,  0.03942603,  0.00415716,
       -0.42502894,  0.04967755, -0.12803966,  0.01213537,  0.17786293,
        0.15602559, -0.15279719,  0.19008746,  0.03047407,  0.20983942,
       -0.06902384, -0.03757701,  0.50747892, -0.10203366, -0.20213689,
       -0.31558849, -0.42049244, -0.28264932, -0.24350154, -0.08291269,
        0.00295987, -0.28976182, -0.22739978,  0.43686191]) 

Generation: 27 
 - Generation Avg Fit: 205.47455904023573 
 - Best Fitness: 422.64839197930525
 - Best Solution: array([ 0.10069555, -0.31497975, -0.25323396,  0.09431894, -0.1759531 ,
       -0.15984994,  0.07614412, -0.4611606 ,  0.36687202,  0.06575548,
       -0.27941124, -0.50603012,  0.37238815, -0.06050924,  0.16242591,
       -0.41890696,  0.07161085, -0.43090738,  0.23021935,  0.3379217 ,
       -0.12667158, -0.18842512, -0.0735715 ,  0.2712968 , -0.06315123,
        0.03244522, -0.10832353, -0.20867189, -0.14068997, -0.03180354,
       -0.39714893, -0.22226356,  0.01052041, -0.39321059,  0.42319933,
        0.04815491,  0.06893293,  0.47554939,  0.03942603,  0.00415716,
       -0.42502894,  0.04967755, -0.12803966,  0.01213537,  0.17786293,
        0.15602559, -0.15279719,  0.19008746,  0.03047407,  0.20983942,
       -0.06902384, -0.03757701,  0.50747892, -0.10203366, -0.20213689,
       -0.31558849, -0.42049244, -0.28264932, -0.24350154, -0.08291269,
        0.00295987, -0.28976182, -0.22739978,  0.43686191]) 

Generation: 28 
 - Generation Avg Fit: 210.2034620308245 
 - Best Fitness: 431.70942606224463
 - Best Solution: array([ 0.07869864, -0.35688329,  0.30727456, -0.20069393,  0.26784812,
       -0.23521905,  0.18006702, -0.35797944, -0.1169596 ,  0.47036544,
       -0.47507581,  0.18532131, -0.40060588, -0.36344478, -0.13528283,
        0.01403955, -0.21332644,  0.32934365, -0.03247049,  0.17686791,
       -0.19187195,  0.35702582, -0.33468287, -0.2727144 , -0.51323477,
        0.42872054,  0.02958921, -0.0553336 , -0.38234928,  0.21898414,
       -0.0183727 ,  0.41618116,  0.08083237,  0.34676795,  0.38876106,
        0.18890214, -0.06779061, -0.26547752,  0.48123489,  0.19281901,
       -0.23001185,  0.21939256,  0.26086632,  0.10364046, -0.13372459,
       -0.01579654, -0.37637679,  0.24087155,  0.26370664, -0.25864457,
        0.03935391,  0.14711245,  0.2108204 ,  0.13992342,  0.31123451,
       -0.18310898,  0.2588009 ,  0.33620108, -0.2669484 ,  0.18060655,
       -0.03624891,  0.06779006,  0.24756137,  0.28385237]) 

Generation: 29 
 - Generation Avg Fit: 200.15409180563503 
 - Best Fitness: 431.70942606224463
 - Best Solution: array([ 0.10069555, -0.31497975, -0.25323396,  0.09431894, -0.1759531 ,
       -0.15984994,  0.07614412, -0.4611606 ,  0.36687202,  0.06575548,
       -0.27941124, -0.50603012,  0.37238815, -0.06050924,  0.16242591,
       -0.41890696,  0.07161085, -0.43090738,  0.23021935,  0.3379217 ,
       -0.12667158, -0.18842512, -0.0735715 ,  0.2712968 , -0.06315123,
        0.03244522, -0.10832353, -0.20867189, -0.14068997, -0.03180354,
       -0.39714893, -0.22226356,  0.01052041, -0.39321059,  0.42319933,
        0.04815491,  0.06893293,  0.47554939,  0.03942603,  0.00415716,
       -0.42502894,  0.04967755, -0.12803966,  0.01213537,  0.17786293,
        0.15602559, -0.15279719,  0.19008746,  0.03047407,  0.20983942,
       -0.06902384, -0.03757701,  0.50747892, -0.10203366, -0.20213689,
       -0.31558849, -0.42049244, -0.28264932, -0.24350154, -0.08291269,
        0.00295987, -0.28976182, -0.22739978,  0.43686191]) 

Generation: 30 
 - Generation Avg Fit: 208.9648836579124 
 - Best Fitness: 431.70942606224463
 - Best Solution: array([ 0.07869864, -0.35688329,  0.30727456, -0.20069393,  0.26784812,
       -0.23521905,  0.18006702, -0.35797944, -0.1169596 ,  0.47036544,
       -0.47507581,  0.18532131, -0.40060588, -0.36344478, -0.13528283,
        0.01403955, -0.21332644,  0.32934365, -0.03247049,  0.17686791,
       -0.19187195,  0.35702582, -0.33468287, -0.2727144 , -0.51323477,
        0.42872054,  0.02958921, -0.0553336 , -0.38234928,  0.21898414,
       -0.0183727 ,  0.41618116,  0.08083237,  0.34676795,  0.38876106,
        0.18890214, -0.06779061, -0.26547752,  0.48123489,  0.19281901,
       -0.23001185,  0.21939256,  0.26086632,  0.10364046, -0.13372459,
       -0.01579654, -0.37637679,  0.24087155,  0.26370664, -0.25864457,
        0.03935391,  0.14711245,  0.2108204 ,  0.13992342,  0.31123451,
       -0.18310898,  0.2588009 ,  0.33620108, -0.2669484 ,  0.18060655,
       -0.03624891,  0.06779006,  0.24756137,  0.28385237]) 

Generation: 31 
 - Generation Avg Fit: 212.3418242811948 
 - Best Fitness: 431.70942606224463
 - Best Solution: array([ 0.07869864, -0.35688329,  0.30727456, -0.20069393,  0.26784812,
       -0.23521905,  0.18006702, -0.35797944, -0.1169596 ,  0.47036544,
       -0.47507581,  0.18532131, -0.40060588, -0.36344478, -0.13528283,
        0.01403955, -0.21332644,  0.32934365, -0.03247049,  0.17686791,
       -0.19187195,  0.35702582, -0.33468287, -0.2727144 , -0.51323477,
        0.42872054,  0.02958921, -0.0553336 , -0.38234928,  0.21898414,
       -0.0183727 ,  0.41618116,  0.08083237,  0.34676795,  0.38876106,
        0.18890214, -0.06779061, -0.26547752,  0.48123489,  0.19281901,
       -0.23001185,  0.21939256,  0.26086632,  0.10364046, -0.13372459,
       -0.01579654, -0.37637679,  0.24087155,  0.26370664, -0.25864457,
        0.03935391,  0.14711245,  0.2108204 ,  0.13992342,  0.31123451,
       -0.18310898,  0.2588009 ,  0.33620108, -0.2669484 ,  0.18060655,
       -0.03624891,  0.06779006,  0.24756137,  0.28385237]) 

Generation: 32 
 - Generation Avg Fit: 216.25525397636363 
 - Best Fitness: 550.7015809012024
 - Best Solution: array([-0.36444481, -0.31971853, -0.26237472, -0.42040323,  0.31786427,
       -0.3169736 ,  0.19005657,  0.33255951,  0.32038413,  0.28590987,
       -0.14599263, -0.18284739,  0.02101615, -0.20542454, -0.23708785,
        0.25385467, -0.46521358, -0.31720512, -0.04064237,  0.15711096,
       -0.1403427 ,  0.10072659, -0.43736939, -0.19365057, -0.45314864,
       -0.14853453,  0.17459737,  0.36830594, -0.3881802 , -0.25233027,
       -0.10191341, -0.35225857, -0.38207481,  0.35376403, -0.26732784,
       -0.04883468,  0.16978635, -0.15519915,  0.21198959,  0.21287429,
       -0.12847831,  0.43134769, -0.24856765,  0.1716385 ,  0.35534733,
        0.28341213,  0.20788292,  0.09354074, -0.11903445, -0.03365505,
        0.03025489,  0.34700962,  0.31631895,  0.12765865, -0.12022152,
       -0.36450074, -0.14880763, -0.04403735, -0.27634769, -0.0645295 ,
        0.04384423,  0.0808786 ,  0.15699949, -0.06971558]) 

Generation: 33 
 - Generation Avg Fit: 216.3679243293488 
 - Best Fitness: 550.7015809012024
 - Best Solution: array([ 0.07869864, -0.35688329,  0.30727456, -0.20069393,  0.26784812,
       -0.23521905,  0.18006702, -0.35797944, -0.1169596 ,  0.47036544,
       -0.47507581,  0.18532131, -0.40060588, -0.36344478, -0.13528283,
        0.01403955, -0.21332644,  0.32934365, -0.03247049,  0.17686791,
       -0.19187195,  0.35702582, -0.33468287, -0.2727144 , -0.51323477,
        0.42872054,  0.02958921, -0.0553336 , -0.38234928,  0.21898414,
       -0.0183727 ,  0.41618116,  0.08083237,  0.34676795,  0.38876106,
        0.18890214, -0.06779061, -0.26547752,  0.48123489,  0.19281901,
       -0.23001185,  0.21939256,  0.26086632,  0.10364046, -0.13372459,
       -0.01579654, -0.37637679,  0.24087155,  0.26370664, -0.25864457,
        0.03935391,  0.14711245,  0.2108204 ,  0.13992342,  0.31123451,
       -0.18310898,  0.2588009 ,  0.33620108, -0.2669484 ,  0.18060655,
       -0.03624891,  0.06779006,  0.24756137,  0.28385237]) 

Generation: 34 
 - Generation Avg Fit: 215.48341460798335 
 - Best Fitness: 550.7015809012024
 - Best Solution: array([-0.36444481, -0.31971853, -0.26237472, -0.42040323,  0.31786427,
       -0.3169736 ,  0.19005657,  0.33255951,  0.32038413,  0.28590987,
       -0.14599263, -0.18284739,  0.02101615, -0.20542454, -0.23708785,
        0.25385467, -0.46521358, -0.31720512, -0.04064237,  0.15711096,
       -0.1403427 ,  0.10072659, -0.43736939, -0.19365057, -0.45314864,
       -0.14853453,  0.17459737,  0.36830594, -0.3881802 , -0.25233027,
       -0.10191341, -0.35225857, -0.38207481,  0.35376403, -0.26732784,
       -0.04883468,  0.16978635, -0.15519915,  0.21198959,  0.21287429,
       -0.12847831,  0.43134769, -0.24856765,  0.1716385 ,  0.35534733,
        0.28341213,  0.20788292,  0.09354074, -0.11903445, -0.03365505,
        0.03025489,  0.34700962,  0.31631895,  0.12765865, -0.12022152,
       -0.36450074, -0.14880763, -0.04403735, -0.27634769, -0.0645295 ,
        0.04384423,  0.0808786 ,  0.15699949, -0.06971558]) 

Generation: 35 
 - Generation Avg Fit: 209.68290307312134 
 - Best Fitness: 550.7015809012024
 - Best Solution: array([-0.36444481, -0.31971853, -0.26237472, -0.42040323,  0.31786427,
       -0.3169736 ,  0.19005657,  0.33255951,  0.32038413,  0.28590987,
       -0.14599263, -0.18284739,  0.02101615, -0.20542454, -0.23708785,
        0.25385467, -0.46521358, -0.31720512, -0.04064237,  0.15711096,
       -0.1403427 ,  0.10072659, -0.43736939, -0.19365057, -0.45314864,
       -0.14853453,  0.17459737,  0.36830594, -0.3881802 , -0.25233027,
       -0.10191341, -0.35225857, -0.38207481,  0.35376403, -0.26732784,
       -0.04883468,  0.16978635, -0.15519915,  0.21198959,  0.21287429,
       -0.12847831,  0.43134769, -0.24856765,  0.1716385 ,  0.35534733,
        0.28341213,  0.20788292,  0.09354074, -0.11903445, -0.03365505,
        0.03025489,  0.34700962,  0.31631895,  0.12765865, -0.12022152,
       -0.36450074, -0.14880763, -0.04403735, -0.27634769, -0.0645295 ,
        0.04384423,  0.0808786 ,  0.15699949, -0.06971558]) 

Generation: 36 
 - Generation Avg Fit: 233.77237467375392 
 - Best Fitness: 550.7015809012024
 - Best Solution: array([-0.36444481, -0.31971853, -0.26237472, -0.42040323,  0.31786427,
       -0.3169736 ,  0.19005657,  0.33255951,  0.32038413,  0.28590987,
       -0.14599263, -0.18284739,  0.02101615, -0.20542454, -0.23708785,
        0.25385467, -0.46521358, -0.31720512, -0.04064237,  0.15711096,
       -0.1403427 ,  0.10072659, -0.43736939, -0.19365057, -0.45314864,
       -0.14853453,  0.17459737,  0.36830594, -0.3881802 , -0.25233027,
       -0.10191341, -0.35225857, -0.38207481,  0.35376403, -0.26732784,
       -0.04883468,  0.16978635, -0.15519915,  0.21198959,  0.21287429,
       -0.12847831,  0.43134769, -0.24856765,  0.1716385 ,  0.35534733,
        0.28341213,  0.20788292,  0.09354074, -0.11903445, -0.03365505,
        0.03025489,  0.34700962,  0.31631895,  0.12765865, -0.12022152,
       -0.36450074, -0.14880763, -0.04403735, -0.27634769, -0.0645295 ,
        0.04384423,  0.0808786 ,  0.15699949, -0.06971558]) 

Generation: 37 
 - Generation Avg Fit: 224.9431188617262 
 - Best Fitness: 550.7015809012024
 - Best Solution: array([-0.36444481, -0.31971853, -0.26237472, -0.42040323,  0.31786427,
       -0.3169736 ,  0.19005657,  0.33255951,  0.32038413,  0.28590987,
       -0.14599263, -0.18284739,  0.02101615, -0.20542454, -0.23708785,
        0.25385467, -0.46521358, -0.31720512, -0.04064237,  0.15711096,
       -0.1403427 ,  0.10072659, -0.43736939, -0.19365057, -0.45314864,
       -0.14853453,  0.17459737,  0.36830594, -0.3881802 , -0.25233027,
       -0.10191341, -0.35225857, -0.38207481,  0.35376403, -0.26732784,
       -0.04883468,  0.16978635, -0.15519915,  0.21198959,  0.21287429,
       -0.12847831,  0.43134769, -0.24856765,  0.1716385 ,  0.35534733,
        0.28341213,  0.20788292,  0.09354074, -0.11903445, -0.03365505,
        0.03025489,  0.34700962,  0.31631895,  0.12765865, -0.12022152,
       -0.36450074, -0.14880763, -0.04403735, -0.27634769, -0.0645295 ,
        0.04384423,  0.0808786 ,  0.15699949, -0.06971558]) 

Generation: 38 
 - Generation Avg Fit: 229.48408404845097 
 - Best Fitness: 550.7015809012024
 - Best Solution: array([-0.36444481, -0.31971853, -0.26237472, -0.42040323,  0.31786427,
       -0.3169736 ,  0.19005657,  0.33255951,  0.32038413,  0.28590987,
       -0.14599263, -0.18284739,  0.02101615, -0.20542454, -0.23708785,
        0.25385467, -0.46521358, -0.31720512, -0.04064237,  0.15711096,
       -0.1403427 ,  0.10072659, -0.43736939, -0.19365057, -0.45314864,
       -0.14853453,  0.17459737,  0.36830594, -0.3881802 , -0.25233027,
       -0.10191341, -0.35225857, -0.38207481,  0.35376403, -0.26732784,
       -0.04883468,  0.16978635, -0.15519915,  0.21198959,  0.21287429,
       -0.12847831,  0.43134769, -0.24856765,  0.1716385 ,  0.35534733,
        0.28341213,  0.20788292,  0.09354074, -0.11903445, -0.03365505,
        0.03025489,  0.34700962,  0.31631895,  0.12765865, -0.12022152,
       -0.36450074, -0.14880763, -0.04403735, -0.27634769, -0.0645295 ,
        0.04384423,  0.0808786 ,  0.15699949, -0.06971558]) 

Generation: 39 
 - Generation Avg Fit: 217.42979276492235 
 - Best Fitness: 550.7015809012024
 - Best Solution: array([-0.36444481, -0.31971853, -0.26237472, -0.42040323,  0.31786427,
       -0.3169736 ,  0.19005657,  0.33255951,  0.32038413,  0.28590987,
       -0.14599263, -0.18284739,  0.02101615, -0.20542454, -0.23708785,
        0.25385467, -0.46521358, -0.31720512, -0.04064237,  0.15711096,
       -0.1403427 ,  0.10072659, -0.43736939, -0.19365057, -0.45314864,
       -0.14853453,  0.17459737,  0.36830594, -0.3881802 , -0.25233027,
       -0.10191341, -0.35225857, -0.38207481,  0.35376403, -0.26732784,
       -0.04883468,  0.16978635, -0.15519915,  0.21198959,  0.21287429,
       -0.12847831,  0.43134769, -0.24856765,  0.1716385 ,  0.35534733,
        0.28341213,  0.20788292,  0.09354074, -0.11903445, -0.03365505,
        0.03025489,  0.34700962,  0.31631895,  0.12765865, -0.12022152,
       -0.36450074, -0.14880763, -0.04403735, -0.27634769, -0.0645295 ,
        0.04384423,  0.0808786 ,  0.15699949, -0.06971558]) 

Generation: 40 
 - Generation Avg Fit: 224.03484365360592 
 - Best Fitness: 550.7015809012024
 - Best Solution: array([-0.36444481, -0.31971853, -0.26237472, -0.42040323,  0.31786427,
       -0.3169736 ,  0.19005657,  0.33255951,  0.32038413,  0.28590987,
       -0.14599263, -0.18284739,  0.02101615, -0.20542454, -0.23708785,
        0.25385467, -0.46521358, -0.31720512, -0.04064237,  0.15711096,
       -0.1403427 ,  0.10072659, -0.43736939, -0.19365057, -0.45314864,
       -0.14853453,  0.17459737,  0.36830594, -0.3881802 , -0.25233027,
       -0.10191341, -0.35225857, -0.38207481,  0.35376403, -0.26732784,
       -0.04883468,  0.16978635, -0.15519915,  0.21198959,  0.21287429,
       -0.12847831,  0.43134769, -0.24856765,  0.1716385 ,  0.35534733,
        0.28341213,  0.20788292,  0.09354074, -0.11903445, -0.03365505,
        0.03025489,  0.34700962,  0.31631895,  0.12765865, -0.12022152,
       -0.36450074, -0.14880763, -0.04403735, -0.27634769, -0.0645295 ,
        0.04384423,  0.0808786 ,  0.15699949, -0.06971558]) 

Generation: 41 
 - Generation Avg Fit: 224.4296693294947 
 - Best Fitness: 550.7015809012024
 - Best Solution: array([-0.36444481, -0.31971853, -0.26237472, -0.42040323,  0.31786427,
       -0.3169736 ,  0.19005657,  0.33255951,  0.32038413,  0.28590987,
       -0.14599263, -0.18284739,  0.02101615, -0.20542454, -0.23708785,
        0.25385467, -0.46521358, -0.31720512, -0.04064237,  0.15711096,
       -0.1403427 ,  0.10072659, -0.43736939, -0.19365057, -0.45314864,
       -0.14853453,  0.17459737,  0.36830594, -0.3881802 , -0.25233027,
       -0.10191341, -0.35225857, -0.38207481,  0.35376403, -0.26732784,
       -0.04883468,  0.16978635, -0.15519915,  0.21198959,  0.21287429,
       -0.12847831,  0.43134769, -0.24856765,  0.1716385 ,  0.35534733,
        0.28341213,  0.20788292,  0.09354074, -0.11903445, -0.03365505,
        0.03025489,  0.34700962,  0.31631895,  0.12765865, -0.12022152,
       -0.36450074, -0.14880763, -0.04403735, -0.27634769, -0.0645295 ,
        0.04384423,  0.0808786 ,  0.15699949, -0.06971558]) 

Generation: 42 
 - Generation Avg Fit: 223.0017832782137 
 - Best Fitness: 550.7015809012024
 - Best Solution: array([-0.36444481, -0.31971853, -0.26237472, -0.42040323,  0.31786427,
       -0.3169736 ,  0.19005657,  0.33255951,  0.32038413,  0.28590987,
       -0.14599263, -0.18284739,  0.02101615, -0.20542454, -0.23708785,
        0.25385467, -0.46521358, -0.31720512, -0.04064237,  0.15711096,
       -0.1403427 ,  0.10072659, -0.43736939, -0.19365057, -0.45314864,
       -0.14853453,  0.17459737,  0.36830594, -0.3881802 , -0.25233027,
       -0.10191341, -0.35225857, -0.38207481,  0.35376403, -0.26732784,
       -0.04883468,  0.16978635, -0.15519915,  0.21198959,  0.21287429,
       -0.12847831,  0.43134769, -0.24856765,  0.1716385 ,  0.35534733,
        0.28341213,  0.20788292,  0.09354074, -0.11903445, -0.03365505,
        0.03025489,  0.34700962,  0.31631895,  0.12765865, -0.12022152,
       -0.36450074, -0.14880763, -0.04403735, -0.27634769, -0.0645295 ,
        0.04384423,  0.0808786 ,  0.15699949, -0.06971558]) 

Generation: 43 
 - Generation Avg Fit: 221.25395950130863 
 - Best Fitness: 550.7015809012024
 - Best Solution: array([-0.36444481, -0.31971853, -0.26237472, -0.42040323,  0.31786427,
       -0.3169736 ,  0.19005657,  0.33255951,  0.32038413,  0.28590987,
       -0.14599263, -0.18284739,  0.02101615, -0.20542454, -0.23708785,
        0.25385467, -0.46521358, -0.31720512, -0.04064237,  0.15711096,
       -0.1403427 ,  0.10072659, -0.43736939, -0.19365057, -0.45314864,
       -0.14853453,  0.17459737,  0.36830594, -0.3881802 , -0.25233027,
       -0.10191341, -0.35225857, -0.38207481,  0.35376403, -0.26732784,
       -0.04883468,  0.16978635, -0.15519915,  0.21198959,  0.21287429,
       -0.12847831,  0.43134769, -0.24856765,  0.1716385 ,  0.35534733,
        0.28341213,  0.20788292,  0.09354074, -0.11903445, -0.03365505,
        0.03025489,  0.34700962,  0.31631895,  0.12765865, -0.12022152,
       -0.36450074, -0.14880763, -0.04403735, -0.27634769, -0.0645295 ,
        0.04384423,  0.0808786 ,  0.15699949, -0.06971558]) 

Generation: 44 
 - Generation Avg Fit: 230.17641287853894 
 - Best Fitness: 550.7015809012024
 - Best Solution: array([-0.36444481, -0.31971853, -0.26237472, -0.42040323,  0.31786427,
       -0.3169736 ,  0.19005657,  0.33255951,  0.32038413,  0.28590987,
       -0.14599263, -0.18284739,  0.02101615, -0.20542454, -0.23708785,
        0.25385467, -0.46521358, -0.31720512, -0.04064237,  0.15711096,
       -0.1403427 ,  0.10072659, -0.43736939, -0.19365057, -0.45314864,
       -0.14853453,  0.17459737,  0.36830594, -0.3881802 , -0.25233027,
       -0.10191341, -0.35225857, -0.38207481,  0.35376403, -0.26732784,
       -0.04883468,  0.16978635, -0.15519915,  0.21198959,  0.21287429,
       -0.12847831,  0.43134769, -0.24856765,  0.1716385 ,  0.35534733,
        0.28341213,  0.20788292,  0.09354074, -0.11903445, -0.03365505,
        0.03025489,  0.34700962,  0.31631895,  0.12765865, -0.12022152,
       -0.36450074, -0.14880763, -0.04403735, -0.27634769, -0.0645295 ,
        0.04384423,  0.0808786 ,  0.15699949, -0.06971558]) 

Generation: 45 
 - Generation Avg Fit: 225.06508237204693 
 - Best Fitness: 550.7015809012024
 - Best Solution: array([-0.36444481, -0.31971853, -0.26237472, -0.42040323,  0.31786427,
       -0.3169736 ,  0.19005657,  0.33255951,  0.32038413,  0.28590987,
       -0.14599263, -0.18284739,  0.02101615, -0.20542454, -0.23708785,
        0.25385467, -0.46521358, -0.31720512, -0.04064237,  0.15711096,
       -0.1403427 ,  0.10072659, -0.43736939, -0.19365057, -0.45314864,
       -0.14853453,  0.17459737,  0.36830594, -0.3881802 , -0.25233027,
       -0.10191341, -0.35225857, -0.38207481,  0.35376403, -0.26732784,
       -0.04883468,  0.16978635, -0.15519915,  0.21198959,  0.21287429,
       -0.12847831,  0.43134769, -0.24856765,  0.1716385 ,  0.35534733,
        0.28341213,  0.20788292,  0.09354074, -0.11903445, -0.03365505,
        0.03025489,  0.34700962,  0.31631895,  0.12765865, -0.12022152,
       -0.36450074, -0.14880763, -0.04403735, -0.27634769, -0.0645295 ,
        0.04384423,  0.0808786 ,  0.15699949, -0.06971558]) 

Generation: 46 
 - Generation Avg Fit: 230.51591092503776 
 - Best Fitness: 550.7015809012024
 - Best Solution: array([-0.36444481, -0.31971853, -0.26237472, -0.42040323,  0.31786427,
       -0.3169736 ,  0.19005657,  0.33255951,  0.32038413,  0.28590987,
       -0.14599263, -0.18284739,  0.02101615, -0.20542454, -0.23708785,
        0.25385467, -0.46521358, -0.31720512, -0.04064237,  0.15711096,
       -0.1403427 ,  0.10072659, -0.43736939, -0.19365057, -0.45314864,
       -0.14853453,  0.17459737,  0.36830594, -0.3881802 , -0.25233027,
       -0.10191341, -0.35225857, -0.38207481,  0.35376403, -0.26732784,
       -0.04883468,  0.16978635, -0.15519915,  0.21198959,  0.21287429,
       -0.12847831,  0.43134769, -0.24856765,  0.1716385 ,  0.35534733,
        0.28341213,  0.20788292,  0.09354074, -0.11903445, -0.03365505,
        0.03025489,  0.34700962,  0.31631895,  0.12765865, -0.12022152,
       -0.36450074, -0.14880763, -0.04403735, -0.27634769, -0.0645295 ,
        0.04384423,  0.0808786 ,  0.15699949, -0.06971558]) 

Generation: 47 
 - Generation Avg Fit: 236.6754291054426 
 - Best Fitness: 550.7015809012024
 - Best Solution: array([-0.36444481, -0.31971853, -0.26237472, -0.42040323,  0.31786427,
       -0.3169736 ,  0.19005657,  0.33255951,  0.32038413,  0.28590987,
       -0.14599263, -0.18284739,  0.02101615, -0.20542454, -0.23708785,
        0.25385467, -0.46521358, -0.31720512, -0.04064237,  0.15711096,
       -0.1403427 ,  0.10072659, -0.43736939, -0.19365057, -0.45314864,
       -0.14853453,  0.17459737,  0.36830594, -0.3881802 , -0.25233027,
       -0.10191341, -0.35225857, -0.38207481,  0.35376403, -0.26732784,
       -0.04883468,  0.16978635, -0.15519915,  0.21198959,  0.21287429,
       -0.12847831,  0.43134769, -0.24856765,  0.1716385 ,  0.35534733,
        0.28341213,  0.20788292,  0.09354074, -0.11903445, -0.03365505,
        0.03025489,  0.34700962,  0.31631895,  0.12765865, -0.12022152,
       -0.36450074, -0.14880763, -0.04403735, -0.27634769, -0.0645295 ,
        0.04384423,  0.0808786 ,  0.15699949, -0.06971558]) 

Generation: 48 
 - Generation Avg Fit: 221.5849517675648 
 - Best Fitness: 550.7015809012024
 - Best Solution: array([-0.36444481, -0.31971853, -0.26237472, -0.42040323,  0.31786427,
       -0.3169736 ,  0.19005657,  0.33255951,  0.32038413,  0.28590987,
       -0.14599263, -0.18284739,  0.02101615, -0.20542454, -0.23708785,
        0.25385467, -0.46521358, -0.31720512, -0.04064237,  0.15711096,
       -0.1403427 ,  0.10072659, -0.43736939, -0.19365057, -0.45314864,
       -0.14853453,  0.17459737,  0.36830594, -0.3881802 , -0.25233027,
       -0.10191341, -0.35225857, -0.38207481,  0.35376403, -0.26732784,
       -0.04883468,  0.16978635, -0.15519915,  0.21198959,  0.21287429,
       -0.12847831,  0.43134769, -0.24856765,  0.1716385 ,  0.35534733,
        0.28341213,  0.20788292,  0.09354074, -0.11903445, -0.03365505,
        0.03025489,  0.34700962,  0.31631895,  0.12765865, -0.12022152,
       -0.36450074, -0.14880763, -0.04403735, -0.27634769, -0.0645295 ,
        0.04384423,  0.0808786 ,  0.15699949, -0.06971558]) 

Generation: 49 
 - Generation Avg Fit: 229.32220274611873 
 - Best Fitness: 550.7015809012024
 - Best Solution: array([-0.36444481, -0.31971853, -0.26237472, -0.42040323,  0.31786427,
       -0.3169736 ,  0.19005657,  0.33255951,  0.32038413,  0.28590987,
       -0.14599263, -0.18284739,  0.02101615, -0.20542454, -0.23708785,
        0.25385467, -0.46521358, -0.31720512, -0.04064237,  0.15711096,
       -0.1403427 ,  0.10072659, -0.43736939, -0.19365057, -0.45314864,
       -0.14853453,  0.17459737,  0.36830594, -0.3881802 , -0.25233027,
       -0.10191341, -0.35225857, -0.38207481,  0.35376403, -0.26732784,
       -0.04883468,  0.16978635, -0.15519915,  0.21198959,  0.21287429,
       -0.12847831,  0.43134769, -0.24856765,  0.1716385 ,  0.35534733,
        0.28341213,  0.20788292,  0.09354074, -0.11903445, -0.03365505,
        0.03025489,  0.34700962,  0.31631895,  0.12765865, -0.12022152,
       -0.36450074, -0.14880763, -0.04403735, -0.27634769, -0.0645295 ,
        0.04384423,  0.0808786 ,  0.15699949, -0.06971558]) 

Generation: 50 
 - Generation Avg Fit: 229.37102345748724 
 - Best Fitness: 550.7015809012024
 - Best Solution: array([-0.36444481, -0.31971853, -0.26237472, -0.42040323,  0.31786427,
       -0.3169736 ,  0.19005657,  0.33255951,  0.32038413,  0.28590987,
       -0.14599263, -0.18284739,  0.02101615, -0.20542454, -0.23708785,
        0.25385467, -0.46521358, -0.31720512, -0.04064237,  0.15711096,
       -0.1403427 ,  0.10072659, -0.43736939, -0.19365057, -0.45314864,
       -0.14853453,  0.17459737,  0.36830594, -0.3881802 , -0.25233027,
       -0.10191341, -0.35225857, -0.38207481,  0.35376403, -0.26732784,
       -0.04883468,  0.16978635, -0.15519915,  0.21198959,  0.21287429,
       -0.12847831,  0.43134769, -0.24856765,  0.1716385 ,  0.35534733,
        0.28341213,  0.20788292,  0.09354074, -0.11903445, -0.03365505,
        0.03025489,  0.34700962,  0.31631895,  0.12765865, -0.12022152,
       -0.36450074, -0.14880763, -0.04403735, -0.27634769, -0.0645295 ,
        0.04384423,  0.0808786 ,  0.15699949, -0.06971558]) 

Generation: 51 
 - Generation Avg Fit: 225.3112886758912 
 - Best Fitness: 550.7015809012024
 - Best Solution: array([-0.36444481, -0.31971853, -0.26237472, -0.42040323,  0.31786427,
       -0.3169736 ,  0.19005657,  0.33255951,  0.32038413,  0.28590987,
       -0.14599263, -0.18284739,  0.02101615, -0.20542454, -0.23708785,
        0.25385467, -0.46521358, -0.31720512, -0.04064237,  0.15711096,
       -0.1403427 ,  0.10072659, -0.43736939, -0.19365057, -0.45314864,
       -0.14853453,  0.17459737,  0.36830594, -0.3881802 , -0.25233027,
       -0.10191341, -0.35225857, -0.38207481,  0.35376403, -0.26732784,
       -0.04883468,  0.16978635, -0.15519915,  0.21198959,  0.21287429,
       -0.12847831,  0.43134769, -0.24856765,  0.1716385 ,  0.35534733,
        0.28341213,  0.20788292,  0.09354074, -0.11903445, -0.03365505,
        0.03025489,  0.34700962,  0.31631895,  0.12765865, -0.12022152,
       -0.36450074, -0.14880763, -0.04403735, -0.27634769, -0.0645295 ,
        0.04384423,  0.0808786 ,  0.15699949, -0.06971558]) 

Generation: 52 
 - Generation Avg Fit: 237.17967666675554 
 - Best Fitness: 550.7015809012024
 - Best Solution: array([-0.36444481, -0.31971853, -0.26237472, -0.42040323,  0.31786427,
       -0.3169736 ,  0.19005657,  0.33255951,  0.32038413,  0.28590987,
       -0.14599263, -0.18284739,  0.02101615, -0.20542454, -0.23708785,
        0.25385467, -0.46521358, -0.31720512, -0.04064237,  0.15711096,
       -0.1403427 ,  0.10072659, -0.43736939, -0.19365057, -0.45314864,
       -0.14853453,  0.17459737,  0.36830594, -0.3881802 , -0.25233027,
       -0.10191341, -0.35225857, -0.38207481,  0.35376403, -0.26732784,
       -0.04883468,  0.16978635, -0.15519915,  0.21198959,  0.21287429,
       -0.12847831,  0.43134769, -0.24856765,  0.1716385 ,  0.35534733,
        0.28341213,  0.20788292,  0.09354074, -0.11903445, -0.03365505,
        0.03025489,  0.34700962,  0.31631895,  0.12765865, -0.12022152,
       -0.36450074, -0.14880763, -0.04403735, -0.27634769, -0.0645295 ,
        0.04384423,  0.0808786 ,  0.15699949, -0.06971558]) 

Generation: 53 
 - Generation Avg Fit: 228.6771903600893 
 - Best Fitness: 550.7015809012024
 - Best Solution: array([-0.36444481, -0.31971853, -0.26237472, -0.42040323,  0.31786427,
       -0.3169736 ,  0.19005657,  0.33255951,  0.32038413,  0.28590987,
       -0.14599263, -0.18284739,  0.02101615, -0.20542454, -0.23708785,
        0.25385467, -0.46521358, -0.31720512, -0.04064237,  0.15711096,
       -0.1403427 ,  0.10072659, -0.43736939, -0.19365057, -0.45314864,
       -0.14853453,  0.17459737,  0.36830594, -0.3881802 , -0.25233027,
       -0.10191341, -0.35225857, -0.38207481,  0.35376403, -0.26732784,
       -0.04883468,  0.16978635, -0.15519915,  0.21198959,  0.21287429,
       -0.12847831,  0.43134769, -0.24856765,  0.1716385 ,  0.35534733,
        0.28341213,  0.20788292,  0.09354074, -0.11903445, -0.03365505,
        0.03025489,  0.34700962,  0.31631895,  0.12765865, -0.12022152,
       -0.36450074, -0.14880763, -0.04403735, -0.27634769, -0.0645295 ,
        0.04384423,  0.0808786 ,  0.15699949, -0.06971558]) 

Generation: 54 
 - Generation Avg Fit: 238.06782071874466 
 - Best Fitness: 550.7015809012024
 - Best Solution: array([-0.36444481, -0.31971853, -0.26237472, -0.42040323,  0.31786427,
       -0.3169736 ,  0.19005657,  0.33255951,  0.32038413,  0.28590987,
       -0.14599263, -0.18284739,  0.02101615, -0.20542454, -0.23708785,
        0.25385467, -0.46521358, -0.31720512, -0.04064237,  0.15711096,
       -0.1403427 ,  0.10072659, -0.43736939, -0.19365057, -0.45314864,
       -0.14853453,  0.17459737,  0.36830594, -0.3881802 , -0.25233027,
       -0.10191341, -0.35225857, -0.38207481,  0.35376403, -0.26732784,
       -0.04883468,  0.16978635, -0.15519915,  0.21198959,  0.21287429,
       -0.12847831,  0.43134769, -0.24856765,  0.1716385 ,  0.35534733,
        0.28341213,  0.20788292,  0.09354074, -0.11903445, -0.03365505,
        0.03025489,  0.34700962,  0.31631895,  0.12765865, -0.12022152,
       -0.36450074, -0.14880763, -0.04403735, -0.27634769, -0.0645295 ,
        0.04384423,  0.0808786 ,  0.15699949, -0.06971558]) 

Generation: 55 
 - Generation Avg Fit: 233.4407224128684 
 - Best Fitness: 550.7015809012024
 - Best Solution: array([-0.36444481, -0.31971853, -0.26237472, -0.42040323,  0.31786427,
       -0.3169736 ,  0.19005657,  0.33255951,  0.32038413,  0.28590987,
       -0.14599263, -0.18284739,  0.02101615, -0.20542454, -0.23708785,
        0.25385467, -0.46521358, -0.31720512, -0.04064237,  0.15711096,
       -0.1403427 ,  0.10072659, -0.43736939, -0.19365057, -0.45314864,
       -0.14853453,  0.17459737,  0.36830594, -0.3881802 , -0.25233027,
       -0.10191341, -0.35225857, -0.38207481,  0.35376403, -0.26732784,
       -0.04883468,  0.16978635, -0.15519915,  0.21198959,  0.21287429,
       -0.12847831,  0.43134769, -0.24856765,  0.1716385 ,  0.35534733,
        0.28341213,  0.20788292,  0.09354074, -0.11903445, -0.03365505,
        0.03025489,  0.34700962,  0.31631895,  0.12765865, -0.12022152,
       -0.36450074, -0.14880763, -0.04403735, -0.27634769, -0.0645295 ,
        0.04384423,  0.0808786 ,  0.15699949, -0.06971558]) 

Generation: 56 
 - Generation Avg Fit: 234.99044667194374 
 - Best Fitness: 550.7015809012024
 - Best Solution: array([-0.36444481, -0.31971853, -0.26237472, -0.42040323,  0.31786427,
       -0.3169736 ,  0.19005657,  0.33255951,  0.32038413,  0.28590987,
       -0.14599263, -0.18284739,  0.02101615, -0.20542454, -0.23708785,
        0.25385467, -0.46521358, -0.31720512, -0.04064237,  0.15711096,
       -0.1403427 ,  0.10072659, -0.43736939, -0.19365057, -0.45314864,
       -0.14853453,  0.17459737,  0.36830594, -0.3881802 , -0.25233027,
       -0.10191341, -0.35225857, -0.38207481,  0.35376403, -0.26732784,
       -0.04883468,  0.16978635, -0.15519915,  0.21198959,  0.21287429,
       -0.12847831,  0.43134769, -0.24856765,  0.1716385 ,  0.35534733,
        0.28341213,  0.20788292,  0.09354074, -0.11903445, -0.03365505,
        0.03025489,  0.34700962,  0.31631895,  0.12765865, -0.12022152,
       -0.36450074, -0.14880763, -0.04403735, -0.27634769, -0.0645295 ,
        0.04384423,  0.0808786 ,  0.15699949, -0.06971558]) 

Generation: 57 
 - Generation Avg Fit: 238.93420134427845 
 - Best Fitness: 550.7015809012024
 - Best Solution: array([-0.36444481, -0.31971853, -0.26237472, -0.42040323,  0.31786427,
       -0.3169736 ,  0.19005657,  0.33255951,  0.32038413,  0.28590987,
       -0.14599263, -0.18284739,  0.02101615, -0.20542454, -0.23708785,
        0.25385467, -0.46521358, -0.31720512, -0.04064237,  0.15711096,
       -0.1403427 ,  0.10072659, -0.43736939, -0.19365057, -0.45314864,
       -0.14853453,  0.17459737,  0.36830594, -0.3881802 , -0.25233027,
       -0.10191341, -0.35225857, -0.38207481,  0.35376403, -0.26732784,
       -0.04883468,  0.16978635, -0.15519915,  0.21198959,  0.21287429,
       -0.12847831,  0.43134769, -0.24856765,  0.1716385 ,  0.35534733,
        0.28341213,  0.20788292,  0.09354074, -0.11903445, -0.03365505,
        0.03025489,  0.34700962,  0.31631895,  0.12765865, -0.12022152,
       -0.36450074, -0.14880763, -0.04403735, -0.27634769, -0.0645295 ,
        0.04384423,  0.0808786 ,  0.15699949, -0.06971558]) 

Generation: 58 
 - Generation Avg Fit: 241.01293707243937 
 - Best Fitness: 550.7015809012024
 - Best Solution: array([-0.36444481, -0.31971853, -0.26237472, -0.42040323,  0.31786427,
       -0.3169736 ,  0.19005657,  0.33255951,  0.32038413,  0.28590987,
       -0.14599263, -0.18284739,  0.02101615, -0.20542454, -0.23708785,
        0.25385467, -0.46521358, -0.31720512, -0.04064237,  0.15711096,
       -0.1403427 ,  0.10072659, -0.43736939, -0.19365057, -0.45314864,
       -0.14853453,  0.17459737,  0.36830594, -0.3881802 , -0.25233027,
       -0.10191341, -0.35225857, -0.38207481,  0.35376403, -0.26732784,
       -0.04883468,  0.16978635, -0.15519915,  0.21198959,  0.21287429,
       -0.12847831,  0.43134769, -0.24856765,  0.1716385 ,  0.35534733,
        0.28341213,  0.20788292,  0.09354074, -0.11903445, -0.03365505,
        0.03025489,  0.34700962,  0.31631895,  0.12765865, -0.12022152,
       -0.36450074, -0.14880763, -0.04403735, -0.27634769, -0.0645295 ,
        0.04384423,  0.0808786 ,  0.15699949, -0.06971558]) 

Generation: 59 
 - Generation Avg Fit: 236.8052899645705 
 - Best Fitness: 550.7015809012024
 - Best Solution: array([-0.36444481, -0.31971853, -0.26237472, -0.42040323,  0.31786427,
       -0.3169736 ,  0.19005657,  0.33255951,  0.32038413,  0.28590987,
       -0.14599263, -0.18284739,  0.02101615, -0.20542454, -0.23708785,
        0.25385467, -0.46521358, -0.31720512, -0.04064237,  0.15711096,
       -0.1403427 ,  0.10072659, -0.43736939, -0.19365057, -0.45314864,
       -0.14853453,  0.17459737,  0.36830594, -0.3881802 , -0.25233027,
       -0.10191341, -0.35225857, -0.38207481,  0.35376403, -0.26732784,
       -0.04883468,  0.16978635, -0.15519915,  0.21198959,  0.21287429,
       -0.12847831,  0.43134769, -0.24856765,  0.1716385 ,  0.35534733,
        0.28341213,  0.20788292,  0.09354074, -0.11903445, -0.03365505,
        0.03025489,  0.34700962,  0.31631895,  0.12765865, -0.12022152,
       -0.36450074, -0.14880763, -0.04403735, -0.27634769, -0.0645295 ,
        0.04384423,  0.0808786 ,  0.15699949, -0.06971558]) 

Generation: 60 
 - Generation Avg Fit: 242.5270023641619 
 - Best Fitness: 550.7015809012024
 - Best Solution: array([-0.36444481, -0.31971853, -0.26237472, -0.42040323,  0.31786427,
       -0.3169736 ,  0.19005657,  0.33255951,  0.32038413,  0.28590987,
       -0.14599263, -0.18284739,  0.02101615, -0.20542454, -0.23708785,
        0.25385467, -0.46521358, -0.31720512, -0.04064237,  0.15711096,
       -0.1403427 ,  0.10072659, -0.43736939, -0.19365057, -0.45314864,
       -0.14853453,  0.17459737,  0.36830594, -0.3881802 , -0.25233027,
       -0.10191341, -0.35225857, -0.38207481,  0.35376403, -0.26732784,
       -0.04883468,  0.16978635, -0.15519915,  0.21198959,  0.21287429,
       -0.12847831,  0.43134769, -0.24856765,  0.1716385 ,  0.35534733,
        0.28341213,  0.20788292,  0.09354074, -0.11903445, -0.03365505,
        0.03025489,  0.34700962,  0.31631895,  0.12765865, -0.12022152,
       -0.36450074, -0.14880763, -0.04403735, -0.27634769, -0.0645295 ,
        0.04384423,  0.0808786 ,  0.15699949, -0.06971558]) 

Generation: 61 
 - Generation Avg Fit: 233.10772893229944 
 - Best Fitness: 550.7015809012024
 - Best Solution: array([-0.36444481, -0.31971853, -0.26237472, -0.42040323,  0.31786427,
       -0.3169736 ,  0.19005657,  0.33255951,  0.32038413,  0.28590987,
       -0.14599263, -0.18284739,  0.02101615, -0.20542454, -0.23708785,
        0.25385467, -0.46521358, -0.31720512, -0.04064237,  0.15711096,
       -0.1403427 ,  0.10072659, -0.43736939, -0.19365057, -0.45314864,
       -0.14853453,  0.17459737,  0.36830594, -0.3881802 , -0.25233027,
       -0.10191341, -0.35225857, -0.38207481,  0.35376403, -0.26732784,
       -0.04883468,  0.16978635, -0.15519915,  0.21198959,  0.21287429,
       -0.12847831,  0.43134769, -0.24856765,  0.1716385 ,  0.35534733,
        0.28341213,  0.20788292,  0.09354074, -0.11903445, -0.03365505,
        0.03025489,  0.34700962,  0.31631895,  0.12765865, -0.12022152,
       -0.36450074, -0.14880763, -0.04403735, -0.27634769, -0.0645295 ,
        0.04384423,  0.0808786 ,  0.15699949, -0.06971558]) 

Generation: 62 
 - Generation Avg Fit: 240.5096046238719 
 - Best Fitness: 550.7015809012024
 - Best Solution: array([-0.36444481, -0.31971853, -0.26237472, -0.42040323,  0.31786427,
       -0.3169736 ,  0.19005657,  0.33255951,  0.32038413,  0.28590987,
       -0.14599263, -0.18284739,  0.02101615, -0.20542454, -0.23708785,
        0.25385467, -0.46521358, -0.31720512, -0.04064237,  0.15711096,
       -0.1403427 ,  0.10072659, -0.43736939, -0.19365057, -0.45314864,
       -0.14853453,  0.17459737,  0.36830594, -0.3881802 , -0.25233027,
       -0.10191341, -0.35225857, -0.38207481,  0.35376403, -0.26732784,
       -0.04883468,  0.16978635, -0.15519915,  0.21198959,  0.21287429,
       -0.12847831,  0.43134769, -0.24856765,  0.1716385 ,  0.35534733,
        0.28341213,  0.20788292,  0.09354074, -0.11903445, -0.03365505,
        0.03025489,  0.34700962,  0.31631895,  0.12765865, -0.12022152,
       -0.36450074, -0.14880763, -0.04403735, -0.27634769, -0.0645295 ,
        0.04384423,  0.0808786 ,  0.15699949, -0.06971558]) 

Generation: 63 
 - Generation Avg Fit: 232.6750221385311 
 - Best Fitness: 550.7015809012024
 - Best Solution: array([-0.36444481, -0.31971853, -0.26237472, -0.42040323,  0.31786427,
       -0.3169736 ,  0.19005657,  0.33255951,  0.32038413,  0.28590987,
       -0.14599263, -0.18284739,  0.02101615, -0.20542454, -0.23708785,
        0.25385467, -0.46521358, -0.31720512, -0.04064237,  0.15711096,
       -0.1403427 ,  0.10072659, -0.43736939, -0.19365057, -0.45314864,
       -0.14853453,  0.17459737,  0.36830594, -0.3881802 , -0.25233027,
       -0.10191341, -0.35225857, -0.38207481,  0.35376403, -0.26732784,
       -0.04883468,  0.16978635, -0.15519915,  0.21198959,  0.21287429,
       -0.12847831,  0.43134769, -0.24856765,  0.1716385 ,  0.35534733,
        0.28341213,  0.20788292,  0.09354074, -0.11903445, -0.03365505,
        0.03025489,  0.34700962,  0.31631895,  0.12765865, -0.12022152,
       -0.36450074, -0.14880763, -0.04403735, -0.27634769, -0.0645295 ,
        0.04384423,  0.0808786 ,  0.15699949, -0.06971558]) 

Generation: 64 
 - Generation Avg Fit: 242.61568589306597 
 - Best Fitness: 550.7015809012024
 - Best Solution: array([-0.36444481, -0.31971853, -0.26237472, -0.42040323,  0.31786427,
       -0.3169736 ,  0.19005657,  0.33255951,  0.32038413,  0.28590987,
       -0.14599263, -0.18284739,  0.02101615, -0.20542454, -0.23708785,
        0.25385467, -0.46521358, -0.31720512, -0.04064237,  0.15711096,
       -0.1403427 ,  0.10072659, -0.43736939, -0.19365057, -0.45314864,
       -0.14853453,  0.17459737,  0.36830594, -0.3881802 , -0.25233027,
       -0.10191341, -0.35225857, -0.38207481,  0.35376403, -0.26732784,
       -0.04883468,  0.16978635, -0.15519915,  0.21198959,  0.21287429,
       -0.12847831,  0.43134769, -0.24856765,  0.1716385 ,  0.35534733,
        0.28341213,  0.20788292,  0.09354074, -0.11903445, -0.03365505,
        0.03025489,  0.34700962,  0.31631895,  0.12765865, -0.12022152,
       -0.36450074, -0.14880763, -0.04403735, -0.27634769, -0.0645295 ,
        0.04384423,  0.0808786 ,  0.15699949, -0.06971558]) 

Generation: 65 
 - Generation Avg Fit: 244.27373889775276 
 - Best Fitness: 550.7015809012024
 - Best Solution: array([-0.36444481, -0.31971853, -0.26237472, -0.42040323,  0.31786427,
       -0.3169736 ,  0.19005657,  0.33255951,  0.32038413,  0.28590987,
       -0.14599263, -0.18284739,  0.02101615, -0.20542454, -0.23708785,
        0.25385467, -0.46521358, -0.31720512, -0.04064237,  0.15711096,
       -0.1403427 ,  0.10072659, -0.43736939, -0.19365057, -0.45314864,
       -0.14853453,  0.17459737,  0.36830594, -0.3881802 , -0.25233027,
       -0.10191341, -0.35225857, -0.38207481,  0.35376403, -0.26732784,
       -0.04883468,  0.16978635, -0.15519915,  0.21198959,  0.21287429,
       -0.12847831,  0.43134769, -0.24856765,  0.1716385 ,  0.35534733,
        0.28341213,  0.20788292,  0.09354074, -0.11903445, -0.03365505,
        0.03025489,  0.34700962,  0.31631895,  0.12765865, -0.12022152,
       -0.36450074, -0.14880763, -0.04403735, -0.27634769, -0.0645295 ,
        0.04384423,  0.0808786 ,  0.15699949, -0.06971558]) 

Generation: 66 
 - Generation Avg Fit: 231.60134558922852 
 - Best Fitness: 550.7015809012024
 - Best Solution: array([-0.36444481, -0.31971853, -0.26237472, -0.42040323,  0.31786427,
       -0.3169736 ,  0.19005657,  0.33255951,  0.32038413,  0.28590987,
       -0.14599263, -0.18284739,  0.02101615, -0.20542454, -0.23708785,
        0.25385467, -0.46521358, -0.31720512, -0.04064237,  0.15711096,
       -0.1403427 ,  0.10072659, -0.43736939, -0.19365057, -0.45314864,
       -0.14853453,  0.17459737,  0.36830594, -0.3881802 , -0.25233027,
       -0.10191341, -0.35225857, -0.38207481,  0.35376403, -0.26732784,
       -0.04883468,  0.16978635, -0.15519915,  0.21198959,  0.21287429,
       -0.12847831,  0.43134769, -0.24856765,  0.1716385 ,  0.35534733,
        0.28341213,  0.20788292,  0.09354074, -0.11903445, -0.03365505,
        0.03025489,  0.34700962,  0.31631895,  0.12765865, -0.12022152,
       -0.36450074, -0.14880763, -0.04403735, -0.27634769, -0.0645295 ,
        0.04384423,  0.0808786 ,  0.15699949, -0.06971558]) 

Generation: 67 
 - Generation Avg Fit: 249.58445088925316 
 - Best Fitness: 550.7015809012024
 - Best Solution: array([-0.36444481, -0.31971853, -0.26237472, -0.42040323,  0.31786427,
       -0.3169736 ,  0.19005657,  0.33255951,  0.32038413,  0.28590987,
       -0.14599263, -0.18284739,  0.02101615, -0.20542454, -0.23708785,
        0.25385467, -0.46521358, -0.31720512, -0.04064237,  0.15711096,
       -0.1403427 ,  0.10072659, -0.43736939, -0.19365057, -0.45314864,
       -0.14853453,  0.17459737,  0.36830594, -0.3881802 , -0.25233027,
       -0.10191341, -0.35225857, -0.38207481,  0.35376403, -0.26732784,
       -0.04883468,  0.16978635, -0.15519915,  0.21198959,  0.21287429,
       -0.12847831,  0.43134769, -0.24856765,  0.1716385 ,  0.35534733,
        0.28341213,  0.20788292,  0.09354074, -0.11903445, -0.03365505,
        0.03025489,  0.34700962,  0.31631895,  0.12765865, -0.12022152,
       -0.36450074, -0.14880763, -0.04403735, -0.27634769, -0.0645295 ,
        0.04384423,  0.0808786 ,  0.15699949, -0.06971558]) 

Generation: 68 
 - Generation Avg Fit: 239.31179297065944 
 - Best Fitness: 550.7015809012024
 - Best Solution: array([-0.36444481, -0.31971853, -0.26237472, -0.42040323,  0.31786427,
       -0.3169736 ,  0.19005657,  0.33255951,  0.32038413,  0.28590987,
       -0.14599263, -0.18284739,  0.02101615, -0.20542454, -0.23708785,
        0.25385467, -0.46521358, -0.31720512, -0.04064237,  0.15711096,
       -0.1403427 ,  0.10072659, -0.43736939, -0.19365057, -0.45314864,
       -0.14853453,  0.17459737,  0.36830594, -0.3881802 , -0.25233027,
       -0.10191341, -0.35225857, -0.38207481,  0.35376403, -0.26732784,
       -0.04883468,  0.16978635, -0.15519915,  0.21198959,  0.21287429,
       -0.12847831,  0.43134769, -0.24856765,  0.1716385 ,  0.35534733,
        0.28341213,  0.20788292,  0.09354074, -0.11903445, -0.03365505,
        0.03025489,  0.34700962,  0.31631895,  0.12765865, -0.12022152,
       -0.36450074, -0.14880763, -0.04403735, -0.27634769, -0.0645295 ,
        0.04384423,  0.0808786 ,  0.15699949, -0.06971558]) 

Generation: 69 
 - Generation Avg Fit: 244.57476287366882 
 - Best Fitness: 550.7015809012024
 - Best Solution: array([-0.36444481, -0.31971853, -0.26237472, -0.42040323,  0.31786427,
       -0.3169736 ,  0.19005657,  0.33255951,  0.32038413,  0.28590987,
       -0.14599263, -0.18284739,  0.02101615, -0.20542454, -0.23708785,
        0.25385467, -0.46521358, -0.31720512, -0.04064237,  0.15711096,
       -0.1403427 ,  0.10072659, -0.43736939, -0.19365057, -0.45314864,
       -0.14853453,  0.17459737,  0.36830594, -0.3881802 , -0.25233027,
       -0.10191341, -0.35225857, -0.38207481,  0.35376403, -0.26732784,
       -0.04883468,  0.16978635, -0.15519915,  0.21198959,  0.21287429,
       -0.12847831,  0.43134769, -0.24856765,  0.1716385 ,  0.35534733,
        0.28341213,  0.20788292,  0.09354074, -0.11903445, -0.03365505,
        0.03025489,  0.34700962,  0.31631895,  0.12765865, -0.12022152,
       -0.36450074, -0.14880763, -0.04403735, -0.27634769, -0.0645295 ,
        0.04384423,  0.0808786 ,  0.15699949, -0.06971558]) 

Generation: 70 
 - Generation Avg Fit: 241.9747622285939 
 - Best Fitness: 550.7015809012024
 - Best Solution: array([-0.36444481, -0.31971853, -0.26237472, -0.42040323,  0.31786427,
       -0.3169736 ,  0.19005657,  0.33255951,  0.32038413,  0.28590987,
       -0.14599263, -0.18284739,  0.02101615, -0.20542454, -0.23708785,
        0.25385467, -0.46521358, -0.31720512, -0.04064237,  0.15711096,
       -0.1403427 ,  0.10072659, -0.43736939, -0.19365057, -0.45314864,
       -0.14853453,  0.17459737,  0.36830594, -0.3881802 , -0.25233027,
       -0.10191341, -0.35225857, -0.38207481,  0.35376403, -0.26732784,
       -0.04883468,  0.16978635, -0.15519915,  0.21198959,  0.21287429,
       -0.12847831,  0.43134769, -0.24856765,  0.1716385 ,  0.35534733,
        0.28341213,  0.20788292,  0.09354074, -0.11903445, -0.03365505,
        0.03025489,  0.34700962,  0.31631895,  0.12765865, -0.12022152,
       -0.36450074, -0.14880763, -0.04403735, -0.27634769, -0.0645295 ,
        0.04384423,  0.0808786 ,  0.15699949, -0.06971558]) 

Generation: 71 
 - Generation Avg Fit: 249.45295044121903 
 - Best Fitness: 550.7015809012024
 - Best Solution: array([-0.36444481, -0.31971853, -0.26237472, -0.42040323,  0.31786427,
       -0.3169736 ,  0.19005657,  0.33255951,  0.32038413,  0.28590987,
       -0.14599263, -0.18284739,  0.02101615, -0.20542454, -0.23708785,
        0.25385467, -0.46521358, -0.31720512, -0.04064237,  0.15711096,
       -0.1403427 ,  0.10072659, -0.43736939, -0.19365057, -0.45314864,
       -0.14853453,  0.17459737,  0.36830594, -0.3881802 , -0.25233027,
       -0.10191341, -0.35225857, -0.38207481,  0.35376403, -0.26732784,
       -0.04883468,  0.16978635, -0.15519915,  0.21198959,  0.21287429,
       -0.12847831,  0.43134769, -0.24856765,  0.1716385 ,  0.35534733,
        0.28341213,  0.20788292,  0.09354074, -0.11903445, -0.03365505,
        0.03025489,  0.34700962,  0.31631895,  0.12765865, -0.12022152,
       -0.36450074, -0.14880763, -0.04403735, -0.27634769, -0.0645295 ,
        0.04384423,  0.0808786 ,  0.15699949, -0.06971558]) 

Generation: 72 
 - Generation Avg Fit: 240.33341117769916 
 - Best Fitness: 550.7015809012024
 - Best Solution: array([-0.36444481, -0.31971853, -0.26237472, -0.42040323,  0.31786427,
       -0.3169736 ,  0.19005657,  0.33255951,  0.32038413,  0.28590987,
       -0.14599263, -0.18284739,  0.02101615, -0.20542454, -0.23708785,
        0.25385467, -0.46521358, -0.31720512, -0.04064237,  0.15711096,
       -0.1403427 ,  0.10072659, -0.43736939, -0.19365057, -0.45314864,
       -0.14853453,  0.17459737,  0.36830594, -0.3881802 , -0.25233027,
       -0.10191341, -0.35225857, -0.38207481,  0.35376403, -0.26732784,
       -0.04883468,  0.16978635, -0.15519915,  0.21198959,  0.21287429,
       -0.12847831,  0.43134769, -0.24856765,  0.1716385 ,  0.35534733,
        0.28341213,  0.20788292,  0.09354074, -0.11903445, -0.03365505,
        0.03025489,  0.34700962,  0.31631895,  0.12765865, -0.12022152,
       -0.36450074, -0.14880763, -0.04403735, -0.27634769, -0.0645295 ,
        0.04384423,  0.0808786 ,  0.15699949, -0.06971558]) 

Generation: 73 
 - Generation Avg Fit: 234.1615673840133 
 - Best Fitness: 550.7015809012024
 - Best Solution: array([-0.36444481, -0.31971853, -0.26237472, -0.42040323,  0.31786427,
       -0.3169736 ,  0.19005657,  0.33255951,  0.32038413,  0.28590987,
       -0.14599263, -0.18284739,  0.02101615, -0.20542454, -0.23708785,
        0.25385467, -0.46521358, -0.31720512, -0.04064237,  0.15711096,
       -0.1403427 ,  0.10072659, -0.43736939, -0.19365057, -0.45314864,
       -0.14853453,  0.17459737,  0.36830594, -0.3881802 , -0.25233027,
       -0.10191341, -0.35225857, -0.38207481,  0.35376403, -0.26732784,
       -0.04883468,  0.16978635, -0.15519915,  0.21198959,  0.21287429,
       -0.12847831,  0.43134769, -0.24856765,  0.1716385 ,  0.35534733,
        0.28341213,  0.20788292,  0.09354074, -0.11903445, -0.03365505,
        0.03025489,  0.34700962,  0.31631895,  0.12765865, -0.12022152,
       -0.36450074, -0.14880763, -0.04403735, -0.27634769, -0.0645295 ,
        0.04384423,  0.0808786 ,  0.15699949, -0.06971558]) 

Generation: 74 
 - Generation Avg Fit: 244.44030733303515 
 - Best Fitness: 550.7015809012024
 - Best Solution: array([-0.36444481, -0.31971853, -0.26237472, -0.42040323,  0.31786427,
       -0.3169736 ,  0.19005657,  0.33255951,  0.32038413,  0.28590987,
       -0.14599263, -0.18284739,  0.02101615, -0.20542454, -0.23708785,
        0.25385467, -0.46521358, -0.31720512, -0.04064237,  0.15711096,
       -0.1403427 ,  0.10072659, -0.43736939, -0.19365057, -0.45314864,
       -0.14853453,  0.17459737,  0.36830594, -0.3881802 , -0.25233027,
       -0.10191341, -0.35225857, -0.38207481,  0.35376403, -0.26732784,
       -0.04883468,  0.16978635, -0.15519915,  0.21198959,  0.21287429,
       -0.12847831,  0.43134769, -0.24856765,  0.1716385 ,  0.35534733,
        0.28341213,  0.20788292,  0.09354074, -0.11903445, -0.03365505,
        0.03025489,  0.34700962,  0.31631895,  0.12765865, -0.12022152,
       -0.36450074, -0.14880763, -0.04403735, -0.27634769, -0.0645295 ,
        0.04384423,  0.0808786 ,  0.15699949, -0.06971558]) 

Generation: 75 
 - Generation Avg Fit: 251.10862128894823 
 - Best Fitness: 550.7015809012024
 - Best Solution: array([-0.36444481, -0.31971853, -0.26237472, -0.42040323,  0.31786427,
       -0.3169736 ,  0.19005657,  0.33255951,  0.32038413,  0.28590987,
       -0.14599263, -0.18284739,  0.02101615, -0.20542454, -0.23708785,
        0.25385467, -0.46521358, -0.31720512, -0.04064237,  0.15711096,
       -0.1403427 ,  0.10072659, -0.43736939, -0.19365057, -0.45314864,
       -0.14853453,  0.17459737,  0.36830594, -0.3881802 , -0.25233027,
       -0.10191341, -0.35225857, -0.38207481,  0.35376403, -0.26732784,
       -0.04883468,  0.16978635, -0.15519915,  0.21198959,  0.21287429,
       -0.12847831,  0.43134769, -0.24856765,  0.1716385 ,  0.35534733,
        0.28341213,  0.20788292,  0.09354074, -0.11903445, -0.03365505,
        0.03025489,  0.34700962,  0.31631895,  0.12765865, -0.12022152,
       -0.36450074, -0.14880763, -0.04403735, -0.27634769, -0.0645295 ,
        0.04384423,  0.0808786 ,  0.15699949, -0.06971558]) 

Generation: 76 
 - Generation Avg Fit: 249.1077111607166 
 - Best Fitness: 550.7015809012024
 - Best Solution: array([-0.36444481, -0.31971853, -0.26237472, -0.42040323,  0.31786427,
       -0.3169736 ,  0.19005657,  0.33255951,  0.32038413,  0.28590987,
       -0.14599263, -0.18284739,  0.02101615, -0.20542454, -0.23708785,
        0.25385467, -0.46521358, -0.31720512, -0.04064237,  0.15711096,
       -0.1403427 ,  0.10072659, -0.43736939, -0.19365057, -0.45314864,
       -0.14853453,  0.17459737,  0.36830594, -0.3881802 , -0.25233027,
       -0.10191341, -0.35225857, -0.38207481,  0.35376403, -0.26732784,
       -0.04883468,  0.16978635, -0.15519915,  0.21198959,  0.21287429,
       -0.12847831,  0.43134769, -0.24856765,  0.1716385 ,  0.35534733,
        0.28341213,  0.20788292,  0.09354074, -0.11903445, -0.03365505,
        0.03025489,  0.34700962,  0.31631895,  0.12765865, -0.12022152,
       -0.36450074, -0.14880763, -0.04403735, -0.27634769, -0.0645295 ,
        0.04384423,  0.0808786 ,  0.15699949, -0.06971558]) 

Generation: 77 
 - Generation Avg Fit: 244.68372459540115 
 - Best Fitness: 550.7015809012024
 - Best Solution: array([-0.36444481, -0.31971853, -0.26237472, -0.42040323,  0.31786427,
       -0.3169736 ,  0.19005657,  0.33255951,  0.32038413,  0.28590987,
       -0.14599263, -0.18284739,  0.02101615, -0.20542454, -0.23708785,
        0.25385467, -0.46521358, -0.31720512, -0.04064237,  0.15711096,
       -0.1403427 ,  0.10072659, -0.43736939, -0.19365057, -0.45314864,
       -0.14853453,  0.17459737,  0.36830594, -0.3881802 , -0.25233027,
       -0.10191341, -0.35225857, -0.38207481,  0.35376403, -0.26732784,
       -0.04883468,  0.16978635, -0.15519915,  0.21198959,  0.21287429,
       -0.12847831,  0.43134769, -0.24856765,  0.1716385 ,  0.35534733,
        0.28341213,  0.20788292,  0.09354074, -0.11903445, -0.03365505,
        0.03025489,  0.34700962,  0.31631895,  0.12765865, -0.12022152,
       -0.36450074, -0.14880763, -0.04403735, -0.27634769, -0.0645295 ,
        0.04384423,  0.0808786 ,  0.15699949, -0.06971558]) 

Generation: 78 
 - Generation Avg Fit: 248.02471594329378 
 - Best Fitness: 550.7015809012024
 - Best Solution: array([-0.36444481, -0.31971853, -0.26237472, -0.42040323,  0.31786427,
       -0.3169736 ,  0.19005657,  0.33255951,  0.32038413,  0.28590987,
       -0.14599263, -0.18284739,  0.02101615, -0.20542454, -0.23708785,
        0.25385467, -0.46521358, -0.31720512, -0.04064237,  0.15711096,
       -0.1403427 ,  0.10072659, -0.43736939, -0.19365057, -0.45314864,
       -0.14853453,  0.17459737,  0.36830594, -0.3881802 , -0.25233027,
       -0.10191341, -0.35225857, -0.38207481,  0.35376403, -0.26732784,
       -0.04883468,  0.16978635, -0.15519915,  0.21198959,  0.21287429,
       -0.12847831,  0.43134769, -0.24856765,  0.1716385 ,  0.35534733,
        0.28341213,  0.20788292,  0.09354074, -0.11903445, -0.03365505,
        0.03025489,  0.34700962,  0.31631895,  0.12765865, -0.12022152,
       -0.36450074, -0.14880763, -0.04403735, -0.27634769, -0.0645295 ,
        0.04384423,  0.0808786 ,  0.15699949, -0.06971558]) 

Generation: 79 
 - Generation Avg Fit: 243.63123526710007 
 - Best Fitness: 550.7015809012024
 - Best Solution: array([-0.36444481, -0.31971853, -0.26237472, -0.42040323,  0.31786427,
       -0.3169736 ,  0.19005657,  0.33255951,  0.32038413,  0.28590987,
       -0.14599263, -0.18284739,  0.02101615, -0.20542454, -0.23708785,
        0.25385467, -0.46521358, -0.31720512, -0.04064237,  0.15711096,
       -0.1403427 ,  0.10072659, -0.43736939, -0.19365057, -0.45314864,
       -0.14853453,  0.17459737,  0.36830594, -0.3881802 , -0.25233027,
       -0.10191341, -0.35225857, -0.38207481,  0.35376403, -0.26732784,
       -0.04883468,  0.16978635, -0.15519915,  0.21198959,  0.21287429,
       -0.12847831,  0.43134769, -0.24856765,  0.1716385 ,  0.35534733,
        0.28341213,  0.20788292,  0.09354074, -0.11903445, -0.03365505,
        0.03025489,  0.34700962,  0.31631895,  0.12765865, -0.12022152,
       -0.36450074, -0.14880763, -0.04403735, -0.27634769, -0.0645295 ,
        0.04384423,  0.0808786 ,  0.15699949, -0.06971558]) 

Generation: 80 
 - Generation Avg Fit: 247.22479471450802 
 - Best Fitness: 550.7015809012024
 - Best Solution: array([-0.36444481, -0.31971853, -0.26237472, -0.42040323,  0.31786427,
       -0.3169736 ,  0.19005657,  0.33255951,  0.32038413,  0.28590987,
       -0.14599263, -0.18284739,  0.02101615, -0.20542454, -0.23708785,
        0.25385467, -0.46521358, -0.31720512, -0.04064237,  0.15711096,
       -0.1403427 ,  0.10072659, -0.43736939, -0.19365057, -0.45314864,
       -0.14853453,  0.17459737,  0.36830594, -0.3881802 , -0.25233027,
       -0.10191341, -0.35225857, -0.38207481,  0.35376403, -0.26732784,
       -0.04883468,  0.16978635, -0.15519915,  0.21198959,  0.21287429,
       -0.12847831,  0.43134769, -0.24856765,  0.1716385 ,  0.35534733,
        0.28341213,  0.20788292,  0.09354074, -0.11903445, -0.03365505,
        0.03025489,  0.34700962,  0.31631895,  0.12765865, -0.12022152,
       -0.36450074, -0.14880763, -0.04403735, -0.27634769, -0.0645295 ,
        0.04384423,  0.0808786 ,  0.15699949, -0.06971558]) 

Generation: 81 
 - Generation Avg Fit: 252.87725975827038 
 - Best Fitness: 550.7015809012024
 - Best Solution: array([-0.36444481, -0.31971853, -0.26237472, -0.42040323,  0.31786427,
       -0.3169736 ,  0.19005657,  0.33255951,  0.32038413,  0.28590987,
       -0.14599263, -0.18284739,  0.02101615, -0.20542454, -0.23708785,
        0.25385467, -0.46521358, -0.31720512, -0.04064237,  0.15711096,
       -0.1403427 ,  0.10072659, -0.43736939, -0.19365057, -0.45314864,
       -0.14853453,  0.17459737,  0.36830594, -0.3881802 , -0.25233027,
       -0.10191341, -0.35225857, -0.38207481,  0.35376403, -0.26732784,
       -0.04883468,  0.16978635, -0.15519915,  0.21198959,  0.21287429,
       -0.12847831,  0.43134769, -0.24856765,  0.1716385 ,  0.35534733,
        0.28341213,  0.20788292,  0.09354074, -0.11903445, -0.03365505,
        0.03025489,  0.34700962,  0.31631895,  0.12765865, -0.12022152,
       -0.36450074, -0.14880763, -0.04403735, -0.27634769, -0.0645295 ,
        0.04384423,  0.0808786 ,  0.15699949, -0.06971558]) 

Generation: 82 
 - Generation Avg Fit: 261.7610906590256 
 - Best Fitness: 550.7015809012024
 - Best Solution: array([-0.36444481, -0.31971853, -0.26237472, -0.42040323,  0.31786427,
       -0.3169736 ,  0.19005657,  0.33255951,  0.32038413,  0.28590987,
       -0.14599263, -0.18284739,  0.02101615, -0.20542454, -0.23708785,
        0.25385467, -0.46521358, -0.31720512, -0.04064237,  0.15711096,
       -0.1403427 ,  0.10072659, -0.43736939, -0.19365057, -0.45314864,
       -0.14853453,  0.17459737,  0.36830594, -0.3881802 , -0.25233027,
       -0.10191341, -0.35225857, -0.38207481,  0.35376403, -0.26732784,
       -0.04883468,  0.16978635, -0.15519915,  0.21198959,  0.21287429,
       -0.12847831,  0.43134769, -0.24856765,  0.1716385 ,  0.35534733,
        0.28341213,  0.20788292,  0.09354074, -0.11903445, -0.03365505,
        0.03025489,  0.34700962,  0.31631895,  0.12765865, -0.12022152,
       -0.36450074, -0.14880763, -0.04403735, -0.27634769, -0.0645295 ,
        0.04384423,  0.0808786 ,  0.15699949, -0.06971558]) 

Generation: 83 
 - Generation Avg Fit: 239.67179021165686 
 - Best Fitness: 550.7015809012024
 - Best Solution: array([-0.36444481, -0.31971853, -0.26237472, -0.42040323,  0.31786427,
       -0.3169736 ,  0.19005657,  0.33255951,  0.32038413,  0.28590987,
       -0.14599263, -0.18284739,  0.02101615, -0.20542454, -0.23708785,
        0.25385467, -0.46521358, -0.31720512, -0.04064237,  0.15711096,
       -0.1403427 ,  0.10072659, -0.43736939, -0.19365057, -0.45314864,
       -0.14853453,  0.17459737,  0.36830594, -0.3881802 , -0.25233027,
       -0.10191341, -0.35225857, -0.38207481,  0.35376403, -0.26732784,
       -0.04883468,  0.16978635, -0.15519915,  0.21198959,  0.21287429,
       -0.12847831,  0.43134769, -0.24856765,  0.1716385 ,  0.35534733,
        0.28341213,  0.20788292,  0.09354074, -0.11903445, -0.03365505,
        0.03025489,  0.34700962,  0.31631895,  0.12765865, -0.12022152,
       -0.36450074, -0.14880763, -0.04403735, -0.27634769, -0.0645295 ,
        0.04384423,  0.0808786 ,  0.15699949, -0.06971558]) 

Generation: 84 
 - Generation Avg Fit: 247.4763835261987 
 - Best Fitness: 550.7015809012024
 - Best Solution: array([-0.36444481, -0.31971853, -0.26237472, -0.42040323,  0.31786427,
       -0.3169736 ,  0.19005657,  0.33255951,  0.32038413,  0.28590987,
       -0.14599263, -0.18284739,  0.02101615, -0.20542454, -0.23708785,
        0.25385467, -0.46521358, -0.31720512, -0.04064237,  0.15711096,
       -0.1403427 ,  0.10072659, -0.43736939, -0.19365057, -0.45314864,
       -0.14853453,  0.17459737,  0.36830594, -0.3881802 , -0.25233027,
       -0.10191341, -0.35225857, -0.38207481,  0.35376403, -0.26732784,
       -0.04883468,  0.16978635, -0.15519915,  0.21198959,  0.21287429,
       -0.12847831,  0.43134769, -0.24856765,  0.1716385 ,  0.35534733,
        0.28341213,  0.20788292,  0.09354074, -0.11903445, -0.03365505,
        0.03025489,  0.34700962,  0.31631895,  0.12765865, -0.12022152,
       -0.36450074, -0.14880763, -0.04403735, -0.27634769, -0.0645295 ,
        0.04384423,  0.0808786 ,  0.15699949, -0.06971558]) 

Generation: 85 
 - Generation Avg Fit: 246.27252190126217 
 - Best Fitness: 550.7015809012024
 - Best Solution: array([-0.36444481, -0.31971853, -0.26237472, -0.42040323,  0.31786427,
       -0.3169736 ,  0.19005657,  0.33255951,  0.32038413,  0.28590987,
       -0.14599263, -0.18284739,  0.02101615, -0.20542454, -0.23708785,
        0.25385467, -0.46521358, -0.31720512, -0.04064237,  0.15711096,
       -0.1403427 ,  0.10072659, -0.43736939, -0.19365057, -0.45314864,
       -0.14853453,  0.17459737,  0.36830594, -0.3881802 , -0.25233027,
       -0.10191341, -0.35225857, -0.38207481,  0.35376403, -0.26732784,
       -0.04883468,  0.16978635, -0.15519915,  0.21198959,  0.21287429,
       -0.12847831,  0.43134769, -0.24856765,  0.1716385 ,  0.35534733,
        0.28341213,  0.20788292,  0.09354074, -0.11903445, -0.03365505,
        0.03025489,  0.34700962,  0.31631895,  0.12765865, -0.12022152,
       -0.36450074, -0.14880763, -0.04403735, -0.27634769, -0.0645295 ,
        0.04384423,  0.0808786 ,  0.15699949, -0.06971558]) 

Generation: 86 
 - Generation Avg Fit: 264.83040800884277 
 - Best Fitness: 550.7015809012024
 - Best Solution: array([-0.36444481, -0.31971853, -0.26237472, -0.42040323,  0.31786427,
       -0.3169736 ,  0.19005657,  0.33255951,  0.32038413,  0.28590987,
       -0.14599263, -0.18284739,  0.02101615, -0.20542454, -0.23708785,
        0.25385467, -0.46521358, -0.31720512, -0.04064237,  0.15711096,
       -0.1403427 ,  0.10072659, -0.43736939, -0.19365057, -0.45314864,
       -0.14853453,  0.17459737,  0.36830594, -0.3881802 , -0.25233027,
       -0.10191341, -0.35225857, -0.38207481,  0.35376403, -0.26732784,
       -0.04883468,  0.16978635, -0.15519915,  0.21198959,  0.21287429,
       -0.12847831,  0.43134769, -0.24856765,  0.1716385 ,  0.35534733,
        0.28341213,  0.20788292,  0.09354074, -0.11903445, -0.03365505,
        0.03025489,  0.34700962,  0.31631895,  0.12765865, -0.12022152,
       -0.36450074, -0.14880763, -0.04403735, -0.27634769, -0.0645295 ,
        0.04384423,  0.0808786 ,  0.15699949, -0.06971558]) 

Generation: 87 
 - Generation Avg Fit: 247.40497061038934 
 - Best Fitness: 550.7015809012024
 - Best Solution: array([-0.36444481, -0.31971853, -0.26237472, -0.42040323,  0.31786427,
       -0.3169736 ,  0.19005657,  0.33255951,  0.32038413,  0.28590987,
       -0.14599263, -0.18284739,  0.02101615, -0.20542454, -0.23708785,
        0.25385467, -0.46521358, -0.31720512, -0.04064237,  0.15711096,
       -0.1403427 ,  0.10072659, -0.43736939, -0.19365057, -0.45314864,
       -0.14853453,  0.17459737,  0.36830594, -0.3881802 , -0.25233027,
       -0.10191341, -0.35225857, -0.38207481,  0.35376403, -0.26732784,
       -0.04883468,  0.16978635, -0.15519915,  0.21198959,  0.21287429,
       -0.12847831,  0.43134769, -0.24856765,  0.1716385 ,  0.35534733,
        0.28341213,  0.20788292,  0.09354074, -0.11903445, -0.03365505,
        0.03025489,  0.34700962,  0.31631895,  0.12765865, -0.12022152,
       -0.36450074, -0.14880763, -0.04403735, -0.27634769, -0.0645295 ,
        0.04384423,  0.0808786 ,  0.15699949, -0.06971558]) 

Generation: 88 
 - Generation Avg Fit: 242.28989666286168 
 - Best Fitness: 550.7015809012024
 - Best Solution: array([-0.36444481, -0.31971853, -0.26237472, -0.42040323,  0.31786427,
       -0.3169736 ,  0.19005657,  0.33255951,  0.32038413,  0.28590987,
       -0.14599263, -0.18284739,  0.02101615, -0.20542454, -0.23708785,
        0.25385467, -0.46521358, -0.31720512, -0.04064237,  0.15711096,
       -0.1403427 ,  0.10072659, -0.43736939, -0.19365057, -0.45314864,
       -0.14853453,  0.17459737,  0.36830594, -0.3881802 , -0.25233027,
       -0.10191341, -0.35225857, -0.38207481,  0.35376403, -0.26732784,
       -0.04883468,  0.16978635, -0.15519915,  0.21198959,  0.21287429,
       -0.12847831,  0.43134769, -0.24856765,  0.1716385 ,  0.35534733,
        0.28341213,  0.20788292,  0.09354074, -0.11903445, -0.03365505,
        0.03025489,  0.34700962,  0.31631895,  0.12765865, -0.12022152,
       -0.36450074, -0.14880763, -0.04403735, -0.27634769, -0.0645295 ,
        0.04384423,  0.0808786 ,  0.15699949, -0.06971558]) 

Generation: 89 
 - Generation Avg Fit: 257.78971314105206 
 - Best Fitness: 550.7015809012024
 - Best Solution: array([-0.36444481, -0.31971853, -0.26237472, -0.42040323,  0.31786427,
       -0.3169736 ,  0.19005657,  0.33255951,  0.32038413,  0.28590987,
       -0.14599263, -0.18284739,  0.02101615, -0.20542454, -0.23708785,
        0.25385467, -0.46521358, -0.31720512, -0.04064237,  0.15711096,
       -0.1403427 ,  0.10072659, -0.43736939, -0.19365057, -0.45314864,
       -0.14853453,  0.17459737,  0.36830594, -0.3881802 , -0.25233027,
       -0.10191341, -0.35225857, -0.38207481,  0.35376403, -0.26732784,
       -0.04883468,  0.16978635, -0.15519915,  0.21198959,  0.21287429,
       -0.12847831,  0.43134769, -0.24856765,  0.1716385 ,  0.35534733,
        0.28341213,  0.20788292,  0.09354074, -0.11903445, -0.03365505,
        0.03025489,  0.34700962,  0.31631895,  0.12765865, -0.12022152,
       -0.36450074, -0.14880763, -0.04403735, -0.27634769, -0.0645295 ,
        0.04384423,  0.0808786 ,  0.15699949, -0.06971558]) 

Generation: 90 
 - Generation Avg Fit: 250.01430174007447 
 - Best Fitness: 550.7015809012024
 - Best Solution: array([-0.36444481, -0.31971853, -0.26237472, -0.42040323,  0.31786427,
       -0.3169736 ,  0.19005657,  0.33255951,  0.32038413,  0.28590987,
       -0.14599263, -0.18284739,  0.02101615, -0.20542454, -0.23708785,
        0.25385467, -0.46521358, -0.31720512, -0.04064237,  0.15711096,
       -0.1403427 ,  0.10072659, -0.43736939, -0.19365057, -0.45314864,
       -0.14853453,  0.17459737,  0.36830594, -0.3881802 , -0.25233027,
       -0.10191341, -0.35225857, -0.38207481,  0.35376403, -0.26732784,
       -0.04883468,  0.16978635, -0.15519915,  0.21198959,  0.21287429,
       -0.12847831,  0.43134769, -0.24856765,  0.1716385 ,  0.35534733,
        0.28341213,  0.20788292,  0.09354074, -0.11903445, -0.03365505,
        0.03025489,  0.34700962,  0.31631895,  0.12765865, -0.12022152,
       -0.36450074, -0.14880763, -0.04403735, -0.27634769, -0.0645295 ,
        0.04384423,  0.0808786 ,  0.15699949, -0.06971558]) 

Generation: 91 
 - Generation Avg Fit: 249.75279026368466 
 - Best Fitness: 550.7015809012024
 - Best Solution: array([-0.36444481, -0.31971853, -0.26237472, -0.42040323,  0.31786427,
       -0.3169736 ,  0.19005657,  0.33255951,  0.32038413,  0.28590987,
       -0.14599263, -0.18284739,  0.02101615, -0.20542454, -0.23708785,
        0.25385467, -0.46521358, -0.31720512, -0.04064237,  0.15711096,
       -0.1403427 ,  0.10072659, -0.43736939, -0.19365057, -0.45314864,
       -0.14853453,  0.17459737,  0.36830594, -0.3881802 , -0.25233027,
       -0.10191341, -0.35225857, -0.38207481,  0.35376403, -0.26732784,
       -0.04883468,  0.16978635, -0.15519915,  0.21198959,  0.21287429,
       -0.12847831,  0.43134769, -0.24856765,  0.1716385 ,  0.35534733,
        0.28341213,  0.20788292,  0.09354074, -0.11903445, -0.03365505,
        0.03025489,  0.34700962,  0.31631895,  0.12765865, -0.12022152,
       -0.36450074, -0.14880763, -0.04403735, -0.27634769, -0.0645295 ,
        0.04384423,  0.0808786 ,  0.15699949, -0.06971558]) 

Generation: 92 
 - Generation Avg Fit: 258.4164150577683 
 - Best Fitness: 550.7015809012024
 - Best Solution: array([-0.36444481, -0.31971853, -0.26237472, -0.42040323,  0.31786427,
       -0.3169736 ,  0.19005657,  0.33255951,  0.32038413,  0.28590987,
       -0.14599263, -0.18284739,  0.02101615, -0.20542454, -0.23708785,
        0.25385467, -0.46521358, -0.31720512, -0.04064237,  0.15711096,
       -0.1403427 ,  0.10072659, -0.43736939, -0.19365057, -0.45314864,
       -0.14853453,  0.17459737,  0.36830594, -0.3881802 , -0.25233027,
       -0.10191341, -0.35225857, -0.38207481,  0.35376403, -0.26732784,
       -0.04883468,  0.16978635, -0.15519915,  0.21198959,  0.21287429,
       -0.12847831,  0.43134769, -0.24856765,  0.1716385 ,  0.35534733,
        0.28341213,  0.20788292,  0.09354074, -0.11903445, -0.03365505,
        0.03025489,  0.34700962,  0.31631895,  0.12765865, -0.12022152,
       -0.36450074, -0.14880763, -0.04403735, -0.27634769, -0.0645295 ,
        0.04384423,  0.0808786 ,  0.15699949, -0.06971558]) 

Generation: 93 
 - Generation Avg Fit: 247.34763263098958 
 - Best Fitness: 550.7015809012024
 - Best Solution: array([-0.36444481, -0.31971853, -0.26237472, -0.42040323,  0.31786427,
       -0.3169736 ,  0.19005657,  0.33255951,  0.32038413,  0.28590987,
       -0.14599263, -0.18284739,  0.02101615, -0.20542454, -0.23708785,
        0.25385467, -0.46521358, -0.31720512, -0.04064237,  0.15711096,
       -0.1403427 ,  0.10072659, -0.43736939, -0.19365057, -0.45314864,
       -0.14853453,  0.17459737,  0.36830594, -0.3881802 , -0.25233027,
       -0.10191341, -0.35225857, -0.38207481,  0.35376403, -0.26732784,
       -0.04883468,  0.16978635, -0.15519915,  0.21198959,  0.21287429,
       -0.12847831,  0.43134769, -0.24856765,  0.1716385 ,  0.35534733,
        0.28341213,  0.20788292,  0.09354074, -0.11903445, -0.03365505,
        0.03025489,  0.34700962,  0.31631895,  0.12765865, -0.12022152,
       -0.36450074, -0.14880763, -0.04403735, -0.27634769, -0.0645295 ,
        0.04384423,  0.0808786 ,  0.15699949, -0.06971558]) 

Generation: 94 
 - Generation Avg Fit: 259.09683618604953 
 - Best Fitness: 550.7015809012024
 - Best Solution: array([-0.36444481, -0.31971853, -0.26237472, -0.42040323,  0.31786427,
       -0.3169736 ,  0.19005657,  0.33255951,  0.32038413,  0.28590987,
       -0.14599263, -0.18284739,  0.02101615, -0.20542454, -0.23708785,
        0.25385467, -0.46521358, -0.31720512, -0.04064237,  0.15711096,
       -0.1403427 ,  0.10072659, -0.43736939, -0.19365057, -0.45314864,
       -0.14853453,  0.17459737,  0.36830594, -0.3881802 , -0.25233027,
       -0.10191341, -0.35225857, -0.38207481,  0.35376403, -0.26732784,
       -0.04883468,  0.16978635, -0.15519915,  0.21198959,  0.21287429,
       -0.12847831,  0.43134769, -0.24856765,  0.1716385 ,  0.35534733,
        0.28341213,  0.20788292,  0.09354074, -0.11903445, -0.03365505,
        0.03025489,  0.34700962,  0.31631895,  0.12765865, -0.12022152,
       -0.36450074, -0.14880763, -0.04403735, -0.27634769, -0.0645295 ,
        0.04384423,  0.0808786 ,  0.15699949, -0.06971558]) 

Generation: 95 
 - Generation Avg Fit: 250.80704158107181 
 - Best Fitness: 550.7015809012024
 - Best Solution: array([-0.36444481, -0.31971853, -0.26237472, -0.42040323,  0.31786427,
       -0.3169736 ,  0.19005657,  0.33255951,  0.32038413,  0.28590987,
       -0.14599263, -0.18284739,  0.02101615, -0.20542454, -0.23708785,
        0.25385467, -0.46521358, -0.31720512, -0.04064237,  0.15711096,
       -0.1403427 ,  0.10072659, -0.43736939, -0.19365057, -0.45314864,
       -0.14853453,  0.17459737,  0.36830594, -0.3881802 , -0.25233027,
       -0.10191341, -0.35225857, -0.38207481,  0.35376403, -0.26732784,
       -0.04883468,  0.16978635, -0.15519915,  0.21198959,  0.21287429,
       -0.12847831,  0.43134769, -0.24856765,  0.1716385 ,  0.35534733,
        0.28341213,  0.20788292,  0.09354074, -0.11903445, -0.03365505,
        0.03025489,  0.34700962,  0.31631895,  0.12765865, -0.12022152,
       -0.36450074, -0.14880763, -0.04403735, -0.27634769, -0.0645295 ,
        0.04384423,  0.0808786 ,  0.15699949, -0.06971558]) 

Generation: 96 
 - Generation Avg Fit: 260.12405547818145 
 - Best Fitness: 550.7015809012024
 - Best Solution: array([-0.36444481, -0.31971853, -0.26237472, -0.42040323,  0.31786427,
       -0.3169736 ,  0.19005657,  0.33255951,  0.32038413,  0.28590987,
       -0.14599263, -0.18284739,  0.02101615, -0.20542454, -0.23708785,
        0.25385467, -0.46521358, -0.31720512, -0.04064237,  0.15711096,
       -0.1403427 ,  0.10072659, -0.43736939, -0.19365057, -0.45314864,
       -0.14853453,  0.17459737,  0.36830594, -0.3881802 , -0.25233027,
       -0.10191341, -0.35225857, -0.38207481,  0.35376403, -0.26732784,
       -0.04883468,  0.16978635, -0.15519915,  0.21198959,  0.21287429,
       -0.12847831,  0.43134769, -0.24856765,  0.1716385 ,  0.35534733,
        0.28341213,  0.20788292,  0.09354074, -0.11903445, -0.03365505,
        0.03025489,  0.34700962,  0.31631895,  0.12765865, -0.12022152,
       -0.36450074, -0.14880763, -0.04403735, -0.27634769, -0.0645295 ,
        0.04384423,  0.0808786 ,  0.15699949, -0.06971558]) 

Generation: 97 
 - Generation Avg Fit: 259.2219976110812 
 - Best Fitness: 550.7015809012024
 - Best Solution: array([-0.36444481, -0.31971853, -0.26237472, -0.42040323,  0.31786427,
       -0.3169736 ,  0.19005657,  0.33255951,  0.32038413,  0.28590987,
       -0.14599263, -0.18284739,  0.02101615, -0.20542454, -0.23708785,
        0.25385467, -0.46521358, -0.31720512, -0.04064237,  0.15711096,
       -0.1403427 ,  0.10072659, -0.43736939, -0.19365057, -0.45314864,
       -0.14853453,  0.17459737,  0.36830594, -0.3881802 , -0.25233027,
       -0.10191341, -0.35225857, -0.38207481,  0.35376403, -0.26732784,
       -0.04883468,  0.16978635, -0.15519915,  0.21198959,  0.21287429,
       -0.12847831,  0.43134769, -0.24856765,  0.1716385 ,  0.35534733,
        0.28341213,  0.20788292,  0.09354074, -0.11903445, -0.03365505,
        0.03025489,  0.34700962,  0.31631895,  0.12765865, -0.12022152,
       -0.36450074, -0.14880763, -0.04403735, -0.27634769, -0.0645295 ,
        0.04384423,  0.0808786 ,  0.15699949, -0.06971558]) 

Generation: 98 
 - Generation Avg Fit: 262.1997721165293 
 - Best Fitness: 550.7015809012024
 - Best Solution: array([-0.36444481, -0.31971853, -0.26237472, -0.42040323,  0.31786427,
       -0.3169736 ,  0.19005657,  0.33255951,  0.32038413,  0.28590987,
       -0.14599263, -0.18284739,  0.02101615, -0.20542454, -0.23708785,
        0.25385467, -0.46521358, -0.31720512, -0.04064237,  0.15711096,
       -0.1403427 ,  0.10072659, -0.43736939, -0.19365057, -0.45314864,
       -0.14853453,  0.17459737,  0.36830594, -0.3881802 , -0.25233027,
       -0.10191341, -0.35225857, -0.38207481,  0.35376403, -0.26732784,
       -0.04883468,  0.16978635, -0.15519915,  0.21198959,  0.21287429,
       -0.12847831,  0.43134769, -0.24856765,  0.1716385 ,  0.35534733,
        0.28341213,  0.20788292,  0.09354074, -0.11903445, -0.03365505,
        0.03025489,  0.34700962,  0.31631895,  0.12765865, -0.12022152,
       -0.36450074, -0.14880763, -0.04403735, -0.27634769, -0.0645295 ,
        0.04384423,  0.0808786 ,  0.15699949, -0.06971558]) 

Generation: 99 
 - Generation Avg Fit: 251.7486823961312 
 - Best Fitness: 550.7015809012024
 - Best Solution: array([-0.36444481, -0.31971853, -0.26237472, -0.42040323,  0.31786427,
       -0.3169736 ,  0.19005657,  0.33255951,  0.32038413,  0.28590987,
       -0.14599263, -0.18284739,  0.02101615, -0.20542454, -0.23708785,
        0.25385467, -0.46521358, -0.31720512, -0.04064237,  0.15711096,
       -0.1403427 ,  0.10072659, -0.43736939, -0.19365057, -0.45314864,
       -0.14853453,  0.17459737,  0.36830594, -0.3881802 , -0.25233027,
       -0.10191341, -0.35225857, -0.38207481,  0.35376403, -0.26732784,
       -0.04883468,  0.16978635, -0.15519915,  0.21198959,  0.21287429,
       -0.12847831,  0.43134769, -0.24856765,  0.1716385 ,  0.35534733,
        0.28341213,  0.20788292,  0.09354074, -0.11903445, -0.03365505,
        0.03025489,  0.34700962,  0.31631895,  0.12765865, -0.12022152,
       -0.36450074, -0.14880763, -0.04403735, -0.27634769, -0.0645295 ,
        0.04384423,  0.0808786 ,  0.15699949, -0.06971558]) 

Generation: 100 
 - Generation Avg Fit: 255.01808827727822 
 - Best Fitness: 550.7015809012024
 - Best Solution: array([-0.36444481, -0.31971853, -0.26237472, -0.42040323,  0.31786427,
       -0.3169736 ,  0.19005657,  0.33255951,  0.32038413,  0.28590987,
       -0.14599263, -0.18284739,  0.02101615, -0.20542454, -0.23708785,
        0.25385467, -0.46521358, -0.31720512, -0.04064237,  0.15711096,
       -0.1403427 ,  0.10072659, -0.43736939, -0.19365057, -0.45314864,
       -0.14853453,  0.17459737,  0.36830594, -0.3881802 , -0.25233027,
       -0.10191341, -0.35225857, -0.38207481,  0.35376403, -0.26732784,
       -0.04883468,  0.16978635, -0.15519915,  0.21198959,  0.21287429,
       -0.12847831,  0.43134769, -0.24856765,  0.1716385 ,  0.35534733,
        0.28341213,  0.20788292,  0.09354074, -0.11903445, -0.03365505,
        0.03025489,  0.34700962,  0.31631895,  0.12765865, -0.12022152,
       -0.36450074, -0.14880763, -0.04403735, -0.27634769, -0.0645295 ,
        0.04384423,  0.0808786 ,  0.15699949, -0.06971558]) 
