
-------------------------------------------------------------------------------------------------------
                                --- Method Parameters ---                                            
-------------------------------------------------------------------------------------------------------

method: PyGAD, entity: hydrostat_reservoir, volume: 10, sim_duration: 100, fitness_func: pygad_fitness, pop_size: 200, gen_size: 100, weight_search: 0.5, 

-------------------------------------------------------------------------------------------------------
                                --- Pygad  Parameters ---                                            
-------------------------------------------------------------------------------------------------------

parent_selection_type: rank, parents mating: 100, keep parents: 100, crossover type: uniform, 
mutation type: random, mutation prob: 0.5, mutation_max_val: 0.01, mutation_min_val: -0.01, 

=======================================================================================================


Generation: 1 
 - Generation Avg Fit: 94.19193283347978 
 - Best Fitness: 359.1282057701711
 - Best Solution: array([ 0.18578077, -0.46646482,  0.21037355, -0.13067433,  0.06476705,
       -0.28604496,  0.14618434,  0.48989889, -0.0139295 ,  0.4248712 ,
       -0.41612255,  0.26743584,  0.10081015, -0.33622618, -0.26708111,
        0.30933885, -0.25527751, -0.10993337, -0.18030916,  0.49597696,
        0.32967663, -0.00549194,  0.10854003, -0.41858765,  0.04094486,
       -0.17316424,  0.20411727, -0.48848892,  0.44750156, -0.38771474,
       -0.31263913, -0.27588194,  0.38517923,  0.48704175,  0.23112393,
       -0.06863558,  0.42518478, -0.38259313, -0.18998148,  0.30572652,
       -0.14173491,  0.0201764 ,  0.11784821, -0.12174897,  0.17690361,
       -0.05400465, -0.20054109,  0.13912748,  0.377041  ,  0.20194169,
       -0.09947241, -0.11077811,  0.23800811,  0.49131589,  0.45179474,
        0.29497459,  0.12576178, -0.32522649, -0.34859232,  0.0785847 ,
        0.48042283, -0.02930081, -0.26015782, -0.06613936]) 

Generation: 2 
 - Generation Avg Fit: 115.93466997751773 
 - Best Fitness: 407.1867511725
 - Best Solution: array([-0.25560764, -0.00354025, -0.43473143, -0.40153975,  0.34535164,
       -0.37611218,  0.0421373 ,  0.4945952 , -0.334183  , -0.14526657,
       -0.21041039, -0.09829578,  0.13054406, -0.01332353, -0.41526663,
       -0.00673279, -0.25971479,  0.40690396,  0.27630695,  0.16567317,
       -0.3508313 , -0.27281696,  0.13033329, -0.00155151, -0.41202148,
        0.06885722,  0.10241494,  0.15873762, -0.16920028,  0.2177448 ,
        0.05957736, -0.44804813,  0.04774516,  0.20533773, -0.12947384,
        0.47498248,  0.46117492,  0.42786003,  0.15278567, -0.42500492,
       -0.43290281, -0.23941466,  0.32467023,  0.0910038 ,  0.07366594,
       -0.27177822, -0.27461923, -0.18294956, -0.48350379, -0.13488075,
        0.03564055,  0.15441143, -0.40524459, -0.20552427,  0.38883255,
        0.24302561, -0.42342925, -0.21242238,  0.41272821,  0.45082291,
        0.19694926, -0.34946832, -0.15848093, -0.21793396]) 

Generation: 3 
 - Generation Avg Fit: 146.52499267040312 
 - Best Fitness: 407.1867511725
 - Best Solution: array([-0.25560764, -0.00354025, -0.43473143, -0.40153975,  0.34535164,
       -0.37611218,  0.0421373 ,  0.4945952 , -0.334183  , -0.14526657,
       -0.21041039, -0.09829578,  0.13054406, -0.01332353, -0.41526663,
       -0.00673279, -0.25971479,  0.40690396,  0.27630695,  0.16567317,
       -0.3508313 , -0.27281696,  0.13033329, -0.00155151, -0.41202148,
        0.06885722,  0.10241494,  0.15873762, -0.16920028,  0.2177448 ,
        0.05957736, -0.44804813,  0.04774516,  0.20533773, -0.12947384,
        0.47498248,  0.46117492,  0.42786003,  0.15278567, -0.42500492,
       -0.43290281, -0.23941466,  0.32467023,  0.0910038 ,  0.07366594,
       -0.27177822, -0.27461923, -0.18294956, -0.48350379, -0.13488075,
        0.03564055,  0.15441143, -0.40524459, -0.20552427,  0.38883255,
        0.24302561, -0.42342925, -0.21242238,  0.41272821,  0.45082291,
        0.19694926, -0.34946832, -0.15848093, -0.21793396]) 

Generation: 4 
 - Generation Avg Fit: 147.35935406871576 
 - Best Fitness: 407.1867511725
 - Best Solution: array([-0.25560764, -0.00354025, -0.43473143, -0.40153975,  0.34535164,
       -0.37611218,  0.0421373 ,  0.4945952 , -0.334183  , -0.14526657,
       -0.21041039, -0.09829578,  0.13054406, -0.01332353, -0.41526663,
       -0.00673279, -0.25971479,  0.40690396,  0.27630695,  0.16567317,
       -0.3508313 , -0.27281696,  0.13033329, -0.00155151, -0.41202148,
        0.06885722,  0.10241494,  0.15873762, -0.16920028,  0.2177448 ,
        0.05957736, -0.44804813,  0.04774516,  0.20533773, -0.12947384,
        0.47498248,  0.46117492,  0.42786003,  0.15278567, -0.42500492,
       -0.43290281, -0.23941466,  0.32467023,  0.0910038 ,  0.07366594,
       -0.27177822, -0.27461923, -0.18294956, -0.48350379, -0.13488075,
        0.03564055,  0.15441143, -0.40524459, -0.20552427,  0.38883255,
        0.24302561, -0.42342925, -0.21242238,  0.41272821,  0.45082291,
        0.19694926, -0.34946832, -0.15848093, -0.21793396]) 

Generation: 5 
 - Generation Avg Fit: 160.34060260717845 
 - Best Fitness: 407.1867511725
 - Best Solution: array([-0.25560764, -0.00354025, -0.43473143, -0.40153975,  0.34535164,
       -0.37611218,  0.0421373 ,  0.4945952 , -0.334183  , -0.14526657,
       -0.21041039, -0.09829578,  0.13054406, -0.01332353, -0.41526663,
       -0.00673279, -0.25971479,  0.40690396,  0.27630695,  0.16567317,
       -0.3508313 , -0.27281696,  0.13033329, -0.00155151, -0.41202148,
        0.06885722,  0.10241494,  0.15873762, -0.16920028,  0.2177448 ,
        0.05957736, -0.44804813,  0.04774516,  0.20533773, -0.12947384,
        0.47498248,  0.46117492,  0.42786003,  0.15278567, -0.42500492,
       -0.43290281, -0.23941466,  0.32467023,  0.0910038 ,  0.07366594,
       -0.27177822, -0.27461923, -0.18294956, -0.48350379, -0.13488075,
        0.03564055,  0.15441143, -0.40524459, -0.20552427,  0.38883255,
        0.24302561, -0.42342925, -0.21242238,  0.41272821,  0.45082291,
        0.19694926, -0.34946832, -0.15848093, -0.21793396]) 

Generation: 6 
 - Generation Avg Fit: 156.61441933131192 
 - Best Fitness: 407.1867511725
 - Best Solution: array([-0.25560764, -0.00354025, -0.43473143, -0.40153975,  0.34535164,
       -0.37611218,  0.0421373 ,  0.4945952 , -0.334183  , -0.14526657,
       -0.21041039, -0.09829578,  0.13054406, -0.01332353, -0.41526663,
       -0.00673279, -0.25971479,  0.40690396,  0.27630695,  0.16567317,
       -0.3508313 , -0.27281696,  0.13033329, -0.00155151, -0.41202148,
        0.06885722,  0.10241494,  0.15873762, -0.16920028,  0.2177448 ,
        0.05957736, -0.44804813,  0.04774516,  0.20533773, -0.12947384,
        0.47498248,  0.46117492,  0.42786003,  0.15278567, -0.42500492,
       -0.43290281, -0.23941466,  0.32467023,  0.0910038 ,  0.07366594,
       -0.27177822, -0.27461923, -0.18294956, -0.48350379, -0.13488075,
        0.03564055,  0.15441143, -0.40524459, -0.20552427,  0.38883255,
        0.24302561, -0.42342925, -0.21242238,  0.41272821,  0.45082291,
        0.19694926, -0.34946832, -0.15848093, -0.21793396]) 

Generation: 7 
 - Generation Avg Fit: 169.44682365014378 
 - Best Fitness: 407.1867511725
 - Best Solution: array([-0.25560764, -0.00354025, -0.43473143, -0.40153975,  0.34535164,
       -0.37611218,  0.0421373 ,  0.4945952 , -0.334183  , -0.14526657,
       -0.21041039, -0.09829578,  0.13054406, -0.01332353, -0.41526663,
       -0.00673279, -0.25971479,  0.40690396,  0.27630695,  0.16567317,
       -0.3508313 , -0.27281696,  0.13033329, -0.00155151, -0.41202148,
        0.06885722,  0.10241494,  0.15873762, -0.16920028,  0.2177448 ,
        0.05957736, -0.44804813,  0.04774516,  0.20533773, -0.12947384,
        0.47498248,  0.46117492,  0.42786003,  0.15278567, -0.42500492,
       -0.43290281, -0.23941466,  0.32467023,  0.0910038 ,  0.07366594,
       -0.27177822, -0.27461923, -0.18294956, -0.48350379, -0.13488075,
        0.03564055,  0.15441143, -0.40524459, -0.20552427,  0.38883255,
        0.24302561, -0.42342925, -0.21242238,  0.41272821,  0.45082291,
        0.19694926, -0.34946832, -0.15848093, -0.21793396]) 

Generation: 8 
 - Generation Avg Fit: 172.7358776595549 
 - Best Fitness: 407.1867511725
 - Best Solution: array([-0.25560764, -0.00354025, -0.43473143, -0.40153975,  0.34535164,
       -0.37611218,  0.0421373 ,  0.4945952 , -0.334183  , -0.14526657,
       -0.21041039, -0.09829578,  0.13054406, -0.01332353, -0.41526663,
       -0.00673279, -0.25971479,  0.40690396,  0.27630695,  0.16567317,
       -0.3508313 , -0.27281696,  0.13033329, -0.00155151, -0.41202148,
        0.06885722,  0.10241494,  0.15873762, -0.16920028,  0.2177448 ,
        0.05957736, -0.44804813,  0.04774516,  0.20533773, -0.12947384,
        0.47498248,  0.46117492,  0.42786003,  0.15278567, -0.42500492,
       -0.43290281, -0.23941466,  0.32467023,  0.0910038 ,  0.07366594,
       -0.27177822, -0.27461923, -0.18294956, -0.48350379, -0.13488075,
        0.03564055,  0.15441143, -0.40524459, -0.20552427,  0.38883255,
        0.24302561, -0.42342925, -0.21242238,  0.41272821,  0.45082291,
        0.19694926, -0.34946832, -0.15848093, -0.21793396]) 

Generation: 9 
 - Generation Avg Fit: 173.67138122872413 
 - Best Fitness: 407.1867511725
 - Best Solution: array([-0.25560764, -0.00354025, -0.43473143, -0.40153975,  0.34535164,
       -0.37611218,  0.0421373 ,  0.4945952 , -0.334183  , -0.14526657,
       -0.21041039, -0.09829578,  0.13054406, -0.01332353, -0.41526663,
       -0.00673279, -0.25971479,  0.40690396,  0.27630695,  0.16567317,
       -0.3508313 , -0.27281696,  0.13033329, -0.00155151, -0.41202148,
        0.06885722,  0.10241494,  0.15873762, -0.16920028,  0.2177448 ,
        0.05957736, -0.44804813,  0.04774516,  0.20533773, -0.12947384,
        0.47498248,  0.46117492,  0.42786003,  0.15278567, -0.42500492,
       -0.43290281, -0.23941466,  0.32467023,  0.0910038 ,  0.07366594,
       -0.27177822, -0.27461923, -0.18294956, -0.48350379, -0.13488075,
        0.03564055,  0.15441143, -0.40524459, -0.20552427,  0.38883255,
        0.24302561, -0.42342925, -0.21242238,  0.41272821,  0.45082291,
        0.19694926, -0.34946832, -0.15848093, -0.21793396]) 

Generation: 10 
 - Generation Avg Fit: 176.1704549999666 
 - Best Fitness: 407.1867511725
 - Best Solution: array([-0.25560764, -0.00354025, -0.43473143, -0.40153975,  0.34535164,
       -0.37611218,  0.0421373 ,  0.4945952 , -0.334183  , -0.14526657,
       -0.21041039, -0.09829578,  0.13054406, -0.01332353, -0.41526663,
       -0.00673279, -0.25971479,  0.40690396,  0.27630695,  0.16567317,
       -0.3508313 , -0.27281696,  0.13033329, -0.00155151, -0.41202148,
        0.06885722,  0.10241494,  0.15873762, -0.16920028,  0.2177448 ,
        0.05957736, -0.44804813,  0.04774516,  0.20533773, -0.12947384,
        0.47498248,  0.46117492,  0.42786003,  0.15278567, -0.42500492,
       -0.43290281, -0.23941466,  0.32467023,  0.0910038 ,  0.07366594,
       -0.27177822, -0.27461923, -0.18294956, -0.48350379, -0.13488075,
        0.03564055,  0.15441143, -0.40524459, -0.20552427,  0.38883255,
        0.24302561, -0.42342925, -0.21242238,  0.41272821,  0.45082291,
        0.19694926, -0.34946832, -0.15848093, -0.21793396]) 

Generation: 11 
 - Generation Avg Fit: 174.3877835091294 
 - Best Fitness: 407.1867511725
 - Best Solution: array([-0.25560764, -0.00354025, -0.43473143, -0.40153975,  0.34535164,
       -0.37611218,  0.0421373 ,  0.4945952 , -0.334183  , -0.14526657,
       -0.21041039, -0.09829578,  0.13054406, -0.01332353, -0.41526663,
       -0.00673279, -0.25971479,  0.40690396,  0.27630695,  0.16567317,
       -0.3508313 , -0.27281696,  0.13033329, -0.00155151, -0.41202148,
        0.06885722,  0.10241494,  0.15873762, -0.16920028,  0.2177448 ,
        0.05957736, -0.44804813,  0.04774516,  0.20533773, -0.12947384,
        0.47498248,  0.46117492,  0.42786003,  0.15278567, -0.42500492,
       -0.43290281, -0.23941466,  0.32467023,  0.0910038 ,  0.07366594,
       -0.27177822, -0.27461923, -0.18294956, -0.48350379, -0.13488075,
        0.03564055,  0.15441143, -0.40524459, -0.20552427,  0.38883255,
        0.24302561, -0.42342925, -0.21242238,  0.41272821,  0.45082291,
        0.19694926, -0.34946832, -0.15848093, -0.21793396]) 

Generation: 12 
 - Generation Avg Fit: 180.3965302152667 
 - Best Fitness: 440.7481817973079
 - Best Solution: array([-0.08697997, -0.41045263, -0.04476895,  0.2072054 , -0.49163991,
       -0.07558229,  0.1945161 ,  0.25278069,  0.48459617, -0.07663716,
       -0.40767611, -0.12039872, -0.33360997,  0.34496244,  0.34798395,
       -0.44275357, -0.20934238, -0.2274457 , -0.24836538, -0.39086585,
       -0.00756594,  0.00613918,  0.2094515 ,  0.37815901,  0.48241975,
        0.24408369, -0.00809564,  0.31741003, -0.2524516 , -0.29346209,
       -0.00688274,  0.4462506 , -0.02265034,  0.32274258,  0.24727827,
       -0.1124438 ,  0.1294477 , -0.3523985 ,  0.25759383, -0.47740002,
        0.4346596 ,  0.47058123, -0.26631923,  0.00691947, -0.17315324,
       -0.08835956,  0.45461689, -0.22085839,  0.45777639,  0.03122278,
        0.01940632,  0.38630827,  0.41752115, -0.18225276,  0.2008232 ,
        0.17304147, -0.20467105,  0.07089109, -0.35821919, -0.2146893 ,
       -0.03918132,  0.11895128,  0.35621522,  0.44910965]) 

Generation: 13 
 - Generation Avg Fit: 175.1710586899375 
 - Best Fitness: 440.7481817973079
 - Best Solution: array([-0.25560764, -0.00354025, -0.43473143, -0.40153975,  0.34535164,
       -0.37611218,  0.0421373 ,  0.4945952 , -0.334183  , -0.14526657,
       -0.21041039, -0.09829578,  0.13054406, -0.01332353, -0.41526663,
       -0.00673279, -0.25971479,  0.40690396,  0.27630695,  0.16567317,
       -0.3508313 , -0.27281696,  0.13033329, -0.00155151, -0.41202148,
        0.06885722,  0.10241494,  0.15873762, -0.16920028,  0.2177448 ,
        0.05957736, -0.44804813,  0.04774516,  0.20533773, -0.12947384,
        0.47498248,  0.46117492,  0.42786003,  0.15278567, -0.42500492,
       -0.43290281, -0.23941466,  0.32467023,  0.0910038 ,  0.07366594,
       -0.27177822, -0.27461923, -0.18294956, -0.48350379, -0.13488075,
        0.03564055,  0.15441143, -0.40524459, -0.20552427,  0.38883255,
        0.24302561, -0.42342925, -0.21242238,  0.41272821,  0.45082291,
        0.19694926, -0.34946832, -0.15848093, -0.21793396]) 

Generation: 14 
 - Generation Avg Fit: 185.0511106856781 
 - Best Fitness: 440.7481817973079
 - Best Solution: array([-0.08697997, -0.41045263, -0.04476895,  0.2072054 , -0.49163991,
       -0.07558229,  0.1945161 ,  0.25278069,  0.48459617, -0.07663716,
       -0.40767611, -0.12039872, -0.33360997,  0.34496244,  0.34798395,
       -0.44275357, -0.20934238, -0.2274457 , -0.24836538, -0.39086585,
       -0.00756594,  0.00613918,  0.2094515 ,  0.37815901,  0.48241975,
        0.24408369, -0.00809564,  0.31741003, -0.2524516 , -0.29346209,
       -0.00688274,  0.4462506 , -0.02265034,  0.32274258,  0.24727827,
       -0.1124438 ,  0.1294477 , -0.3523985 ,  0.25759383, -0.47740002,
        0.4346596 ,  0.47058123, -0.26631923,  0.00691947, -0.17315324,
       -0.08835956,  0.45461689, -0.22085839,  0.45777639,  0.03122278,
        0.01940632,  0.38630827,  0.41752115, -0.18225276,  0.2008232 ,
        0.17304147, -0.20467105,  0.07089109, -0.35821919, -0.2146893 ,
       -0.03918132,  0.11895128,  0.35621522,  0.44910965]) 

Generation: 15 
 - Generation Avg Fit: 195.27211739202323 
 - Best Fitness: 440.7481817973079
 - Best Solution: array([-0.08697997, -0.41045263, -0.04476895,  0.2072054 , -0.49163991,
       -0.07558229,  0.1945161 ,  0.25278069,  0.48459617, -0.07663716,
       -0.40767611, -0.12039872, -0.33360997,  0.34496244,  0.34798395,
       -0.44275357, -0.20934238, -0.2274457 , -0.24836538, -0.39086585,
       -0.00756594,  0.00613918,  0.2094515 ,  0.37815901,  0.48241975,
        0.24408369, -0.00809564,  0.31741003, -0.2524516 , -0.29346209,
       -0.00688274,  0.4462506 , -0.02265034,  0.32274258,  0.24727827,
       -0.1124438 ,  0.1294477 , -0.3523985 ,  0.25759383, -0.47740002,
        0.4346596 ,  0.47058123, -0.26631923,  0.00691947, -0.17315324,
       -0.08835956,  0.45461689, -0.22085839,  0.45777639,  0.03122278,
        0.01940632,  0.38630827,  0.41752115, -0.18225276,  0.2008232 ,
        0.17304147, -0.20467105,  0.07089109, -0.35821919, -0.2146893 ,
       -0.03918132,  0.11895128,  0.35621522,  0.44910965]) 

Generation: 16 
 - Generation Avg Fit: 189.15578537036694 
 - Best Fitness: 440.7481817973079
 - Best Solution: array([-0.08697997, -0.41045263, -0.04476895,  0.2072054 , -0.49163991,
       -0.07558229,  0.1945161 ,  0.25278069,  0.48459617, -0.07663716,
       -0.40767611, -0.12039872, -0.33360997,  0.34496244,  0.34798395,
       -0.44275357, -0.20934238, -0.2274457 , -0.24836538, -0.39086585,
       -0.00756594,  0.00613918,  0.2094515 ,  0.37815901,  0.48241975,
        0.24408369, -0.00809564,  0.31741003, -0.2524516 , -0.29346209,
       -0.00688274,  0.4462506 , -0.02265034,  0.32274258,  0.24727827,
       -0.1124438 ,  0.1294477 , -0.3523985 ,  0.25759383, -0.47740002,
        0.4346596 ,  0.47058123, -0.26631923,  0.00691947, -0.17315324,
       -0.08835956,  0.45461689, -0.22085839,  0.45777639,  0.03122278,
        0.01940632,  0.38630827,  0.41752115, -0.18225276,  0.2008232 ,
        0.17304147, -0.20467105,  0.07089109, -0.35821919, -0.2146893 ,
       -0.03918132,  0.11895128,  0.35621522,  0.44910965]) 

Generation: 17 
 - Generation Avg Fit: 195.4993140950877 
 - Best Fitness: 440.7481817973079
 - Best Solution: array([-0.08697997, -0.41045263, -0.04476895,  0.2072054 , -0.49163991,
       -0.07558229,  0.1945161 ,  0.25278069,  0.48459617, -0.07663716,
       -0.40767611, -0.12039872, -0.33360997,  0.34496244,  0.34798395,
       -0.44275357, -0.20934238, -0.2274457 , -0.24836538, -0.39086585,
       -0.00756594,  0.00613918,  0.2094515 ,  0.37815901,  0.48241975,
        0.24408369, -0.00809564,  0.31741003, -0.2524516 , -0.29346209,
       -0.00688274,  0.4462506 , -0.02265034,  0.32274258,  0.24727827,
       -0.1124438 ,  0.1294477 , -0.3523985 ,  0.25759383, -0.47740002,
        0.4346596 ,  0.47058123, -0.26631923,  0.00691947, -0.17315324,
       -0.08835956,  0.45461689, -0.22085839,  0.45777639,  0.03122278,
        0.01940632,  0.38630827,  0.41752115, -0.18225276,  0.2008232 ,
        0.17304147, -0.20467105,  0.07089109, -0.35821919, -0.2146893 ,
       -0.03918132,  0.11895128,  0.35621522,  0.44910965]) 

Generation: 18 
 - Generation Avg Fit: 194.44967078038994 
 - Best Fitness: 440.7481817973079
 - Best Solution: array([-0.08697997, -0.41045263, -0.04476895,  0.2072054 , -0.49163991,
       -0.07558229,  0.1945161 ,  0.25278069,  0.48459617, -0.07663716,
       -0.40767611, -0.12039872, -0.33360997,  0.34496244,  0.34798395,
       -0.44275357, -0.20934238, -0.2274457 , -0.24836538, -0.39086585,
       -0.00756594,  0.00613918,  0.2094515 ,  0.37815901,  0.48241975,
        0.24408369, -0.00809564,  0.31741003, -0.2524516 , -0.29346209,
       -0.00688274,  0.4462506 , -0.02265034,  0.32274258,  0.24727827,
       -0.1124438 ,  0.1294477 , -0.3523985 ,  0.25759383, -0.47740002,
        0.4346596 ,  0.47058123, -0.26631923,  0.00691947, -0.17315324,
       -0.08835956,  0.45461689, -0.22085839,  0.45777639,  0.03122278,
        0.01940632,  0.38630827,  0.41752115, -0.18225276,  0.2008232 ,
        0.17304147, -0.20467105,  0.07089109, -0.35821919, -0.2146893 ,
       -0.03918132,  0.11895128,  0.35621522,  0.44910965]) 

Generation: 19 
 - Generation Avg Fit: 196.6763164642603 
 - Best Fitness: 440.7481817973079
 - Best Solution: array([-0.08697997, -0.41045263, -0.04476895,  0.2072054 , -0.49163991,
       -0.07558229,  0.1945161 ,  0.25278069,  0.48459617, -0.07663716,
       -0.40767611, -0.12039872, -0.33360997,  0.34496244,  0.34798395,
       -0.44275357, -0.20934238, -0.2274457 , -0.24836538, -0.39086585,
       -0.00756594,  0.00613918,  0.2094515 ,  0.37815901,  0.48241975,
        0.24408369, -0.00809564,  0.31741003, -0.2524516 , -0.29346209,
       -0.00688274,  0.4462506 , -0.02265034,  0.32274258,  0.24727827,
       -0.1124438 ,  0.1294477 , -0.3523985 ,  0.25759383, -0.47740002,
        0.4346596 ,  0.47058123, -0.26631923,  0.00691947, -0.17315324,
       -0.08835956,  0.45461689, -0.22085839,  0.45777639,  0.03122278,
        0.01940632,  0.38630827,  0.41752115, -0.18225276,  0.2008232 ,
        0.17304147, -0.20467105,  0.07089109, -0.35821919, -0.2146893 ,
       -0.03918132,  0.11895128,  0.35621522,  0.44910965]) 

Generation: 20 
 - Generation Avg Fit: 197.81468347953864 
 - Best Fitness: 440.7481817973079
 - Best Solution: array([-0.08697997, -0.41045263, -0.04476895,  0.2072054 , -0.49163991,
       -0.07558229,  0.1945161 ,  0.25278069,  0.48459617, -0.07663716,
       -0.40767611, -0.12039872, -0.33360997,  0.34496244,  0.34798395,
       -0.44275357, -0.20934238, -0.2274457 , -0.24836538, -0.39086585,
       -0.00756594,  0.00613918,  0.2094515 ,  0.37815901,  0.48241975,
        0.24408369, -0.00809564,  0.31741003, -0.2524516 , -0.29346209,
       -0.00688274,  0.4462506 , -0.02265034,  0.32274258,  0.24727827,
       -0.1124438 ,  0.1294477 , -0.3523985 ,  0.25759383, -0.47740002,
        0.4346596 ,  0.47058123, -0.26631923,  0.00691947, -0.17315324,
       -0.08835956,  0.45461689, -0.22085839,  0.45777639,  0.03122278,
        0.01940632,  0.38630827,  0.41752115, -0.18225276,  0.2008232 ,
        0.17304147, -0.20467105,  0.07089109, -0.35821919, -0.2146893 ,
       -0.03918132,  0.11895128,  0.35621522,  0.44910965]) 

Generation: 21 
 - Generation Avg Fit: 194.2677528586341 
 - Best Fitness: 440.7481817973079
 - Best Solution: array([-0.08697997, -0.41045263, -0.04476895,  0.2072054 , -0.49163991,
       -0.07558229,  0.1945161 ,  0.25278069,  0.48459617, -0.07663716,
       -0.40767611, -0.12039872, -0.33360997,  0.34496244,  0.34798395,
       -0.44275357, -0.20934238, -0.2274457 , -0.24836538, -0.39086585,
       -0.00756594,  0.00613918,  0.2094515 ,  0.37815901,  0.48241975,
        0.24408369, -0.00809564,  0.31741003, -0.2524516 , -0.29346209,
       -0.00688274,  0.4462506 , -0.02265034,  0.32274258,  0.24727827,
       -0.1124438 ,  0.1294477 , -0.3523985 ,  0.25759383, -0.47740002,
        0.4346596 ,  0.47058123, -0.26631923,  0.00691947, -0.17315324,
       -0.08835956,  0.45461689, -0.22085839,  0.45777639,  0.03122278,
        0.01940632,  0.38630827,  0.41752115, -0.18225276,  0.2008232 ,
        0.17304147, -0.20467105,  0.07089109, -0.35821919, -0.2146893 ,
       -0.03918132,  0.11895128,  0.35621522,  0.44910965]) 

Generation: 22 
 - Generation Avg Fit: 208.29409543611786 
 - Best Fitness: 479.0155424557948
 - Best Solution: array([ 0.28743966, -0.16105241, -0.38949881,  0.23585015, -0.2153217 ,
       -0.3352282 ,  0.02233649, -0.36639628,  0.50678073,  0.13706897,
       -0.07473003,  0.47271945,  0.01473135,  0.03609331, -0.0680894 ,
        0.45090612,  0.09504303,  0.25348873,  0.445385  , -0.27022253,
        0.07780995,  0.13256726,  0.04303293,  0.02787057, -0.34846852,
       -0.09522671,  0.15258328,  0.07551113, -0.28011346,  0.09198559,
       -0.10720517,  0.44345676, -0.04299256,  0.0425553 , -0.17773588,
        0.00432979,  0.10073074, -0.2457601 , -0.36224611,  0.2513067 ,
       -0.38639287,  0.03989236, -0.46087384,  0.4871106 , -0.20882783,
        0.22791898,  0.1651259 ,  0.42739438,  0.18818092,  0.01076354,
       -0.32616038,  0.01530405, -0.25536092,  0.24419376, -0.03790648,
        0.18740376, -0.1586875 ,  0.46711416,  0.05227483, -0.0809503 ,
       -0.33130671,  0.06842776,  0.06968183, -0.03188321]) 

Generation: 23 
 - Generation Avg Fit: 199.58969806406066 
 - Best Fitness: 479.0155424557948
 - Best Solution: array([-0.08697997, -0.41045263, -0.04476895,  0.2072054 , -0.49163991,
       -0.07558229,  0.1945161 ,  0.25278069,  0.48459617, -0.07663716,
       -0.40767611, -0.12039872, -0.33360997,  0.34496244,  0.34798395,
       -0.44275357, -0.20934238, -0.2274457 , -0.24836538, -0.39086585,
       -0.00756594,  0.00613918,  0.2094515 ,  0.37815901,  0.48241975,
        0.24408369, -0.00809564,  0.31741003, -0.2524516 , -0.29346209,
       -0.00688274,  0.4462506 , -0.02265034,  0.32274258,  0.24727827,
       -0.1124438 ,  0.1294477 , -0.3523985 ,  0.25759383, -0.47740002,
        0.4346596 ,  0.47058123, -0.26631923,  0.00691947, -0.17315324,
       -0.08835956,  0.45461689, -0.22085839,  0.45777639,  0.03122278,
        0.01940632,  0.38630827,  0.41752115, -0.18225276,  0.2008232 ,
        0.17304147, -0.20467105,  0.07089109, -0.35821919, -0.2146893 ,
       -0.03918132,  0.11895128,  0.35621522,  0.44910965]) 

Generation: 24 
 - Generation Avg Fit: 204.05263229396817 
 - Best Fitness: 479.0155424557948
 - Best Solution: array([ 0.28743966, -0.16105241, -0.38949881,  0.23585015, -0.2153217 ,
       -0.3352282 ,  0.02233649, -0.36639628,  0.50678073,  0.13706897,
       -0.07473003,  0.47271945,  0.01473135,  0.03609331, -0.0680894 ,
        0.45090612,  0.09504303,  0.25348873,  0.445385  , -0.27022253,
        0.07780995,  0.13256726,  0.04303293,  0.02787057, -0.34846852,
       -0.09522671,  0.15258328,  0.07551113, -0.28011346,  0.09198559,
       -0.10720517,  0.44345676, -0.04299256,  0.0425553 , -0.17773588,
        0.00432979,  0.10073074, -0.2457601 , -0.36224611,  0.2513067 ,
       -0.38639287,  0.03989236, -0.46087384,  0.4871106 , -0.20882783,
        0.22791898,  0.1651259 ,  0.42739438,  0.18818092,  0.01076354,
       -0.32616038,  0.01530405, -0.25536092,  0.24419376, -0.03790648,
        0.18740376, -0.1586875 ,  0.46711416,  0.05227483, -0.0809503 ,
       -0.33130671,  0.06842776,  0.06968183, -0.03188321]) 

Generation: 25 
 - Generation Avg Fit: 212.12638388862462 
 - Best Fitness: 479.0155424557948
 - Best Solution: array([ 0.28743966, -0.16105241, -0.38949881,  0.23585015, -0.2153217 ,
       -0.3352282 ,  0.02233649, -0.36639628,  0.50678073,  0.13706897,
       -0.07473003,  0.47271945,  0.01473135,  0.03609331, -0.0680894 ,
        0.45090612,  0.09504303,  0.25348873,  0.445385  , -0.27022253,
        0.07780995,  0.13256726,  0.04303293,  0.02787057, -0.34846852,
       -0.09522671,  0.15258328,  0.07551113, -0.28011346,  0.09198559,
       -0.10720517,  0.44345676, -0.04299256,  0.0425553 , -0.17773588,
        0.00432979,  0.10073074, -0.2457601 , -0.36224611,  0.2513067 ,
       -0.38639287,  0.03989236, -0.46087384,  0.4871106 , -0.20882783,
        0.22791898,  0.1651259 ,  0.42739438,  0.18818092,  0.01076354,
       -0.32616038,  0.01530405, -0.25536092,  0.24419376, -0.03790648,
        0.18740376, -0.1586875 ,  0.46711416,  0.05227483, -0.0809503 ,
       -0.33130671,  0.06842776,  0.06968183, -0.03188321]) 

Generation: 26 
 - Generation Avg Fit: 213.61732089287705 
 - Best Fitness: 479.0155424557948
 - Best Solution: array([ 0.28743966, -0.16105241, -0.38949881,  0.23585015, -0.2153217 ,
       -0.3352282 ,  0.02233649, -0.36639628,  0.50678073,  0.13706897,
       -0.07473003,  0.47271945,  0.01473135,  0.03609331, -0.0680894 ,
        0.45090612,  0.09504303,  0.25348873,  0.445385  , -0.27022253,
        0.07780995,  0.13256726,  0.04303293,  0.02787057, -0.34846852,
       -0.09522671,  0.15258328,  0.07551113, -0.28011346,  0.09198559,
       -0.10720517,  0.44345676, -0.04299256,  0.0425553 , -0.17773588,
        0.00432979,  0.10073074, -0.2457601 , -0.36224611,  0.2513067 ,
       -0.38639287,  0.03989236, -0.46087384,  0.4871106 , -0.20882783,
        0.22791898,  0.1651259 ,  0.42739438,  0.18818092,  0.01076354,
       -0.32616038,  0.01530405, -0.25536092,  0.24419376, -0.03790648,
        0.18740376, -0.1586875 ,  0.46711416,  0.05227483, -0.0809503 ,
       -0.33130671,  0.06842776,  0.06968183, -0.03188321]) 

Generation: 27 
 - Generation Avg Fit: 208.06237118475292 
 - Best Fitness: 479.0155424557948
 - Best Solution: array([ 0.28743966, -0.16105241, -0.38949881,  0.23585015, -0.2153217 ,
       -0.3352282 ,  0.02233649, -0.36639628,  0.50678073,  0.13706897,
       -0.07473003,  0.47271945,  0.01473135,  0.03609331, -0.0680894 ,
        0.45090612,  0.09504303,  0.25348873,  0.445385  , -0.27022253,
        0.07780995,  0.13256726,  0.04303293,  0.02787057, -0.34846852,
       -0.09522671,  0.15258328,  0.07551113, -0.28011346,  0.09198559,
       -0.10720517,  0.44345676, -0.04299256,  0.0425553 , -0.17773588,
        0.00432979,  0.10073074, -0.2457601 , -0.36224611,  0.2513067 ,
       -0.38639287,  0.03989236, -0.46087384,  0.4871106 , -0.20882783,
        0.22791898,  0.1651259 ,  0.42739438,  0.18818092,  0.01076354,
       -0.32616038,  0.01530405, -0.25536092,  0.24419376, -0.03790648,
        0.18740376, -0.1586875 ,  0.46711416,  0.05227483, -0.0809503 ,
       -0.33130671,  0.06842776,  0.06968183, -0.03188321]) 

Generation: 28 
 - Generation Avg Fit: 203.9653616377002 
 - Best Fitness: 479.0155424557948
 - Best Solution: array([ 0.28743966, -0.16105241, -0.38949881,  0.23585015, -0.2153217 ,
       -0.3352282 ,  0.02233649, -0.36639628,  0.50678073,  0.13706897,
       -0.07473003,  0.47271945,  0.01473135,  0.03609331, -0.0680894 ,
        0.45090612,  0.09504303,  0.25348873,  0.445385  , -0.27022253,
        0.07780995,  0.13256726,  0.04303293,  0.02787057, -0.34846852,
       -0.09522671,  0.15258328,  0.07551113, -0.28011346,  0.09198559,
       -0.10720517,  0.44345676, -0.04299256,  0.0425553 , -0.17773588,
        0.00432979,  0.10073074, -0.2457601 , -0.36224611,  0.2513067 ,
       -0.38639287,  0.03989236, -0.46087384,  0.4871106 , -0.20882783,
        0.22791898,  0.1651259 ,  0.42739438,  0.18818092,  0.01076354,
       -0.32616038,  0.01530405, -0.25536092,  0.24419376, -0.03790648,
        0.18740376, -0.1586875 ,  0.46711416,  0.05227483, -0.0809503 ,
       -0.33130671,  0.06842776,  0.06968183, -0.03188321]) 

Generation: 29 
 - Generation Avg Fit: 215.03030932315008 
 - Best Fitness: 479.0155424557948
 - Best Solution: array([ 0.28743966, -0.16105241, -0.38949881,  0.23585015, -0.2153217 ,
       -0.3352282 ,  0.02233649, -0.36639628,  0.50678073,  0.13706897,
       -0.07473003,  0.47271945,  0.01473135,  0.03609331, -0.0680894 ,
        0.45090612,  0.09504303,  0.25348873,  0.445385  , -0.27022253,
        0.07780995,  0.13256726,  0.04303293,  0.02787057, -0.34846852,
       -0.09522671,  0.15258328,  0.07551113, -0.28011346,  0.09198559,
       -0.10720517,  0.44345676, -0.04299256,  0.0425553 , -0.17773588,
        0.00432979,  0.10073074, -0.2457601 , -0.36224611,  0.2513067 ,
       -0.38639287,  0.03989236, -0.46087384,  0.4871106 , -0.20882783,
        0.22791898,  0.1651259 ,  0.42739438,  0.18818092,  0.01076354,
       -0.32616038,  0.01530405, -0.25536092,  0.24419376, -0.03790648,
        0.18740376, -0.1586875 ,  0.46711416,  0.05227483, -0.0809503 ,
       -0.33130671,  0.06842776,  0.06968183, -0.03188321]) 

Generation: 30 
 - Generation Avg Fit: 211.99982664898613 
 - Best Fitness: 479.0155424557948
 - Best Solution: array([ 0.28743966, -0.16105241, -0.38949881,  0.23585015, -0.2153217 ,
       -0.3352282 ,  0.02233649, -0.36639628,  0.50678073,  0.13706897,
       -0.07473003,  0.47271945,  0.01473135,  0.03609331, -0.0680894 ,
        0.45090612,  0.09504303,  0.25348873,  0.445385  , -0.27022253,
        0.07780995,  0.13256726,  0.04303293,  0.02787057, -0.34846852,
       -0.09522671,  0.15258328,  0.07551113, -0.28011346,  0.09198559,
       -0.10720517,  0.44345676, -0.04299256,  0.0425553 , -0.17773588,
        0.00432979,  0.10073074, -0.2457601 , -0.36224611,  0.2513067 ,
       -0.38639287,  0.03989236, -0.46087384,  0.4871106 , -0.20882783,
        0.22791898,  0.1651259 ,  0.42739438,  0.18818092,  0.01076354,
       -0.32616038,  0.01530405, -0.25536092,  0.24419376, -0.03790648,
        0.18740376, -0.1586875 ,  0.46711416,  0.05227483, -0.0809503 ,
       -0.33130671,  0.06842776,  0.06968183, -0.03188321]) 

Generation: 31 
 - Generation Avg Fit: 207.45990461504573 
 - Best Fitness: 479.0155424557948
 - Best Solution: array([ 0.28743966, -0.16105241, -0.38949881,  0.23585015, -0.2153217 ,
       -0.3352282 ,  0.02233649, -0.36639628,  0.50678073,  0.13706897,
       -0.07473003,  0.47271945,  0.01473135,  0.03609331, -0.0680894 ,
        0.45090612,  0.09504303,  0.25348873,  0.445385  , -0.27022253,
        0.07780995,  0.13256726,  0.04303293,  0.02787057, -0.34846852,
       -0.09522671,  0.15258328,  0.07551113, -0.28011346,  0.09198559,
       -0.10720517,  0.44345676, -0.04299256,  0.0425553 , -0.17773588,
        0.00432979,  0.10073074, -0.2457601 , -0.36224611,  0.2513067 ,
       -0.38639287,  0.03989236, -0.46087384,  0.4871106 , -0.20882783,
        0.22791898,  0.1651259 ,  0.42739438,  0.18818092,  0.01076354,
       -0.32616038,  0.01530405, -0.25536092,  0.24419376, -0.03790648,
        0.18740376, -0.1586875 ,  0.46711416,  0.05227483, -0.0809503 ,
       -0.33130671,  0.06842776,  0.06968183, -0.03188321]) 

Generation: 32 
 - Generation Avg Fit: 211.2280523646972 
 - Best Fitness: 479.0155424557948
 - Best Solution: array([ 0.28743966, -0.16105241, -0.38949881,  0.23585015, -0.2153217 ,
       -0.3352282 ,  0.02233649, -0.36639628,  0.50678073,  0.13706897,
       -0.07473003,  0.47271945,  0.01473135,  0.03609331, -0.0680894 ,
        0.45090612,  0.09504303,  0.25348873,  0.445385  , -0.27022253,
        0.07780995,  0.13256726,  0.04303293,  0.02787057, -0.34846852,
       -0.09522671,  0.15258328,  0.07551113, -0.28011346,  0.09198559,
       -0.10720517,  0.44345676, -0.04299256,  0.0425553 , -0.17773588,
        0.00432979,  0.10073074, -0.2457601 , -0.36224611,  0.2513067 ,
       -0.38639287,  0.03989236, -0.46087384,  0.4871106 , -0.20882783,
        0.22791898,  0.1651259 ,  0.42739438,  0.18818092,  0.01076354,
       -0.32616038,  0.01530405, -0.25536092,  0.24419376, -0.03790648,
        0.18740376, -0.1586875 ,  0.46711416,  0.05227483, -0.0809503 ,
       -0.33130671,  0.06842776,  0.06968183, -0.03188321]) 

Generation: 33 
 - Generation Avg Fit: 208.9949894868257 
 - Best Fitness: 479.0155424557948
 - Best Solution: array([ 0.28743966, -0.16105241, -0.38949881,  0.23585015, -0.2153217 ,
       -0.3352282 ,  0.02233649, -0.36639628,  0.50678073,  0.13706897,
       -0.07473003,  0.47271945,  0.01473135,  0.03609331, -0.0680894 ,
        0.45090612,  0.09504303,  0.25348873,  0.445385  , -0.27022253,
        0.07780995,  0.13256726,  0.04303293,  0.02787057, -0.34846852,
       -0.09522671,  0.15258328,  0.07551113, -0.28011346,  0.09198559,
       -0.10720517,  0.44345676, -0.04299256,  0.0425553 , -0.17773588,
        0.00432979,  0.10073074, -0.2457601 , -0.36224611,  0.2513067 ,
       -0.38639287,  0.03989236, -0.46087384,  0.4871106 , -0.20882783,
        0.22791898,  0.1651259 ,  0.42739438,  0.18818092,  0.01076354,
       -0.32616038,  0.01530405, -0.25536092,  0.24419376, -0.03790648,
        0.18740376, -0.1586875 ,  0.46711416,  0.05227483, -0.0809503 ,
       -0.33130671,  0.06842776,  0.06968183, -0.03188321]) 

Generation: 34 
 - Generation Avg Fit: 217.37020465934248 
 - Best Fitness: 479.0155424557948
 - Best Solution: array([ 0.28743966, -0.16105241, -0.38949881,  0.23585015, -0.2153217 ,
       -0.3352282 ,  0.02233649, -0.36639628,  0.50678073,  0.13706897,
       -0.07473003,  0.47271945,  0.01473135,  0.03609331, -0.0680894 ,
        0.45090612,  0.09504303,  0.25348873,  0.445385  , -0.27022253,
        0.07780995,  0.13256726,  0.04303293,  0.02787057, -0.34846852,
       -0.09522671,  0.15258328,  0.07551113, -0.28011346,  0.09198559,
       -0.10720517,  0.44345676, -0.04299256,  0.0425553 , -0.17773588,
        0.00432979,  0.10073074, -0.2457601 , -0.36224611,  0.2513067 ,
       -0.38639287,  0.03989236, -0.46087384,  0.4871106 , -0.20882783,
        0.22791898,  0.1651259 ,  0.42739438,  0.18818092,  0.01076354,
       -0.32616038,  0.01530405, -0.25536092,  0.24419376, -0.03790648,
        0.18740376, -0.1586875 ,  0.46711416,  0.05227483, -0.0809503 ,
       -0.33130671,  0.06842776,  0.06968183, -0.03188321]) 

Generation: 35 
 - Generation Avg Fit: 209.73643504841996 
 - Best Fitness: 479.0155424557948
 - Best Solution: array([ 0.28743966, -0.16105241, -0.38949881,  0.23585015, -0.2153217 ,
       -0.3352282 ,  0.02233649, -0.36639628,  0.50678073,  0.13706897,
       -0.07473003,  0.47271945,  0.01473135,  0.03609331, -0.0680894 ,
        0.45090612,  0.09504303,  0.25348873,  0.445385  , -0.27022253,
        0.07780995,  0.13256726,  0.04303293,  0.02787057, -0.34846852,
       -0.09522671,  0.15258328,  0.07551113, -0.28011346,  0.09198559,
       -0.10720517,  0.44345676, -0.04299256,  0.0425553 , -0.17773588,
        0.00432979,  0.10073074, -0.2457601 , -0.36224611,  0.2513067 ,
       -0.38639287,  0.03989236, -0.46087384,  0.4871106 , -0.20882783,
        0.22791898,  0.1651259 ,  0.42739438,  0.18818092,  0.01076354,
       -0.32616038,  0.01530405, -0.25536092,  0.24419376, -0.03790648,
        0.18740376, -0.1586875 ,  0.46711416,  0.05227483, -0.0809503 ,
       -0.33130671,  0.06842776,  0.06968183, -0.03188321]) 

Generation: 36 
 - Generation Avg Fit: 218.88532578921405 
 - Best Fitness: 479.0155424557948
 - Best Solution: array([ 0.28743966, -0.16105241, -0.38949881,  0.23585015, -0.2153217 ,
       -0.3352282 ,  0.02233649, -0.36639628,  0.50678073,  0.13706897,
       -0.07473003,  0.47271945,  0.01473135,  0.03609331, -0.0680894 ,
        0.45090612,  0.09504303,  0.25348873,  0.445385  , -0.27022253,
        0.07780995,  0.13256726,  0.04303293,  0.02787057, -0.34846852,
       -0.09522671,  0.15258328,  0.07551113, -0.28011346,  0.09198559,
       -0.10720517,  0.44345676, -0.04299256,  0.0425553 , -0.17773588,
        0.00432979,  0.10073074, -0.2457601 , -0.36224611,  0.2513067 ,
       -0.38639287,  0.03989236, -0.46087384,  0.4871106 , -0.20882783,
        0.22791898,  0.1651259 ,  0.42739438,  0.18818092,  0.01076354,
       -0.32616038,  0.01530405, -0.25536092,  0.24419376, -0.03790648,
        0.18740376, -0.1586875 ,  0.46711416,  0.05227483, -0.0809503 ,
       -0.33130671,  0.06842776,  0.06968183, -0.03188321]) 

Generation: 37 
 - Generation Avg Fit: 211.31265921453442 
 - Best Fitness: 479.0155424557948
 - Best Solution: array([ 0.28743966, -0.16105241, -0.38949881,  0.23585015, -0.2153217 ,
       -0.3352282 ,  0.02233649, -0.36639628,  0.50678073,  0.13706897,
       -0.07473003,  0.47271945,  0.01473135,  0.03609331, -0.0680894 ,
        0.45090612,  0.09504303,  0.25348873,  0.445385  , -0.27022253,
        0.07780995,  0.13256726,  0.04303293,  0.02787057, -0.34846852,
       -0.09522671,  0.15258328,  0.07551113, -0.28011346,  0.09198559,
       -0.10720517,  0.44345676, -0.04299256,  0.0425553 , -0.17773588,
        0.00432979,  0.10073074, -0.2457601 , -0.36224611,  0.2513067 ,
       -0.38639287,  0.03989236, -0.46087384,  0.4871106 , -0.20882783,
        0.22791898,  0.1651259 ,  0.42739438,  0.18818092,  0.01076354,
       -0.32616038,  0.01530405, -0.25536092,  0.24419376, -0.03790648,
        0.18740376, -0.1586875 ,  0.46711416,  0.05227483, -0.0809503 ,
       -0.33130671,  0.06842776,  0.06968183, -0.03188321]) 

Generation: 38 
 - Generation Avg Fit: 210.21426396095137 
 - Best Fitness: 479.0155424557948
 - Best Solution: array([ 0.28743966, -0.16105241, -0.38949881,  0.23585015, -0.2153217 ,
       -0.3352282 ,  0.02233649, -0.36639628,  0.50678073,  0.13706897,
       -0.07473003,  0.47271945,  0.01473135,  0.03609331, -0.0680894 ,
        0.45090612,  0.09504303,  0.25348873,  0.445385  , -0.27022253,
        0.07780995,  0.13256726,  0.04303293,  0.02787057, -0.34846852,
       -0.09522671,  0.15258328,  0.07551113, -0.28011346,  0.09198559,
       -0.10720517,  0.44345676, -0.04299256,  0.0425553 , -0.17773588,
        0.00432979,  0.10073074, -0.2457601 , -0.36224611,  0.2513067 ,
       -0.38639287,  0.03989236, -0.46087384,  0.4871106 , -0.20882783,
        0.22791898,  0.1651259 ,  0.42739438,  0.18818092,  0.01076354,
       -0.32616038,  0.01530405, -0.25536092,  0.24419376, -0.03790648,
        0.18740376, -0.1586875 ,  0.46711416,  0.05227483, -0.0809503 ,
       -0.33130671,  0.06842776,  0.06968183, -0.03188321]) 

Generation: 39 
 - Generation Avg Fit: 219.57608890575924 
 - Best Fitness: 479.0155424557948
 - Best Solution: array([ 0.28743966, -0.16105241, -0.38949881,  0.23585015, -0.2153217 ,
       -0.3352282 ,  0.02233649, -0.36639628,  0.50678073,  0.13706897,
       -0.07473003,  0.47271945,  0.01473135,  0.03609331, -0.0680894 ,
        0.45090612,  0.09504303,  0.25348873,  0.445385  , -0.27022253,
        0.07780995,  0.13256726,  0.04303293,  0.02787057, -0.34846852,
       -0.09522671,  0.15258328,  0.07551113, -0.28011346,  0.09198559,
       -0.10720517,  0.44345676, -0.04299256,  0.0425553 , -0.17773588,
        0.00432979,  0.10073074, -0.2457601 , -0.36224611,  0.2513067 ,
       -0.38639287,  0.03989236, -0.46087384,  0.4871106 , -0.20882783,
        0.22791898,  0.1651259 ,  0.42739438,  0.18818092,  0.01076354,
       -0.32616038,  0.01530405, -0.25536092,  0.24419376, -0.03790648,
        0.18740376, -0.1586875 ,  0.46711416,  0.05227483, -0.0809503 ,
       -0.33130671,  0.06842776,  0.06968183, -0.03188321]) 

Generation: 40 
 - Generation Avg Fit: 213.5046762286146 
 - Best Fitness: 479.0155424557948
 - Best Solution: array([ 0.28743966, -0.16105241, -0.38949881,  0.23585015, -0.2153217 ,
       -0.3352282 ,  0.02233649, -0.36639628,  0.50678073,  0.13706897,
       -0.07473003,  0.47271945,  0.01473135,  0.03609331, -0.0680894 ,
        0.45090612,  0.09504303,  0.25348873,  0.445385  , -0.27022253,
        0.07780995,  0.13256726,  0.04303293,  0.02787057, -0.34846852,
       -0.09522671,  0.15258328,  0.07551113, -0.28011346,  0.09198559,
       -0.10720517,  0.44345676, -0.04299256,  0.0425553 , -0.17773588,
        0.00432979,  0.10073074, -0.2457601 , -0.36224611,  0.2513067 ,
       -0.38639287,  0.03989236, -0.46087384,  0.4871106 , -0.20882783,
        0.22791898,  0.1651259 ,  0.42739438,  0.18818092,  0.01076354,
       -0.32616038,  0.01530405, -0.25536092,  0.24419376, -0.03790648,
        0.18740376, -0.1586875 ,  0.46711416,  0.05227483, -0.0809503 ,
       -0.33130671,  0.06842776,  0.06968183, -0.03188321]) 

Generation: 41 
 - Generation Avg Fit: 209.49122679871067 
 - Best Fitness: 479.0155424557948
 - Best Solution: array([ 0.28743966, -0.16105241, -0.38949881,  0.23585015, -0.2153217 ,
       -0.3352282 ,  0.02233649, -0.36639628,  0.50678073,  0.13706897,
       -0.07473003,  0.47271945,  0.01473135,  0.03609331, -0.0680894 ,
        0.45090612,  0.09504303,  0.25348873,  0.445385  , -0.27022253,
        0.07780995,  0.13256726,  0.04303293,  0.02787057, -0.34846852,
       -0.09522671,  0.15258328,  0.07551113, -0.28011346,  0.09198559,
       -0.10720517,  0.44345676, -0.04299256,  0.0425553 , -0.17773588,
        0.00432979,  0.10073074, -0.2457601 , -0.36224611,  0.2513067 ,
       -0.38639287,  0.03989236, -0.46087384,  0.4871106 , -0.20882783,
        0.22791898,  0.1651259 ,  0.42739438,  0.18818092,  0.01076354,
       -0.32616038,  0.01530405, -0.25536092,  0.24419376, -0.03790648,
        0.18740376, -0.1586875 ,  0.46711416,  0.05227483, -0.0809503 ,
       -0.33130671,  0.06842776,  0.06968183, -0.03188321]) 

Generation: 42 
 - Generation Avg Fit: 225.83160716589498 
 - Best Fitness: 479.0155424557948
 - Best Solution: array([ 0.28743966, -0.16105241, -0.38949881,  0.23585015, -0.2153217 ,
       -0.3352282 ,  0.02233649, -0.36639628,  0.50678073,  0.13706897,
       -0.07473003,  0.47271945,  0.01473135,  0.03609331, -0.0680894 ,
        0.45090612,  0.09504303,  0.25348873,  0.445385  , -0.27022253,
        0.07780995,  0.13256726,  0.04303293,  0.02787057, -0.34846852,
       -0.09522671,  0.15258328,  0.07551113, -0.28011346,  0.09198559,
       -0.10720517,  0.44345676, -0.04299256,  0.0425553 , -0.17773588,
        0.00432979,  0.10073074, -0.2457601 , -0.36224611,  0.2513067 ,
       -0.38639287,  0.03989236, -0.46087384,  0.4871106 , -0.20882783,
        0.22791898,  0.1651259 ,  0.42739438,  0.18818092,  0.01076354,
       -0.32616038,  0.01530405, -0.25536092,  0.24419376, -0.03790648,
        0.18740376, -0.1586875 ,  0.46711416,  0.05227483, -0.0809503 ,
       -0.33130671,  0.06842776,  0.06968183, -0.03188321]) 

Generation: 43 
 - Generation Avg Fit: 227.8148538899946 
 - Best Fitness: 479.0155424557948
 - Best Solution: array([ 0.28743966, -0.16105241, -0.38949881,  0.23585015, -0.2153217 ,
       -0.3352282 ,  0.02233649, -0.36639628,  0.50678073,  0.13706897,
       -0.07473003,  0.47271945,  0.01473135,  0.03609331, -0.0680894 ,
        0.45090612,  0.09504303,  0.25348873,  0.445385  , -0.27022253,
        0.07780995,  0.13256726,  0.04303293,  0.02787057, -0.34846852,
       -0.09522671,  0.15258328,  0.07551113, -0.28011346,  0.09198559,
       -0.10720517,  0.44345676, -0.04299256,  0.0425553 , -0.17773588,
        0.00432979,  0.10073074, -0.2457601 , -0.36224611,  0.2513067 ,
       -0.38639287,  0.03989236, -0.46087384,  0.4871106 , -0.20882783,
        0.22791898,  0.1651259 ,  0.42739438,  0.18818092,  0.01076354,
       -0.32616038,  0.01530405, -0.25536092,  0.24419376, -0.03790648,
        0.18740376, -0.1586875 ,  0.46711416,  0.05227483, -0.0809503 ,
       -0.33130671,  0.06842776,  0.06968183, -0.03188321]) 

Generation: 44 
 - Generation Avg Fit: 228.64725876476768 
 - Best Fitness: 479.0155424557948
 - Best Solution: array([ 0.28743966, -0.16105241, -0.38949881,  0.23585015, -0.2153217 ,
       -0.3352282 ,  0.02233649, -0.36639628,  0.50678073,  0.13706897,
       -0.07473003,  0.47271945,  0.01473135,  0.03609331, -0.0680894 ,
        0.45090612,  0.09504303,  0.25348873,  0.445385  , -0.27022253,
        0.07780995,  0.13256726,  0.04303293,  0.02787057, -0.34846852,
       -0.09522671,  0.15258328,  0.07551113, -0.28011346,  0.09198559,
       -0.10720517,  0.44345676, -0.04299256,  0.0425553 , -0.17773588,
        0.00432979,  0.10073074, -0.2457601 , -0.36224611,  0.2513067 ,
       -0.38639287,  0.03989236, -0.46087384,  0.4871106 , -0.20882783,
        0.22791898,  0.1651259 ,  0.42739438,  0.18818092,  0.01076354,
       -0.32616038,  0.01530405, -0.25536092,  0.24419376, -0.03790648,
        0.18740376, -0.1586875 ,  0.46711416,  0.05227483, -0.0809503 ,
       -0.33130671,  0.06842776,  0.06968183, -0.03188321]) 

Generation: 45 
 - Generation Avg Fit: 226.3108152249683 
 - Best Fitness: 479.0155424557948
 - Best Solution: array([ 0.28743966, -0.16105241, -0.38949881,  0.23585015, -0.2153217 ,
       -0.3352282 ,  0.02233649, -0.36639628,  0.50678073,  0.13706897,
       -0.07473003,  0.47271945,  0.01473135,  0.03609331, -0.0680894 ,
        0.45090612,  0.09504303,  0.25348873,  0.445385  , -0.27022253,
        0.07780995,  0.13256726,  0.04303293,  0.02787057, -0.34846852,
       -0.09522671,  0.15258328,  0.07551113, -0.28011346,  0.09198559,
       -0.10720517,  0.44345676, -0.04299256,  0.0425553 , -0.17773588,
        0.00432979,  0.10073074, -0.2457601 , -0.36224611,  0.2513067 ,
       -0.38639287,  0.03989236, -0.46087384,  0.4871106 , -0.20882783,
        0.22791898,  0.1651259 ,  0.42739438,  0.18818092,  0.01076354,
       -0.32616038,  0.01530405, -0.25536092,  0.24419376, -0.03790648,
        0.18740376, -0.1586875 ,  0.46711416,  0.05227483, -0.0809503 ,
       -0.33130671,  0.06842776,  0.06968183, -0.03188321]) 

Generation: 46 
 - Generation Avg Fit: 228.61626597976064 
 - Best Fitness: 479.0155424557948
 - Best Solution: array([ 0.28743966, -0.16105241, -0.38949881,  0.23585015, -0.2153217 ,
       -0.3352282 ,  0.02233649, -0.36639628,  0.50678073,  0.13706897,
       -0.07473003,  0.47271945,  0.01473135,  0.03609331, -0.0680894 ,
        0.45090612,  0.09504303,  0.25348873,  0.445385  , -0.27022253,
        0.07780995,  0.13256726,  0.04303293,  0.02787057, -0.34846852,
       -0.09522671,  0.15258328,  0.07551113, -0.28011346,  0.09198559,
       -0.10720517,  0.44345676, -0.04299256,  0.0425553 , -0.17773588,
        0.00432979,  0.10073074, -0.2457601 , -0.36224611,  0.2513067 ,
       -0.38639287,  0.03989236, -0.46087384,  0.4871106 , -0.20882783,
        0.22791898,  0.1651259 ,  0.42739438,  0.18818092,  0.01076354,
       -0.32616038,  0.01530405, -0.25536092,  0.24419376, -0.03790648,
        0.18740376, -0.1586875 ,  0.46711416,  0.05227483, -0.0809503 ,
       -0.33130671,  0.06842776,  0.06968183, -0.03188321]) 

Generation: 47 
 - Generation Avg Fit: 224.71964854237504 
 - Best Fitness: 479.0155424557948
 - Best Solution: array([ 0.28743966, -0.16105241, -0.38949881,  0.23585015, -0.2153217 ,
       -0.3352282 ,  0.02233649, -0.36639628,  0.50678073,  0.13706897,
       -0.07473003,  0.47271945,  0.01473135,  0.03609331, -0.0680894 ,
        0.45090612,  0.09504303,  0.25348873,  0.445385  , -0.27022253,
        0.07780995,  0.13256726,  0.04303293,  0.02787057, -0.34846852,
       -0.09522671,  0.15258328,  0.07551113, -0.28011346,  0.09198559,
       -0.10720517,  0.44345676, -0.04299256,  0.0425553 , -0.17773588,
        0.00432979,  0.10073074, -0.2457601 , -0.36224611,  0.2513067 ,
       -0.38639287,  0.03989236, -0.46087384,  0.4871106 , -0.20882783,
        0.22791898,  0.1651259 ,  0.42739438,  0.18818092,  0.01076354,
       -0.32616038,  0.01530405, -0.25536092,  0.24419376, -0.03790648,
        0.18740376, -0.1586875 ,  0.46711416,  0.05227483, -0.0809503 ,
       -0.33130671,  0.06842776,  0.06968183, -0.03188321]) 

Generation: 48 
 - Generation Avg Fit: 229.57077392841583 
 - Best Fitness: 479.0155424557948
 - Best Solution: array([ 0.28743966, -0.16105241, -0.38949881,  0.23585015, -0.2153217 ,
       -0.3352282 ,  0.02233649, -0.36639628,  0.50678073,  0.13706897,
       -0.07473003,  0.47271945,  0.01473135,  0.03609331, -0.0680894 ,
        0.45090612,  0.09504303,  0.25348873,  0.445385  , -0.27022253,
        0.07780995,  0.13256726,  0.04303293,  0.02787057, -0.34846852,
       -0.09522671,  0.15258328,  0.07551113, -0.28011346,  0.09198559,
       -0.10720517,  0.44345676, -0.04299256,  0.0425553 , -0.17773588,
        0.00432979,  0.10073074, -0.2457601 , -0.36224611,  0.2513067 ,
       -0.38639287,  0.03989236, -0.46087384,  0.4871106 , -0.20882783,
        0.22791898,  0.1651259 ,  0.42739438,  0.18818092,  0.01076354,
       -0.32616038,  0.01530405, -0.25536092,  0.24419376, -0.03790648,
        0.18740376, -0.1586875 ,  0.46711416,  0.05227483, -0.0809503 ,
       -0.33130671,  0.06842776,  0.06968183, -0.03188321]) 

Generation: 49 
 - Generation Avg Fit: 235.24936474391777 
 - Best Fitness: 479.0155424557948
 - Best Solution: array([ 0.28743966, -0.16105241, -0.38949881,  0.23585015, -0.2153217 ,
       -0.3352282 ,  0.02233649, -0.36639628,  0.50678073,  0.13706897,
       -0.07473003,  0.47271945,  0.01473135,  0.03609331, -0.0680894 ,
        0.45090612,  0.09504303,  0.25348873,  0.445385  , -0.27022253,
        0.07780995,  0.13256726,  0.04303293,  0.02787057, -0.34846852,
       -0.09522671,  0.15258328,  0.07551113, -0.28011346,  0.09198559,
       -0.10720517,  0.44345676, -0.04299256,  0.0425553 , -0.17773588,
        0.00432979,  0.10073074, -0.2457601 , -0.36224611,  0.2513067 ,
       -0.38639287,  0.03989236, -0.46087384,  0.4871106 , -0.20882783,
        0.22791898,  0.1651259 ,  0.42739438,  0.18818092,  0.01076354,
       -0.32616038,  0.01530405, -0.25536092,  0.24419376, -0.03790648,
        0.18740376, -0.1586875 ,  0.46711416,  0.05227483, -0.0809503 ,
       -0.33130671,  0.06842776,  0.06968183, -0.03188321]) 

Generation: 50 
 - Generation Avg Fit: 227.81376737542422 
 - Best Fitness: 479.0155424557948
 - Best Solution: array([ 0.28743966, -0.16105241, -0.38949881,  0.23585015, -0.2153217 ,
       -0.3352282 ,  0.02233649, -0.36639628,  0.50678073,  0.13706897,
       -0.07473003,  0.47271945,  0.01473135,  0.03609331, -0.0680894 ,
        0.45090612,  0.09504303,  0.25348873,  0.445385  , -0.27022253,
        0.07780995,  0.13256726,  0.04303293,  0.02787057, -0.34846852,
       -0.09522671,  0.15258328,  0.07551113, -0.28011346,  0.09198559,
       -0.10720517,  0.44345676, -0.04299256,  0.0425553 , -0.17773588,
        0.00432979,  0.10073074, -0.2457601 , -0.36224611,  0.2513067 ,
       -0.38639287,  0.03989236, -0.46087384,  0.4871106 , -0.20882783,
        0.22791898,  0.1651259 ,  0.42739438,  0.18818092,  0.01076354,
       -0.32616038,  0.01530405, -0.25536092,  0.24419376, -0.03790648,
        0.18740376, -0.1586875 ,  0.46711416,  0.05227483, -0.0809503 ,
       -0.33130671,  0.06842776,  0.06968183, -0.03188321]) 

Generation: 51 
 - Generation Avg Fit: 237.26780742805036 
 - Best Fitness: 479.0155424557948
 - Best Solution: array([ 0.28743966, -0.16105241, -0.38949881,  0.23585015, -0.2153217 ,
       -0.3352282 ,  0.02233649, -0.36639628,  0.50678073,  0.13706897,
       -0.07473003,  0.47271945,  0.01473135,  0.03609331, -0.0680894 ,
        0.45090612,  0.09504303,  0.25348873,  0.445385  , -0.27022253,
        0.07780995,  0.13256726,  0.04303293,  0.02787057, -0.34846852,
       -0.09522671,  0.15258328,  0.07551113, -0.28011346,  0.09198559,
       -0.10720517,  0.44345676, -0.04299256,  0.0425553 , -0.17773588,
        0.00432979,  0.10073074, -0.2457601 , -0.36224611,  0.2513067 ,
       -0.38639287,  0.03989236, -0.46087384,  0.4871106 , -0.20882783,
        0.22791898,  0.1651259 ,  0.42739438,  0.18818092,  0.01076354,
       -0.32616038,  0.01530405, -0.25536092,  0.24419376, -0.03790648,
        0.18740376, -0.1586875 ,  0.46711416,  0.05227483, -0.0809503 ,
       -0.33130671,  0.06842776,  0.06968183, -0.03188321]) 

Generation: 52 
 - Generation Avg Fit: 225.21588261424534 
 - Best Fitness: 479.0155424557948
 - Best Solution: array([ 0.28743966, -0.16105241, -0.38949881,  0.23585015, -0.2153217 ,
       -0.3352282 ,  0.02233649, -0.36639628,  0.50678073,  0.13706897,
       -0.07473003,  0.47271945,  0.01473135,  0.03609331, -0.0680894 ,
        0.45090612,  0.09504303,  0.25348873,  0.445385  , -0.27022253,
        0.07780995,  0.13256726,  0.04303293,  0.02787057, -0.34846852,
       -0.09522671,  0.15258328,  0.07551113, -0.28011346,  0.09198559,
       -0.10720517,  0.44345676, -0.04299256,  0.0425553 , -0.17773588,
        0.00432979,  0.10073074, -0.2457601 , -0.36224611,  0.2513067 ,
       -0.38639287,  0.03989236, -0.46087384,  0.4871106 , -0.20882783,
        0.22791898,  0.1651259 ,  0.42739438,  0.18818092,  0.01076354,
       -0.32616038,  0.01530405, -0.25536092,  0.24419376, -0.03790648,
        0.18740376, -0.1586875 ,  0.46711416,  0.05227483, -0.0809503 ,
       -0.33130671,  0.06842776,  0.06968183, -0.03188321]) 

Generation: 53 
 - Generation Avg Fit: 231.95948526990117 
 - Best Fitness: 479.0155424557948
 - Best Solution: array([ 0.28743966, -0.16105241, -0.38949881,  0.23585015, -0.2153217 ,
       -0.3352282 ,  0.02233649, -0.36639628,  0.50678073,  0.13706897,
       -0.07473003,  0.47271945,  0.01473135,  0.03609331, -0.0680894 ,
        0.45090612,  0.09504303,  0.25348873,  0.445385  , -0.27022253,
        0.07780995,  0.13256726,  0.04303293,  0.02787057, -0.34846852,
       -0.09522671,  0.15258328,  0.07551113, -0.28011346,  0.09198559,
       -0.10720517,  0.44345676, -0.04299256,  0.0425553 , -0.17773588,
        0.00432979,  0.10073074, -0.2457601 , -0.36224611,  0.2513067 ,
       -0.38639287,  0.03989236, -0.46087384,  0.4871106 , -0.20882783,
        0.22791898,  0.1651259 ,  0.42739438,  0.18818092,  0.01076354,
       -0.32616038,  0.01530405, -0.25536092,  0.24419376, -0.03790648,
        0.18740376, -0.1586875 ,  0.46711416,  0.05227483, -0.0809503 ,
       -0.33130671,  0.06842776,  0.06968183, -0.03188321]) 

Generation: 54 
 - Generation Avg Fit: 232.44509503997267 
 - Best Fitness: 479.0155424557948
 - Best Solution: array([ 0.28743966, -0.16105241, -0.38949881,  0.23585015, -0.2153217 ,
       -0.3352282 ,  0.02233649, -0.36639628,  0.50678073,  0.13706897,
       -0.07473003,  0.47271945,  0.01473135,  0.03609331, -0.0680894 ,
        0.45090612,  0.09504303,  0.25348873,  0.445385  , -0.27022253,
        0.07780995,  0.13256726,  0.04303293,  0.02787057, -0.34846852,
       -0.09522671,  0.15258328,  0.07551113, -0.28011346,  0.09198559,
       -0.10720517,  0.44345676, -0.04299256,  0.0425553 , -0.17773588,
        0.00432979,  0.10073074, -0.2457601 , -0.36224611,  0.2513067 ,
       -0.38639287,  0.03989236, -0.46087384,  0.4871106 , -0.20882783,
        0.22791898,  0.1651259 ,  0.42739438,  0.18818092,  0.01076354,
       -0.32616038,  0.01530405, -0.25536092,  0.24419376, -0.03790648,
        0.18740376, -0.1586875 ,  0.46711416,  0.05227483, -0.0809503 ,
       -0.33130671,  0.06842776,  0.06968183, -0.03188321]) 

Generation: 55 
 - Generation Avg Fit: 228.33017585092537 
 - Best Fitness: 479.0155424557948
 - Best Solution: array([ 0.28743966, -0.16105241, -0.38949881,  0.23585015, -0.2153217 ,
       -0.3352282 ,  0.02233649, -0.36639628,  0.50678073,  0.13706897,
       -0.07473003,  0.47271945,  0.01473135,  0.03609331, -0.0680894 ,
        0.45090612,  0.09504303,  0.25348873,  0.445385  , -0.27022253,
        0.07780995,  0.13256726,  0.04303293,  0.02787057, -0.34846852,
       -0.09522671,  0.15258328,  0.07551113, -0.28011346,  0.09198559,
       -0.10720517,  0.44345676, -0.04299256,  0.0425553 , -0.17773588,
        0.00432979,  0.10073074, -0.2457601 , -0.36224611,  0.2513067 ,
       -0.38639287,  0.03989236, -0.46087384,  0.4871106 , -0.20882783,
        0.22791898,  0.1651259 ,  0.42739438,  0.18818092,  0.01076354,
       -0.32616038,  0.01530405, -0.25536092,  0.24419376, -0.03790648,
        0.18740376, -0.1586875 ,  0.46711416,  0.05227483, -0.0809503 ,
       -0.33130671,  0.06842776,  0.06968183, -0.03188321]) 

Generation: 56 
 - Generation Avg Fit: 231.6638957819739 
 - Best Fitness: 479.0155424557948
 - Best Solution: array([ 0.28743966, -0.16105241, -0.38949881,  0.23585015, -0.2153217 ,
       -0.3352282 ,  0.02233649, -0.36639628,  0.50678073,  0.13706897,
       -0.07473003,  0.47271945,  0.01473135,  0.03609331, -0.0680894 ,
        0.45090612,  0.09504303,  0.25348873,  0.445385  , -0.27022253,
        0.07780995,  0.13256726,  0.04303293,  0.02787057, -0.34846852,
       -0.09522671,  0.15258328,  0.07551113, -0.28011346,  0.09198559,
       -0.10720517,  0.44345676, -0.04299256,  0.0425553 , -0.17773588,
        0.00432979,  0.10073074, -0.2457601 , -0.36224611,  0.2513067 ,
       -0.38639287,  0.03989236, -0.46087384,  0.4871106 , -0.20882783,
        0.22791898,  0.1651259 ,  0.42739438,  0.18818092,  0.01076354,
       -0.32616038,  0.01530405, -0.25536092,  0.24419376, -0.03790648,
        0.18740376, -0.1586875 ,  0.46711416,  0.05227483, -0.0809503 ,
       -0.33130671,  0.06842776,  0.06968183, -0.03188321]) 

Generation: 57 
 - Generation Avg Fit: 233.70829993223666 
 - Best Fitness: 479.0155424557948
 - Best Solution: array([ 0.28743966, -0.16105241, -0.38949881,  0.23585015, -0.2153217 ,
       -0.3352282 ,  0.02233649, -0.36639628,  0.50678073,  0.13706897,
       -0.07473003,  0.47271945,  0.01473135,  0.03609331, -0.0680894 ,
        0.45090612,  0.09504303,  0.25348873,  0.445385  , -0.27022253,
        0.07780995,  0.13256726,  0.04303293,  0.02787057, -0.34846852,
       -0.09522671,  0.15258328,  0.07551113, -0.28011346,  0.09198559,
       -0.10720517,  0.44345676, -0.04299256,  0.0425553 , -0.17773588,
        0.00432979,  0.10073074, -0.2457601 , -0.36224611,  0.2513067 ,
       -0.38639287,  0.03989236, -0.46087384,  0.4871106 , -0.20882783,
        0.22791898,  0.1651259 ,  0.42739438,  0.18818092,  0.01076354,
       -0.32616038,  0.01530405, -0.25536092,  0.24419376, -0.03790648,
        0.18740376, -0.1586875 ,  0.46711416,  0.05227483, -0.0809503 ,
       -0.33130671,  0.06842776,  0.06968183, -0.03188321]) 

Generation: 58 
 - Generation Avg Fit: 231.2347556202615 
 - Best Fitness: 536.2079572507063
 - Best Solution: array([-0.48380852, -0.41330674, -0.38600653, -0.07138285,  0.41343475,
        0.34603852,  0.0580504 , -0.02675772, -0.31998067, -0.14781333,
       -0.091895  , -0.34098977, -0.0019169 , -0.4648247 , -0.47535743,
       -0.08810089,  0.21727038, -0.12641394,  0.10993981, -0.26163375,
        0.0274643 , -0.20272064,  0.23873425, -0.01054775, -0.41202148,
       -0.1629941 ,  0.40689896,  0.4579713 ,  0.39561843, -0.20065356,
        0.24125144,  0.44342328, -0.03369568,  0.38222307,  0.4165439 ,
       -0.10896455,  0.17774451,  0.29191864,  0.13509941,  0.30780751,
        0.29591838, -0.07730923,  0.32206925,  0.229943  , -0.139611  ,
        0.32207025, -0.04078126,  0.24194471, -0.08564212,  0.01026306,
        0.07797387,  0.46342821, -0.30394428, -0.35054768,  0.08957595,
        0.05297588, -0.05844927, -0.42067183,  0.34871428, -0.34551051,
       -0.3055322 , -0.32891899, -0.44498638, -0.35242968]) 

Generation: 59 
 - Generation Avg Fit: 232.8296986202821 
 - Best Fitness: 536.2079572507063
 - Best Solution: array([ 0.28743966, -0.16105241, -0.38949881,  0.23585015, -0.2153217 ,
       -0.3352282 ,  0.02233649, -0.36639628,  0.50678073,  0.13706897,
       -0.07473003,  0.47271945,  0.01473135,  0.03609331, -0.0680894 ,
        0.45090612,  0.09504303,  0.25348873,  0.445385  , -0.27022253,
        0.07780995,  0.13256726,  0.04303293,  0.02787057, -0.34846852,
       -0.09522671,  0.15258328,  0.07551113, -0.28011346,  0.09198559,
       -0.10720517,  0.44345676, -0.04299256,  0.0425553 , -0.17773588,
        0.00432979,  0.10073074, -0.2457601 , -0.36224611,  0.2513067 ,
       -0.38639287,  0.03989236, -0.46087384,  0.4871106 , -0.20882783,
        0.22791898,  0.1651259 ,  0.42739438,  0.18818092,  0.01076354,
       -0.32616038,  0.01530405, -0.25536092,  0.24419376, -0.03790648,
        0.18740376, -0.1586875 ,  0.46711416,  0.05227483, -0.0809503 ,
       -0.33130671,  0.06842776,  0.06968183, -0.03188321]) 

Generation: 60 
 - Generation Avg Fit: 242.59478798648794 
 - Best Fitness: 536.2079572507063
 - Best Solution: array([-0.48380852, -0.41330674, -0.38600653, -0.07138285,  0.41343475,
        0.34603852,  0.0580504 , -0.02675772, -0.31998067, -0.14781333,
       -0.091895  , -0.34098977, -0.0019169 , -0.4648247 , -0.47535743,
       -0.08810089,  0.21727038, -0.12641394,  0.10993981, -0.26163375,
        0.0274643 , -0.20272064,  0.23873425, -0.01054775, -0.41202148,
       -0.1629941 ,  0.40689896,  0.4579713 ,  0.39561843, -0.20065356,
        0.24125144,  0.44342328, -0.03369568,  0.38222307,  0.4165439 ,
       -0.10896455,  0.17774451,  0.29191864,  0.13509941,  0.30780751,
        0.29591838, -0.07730923,  0.32206925,  0.229943  , -0.139611  ,
        0.32207025, -0.04078126,  0.24194471, -0.08564212,  0.01026306,
        0.07797387,  0.46342821, -0.30394428, -0.35054768,  0.08957595,
        0.05297588, -0.05844927, -0.42067183,  0.34871428, -0.34551051,
       -0.3055322 , -0.32891899, -0.44498638, -0.35242968]) 

Generation: 61 
 - Generation Avg Fit: 238.24313310415047 
 - Best Fitness: 536.2079572507063
 - Best Solution: array([-0.48380852, -0.41330674, -0.38600653, -0.07138285,  0.41343475,
        0.34603852,  0.0580504 , -0.02675772, -0.31998067, -0.14781333,
       -0.091895  , -0.34098977, -0.0019169 , -0.4648247 , -0.47535743,
       -0.08810089,  0.21727038, -0.12641394,  0.10993981, -0.26163375,
        0.0274643 , -0.20272064,  0.23873425, -0.01054775, -0.41202148,
       -0.1629941 ,  0.40689896,  0.4579713 ,  0.39561843, -0.20065356,
        0.24125144,  0.44342328, -0.03369568,  0.38222307,  0.4165439 ,
       -0.10896455,  0.17774451,  0.29191864,  0.13509941,  0.30780751,
        0.29591838, -0.07730923,  0.32206925,  0.229943  , -0.139611  ,
        0.32207025, -0.04078126,  0.24194471, -0.08564212,  0.01026306,
        0.07797387,  0.46342821, -0.30394428, -0.35054768,  0.08957595,
        0.05297588, -0.05844927, -0.42067183,  0.34871428, -0.34551051,
       -0.3055322 , -0.32891899, -0.44498638, -0.35242968]) 

Generation: 62 
 - Generation Avg Fit: 238.5064447490604 
 - Best Fitness: 536.2079572507063
 - Best Solution: array([-0.48380852, -0.41330674, -0.38600653, -0.07138285,  0.41343475,
        0.34603852,  0.0580504 , -0.02675772, -0.31998067, -0.14781333,
       -0.091895  , -0.34098977, -0.0019169 , -0.4648247 , -0.47535743,
       -0.08810089,  0.21727038, -0.12641394,  0.10993981, -0.26163375,
        0.0274643 , -0.20272064,  0.23873425, -0.01054775, -0.41202148,
       -0.1629941 ,  0.40689896,  0.4579713 ,  0.39561843, -0.20065356,
        0.24125144,  0.44342328, -0.03369568,  0.38222307,  0.4165439 ,
       -0.10896455,  0.17774451,  0.29191864,  0.13509941,  0.30780751,
        0.29591838, -0.07730923,  0.32206925,  0.229943  , -0.139611  ,
        0.32207025, -0.04078126,  0.24194471, -0.08564212,  0.01026306,
        0.07797387,  0.46342821, -0.30394428, -0.35054768,  0.08957595,
        0.05297588, -0.05844927, -0.42067183,  0.34871428, -0.34551051,
       -0.3055322 , -0.32891899, -0.44498638, -0.35242968]) 

Generation: 63 
 - Generation Avg Fit: 224.50492093131876 
 - Best Fitness: 536.2079572507063
 - Best Solution: array([-0.48380852, -0.41330674, -0.38600653, -0.07138285,  0.41343475,
        0.34603852,  0.0580504 , -0.02675772, -0.31998067, -0.14781333,
       -0.091895  , -0.34098977, -0.0019169 , -0.4648247 , -0.47535743,
       -0.08810089,  0.21727038, -0.12641394,  0.10993981, -0.26163375,
        0.0274643 , -0.20272064,  0.23873425, -0.01054775, -0.41202148,
       -0.1629941 ,  0.40689896,  0.4579713 ,  0.39561843, -0.20065356,
        0.24125144,  0.44342328, -0.03369568,  0.38222307,  0.4165439 ,
       -0.10896455,  0.17774451,  0.29191864,  0.13509941,  0.30780751,
        0.29591838, -0.07730923,  0.32206925,  0.229943  , -0.139611  ,
        0.32207025, -0.04078126,  0.24194471, -0.08564212,  0.01026306,
        0.07797387,  0.46342821, -0.30394428, -0.35054768,  0.08957595,
        0.05297588, -0.05844927, -0.42067183,  0.34871428, -0.34551051,
       -0.3055322 , -0.32891899, -0.44498638, -0.35242968]) 

Generation: 64 
 - Generation Avg Fit: 230.6378023261184 
 - Best Fitness: 536.2079572507063
 - Best Solution: array([-0.48380852, -0.41330674, -0.38600653, -0.07138285,  0.41343475,
        0.34603852,  0.0580504 , -0.02675772, -0.31998067, -0.14781333,
       -0.091895  , -0.34098977, -0.0019169 , -0.4648247 , -0.47535743,
       -0.08810089,  0.21727038, -0.12641394,  0.10993981, -0.26163375,
        0.0274643 , -0.20272064,  0.23873425, -0.01054775, -0.41202148,
       -0.1629941 ,  0.40689896,  0.4579713 ,  0.39561843, -0.20065356,
        0.24125144,  0.44342328, -0.03369568,  0.38222307,  0.4165439 ,
       -0.10896455,  0.17774451,  0.29191864,  0.13509941,  0.30780751,
        0.29591838, -0.07730923,  0.32206925,  0.229943  , -0.139611  ,
        0.32207025, -0.04078126,  0.24194471, -0.08564212,  0.01026306,
        0.07797387,  0.46342821, -0.30394428, -0.35054768,  0.08957595,
        0.05297588, -0.05844927, -0.42067183,  0.34871428, -0.34551051,
       -0.3055322 , -0.32891899, -0.44498638, -0.35242968]) 

Generation: 65 
 - Generation Avg Fit: 244.00041116732442 
 - Best Fitness: 536.2079572507063
 - Best Solution: array([-0.48380852, -0.41330674, -0.38600653, -0.07138285,  0.41343475,
        0.34603852,  0.0580504 , -0.02675772, -0.31998067, -0.14781333,
       -0.091895  , -0.34098977, -0.0019169 , -0.4648247 , -0.47535743,
       -0.08810089,  0.21727038, -0.12641394,  0.10993981, -0.26163375,
        0.0274643 , -0.20272064,  0.23873425, -0.01054775, -0.41202148,
       -0.1629941 ,  0.40689896,  0.4579713 ,  0.39561843, -0.20065356,
        0.24125144,  0.44342328, -0.03369568,  0.38222307,  0.4165439 ,
       -0.10896455,  0.17774451,  0.29191864,  0.13509941,  0.30780751,
        0.29591838, -0.07730923,  0.32206925,  0.229943  , -0.139611  ,
        0.32207025, -0.04078126,  0.24194471, -0.08564212,  0.01026306,
        0.07797387,  0.46342821, -0.30394428, -0.35054768,  0.08957595,
        0.05297588, -0.05844927, -0.42067183,  0.34871428, -0.34551051,
       -0.3055322 , -0.32891899, -0.44498638, -0.35242968]) 

Generation: 66 
 - Generation Avg Fit: 238.40417993474082 
 - Best Fitness: 536.2079572507063
 - Best Solution: array([-0.48380852, -0.41330674, -0.38600653, -0.07138285,  0.41343475,
        0.34603852,  0.0580504 , -0.02675772, -0.31998067, -0.14781333,
       -0.091895  , -0.34098977, -0.0019169 , -0.4648247 , -0.47535743,
       -0.08810089,  0.21727038, -0.12641394,  0.10993981, -0.26163375,
        0.0274643 , -0.20272064,  0.23873425, -0.01054775, -0.41202148,
       -0.1629941 ,  0.40689896,  0.4579713 ,  0.39561843, -0.20065356,
        0.24125144,  0.44342328, -0.03369568,  0.38222307,  0.4165439 ,
       -0.10896455,  0.17774451,  0.29191864,  0.13509941,  0.30780751,
        0.29591838, -0.07730923,  0.32206925,  0.229943  , -0.139611  ,
        0.32207025, -0.04078126,  0.24194471, -0.08564212,  0.01026306,
        0.07797387,  0.46342821, -0.30394428, -0.35054768,  0.08957595,
        0.05297588, -0.05844927, -0.42067183,  0.34871428, -0.34551051,
       -0.3055322 , -0.32891899, -0.44498638, -0.35242968]) 

Generation: 67 
 - Generation Avg Fit: 238.08524207221254 
 - Best Fitness: 536.2079572507063
 - Best Solution: array([-0.48380852, -0.41330674, -0.38600653, -0.07138285,  0.41343475,
        0.34603852,  0.0580504 , -0.02675772, -0.31998067, -0.14781333,
       -0.091895  , -0.34098977, -0.0019169 , -0.4648247 , -0.47535743,
       -0.08810089,  0.21727038, -0.12641394,  0.10993981, -0.26163375,
        0.0274643 , -0.20272064,  0.23873425, -0.01054775, -0.41202148,
       -0.1629941 ,  0.40689896,  0.4579713 ,  0.39561843, -0.20065356,
        0.24125144,  0.44342328, -0.03369568,  0.38222307,  0.4165439 ,
       -0.10896455,  0.17774451,  0.29191864,  0.13509941,  0.30780751,
        0.29591838, -0.07730923,  0.32206925,  0.229943  , -0.139611  ,
        0.32207025, -0.04078126,  0.24194471, -0.08564212,  0.01026306,
        0.07797387,  0.46342821, -0.30394428, -0.35054768,  0.08957595,
        0.05297588, -0.05844927, -0.42067183,  0.34871428, -0.34551051,
       -0.3055322 , -0.32891899, -0.44498638, -0.35242968]) 

Generation: 68 
 - Generation Avg Fit: 236.16841045154476 
 - Best Fitness: 536.2079572507063
 - Best Solution: array([-0.48380852, -0.41330674, -0.38600653, -0.07138285,  0.41343475,
        0.34603852,  0.0580504 , -0.02675772, -0.31998067, -0.14781333,
       -0.091895  , -0.34098977, -0.0019169 , -0.4648247 , -0.47535743,
       -0.08810089,  0.21727038, -0.12641394,  0.10993981, -0.26163375,
        0.0274643 , -0.20272064,  0.23873425, -0.01054775, -0.41202148,
       -0.1629941 ,  0.40689896,  0.4579713 ,  0.39561843, -0.20065356,
        0.24125144,  0.44342328, -0.03369568,  0.38222307,  0.4165439 ,
       -0.10896455,  0.17774451,  0.29191864,  0.13509941,  0.30780751,
        0.29591838, -0.07730923,  0.32206925,  0.229943  , -0.139611  ,
        0.32207025, -0.04078126,  0.24194471, -0.08564212,  0.01026306,
        0.07797387,  0.46342821, -0.30394428, -0.35054768,  0.08957595,
        0.05297588, -0.05844927, -0.42067183,  0.34871428, -0.34551051,
       -0.3055322 , -0.32891899, -0.44498638, -0.35242968]) 

Generation: 69 
 - Generation Avg Fit: 237.8326309178098 
 - Best Fitness: 536.2079572507063
 - Best Solution: array([-0.48380852, -0.41330674, -0.38600653, -0.07138285,  0.41343475,
        0.34603852,  0.0580504 , -0.02675772, -0.31998067, -0.14781333,
       -0.091895  , -0.34098977, -0.0019169 , -0.4648247 , -0.47535743,
       -0.08810089,  0.21727038, -0.12641394,  0.10993981, -0.26163375,
        0.0274643 , -0.20272064,  0.23873425, -0.01054775, -0.41202148,
       -0.1629941 ,  0.40689896,  0.4579713 ,  0.39561843, -0.20065356,
        0.24125144,  0.44342328, -0.03369568,  0.38222307,  0.4165439 ,
       -0.10896455,  0.17774451,  0.29191864,  0.13509941,  0.30780751,
        0.29591838, -0.07730923,  0.32206925,  0.229943  , -0.139611  ,
        0.32207025, -0.04078126,  0.24194471, -0.08564212,  0.01026306,
        0.07797387,  0.46342821, -0.30394428, -0.35054768,  0.08957595,
        0.05297588, -0.05844927, -0.42067183,  0.34871428, -0.34551051,
       -0.3055322 , -0.32891899, -0.44498638, -0.35242968]) 

Generation: 70 
 - Generation Avg Fit: 229.9546882819019 
 - Best Fitness: 536.2079572507063
 - Best Solution: array([-0.48380852, -0.41330674, -0.38600653, -0.07138285,  0.41343475,
        0.34603852,  0.0580504 , -0.02675772, -0.31998067, -0.14781333,
       -0.091895  , -0.34098977, -0.0019169 , -0.4648247 , -0.47535743,
       -0.08810089,  0.21727038, -0.12641394,  0.10993981, -0.26163375,
        0.0274643 , -0.20272064,  0.23873425, -0.01054775, -0.41202148,
       -0.1629941 ,  0.40689896,  0.4579713 ,  0.39561843, -0.20065356,
        0.24125144,  0.44342328, -0.03369568,  0.38222307,  0.4165439 ,
       -0.10896455,  0.17774451,  0.29191864,  0.13509941,  0.30780751,
        0.29591838, -0.07730923,  0.32206925,  0.229943  , -0.139611  ,
        0.32207025, -0.04078126,  0.24194471, -0.08564212,  0.01026306,
        0.07797387,  0.46342821, -0.30394428, -0.35054768,  0.08957595,
        0.05297588, -0.05844927, -0.42067183,  0.34871428, -0.34551051,
       -0.3055322 , -0.32891899, -0.44498638, -0.35242968]) 

Generation: 71 
 - Generation Avg Fit: 232.42392324703943 
 - Best Fitness: 536.2079572507063
 - Best Solution: array([-0.48380852, -0.41330674, -0.38600653, -0.07138285,  0.41343475,
        0.34603852,  0.0580504 , -0.02675772, -0.31998067, -0.14781333,
       -0.091895  , -0.34098977, -0.0019169 , -0.4648247 , -0.47535743,
       -0.08810089,  0.21727038, -0.12641394,  0.10993981, -0.26163375,
        0.0274643 , -0.20272064,  0.23873425, -0.01054775, -0.41202148,
       -0.1629941 ,  0.40689896,  0.4579713 ,  0.39561843, -0.20065356,
        0.24125144,  0.44342328, -0.03369568,  0.38222307,  0.4165439 ,
       -0.10896455,  0.17774451,  0.29191864,  0.13509941,  0.30780751,
        0.29591838, -0.07730923,  0.32206925,  0.229943  , -0.139611  ,
        0.32207025, -0.04078126,  0.24194471, -0.08564212,  0.01026306,
        0.07797387,  0.46342821, -0.30394428, -0.35054768,  0.08957595,
        0.05297588, -0.05844927, -0.42067183,  0.34871428, -0.34551051,
       -0.3055322 , -0.32891899, -0.44498638, -0.35242968]) 

Generation: 72 
 - Generation Avg Fit: 241.37188483771035 
 - Best Fitness: 536.2079572507063
 - Best Solution: array([-0.48380852, -0.41330674, -0.38600653, -0.07138285,  0.41343475,
        0.34603852,  0.0580504 , -0.02675772, -0.31998067, -0.14781333,
       -0.091895  , -0.34098977, -0.0019169 , -0.4648247 , -0.47535743,
       -0.08810089,  0.21727038, -0.12641394,  0.10993981, -0.26163375,
        0.0274643 , -0.20272064,  0.23873425, -0.01054775, -0.41202148,
       -0.1629941 ,  0.40689896,  0.4579713 ,  0.39561843, -0.20065356,
        0.24125144,  0.44342328, -0.03369568,  0.38222307,  0.4165439 ,
       -0.10896455,  0.17774451,  0.29191864,  0.13509941,  0.30780751,
        0.29591838, -0.07730923,  0.32206925,  0.229943  , -0.139611  ,
        0.32207025, -0.04078126,  0.24194471, -0.08564212,  0.01026306,
        0.07797387,  0.46342821, -0.30394428, -0.35054768,  0.08957595,
        0.05297588, -0.05844927, -0.42067183,  0.34871428, -0.34551051,
       -0.3055322 , -0.32891899, -0.44498638, -0.35242968]) 

Generation: 73 
 - Generation Avg Fit: 250.2880600055067 
 - Best Fitness: 536.2079572507063
 - Best Solution: array([-0.48380852, -0.41330674, -0.38600653, -0.07138285,  0.41343475,
        0.34603852,  0.0580504 , -0.02675772, -0.31998067, -0.14781333,
       -0.091895  , -0.34098977, -0.0019169 , -0.4648247 , -0.47535743,
       -0.08810089,  0.21727038, -0.12641394,  0.10993981, -0.26163375,
        0.0274643 , -0.20272064,  0.23873425, -0.01054775, -0.41202148,
       -0.1629941 ,  0.40689896,  0.4579713 ,  0.39561843, -0.20065356,
        0.24125144,  0.44342328, -0.03369568,  0.38222307,  0.4165439 ,
       -0.10896455,  0.17774451,  0.29191864,  0.13509941,  0.30780751,
        0.29591838, -0.07730923,  0.32206925,  0.229943  , -0.139611  ,
        0.32207025, -0.04078126,  0.24194471, -0.08564212,  0.01026306,
        0.07797387,  0.46342821, -0.30394428, -0.35054768,  0.08957595,
        0.05297588, -0.05844927, -0.42067183,  0.34871428, -0.34551051,
       -0.3055322 , -0.32891899, -0.44498638, -0.35242968]) 

Generation: 74 
 - Generation Avg Fit: 244.4344485713709 
 - Best Fitness: 536.2079572507063
 - Best Solution: array([-0.48380852, -0.41330674, -0.38600653, -0.07138285,  0.41343475,
        0.34603852,  0.0580504 , -0.02675772, -0.31998067, -0.14781333,
       -0.091895  , -0.34098977, -0.0019169 , -0.4648247 , -0.47535743,
       -0.08810089,  0.21727038, -0.12641394,  0.10993981, -0.26163375,
        0.0274643 , -0.20272064,  0.23873425, -0.01054775, -0.41202148,
       -0.1629941 ,  0.40689896,  0.4579713 ,  0.39561843, -0.20065356,
        0.24125144,  0.44342328, -0.03369568,  0.38222307,  0.4165439 ,
       -0.10896455,  0.17774451,  0.29191864,  0.13509941,  0.30780751,
        0.29591838, -0.07730923,  0.32206925,  0.229943  , -0.139611  ,
        0.32207025, -0.04078126,  0.24194471, -0.08564212,  0.01026306,
        0.07797387,  0.46342821, -0.30394428, -0.35054768,  0.08957595,
        0.05297588, -0.05844927, -0.42067183,  0.34871428, -0.34551051,
       -0.3055322 , -0.32891899, -0.44498638, -0.35242968]) 

Generation: 75 
 - Generation Avg Fit: 241.1197430585285 
 - Best Fitness: 536.2079572507063
 - Best Solution: array([-0.48380852, -0.41330674, -0.38600653, -0.07138285,  0.41343475,
        0.34603852,  0.0580504 , -0.02675772, -0.31998067, -0.14781333,
       -0.091895  , -0.34098977, -0.0019169 , -0.4648247 , -0.47535743,
       -0.08810089,  0.21727038, -0.12641394,  0.10993981, -0.26163375,
        0.0274643 , -0.20272064,  0.23873425, -0.01054775, -0.41202148,
       -0.1629941 ,  0.40689896,  0.4579713 ,  0.39561843, -0.20065356,
        0.24125144,  0.44342328, -0.03369568,  0.38222307,  0.4165439 ,
       -0.10896455,  0.17774451,  0.29191864,  0.13509941,  0.30780751,
        0.29591838, -0.07730923,  0.32206925,  0.229943  , -0.139611  ,
        0.32207025, -0.04078126,  0.24194471, -0.08564212,  0.01026306,
        0.07797387,  0.46342821, -0.30394428, -0.35054768,  0.08957595,
        0.05297588, -0.05844927, -0.42067183,  0.34871428, -0.34551051,
       -0.3055322 , -0.32891899, -0.44498638, -0.35242968]) 

Generation: 76 
 - Generation Avg Fit: 238.69244184819038 
 - Best Fitness: 536.2079572507063
 - Best Solution: array([-0.48380852, -0.41330674, -0.38600653, -0.07138285,  0.41343475,
        0.34603852,  0.0580504 , -0.02675772, -0.31998067, -0.14781333,
       -0.091895  , -0.34098977, -0.0019169 , -0.4648247 , -0.47535743,
       -0.08810089,  0.21727038, -0.12641394,  0.10993981, -0.26163375,
        0.0274643 , -0.20272064,  0.23873425, -0.01054775, -0.41202148,
       -0.1629941 ,  0.40689896,  0.4579713 ,  0.39561843, -0.20065356,
        0.24125144,  0.44342328, -0.03369568,  0.38222307,  0.4165439 ,
       -0.10896455,  0.17774451,  0.29191864,  0.13509941,  0.30780751,
        0.29591838, -0.07730923,  0.32206925,  0.229943  , -0.139611  ,
        0.32207025, -0.04078126,  0.24194471, -0.08564212,  0.01026306,
        0.07797387,  0.46342821, -0.30394428, -0.35054768,  0.08957595,
        0.05297588, -0.05844927, -0.42067183,  0.34871428, -0.34551051,
       -0.3055322 , -0.32891899, -0.44498638, -0.35242968]) 

Generation: 77 
 - Generation Avg Fit: 238.4603052453245 
 - Best Fitness: 536.2079572507063
 - Best Solution: array([-0.48380852, -0.41330674, -0.38600653, -0.07138285,  0.41343475,
        0.34603852,  0.0580504 , -0.02675772, -0.31998067, -0.14781333,
       -0.091895  , -0.34098977, -0.0019169 , -0.4648247 , -0.47535743,
       -0.08810089,  0.21727038, -0.12641394,  0.10993981, -0.26163375,
        0.0274643 , -0.20272064,  0.23873425, -0.01054775, -0.41202148,
       -0.1629941 ,  0.40689896,  0.4579713 ,  0.39561843, -0.20065356,
        0.24125144,  0.44342328, -0.03369568,  0.38222307,  0.4165439 ,
       -0.10896455,  0.17774451,  0.29191864,  0.13509941,  0.30780751,
        0.29591838, -0.07730923,  0.32206925,  0.229943  , -0.139611  ,
        0.32207025, -0.04078126,  0.24194471, -0.08564212,  0.01026306,
        0.07797387,  0.46342821, -0.30394428, -0.35054768,  0.08957595,
        0.05297588, -0.05844927, -0.42067183,  0.34871428, -0.34551051,
       -0.3055322 , -0.32891899, -0.44498638, -0.35242968]) 

Generation: 78 
 - Generation Avg Fit: 242.9636657483505 
 - Best Fitness: 536.2079572507063
 - Best Solution: array([-0.48380852, -0.41330674, -0.38600653, -0.07138285,  0.41343475,
        0.34603852,  0.0580504 , -0.02675772, -0.31998067, -0.14781333,
       -0.091895  , -0.34098977, -0.0019169 , -0.4648247 , -0.47535743,
       -0.08810089,  0.21727038, -0.12641394,  0.10993981, -0.26163375,
        0.0274643 , -0.20272064,  0.23873425, -0.01054775, -0.41202148,
       -0.1629941 ,  0.40689896,  0.4579713 ,  0.39561843, -0.20065356,
        0.24125144,  0.44342328, -0.03369568,  0.38222307,  0.4165439 ,
       -0.10896455,  0.17774451,  0.29191864,  0.13509941,  0.30780751,
        0.29591838, -0.07730923,  0.32206925,  0.229943  , -0.139611  ,
        0.32207025, -0.04078126,  0.24194471, -0.08564212,  0.01026306,
        0.07797387,  0.46342821, -0.30394428, -0.35054768,  0.08957595,
        0.05297588, -0.05844927, -0.42067183,  0.34871428, -0.34551051,
       -0.3055322 , -0.32891899, -0.44498638, -0.35242968]) 

Generation: 79 
 - Generation Avg Fit: 239.26908886369216 
 - Best Fitness: 536.2079572507063
 - Best Solution: array([-0.48380852, -0.41330674, -0.38600653, -0.07138285,  0.41343475,
        0.34603852,  0.0580504 , -0.02675772, -0.31998067, -0.14781333,
       -0.091895  , -0.34098977, -0.0019169 , -0.4648247 , -0.47535743,
       -0.08810089,  0.21727038, -0.12641394,  0.10993981, -0.26163375,
        0.0274643 , -0.20272064,  0.23873425, -0.01054775, -0.41202148,
       -0.1629941 ,  0.40689896,  0.4579713 ,  0.39561843, -0.20065356,
        0.24125144,  0.44342328, -0.03369568,  0.38222307,  0.4165439 ,
       -0.10896455,  0.17774451,  0.29191864,  0.13509941,  0.30780751,
        0.29591838, -0.07730923,  0.32206925,  0.229943  , -0.139611  ,
        0.32207025, -0.04078126,  0.24194471, -0.08564212,  0.01026306,
        0.07797387,  0.46342821, -0.30394428, -0.35054768,  0.08957595,
        0.05297588, -0.05844927, -0.42067183,  0.34871428, -0.34551051,
       -0.3055322 , -0.32891899, -0.44498638, -0.35242968]) 

Generation: 80 
 - Generation Avg Fit: 250.4871113476429 
 - Best Fitness: 536.2079572507063
 - Best Solution: array([-0.48380852, -0.41330674, -0.38600653, -0.07138285,  0.41343475,
        0.34603852,  0.0580504 , -0.02675772, -0.31998067, -0.14781333,
       -0.091895  , -0.34098977, -0.0019169 , -0.4648247 , -0.47535743,
       -0.08810089,  0.21727038, -0.12641394,  0.10993981, -0.26163375,
        0.0274643 , -0.20272064,  0.23873425, -0.01054775, -0.41202148,
       -0.1629941 ,  0.40689896,  0.4579713 ,  0.39561843, -0.20065356,
        0.24125144,  0.44342328, -0.03369568,  0.38222307,  0.4165439 ,
       -0.10896455,  0.17774451,  0.29191864,  0.13509941,  0.30780751,
        0.29591838, -0.07730923,  0.32206925,  0.229943  , -0.139611  ,
        0.32207025, -0.04078126,  0.24194471, -0.08564212,  0.01026306,
        0.07797387,  0.46342821, -0.30394428, -0.35054768,  0.08957595,
        0.05297588, -0.05844927, -0.42067183,  0.34871428, -0.34551051,
       -0.3055322 , -0.32891899, -0.44498638, -0.35242968]) 

Generation: 81 
 - Generation Avg Fit: 248.3299018501983 
 - Best Fitness: 536.2079572507063
 - Best Solution: array([-0.48380852, -0.41330674, -0.38600653, -0.07138285,  0.41343475,
        0.34603852,  0.0580504 , -0.02675772, -0.31998067, -0.14781333,
       -0.091895  , -0.34098977, -0.0019169 , -0.4648247 , -0.47535743,
       -0.08810089,  0.21727038, -0.12641394,  0.10993981, -0.26163375,
        0.0274643 , -0.20272064,  0.23873425, -0.01054775, -0.41202148,
       -0.1629941 ,  0.40689896,  0.4579713 ,  0.39561843, -0.20065356,
        0.24125144,  0.44342328, -0.03369568,  0.38222307,  0.4165439 ,
       -0.10896455,  0.17774451,  0.29191864,  0.13509941,  0.30780751,
        0.29591838, -0.07730923,  0.32206925,  0.229943  , -0.139611  ,
        0.32207025, -0.04078126,  0.24194471, -0.08564212,  0.01026306,
        0.07797387,  0.46342821, -0.30394428, -0.35054768,  0.08957595,
        0.05297588, -0.05844927, -0.42067183,  0.34871428, -0.34551051,
       -0.3055322 , -0.32891899, -0.44498638, -0.35242968]) 

Generation: 82 
 - Generation Avg Fit: 246.351390736509 
 - Best Fitness: 536.2079572507063
 - Best Solution: array([-0.48380852, -0.41330674, -0.38600653, -0.07138285,  0.41343475,
        0.34603852,  0.0580504 , -0.02675772, -0.31998067, -0.14781333,
       -0.091895  , -0.34098977, -0.0019169 , -0.4648247 , -0.47535743,
       -0.08810089,  0.21727038, -0.12641394,  0.10993981, -0.26163375,
        0.0274643 , -0.20272064,  0.23873425, -0.01054775, -0.41202148,
       -0.1629941 ,  0.40689896,  0.4579713 ,  0.39561843, -0.20065356,
        0.24125144,  0.44342328, -0.03369568,  0.38222307,  0.4165439 ,
       -0.10896455,  0.17774451,  0.29191864,  0.13509941,  0.30780751,
        0.29591838, -0.07730923,  0.32206925,  0.229943  , -0.139611  ,
        0.32207025, -0.04078126,  0.24194471, -0.08564212,  0.01026306,
        0.07797387,  0.46342821, -0.30394428, -0.35054768,  0.08957595,
        0.05297588, -0.05844927, -0.42067183,  0.34871428, -0.34551051,
       -0.3055322 , -0.32891899, -0.44498638, -0.35242968]) 

Generation: 83 
 - Generation Avg Fit: 241.9202901593397 
 - Best Fitness: 536.2079572507063
 - Best Solution: array([-0.48380852, -0.41330674, -0.38600653, -0.07138285,  0.41343475,
        0.34603852,  0.0580504 , -0.02675772, -0.31998067, -0.14781333,
       -0.091895  , -0.34098977, -0.0019169 , -0.4648247 , -0.47535743,
       -0.08810089,  0.21727038, -0.12641394,  0.10993981, -0.26163375,
        0.0274643 , -0.20272064,  0.23873425, -0.01054775, -0.41202148,
       -0.1629941 ,  0.40689896,  0.4579713 ,  0.39561843, -0.20065356,
        0.24125144,  0.44342328, -0.03369568,  0.38222307,  0.4165439 ,
       -0.10896455,  0.17774451,  0.29191864,  0.13509941,  0.30780751,
        0.29591838, -0.07730923,  0.32206925,  0.229943  , -0.139611  ,
        0.32207025, -0.04078126,  0.24194471, -0.08564212,  0.01026306,
        0.07797387,  0.46342821, -0.30394428, -0.35054768,  0.08957595,
        0.05297588, -0.05844927, -0.42067183,  0.34871428, -0.34551051,
       -0.3055322 , -0.32891899, -0.44498638, -0.35242968]) 

Generation: 84 
 - Generation Avg Fit: 249.27958392779954 
 - Best Fitness: 536.2079572507063
 - Best Solution: array([-0.48380852, -0.41330674, -0.38600653, -0.07138285,  0.41343475,
        0.34603852,  0.0580504 , -0.02675772, -0.31998067, -0.14781333,
       -0.091895  , -0.34098977, -0.0019169 , -0.4648247 , -0.47535743,
       -0.08810089,  0.21727038, -0.12641394,  0.10993981, -0.26163375,
        0.0274643 , -0.20272064,  0.23873425, -0.01054775, -0.41202148,
       -0.1629941 ,  0.40689896,  0.4579713 ,  0.39561843, -0.20065356,
        0.24125144,  0.44342328, -0.03369568,  0.38222307,  0.4165439 ,
       -0.10896455,  0.17774451,  0.29191864,  0.13509941,  0.30780751,
        0.29591838, -0.07730923,  0.32206925,  0.229943  , -0.139611  ,
        0.32207025, -0.04078126,  0.24194471, -0.08564212,  0.01026306,
        0.07797387,  0.46342821, -0.30394428, -0.35054768,  0.08957595,
        0.05297588, -0.05844927, -0.42067183,  0.34871428, -0.34551051,
       -0.3055322 , -0.32891899, -0.44498638, -0.35242968]) 

Generation: 85 
 - Generation Avg Fit: 241.70570562263293 
 - Best Fitness: 536.2079572507063
 - Best Solution: array([-0.48380852, -0.41330674, -0.38600653, -0.07138285,  0.41343475,
        0.34603852,  0.0580504 , -0.02675772, -0.31998067, -0.14781333,
       -0.091895  , -0.34098977, -0.0019169 , -0.4648247 , -0.47535743,
       -0.08810089,  0.21727038, -0.12641394,  0.10993981, -0.26163375,
        0.0274643 , -0.20272064,  0.23873425, -0.01054775, -0.41202148,
       -0.1629941 ,  0.40689896,  0.4579713 ,  0.39561843, -0.20065356,
        0.24125144,  0.44342328, -0.03369568,  0.38222307,  0.4165439 ,
       -0.10896455,  0.17774451,  0.29191864,  0.13509941,  0.30780751,
        0.29591838, -0.07730923,  0.32206925,  0.229943  , -0.139611  ,
        0.32207025, -0.04078126,  0.24194471, -0.08564212,  0.01026306,
        0.07797387,  0.46342821, -0.30394428, -0.35054768,  0.08957595,
        0.05297588, -0.05844927, -0.42067183,  0.34871428, -0.34551051,
       -0.3055322 , -0.32891899, -0.44498638, -0.35242968]) 

Generation: 86 
 - Generation Avg Fit: 243.3925381059658 
 - Best Fitness: 536.2079572507063
 - Best Solution: array([-0.48380852, -0.41330674, -0.38600653, -0.07138285,  0.41343475,
        0.34603852,  0.0580504 , -0.02675772, -0.31998067, -0.14781333,
       -0.091895  , -0.34098977, -0.0019169 , -0.4648247 , -0.47535743,
       -0.08810089,  0.21727038, -0.12641394,  0.10993981, -0.26163375,
        0.0274643 , -0.20272064,  0.23873425, -0.01054775, -0.41202148,
       -0.1629941 ,  0.40689896,  0.4579713 ,  0.39561843, -0.20065356,
        0.24125144,  0.44342328, -0.03369568,  0.38222307,  0.4165439 ,
       -0.10896455,  0.17774451,  0.29191864,  0.13509941,  0.30780751,
        0.29591838, -0.07730923,  0.32206925,  0.229943  , -0.139611  ,
        0.32207025, -0.04078126,  0.24194471, -0.08564212,  0.01026306,
        0.07797387,  0.46342821, -0.30394428, -0.35054768,  0.08957595,
        0.05297588, -0.05844927, -0.42067183,  0.34871428, -0.34551051,
       -0.3055322 , -0.32891899, -0.44498638, -0.35242968]) 

Generation: 87 
 - Generation Avg Fit: 248.77537066862848 
 - Best Fitness: 536.2079572507063
 - Best Solution: array([-0.48380852, -0.41330674, -0.38600653, -0.07138285,  0.41343475,
        0.34603852,  0.0580504 , -0.02675772, -0.31998067, -0.14781333,
       -0.091895  , -0.34098977, -0.0019169 , -0.4648247 , -0.47535743,
       -0.08810089,  0.21727038, -0.12641394,  0.10993981, -0.26163375,
        0.0274643 , -0.20272064,  0.23873425, -0.01054775, -0.41202148,
       -0.1629941 ,  0.40689896,  0.4579713 ,  0.39561843, -0.20065356,
        0.24125144,  0.44342328, -0.03369568,  0.38222307,  0.4165439 ,
       -0.10896455,  0.17774451,  0.29191864,  0.13509941,  0.30780751,
        0.29591838, -0.07730923,  0.32206925,  0.229943  , -0.139611  ,
        0.32207025, -0.04078126,  0.24194471, -0.08564212,  0.01026306,
        0.07797387,  0.46342821, -0.30394428, -0.35054768,  0.08957595,
        0.05297588, -0.05844927, -0.42067183,  0.34871428, -0.34551051,
       -0.3055322 , -0.32891899, -0.44498638, -0.35242968]) 

Generation: 88 
 - Generation Avg Fit: 242.98246922986837 
 - Best Fitness: 536.2079572507063
 - Best Solution: array([-0.48380852, -0.41330674, -0.38600653, -0.07138285,  0.41343475,
        0.34603852,  0.0580504 , -0.02675772, -0.31998067, -0.14781333,
       -0.091895  , -0.34098977, -0.0019169 , -0.4648247 , -0.47535743,
       -0.08810089,  0.21727038, -0.12641394,  0.10993981, -0.26163375,
        0.0274643 , -0.20272064,  0.23873425, -0.01054775, -0.41202148,
       -0.1629941 ,  0.40689896,  0.4579713 ,  0.39561843, -0.20065356,
        0.24125144,  0.44342328, -0.03369568,  0.38222307,  0.4165439 ,
       -0.10896455,  0.17774451,  0.29191864,  0.13509941,  0.30780751,
        0.29591838, -0.07730923,  0.32206925,  0.229943  , -0.139611  ,
        0.32207025, -0.04078126,  0.24194471, -0.08564212,  0.01026306,
        0.07797387,  0.46342821, -0.30394428, -0.35054768,  0.08957595,
        0.05297588, -0.05844927, -0.42067183,  0.34871428, -0.34551051,
       -0.3055322 , -0.32891899, -0.44498638, -0.35242968]) 

Generation: 89 
 - Generation Avg Fit: 248.507518497466 
 - Best Fitness: 536.2079572507063
 - Best Solution: array([-0.48380852, -0.41330674, -0.38600653, -0.07138285,  0.41343475,
        0.34603852,  0.0580504 , -0.02675772, -0.31998067, -0.14781333,
       -0.091895  , -0.34098977, -0.0019169 , -0.4648247 , -0.47535743,
       -0.08810089,  0.21727038, -0.12641394,  0.10993981, -0.26163375,
        0.0274643 , -0.20272064,  0.23873425, -0.01054775, -0.41202148,
       -0.1629941 ,  0.40689896,  0.4579713 ,  0.39561843, -0.20065356,
        0.24125144,  0.44342328, -0.03369568,  0.38222307,  0.4165439 ,
       -0.10896455,  0.17774451,  0.29191864,  0.13509941,  0.30780751,
        0.29591838, -0.07730923,  0.32206925,  0.229943  , -0.139611  ,
        0.32207025, -0.04078126,  0.24194471, -0.08564212,  0.01026306,
        0.07797387,  0.46342821, -0.30394428, -0.35054768,  0.08957595,
        0.05297588, -0.05844927, -0.42067183,  0.34871428, -0.34551051,
       -0.3055322 , -0.32891899, -0.44498638, -0.35242968]) 

Generation: 90 
 - Generation Avg Fit: 245.0351591876011 
 - Best Fitness: 536.2079572507063
 - Best Solution: array([-0.48380852, -0.41330674, -0.38600653, -0.07138285,  0.41343475,
        0.34603852,  0.0580504 , -0.02675772, -0.31998067, -0.14781333,
       -0.091895  , -0.34098977, -0.0019169 , -0.4648247 , -0.47535743,
       -0.08810089,  0.21727038, -0.12641394,  0.10993981, -0.26163375,
        0.0274643 , -0.20272064,  0.23873425, -0.01054775, -0.41202148,
       -0.1629941 ,  0.40689896,  0.4579713 ,  0.39561843, -0.20065356,
        0.24125144,  0.44342328, -0.03369568,  0.38222307,  0.4165439 ,
       -0.10896455,  0.17774451,  0.29191864,  0.13509941,  0.30780751,
        0.29591838, -0.07730923,  0.32206925,  0.229943  , -0.139611  ,
        0.32207025, -0.04078126,  0.24194471, -0.08564212,  0.01026306,
        0.07797387,  0.46342821, -0.30394428, -0.35054768,  0.08957595,
        0.05297588, -0.05844927, -0.42067183,  0.34871428, -0.34551051,
       -0.3055322 , -0.32891899, -0.44498638, -0.35242968]) 

Generation: 91 
 - Generation Avg Fit: 247.7030161889436 
 - Best Fitness: 536.2079572507063
 - Best Solution: array([-0.48380852, -0.41330674, -0.38600653, -0.07138285,  0.41343475,
        0.34603852,  0.0580504 , -0.02675772, -0.31998067, -0.14781333,
       -0.091895  , -0.34098977, -0.0019169 , -0.4648247 , -0.47535743,
       -0.08810089,  0.21727038, -0.12641394,  0.10993981, -0.26163375,
        0.0274643 , -0.20272064,  0.23873425, -0.01054775, -0.41202148,
       -0.1629941 ,  0.40689896,  0.4579713 ,  0.39561843, -0.20065356,
        0.24125144,  0.44342328, -0.03369568,  0.38222307,  0.4165439 ,
       -0.10896455,  0.17774451,  0.29191864,  0.13509941,  0.30780751,
        0.29591838, -0.07730923,  0.32206925,  0.229943  , -0.139611  ,
        0.32207025, -0.04078126,  0.24194471, -0.08564212,  0.01026306,
        0.07797387,  0.46342821, -0.30394428, -0.35054768,  0.08957595,
        0.05297588, -0.05844927, -0.42067183,  0.34871428, -0.34551051,
       -0.3055322 , -0.32891899, -0.44498638, -0.35242968]) 

Generation: 92 
 - Generation Avg Fit: 251.21061110530965 
 - Best Fitness: 536.2079572507063
 - Best Solution: array([-0.48380852, -0.41330674, -0.38600653, -0.07138285,  0.41343475,
        0.34603852,  0.0580504 , -0.02675772, -0.31998067, -0.14781333,
       -0.091895  , -0.34098977, -0.0019169 , -0.4648247 , -0.47535743,
       -0.08810089,  0.21727038, -0.12641394,  0.10993981, -0.26163375,
        0.0274643 , -0.20272064,  0.23873425, -0.01054775, -0.41202148,
       -0.1629941 ,  0.40689896,  0.4579713 ,  0.39561843, -0.20065356,
        0.24125144,  0.44342328, -0.03369568,  0.38222307,  0.4165439 ,
       -0.10896455,  0.17774451,  0.29191864,  0.13509941,  0.30780751,
        0.29591838, -0.07730923,  0.32206925,  0.229943  , -0.139611  ,
        0.32207025, -0.04078126,  0.24194471, -0.08564212,  0.01026306,
        0.07797387,  0.46342821, -0.30394428, -0.35054768,  0.08957595,
        0.05297588, -0.05844927, -0.42067183,  0.34871428, -0.34551051,
       -0.3055322 , -0.32891899, -0.44498638, -0.35242968]) 

Generation: 93 
 - Generation Avg Fit: 253.76994633226556 
 - Best Fitness: 536.2079572507063
 - Best Solution: array([-0.48380852, -0.41330674, -0.38600653, -0.07138285,  0.41343475,
        0.34603852,  0.0580504 , -0.02675772, -0.31998067, -0.14781333,
       -0.091895  , -0.34098977, -0.0019169 , -0.4648247 , -0.47535743,
       -0.08810089,  0.21727038, -0.12641394,  0.10993981, -0.26163375,
        0.0274643 , -0.20272064,  0.23873425, -0.01054775, -0.41202148,
       -0.1629941 ,  0.40689896,  0.4579713 ,  0.39561843, -0.20065356,
        0.24125144,  0.44342328, -0.03369568,  0.38222307,  0.4165439 ,
       -0.10896455,  0.17774451,  0.29191864,  0.13509941,  0.30780751,
        0.29591838, -0.07730923,  0.32206925,  0.229943  , -0.139611  ,
        0.32207025, -0.04078126,  0.24194471, -0.08564212,  0.01026306,
        0.07797387,  0.46342821, -0.30394428, -0.35054768,  0.08957595,
        0.05297588, -0.05844927, -0.42067183,  0.34871428, -0.34551051,
       -0.3055322 , -0.32891899, -0.44498638, -0.35242968]) 

Generation: 94 
 - Generation Avg Fit: 257.2881070278246 
 - Best Fitness: 536.2079572507063
 - Best Solution: array([-0.48380852, -0.41330674, -0.38600653, -0.07138285,  0.41343475,
        0.34603852,  0.0580504 , -0.02675772, -0.31998067, -0.14781333,
       -0.091895  , -0.34098977, -0.0019169 , -0.4648247 , -0.47535743,
       -0.08810089,  0.21727038, -0.12641394,  0.10993981, -0.26163375,
        0.0274643 , -0.20272064,  0.23873425, -0.01054775, -0.41202148,
       -0.1629941 ,  0.40689896,  0.4579713 ,  0.39561843, -0.20065356,
        0.24125144,  0.44342328, -0.03369568,  0.38222307,  0.4165439 ,
       -0.10896455,  0.17774451,  0.29191864,  0.13509941,  0.30780751,
        0.29591838, -0.07730923,  0.32206925,  0.229943  , -0.139611  ,
        0.32207025, -0.04078126,  0.24194471, -0.08564212,  0.01026306,
        0.07797387,  0.46342821, -0.30394428, -0.35054768,  0.08957595,
        0.05297588, -0.05844927, -0.42067183,  0.34871428, -0.34551051,
       -0.3055322 , -0.32891899, -0.44498638, -0.35242968]) 

Generation: 95 
 - Generation Avg Fit: 246.97609503970227 
 - Best Fitness: 536.2079572507063
 - Best Solution: array([-0.48380852, -0.41330674, -0.38600653, -0.07138285,  0.41343475,
        0.34603852,  0.0580504 , -0.02675772, -0.31998067, -0.14781333,
       -0.091895  , -0.34098977, -0.0019169 , -0.4648247 , -0.47535743,
       -0.08810089,  0.21727038, -0.12641394,  0.10993981, -0.26163375,
        0.0274643 , -0.20272064,  0.23873425, -0.01054775, -0.41202148,
       -0.1629941 ,  0.40689896,  0.4579713 ,  0.39561843, -0.20065356,
        0.24125144,  0.44342328, -0.03369568,  0.38222307,  0.4165439 ,
       -0.10896455,  0.17774451,  0.29191864,  0.13509941,  0.30780751,
        0.29591838, -0.07730923,  0.32206925,  0.229943  , -0.139611  ,
        0.32207025, -0.04078126,  0.24194471, -0.08564212,  0.01026306,
        0.07797387,  0.46342821, -0.30394428, -0.35054768,  0.08957595,
        0.05297588, -0.05844927, -0.42067183,  0.34871428, -0.34551051,
       -0.3055322 , -0.32891899, -0.44498638, -0.35242968]) 

Generation: 96 
 - Generation Avg Fit: 246.13222570562422 
 - Best Fitness: 536.2079572507063
 - Best Solution: array([-0.48380852, -0.41330674, -0.38600653, -0.07138285,  0.41343475,
        0.34603852,  0.0580504 , -0.02675772, -0.31998067, -0.14781333,
       -0.091895  , -0.34098977, -0.0019169 , -0.4648247 , -0.47535743,
       -0.08810089,  0.21727038, -0.12641394,  0.10993981, -0.26163375,
        0.0274643 , -0.20272064,  0.23873425, -0.01054775, -0.41202148,
       -0.1629941 ,  0.40689896,  0.4579713 ,  0.39561843, -0.20065356,
        0.24125144,  0.44342328, -0.03369568,  0.38222307,  0.4165439 ,
       -0.10896455,  0.17774451,  0.29191864,  0.13509941,  0.30780751,
        0.29591838, -0.07730923,  0.32206925,  0.229943  , -0.139611  ,
        0.32207025, -0.04078126,  0.24194471, -0.08564212,  0.01026306,
        0.07797387,  0.46342821, -0.30394428, -0.35054768,  0.08957595,
        0.05297588, -0.05844927, -0.42067183,  0.34871428, -0.34551051,
       -0.3055322 , -0.32891899, -0.44498638, -0.35242968]) 

Generation: 97 
 - Generation Avg Fit: 242.66054109848443 
 - Best Fitness: 536.2079572507063
 - Best Solution: array([-0.48380852, -0.41330674, -0.38600653, -0.07138285,  0.41343475,
        0.34603852,  0.0580504 , -0.02675772, -0.31998067, -0.14781333,
       -0.091895  , -0.34098977, -0.0019169 , -0.4648247 , -0.47535743,
       -0.08810089,  0.21727038, -0.12641394,  0.10993981, -0.26163375,
        0.0274643 , -0.20272064,  0.23873425, -0.01054775, -0.41202148,
       -0.1629941 ,  0.40689896,  0.4579713 ,  0.39561843, -0.20065356,
        0.24125144,  0.44342328, -0.03369568,  0.38222307,  0.4165439 ,
       -0.10896455,  0.17774451,  0.29191864,  0.13509941,  0.30780751,
        0.29591838, -0.07730923,  0.32206925,  0.229943  , -0.139611  ,
        0.32207025, -0.04078126,  0.24194471, -0.08564212,  0.01026306,
        0.07797387,  0.46342821, -0.30394428, -0.35054768,  0.08957595,
        0.05297588, -0.05844927, -0.42067183,  0.34871428, -0.34551051,
       -0.3055322 , -0.32891899, -0.44498638, -0.35242968]) 

Generation: 98 
 - Generation Avg Fit: 251.11840518209507 
 - Best Fitness: 536.2079572507063
 - Best Solution: array([-0.48380852, -0.41330674, -0.38600653, -0.07138285,  0.41343475,
        0.34603852,  0.0580504 , -0.02675772, -0.31998067, -0.14781333,
       -0.091895  , -0.34098977, -0.0019169 , -0.4648247 , -0.47535743,
       -0.08810089,  0.21727038, -0.12641394,  0.10993981, -0.26163375,
        0.0274643 , -0.20272064,  0.23873425, -0.01054775, -0.41202148,
       -0.1629941 ,  0.40689896,  0.4579713 ,  0.39561843, -0.20065356,
        0.24125144,  0.44342328, -0.03369568,  0.38222307,  0.4165439 ,
       -0.10896455,  0.17774451,  0.29191864,  0.13509941,  0.30780751,
        0.29591838, -0.07730923,  0.32206925,  0.229943  , -0.139611  ,
        0.32207025, -0.04078126,  0.24194471, -0.08564212,  0.01026306,
        0.07797387,  0.46342821, -0.30394428, -0.35054768,  0.08957595,
        0.05297588, -0.05844927, -0.42067183,  0.34871428, -0.34551051,
       -0.3055322 , -0.32891899, -0.44498638, -0.35242968]) 

Generation: 99 
 - Generation Avg Fit: 254.453505507602 
 - Best Fitness: 536.2079572507063
 - Best Solution: array([-0.48380852, -0.41330674, -0.38600653, -0.07138285,  0.41343475,
        0.34603852,  0.0580504 , -0.02675772, -0.31998067, -0.14781333,
       -0.091895  , -0.34098977, -0.0019169 , -0.4648247 , -0.47535743,
       -0.08810089,  0.21727038, -0.12641394,  0.10993981, -0.26163375,
        0.0274643 , -0.20272064,  0.23873425, -0.01054775, -0.41202148,
       -0.1629941 ,  0.40689896,  0.4579713 ,  0.39561843, -0.20065356,
        0.24125144,  0.44342328, -0.03369568,  0.38222307,  0.4165439 ,
       -0.10896455,  0.17774451,  0.29191864,  0.13509941,  0.30780751,
        0.29591838, -0.07730923,  0.32206925,  0.229943  , -0.139611  ,
        0.32207025, -0.04078126,  0.24194471, -0.08564212,  0.01026306,
        0.07797387,  0.46342821, -0.30394428, -0.35054768,  0.08957595,
        0.05297588, -0.05844927, -0.42067183,  0.34871428, -0.34551051,
       -0.3055322 , -0.32891899, -0.44498638, -0.35242968]) 

Generation: 100 
 - Generation Avg Fit: 260.42238000655084 
 - Best Fitness: 536.2079572507063
 - Best Solution: array([-0.48380852, -0.41330674, -0.38600653, -0.07138285,  0.41343475,
        0.34603852,  0.0580504 , -0.02675772, -0.31998067, -0.14781333,
       -0.091895  , -0.34098977, -0.0019169 , -0.4648247 , -0.47535743,
       -0.08810089,  0.21727038, -0.12641394,  0.10993981, -0.26163375,
        0.0274643 , -0.20272064,  0.23873425, -0.01054775, -0.41202148,
       -0.1629941 ,  0.40689896,  0.4579713 ,  0.39561843, -0.20065356,
        0.24125144,  0.44342328, -0.03369568,  0.38222307,  0.4165439 ,
       -0.10896455,  0.17774451,  0.29191864,  0.13509941,  0.30780751,
        0.29591838, -0.07730923,  0.32206925,  0.229943  , -0.139611  ,
        0.32207025, -0.04078126,  0.24194471, -0.08564212,  0.01026306,
        0.07797387,  0.46342821, -0.30394428, -0.35054768,  0.08957595,
        0.05297588, -0.05844927, -0.42067183,  0.34871428, -0.34551051,
       -0.3055322 , -0.32891899, -0.44498638, -0.35242968]) 
