
-------------------------------------------------------------------------------------------------------
                                --- Method Parameters ---                                            
-------------------------------------------------------------------------------------------------------

method: PyGAD, entity: hydrostat_reservoir, volume: 40, sim_duration: 100, dt: 0.05, 
fitness_func: pygad_fitness, pop_size: 200, gen_size: 100, weight_search: 0.5, 

-------------------------------------------------------------------------------------------------------
                                --- Pygad  Parameters ---                                            
-------------------------------------------------------------------------------------------------------

parent_selection_type: rank, parents mating: 100, keep parents: 100, crossover type: uniform, 
mutation type: random, mutation prob: 0.5, mutation_max_val: 0.01, mutation_min_val: -0.01, 

=======================================================================================================


Generation: 1 
 - Generation Avg Fit: 150.43218852540622 
 - Best Fitness: 652.0922891802954 
 - Worst Fitness: 0.0
 - Best Solution: array([-0.31753888, -0.36454871,  0.08399741, -0.45018069,  0.23158556,
        0.30869925, -0.25977292, -0.1108552 , -0.22494169, -0.18485706,
        0.25728854, -0.27068422,  0.08898189, -0.39906396,  0.18525359,
        0.40775043, -0.19075462, -0.36646731,  0.30266262,  0.19020371,
        0.38845319,  0.37439343, -0.37760295,  0.12496048,  0.47677919,
        0.44574125,  0.13239321, -0.33132547, -0.0663771 ,  0.2363681 ,
        0.46578977, -0.21768346, -0.08621248, -0.08416128, -0.18189853,
       -0.49705048,  0.28103531,  0.28260926, -0.12302307,  0.37457471,
        0.46388111,  0.07579064, -0.2517023 , -0.25165208, -0.0658348 ,
        0.34018903, -0.40506611,  0.04385015,  0.02357994,  0.32152495,
        0.06516383,  0.35159859, -0.04391074,  0.25418863,  0.05571948,
        0.37587932,  0.49892627, -0.27603371, -0.24248576, -0.2822497 ,
        0.1412793 ,  0.22759664,  0.45407069, -0.01899894]) 

Generation: 2 
 - Generation Avg Fit: 192.9598938609889 
 - Best Fitness: 722.0697236238872 
 - Worst Fitness: 0.0
 - Best Solution: array([ 2.33673440e-01,  2.00054412e-01, -2.71748676e-01,  2.00751027e-01,
       -1.99036113e-01,  2.74443309e-01, -4.08433394e-03,  3.36826147e-01,
        1.47238489e-01,  1.91446163e-01,  4.73331938e-01,  1.33423726e-01,
       -1.62691378e-02,  8.21518671e-02, -3.81579787e-01,  5.35095165e-02,
       -3.85996109e-01, -1.48838655e-02, -4.09491035e-01, -1.29232749e-01,
       -1.09876231e-01, -1.90883901e-01, -1.87648529e-01,  2.69018045e-01,
        1.84905611e-01,  1.33164289e-01, -2.89831116e-01,  4.80833013e-01,
        1.43181161e-01, -1.24985325e-01, -3.92585984e-01,  3.81748576e-01,
       -4.23485768e-01,  1.24124382e-01,  4.08286248e-01, -1.15429644e-01,
        3.36372302e-02, -1.23125057e-02,  1.69453138e-02,  3.03420841e-01,
       -3.94332284e-01, -3.39808510e-01, -1.52951877e-01,  2.97947745e-01,
        2.58070054e-01, -2.39137798e-01,  2.88621394e-01,  3.59951391e-01,
       -4.77823868e-01, -2.54238070e-04, -4.78040565e-01,  2.42723472e-02,
        4.39134050e-01, -1.66769797e-01, -4.09420934e-01,  4.34985346e-01,
       -4.70549482e-01,  5.53987972e-02,  7.58561344e-02, -9.52306129e-03,
        4.78011309e-01,  3.77164692e-01,  1.30971921e-01, -1.99557417e-01]) 

Generation: 3 
 - Generation Avg Fit: 223.73648922815818 
 - Best Fitness: 722.0697236238872 
 - Worst Fitness: 0.0
 - Best Solution: array([-3.65997831e-01, -3.36045478e-01,  4.85113365e-01,  2.45608483e-01,
        2.48192079e-01,  1.23135384e-02, -1.95841242e-01,  1.60882956e-01,
        2.07170274e-01,  3.57174840e-01, -4.94238766e-01,  3.92019609e-01,
       -1.10396762e-01,  3.20812337e-01,  4.68534942e-01, -2.02372651e-01,
       -3.50188913e-05,  2.35639789e-01, -4.73257796e-01, -5.11663225e-02,
       -3.35589797e-01, -1.62208528e-01,  5.02417170e-01,  2.21401687e-01,
        1.41187607e-01,  8.63797863e-02, -4.49803494e-01,  5.36630281e-02,
        1.23108049e-01, -1.92286089e-01, -4.12083934e-01,  2.26779051e-01,
       -3.08186213e-01,  6.85153697e-02, -9.92250400e-02, -4.40309255e-01,
       -1.45912200e-01,  1.41115739e-01,  4.07916244e-01,  1.95216855e-01,
       -1.78474551e-01, -1.62435006e-02,  1.93826304e-01,  3.89946602e-01,
       -2.09003519e-01, -4.19363752e-01, -4.04598538e-01, -3.11277954e-01,
       -8.80107361e-02, -4.03493449e-01, -4.86593406e-01, -2.48554487e-01,
       -6.77358683e-02, -3.88502275e-01,  3.12878132e-01,  2.78553326e-01,
        3.97669310e-01, -1.59586116e-01, -1.27352473e-01,  3.52676754e-01,
        1.52545236e-01, -6.00787487e-02,  4.82471409e-01, -2.10423807e-01]) 

Generation: 4 
 - Generation Avg Fit: 245.39752326253503 
 - Best Fitness: 722.0697236238872 
 - Worst Fitness: 0.0
 - Best Solution: array([ 2.33673440e-01,  2.00054412e-01, -2.71748676e-01,  2.00751027e-01,
       -1.99036113e-01,  2.74443309e-01, -4.08433394e-03,  3.36826147e-01,
        1.47238489e-01,  1.91446163e-01,  4.73331938e-01,  1.33423726e-01,
       -1.62691378e-02,  8.21518671e-02, -3.81579787e-01,  5.35095165e-02,
       -3.85996109e-01, -1.48838655e-02, -4.09491035e-01, -1.29232749e-01,
       -1.09876231e-01, -1.90883901e-01, -1.87648529e-01,  2.69018045e-01,
        1.84905611e-01,  1.33164289e-01, -2.89831116e-01,  4.80833013e-01,
        1.43181161e-01, -1.24985325e-01, -3.92585984e-01,  3.81748576e-01,
       -4.23485768e-01,  1.24124382e-01,  4.08286248e-01, -1.15429644e-01,
        3.36372302e-02, -1.23125057e-02,  1.69453138e-02,  3.03420841e-01,
       -3.94332284e-01, -3.39808510e-01, -1.52951877e-01,  2.97947745e-01,
        2.58070054e-01, -2.39137798e-01,  2.88621394e-01,  3.59951391e-01,
       -4.77823868e-01, -2.54238070e-04, -4.78040565e-01,  2.42723472e-02,
        4.39134050e-01, -1.66769797e-01, -4.09420934e-01,  4.34985346e-01,
       -4.70549482e-01,  5.53987972e-02,  7.58561344e-02, -9.52306129e-03,
        4.78011309e-01,  3.77164692e-01,  1.30971921e-01, -1.99557417e-01]) 

Generation: 5 
 - Generation Avg Fit: 256.8342863625876 
 - Best Fitness: 722.0697236238872 
 - Worst Fitness: 0.0
 - Best Solution: array([ 2.33673440e-01,  2.00054412e-01, -2.71748676e-01,  2.00751027e-01,
       -1.99036113e-01,  2.74443309e-01, -4.08433394e-03,  3.36826147e-01,
        1.47238489e-01,  1.91446163e-01,  4.73331938e-01,  1.33423726e-01,
       -1.62691378e-02,  8.21518671e-02, -3.81579787e-01,  5.35095165e-02,
       -3.85996109e-01, -1.48838655e-02, -4.09491035e-01, -1.29232749e-01,
       -1.09876231e-01, -1.90883901e-01, -1.87648529e-01,  2.69018045e-01,
        1.84905611e-01,  1.33164289e-01, -2.89831116e-01,  4.80833013e-01,
        1.43181161e-01, -1.24985325e-01, -3.92585984e-01,  3.81748576e-01,
       -4.23485768e-01,  1.24124382e-01,  4.08286248e-01, -1.15429644e-01,
        3.36372302e-02, -1.23125057e-02,  1.69453138e-02,  3.03420841e-01,
       -3.94332284e-01, -3.39808510e-01, -1.52951877e-01,  2.97947745e-01,
        2.58070054e-01, -2.39137798e-01,  2.88621394e-01,  3.59951391e-01,
       -4.77823868e-01, -2.54238070e-04, -4.78040565e-01,  2.42723472e-02,
        4.39134050e-01, -1.66769797e-01, -4.09420934e-01,  4.34985346e-01,
       -4.70549482e-01,  5.53987972e-02,  7.58561344e-02, -9.52306129e-03,
        4.78011309e-01,  3.77164692e-01,  1.30971921e-01, -1.99557417e-01]) 

Generation: 6 
 - Generation Avg Fit: 281.32500195933403 
 - Best Fitness: 722.0697236238872 
 - Worst Fitness: 0.0
 - Best Solution: array([ 2.33673440e-01,  2.00054412e-01, -2.71748676e-01,  2.00751027e-01,
       -1.99036113e-01,  2.74443309e-01, -4.08433394e-03,  3.36826147e-01,
        1.47238489e-01,  1.91446163e-01,  4.73331938e-01,  1.33423726e-01,
       -1.62691378e-02,  8.21518671e-02, -3.81579787e-01,  5.35095165e-02,
       -3.85996109e-01, -1.48838655e-02, -4.09491035e-01, -1.29232749e-01,
       -1.09876231e-01, -1.90883901e-01, -1.87648529e-01,  2.69018045e-01,
        1.84905611e-01,  1.33164289e-01, -2.89831116e-01,  4.80833013e-01,
        1.43181161e-01, -1.24985325e-01, -3.92585984e-01,  3.81748576e-01,
       -4.23485768e-01,  1.24124382e-01,  4.08286248e-01, -1.15429644e-01,
        3.36372302e-02, -1.23125057e-02,  1.69453138e-02,  3.03420841e-01,
       -3.94332284e-01, -3.39808510e-01, -1.52951877e-01,  2.97947745e-01,
        2.58070054e-01, -2.39137798e-01,  2.88621394e-01,  3.59951391e-01,
       -4.77823868e-01, -2.54238070e-04, -4.78040565e-01,  2.42723472e-02,
        4.39134050e-01, -1.66769797e-01, -4.09420934e-01,  4.34985346e-01,
       -4.70549482e-01,  5.53987972e-02,  7.58561344e-02, -9.52306129e-03,
        4.78011309e-01,  3.77164692e-01,  1.30971921e-01, -1.99557417e-01]) 

Generation: 7 
 - Generation Avg Fit: 278.91421318840287 
 - Best Fitness: 722.0697236238872 
 - Worst Fitness: 0.0
 - Best Solution: array([ 2.33673440e-01,  2.00054412e-01, -2.71748676e-01,  2.00751027e-01,
       -1.99036113e-01,  2.74443309e-01, -4.08433394e-03,  3.36826147e-01,
        1.47238489e-01,  1.91446163e-01,  4.73331938e-01,  1.33423726e-01,
       -1.62691378e-02,  8.21518671e-02, -3.81579787e-01,  5.35095165e-02,
       -3.85996109e-01, -1.48838655e-02, -4.09491035e-01, -1.29232749e-01,
       -1.09876231e-01, -1.90883901e-01, -1.87648529e-01,  2.69018045e-01,
        1.84905611e-01,  1.33164289e-01, -2.89831116e-01,  4.80833013e-01,
        1.43181161e-01, -1.24985325e-01, -3.92585984e-01,  3.81748576e-01,
       -4.23485768e-01,  1.24124382e-01,  4.08286248e-01, -1.15429644e-01,
        3.36372302e-02, -1.23125057e-02,  1.69453138e-02,  3.03420841e-01,
       -3.94332284e-01, -3.39808510e-01, -1.52951877e-01,  2.97947745e-01,
        2.58070054e-01, -2.39137798e-01,  2.88621394e-01,  3.59951391e-01,
       -4.77823868e-01, -2.54238070e-04, -4.78040565e-01,  2.42723472e-02,
        4.39134050e-01, -1.66769797e-01, -4.09420934e-01,  4.34985346e-01,
       -4.70549482e-01,  5.53987972e-02,  7.58561344e-02, -9.52306129e-03,
        4.78011309e-01,  3.77164692e-01,  1.30971921e-01, -1.99557417e-01]) 

Generation: 8 
 - Generation Avg Fit: 284.91409204097516 
 - Best Fitness: 722.0697236238872 
 - Worst Fitness: 0.0
 - Best Solution: array([ 2.33673440e-01,  2.00054412e-01, -2.71748676e-01,  2.00751027e-01,
       -1.99036113e-01,  2.74443309e-01, -4.08433394e-03,  3.36826147e-01,
        1.47238489e-01,  1.91446163e-01,  4.73331938e-01,  1.33423726e-01,
       -1.62691378e-02,  8.21518671e-02, -3.81579787e-01,  5.35095165e-02,
       -3.85996109e-01, -1.48838655e-02, -4.09491035e-01, -1.29232749e-01,
       -1.09876231e-01, -1.90883901e-01, -1.87648529e-01,  2.69018045e-01,
        1.84905611e-01,  1.33164289e-01, -2.89831116e-01,  4.80833013e-01,
        1.43181161e-01, -1.24985325e-01, -3.92585984e-01,  3.81748576e-01,
       -4.23485768e-01,  1.24124382e-01,  4.08286248e-01, -1.15429644e-01,
        3.36372302e-02, -1.23125057e-02,  1.69453138e-02,  3.03420841e-01,
       -3.94332284e-01, -3.39808510e-01, -1.52951877e-01,  2.97947745e-01,
        2.58070054e-01, -2.39137798e-01,  2.88621394e-01,  3.59951391e-01,
       -4.77823868e-01, -2.54238070e-04, -4.78040565e-01,  2.42723472e-02,
        4.39134050e-01, -1.66769797e-01, -4.09420934e-01,  4.34985346e-01,
       -4.70549482e-01,  5.53987972e-02,  7.58561344e-02, -9.52306129e-03,
        4.78011309e-01,  3.77164692e-01,  1.30971921e-01, -1.99557417e-01]) 

Generation: 9 
 - Generation Avg Fit: 285.5670689133509 
 - Best Fitness: 722.0697236238872 
 - Worst Fitness: 0.0
 - Best Solution: array([ 2.33673440e-01,  2.00054412e-01, -2.71748676e-01,  2.00751027e-01,
       -1.99036113e-01,  2.74443309e-01, -4.08433394e-03,  3.36826147e-01,
        1.47238489e-01,  1.91446163e-01,  4.73331938e-01,  1.33423726e-01,
       -1.62691378e-02,  8.21518671e-02, -3.81579787e-01,  5.35095165e-02,
       -3.85996109e-01, -1.48838655e-02, -4.09491035e-01, -1.29232749e-01,
       -1.09876231e-01, -1.90883901e-01, -1.87648529e-01,  2.69018045e-01,
        1.84905611e-01,  1.33164289e-01, -2.89831116e-01,  4.80833013e-01,
        1.43181161e-01, -1.24985325e-01, -3.92585984e-01,  3.81748576e-01,
       -4.23485768e-01,  1.24124382e-01,  4.08286248e-01, -1.15429644e-01,
        3.36372302e-02, -1.23125057e-02,  1.69453138e-02,  3.03420841e-01,
       -3.94332284e-01, -3.39808510e-01, -1.52951877e-01,  2.97947745e-01,
        2.58070054e-01, -2.39137798e-01,  2.88621394e-01,  3.59951391e-01,
       -4.77823868e-01, -2.54238070e-04, -4.78040565e-01,  2.42723472e-02,
        4.39134050e-01, -1.66769797e-01, -4.09420934e-01,  4.34985346e-01,
       -4.70549482e-01,  5.53987972e-02,  7.58561344e-02, -9.52306129e-03,
        4.78011309e-01,  3.77164692e-01,  1.30971921e-01, -1.99557417e-01]) 

Generation: 10 
 - Generation Avg Fit: 288.94475086964246 
 - Best Fitness: 722.0697236238872 
 - Worst Fitness: 0.0
 - Best Solution: array([ 2.33673440e-01,  2.00054412e-01, -2.71748676e-01,  2.00751027e-01,
       -1.99036113e-01,  2.74443309e-01, -4.08433394e-03,  3.36826147e-01,
        1.47238489e-01,  1.91446163e-01,  4.73331938e-01,  1.33423726e-01,
       -1.62691378e-02,  8.21518671e-02, -3.81579787e-01,  5.35095165e-02,
       -3.85996109e-01, -1.48838655e-02, -4.09491035e-01, -1.29232749e-01,
       -1.09876231e-01, -1.90883901e-01, -1.87648529e-01,  2.69018045e-01,
        1.84905611e-01,  1.33164289e-01, -2.89831116e-01,  4.80833013e-01,
        1.43181161e-01, -1.24985325e-01, -3.92585984e-01,  3.81748576e-01,
       -4.23485768e-01,  1.24124382e-01,  4.08286248e-01, -1.15429644e-01,
        3.36372302e-02, -1.23125057e-02,  1.69453138e-02,  3.03420841e-01,
       -3.94332284e-01, -3.39808510e-01, -1.52951877e-01,  2.97947745e-01,
        2.58070054e-01, -2.39137798e-01,  2.88621394e-01,  3.59951391e-01,
       -4.77823868e-01, -2.54238070e-04, -4.78040565e-01,  2.42723472e-02,
        4.39134050e-01, -1.66769797e-01, -4.09420934e-01,  4.34985346e-01,
       -4.70549482e-01,  5.53987972e-02,  7.58561344e-02, -9.52306129e-03,
        4.78011309e-01,  3.77164692e-01,  1.30971921e-01, -1.99557417e-01]) 

Generation: 11 
 - Generation Avg Fit: 304.7334660044859 
 - Best Fitness: 842.6924110098474 
 - Worst Fitness: 0.0
 - Best Solution: array([ 0.04286679,  0.38976112,  0.3217696 ,  0.16775293,  0.10331898,
       -0.24248016, -0.22960803, -0.39940091, -0.42028539, -0.4342501 ,
        0.45901832,  0.24117496,  0.29044505, -0.2389696 ,  0.01342564,
        0.05759011, -0.23295755, -0.19589013,  0.07832769, -0.48827509,
       -0.22785525,  0.18582631, -0.32312319, -0.29406104,  0.19107002,
        0.40128749, -0.05872323, -0.45589795, -0.37486261,  0.38074253,
       -0.18327966,  0.02989387, -0.38436511, -0.22615002,  0.23509273,
        0.26083057, -0.24949345, -0.33969954,  0.06305544, -0.0294076 ,
       -0.12267592,  0.1853585 ,  0.31435614, -0.48337176, -0.17887994,
        0.17511187,  0.09435065, -0.14384273, -0.01739977,  0.12947808,
        0.22748836,  0.02801392,  0.1659107 , -0.20163684,  0.35520344,
        0.46342756, -0.07282751, -0.19518258,  0.40569556, -0.21232001,
       -0.00228429,  0.43558403,  0.18689787, -0.01726317]) 

Generation: 12 
 - Generation Avg Fit: 292.2050992452177 
 - Best Fitness: 842.6924110098474 
 - Worst Fitness: 0.0
 - Best Solution: array([ 2.33673440e-01,  2.00054412e-01, -2.71748676e-01,  2.00751027e-01,
       -1.99036113e-01,  2.74443309e-01, -4.08433394e-03,  3.36826147e-01,
        1.47238489e-01,  1.91446163e-01,  4.73331938e-01,  1.33423726e-01,
       -1.62691378e-02,  8.21518671e-02, -3.81579787e-01,  5.35095165e-02,
       -3.85996109e-01, -1.48838655e-02, -4.09491035e-01, -1.29232749e-01,
       -1.09876231e-01, -1.90883901e-01, -1.87648529e-01,  2.69018045e-01,
        1.84905611e-01,  1.33164289e-01, -2.89831116e-01,  4.80833013e-01,
        1.43181161e-01, -1.24985325e-01, -3.92585984e-01,  3.81748576e-01,
       -4.23485768e-01,  1.24124382e-01,  4.08286248e-01, -1.15429644e-01,
        3.36372302e-02, -1.23125057e-02,  1.69453138e-02,  3.03420841e-01,
       -3.94332284e-01, -3.39808510e-01, -1.52951877e-01,  2.97947745e-01,
        2.58070054e-01, -2.39137798e-01,  2.88621394e-01,  3.59951391e-01,
       -4.77823868e-01, -2.54238070e-04, -4.78040565e-01,  2.42723472e-02,
        4.39134050e-01, -1.66769797e-01, -4.09420934e-01,  4.34985346e-01,
       -4.70549482e-01,  5.53987972e-02,  7.58561344e-02, -9.52306129e-03,
        4.78011309e-01,  3.77164692e-01,  1.30971921e-01, -1.99557417e-01]) 

Generation: 13 
 - Generation Avg Fit: 305.87387884058023 
 - Best Fitness: 842.6924110098474 
 - Worst Fitness: 0.0
 - Best Solution: array([ 0.04286679,  0.38976112,  0.3217696 ,  0.16775293,  0.10331898,
       -0.24248016, -0.22960803, -0.39940091, -0.42028539, -0.4342501 ,
        0.45901832,  0.24117496,  0.29044505, -0.2389696 ,  0.01342564,
        0.05759011, -0.23295755, -0.19589013,  0.07832769, -0.48827509,
       -0.22785525,  0.18582631, -0.32312319, -0.29406104,  0.19107002,
        0.40128749, -0.05872323, -0.45589795, -0.37486261,  0.38074253,
       -0.18327966,  0.02989387, -0.38436511, -0.22615002,  0.23509273,
        0.26083057, -0.24949345, -0.33969954,  0.06305544, -0.0294076 ,
       -0.12267592,  0.1853585 ,  0.31435614, -0.48337176, -0.17887994,
        0.17511187,  0.09435065, -0.14384273, -0.01739977,  0.12947808,
        0.22748836,  0.02801392,  0.1659107 , -0.20163684,  0.35520344,
        0.46342756, -0.07282751, -0.19518258,  0.40569556, -0.21232001,
       -0.00228429,  0.43558403,  0.18689787, -0.01726317]) 

Generation: 14 
 - Generation Avg Fit: 314.84477709341286 
 - Best Fitness: 842.6924110098474 
 - Worst Fitness: 0.0
 - Best Solution: array([ 0.04286679,  0.38976112,  0.3217696 ,  0.16775293,  0.10331898,
       -0.24248016, -0.22960803, -0.39940091, -0.42028539, -0.4342501 ,
        0.45901832,  0.24117496,  0.29044505, -0.2389696 ,  0.01342564,
        0.05759011, -0.23295755, -0.19589013,  0.07832769, -0.48827509,
       -0.22785525,  0.18582631, -0.32312319, -0.29406104,  0.19107002,
        0.40128749, -0.05872323, -0.45589795, -0.37486261,  0.38074253,
       -0.18327966,  0.02989387, -0.38436511, -0.22615002,  0.23509273,
        0.26083057, -0.24949345, -0.33969954,  0.06305544, -0.0294076 ,
       -0.12267592,  0.1853585 ,  0.31435614, -0.48337176, -0.17887994,
        0.17511187,  0.09435065, -0.14384273, -0.01739977,  0.12947808,
        0.22748836,  0.02801392,  0.1659107 , -0.20163684,  0.35520344,
        0.46342756, -0.07282751, -0.19518258,  0.40569556, -0.21232001,
       -0.00228429,  0.43558403,  0.18689787, -0.01726317]) 

Generation: 15 
 - Generation Avg Fit: 324.99838984586705 
 - Best Fitness: 842.6924110098474 
 - Worst Fitness: 0.0
 - Best Solution: array([ 0.04286679,  0.38976112,  0.3217696 ,  0.16775293,  0.10331898,
       -0.24248016, -0.22960803, -0.39940091, -0.42028539, -0.4342501 ,
        0.45901832,  0.24117496,  0.29044505, -0.2389696 ,  0.01342564,
        0.05759011, -0.23295755, -0.19589013,  0.07832769, -0.48827509,
       -0.22785525,  0.18582631, -0.32312319, -0.29406104,  0.19107002,
        0.40128749, -0.05872323, -0.45589795, -0.37486261,  0.38074253,
       -0.18327966,  0.02989387, -0.38436511, -0.22615002,  0.23509273,
        0.26083057, -0.24949345, -0.33969954,  0.06305544, -0.0294076 ,
       -0.12267592,  0.1853585 ,  0.31435614, -0.48337176, -0.17887994,
        0.17511187,  0.09435065, -0.14384273, -0.01739977,  0.12947808,
        0.22748836,  0.02801392,  0.1659107 , -0.20163684,  0.35520344,
        0.46342756, -0.07282751, -0.19518258,  0.40569556, -0.21232001,
       -0.00228429,  0.43558403,  0.18689787, -0.01726317]) 

Generation: 16 
 - Generation Avg Fit: 317.21713227022434 
 - Best Fitness: 842.6924110098474 
 - Worst Fitness: 0.0
 - Best Solution: array([ 0.04286679,  0.38976112,  0.3217696 ,  0.16775293,  0.10331898,
       -0.24248016, -0.22960803, -0.39940091, -0.42028539, -0.4342501 ,
        0.45901832,  0.24117496,  0.29044505, -0.2389696 ,  0.01342564,
        0.05759011, -0.23295755, -0.19589013,  0.07832769, -0.48827509,
       -0.22785525,  0.18582631, -0.32312319, -0.29406104,  0.19107002,
        0.40128749, -0.05872323, -0.45589795, -0.37486261,  0.38074253,
       -0.18327966,  0.02989387, -0.38436511, -0.22615002,  0.23509273,
        0.26083057, -0.24949345, -0.33969954,  0.06305544, -0.0294076 ,
       -0.12267592,  0.1853585 ,  0.31435614, -0.48337176, -0.17887994,
        0.17511187,  0.09435065, -0.14384273, -0.01739977,  0.12947808,
        0.22748836,  0.02801392,  0.1659107 , -0.20163684,  0.35520344,
        0.46342756, -0.07282751, -0.19518258,  0.40569556, -0.21232001,
       -0.00228429,  0.43558403,  0.18689787, -0.01726317]) 

Generation: 17 
 - Generation Avg Fit: 339.6807010235473 
 - Best Fitness: 861.4896728449265 
 - Worst Fitness: 0.0
 - Best Solution: array([-0.45989642, -0.00101575,  0.42980425,  0.42678168,  0.08261465,
       -0.24412257, -0.00408433,  0.30368559,  0.15514921, -0.27087811,
       -0.07784057,  0.02277711,  0.32606639, -0.09196551,  0.07519358,
       -0.43462125, -0.04181805, -0.38948773,  0.00568493, -0.12857686,
        0.35238359,  0.39249916, -0.32959846,  0.21412437,  0.18490561,
        0.13316429, -0.16590329, -0.34344417,  0.48197358, -0.31012215,
        0.42957506, -0.15050934, -0.39920135,  0.46011529, -0.01450666,
       -0.09634857,  0.14866407,  0.41166633, -0.24314002, -0.16281358,
        0.15046645, -0.17807898,  0.13139219,  0.33953285, -0.06682824,
       -0.33938089, -0.08703522,  0.28536837, -0.46529521,  0.22493896,
       -0.26749298, -0.43182468,  0.47498774, -0.41759165, -0.40056604,
       -0.16079493, -0.47751998,  0.03319483,  0.10807765,  0.18484306,
        0.14985152,  0.49564584, -0.01369057,  0.14304608]) 

Generation: 18 
 - Generation Avg Fit: 321.74443598470896 
 - Best Fitness: 861.4896728449265 
 - Worst Fitness: 0.0
 - Best Solution: array([ 0.04286679,  0.38976112,  0.3217696 ,  0.16775293,  0.10331898,
       -0.24248016, -0.22960803, -0.39940091, -0.42028539, -0.4342501 ,
        0.45901832,  0.24117496,  0.29044505, -0.2389696 ,  0.01342564,
        0.05759011, -0.23295755, -0.19589013,  0.07832769, -0.48827509,
       -0.22785525,  0.18582631, -0.32312319, -0.29406104,  0.19107002,
        0.40128749, -0.05872323, -0.45589795, -0.37486261,  0.38074253,
       -0.18327966,  0.02989387, -0.38436511, -0.22615002,  0.23509273,
        0.26083057, -0.24949345, -0.33969954,  0.06305544, -0.0294076 ,
       -0.12267592,  0.1853585 ,  0.31435614, -0.48337176, -0.17887994,
        0.17511187,  0.09435065, -0.14384273, -0.01739977,  0.12947808,
        0.22748836,  0.02801392,  0.1659107 , -0.20163684,  0.35520344,
        0.46342756, -0.07282751, -0.19518258,  0.40569556, -0.21232001,
       -0.00228429,  0.43558403,  0.18689787, -0.01726317]) 

Generation: 19 
 - Generation Avg Fit: 339.92041256968054 
 - Best Fitness: 861.4896728449265 
 - Worst Fitness: 0.0
 - Best Solution: array([-0.45989642, -0.00101575,  0.42980425,  0.42678168,  0.08261465,
       -0.24412257, -0.00408433,  0.30368559,  0.15514921, -0.27087811,
       -0.07784057,  0.02277711,  0.32606639, -0.09196551,  0.07519358,
       -0.43462125, -0.04181805, -0.38948773,  0.00568493, -0.12857686,
        0.35238359,  0.39249916, -0.32959846,  0.21412437,  0.18490561,
        0.13316429, -0.16590329, -0.34344417,  0.48197358, -0.31012215,
        0.42957506, -0.15050934, -0.39920135,  0.46011529, -0.01450666,
       -0.09634857,  0.14866407,  0.41166633, -0.24314002, -0.16281358,
        0.15046645, -0.17807898,  0.13139219,  0.33953285, -0.06682824,
       -0.33938089, -0.08703522,  0.28536837, -0.46529521,  0.22493896,
       -0.26749298, -0.43182468,  0.47498774, -0.41759165, -0.40056604,
       -0.16079493, -0.47751998,  0.03319483,  0.10807765,  0.18484306,
        0.14985152,  0.49564584, -0.01369057,  0.14304608]) 

Generation: 20 
 - Generation Avg Fit: 350.20850258414663 
 - Best Fitness: 861.4896728449265 
 - Worst Fitness: 0.0
 - Best Solution: array([-0.45989642, -0.00101575,  0.42980425,  0.42678168,  0.08261465,
       -0.24412257, -0.00408433,  0.30368559,  0.15514921, -0.27087811,
       -0.07784057,  0.02277711,  0.32606639, -0.09196551,  0.07519358,
       -0.43462125, -0.04181805, -0.38948773,  0.00568493, -0.12857686,
        0.35238359,  0.39249916, -0.32959846,  0.21412437,  0.18490561,
        0.13316429, -0.16590329, -0.34344417,  0.48197358, -0.31012215,
        0.42957506, -0.15050934, -0.39920135,  0.46011529, -0.01450666,
       -0.09634857,  0.14866407,  0.41166633, -0.24314002, -0.16281358,
        0.15046645, -0.17807898,  0.13139219,  0.33953285, -0.06682824,
       -0.33938089, -0.08703522,  0.28536837, -0.46529521,  0.22493896,
       -0.26749298, -0.43182468,  0.47498774, -0.41759165, -0.40056604,
       -0.16079493, -0.47751998,  0.03319483,  0.10807765,  0.18484306,
        0.14985152,  0.49564584, -0.01369057,  0.14304608]) 

Generation: 21 
 - Generation Avg Fit: 347.56180324596056 
 - Best Fitness: 861.4896728449265 
 - Worst Fitness: 0.0
 - Best Solution: array([-0.45989642, -0.00101575,  0.42980425,  0.42678168,  0.08261465,
       -0.24412257, -0.00408433,  0.30368559,  0.15514921, -0.27087811,
       -0.07784057,  0.02277711,  0.32606639, -0.09196551,  0.07519358,
       -0.43462125, -0.04181805, -0.38948773,  0.00568493, -0.12857686,
        0.35238359,  0.39249916, -0.32959846,  0.21412437,  0.18490561,
        0.13316429, -0.16590329, -0.34344417,  0.48197358, -0.31012215,
        0.42957506, -0.15050934, -0.39920135,  0.46011529, -0.01450666,
       -0.09634857,  0.14866407,  0.41166633, -0.24314002, -0.16281358,
        0.15046645, -0.17807898,  0.13139219,  0.33953285, -0.06682824,
       -0.33938089, -0.08703522,  0.28536837, -0.46529521,  0.22493896,
       -0.26749298, -0.43182468,  0.47498774, -0.41759165, -0.40056604,
       -0.16079493, -0.47751998,  0.03319483,  0.10807765,  0.18484306,
        0.14985152,  0.49564584, -0.01369057,  0.14304608]) 

Generation: 22 
 - Generation Avg Fit: 368.25881738166674 
 - Best Fitness: 861.4896728449265 
 - Worst Fitness: 0.0
 - Best Solution: array([-0.45989642, -0.00101575,  0.42980425,  0.42678168,  0.08261465,
       -0.24412257, -0.00408433,  0.30368559,  0.15514921, -0.27087811,
       -0.07784057,  0.02277711,  0.32606639, -0.09196551,  0.07519358,
       -0.43462125, -0.04181805, -0.38948773,  0.00568493, -0.12857686,
        0.35238359,  0.39249916, -0.32959846,  0.21412437,  0.18490561,
        0.13316429, -0.16590329, -0.34344417,  0.48197358, -0.31012215,
        0.42957506, -0.15050934, -0.39920135,  0.46011529, -0.01450666,
       -0.09634857,  0.14866407,  0.41166633, -0.24314002, -0.16281358,
        0.15046645, -0.17807898,  0.13139219,  0.33953285, -0.06682824,
       -0.33938089, -0.08703522,  0.28536837, -0.46529521,  0.22493896,
       -0.26749298, -0.43182468,  0.47498774, -0.41759165, -0.40056604,
       -0.16079493, -0.47751998,  0.03319483,  0.10807765,  0.18484306,
        0.14985152,  0.49564584, -0.01369057,  0.14304608]) 

Generation: 23 
 - Generation Avg Fit: 356.84801304940163 
 - Best Fitness: 861.4896728449265 
 - Worst Fitness: 0.0
 - Best Solution: array([-0.45989642, -0.00101575,  0.42980425,  0.42678168,  0.08261465,
       -0.24412257, -0.00408433,  0.30368559,  0.15514921, -0.27087811,
       -0.07784057,  0.02277711,  0.32606639, -0.09196551,  0.07519358,
       -0.43462125, -0.04181805, -0.38948773,  0.00568493, -0.12857686,
        0.35238359,  0.39249916, -0.32959846,  0.21412437,  0.18490561,
        0.13316429, -0.16590329, -0.34344417,  0.48197358, -0.31012215,
        0.42957506, -0.15050934, -0.39920135,  0.46011529, -0.01450666,
       -0.09634857,  0.14866407,  0.41166633, -0.24314002, -0.16281358,
        0.15046645, -0.17807898,  0.13139219,  0.33953285, -0.06682824,
       -0.33938089, -0.08703522,  0.28536837, -0.46529521,  0.22493896,
       -0.26749298, -0.43182468,  0.47498774, -0.41759165, -0.40056604,
       -0.16079493, -0.47751998,  0.03319483,  0.10807765,  0.18484306,
        0.14985152,  0.49564584, -0.01369057,  0.14304608]) 

Generation: 24 
 - Generation Avg Fit: 366.54170665389944 
 - Best Fitness: 861.4896728449265 
 - Worst Fitness: 0.0
 - Best Solution: array([-0.45989642, -0.00101575,  0.42980425,  0.42678168,  0.08261465,
       -0.24412257, -0.00408433,  0.30368559,  0.15514921, -0.27087811,
       -0.07784057,  0.02277711,  0.32606639, -0.09196551,  0.07519358,
       -0.43462125, -0.04181805, -0.38948773,  0.00568493, -0.12857686,
        0.35238359,  0.39249916, -0.32959846,  0.21412437,  0.18490561,
        0.13316429, -0.16590329, -0.34344417,  0.48197358, -0.31012215,
        0.42957506, -0.15050934, -0.39920135,  0.46011529, -0.01450666,
       -0.09634857,  0.14866407,  0.41166633, -0.24314002, -0.16281358,
        0.15046645, -0.17807898,  0.13139219,  0.33953285, -0.06682824,
       -0.33938089, -0.08703522,  0.28536837, -0.46529521,  0.22493896,
       -0.26749298, -0.43182468,  0.47498774, -0.41759165, -0.40056604,
       -0.16079493, -0.47751998,  0.03319483,  0.10807765,  0.18484306,
        0.14985152,  0.49564584, -0.01369057,  0.14304608]) 

Generation: 25 
 - Generation Avg Fit: 355.2084530843574 
 - Best Fitness: 861.4896728449265 
 - Worst Fitness: 0.0
 - Best Solution: array([-0.45989642, -0.00101575,  0.42980425,  0.42678168,  0.08261465,
       -0.24412257, -0.00408433,  0.30368559,  0.15514921, -0.27087811,
       -0.07784057,  0.02277711,  0.32606639, -0.09196551,  0.07519358,
       -0.43462125, -0.04181805, -0.38948773,  0.00568493, -0.12857686,
        0.35238359,  0.39249916, -0.32959846,  0.21412437,  0.18490561,
        0.13316429, -0.16590329, -0.34344417,  0.48197358, -0.31012215,
        0.42957506, -0.15050934, -0.39920135,  0.46011529, -0.01450666,
       -0.09634857,  0.14866407,  0.41166633, -0.24314002, -0.16281358,
        0.15046645, -0.17807898,  0.13139219,  0.33953285, -0.06682824,
       -0.33938089, -0.08703522,  0.28536837, -0.46529521,  0.22493896,
       -0.26749298, -0.43182468,  0.47498774, -0.41759165, -0.40056604,
       -0.16079493, -0.47751998,  0.03319483,  0.10807765,  0.18484306,
        0.14985152,  0.49564584, -0.01369057,  0.14304608]) 

Generation: 26 
 - Generation Avg Fit: 372.50453631621303 
 - Best Fitness: 861.4896728449265 
 - Worst Fitness: 0.0
 - Best Solution: array([-0.45989642, -0.00101575,  0.42980425,  0.42678168,  0.08261465,
       -0.24412257, -0.00408433,  0.30368559,  0.15514921, -0.27087811,
       -0.07784057,  0.02277711,  0.32606639, -0.09196551,  0.07519358,
       -0.43462125, -0.04181805, -0.38948773,  0.00568493, -0.12857686,
        0.35238359,  0.39249916, -0.32959846,  0.21412437,  0.18490561,
        0.13316429, -0.16590329, -0.34344417,  0.48197358, -0.31012215,
        0.42957506, -0.15050934, -0.39920135,  0.46011529, -0.01450666,
       -0.09634857,  0.14866407,  0.41166633, -0.24314002, -0.16281358,
        0.15046645, -0.17807898,  0.13139219,  0.33953285, -0.06682824,
       -0.33938089, -0.08703522,  0.28536837, -0.46529521,  0.22493896,
       -0.26749298, -0.43182468,  0.47498774, -0.41759165, -0.40056604,
       -0.16079493, -0.47751998,  0.03319483,  0.10807765,  0.18484306,
        0.14985152,  0.49564584, -0.01369057,  0.14304608]) 

Generation: 27 
 - Generation Avg Fit: 388.40286201708057 
 - Best Fitness: 941.7714507793588 
 - Worst Fitness: 0.0
 - Best Solution: array([ 4.10771041e-02,  3.98710951e-01,  4.52601481e-01,  1.69977236e-01,
        9.65164216e-02, -2.39490616e-01, -2.32674481e-01, -3.90172735e-01,
       -4.03764410e-01, -4.42705459e-01,  4.51103952e-01,  2.39028746e-01,
        4.53648359e-01, -2.30289618e-01,  6.69823052e-02,  3.36072359e-01,
       -2.32573147e-01, -1.96764244e-01,  8.17800913e-02, -4.80656591e-01,
        2.98524572e-02,  1.88301908e-01, -3.27380253e-01,  1.32971561e-01,
        1.93385608e-01,  1.35719082e-02, -5.87232337e-02, -4.64410709e-01,
       -3.74293874e-01,  4.70273932e-01, -1.83279656e-01,  3.34539764e-02,
       -3.80623591e-01, -2.19105942e-01,  2.34224530e-01,  2.65309665e-01,
        1.74839560e-01,  3.80224453e-01,  3.54110499e-01, -3.28841914e-02,
        3.91369410e-01,  1.83199615e-01,  3.24616987e-01, -4.90688453e-01,
        1.29258397e-04,  1.72817192e-01,  9.66280752e-02, -1.45551513e-01,
        1.88377658e-01,  4.43316251e-02,  2.21486199e-01, -4.42150573e-01,
        1.73168705e-01, -2.12358755e-01,  3.50237526e-01,  9.21983179e-02,
       -3.70998553e-01, -1.95894663e-01,  4.23814410e-01, -2.16972570e-01,
        1.19204933e-02, -3.45987112e-01,  1.92548498e-01, -8.43995127e-03]) 

Generation: 28 
 - Generation Avg Fit: 390.58777401839967 
 - Best Fitness: 941.7714507793588 
 - Worst Fitness: 0.0
 - Best Solution: array([-0.45989642, -0.00101575,  0.42980425,  0.42678168,  0.08261465,
       -0.24412257, -0.00408433,  0.30368559,  0.15514921, -0.27087811,
       -0.07784057,  0.02277711,  0.32606639, -0.09196551,  0.07519358,
       -0.43462125, -0.04181805, -0.38948773,  0.00568493, -0.12857686,
        0.35238359,  0.39249916, -0.32959846,  0.21412437,  0.18490561,
        0.13316429, -0.16590329, -0.34344417,  0.48197358, -0.31012215,
        0.42957506, -0.15050934, -0.39920135,  0.46011529, -0.01450666,
       -0.09634857,  0.14866407,  0.41166633, -0.24314002, -0.16281358,
        0.15046645, -0.17807898,  0.13139219,  0.33953285, -0.06682824,
       -0.33938089, -0.08703522,  0.28536837, -0.46529521,  0.22493896,
       -0.26749298, -0.43182468,  0.47498774, -0.41759165, -0.40056604,
       -0.16079493, -0.47751998,  0.03319483,  0.10807765,  0.18484306,
        0.14985152,  0.49564584, -0.01369057,  0.14304608]) 

Generation: 29 
 - Generation Avg Fit: 383.6759733122483 
 - Best Fitness: 941.7714507793588 
 - Worst Fitness: 0.0
 - Best Solution: array([ 4.10771041e-02,  3.98710951e-01,  4.52601481e-01,  1.69977236e-01,
        9.65164216e-02, -2.39490616e-01, -2.32674481e-01, -3.90172735e-01,
       -4.03764410e-01, -4.42705459e-01,  4.51103952e-01,  2.39028746e-01,
        4.53648359e-01, -2.30289618e-01,  6.69823052e-02,  3.36072359e-01,
       -2.32573147e-01, -1.96764244e-01,  8.17800913e-02, -4.80656591e-01,
        2.98524572e-02,  1.88301908e-01, -3.27380253e-01,  1.32971561e-01,
        1.93385608e-01,  1.35719082e-02, -5.87232337e-02, -4.64410709e-01,
       -3.74293874e-01,  4.70273932e-01, -1.83279656e-01,  3.34539764e-02,
       -3.80623591e-01, -2.19105942e-01,  2.34224530e-01,  2.65309665e-01,
        1.74839560e-01,  3.80224453e-01,  3.54110499e-01, -3.28841914e-02,
        3.91369410e-01,  1.83199615e-01,  3.24616987e-01, -4.90688453e-01,
        1.29258397e-04,  1.72817192e-01,  9.66280752e-02, -1.45551513e-01,
        1.88377658e-01,  4.43316251e-02,  2.21486199e-01, -4.42150573e-01,
        1.73168705e-01, -2.12358755e-01,  3.50237526e-01,  9.21983179e-02,
       -3.70998553e-01, -1.95894663e-01,  4.23814410e-01, -2.16972570e-01,
        1.19204933e-02, -3.45987112e-01,  1.92548498e-01, -8.43995127e-03]) 

Generation: 30 
 - Generation Avg Fit: 413.24740239713196 
 - Best Fitness: 941.7714507793588 
 - Worst Fitness: 0.0
 - Best Solution: array([ 4.10771041e-02,  3.98710951e-01,  4.52601481e-01,  1.69977236e-01,
        9.65164216e-02, -2.39490616e-01, -2.32674481e-01, -3.90172735e-01,
       -4.03764410e-01, -4.42705459e-01,  4.51103952e-01,  2.39028746e-01,
        4.53648359e-01, -2.30289618e-01,  6.69823052e-02,  3.36072359e-01,
       -2.32573147e-01, -1.96764244e-01,  8.17800913e-02, -4.80656591e-01,
        2.98524572e-02,  1.88301908e-01, -3.27380253e-01,  1.32971561e-01,
        1.93385608e-01,  1.35719082e-02, -5.87232337e-02, -4.64410709e-01,
       -3.74293874e-01,  4.70273932e-01, -1.83279656e-01,  3.34539764e-02,
       -3.80623591e-01, -2.19105942e-01,  2.34224530e-01,  2.65309665e-01,
        1.74839560e-01,  3.80224453e-01,  3.54110499e-01, -3.28841914e-02,
        3.91369410e-01,  1.83199615e-01,  3.24616987e-01, -4.90688453e-01,
        1.29258397e-04,  1.72817192e-01,  9.66280752e-02, -1.45551513e-01,
        1.88377658e-01,  4.43316251e-02,  2.21486199e-01, -4.42150573e-01,
        1.73168705e-01, -2.12358755e-01,  3.50237526e-01,  9.21983179e-02,
       -3.70998553e-01, -1.95894663e-01,  4.23814410e-01, -2.16972570e-01,
        1.19204933e-02, -3.45987112e-01,  1.92548498e-01, -8.43995127e-03]) 

Generation: 31 
 - Generation Avg Fit: 422.2714245738773 
 - Best Fitness: 941.7714507793588 
 - Worst Fitness: 0.0
 - Best Solution: array([ 4.10771041e-02,  3.98710951e-01,  4.52601481e-01,  1.69977236e-01,
        9.65164216e-02, -2.39490616e-01, -2.32674481e-01, -3.90172735e-01,
       -4.03764410e-01, -4.42705459e-01,  4.51103952e-01,  2.39028746e-01,
        4.53648359e-01, -2.30289618e-01,  6.69823052e-02,  3.36072359e-01,
       -2.32573147e-01, -1.96764244e-01,  8.17800913e-02, -4.80656591e-01,
        2.98524572e-02,  1.88301908e-01, -3.27380253e-01,  1.32971561e-01,
        1.93385608e-01,  1.35719082e-02, -5.87232337e-02, -4.64410709e-01,
       -3.74293874e-01,  4.70273932e-01, -1.83279656e-01,  3.34539764e-02,
       -3.80623591e-01, -2.19105942e-01,  2.34224530e-01,  2.65309665e-01,
        1.74839560e-01,  3.80224453e-01,  3.54110499e-01, -3.28841914e-02,
        3.91369410e-01,  1.83199615e-01,  3.24616987e-01, -4.90688453e-01,
        1.29258397e-04,  1.72817192e-01,  9.66280752e-02, -1.45551513e-01,
        1.88377658e-01,  4.43316251e-02,  2.21486199e-01, -4.42150573e-01,
        1.73168705e-01, -2.12358755e-01,  3.50237526e-01,  9.21983179e-02,
       -3.70998553e-01, -1.95894663e-01,  4.23814410e-01, -2.16972570e-01,
        1.19204933e-02, -3.45987112e-01,  1.92548498e-01, -8.43995127e-03]) 

Generation: 32 
 - Generation Avg Fit: 432.7073510321446 
 - Best Fitness: 941.7714507793588 
 - Worst Fitness: 0.0
 - Best Solution: array([ 4.10771041e-02,  3.98710951e-01,  4.52601481e-01,  1.69977236e-01,
        9.65164216e-02, -2.39490616e-01, -2.32674481e-01, -3.90172735e-01,
       -4.03764410e-01, -4.42705459e-01,  4.51103952e-01,  2.39028746e-01,
        4.53648359e-01, -2.30289618e-01,  6.69823052e-02,  3.36072359e-01,
       -2.32573147e-01, -1.96764244e-01,  8.17800913e-02, -4.80656591e-01,
        2.98524572e-02,  1.88301908e-01, -3.27380253e-01,  1.32971561e-01,
        1.93385608e-01,  1.35719082e-02, -5.87232337e-02, -4.64410709e-01,
       -3.74293874e-01,  4.70273932e-01, -1.83279656e-01,  3.34539764e-02,
       -3.80623591e-01, -2.19105942e-01,  2.34224530e-01,  2.65309665e-01,
        1.74839560e-01,  3.80224453e-01,  3.54110499e-01, -3.28841914e-02,
        3.91369410e-01,  1.83199615e-01,  3.24616987e-01, -4.90688453e-01,
        1.29258397e-04,  1.72817192e-01,  9.66280752e-02, -1.45551513e-01,
        1.88377658e-01,  4.43316251e-02,  2.21486199e-01, -4.42150573e-01,
        1.73168705e-01, -2.12358755e-01,  3.50237526e-01,  9.21983179e-02,
       -3.70998553e-01, -1.95894663e-01,  4.23814410e-01, -2.16972570e-01,
        1.19204933e-02, -3.45987112e-01,  1.92548498e-01, -8.43995127e-03]) 

Generation: 33 
 - Generation Avg Fit: 444.7143861346971 
 - Best Fitness: 941.7714507793588 
 - Worst Fitness: 0.0
 - Best Solution: array([ 4.10771041e-02,  3.98710951e-01,  4.52601481e-01,  1.69977236e-01,
        9.65164216e-02, -2.39490616e-01, -2.32674481e-01, -3.90172735e-01,
       -4.03764410e-01, -4.42705459e-01,  4.51103952e-01,  2.39028746e-01,
        4.53648359e-01, -2.30289618e-01,  6.69823052e-02,  3.36072359e-01,
       -2.32573147e-01, -1.96764244e-01,  8.17800913e-02, -4.80656591e-01,
        2.98524572e-02,  1.88301908e-01, -3.27380253e-01,  1.32971561e-01,
        1.93385608e-01,  1.35719082e-02, -5.87232337e-02, -4.64410709e-01,
       -3.74293874e-01,  4.70273932e-01, -1.83279656e-01,  3.34539764e-02,
       -3.80623591e-01, -2.19105942e-01,  2.34224530e-01,  2.65309665e-01,
        1.74839560e-01,  3.80224453e-01,  3.54110499e-01, -3.28841914e-02,
        3.91369410e-01,  1.83199615e-01,  3.24616987e-01, -4.90688453e-01,
        1.29258397e-04,  1.72817192e-01,  9.66280752e-02, -1.45551513e-01,
        1.88377658e-01,  4.43316251e-02,  2.21486199e-01, -4.42150573e-01,
        1.73168705e-01, -2.12358755e-01,  3.50237526e-01,  9.21983179e-02,
       -3.70998553e-01, -1.95894663e-01,  4.23814410e-01, -2.16972570e-01,
        1.19204933e-02, -3.45987112e-01,  1.92548498e-01, -8.43995127e-03]) 

Generation: 34 
 - Generation Avg Fit: 433.4559563011459 
 - Best Fitness: 941.7714507793588 
 - Worst Fitness: 0.0
 - Best Solution: array([ 4.10771041e-02,  3.98710951e-01,  4.52601481e-01,  1.69977236e-01,
        9.65164216e-02, -2.39490616e-01, -2.32674481e-01, -3.90172735e-01,
       -4.03764410e-01, -4.42705459e-01,  4.51103952e-01,  2.39028746e-01,
        4.53648359e-01, -2.30289618e-01,  6.69823052e-02,  3.36072359e-01,
       -2.32573147e-01, -1.96764244e-01,  8.17800913e-02, -4.80656591e-01,
        2.98524572e-02,  1.88301908e-01, -3.27380253e-01,  1.32971561e-01,
        1.93385608e-01,  1.35719082e-02, -5.87232337e-02, -4.64410709e-01,
       -3.74293874e-01,  4.70273932e-01, -1.83279656e-01,  3.34539764e-02,
       -3.80623591e-01, -2.19105942e-01,  2.34224530e-01,  2.65309665e-01,
        1.74839560e-01,  3.80224453e-01,  3.54110499e-01, -3.28841914e-02,
        3.91369410e-01,  1.83199615e-01,  3.24616987e-01, -4.90688453e-01,
        1.29258397e-04,  1.72817192e-01,  9.66280752e-02, -1.45551513e-01,
        1.88377658e-01,  4.43316251e-02,  2.21486199e-01, -4.42150573e-01,
        1.73168705e-01, -2.12358755e-01,  3.50237526e-01,  9.21983179e-02,
       -3.70998553e-01, -1.95894663e-01,  4.23814410e-01, -2.16972570e-01,
        1.19204933e-02, -3.45987112e-01,  1.92548498e-01, -8.43995127e-03]) 

Generation: 35 
 - Generation Avg Fit: 453.285769034478 
 - Best Fitness: 941.7714507793588 
 - Worst Fitness: 0.0
 - Best Solution: array([ 4.10771041e-02,  3.98710951e-01,  4.52601481e-01,  1.69977236e-01,
        9.65164216e-02, -2.39490616e-01, -2.32674481e-01, -3.90172735e-01,
       -4.03764410e-01, -4.42705459e-01,  4.51103952e-01,  2.39028746e-01,
        4.53648359e-01, -2.30289618e-01,  6.69823052e-02,  3.36072359e-01,
       -2.32573147e-01, -1.96764244e-01,  8.17800913e-02, -4.80656591e-01,
        2.98524572e-02,  1.88301908e-01, -3.27380253e-01,  1.32971561e-01,
        1.93385608e-01,  1.35719082e-02, -5.87232337e-02, -4.64410709e-01,
       -3.74293874e-01,  4.70273932e-01, -1.83279656e-01,  3.34539764e-02,
       -3.80623591e-01, -2.19105942e-01,  2.34224530e-01,  2.65309665e-01,
        1.74839560e-01,  3.80224453e-01,  3.54110499e-01, -3.28841914e-02,
        3.91369410e-01,  1.83199615e-01,  3.24616987e-01, -4.90688453e-01,
        1.29258397e-04,  1.72817192e-01,  9.66280752e-02, -1.45551513e-01,
        1.88377658e-01,  4.43316251e-02,  2.21486199e-01, -4.42150573e-01,
        1.73168705e-01, -2.12358755e-01,  3.50237526e-01,  9.21983179e-02,
       -3.70998553e-01, -1.95894663e-01,  4.23814410e-01, -2.16972570e-01,
        1.19204933e-02, -3.45987112e-01,  1.92548498e-01, -8.43995127e-03]) 

Generation: 36 
 - Generation Avg Fit: 495.0937195433947 
 - Best Fitness: 941.7714507793588 
 - Worst Fitness: 0.0
 - Best Solution: array([ 4.10771041e-02,  3.98710951e-01,  4.52601481e-01,  1.69977236e-01,
        9.65164216e-02, -2.39490616e-01, -2.32674481e-01, -3.90172735e-01,
       -4.03764410e-01, -4.42705459e-01,  4.51103952e-01,  2.39028746e-01,
        4.53648359e-01, -2.30289618e-01,  6.69823052e-02,  3.36072359e-01,
       -2.32573147e-01, -1.96764244e-01,  8.17800913e-02, -4.80656591e-01,
        2.98524572e-02,  1.88301908e-01, -3.27380253e-01,  1.32971561e-01,
        1.93385608e-01,  1.35719082e-02, -5.87232337e-02, -4.64410709e-01,
       -3.74293874e-01,  4.70273932e-01, -1.83279656e-01,  3.34539764e-02,
       -3.80623591e-01, -2.19105942e-01,  2.34224530e-01,  2.65309665e-01,
        1.74839560e-01,  3.80224453e-01,  3.54110499e-01, -3.28841914e-02,
        3.91369410e-01,  1.83199615e-01,  3.24616987e-01, -4.90688453e-01,
        1.29258397e-04,  1.72817192e-01,  9.66280752e-02, -1.45551513e-01,
        1.88377658e-01,  4.43316251e-02,  2.21486199e-01, -4.42150573e-01,
        1.73168705e-01, -2.12358755e-01,  3.50237526e-01,  9.21983179e-02,
       -3.70998553e-01, -1.95894663e-01,  4.23814410e-01, -2.16972570e-01,
        1.19204933e-02, -3.45987112e-01,  1.92548498e-01, -8.43995127e-03]) 

Generation: 37 
 - Generation Avg Fit: 465.6220245021488 
 - Best Fitness: 941.7714507793588 
 - Worst Fitness: 0.0
 - Best Solution: array([ 4.10771041e-02,  3.98710951e-01,  4.52601481e-01,  1.69977236e-01,
        9.65164216e-02, -2.39490616e-01, -2.32674481e-01, -3.90172735e-01,
       -4.03764410e-01, -4.42705459e-01,  4.51103952e-01,  2.39028746e-01,
        4.53648359e-01, -2.30289618e-01,  6.69823052e-02,  3.36072359e-01,
       -2.32573147e-01, -1.96764244e-01,  8.17800913e-02, -4.80656591e-01,
        2.98524572e-02,  1.88301908e-01, -3.27380253e-01,  1.32971561e-01,
        1.93385608e-01,  1.35719082e-02, -5.87232337e-02, -4.64410709e-01,
       -3.74293874e-01,  4.70273932e-01, -1.83279656e-01,  3.34539764e-02,
       -3.80623591e-01, -2.19105942e-01,  2.34224530e-01,  2.65309665e-01,
        1.74839560e-01,  3.80224453e-01,  3.54110499e-01, -3.28841914e-02,
        3.91369410e-01,  1.83199615e-01,  3.24616987e-01, -4.90688453e-01,
        1.29258397e-04,  1.72817192e-01,  9.66280752e-02, -1.45551513e-01,
        1.88377658e-01,  4.43316251e-02,  2.21486199e-01, -4.42150573e-01,
        1.73168705e-01, -2.12358755e-01,  3.50237526e-01,  9.21983179e-02,
       -3.70998553e-01, -1.95894663e-01,  4.23814410e-01, -2.16972570e-01,
        1.19204933e-02, -3.45987112e-01,  1.92548498e-01, -8.43995127e-03]) 

Generation: 38 
 - Generation Avg Fit: 487.31168738444774 
 - Best Fitness: 941.7714507793588 
 - Worst Fitness: 0.0
 - Best Solution: array([ 4.10771041e-02,  3.98710951e-01,  4.52601481e-01,  1.69977236e-01,
        9.65164216e-02, -2.39490616e-01, -2.32674481e-01, -3.90172735e-01,
       -4.03764410e-01, -4.42705459e-01,  4.51103952e-01,  2.39028746e-01,
        4.53648359e-01, -2.30289618e-01,  6.69823052e-02,  3.36072359e-01,
       -2.32573147e-01, -1.96764244e-01,  8.17800913e-02, -4.80656591e-01,
        2.98524572e-02,  1.88301908e-01, -3.27380253e-01,  1.32971561e-01,
        1.93385608e-01,  1.35719082e-02, -5.87232337e-02, -4.64410709e-01,
       -3.74293874e-01,  4.70273932e-01, -1.83279656e-01,  3.34539764e-02,
       -3.80623591e-01, -2.19105942e-01,  2.34224530e-01,  2.65309665e-01,
        1.74839560e-01,  3.80224453e-01,  3.54110499e-01, -3.28841914e-02,
        3.91369410e-01,  1.83199615e-01,  3.24616987e-01, -4.90688453e-01,
        1.29258397e-04,  1.72817192e-01,  9.66280752e-02, -1.45551513e-01,
        1.88377658e-01,  4.43316251e-02,  2.21486199e-01, -4.42150573e-01,
        1.73168705e-01, -2.12358755e-01,  3.50237526e-01,  9.21983179e-02,
       -3.70998553e-01, -1.95894663e-01,  4.23814410e-01, -2.16972570e-01,
        1.19204933e-02, -3.45987112e-01,  1.92548498e-01, -8.43995127e-03]) 

Generation: 39 
 - Generation Avg Fit: 495.9690544599577 
 - Best Fitness: 941.7714507793588 
 - Worst Fitness: 0.0
 - Best Solution: array([ 4.10771041e-02,  3.98710951e-01,  4.52601481e-01,  1.69977236e-01,
        9.65164216e-02, -2.39490616e-01, -2.32674481e-01, -3.90172735e-01,
       -4.03764410e-01, -4.42705459e-01,  4.51103952e-01,  2.39028746e-01,
        4.53648359e-01, -2.30289618e-01,  6.69823052e-02,  3.36072359e-01,
       -2.32573147e-01, -1.96764244e-01,  8.17800913e-02, -4.80656591e-01,
        2.98524572e-02,  1.88301908e-01, -3.27380253e-01,  1.32971561e-01,
        1.93385608e-01,  1.35719082e-02, -5.87232337e-02, -4.64410709e-01,
       -3.74293874e-01,  4.70273932e-01, -1.83279656e-01,  3.34539764e-02,
       -3.80623591e-01, -2.19105942e-01,  2.34224530e-01,  2.65309665e-01,
        1.74839560e-01,  3.80224453e-01,  3.54110499e-01, -3.28841914e-02,
        3.91369410e-01,  1.83199615e-01,  3.24616987e-01, -4.90688453e-01,
        1.29258397e-04,  1.72817192e-01,  9.66280752e-02, -1.45551513e-01,
        1.88377658e-01,  4.43316251e-02,  2.21486199e-01, -4.42150573e-01,
        1.73168705e-01, -2.12358755e-01,  3.50237526e-01,  9.21983179e-02,
       -3.70998553e-01, -1.95894663e-01,  4.23814410e-01, -2.16972570e-01,
        1.19204933e-02, -3.45987112e-01,  1.92548498e-01, -8.43995127e-03]) 

Generation: 40 
 - Generation Avg Fit: 506.9299047726822 
 - Best Fitness: 941.7714507793588 
 - Worst Fitness: 0.0
 - Best Solution: array([ 4.10771041e-02,  3.98710951e-01,  4.52601481e-01,  1.69977236e-01,
        9.65164216e-02, -2.39490616e-01, -2.32674481e-01, -3.90172735e-01,
       -4.03764410e-01, -4.42705459e-01,  4.51103952e-01,  2.39028746e-01,
        4.53648359e-01, -2.30289618e-01,  6.69823052e-02,  3.36072359e-01,
       -2.32573147e-01, -1.96764244e-01,  8.17800913e-02, -4.80656591e-01,
        2.98524572e-02,  1.88301908e-01, -3.27380253e-01,  1.32971561e-01,
        1.93385608e-01,  1.35719082e-02, -5.87232337e-02, -4.64410709e-01,
       -3.74293874e-01,  4.70273932e-01, -1.83279656e-01,  3.34539764e-02,
       -3.80623591e-01, -2.19105942e-01,  2.34224530e-01,  2.65309665e-01,
        1.74839560e-01,  3.80224453e-01,  3.54110499e-01, -3.28841914e-02,
        3.91369410e-01,  1.83199615e-01,  3.24616987e-01, -4.90688453e-01,
        1.29258397e-04,  1.72817192e-01,  9.66280752e-02, -1.45551513e-01,
        1.88377658e-01,  4.43316251e-02,  2.21486199e-01, -4.42150573e-01,
        1.73168705e-01, -2.12358755e-01,  3.50237526e-01,  9.21983179e-02,
       -3.70998553e-01, -1.95894663e-01,  4.23814410e-01, -2.16972570e-01,
        1.19204933e-02, -3.45987112e-01,  1.92548498e-01, -8.43995127e-03]) 

Generation: 41 
 - Generation Avg Fit: 531.0813290146306 
 - Best Fitness: 1090.1466543102533 
 - Worst Fitness: 0.0
 - Best Solution: array([ 0.03998135,  0.38612211,  0.31508438,  0.15810153,  0.09918515,
       -0.24313231, -0.22287101, -0.38302779, -0.42115852, -0.4457553 ,
        0.46570573,  0.24117496,  0.23943376, -0.23806927, -0.24987389,
        0.06663784, -0.05986368, -0.20104788,  0.06928742,  0.47303577,
       -0.23165571, -0.19841344, -0.31653382,  0.1327993 ,  0.19698664,
        0.02007242, -0.06167142, -0.45494938, -0.37749535,  0.36793842,
       -0.15337742,  0.02714641, -0.1622681 , -0.21910594,  0.24808337,
        0.26437242,  0.16561816,  0.32327973,  0.35046363, -0.04817456,
        0.40070933,  0.18944486,  0.32259074, -0.48337176, -0.34613195,
       -0.28863282,  0.14076973, -0.14048741,  0.16997903,  0.03759754,
        0.2339559 , -0.43367002,  0.2157515 , -0.11721872,  0.08760353,
        0.10743   , -0.3784555 , -0.18737157,  0.421959  , -0.21237943,
        0.0065728 , -0.40691308,  0.19707727, -0.07847153]) 

Generation: 42 
 - Generation Avg Fit: 569.148946817129 
 - Best Fitness: 1090.1466543102533 
 - Worst Fitness: 0.0
 - Best Solution: array([ 4.10771041e-02,  3.98710951e-01,  4.52601481e-01,  1.69977236e-01,
        9.65164216e-02, -2.39490616e-01, -2.32674481e-01, -3.90172735e-01,
       -4.03764410e-01, -4.42705459e-01,  4.51103952e-01,  2.39028746e-01,
        4.53648359e-01, -2.30289618e-01,  6.69823052e-02,  3.36072359e-01,
       -2.32573147e-01, -1.96764244e-01,  8.17800913e-02, -4.80656591e-01,
        2.98524572e-02,  1.88301908e-01, -3.27380253e-01,  1.32971561e-01,
        1.93385608e-01,  1.35719082e-02, -5.87232337e-02, -4.64410709e-01,
       -3.74293874e-01,  4.70273932e-01, -1.83279656e-01,  3.34539764e-02,
       -3.80623591e-01, -2.19105942e-01,  2.34224530e-01,  2.65309665e-01,
        1.74839560e-01,  3.80224453e-01,  3.54110499e-01, -3.28841914e-02,
        3.91369410e-01,  1.83199615e-01,  3.24616987e-01, -4.90688453e-01,
        1.29258397e-04,  1.72817192e-01,  9.66280752e-02, -1.45551513e-01,
        1.88377658e-01,  4.43316251e-02,  2.21486199e-01, -4.42150573e-01,
        1.73168705e-01, -2.12358755e-01,  3.50237526e-01,  9.21983179e-02,
       -3.70998553e-01, -1.95894663e-01,  4.23814410e-01, -2.16972570e-01,
        1.19204933e-02, -3.45987112e-01,  1.92548498e-01, -8.43995127e-03]) 

Generation: 43 
 - Generation Avg Fit: 535.2059949662895 
 - Best Fitness: 1090.1466543102533 
 - Worst Fitness: 0.0
 - Best Solution: array([ 0.03998135,  0.38612211,  0.31508438,  0.15810153,  0.09918515,
       -0.24313231, -0.22287101, -0.38302779, -0.42115852, -0.4457553 ,
        0.46570573,  0.24117496,  0.23943376, -0.23806927, -0.24987389,
        0.06663784, -0.05986368, -0.20104788,  0.06928742,  0.47303577,
       -0.23165571, -0.19841344, -0.31653382,  0.1327993 ,  0.19698664,
        0.02007242, -0.06167142, -0.45494938, -0.37749535,  0.36793842,
       -0.15337742,  0.02714641, -0.1622681 , -0.21910594,  0.24808337,
        0.26437242,  0.16561816,  0.32327973,  0.35046363, -0.04817456,
        0.40070933,  0.18944486,  0.32259074, -0.48337176, -0.34613195,
       -0.28863282,  0.14076973, -0.14048741,  0.16997903,  0.03759754,
        0.2339559 , -0.43367002,  0.2157515 , -0.11721872,  0.08760353,
        0.10743   , -0.3784555 , -0.18737157,  0.421959  , -0.21237943,
        0.0065728 , -0.40691308,  0.19707727, -0.07847153]) 

Generation: 44 
 - Generation Avg Fit: 558.2130527656911 
 - Best Fitness: 1090.1466543102533 
 - Worst Fitness: 0.0
 - Best Solution: array([ 0.03998135,  0.38612211,  0.31508438,  0.15810153,  0.09918515,
       -0.24313231, -0.22287101, -0.38302779, -0.42115852, -0.4457553 ,
        0.46570573,  0.24117496,  0.23943376, -0.23806927, -0.24987389,
        0.06663784, -0.05986368, -0.20104788,  0.06928742,  0.47303577,
       -0.23165571, -0.19841344, -0.31653382,  0.1327993 ,  0.19698664,
        0.02007242, -0.06167142, -0.45494938, -0.37749535,  0.36793842,
       -0.15337742,  0.02714641, -0.1622681 , -0.21910594,  0.24808337,
        0.26437242,  0.16561816,  0.32327973,  0.35046363, -0.04817456,
        0.40070933,  0.18944486,  0.32259074, -0.48337176, -0.34613195,
       -0.28863282,  0.14076973, -0.14048741,  0.16997903,  0.03759754,
        0.2339559 , -0.43367002,  0.2157515 , -0.11721872,  0.08760353,
        0.10743   , -0.3784555 , -0.18737157,  0.421959  , -0.21237943,
        0.0065728 , -0.40691308,  0.19707727, -0.07847153]) 

Generation: 45 
 - Generation Avg Fit: 580.5048134970517 
 - Best Fitness: 1090.1466543102533 
 - Worst Fitness: 0.0
 - Best Solution: array([ 0.03998135,  0.38612211,  0.31508438,  0.15810153,  0.09918515,
       -0.24313231, -0.22287101, -0.38302779, -0.42115852, -0.4457553 ,
        0.46570573,  0.24117496,  0.23943376, -0.23806927, -0.24987389,
        0.06663784, -0.05986368, -0.20104788,  0.06928742,  0.47303577,
       -0.23165571, -0.19841344, -0.31653382,  0.1327993 ,  0.19698664,
        0.02007242, -0.06167142, -0.45494938, -0.37749535,  0.36793842,
       -0.15337742,  0.02714641, -0.1622681 , -0.21910594,  0.24808337,
        0.26437242,  0.16561816,  0.32327973,  0.35046363, -0.04817456,
        0.40070933,  0.18944486,  0.32259074, -0.48337176, -0.34613195,
       -0.28863282,  0.14076973, -0.14048741,  0.16997903,  0.03759754,
        0.2339559 , -0.43367002,  0.2157515 , -0.11721872,  0.08760353,
        0.10743   , -0.3784555 , -0.18737157,  0.421959  , -0.21237943,
        0.0065728 , -0.40691308,  0.19707727, -0.07847153]) 

Generation: 46 
 - Generation Avg Fit: 543.48052130111 
 - Best Fitness: 1090.1466543102533 
 - Worst Fitness: 0.0
 - Best Solution: array([ 0.03998135,  0.38612211,  0.31508438,  0.15810153,  0.09918515,
       -0.24313231, -0.22287101, -0.38302779, -0.42115852, -0.4457553 ,
        0.46570573,  0.24117496,  0.23943376, -0.23806927, -0.24987389,
        0.06663784, -0.05986368, -0.20104788,  0.06928742,  0.47303577,
       -0.23165571, -0.19841344, -0.31653382,  0.1327993 ,  0.19698664,
        0.02007242, -0.06167142, -0.45494938, -0.37749535,  0.36793842,
       -0.15337742,  0.02714641, -0.1622681 , -0.21910594,  0.24808337,
        0.26437242,  0.16561816,  0.32327973,  0.35046363, -0.04817456,
        0.40070933,  0.18944486,  0.32259074, -0.48337176, -0.34613195,
       -0.28863282,  0.14076973, -0.14048741,  0.16997903,  0.03759754,
        0.2339559 , -0.43367002,  0.2157515 , -0.11721872,  0.08760353,
        0.10743   , -0.3784555 , -0.18737157,  0.421959  , -0.21237943,
        0.0065728 , -0.40691308,  0.19707727, -0.07847153]) 

Generation: 47 
 - Generation Avg Fit: 570.1674974525052 
 - Best Fitness: 1090.1466543102533 
 - Worst Fitness: 0.0
 - Best Solution: array([ 0.03998135,  0.38612211,  0.31508438,  0.15810153,  0.09918515,
       -0.24313231, -0.22287101, -0.38302779, -0.42115852, -0.4457553 ,
        0.46570573,  0.24117496,  0.23943376, -0.23806927, -0.24987389,
        0.06663784, -0.05986368, -0.20104788,  0.06928742,  0.47303577,
       -0.23165571, -0.19841344, -0.31653382,  0.1327993 ,  0.19698664,
        0.02007242, -0.06167142, -0.45494938, -0.37749535,  0.36793842,
       -0.15337742,  0.02714641, -0.1622681 , -0.21910594,  0.24808337,
        0.26437242,  0.16561816,  0.32327973,  0.35046363, -0.04817456,
        0.40070933,  0.18944486,  0.32259074, -0.48337176, -0.34613195,
       -0.28863282,  0.14076973, -0.14048741,  0.16997903,  0.03759754,
        0.2339559 , -0.43367002,  0.2157515 , -0.11721872,  0.08760353,
        0.10743   , -0.3784555 , -0.18737157,  0.421959  , -0.21237943,
        0.0065728 , -0.40691308,  0.19707727, -0.07847153]) 

Generation: 48 
 - Generation Avg Fit: 564.7684217082711 
 - Best Fitness: 1090.1466543102533 
 - Worst Fitness: 0.0
 - Best Solution: array([ 0.03998135,  0.38612211,  0.31508438,  0.15810153,  0.09918515,
       -0.24313231, -0.22287101, -0.38302779, -0.42115852, -0.4457553 ,
        0.46570573,  0.24117496,  0.23943376, -0.23806927, -0.24987389,
        0.06663784, -0.05986368, -0.20104788,  0.06928742,  0.47303577,
       -0.23165571, -0.19841344, -0.31653382,  0.1327993 ,  0.19698664,
        0.02007242, -0.06167142, -0.45494938, -0.37749535,  0.36793842,
       -0.15337742,  0.02714641, -0.1622681 , -0.21910594,  0.24808337,
        0.26437242,  0.16561816,  0.32327973,  0.35046363, -0.04817456,
        0.40070933,  0.18944486,  0.32259074, -0.48337176, -0.34613195,
       -0.28863282,  0.14076973, -0.14048741,  0.16997903,  0.03759754,
        0.2339559 , -0.43367002,  0.2157515 , -0.11721872,  0.08760353,
        0.10743   , -0.3784555 , -0.18737157,  0.421959  , -0.21237943,
        0.0065728 , -0.40691308,  0.19707727, -0.07847153]) 

Generation: 49 
 - Generation Avg Fit: 587.4184537005802 
 - Best Fitness: 1090.1466543102533 
 - Worst Fitness: 0.0
 - Best Solution: array([ 0.03998135,  0.38612211,  0.31508438,  0.15810153,  0.09918515,
       -0.24313231, -0.22287101, -0.38302779, -0.42115852, -0.4457553 ,
        0.46570573,  0.24117496,  0.23943376, -0.23806927, -0.24987389,
        0.06663784, -0.05986368, -0.20104788,  0.06928742,  0.47303577,
       -0.23165571, -0.19841344, -0.31653382,  0.1327993 ,  0.19698664,
        0.02007242, -0.06167142, -0.45494938, -0.37749535,  0.36793842,
       -0.15337742,  0.02714641, -0.1622681 , -0.21910594,  0.24808337,
        0.26437242,  0.16561816,  0.32327973,  0.35046363, -0.04817456,
        0.40070933,  0.18944486,  0.32259074, -0.48337176, -0.34613195,
       -0.28863282,  0.14076973, -0.14048741,  0.16997903,  0.03759754,
        0.2339559 , -0.43367002,  0.2157515 , -0.11721872,  0.08760353,
        0.10743   , -0.3784555 , -0.18737157,  0.421959  , -0.21237943,
        0.0065728 , -0.40691308,  0.19707727, -0.07847153]) 

Generation: 50 
 - Generation Avg Fit: 553.661784212432 
 - Best Fitness: 1090.1466543102533 
 - Worst Fitness: 0.0
 - Best Solution: array([ 0.03998135,  0.38612211,  0.31508438,  0.15810153,  0.09918515,
       -0.24313231, -0.22287101, -0.38302779, -0.42115852, -0.4457553 ,
        0.46570573,  0.24117496,  0.23943376, -0.23806927, -0.24987389,
        0.06663784, -0.05986368, -0.20104788,  0.06928742,  0.47303577,
       -0.23165571, -0.19841344, -0.31653382,  0.1327993 ,  0.19698664,
        0.02007242, -0.06167142, -0.45494938, -0.37749535,  0.36793842,
       -0.15337742,  0.02714641, -0.1622681 , -0.21910594,  0.24808337,
        0.26437242,  0.16561816,  0.32327973,  0.35046363, -0.04817456,
        0.40070933,  0.18944486,  0.32259074, -0.48337176, -0.34613195,
       -0.28863282,  0.14076973, -0.14048741,  0.16997903,  0.03759754,
        0.2339559 , -0.43367002,  0.2157515 , -0.11721872,  0.08760353,
        0.10743   , -0.3784555 , -0.18737157,  0.421959  , -0.21237943,
        0.0065728 , -0.40691308,  0.19707727, -0.07847153]) 

Generation: 51 
 - Generation Avg Fit: 607.1897939121723 
 - Best Fitness: 1090.1466543102533 
 - Worst Fitness: 0.0
 - Best Solution: array([ 0.03998135,  0.38612211,  0.31508438,  0.15810153,  0.09918515,
       -0.24313231, -0.22287101, -0.38302779, -0.42115852, -0.4457553 ,
        0.46570573,  0.24117496,  0.23943376, -0.23806927, -0.24987389,
        0.06663784, -0.05986368, -0.20104788,  0.06928742,  0.47303577,
       -0.23165571, -0.19841344, -0.31653382,  0.1327993 ,  0.19698664,
        0.02007242, -0.06167142, -0.45494938, -0.37749535,  0.36793842,
       -0.15337742,  0.02714641, -0.1622681 , -0.21910594,  0.24808337,
        0.26437242,  0.16561816,  0.32327973,  0.35046363, -0.04817456,
        0.40070933,  0.18944486,  0.32259074, -0.48337176, -0.34613195,
       -0.28863282,  0.14076973, -0.14048741,  0.16997903,  0.03759754,
        0.2339559 , -0.43367002,  0.2157515 , -0.11721872,  0.08760353,
        0.10743   , -0.3784555 , -0.18737157,  0.421959  , -0.21237943,
        0.0065728 , -0.40691308,  0.19707727, -0.07847153]) 

Generation: 52 
 - Generation Avg Fit: 604.7801722552338 
 - Best Fitness: 1090.1466543102533 
 - Worst Fitness: 0.0
 - Best Solution: array([ 0.03998135,  0.38612211,  0.31508438,  0.15810153,  0.09918515,
       -0.24313231, -0.22287101, -0.38302779, -0.42115852, -0.4457553 ,
        0.46570573,  0.24117496,  0.23943376, -0.23806927, -0.24987389,
        0.06663784, -0.05986368, -0.20104788,  0.06928742,  0.47303577,
       -0.23165571, -0.19841344, -0.31653382,  0.1327993 ,  0.19698664,
        0.02007242, -0.06167142, -0.45494938, -0.37749535,  0.36793842,
       -0.15337742,  0.02714641, -0.1622681 , -0.21910594,  0.24808337,
        0.26437242,  0.16561816,  0.32327973,  0.35046363, -0.04817456,
        0.40070933,  0.18944486,  0.32259074, -0.48337176, -0.34613195,
       -0.28863282,  0.14076973, -0.14048741,  0.16997903,  0.03759754,
        0.2339559 , -0.43367002,  0.2157515 , -0.11721872,  0.08760353,
        0.10743   , -0.3784555 , -0.18737157,  0.421959  , -0.21237943,
        0.0065728 , -0.40691308,  0.19707727, -0.07847153]) 

Generation: 53 
 - Generation Avg Fit: 621.0978213355918 
 - Best Fitness: 1090.1466543102533 
 - Worst Fitness: 0.0
 - Best Solution: array([ 0.03998135,  0.38612211,  0.31508438,  0.15810153,  0.09918515,
       -0.24313231, -0.22287101, -0.38302779, -0.42115852, -0.4457553 ,
        0.46570573,  0.24117496,  0.23943376, -0.23806927, -0.24987389,
        0.06663784, -0.05986368, -0.20104788,  0.06928742,  0.47303577,
       -0.23165571, -0.19841344, -0.31653382,  0.1327993 ,  0.19698664,
        0.02007242, -0.06167142, -0.45494938, -0.37749535,  0.36793842,
       -0.15337742,  0.02714641, -0.1622681 , -0.21910594,  0.24808337,
        0.26437242,  0.16561816,  0.32327973,  0.35046363, -0.04817456,
        0.40070933,  0.18944486,  0.32259074, -0.48337176, -0.34613195,
       -0.28863282,  0.14076973, -0.14048741,  0.16997903,  0.03759754,
        0.2339559 , -0.43367002,  0.2157515 , -0.11721872,  0.08760353,
        0.10743   , -0.3784555 , -0.18737157,  0.421959  , -0.21237943,
        0.0065728 , -0.40691308,  0.19707727, -0.07847153]) 

Generation: 54 
 - Generation Avg Fit: 609.5203695118538 
 - Best Fitness: 1090.1466543102533 
 - Worst Fitness: 0.0
 - Best Solution: array([ 0.03998135,  0.38612211,  0.31508438,  0.15810153,  0.09918515,
       -0.24313231, -0.22287101, -0.38302779, -0.42115852, -0.4457553 ,
        0.46570573,  0.24117496,  0.23943376, -0.23806927, -0.24987389,
        0.06663784, -0.05986368, -0.20104788,  0.06928742,  0.47303577,
       -0.23165571, -0.19841344, -0.31653382,  0.1327993 ,  0.19698664,
        0.02007242, -0.06167142, -0.45494938, -0.37749535,  0.36793842,
       -0.15337742,  0.02714641, -0.1622681 , -0.21910594,  0.24808337,
        0.26437242,  0.16561816,  0.32327973,  0.35046363, -0.04817456,
        0.40070933,  0.18944486,  0.32259074, -0.48337176, -0.34613195,
       -0.28863282,  0.14076973, -0.14048741,  0.16997903,  0.03759754,
        0.2339559 , -0.43367002,  0.2157515 , -0.11721872,  0.08760353,
        0.10743   , -0.3784555 , -0.18737157,  0.421959  , -0.21237943,
        0.0065728 , -0.40691308,  0.19707727, -0.07847153]) 

Generation: 55 
 - Generation Avg Fit: 593.0468008120578 
 - Best Fitness: 1090.1466543102533 
 - Worst Fitness: 0.0
 - Best Solution: array([ 0.03998135,  0.38612211,  0.31508438,  0.15810153,  0.09918515,
       -0.24313231, -0.22287101, -0.38302779, -0.42115852, -0.4457553 ,
        0.46570573,  0.24117496,  0.23943376, -0.23806927, -0.24987389,
        0.06663784, -0.05986368, -0.20104788,  0.06928742,  0.47303577,
       -0.23165571, -0.19841344, -0.31653382,  0.1327993 ,  0.19698664,
        0.02007242, -0.06167142, -0.45494938, -0.37749535,  0.36793842,
       -0.15337742,  0.02714641, -0.1622681 , -0.21910594,  0.24808337,
        0.26437242,  0.16561816,  0.32327973,  0.35046363, -0.04817456,
        0.40070933,  0.18944486,  0.32259074, -0.48337176, -0.34613195,
       -0.28863282,  0.14076973, -0.14048741,  0.16997903,  0.03759754,
        0.2339559 , -0.43367002,  0.2157515 , -0.11721872,  0.08760353,
        0.10743   , -0.3784555 , -0.18737157,  0.421959  , -0.21237943,
        0.0065728 , -0.40691308,  0.19707727, -0.07847153]) 

Generation: 56 
 - Generation Avg Fit: 634.9201618380066 
 - Best Fitness: 1090.1466543102533 
 - Worst Fitness: 0.0
 - Best Solution: array([ 0.03998135,  0.38612211,  0.31508438,  0.15810153,  0.09918515,
       -0.24313231, -0.22287101, -0.38302779, -0.42115852, -0.4457553 ,
        0.46570573,  0.24117496,  0.23943376, -0.23806927, -0.24987389,
        0.06663784, -0.05986368, -0.20104788,  0.06928742,  0.47303577,
       -0.23165571, -0.19841344, -0.31653382,  0.1327993 ,  0.19698664,
        0.02007242, -0.06167142, -0.45494938, -0.37749535,  0.36793842,
       -0.15337742,  0.02714641, -0.1622681 , -0.21910594,  0.24808337,
        0.26437242,  0.16561816,  0.32327973,  0.35046363, -0.04817456,
        0.40070933,  0.18944486,  0.32259074, -0.48337176, -0.34613195,
       -0.28863282,  0.14076973, -0.14048741,  0.16997903,  0.03759754,
        0.2339559 , -0.43367002,  0.2157515 , -0.11721872,  0.08760353,
        0.10743   , -0.3784555 , -0.18737157,  0.421959  , -0.21237943,
        0.0065728 , -0.40691308,  0.19707727, -0.07847153]) 

Generation: 57 
 - Generation Avg Fit: 592.5519495497598 
 - Best Fitness: 1090.1466543102533 
 - Worst Fitness: 0.0
 - Best Solution: array([ 0.03998135,  0.38612211,  0.31508438,  0.15810153,  0.09918515,
       -0.24313231, -0.22287101, -0.38302779, -0.42115852, -0.4457553 ,
        0.46570573,  0.24117496,  0.23943376, -0.23806927, -0.24987389,
        0.06663784, -0.05986368, -0.20104788,  0.06928742,  0.47303577,
       -0.23165571, -0.19841344, -0.31653382,  0.1327993 ,  0.19698664,
        0.02007242, -0.06167142, -0.45494938, -0.37749535,  0.36793842,
       -0.15337742,  0.02714641, -0.1622681 , -0.21910594,  0.24808337,
        0.26437242,  0.16561816,  0.32327973,  0.35046363, -0.04817456,
        0.40070933,  0.18944486,  0.32259074, -0.48337176, -0.34613195,
       -0.28863282,  0.14076973, -0.14048741,  0.16997903,  0.03759754,
        0.2339559 , -0.43367002,  0.2157515 , -0.11721872,  0.08760353,
        0.10743   , -0.3784555 , -0.18737157,  0.421959  , -0.21237943,
        0.0065728 , -0.40691308,  0.19707727, -0.07847153]) 

Generation: 58 
 - Generation Avg Fit: 606.5143296875709 
 - Best Fitness: 1090.1466543102533 
 - Worst Fitness: 0.0
 - Best Solution: array([ 0.03998135,  0.38612211,  0.31508438,  0.15810153,  0.09918515,
       -0.24313231, -0.22287101, -0.38302779, -0.42115852, -0.4457553 ,
        0.46570573,  0.24117496,  0.23943376, -0.23806927, -0.24987389,
        0.06663784, -0.05986368, -0.20104788,  0.06928742,  0.47303577,
       -0.23165571, -0.19841344, -0.31653382,  0.1327993 ,  0.19698664,
        0.02007242, -0.06167142, -0.45494938, -0.37749535,  0.36793842,
       -0.15337742,  0.02714641, -0.1622681 , -0.21910594,  0.24808337,
        0.26437242,  0.16561816,  0.32327973,  0.35046363, -0.04817456,
        0.40070933,  0.18944486,  0.32259074, -0.48337176, -0.34613195,
       -0.28863282,  0.14076973, -0.14048741,  0.16997903,  0.03759754,
        0.2339559 , -0.43367002,  0.2157515 , -0.11721872,  0.08760353,
        0.10743   , -0.3784555 , -0.18737157,  0.421959  , -0.21237943,
        0.0065728 , -0.40691308,  0.19707727, -0.07847153]) 

Generation: 59 
 - Generation Avg Fit: 625.6002228759162 
 - Best Fitness: 1090.1466543102533 
 - Worst Fitness: 0.0
 - Best Solution: array([ 0.03998135,  0.38612211,  0.31508438,  0.15810153,  0.09918515,
       -0.24313231, -0.22287101, -0.38302779, -0.42115852, -0.4457553 ,
        0.46570573,  0.24117496,  0.23943376, -0.23806927, -0.24987389,
        0.06663784, -0.05986368, -0.20104788,  0.06928742,  0.47303577,
       -0.23165571, -0.19841344, -0.31653382,  0.1327993 ,  0.19698664,
        0.02007242, -0.06167142, -0.45494938, -0.37749535,  0.36793842,
       -0.15337742,  0.02714641, -0.1622681 , -0.21910594,  0.24808337,
        0.26437242,  0.16561816,  0.32327973,  0.35046363, -0.04817456,
        0.40070933,  0.18944486,  0.32259074, -0.48337176, -0.34613195,
       -0.28863282,  0.14076973, -0.14048741,  0.16997903,  0.03759754,
        0.2339559 , -0.43367002,  0.2157515 , -0.11721872,  0.08760353,
        0.10743   , -0.3784555 , -0.18737157,  0.421959  , -0.21237943,
        0.0065728 , -0.40691308,  0.19707727, -0.07847153]) 

Generation: 60 
 - Generation Avg Fit: 613.7312654708788 
 - Best Fitness: 1090.1466543102533 
 - Worst Fitness: 0.0
 - Best Solution: array([ 0.03998135,  0.38612211,  0.31508438,  0.15810153,  0.09918515,
       -0.24313231, -0.22287101, -0.38302779, -0.42115852, -0.4457553 ,
        0.46570573,  0.24117496,  0.23943376, -0.23806927, -0.24987389,
        0.06663784, -0.05986368, -0.20104788,  0.06928742,  0.47303577,
       -0.23165571, -0.19841344, -0.31653382,  0.1327993 ,  0.19698664,
        0.02007242, -0.06167142, -0.45494938, -0.37749535,  0.36793842,
       -0.15337742,  0.02714641, -0.1622681 , -0.21910594,  0.24808337,
        0.26437242,  0.16561816,  0.32327973,  0.35046363, -0.04817456,
        0.40070933,  0.18944486,  0.32259074, -0.48337176, -0.34613195,
       -0.28863282,  0.14076973, -0.14048741,  0.16997903,  0.03759754,
        0.2339559 , -0.43367002,  0.2157515 , -0.11721872,  0.08760353,
        0.10743   , -0.3784555 , -0.18737157,  0.421959  , -0.21237943,
        0.0065728 , -0.40691308,  0.19707727, -0.07847153]) 

Generation: 61 
 - Generation Avg Fit: 626.3007717344714 
 - Best Fitness: 1090.1466543102533 
 - Worst Fitness: 0.0
 - Best Solution: array([ 0.03998135,  0.38612211,  0.31508438,  0.15810153,  0.09918515,
       -0.24313231, -0.22287101, -0.38302779, -0.42115852, -0.4457553 ,
        0.46570573,  0.24117496,  0.23943376, -0.23806927, -0.24987389,
        0.06663784, -0.05986368, -0.20104788,  0.06928742,  0.47303577,
       -0.23165571, -0.19841344, -0.31653382,  0.1327993 ,  0.19698664,
        0.02007242, -0.06167142, -0.45494938, -0.37749535,  0.36793842,
       -0.15337742,  0.02714641, -0.1622681 , -0.21910594,  0.24808337,
        0.26437242,  0.16561816,  0.32327973,  0.35046363, -0.04817456,
        0.40070933,  0.18944486,  0.32259074, -0.48337176, -0.34613195,
       -0.28863282,  0.14076973, -0.14048741,  0.16997903,  0.03759754,
        0.2339559 , -0.43367002,  0.2157515 , -0.11721872,  0.08760353,
        0.10743   , -0.3784555 , -0.18737157,  0.421959  , -0.21237943,
        0.0065728 , -0.40691308,  0.19707727, -0.07847153]) 

Generation: 62 
 - Generation Avg Fit: 625.0044673568995 
 - Best Fitness: 1090.1466543102533 
 - Worst Fitness: 0.0
 - Best Solution: array([ 0.03998135,  0.38612211,  0.31508438,  0.15810153,  0.09918515,
       -0.24313231, -0.22287101, -0.38302779, -0.42115852, -0.4457553 ,
        0.46570573,  0.24117496,  0.23943376, -0.23806927, -0.24987389,
        0.06663784, -0.05986368, -0.20104788,  0.06928742,  0.47303577,
       -0.23165571, -0.19841344, -0.31653382,  0.1327993 ,  0.19698664,
        0.02007242, -0.06167142, -0.45494938, -0.37749535,  0.36793842,
       -0.15337742,  0.02714641, -0.1622681 , -0.21910594,  0.24808337,
        0.26437242,  0.16561816,  0.32327973,  0.35046363, -0.04817456,
        0.40070933,  0.18944486,  0.32259074, -0.48337176, -0.34613195,
       -0.28863282,  0.14076973, -0.14048741,  0.16997903,  0.03759754,
        0.2339559 , -0.43367002,  0.2157515 , -0.11721872,  0.08760353,
        0.10743   , -0.3784555 , -0.18737157,  0.421959  , -0.21237943,
        0.0065728 , -0.40691308,  0.19707727, -0.07847153]) 

Generation: 63 
 - Generation Avg Fit: 625.4107533464735 
 - Best Fitness: 1090.1466543102533 
 - Worst Fitness: 0.0
 - Best Solution: array([ 0.03998135,  0.38612211,  0.31508438,  0.15810153,  0.09918515,
       -0.24313231, -0.22287101, -0.38302779, -0.42115852, -0.4457553 ,
        0.46570573,  0.24117496,  0.23943376, -0.23806927, -0.24987389,
        0.06663784, -0.05986368, -0.20104788,  0.06928742,  0.47303577,
       -0.23165571, -0.19841344, -0.31653382,  0.1327993 ,  0.19698664,
        0.02007242, -0.06167142, -0.45494938, -0.37749535,  0.36793842,
       -0.15337742,  0.02714641, -0.1622681 , -0.21910594,  0.24808337,
        0.26437242,  0.16561816,  0.32327973,  0.35046363, -0.04817456,
        0.40070933,  0.18944486,  0.32259074, -0.48337176, -0.34613195,
       -0.28863282,  0.14076973, -0.14048741,  0.16997903,  0.03759754,
        0.2339559 , -0.43367002,  0.2157515 , -0.11721872,  0.08760353,
        0.10743   , -0.3784555 , -0.18737157,  0.421959  , -0.21237943,
        0.0065728 , -0.40691308,  0.19707727, -0.07847153]) 

Generation: 64 
 - Generation Avg Fit: 665.8601311594643 
 - Best Fitness: 1090.1466543102533 
 - Worst Fitness: 0.0
 - Best Solution: array([ 0.03998135,  0.38612211,  0.31508438,  0.15810153,  0.09918515,
       -0.24313231, -0.22287101, -0.38302779, -0.42115852, -0.4457553 ,
        0.46570573,  0.24117496,  0.23943376, -0.23806927, -0.24987389,
        0.06663784, -0.05986368, -0.20104788,  0.06928742,  0.47303577,
       -0.23165571, -0.19841344, -0.31653382,  0.1327993 ,  0.19698664,
        0.02007242, -0.06167142, -0.45494938, -0.37749535,  0.36793842,
       -0.15337742,  0.02714641, -0.1622681 , -0.21910594,  0.24808337,
        0.26437242,  0.16561816,  0.32327973,  0.35046363, -0.04817456,
        0.40070933,  0.18944486,  0.32259074, -0.48337176, -0.34613195,
       -0.28863282,  0.14076973, -0.14048741,  0.16997903,  0.03759754,
        0.2339559 , -0.43367002,  0.2157515 , -0.11721872,  0.08760353,
        0.10743   , -0.3784555 , -0.18737157,  0.421959  , -0.21237943,
        0.0065728 , -0.40691308,  0.19707727, -0.07847153]) 

Generation: 65 
 - Generation Avg Fit: 636.5182380503386 
 - Best Fitness: 1090.1466543102533 
 - Worst Fitness: 0.0
 - Best Solution: array([ 0.03998135,  0.38612211,  0.31508438,  0.15810153,  0.09918515,
       -0.24313231, -0.22287101, -0.38302779, -0.42115852, -0.4457553 ,
        0.46570573,  0.24117496,  0.23943376, -0.23806927, -0.24987389,
        0.06663784, -0.05986368, -0.20104788,  0.06928742,  0.47303577,
       -0.23165571, -0.19841344, -0.31653382,  0.1327993 ,  0.19698664,
        0.02007242, -0.06167142, -0.45494938, -0.37749535,  0.36793842,
       -0.15337742,  0.02714641, -0.1622681 , -0.21910594,  0.24808337,
        0.26437242,  0.16561816,  0.32327973,  0.35046363, -0.04817456,
        0.40070933,  0.18944486,  0.32259074, -0.48337176, -0.34613195,
       -0.28863282,  0.14076973, -0.14048741,  0.16997903,  0.03759754,
        0.2339559 , -0.43367002,  0.2157515 , -0.11721872,  0.08760353,
        0.10743   , -0.3784555 , -0.18737157,  0.421959  , -0.21237943,
        0.0065728 , -0.40691308,  0.19707727, -0.07847153]) 

Generation: 66 
 - Generation Avg Fit: 644.2321974380812 
 - Best Fitness: 1090.1466543102533 
 - Worst Fitness: 0.0
 - Best Solution: array([ 0.03998135,  0.38612211,  0.31508438,  0.15810153,  0.09918515,
       -0.24313231, -0.22287101, -0.38302779, -0.42115852, -0.4457553 ,
        0.46570573,  0.24117496,  0.23943376, -0.23806927, -0.24987389,
        0.06663784, -0.05986368, -0.20104788,  0.06928742,  0.47303577,
       -0.23165571, -0.19841344, -0.31653382,  0.1327993 ,  0.19698664,
        0.02007242, -0.06167142, -0.45494938, -0.37749535,  0.36793842,
       -0.15337742,  0.02714641, -0.1622681 , -0.21910594,  0.24808337,
        0.26437242,  0.16561816,  0.32327973,  0.35046363, -0.04817456,
        0.40070933,  0.18944486,  0.32259074, -0.48337176, -0.34613195,
       -0.28863282,  0.14076973, -0.14048741,  0.16997903,  0.03759754,
        0.2339559 , -0.43367002,  0.2157515 , -0.11721872,  0.08760353,
        0.10743   , -0.3784555 , -0.18737157,  0.421959  , -0.21237943,
        0.0065728 , -0.40691308,  0.19707727, -0.07847153]) 

Generation: 67 
 - Generation Avg Fit: 679.0182641179828 
 - Best Fitness: 1090.1466543102533 
 - Worst Fitness: 0.0
 - Best Solution: array([ 0.03998135,  0.38612211,  0.31508438,  0.15810153,  0.09918515,
       -0.24313231, -0.22287101, -0.38302779, -0.42115852, -0.4457553 ,
        0.46570573,  0.24117496,  0.23943376, -0.23806927, -0.24987389,
        0.06663784, -0.05986368, -0.20104788,  0.06928742,  0.47303577,
       -0.23165571, -0.19841344, -0.31653382,  0.1327993 ,  0.19698664,
        0.02007242, -0.06167142, -0.45494938, -0.37749535,  0.36793842,
       -0.15337742,  0.02714641, -0.1622681 , -0.21910594,  0.24808337,
        0.26437242,  0.16561816,  0.32327973,  0.35046363, -0.04817456,
        0.40070933,  0.18944486,  0.32259074, -0.48337176, -0.34613195,
       -0.28863282,  0.14076973, -0.14048741,  0.16997903,  0.03759754,
        0.2339559 , -0.43367002,  0.2157515 , -0.11721872,  0.08760353,
        0.10743   , -0.3784555 , -0.18737157,  0.421959  , -0.21237943,
        0.0065728 , -0.40691308,  0.19707727, -0.07847153]) 

Generation: 68 
 - Generation Avg Fit: 690.8525334225112 
 - Best Fitness: 1090.1466543102533 
 - Worst Fitness: 0.0
 - Best Solution: array([ 0.03998135,  0.38612211,  0.31508438,  0.15810153,  0.09918515,
       -0.24313231, -0.22287101, -0.38302779, -0.42115852, -0.4457553 ,
        0.46570573,  0.24117496,  0.23943376, -0.23806927, -0.24987389,
        0.06663784, -0.05986368, -0.20104788,  0.06928742,  0.47303577,
       -0.23165571, -0.19841344, -0.31653382,  0.1327993 ,  0.19698664,
        0.02007242, -0.06167142, -0.45494938, -0.37749535,  0.36793842,
       -0.15337742,  0.02714641, -0.1622681 , -0.21910594,  0.24808337,
        0.26437242,  0.16561816,  0.32327973,  0.35046363, -0.04817456,
        0.40070933,  0.18944486,  0.32259074, -0.48337176, -0.34613195,
       -0.28863282,  0.14076973, -0.14048741,  0.16997903,  0.03759754,
        0.2339559 , -0.43367002,  0.2157515 , -0.11721872,  0.08760353,
        0.10743   , -0.3784555 , -0.18737157,  0.421959  , -0.21237943,
        0.0065728 , -0.40691308,  0.19707727, -0.07847153]) 

Generation: 69 
 - Generation Avg Fit: 682.7439679517131 
 - Best Fitness: 1090.1466543102533 
 - Worst Fitness: 0.0
 - Best Solution: array([ 0.03998135,  0.38612211,  0.31508438,  0.15810153,  0.09918515,
       -0.24313231, -0.22287101, -0.38302779, -0.42115852, -0.4457553 ,
        0.46570573,  0.24117496,  0.23943376, -0.23806927, -0.24987389,
        0.06663784, -0.05986368, -0.20104788,  0.06928742,  0.47303577,
       -0.23165571, -0.19841344, -0.31653382,  0.1327993 ,  0.19698664,
        0.02007242, -0.06167142, -0.45494938, -0.37749535,  0.36793842,
       -0.15337742,  0.02714641, -0.1622681 , -0.21910594,  0.24808337,
        0.26437242,  0.16561816,  0.32327973,  0.35046363, -0.04817456,
        0.40070933,  0.18944486,  0.32259074, -0.48337176, -0.34613195,
       -0.28863282,  0.14076973, -0.14048741,  0.16997903,  0.03759754,
        0.2339559 , -0.43367002,  0.2157515 , -0.11721872,  0.08760353,
        0.10743   , -0.3784555 , -0.18737157,  0.421959  , -0.21237943,
        0.0065728 , -0.40691308,  0.19707727, -0.07847153]) 

Generation: 70 
 - Generation Avg Fit: 667.7857462408988 
 - Best Fitness: 1119.4290581772184 
 - Worst Fitness: 0.0
 - Best Solution: array([ 0.05677145, -0.16970282,  0.45977616,  0.17477872,  0.10540738,
       -0.25995504, -0.23604971, -0.37220868,  0.23194959, -0.43990164,
        0.46465198,  0.22096886,  0.2316844 , -0.25191866, -0.2618683 ,
        0.06321181,  0.11672099, -0.17885628,  0.05926234,  0.47275995,
        0.04988826,  0.2015181 , -0.30623777,  0.14093004,  0.17729873,
        0.01049884, -0.05872323, -0.4418285 , -0.36974891,  0.39265257,
       -0.1756573 ,  0.05040791, -0.16510555, -0.23302228,  0.23312327,
        0.26713206,  0.16639749,  0.37741461,  0.33907658, -0.05842589,
        0.39125306,  0.20351899,  0.32391237, -0.48927828, -0.16206945,
        0.17458571,  0.30353233, -0.49772087,  0.20597922,  0.14389023,
        0.43587897, -0.43221707,  0.1595782 , -0.2116247 ,  0.36085899,
       -0.08348917, -0.38986519, -0.20243688,  0.42020243, -0.20214588,
       -0.00119499, -0.35199711,  0.16509304, -0.08857813]) 

Generation: 71 
 - Generation Avg Fit: 686.8829279394869 
 - Best Fitness: 1119.4290581772184 
 - Worst Fitness: 0.0
 - Best Solution: array([ 0.03998135,  0.38612211,  0.31508438,  0.15810153,  0.09918515,
       -0.24313231, -0.22287101, -0.38302779, -0.42115852, -0.4457553 ,
        0.46570573,  0.24117496,  0.23943376, -0.23806927, -0.24987389,
        0.06663784, -0.05986368, -0.20104788,  0.06928742,  0.47303577,
       -0.23165571, -0.19841344, -0.31653382,  0.1327993 ,  0.19698664,
        0.02007242, -0.06167142, -0.45494938, -0.37749535,  0.36793842,
       -0.15337742,  0.02714641, -0.1622681 , -0.21910594,  0.24808337,
        0.26437242,  0.16561816,  0.32327973,  0.35046363, -0.04817456,
        0.40070933,  0.18944486,  0.32259074, -0.48337176, -0.34613195,
       -0.28863282,  0.14076973, -0.14048741,  0.16997903,  0.03759754,
        0.2339559 , -0.43367002,  0.2157515 , -0.11721872,  0.08760353,
        0.10743   , -0.3784555 , -0.18737157,  0.421959  , -0.21237943,
        0.0065728 , -0.40691308,  0.19707727, -0.07847153]) 

Generation: 72 
 - Generation Avg Fit: 704.6429180951259 
 - Best Fitness: 1119.4290581772184 
 - Worst Fitness: 0.0
 - Best Solution: array([ 0.05677145, -0.16970282,  0.45977616,  0.17477872,  0.10540738,
       -0.25995504, -0.23604971, -0.37220868,  0.23194959, -0.43990164,
        0.46465198,  0.22096886,  0.2316844 , -0.25191866, -0.2618683 ,
        0.06321181,  0.11672099, -0.17885628,  0.05926234,  0.47275995,
        0.04988826,  0.2015181 , -0.30623777,  0.14093004,  0.17729873,
        0.01049884, -0.05872323, -0.4418285 , -0.36974891,  0.39265257,
       -0.1756573 ,  0.05040791, -0.16510555, -0.23302228,  0.23312327,
        0.26713206,  0.16639749,  0.37741461,  0.33907658, -0.05842589,
        0.39125306,  0.20351899,  0.32391237, -0.48927828, -0.16206945,
        0.17458571,  0.30353233, -0.49772087,  0.20597922,  0.14389023,
        0.43587897, -0.43221707,  0.1595782 , -0.2116247 ,  0.36085899,
       -0.08348917, -0.38986519, -0.20243688,  0.42020243, -0.20214588,
       -0.00119499, -0.35199711,  0.16509304, -0.08857813]) 

Generation: 73 
 - Generation Avg Fit: 698.2974311716756 
 - Best Fitness: 1119.4290581772184 
 - Worst Fitness: 0.0
 - Best Solution: array([ 0.05677145, -0.16970282,  0.45977616,  0.17477872,  0.10540738,
       -0.25995504, -0.23604971, -0.37220868,  0.23194959, -0.43990164,
        0.46465198,  0.22096886,  0.2316844 , -0.25191866, -0.2618683 ,
        0.06321181,  0.11672099, -0.17885628,  0.05926234,  0.47275995,
        0.04988826,  0.2015181 , -0.30623777,  0.14093004,  0.17729873,
        0.01049884, -0.05872323, -0.4418285 , -0.36974891,  0.39265257,
       -0.1756573 ,  0.05040791, -0.16510555, -0.23302228,  0.23312327,
        0.26713206,  0.16639749,  0.37741461,  0.33907658, -0.05842589,
        0.39125306,  0.20351899,  0.32391237, -0.48927828, -0.16206945,
        0.17458571,  0.30353233, -0.49772087,  0.20597922,  0.14389023,
        0.43587897, -0.43221707,  0.1595782 , -0.2116247 ,  0.36085899,
       -0.08348917, -0.38986519, -0.20243688,  0.42020243, -0.20214588,
       -0.00119499, -0.35199711,  0.16509304, -0.08857813]) 

Generation: 74 
 - Generation Avg Fit: 724.8439137393466 
 - Best Fitness: 1119.4290581772184 
 - Worst Fitness: 0.0
 - Best Solution: array([ 0.05677145, -0.16970282,  0.45977616,  0.17477872,  0.10540738,
       -0.25995504, -0.23604971, -0.37220868,  0.23194959, -0.43990164,
        0.46465198,  0.22096886,  0.2316844 , -0.25191866, -0.2618683 ,
        0.06321181,  0.11672099, -0.17885628,  0.05926234,  0.47275995,
        0.04988826,  0.2015181 , -0.30623777,  0.14093004,  0.17729873,
        0.01049884, -0.05872323, -0.4418285 , -0.36974891,  0.39265257,
       -0.1756573 ,  0.05040791, -0.16510555, -0.23302228,  0.23312327,
        0.26713206,  0.16639749,  0.37741461,  0.33907658, -0.05842589,
        0.39125306,  0.20351899,  0.32391237, -0.48927828, -0.16206945,
        0.17458571,  0.30353233, -0.49772087,  0.20597922,  0.14389023,
        0.43587897, -0.43221707,  0.1595782 , -0.2116247 ,  0.36085899,
       -0.08348917, -0.38986519, -0.20243688,  0.42020243, -0.20214588,
       -0.00119499, -0.35199711,  0.16509304, -0.08857813]) 

Generation: 75 
 - Generation Avg Fit: 697.746862383376 
 - Best Fitness: 1119.4290581772184 
 - Worst Fitness: 0.0
 - Best Solution: array([ 0.05677145, -0.16970282,  0.45977616,  0.17477872,  0.10540738,
       -0.25995504, -0.23604971, -0.37220868,  0.23194959, -0.43990164,
        0.46465198,  0.22096886,  0.2316844 , -0.25191866, -0.2618683 ,
        0.06321181,  0.11672099, -0.17885628,  0.05926234,  0.47275995,
        0.04988826,  0.2015181 , -0.30623777,  0.14093004,  0.17729873,
        0.01049884, -0.05872323, -0.4418285 , -0.36974891,  0.39265257,
       -0.1756573 ,  0.05040791, -0.16510555, -0.23302228,  0.23312327,
        0.26713206,  0.16639749,  0.37741461,  0.33907658, -0.05842589,
        0.39125306,  0.20351899,  0.32391237, -0.48927828, -0.16206945,
        0.17458571,  0.30353233, -0.49772087,  0.20597922,  0.14389023,
        0.43587897, -0.43221707,  0.1595782 , -0.2116247 ,  0.36085899,
       -0.08348917, -0.38986519, -0.20243688,  0.42020243, -0.20214588,
       -0.00119499, -0.35199711,  0.16509304, -0.08857813]) 

Generation: 76 
 - Generation Avg Fit: 709.0100303735578 
 - Best Fitness: 1119.4290581772184 
 - Worst Fitness: 0.0
 - Best Solution: array([ 0.05677145, -0.16970282,  0.45977616,  0.17477872,  0.10540738,
       -0.25995504, -0.23604971, -0.37220868,  0.23194959, -0.43990164,
        0.46465198,  0.22096886,  0.2316844 , -0.25191866, -0.2618683 ,
        0.06321181,  0.11672099, -0.17885628,  0.05926234,  0.47275995,
        0.04988826,  0.2015181 , -0.30623777,  0.14093004,  0.17729873,
        0.01049884, -0.05872323, -0.4418285 , -0.36974891,  0.39265257,
       -0.1756573 ,  0.05040791, -0.16510555, -0.23302228,  0.23312327,
        0.26713206,  0.16639749,  0.37741461,  0.33907658, -0.05842589,
        0.39125306,  0.20351899,  0.32391237, -0.48927828, -0.16206945,
        0.17458571,  0.30353233, -0.49772087,  0.20597922,  0.14389023,
        0.43587897, -0.43221707,  0.1595782 , -0.2116247 ,  0.36085899,
       -0.08348917, -0.38986519, -0.20243688,  0.42020243, -0.20214588,
       -0.00119499, -0.35199711,  0.16509304, -0.08857813]) 

Generation: 77 
 - Generation Avg Fit: 715.6596852388452 
 - Best Fitness: 1119.4290581772184 
 - Worst Fitness: 0.0
 - Best Solution: array([ 0.05677145, -0.16970282,  0.45977616,  0.17477872,  0.10540738,
       -0.25995504, -0.23604971, -0.37220868,  0.23194959, -0.43990164,
        0.46465198,  0.22096886,  0.2316844 , -0.25191866, -0.2618683 ,
        0.06321181,  0.11672099, -0.17885628,  0.05926234,  0.47275995,
        0.04988826,  0.2015181 , -0.30623777,  0.14093004,  0.17729873,
        0.01049884, -0.05872323, -0.4418285 , -0.36974891,  0.39265257,
       -0.1756573 ,  0.05040791, -0.16510555, -0.23302228,  0.23312327,
        0.26713206,  0.16639749,  0.37741461,  0.33907658, -0.05842589,
        0.39125306,  0.20351899,  0.32391237, -0.48927828, -0.16206945,
        0.17458571,  0.30353233, -0.49772087,  0.20597922,  0.14389023,
        0.43587897, -0.43221707,  0.1595782 , -0.2116247 ,  0.36085899,
       -0.08348917, -0.38986519, -0.20243688,  0.42020243, -0.20214588,
       -0.00119499, -0.35199711,  0.16509304, -0.08857813]) 

Generation: 78 
 - Generation Avg Fit: 685.8227151083703 
 - Best Fitness: 1119.4290581772184 
 - Worst Fitness: 0.0
 - Best Solution: array([ 0.05677145, -0.16970282,  0.45977616,  0.17477872,  0.10540738,
       -0.25995504, -0.23604971, -0.37220868,  0.23194959, -0.43990164,
        0.46465198,  0.22096886,  0.2316844 , -0.25191866, -0.2618683 ,
        0.06321181,  0.11672099, -0.17885628,  0.05926234,  0.47275995,
        0.04988826,  0.2015181 , -0.30623777,  0.14093004,  0.17729873,
        0.01049884, -0.05872323, -0.4418285 , -0.36974891,  0.39265257,
       -0.1756573 ,  0.05040791, -0.16510555, -0.23302228,  0.23312327,
        0.26713206,  0.16639749,  0.37741461,  0.33907658, -0.05842589,
        0.39125306,  0.20351899,  0.32391237, -0.48927828, -0.16206945,
        0.17458571,  0.30353233, -0.49772087,  0.20597922,  0.14389023,
        0.43587897, -0.43221707,  0.1595782 , -0.2116247 ,  0.36085899,
       -0.08348917, -0.38986519, -0.20243688,  0.42020243, -0.20214588,
       -0.00119499, -0.35199711,  0.16509304, -0.08857813]) 

Generation: 79 
 - Generation Avg Fit: 756.1239164157898 
 - Best Fitness: 1119.4290581772184 
 - Worst Fitness: 0.0
 - Best Solution: array([ 0.05677145, -0.16970282,  0.45977616,  0.17477872,  0.10540738,
       -0.25995504, -0.23604971, -0.37220868,  0.23194959, -0.43990164,
        0.46465198,  0.22096886,  0.2316844 , -0.25191866, -0.2618683 ,
        0.06321181,  0.11672099, -0.17885628,  0.05926234,  0.47275995,
        0.04988826,  0.2015181 , -0.30623777,  0.14093004,  0.17729873,
        0.01049884, -0.05872323, -0.4418285 , -0.36974891,  0.39265257,
       -0.1756573 ,  0.05040791, -0.16510555, -0.23302228,  0.23312327,
        0.26713206,  0.16639749,  0.37741461,  0.33907658, -0.05842589,
        0.39125306,  0.20351899,  0.32391237, -0.48927828, -0.16206945,
        0.17458571,  0.30353233, -0.49772087,  0.20597922,  0.14389023,
        0.43587897, -0.43221707,  0.1595782 , -0.2116247 ,  0.36085899,
       -0.08348917, -0.38986519, -0.20243688,  0.42020243, -0.20214588,
       -0.00119499, -0.35199711,  0.16509304, -0.08857813]) 

Generation: 80 
 - Generation Avg Fit: 694.9135613691615 
 - Best Fitness: 1119.4290581772184 
 - Worst Fitness: 0.0
 - Best Solution: array([ 0.05677145, -0.16970282,  0.45977616,  0.17477872,  0.10540738,
       -0.25995504, -0.23604971, -0.37220868,  0.23194959, -0.43990164,
        0.46465198,  0.22096886,  0.2316844 , -0.25191866, -0.2618683 ,
        0.06321181,  0.11672099, -0.17885628,  0.05926234,  0.47275995,
        0.04988826,  0.2015181 , -0.30623777,  0.14093004,  0.17729873,
        0.01049884, -0.05872323, -0.4418285 , -0.36974891,  0.39265257,
       -0.1756573 ,  0.05040791, -0.16510555, -0.23302228,  0.23312327,
        0.26713206,  0.16639749,  0.37741461,  0.33907658, -0.05842589,
        0.39125306,  0.20351899,  0.32391237, -0.48927828, -0.16206945,
        0.17458571,  0.30353233, -0.49772087,  0.20597922,  0.14389023,
        0.43587897, -0.43221707,  0.1595782 , -0.2116247 ,  0.36085899,
       -0.08348917, -0.38986519, -0.20243688,  0.42020243, -0.20214588,
       -0.00119499, -0.35199711,  0.16509304, -0.08857813]) 

Generation: 81 
 - Generation Avg Fit: 734.2950573159402 
 - Best Fitness: 1119.4290581772184 
 - Worst Fitness: 0.0
 - Best Solution: array([ 0.05677145, -0.16970282,  0.45977616,  0.17477872,  0.10540738,
       -0.25995504, -0.23604971, -0.37220868,  0.23194959, -0.43990164,
        0.46465198,  0.22096886,  0.2316844 , -0.25191866, -0.2618683 ,
        0.06321181,  0.11672099, -0.17885628,  0.05926234,  0.47275995,
        0.04988826,  0.2015181 , -0.30623777,  0.14093004,  0.17729873,
        0.01049884, -0.05872323, -0.4418285 , -0.36974891,  0.39265257,
       -0.1756573 ,  0.05040791, -0.16510555, -0.23302228,  0.23312327,
        0.26713206,  0.16639749,  0.37741461,  0.33907658, -0.05842589,
        0.39125306,  0.20351899,  0.32391237, -0.48927828, -0.16206945,
        0.17458571,  0.30353233, -0.49772087,  0.20597922,  0.14389023,
        0.43587897, -0.43221707,  0.1595782 , -0.2116247 ,  0.36085899,
       -0.08348917, -0.38986519, -0.20243688,  0.42020243, -0.20214588,
       -0.00119499, -0.35199711,  0.16509304, -0.08857813]) 

Generation: 82 
 - Generation Avg Fit: 736.6581848082627 
 - Best Fitness: 1119.4290581772184 
 - Worst Fitness: 0.0
 - Best Solution: array([ 0.05677145, -0.16970282,  0.45977616,  0.17477872,  0.10540738,
       -0.25995504, -0.23604971, -0.37220868,  0.23194959, -0.43990164,
        0.46465198,  0.22096886,  0.2316844 , -0.25191866, -0.2618683 ,
        0.06321181,  0.11672099, -0.17885628,  0.05926234,  0.47275995,
        0.04988826,  0.2015181 , -0.30623777,  0.14093004,  0.17729873,
        0.01049884, -0.05872323, -0.4418285 , -0.36974891,  0.39265257,
       -0.1756573 ,  0.05040791, -0.16510555, -0.23302228,  0.23312327,
        0.26713206,  0.16639749,  0.37741461,  0.33907658, -0.05842589,
        0.39125306,  0.20351899,  0.32391237, -0.48927828, -0.16206945,
        0.17458571,  0.30353233, -0.49772087,  0.20597922,  0.14389023,
        0.43587897, -0.43221707,  0.1595782 , -0.2116247 ,  0.36085899,
       -0.08348917, -0.38986519, -0.20243688,  0.42020243, -0.20214588,
       -0.00119499, -0.35199711,  0.16509304, -0.08857813]) 

Generation: 83 
 - Generation Avg Fit: 704.5575916900192 
 - Best Fitness: 1151.1690276180652 
 - Worst Fitness: 0.0
 - Best Solution: array([ 0.02604048, -0.16296556,  0.31900182,  0.17974157, -0.13607831,
       -0.22716521, -0.21728001, -0.39728223, -0.40345724, -0.42820084,
        0.4522533 ,  0.26681325,  0.41368809, -0.21871838, -0.25853467,
        0.05796061, -0.25033506, -0.17210906,  0.09461251,  0.47868762,
        0.02556788,  0.19409383, -0.30859445,  0.14018638,  0.19179299,
        0.01505293, -0.05912104, -0.45535913, -0.39431444,  0.47439082,
       -0.15212741,  0.01797422, -0.15935562, -0.24050347,  0.24070046,
        0.26175837, -0.16712515,  0.38448322,  0.34256018, -0.03340655,
        0.40430518,  0.17628967,  0.32240149, -0.46910483, -0.18586663,
        0.16878115,  0.0996    , -0.15409415, -0.01306808,  0.15454238,
        0.4232366 , -0.4324996 ,  0.20150393, -0.18688764,  0.36352579,
        0.10337225, -0.37619263, -0.19100001,  0.42478089, -0.21054474,
        0.01657396, -0.34031423,  0.19436799, -0.06717125]) 

Generation: 84 
 - Generation Avg Fit: 729.4406494687017 
 - Best Fitness: 1151.1690276180652 
 - Worst Fitness: 0.0
 - Best Solution: array([ 0.05677145, -0.16970282,  0.45977616,  0.17477872,  0.10540738,
       -0.25995504, -0.23604971, -0.37220868,  0.23194959, -0.43990164,
        0.46465198,  0.22096886,  0.2316844 , -0.25191866, -0.2618683 ,
        0.06321181,  0.11672099, -0.17885628,  0.05926234,  0.47275995,
        0.04988826,  0.2015181 , -0.30623777,  0.14093004,  0.17729873,
        0.01049884, -0.05872323, -0.4418285 , -0.36974891,  0.39265257,
       -0.1756573 ,  0.05040791, -0.16510555, -0.23302228,  0.23312327,
        0.26713206,  0.16639749,  0.37741461,  0.33907658, -0.05842589,
        0.39125306,  0.20351899,  0.32391237, -0.48927828, -0.16206945,
        0.17458571,  0.30353233, -0.49772087,  0.20597922,  0.14389023,
        0.43587897, -0.43221707,  0.1595782 , -0.2116247 ,  0.36085899,
       -0.08348917, -0.38986519, -0.20243688,  0.42020243, -0.20214588,
       -0.00119499, -0.35199711,  0.16509304, -0.08857813]) 

Generation: 85 
 - Generation Avg Fit: 694.840896729725 
 - Best Fitness: 1151.1690276180652 
 - Worst Fitness: 0.0
 - Best Solution: array([ 0.02604048, -0.16296556,  0.31900182,  0.17974157, -0.13607831,
       -0.22716521, -0.21728001, -0.39728223, -0.40345724, -0.42820084,
        0.4522533 ,  0.26681325,  0.41368809, -0.21871838, -0.25853467,
        0.05796061, -0.25033506, -0.17210906,  0.09461251,  0.47868762,
        0.02556788,  0.19409383, -0.30859445,  0.14018638,  0.19179299,
        0.01505293, -0.05912104, -0.45535913, -0.39431444,  0.47439082,
       -0.15212741,  0.01797422, -0.15935562, -0.24050347,  0.24070046,
        0.26175837, -0.16712515,  0.38448322,  0.34256018, -0.03340655,
        0.40430518,  0.17628967,  0.32240149, -0.46910483, -0.18586663,
        0.16878115,  0.0996    , -0.15409415, -0.01306808,  0.15454238,
        0.4232366 , -0.4324996 ,  0.20150393, -0.18688764,  0.36352579,
        0.10337225, -0.37619263, -0.19100001,  0.42478089, -0.21054474,
        0.01657396, -0.34031423,  0.19436799, -0.06717125]) 

Generation: 86 
 - Generation Avg Fit: 711.0033517486285 
 - Best Fitness: 1151.1690276180652 
 - Worst Fitness: 0.0
 - Best Solution: array([ 0.02604048, -0.16296556,  0.31900182,  0.17974157, -0.13607831,
       -0.22716521, -0.21728001, -0.39728223, -0.40345724, -0.42820084,
        0.4522533 ,  0.26681325,  0.41368809, -0.21871838, -0.25853467,
        0.05796061, -0.25033506, -0.17210906,  0.09461251,  0.47868762,
        0.02556788,  0.19409383, -0.30859445,  0.14018638,  0.19179299,
        0.01505293, -0.05912104, -0.45535913, -0.39431444,  0.47439082,
       -0.15212741,  0.01797422, -0.15935562, -0.24050347,  0.24070046,
        0.26175837, -0.16712515,  0.38448322,  0.34256018, -0.03340655,
        0.40430518,  0.17628967,  0.32240149, -0.46910483, -0.18586663,
        0.16878115,  0.0996    , -0.15409415, -0.01306808,  0.15454238,
        0.4232366 , -0.4324996 ,  0.20150393, -0.18688764,  0.36352579,
        0.10337225, -0.37619263, -0.19100001,  0.42478089, -0.21054474,
        0.01657396, -0.34031423,  0.19436799, -0.06717125]) 

Generation: 87 
 - Generation Avg Fit: 758.1641957784509 
 - Best Fitness: 1182.989594497227 
 - Worst Fitness: 0.0
 - Best Solution: array([ 0.05106761, -0.16294562,  0.31943933,  0.04798475, -0.14122697,
       -0.23479526, -0.23267086, -0.38923936, -0.39753488, -0.45306608,
        0.4621696 ,  0.25297844,  0.44287619, -0.24601766, -0.22879354,
        0.0472328 , -0.24678702, -0.18784711,  0.07632944,  0.4751649 ,
        0.04341554,  0.22287151, -0.3200275 ,  0.1245645 ,  0.17619338,
        0.03533475, -0.04284594, -0.45669702, -0.35342105,  0.47144524,
       -0.17370351,  0.02771053, -0.38903696, -0.21805663,  0.2145552 ,
        0.24472324, -0.16049753,  0.37813419,  0.34361926, -0.02983816,
        0.39297604,  0.20218816,  0.32219901, -0.46371519, -0.15842966,
        0.19018174,  0.0925758 , -0.13132174,  0.17873155,  0.02567641,
        0.42490271, -0.42087296,  0.19809329, -0.21312386,  0.34981252,
        0.07504079, -0.37459116, -0.17868619,  0.40088821, -0.22267597,
        0.03934811, -0.36657469,  0.20476194, -0.06231479]) 

Generation: 88 
 - Generation Avg Fit: 716.760632501283 
 - Best Fitness: 1213.5813796399814 
 - Worst Fitness: 0.0
 - Best Solution: array([ 0.03976771,  0.38211606,  0.32366136,  0.03394637,  0.10978179,
       -0.22327124, -0.22478008, -0.39205587, -0.41259898, -0.41448797,
        0.46611287,  0.23878465,  0.28154962, -0.23138359, -0.25987434,
        0.06140599,  0.1160704 , -0.19291197,  0.07792023,  0.48949475,
        0.01988018,  0.18736763, -0.3210485 ,  0.15325283,  0.18968882,
       -0.00315362, -0.05947701, -0.45365339, -0.4012389 ,  0.46236365,
       -0.17661456,  0.03974106, -0.38079629, -0.2107202 ,  0.22560113,
        0.27279871,  0.16561816,  0.31461185,  0.33793633, -0.07436708,
        0.39885468,  0.19449684,  0.33924221, -0.34327417,  0.00240008,
        0.16481451,  0.08510198, -0.13666019,  0.21135963,  0.12788222,
        0.2358472 , -0.43526032, -0.19983156, -0.20538627,  0.35889071,
        0.09000483, -0.05060162, -0.18646342,  0.4019276 , -0.2206166 ,
       -0.13861864, -0.41431902,  0.19054705, -0.09150208]) 

Generation: 89 
 - Generation Avg Fit: 737.2162464427716 
 - Best Fitness: 1213.5813796399814 
 - Worst Fitness: 0.0
 - Best Solution: array([ 0.05106761, -0.16294562,  0.31943933,  0.04798475, -0.14122697,
       -0.23479526, -0.23267086, -0.38923936, -0.39753488, -0.45306608,
        0.4621696 ,  0.25297844,  0.44287619, -0.24601766, -0.22879354,
        0.0472328 , -0.24678702, -0.18784711,  0.07632944,  0.4751649 ,
        0.04341554,  0.22287151, -0.3200275 ,  0.1245645 ,  0.17619338,
        0.03533475, -0.04284594, -0.45669702, -0.35342105,  0.47144524,
       -0.17370351,  0.02771053, -0.38903696, -0.21805663,  0.2145552 ,
        0.24472324, -0.16049753,  0.37813419,  0.34361926, -0.02983816,
        0.39297604,  0.20218816,  0.32219901, -0.46371519, -0.15842966,
        0.19018174,  0.0925758 , -0.13132174,  0.17873155,  0.02567641,
        0.42490271, -0.42087296,  0.19809329, -0.21312386,  0.34981252,
        0.07504079, -0.37459116, -0.17868619,  0.40088821, -0.22267597,
        0.03934811, -0.36657469,  0.20476194, -0.06231479]) 

Generation: 90 
 - Generation Avg Fit: 743.0536558259083 
 - Best Fitness: 1213.5813796399814 
 - Worst Fitness: 0.0
 - Best Solution: array([ 0.03976771,  0.38211606,  0.32366136,  0.03394637,  0.10978179,
       -0.22327124, -0.22478008, -0.39205587, -0.41259898, -0.41448797,
        0.46611287,  0.23878465,  0.28154962, -0.23138359, -0.25987434,
        0.06140599,  0.1160704 , -0.19291197,  0.07792023,  0.48949475,
        0.01988018,  0.18736763, -0.3210485 ,  0.15325283,  0.18968882,
       -0.00315362, -0.05947701, -0.45365339, -0.4012389 ,  0.46236365,
       -0.17661456,  0.03974106, -0.38079629, -0.2107202 ,  0.22560113,
        0.27279871,  0.16561816,  0.31461185,  0.33793633, -0.07436708,
        0.39885468,  0.19449684,  0.33924221, -0.34327417,  0.00240008,
        0.16481451,  0.08510198, -0.13666019,  0.21135963,  0.12788222,
        0.2358472 , -0.43526032, -0.19983156, -0.20538627,  0.35889071,
        0.09000483, -0.05060162, -0.18646342,  0.4019276 , -0.2206166 ,
       -0.13861864, -0.41431902,  0.19054705, -0.09150208]) 

Generation: 91 
 - Generation Avg Fit: 702.4877349599367 
 - Best Fitness: 1213.5813796399814 
 - Worst Fitness: 0.0
 - Best Solution: array([ 0.03976771,  0.38211606,  0.32366136,  0.03394637,  0.10978179,
       -0.22327124, -0.22478008, -0.39205587, -0.41259898, -0.41448797,
        0.46611287,  0.23878465,  0.28154962, -0.23138359, -0.25987434,
        0.06140599,  0.1160704 , -0.19291197,  0.07792023,  0.48949475,
        0.01988018,  0.18736763, -0.3210485 ,  0.15325283,  0.18968882,
       -0.00315362, -0.05947701, -0.45365339, -0.4012389 ,  0.46236365,
       -0.17661456,  0.03974106, -0.38079629, -0.2107202 ,  0.22560113,
        0.27279871,  0.16561816,  0.31461185,  0.33793633, -0.07436708,
        0.39885468,  0.19449684,  0.33924221, -0.34327417,  0.00240008,
        0.16481451,  0.08510198, -0.13666019,  0.21135963,  0.12788222,
        0.2358472 , -0.43526032, -0.19983156, -0.20538627,  0.35889071,
        0.09000483, -0.05060162, -0.18646342,  0.4019276 , -0.2206166 ,
       -0.13861864, -0.41431902,  0.19054705, -0.09150208]) 

Generation: 92 
 - Generation Avg Fit: 757.4531271333248 
 - Best Fitness: 1213.5813796399814 
 - Worst Fitness: 0.0
 - Best Solution: array([ 0.03976771,  0.38211606,  0.32366136,  0.03394637,  0.10978179,
       -0.22327124, -0.22478008, -0.39205587, -0.41259898, -0.41448797,
        0.46611287,  0.23878465,  0.28154962, -0.23138359, -0.25987434,
        0.06140599,  0.1160704 , -0.19291197,  0.07792023,  0.48949475,
        0.01988018,  0.18736763, -0.3210485 ,  0.15325283,  0.18968882,
       -0.00315362, -0.05947701, -0.45365339, -0.4012389 ,  0.46236365,
       -0.17661456,  0.03974106, -0.38079629, -0.2107202 ,  0.22560113,
        0.27279871,  0.16561816,  0.31461185,  0.33793633, -0.07436708,
        0.39885468,  0.19449684,  0.33924221, -0.34327417,  0.00240008,
        0.16481451,  0.08510198, -0.13666019,  0.21135963,  0.12788222,
        0.2358472 , -0.43526032, -0.19983156, -0.20538627,  0.35889071,
        0.09000483, -0.05060162, -0.18646342,  0.4019276 , -0.2206166 ,
       -0.13861864, -0.41431902,  0.19054705, -0.09150208]) 

Generation: 93 
 - Generation Avg Fit: 766.7068145236824 
 - Best Fitness: 1213.5813796399814 
 - Worst Fitness: 0.0
 - Best Solution: array([ 0.03976771,  0.38211606,  0.32366136,  0.03394637,  0.10978179,
       -0.22327124, -0.22478008, -0.39205587, -0.41259898, -0.41448797,
        0.46611287,  0.23878465,  0.28154962, -0.23138359, -0.25987434,
        0.06140599,  0.1160704 , -0.19291197,  0.07792023,  0.48949475,
        0.01988018,  0.18736763, -0.3210485 ,  0.15325283,  0.18968882,
       -0.00315362, -0.05947701, -0.45365339, -0.4012389 ,  0.46236365,
       -0.17661456,  0.03974106, -0.38079629, -0.2107202 ,  0.22560113,
        0.27279871,  0.16561816,  0.31461185,  0.33793633, -0.07436708,
        0.39885468,  0.19449684,  0.33924221, -0.34327417,  0.00240008,
        0.16481451,  0.08510198, -0.13666019,  0.21135963,  0.12788222,
        0.2358472 , -0.43526032, -0.19983156, -0.20538627,  0.35889071,
        0.09000483, -0.05060162, -0.18646342,  0.4019276 , -0.2206166 ,
       -0.13861864, -0.41431902,  0.19054705, -0.09150208]) 

Generation: 94 
 - Generation Avg Fit: 770.6689471606828 
 - Best Fitness: 1213.5813796399814 
 - Worst Fitness: 0.0
 - Best Solution: array([ 0.03976771,  0.38211606,  0.32366136,  0.03394637,  0.10978179,
       -0.22327124, -0.22478008, -0.39205587, -0.41259898, -0.41448797,
        0.46611287,  0.23878465,  0.28154962, -0.23138359, -0.25987434,
        0.06140599,  0.1160704 , -0.19291197,  0.07792023,  0.48949475,
        0.01988018,  0.18736763, -0.3210485 ,  0.15325283,  0.18968882,
       -0.00315362, -0.05947701, -0.45365339, -0.4012389 ,  0.46236365,
       -0.17661456,  0.03974106, -0.38079629, -0.2107202 ,  0.22560113,
        0.27279871,  0.16561816,  0.31461185,  0.33793633, -0.07436708,
        0.39885468,  0.19449684,  0.33924221, -0.34327417,  0.00240008,
        0.16481451,  0.08510198, -0.13666019,  0.21135963,  0.12788222,
        0.2358472 , -0.43526032, -0.19983156, -0.20538627,  0.35889071,
        0.09000483, -0.05060162, -0.18646342,  0.4019276 , -0.2206166 ,
       -0.13861864, -0.41431902,  0.19054705, -0.09150208]) 

Generation: 95 
 - Generation Avg Fit: 781.090506301416 
 - Best Fitness: 1213.5813796399814 
 - Worst Fitness: 0.0
 - Best Solution: array([ 0.03976771,  0.38211606,  0.32366136,  0.03394637,  0.10978179,
       -0.22327124, -0.22478008, -0.39205587, -0.41259898, -0.41448797,
        0.46611287,  0.23878465,  0.28154962, -0.23138359, -0.25987434,
        0.06140599,  0.1160704 , -0.19291197,  0.07792023,  0.48949475,
        0.01988018,  0.18736763, -0.3210485 ,  0.15325283,  0.18968882,
       -0.00315362, -0.05947701, -0.45365339, -0.4012389 ,  0.46236365,
       -0.17661456,  0.03974106, -0.38079629, -0.2107202 ,  0.22560113,
        0.27279871,  0.16561816,  0.31461185,  0.33793633, -0.07436708,
        0.39885468,  0.19449684,  0.33924221, -0.34327417,  0.00240008,
        0.16481451,  0.08510198, -0.13666019,  0.21135963,  0.12788222,
        0.2358472 , -0.43526032, -0.19983156, -0.20538627,  0.35889071,
        0.09000483, -0.05060162, -0.18646342,  0.4019276 , -0.2206166 ,
       -0.13861864, -0.41431902,  0.19054705, -0.09150208]) 

Generation: 96 
 - Generation Avg Fit: 736.9789362510624 
 - Best Fitness: 1213.5813796399814 
 - Worst Fitness: 0.0
 - Best Solution: array([ 0.03976771,  0.38211606,  0.32366136,  0.03394637,  0.10978179,
       -0.22327124, -0.22478008, -0.39205587, -0.41259898, -0.41448797,
        0.46611287,  0.23878465,  0.28154962, -0.23138359, -0.25987434,
        0.06140599,  0.1160704 , -0.19291197,  0.07792023,  0.48949475,
        0.01988018,  0.18736763, -0.3210485 ,  0.15325283,  0.18968882,
       -0.00315362, -0.05947701, -0.45365339, -0.4012389 ,  0.46236365,
       -0.17661456,  0.03974106, -0.38079629, -0.2107202 ,  0.22560113,
        0.27279871,  0.16561816,  0.31461185,  0.33793633, -0.07436708,
        0.39885468,  0.19449684,  0.33924221, -0.34327417,  0.00240008,
        0.16481451,  0.08510198, -0.13666019,  0.21135963,  0.12788222,
        0.2358472 , -0.43526032, -0.19983156, -0.20538627,  0.35889071,
        0.09000483, -0.05060162, -0.18646342,  0.4019276 , -0.2206166 ,
       -0.13861864, -0.41431902,  0.19054705, -0.09150208]) 

Generation: 97 
 - Generation Avg Fit: 737.0417796563067 
 - Best Fitness: 1213.5813796399814 
 - Worst Fitness: 0.0
 - Best Solution: array([ 0.03976771,  0.38211606,  0.32366136,  0.03394637,  0.10978179,
       -0.22327124, -0.22478008, -0.39205587, -0.41259898, -0.41448797,
        0.46611287,  0.23878465,  0.28154962, -0.23138359, -0.25987434,
        0.06140599,  0.1160704 , -0.19291197,  0.07792023,  0.48949475,
        0.01988018,  0.18736763, -0.3210485 ,  0.15325283,  0.18968882,
       -0.00315362, -0.05947701, -0.45365339, -0.4012389 ,  0.46236365,
       -0.17661456,  0.03974106, -0.38079629, -0.2107202 ,  0.22560113,
        0.27279871,  0.16561816,  0.31461185,  0.33793633, -0.07436708,
        0.39885468,  0.19449684,  0.33924221, -0.34327417,  0.00240008,
        0.16481451,  0.08510198, -0.13666019,  0.21135963,  0.12788222,
        0.2358472 , -0.43526032, -0.19983156, -0.20538627,  0.35889071,
        0.09000483, -0.05060162, -0.18646342,  0.4019276 , -0.2206166 ,
       -0.13861864, -0.41431902,  0.19054705, -0.09150208]) 

Generation: 98 
 - Generation Avg Fit: 756.6851941814087 
 - Best Fitness: 1213.5813796399814 
 - Worst Fitness: 0.0
 - Best Solution: array([ 0.03976771,  0.38211606,  0.32366136,  0.03394637,  0.10978179,
       -0.22327124, -0.22478008, -0.39205587, -0.41259898, -0.41448797,
        0.46611287,  0.23878465,  0.28154962, -0.23138359, -0.25987434,
        0.06140599,  0.1160704 , -0.19291197,  0.07792023,  0.48949475,
        0.01988018,  0.18736763, -0.3210485 ,  0.15325283,  0.18968882,
       -0.00315362, -0.05947701, -0.45365339, -0.4012389 ,  0.46236365,
       -0.17661456,  0.03974106, -0.38079629, -0.2107202 ,  0.22560113,
        0.27279871,  0.16561816,  0.31461185,  0.33793633, -0.07436708,
        0.39885468,  0.19449684,  0.33924221, -0.34327417,  0.00240008,
        0.16481451,  0.08510198, -0.13666019,  0.21135963,  0.12788222,
        0.2358472 , -0.43526032, -0.19983156, -0.20538627,  0.35889071,
        0.09000483, -0.05060162, -0.18646342,  0.4019276 , -0.2206166 ,
       -0.13861864, -0.41431902,  0.19054705, -0.09150208]) 

Generation: 99 
 - Generation Avg Fit: 750.4545788141676 
 - Best Fitness: 1213.5813796399814 
 - Worst Fitness: 0.0
 - Best Solution: array([ 0.03976771,  0.38211606,  0.32366136,  0.03394637,  0.10978179,
       -0.22327124, -0.22478008, -0.39205587, -0.41259898, -0.41448797,
        0.46611287,  0.23878465,  0.28154962, -0.23138359, -0.25987434,
        0.06140599,  0.1160704 , -0.19291197,  0.07792023,  0.48949475,
        0.01988018,  0.18736763, -0.3210485 ,  0.15325283,  0.18968882,
       -0.00315362, -0.05947701, -0.45365339, -0.4012389 ,  0.46236365,
       -0.17661456,  0.03974106, -0.38079629, -0.2107202 ,  0.22560113,
        0.27279871,  0.16561816,  0.31461185,  0.33793633, -0.07436708,
        0.39885468,  0.19449684,  0.33924221, -0.34327417,  0.00240008,
        0.16481451,  0.08510198, -0.13666019,  0.21135963,  0.12788222,
        0.2358472 , -0.43526032, -0.19983156, -0.20538627,  0.35889071,
        0.09000483, -0.05060162, -0.18646342,  0.4019276 , -0.2206166 ,
       -0.13861864, -0.41431902,  0.19054705, -0.09150208]) 

Generation: 100 
 - Generation Avg Fit: 797.602085230305 
 - Best Fitness: 1213.5813796399814 
 - Worst Fitness: 0.0
 - Best Solution: array([ 0.03976771,  0.38211606,  0.32366136,  0.03394637,  0.10978179,
       -0.22327124, -0.22478008, -0.39205587, -0.41259898, -0.41448797,
        0.46611287,  0.23878465,  0.28154962, -0.23138359, -0.25987434,
        0.06140599,  0.1160704 , -0.19291197,  0.07792023,  0.48949475,
        0.01988018,  0.18736763, -0.3210485 ,  0.15325283,  0.18968882,
       -0.00315362, -0.05947701, -0.45365339, -0.4012389 ,  0.46236365,
       -0.17661456,  0.03974106, -0.38079629, -0.2107202 ,  0.22560113,
        0.27279871,  0.16561816,  0.31461185,  0.33793633, -0.07436708,
        0.39885468,  0.19449684,  0.33924221, -0.34327417,  0.00240008,
        0.16481451,  0.08510198, -0.13666019,  0.21135963,  0.12788222,
        0.2358472 , -0.43526032, -0.19983156, -0.20538627,  0.35889071,
        0.09000483, -0.05060162, -0.18646342,  0.4019276 , -0.2206166 ,
       -0.13861864, -0.41431902,  0.19054705, -0.09150208]) 
