
-------------------------------------------------------------------------------------------------------
                                --- Method Parameters ---                                            
-------------------------------------------------------------------------------------------------------

method: PyGAD, entity: hydrostat_reservoir, volume: 50, sim_duration: 100, dt: 0.05, 
fitness_func: pygad_fitness, pop_size: 200, gen_size: 100, weight_search: 0.5, 

-------------------------------------------------------------------------------------------------------
                                --- Pygad  Parameters ---                                            
-------------------------------------------------------------------------------------------------------

parent_selection_type: rank, parents mating: 100, keep parents: 100, crossover type: uniform, 
mutation type: random, mutation prob: 0.5, mutation_max_val: 0.01, mutation_min_val: -0.01, 

=======================================================================================================


Generation: 1 
 - Generation Avg Fit: 143.48912694876128 
 - Best Fitness: 578.6304614262747 
 - Worst Fitness: 0.0
 - Best Solution: array([-0.14354063, -0.45372463,  0.18577922,  0.24045254,  0.39026703,
       -0.41721758,  0.2998246 , -0.20988553,  0.35473626, -0.31067673,
        0.49864602,  0.21580485,  0.04831746, -0.01783918, -0.16023911,
        0.13776504, -0.48051325,  0.49264969,  0.29146816, -0.03972552,
       -0.26381749,  0.35481189, -0.41207327,  0.25521363, -0.42417517,
       -0.0757444 , -0.26686822, -0.38572358, -0.04152002, -0.034859  ,
       -0.04642332,  0.44730225, -0.07124318,  0.46278511, -0.48346176,
       -0.00150451,  0.33629834, -0.08508329, -0.19855975,  0.10873007,
       -0.15225319,  0.0420918 , -0.08667924,  0.29604179,  0.19825665,
       -0.01037059, -0.12075814,  0.02982045, -0.12436889,  0.11952744,
       -0.22073929, -0.17207158, -0.24396161,  0.05473795,  0.04590816,
       -0.2813002 ,  0.09774354,  0.48075919, -0.0985577 , -0.08847427,
        0.43032284, -0.00421367,  0.32232131,  0.01667989]) 

Generation: 2 
 - Generation Avg Fit: 198.8107353140669 
 - Best Fitness: 651.6600887014085 
 - Worst Fitness: 0.0
 - Best Solution: array([-0.16408764, -0.15074735, -0.25911786,  0.03473693,  0.        ,
        0.00664004,  0.        , -0.27260414,  0.        ,  0.        ,
       -0.00741899,  0.00102922, -0.09999687,  0.        , -0.41709553,
       -0.29447018, -0.00047742, -0.46033744,  0.43940295,  0.        ,
        0.        , -0.42475979, -0.03145097,  0.00473137,  0.47396907,
       -0.46681641,  0.        , -0.19836075, -0.00684911, -0.15051985,
        0.36916328,  0.42280611, -0.00476167,  0.00345754, -0.06857269,
       -0.31385002, -0.26386775,  0.        ,  0.        , -0.04340951,
        0.04833508, -0.12180126, -0.0026214 ,  0.16208172,  0.37976986,
        0.39540082, -0.00073322, -0.00159101,  0.0028068 ,  0.41722695,
        0.00686916,  0.00408375,  0.00592534, -0.0012014 , -0.00301944,
        0.00492423, -0.00195568, -0.0067749 , -0.00770998, -0.05999159,
       -0.29639452, -0.09142353,  0.00438472,  0.0153595 ]) 

Generation: 3 
 - Generation Avg Fit: 220.91493440123125 
 - Best Fitness: 653.7420171535492 
 - Worst Fitness: 0.0
 - Best Solution: array([ 0.16357499,  0.20602662,  0.41227569, -0.36155932, -0.20876188,
        0.32598279,  0.22786744,  0.21370042,  0.00568194, -0.29056152,
       -0.17366348, -0.14497742, -0.37008922,  0.06268697,  0.17479298,
        0.09188922, -0.48842397, -0.02890174, -0.37899584,  0.29469541,
        0.42342564, -0.0427796 , -0.33290928,  0.00765984, -0.33165031,
        0.41942487,  0.14910131,  0.48651363, -0.14000904,  0.23974871,
        0.28163171, -0.40912226,  0.40243337, -0.40673885,  0.04376091,
        0.45295058, -0.18522834, -0.0747127 ,  0.44883965, -0.28040478,
        0.37442771,  0.0206417 , -0.48414454, -0.05029392,  0.08400936,
       -0.07329543,  0.41573988,  0.13014479, -0.03179416, -0.24320629,
        0.07895723, -0.17887777, -0.42866882, -0.40677382,  0.1936128 ,
        0.05187583, -0.27394074,  0.23110762,  0.47511409, -0.16938569,
       -0.22913676,  0.12897728,  0.47373087, -0.06565326]) 

Generation: 4 
 - Generation Avg Fit: 237.93341176268513 
 - Best Fitness: 789.3677722933129 
 - Worst Fitness: 0.0
 - Best Solution: array([ 0.25388463,  0.35066226,  0.26487904, -0.10196685, -0.11585077,
       -0.42569002, -0.08078127, -0.06390115,  0.12696353, -0.38285257,
        0.19809541, -0.28831874, -0.40263249, -0.2703908 , -0.48237787,
        0.0831607 ,  0.44036559, -0.27682611, -0.2727484 ,  0.06498219,
       -0.24565097, -0.43439322,  0.07625615,  0.35220077,  0.45653818,
       -0.07297864,  0.35096827, -0.46428891, -0.36096802, -0.23964137,
        0.42314619, -0.18716508, -0.06122866,  0.42296424,  0.06148266,
       -0.02099387, -0.1415056 ,  0.35627047,  0.07343888,  0.10851812,
        0.25016717,  0.07365381, -0.16687708,  0.38941439,  0.25832605,
       -0.2766407 , -0.40372992, -0.34968743,  0.01051322, -0.11818086,
        0.32668132,  0.27929619, -0.12486136,  0.38375803,  0.27903549,
       -0.19790843, -0.3229494 , -0.17261599,  0.43146995, -0.29909112,
        0.15145905, -0.04118436, -0.34427494, -0.02340321]) 

Generation: 5 
 - Generation Avg Fit: 251.14103918547596 
 - Best Fitness: 789.3677722933129 
 - Worst Fitness: 0.0
 - Best Solution: array([ 0.16357499,  0.20602662,  0.41227569, -0.36155932, -0.20876188,
        0.32598279,  0.22786744,  0.21370042,  0.00568194, -0.29056152,
       -0.17366348, -0.14497742, -0.37008922,  0.06268697,  0.17479298,
        0.09188922, -0.48842397, -0.02890174, -0.37899584,  0.29469541,
        0.42342564, -0.0427796 , -0.33290928,  0.00765984, -0.33165031,
        0.41942487,  0.14910131,  0.48651363, -0.14000904,  0.23974871,
        0.28163171, -0.40912226,  0.40243337, -0.40673885,  0.04376091,
        0.45295058, -0.18522834, -0.0747127 ,  0.44883965, -0.28040478,
        0.37442771,  0.0206417 , -0.48414454, -0.05029392,  0.08400936,
       -0.07329543,  0.41573988,  0.13014479, -0.03179416, -0.24320629,
        0.07895723, -0.17887777, -0.42866882, -0.40677382,  0.1936128 ,
        0.05187583, -0.27394074,  0.23110762,  0.47511409, -0.16938569,
       -0.22913676,  0.12897728,  0.47373087, -0.06565326]) 

Generation: 6 
 - Generation Avg Fit: 246.9505276655652 
 - Best Fitness: 789.3677722933129 
 - Worst Fitness: 0.0
 - Best Solution: array([ 0.25388463,  0.35066226,  0.26487904, -0.10196685, -0.11585077,
       -0.42569002, -0.08078127, -0.06390115,  0.12696353, -0.38285257,
        0.19809541, -0.28831874, -0.40263249, -0.2703908 , -0.48237787,
        0.0831607 ,  0.44036559, -0.27682611, -0.2727484 ,  0.06498219,
       -0.24565097, -0.43439322,  0.07625615,  0.35220077,  0.45653818,
       -0.07297864,  0.35096827, -0.46428891, -0.36096802, -0.23964137,
        0.42314619, -0.18716508, -0.06122866,  0.42296424,  0.06148266,
       -0.02099387, -0.1415056 ,  0.35627047,  0.07343888,  0.10851812,
        0.25016717,  0.07365381, -0.16687708,  0.38941439,  0.25832605,
       -0.2766407 , -0.40372992, -0.34968743,  0.01051322, -0.11818086,
        0.32668132,  0.27929619, -0.12486136,  0.38375803,  0.27903549,
       -0.19790843, -0.3229494 , -0.17261599,  0.43146995, -0.29909112,
        0.15145905, -0.04118436, -0.34427494, -0.02340321]) 

Generation: 7 
 - Generation Avg Fit: 264.7416025656385 
 - Best Fitness: 789.3677722933129 
 - Worst Fitness: 0.0
 - Best Solution: array([ 0.25388463,  0.35066226,  0.26487904, -0.10196685, -0.11585077,
       -0.42569002, -0.08078127, -0.06390115,  0.12696353, -0.38285257,
        0.19809541, -0.28831874, -0.40263249, -0.2703908 , -0.48237787,
        0.0831607 ,  0.44036559, -0.27682611, -0.2727484 ,  0.06498219,
       -0.24565097, -0.43439322,  0.07625615,  0.35220077,  0.45653818,
       -0.07297864,  0.35096827, -0.46428891, -0.36096802, -0.23964137,
        0.42314619, -0.18716508, -0.06122866,  0.42296424,  0.06148266,
       -0.02099387, -0.1415056 ,  0.35627047,  0.07343888,  0.10851812,
        0.25016717,  0.07365381, -0.16687708,  0.38941439,  0.25832605,
       -0.2766407 , -0.40372992, -0.34968743,  0.01051322, -0.11818086,
        0.32668132,  0.27929619, -0.12486136,  0.38375803,  0.27903549,
       -0.19790843, -0.3229494 , -0.17261599,  0.43146995, -0.29909112,
        0.15145905, -0.04118436, -0.34427494, -0.02340321]) 

Generation: 8 
 - Generation Avg Fit: 275.7201540841059 
 - Best Fitness: 789.3677722933129 
 - Worst Fitness: 0.0
 - Best Solution: array([ 0.25388463,  0.35066226,  0.26487904, -0.10196685, -0.11585077,
       -0.42569002, -0.08078127, -0.06390115,  0.12696353, -0.38285257,
        0.19809541, -0.28831874, -0.40263249, -0.2703908 , -0.48237787,
        0.0831607 ,  0.44036559, -0.27682611, -0.2727484 ,  0.06498219,
       -0.24565097, -0.43439322,  0.07625615,  0.35220077,  0.45653818,
       -0.07297864,  0.35096827, -0.46428891, -0.36096802, -0.23964137,
        0.42314619, -0.18716508, -0.06122866,  0.42296424,  0.06148266,
       -0.02099387, -0.1415056 ,  0.35627047,  0.07343888,  0.10851812,
        0.25016717,  0.07365381, -0.16687708,  0.38941439,  0.25832605,
       -0.2766407 , -0.40372992, -0.34968743,  0.01051322, -0.11818086,
        0.32668132,  0.27929619, -0.12486136,  0.38375803,  0.27903549,
       -0.19790843, -0.3229494 , -0.17261599,  0.43146995, -0.29909112,
        0.15145905, -0.04118436, -0.34427494, -0.02340321]) 

Generation: 9 
 - Generation Avg Fit: 286.0128579833278 
 - Best Fitness: 789.3677722933129 
 - Worst Fitness: 0.0
 - Best Solution: array([ 0.25388463,  0.35066226,  0.26487904, -0.10196685, -0.11585077,
       -0.42569002, -0.08078127, -0.06390115,  0.12696353, -0.38285257,
        0.19809541, -0.28831874, -0.40263249, -0.2703908 , -0.48237787,
        0.0831607 ,  0.44036559, -0.27682611, -0.2727484 ,  0.06498219,
       -0.24565097, -0.43439322,  0.07625615,  0.35220077,  0.45653818,
       -0.07297864,  0.35096827, -0.46428891, -0.36096802, -0.23964137,
        0.42314619, -0.18716508, -0.06122866,  0.42296424,  0.06148266,
       -0.02099387, -0.1415056 ,  0.35627047,  0.07343888,  0.10851812,
        0.25016717,  0.07365381, -0.16687708,  0.38941439,  0.25832605,
       -0.2766407 , -0.40372992, -0.34968743,  0.01051322, -0.11818086,
        0.32668132,  0.27929619, -0.12486136,  0.38375803,  0.27903549,
       -0.19790843, -0.3229494 , -0.17261599,  0.43146995, -0.29909112,
        0.15145905, -0.04118436, -0.34427494, -0.02340321]) 

Generation: 10 
 - Generation Avg Fit: 288.4351371374698 
 - Best Fitness: 789.3677722933129 
 - Worst Fitness: 0.0
 - Best Solution: array([ 0.25388463,  0.35066226,  0.26487904, -0.10196685, -0.11585077,
       -0.42569002, -0.08078127, -0.06390115,  0.12696353, -0.38285257,
        0.19809541, -0.28831874, -0.40263249, -0.2703908 , -0.48237787,
        0.0831607 ,  0.44036559, -0.27682611, -0.2727484 ,  0.06498219,
       -0.24565097, -0.43439322,  0.07625615,  0.35220077,  0.45653818,
       -0.07297864,  0.35096827, -0.46428891, -0.36096802, -0.23964137,
        0.42314619, -0.18716508, -0.06122866,  0.42296424,  0.06148266,
       -0.02099387, -0.1415056 ,  0.35627047,  0.07343888,  0.10851812,
        0.25016717,  0.07365381, -0.16687708,  0.38941439,  0.25832605,
       -0.2766407 , -0.40372992, -0.34968743,  0.01051322, -0.11818086,
        0.32668132,  0.27929619, -0.12486136,  0.38375803,  0.27903549,
       -0.19790843, -0.3229494 , -0.17261599,  0.43146995, -0.29909112,
        0.15145905, -0.04118436, -0.34427494, -0.02340321]) 

Generation: 11 
 - Generation Avg Fit: 309.69931995538894 
 - Best Fitness: 789.3677722933129 
 - Worst Fitness: 0.0
 - Best Solution: array([ 0.25388463,  0.35066226,  0.26487904, -0.10196685, -0.11585077,
       -0.42569002, -0.08078127, -0.06390115,  0.12696353, -0.38285257,
        0.19809541, -0.28831874, -0.40263249, -0.2703908 , -0.48237787,
        0.0831607 ,  0.44036559, -0.27682611, -0.2727484 ,  0.06498219,
       -0.24565097, -0.43439322,  0.07625615,  0.35220077,  0.45653818,
       -0.07297864,  0.35096827, -0.46428891, -0.36096802, -0.23964137,
        0.42314619, -0.18716508, -0.06122866,  0.42296424,  0.06148266,
       -0.02099387, -0.1415056 ,  0.35627047,  0.07343888,  0.10851812,
        0.25016717,  0.07365381, -0.16687708,  0.38941439,  0.25832605,
       -0.2766407 , -0.40372992, -0.34968743,  0.01051322, -0.11818086,
        0.32668132,  0.27929619, -0.12486136,  0.38375803,  0.27903549,
       -0.19790843, -0.3229494 , -0.17261599,  0.43146995, -0.29909112,
        0.15145905, -0.04118436, -0.34427494, -0.02340321]) 

Generation: 12 
 - Generation Avg Fit: 309.91537088848395 
 - Best Fitness: 789.3677722933129 
 - Worst Fitness: 0.0
 - Best Solution: array([ 0.25388463,  0.35066226,  0.26487904, -0.10196685, -0.11585077,
       -0.42569002, -0.08078127, -0.06390115,  0.12696353, -0.38285257,
        0.19809541, -0.28831874, -0.40263249, -0.2703908 , -0.48237787,
        0.0831607 ,  0.44036559, -0.27682611, -0.2727484 ,  0.06498219,
       -0.24565097, -0.43439322,  0.07625615,  0.35220077,  0.45653818,
       -0.07297864,  0.35096827, -0.46428891, -0.36096802, -0.23964137,
        0.42314619, -0.18716508, -0.06122866,  0.42296424,  0.06148266,
       -0.02099387, -0.1415056 ,  0.35627047,  0.07343888,  0.10851812,
        0.25016717,  0.07365381, -0.16687708,  0.38941439,  0.25832605,
       -0.2766407 , -0.40372992, -0.34968743,  0.01051322, -0.11818086,
        0.32668132,  0.27929619, -0.12486136,  0.38375803,  0.27903549,
       -0.19790843, -0.3229494 , -0.17261599,  0.43146995, -0.29909112,
        0.15145905, -0.04118436, -0.34427494, -0.02340321]) 

Generation: 13 
 - Generation Avg Fit: 317.69465301016453 
 - Best Fitness: 789.3677722933129 
 - Worst Fitness: 0.0
 - Best Solution: array([ 0.25388463,  0.35066226,  0.26487904, -0.10196685, -0.11585077,
       -0.42569002, -0.08078127, -0.06390115,  0.12696353, -0.38285257,
        0.19809541, -0.28831874, -0.40263249, -0.2703908 , -0.48237787,
        0.0831607 ,  0.44036559, -0.27682611, -0.2727484 ,  0.06498219,
       -0.24565097, -0.43439322,  0.07625615,  0.35220077,  0.45653818,
       -0.07297864,  0.35096827, -0.46428891, -0.36096802, -0.23964137,
        0.42314619, -0.18716508, -0.06122866,  0.42296424,  0.06148266,
       -0.02099387, -0.1415056 ,  0.35627047,  0.07343888,  0.10851812,
        0.25016717,  0.07365381, -0.16687708,  0.38941439,  0.25832605,
       -0.2766407 , -0.40372992, -0.34968743,  0.01051322, -0.11818086,
        0.32668132,  0.27929619, -0.12486136,  0.38375803,  0.27903549,
       -0.19790843, -0.3229494 , -0.17261599,  0.43146995, -0.29909112,
        0.15145905, -0.04118436, -0.34427494, -0.02340321]) 

Generation: 14 
 - Generation Avg Fit: 319.4180649409302 
 - Best Fitness: 789.3677722933129 
 - Worst Fitness: 0.0
 - Best Solution: array([ 0.25388463,  0.35066226,  0.26487904, -0.10196685, -0.11585077,
       -0.42569002, -0.08078127, -0.06390115,  0.12696353, -0.38285257,
        0.19809541, -0.28831874, -0.40263249, -0.2703908 , -0.48237787,
        0.0831607 ,  0.44036559, -0.27682611, -0.2727484 ,  0.06498219,
       -0.24565097, -0.43439322,  0.07625615,  0.35220077,  0.45653818,
       -0.07297864,  0.35096827, -0.46428891, -0.36096802, -0.23964137,
        0.42314619, -0.18716508, -0.06122866,  0.42296424,  0.06148266,
       -0.02099387, -0.1415056 ,  0.35627047,  0.07343888,  0.10851812,
        0.25016717,  0.07365381, -0.16687708,  0.38941439,  0.25832605,
       -0.2766407 , -0.40372992, -0.34968743,  0.01051322, -0.11818086,
        0.32668132,  0.27929619, -0.12486136,  0.38375803,  0.27903549,
       -0.19790843, -0.3229494 , -0.17261599,  0.43146995, -0.29909112,
        0.15145905, -0.04118436, -0.34427494, -0.02340321]) 

Generation: 15 
 - Generation Avg Fit: 323.7787681963639 
 - Best Fitness: 789.3677722933129 
 - Worst Fitness: 0.0
 - Best Solution: array([ 0.25388463,  0.35066226,  0.26487904, -0.10196685, -0.11585077,
       -0.42569002, -0.08078127, -0.06390115,  0.12696353, -0.38285257,
        0.19809541, -0.28831874, -0.40263249, -0.2703908 , -0.48237787,
        0.0831607 ,  0.44036559, -0.27682611, -0.2727484 ,  0.06498219,
       -0.24565097, -0.43439322,  0.07625615,  0.35220077,  0.45653818,
       -0.07297864,  0.35096827, -0.46428891, -0.36096802, -0.23964137,
        0.42314619, -0.18716508, -0.06122866,  0.42296424,  0.06148266,
       -0.02099387, -0.1415056 ,  0.35627047,  0.07343888,  0.10851812,
        0.25016717,  0.07365381, -0.16687708,  0.38941439,  0.25832605,
       -0.2766407 , -0.40372992, -0.34968743,  0.01051322, -0.11818086,
        0.32668132,  0.27929619, -0.12486136,  0.38375803,  0.27903549,
       -0.19790843, -0.3229494 , -0.17261599,  0.43146995, -0.29909112,
        0.15145905, -0.04118436, -0.34427494, -0.02340321]) 

Generation: 16 
 - Generation Avg Fit: 328.1670428392263 
 - Best Fitness: 789.3677722933129 
 - Worst Fitness: 0.0
 - Best Solution: array([ 0.25388463,  0.35066226,  0.26487904, -0.10196685, -0.11585077,
       -0.42569002, -0.08078127, -0.06390115,  0.12696353, -0.38285257,
        0.19809541, -0.28831874, -0.40263249, -0.2703908 , -0.48237787,
        0.0831607 ,  0.44036559, -0.27682611, -0.2727484 ,  0.06498219,
       -0.24565097, -0.43439322,  0.07625615,  0.35220077,  0.45653818,
       -0.07297864,  0.35096827, -0.46428891, -0.36096802, -0.23964137,
        0.42314619, -0.18716508, -0.06122866,  0.42296424,  0.06148266,
       -0.02099387, -0.1415056 ,  0.35627047,  0.07343888,  0.10851812,
        0.25016717,  0.07365381, -0.16687708,  0.38941439,  0.25832605,
       -0.2766407 , -0.40372992, -0.34968743,  0.01051322, -0.11818086,
        0.32668132,  0.27929619, -0.12486136,  0.38375803,  0.27903549,
       -0.19790843, -0.3229494 , -0.17261599,  0.43146995, -0.29909112,
        0.15145905, -0.04118436, -0.34427494, -0.02340321]) 

Generation: 17 
 - Generation Avg Fit: 334.52242453454704 
 - Best Fitness: 789.3677722933129 
 - Worst Fitness: 0.0
 - Best Solution: array([ 0.25388463,  0.35066226,  0.26487904, -0.10196685, -0.11585077,
       -0.42569002, -0.08078127, -0.06390115,  0.12696353, -0.38285257,
        0.19809541, -0.28831874, -0.40263249, -0.2703908 , -0.48237787,
        0.0831607 ,  0.44036559, -0.27682611, -0.2727484 ,  0.06498219,
       -0.24565097, -0.43439322,  0.07625615,  0.35220077,  0.45653818,
       -0.07297864,  0.35096827, -0.46428891, -0.36096802, -0.23964137,
        0.42314619, -0.18716508, -0.06122866,  0.42296424,  0.06148266,
       -0.02099387, -0.1415056 ,  0.35627047,  0.07343888,  0.10851812,
        0.25016717,  0.07365381, -0.16687708,  0.38941439,  0.25832605,
       -0.2766407 , -0.40372992, -0.34968743,  0.01051322, -0.11818086,
        0.32668132,  0.27929619, -0.12486136,  0.38375803,  0.27903549,
       -0.19790843, -0.3229494 , -0.17261599,  0.43146995, -0.29909112,
        0.15145905, -0.04118436, -0.34427494, -0.02340321]) 

Generation: 18 
 - Generation Avg Fit: 335.1340446007718 
 - Best Fitness: 789.3677722933129 
 - Worst Fitness: 0.0
 - Best Solution: array([ 0.25388463,  0.35066226,  0.26487904, -0.10196685, -0.11585077,
       -0.42569002, -0.08078127, -0.06390115,  0.12696353, -0.38285257,
        0.19809541, -0.28831874, -0.40263249, -0.2703908 , -0.48237787,
        0.0831607 ,  0.44036559, -0.27682611, -0.2727484 ,  0.06498219,
       -0.24565097, -0.43439322,  0.07625615,  0.35220077,  0.45653818,
       -0.07297864,  0.35096827, -0.46428891, -0.36096802, -0.23964137,
        0.42314619, -0.18716508, -0.06122866,  0.42296424,  0.06148266,
       -0.02099387, -0.1415056 ,  0.35627047,  0.07343888,  0.10851812,
        0.25016717,  0.07365381, -0.16687708,  0.38941439,  0.25832605,
       -0.2766407 , -0.40372992, -0.34968743,  0.01051322, -0.11818086,
        0.32668132,  0.27929619, -0.12486136,  0.38375803,  0.27903549,
       -0.19790843, -0.3229494 , -0.17261599,  0.43146995, -0.29909112,
        0.15145905, -0.04118436, -0.34427494, -0.02340321]) 

Generation: 19 
 - Generation Avg Fit: 354.63477349550413 
 - Best Fitness: 789.3677722933129 
 - Worst Fitness: 0.0
 - Best Solution: array([ 0.25388463,  0.35066226,  0.26487904, -0.10196685, -0.11585077,
       -0.42569002, -0.08078127, -0.06390115,  0.12696353, -0.38285257,
        0.19809541, -0.28831874, -0.40263249, -0.2703908 , -0.48237787,
        0.0831607 ,  0.44036559, -0.27682611, -0.2727484 ,  0.06498219,
       -0.24565097, -0.43439322,  0.07625615,  0.35220077,  0.45653818,
       -0.07297864,  0.35096827, -0.46428891, -0.36096802, -0.23964137,
        0.42314619, -0.18716508, -0.06122866,  0.42296424,  0.06148266,
       -0.02099387, -0.1415056 ,  0.35627047,  0.07343888,  0.10851812,
        0.25016717,  0.07365381, -0.16687708,  0.38941439,  0.25832605,
       -0.2766407 , -0.40372992, -0.34968743,  0.01051322, -0.11818086,
        0.32668132,  0.27929619, -0.12486136,  0.38375803,  0.27903549,
       -0.19790843, -0.3229494 , -0.17261599,  0.43146995, -0.29909112,
        0.15145905, -0.04118436, -0.34427494, -0.02340321]) 

Generation: 20 
 - Generation Avg Fit: 356.2761813277108 
 - Best Fitness: 789.3677722933129 
 - Worst Fitness: 0.0
 - Best Solution: array([ 0.25388463,  0.35066226,  0.26487904, -0.10196685, -0.11585077,
       -0.42569002, -0.08078127, -0.06390115,  0.12696353, -0.38285257,
        0.19809541, -0.28831874, -0.40263249, -0.2703908 , -0.48237787,
        0.0831607 ,  0.44036559, -0.27682611, -0.2727484 ,  0.06498219,
       -0.24565097, -0.43439322,  0.07625615,  0.35220077,  0.45653818,
       -0.07297864,  0.35096827, -0.46428891, -0.36096802, -0.23964137,
        0.42314619, -0.18716508, -0.06122866,  0.42296424,  0.06148266,
       -0.02099387, -0.1415056 ,  0.35627047,  0.07343888,  0.10851812,
        0.25016717,  0.07365381, -0.16687708,  0.38941439,  0.25832605,
       -0.2766407 , -0.40372992, -0.34968743,  0.01051322, -0.11818086,
        0.32668132,  0.27929619, -0.12486136,  0.38375803,  0.27903549,
       -0.19790843, -0.3229494 , -0.17261599,  0.43146995, -0.29909112,
        0.15145905, -0.04118436, -0.34427494, -0.02340321]) 

Generation: 21 
 - Generation Avg Fit: 352.7000267365789 
 - Best Fitness: 789.3677722933129 
 - Worst Fitness: 0.0
 - Best Solution: array([ 0.25388463,  0.35066226,  0.26487904, -0.10196685, -0.11585077,
       -0.42569002, -0.08078127, -0.06390115,  0.12696353, -0.38285257,
        0.19809541, -0.28831874, -0.40263249, -0.2703908 , -0.48237787,
        0.0831607 ,  0.44036559, -0.27682611, -0.2727484 ,  0.06498219,
       -0.24565097, -0.43439322,  0.07625615,  0.35220077,  0.45653818,
       -0.07297864,  0.35096827, -0.46428891, -0.36096802, -0.23964137,
        0.42314619, -0.18716508, -0.06122866,  0.42296424,  0.06148266,
       -0.02099387, -0.1415056 ,  0.35627047,  0.07343888,  0.10851812,
        0.25016717,  0.07365381, -0.16687708,  0.38941439,  0.25832605,
       -0.2766407 , -0.40372992, -0.34968743,  0.01051322, -0.11818086,
        0.32668132,  0.27929619, -0.12486136,  0.38375803,  0.27903549,
       -0.19790843, -0.3229494 , -0.17261599,  0.43146995, -0.29909112,
        0.15145905, -0.04118436, -0.34427494, -0.02340321]) 

Generation: 22 
 - Generation Avg Fit: 335.62940401189604 
 - Best Fitness: 789.3677722933129 
 - Worst Fitness: 0.0
 - Best Solution: array([ 0.25388463,  0.35066226,  0.26487904, -0.10196685, -0.11585077,
       -0.42569002, -0.08078127, -0.06390115,  0.12696353, -0.38285257,
        0.19809541, -0.28831874, -0.40263249, -0.2703908 , -0.48237787,
        0.0831607 ,  0.44036559, -0.27682611, -0.2727484 ,  0.06498219,
       -0.24565097, -0.43439322,  0.07625615,  0.35220077,  0.45653818,
       -0.07297864,  0.35096827, -0.46428891, -0.36096802, -0.23964137,
        0.42314619, -0.18716508, -0.06122866,  0.42296424,  0.06148266,
       -0.02099387, -0.1415056 ,  0.35627047,  0.07343888,  0.10851812,
        0.25016717,  0.07365381, -0.16687708,  0.38941439,  0.25832605,
       -0.2766407 , -0.40372992, -0.34968743,  0.01051322, -0.11818086,
        0.32668132,  0.27929619, -0.12486136,  0.38375803,  0.27903549,
       -0.19790843, -0.3229494 , -0.17261599,  0.43146995, -0.29909112,
        0.15145905, -0.04118436, -0.34427494, -0.02340321]) 

Generation: 23 
 - Generation Avg Fit: 345.8063059161561 
 - Best Fitness: 789.3677722933129 
 - Worst Fitness: 0.0
 - Best Solution: array([ 0.25388463,  0.35066226,  0.26487904, -0.10196685, -0.11585077,
       -0.42569002, -0.08078127, -0.06390115,  0.12696353, -0.38285257,
        0.19809541, -0.28831874, -0.40263249, -0.2703908 , -0.48237787,
        0.0831607 ,  0.44036559, -0.27682611, -0.2727484 ,  0.06498219,
       -0.24565097, -0.43439322,  0.07625615,  0.35220077,  0.45653818,
       -0.07297864,  0.35096827, -0.46428891, -0.36096802, -0.23964137,
        0.42314619, -0.18716508, -0.06122866,  0.42296424,  0.06148266,
       -0.02099387, -0.1415056 ,  0.35627047,  0.07343888,  0.10851812,
        0.25016717,  0.07365381, -0.16687708,  0.38941439,  0.25832605,
       -0.2766407 , -0.40372992, -0.34968743,  0.01051322, -0.11818086,
        0.32668132,  0.27929619, -0.12486136,  0.38375803,  0.27903549,
       -0.19790843, -0.3229494 , -0.17261599,  0.43146995, -0.29909112,
        0.15145905, -0.04118436, -0.34427494, -0.02340321]) 

Generation: 24 
 - Generation Avg Fit: 351.5386006528666 
 - Best Fitness: 789.3677722933129 
 - Worst Fitness: 0.0
 - Best Solution: array([ 0.25388463,  0.35066226,  0.26487904, -0.10196685, -0.11585077,
       -0.42569002, -0.08078127, -0.06390115,  0.12696353, -0.38285257,
        0.19809541, -0.28831874, -0.40263249, -0.2703908 , -0.48237787,
        0.0831607 ,  0.44036559, -0.27682611, -0.2727484 ,  0.06498219,
       -0.24565097, -0.43439322,  0.07625615,  0.35220077,  0.45653818,
       -0.07297864,  0.35096827, -0.46428891, -0.36096802, -0.23964137,
        0.42314619, -0.18716508, -0.06122866,  0.42296424,  0.06148266,
       -0.02099387, -0.1415056 ,  0.35627047,  0.07343888,  0.10851812,
        0.25016717,  0.07365381, -0.16687708,  0.38941439,  0.25832605,
       -0.2766407 , -0.40372992, -0.34968743,  0.01051322, -0.11818086,
        0.32668132,  0.27929619, -0.12486136,  0.38375803,  0.27903549,
       -0.19790843, -0.3229494 , -0.17261599,  0.43146995, -0.29909112,
        0.15145905, -0.04118436, -0.34427494, -0.02340321]) 

Generation: 25 
 - Generation Avg Fit: 352.2210028063271 
 - Best Fitness: 789.3677722933129 
 - Worst Fitness: 0.0
 - Best Solution: array([ 0.25388463,  0.35066226,  0.26487904, -0.10196685, -0.11585077,
       -0.42569002, -0.08078127, -0.06390115,  0.12696353, -0.38285257,
        0.19809541, -0.28831874, -0.40263249, -0.2703908 , -0.48237787,
        0.0831607 ,  0.44036559, -0.27682611, -0.2727484 ,  0.06498219,
       -0.24565097, -0.43439322,  0.07625615,  0.35220077,  0.45653818,
       -0.07297864,  0.35096827, -0.46428891, -0.36096802, -0.23964137,
        0.42314619, -0.18716508, -0.06122866,  0.42296424,  0.06148266,
       -0.02099387, -0.1415056 ,  0.35627047,  0.07343888,  0.10851812,
        0.25016717,  0.07365381, -0.16687708,  0.38941439,  0.25832605,
       -0.2766407 , -0.40372992, -0.34968743,  0.01051322, -0.11818086,
        0.32668132,  0.27929619, -0.12486136,  0.38375803,  0.27903549,
       -0.19790843, -0.3229494 , -0.17261599,  0.43146995, -0.29909112,
        0.15145905, -0.04118436, -0.34427494, -0.02340321]) 

Generation: 26 
 - Generation Avg Fit: 366.82023780082375 
 - Best Fitness: 789.3677722933129 
 - Worst Fitness: 0.0
 - Best Solution: array([ 0.25388463,  0.35066226,  0.26487904, -0.10196685, -0.11585077,
       -0.42569002, -0.08078127, -0.06390115,  0.12696353, -0.38285257,
        0.19809541, -0.28831874, -0.40263249, -0.2703908 , -0.48237787,
        0.0831607 ,  0.44036559, -0.27682611, -0.2727484 ,  0.06498219,
       -0.24565097, -0.43439322,  0.07625615,  0.35220077,  0.45653818,
       -0.07297864,  0.35096827, -0.46428891, -0.36096802, -0.23964137,
        0.42314619, -0.18716508, -0.06122866,  0.42296424,  0.06148266,
       -0.02099387, -0.1415056 ,  0.35627047,  0.07343888,  0.10851812,
        0.25016717,  0.07365381, -0.16687708,  0.38941439,  0.25832605,
       -0.2766407 , -0.40372992, -0.34968743,  0.01051322, -0.11818086,
        0.32668132,  0.27929619, -0.12486136,  0.38375803,  0.27903549,
       -0.19790843, -0.3229494 , -0.17261599,  0.43146995, -0.29909112,
        0.15145905, -0.04118436, -0.34427494, -0.02340321]) 

Generation: 27 
 - Generation Avg Fit: 368.4995635224034 
 - Best Fitness: 789.3677722933129 
 - Worst Fitness: 0.0
 - Best Solution: array([ 0.25388463,  0.35066226,  0.26487904, -0.10196685, -0.11585077,
       -0.42569002, -0.08078127, -0.06390115,  0.12696353, -0.38285257,
        0.19809541, -0.28831874, -0.40263249, -0.2703908 , -0.48237787,
        0.0831607 ,  0.44036559, -0.27682611, -0.2727484 ,  0.06498219,
       -0.24565097, -0.43439322,  0.07625615,  0.35220077,  0.45653818,
       -0.07297864,  0.35096827, -0.46428891, -0.36096802, -0.23964137,
        0.42314619, -0.18716508, -0.06122866,  0.42296424,  0.06148266,
       -0.02099387, -0.1415056 ,  0.35627047,  0.07343888,  0.10851812,
        0.25016717,  0.07365381, -0.16687708,  0.38941439,  0.25832605,
       -0.2766407 , -0.40372992, -0.34968743,  0.01051322, -0.11818086,
        0.32668132,  0.27929619, -0.12486136,  0.38375803,  0.27903549,
       -0.19790843, -0.3229494 , -0.17261599,  0.43146995, -0.29909112,
        0.15145905, -0.04118436, -0.34427494, -0.02340321]) 

Generation: 28 
 - Generation Avg Fit: 353.84566806945446 
 - Best Fitness: 789.3677722933129 
 - Worst Fitness: 0.0
 - Best Solution: array([ 0.25388463,  0.35066226,  0.26487904, -0.10196685, -0.11585077,
       -0.42569002, -0.08078127, -0.06390115,  0.12696353, -0.38285257,
        0.19809541, -0.28831874, -0.40263249, -0.2703908 , -0.48237787,
        0.0831607 ,  0.44036559, -0.27682611, -0.2727484 ,  0.06498219,
       -0.24565097, -0.43439322,  0.07625615,  0.35220077,  0.45653818,
       -0.07297864,  0.35096827, -0.46428891, -0.36096802, -0.23964137,
        0.42314619, -0.18716508, -0.06122866,  0.42296424,  0.06148266,
       -0.02099387, -0.1415056 ,  0.35627047,  0.07343888,  0.10851812,
        0.25016717,  0.07365381, -0.16687708,  0.38941439,  0.25832605,
       -0.2766407 , -0.40372992, -0.34968743,  0.01051322, -0.11818086,
        0.32668132,  0.27929619, -0.12486136,  0.38375803,  0.27903549,
       -0.19790843, -0.3229494 , -0.17261599,  0.43146995, -0.29909112,
        0.15145905, -0.04118436, -0.34427494, -0.02340321]) 

Generation: 29 
 - Generation Avg Fit: 374.0421918260682 
 - Best Fitness: 789.3677722933129 
 - Worst Fitness: 0.0
 - Best Solution: array([ 0.25388463,  0.35066226,  0.26487904, -0.10196685, -0.11585077,
       -0.42569002, -0.08078127, -0.06390115,  0.12696353, -0.38285257,
        0.19809541, -0.28831874, -0.40263249, -0.2703908 , -0.48237787,
        0.0831607 ,  0.44036559, -0.27682611, -0.2727484 ,  0.06498219,
       -0.24565097, -0.43439322,  0.07625615,  0.35220077,  0.45653818,
       -0.07297864,  0.35096827, -0.46428891, -0.36096802, -0.23964137,
        0.42314619, -0.18716508, -0.06122866,  0.42296424,  0.06148266,
       -0.02099387, -0.1415056 ,  0.35627047,  0.07343888,  0.10851812,
        0.25016717,  0.07365381, -0.16687708,  0.38941439,  0.25832605,
       -0.2766407 , -0.40372992, -0.34968743,  0.01051322, -0.11818086,
        0.32668132,  0.27929619, -0.12486136,  0.38375803,  0.27903549,
       -0.19790843, -0.3229494 , -0.17261599,  0.43146995, -0.29909112,
        0.15145905, -0.04118436, -0.34427494, -0.02340321]) 

Generation: 30 
 - Generation Avg Fit: 372.4241874022976 
 - Best Fitness: 789.3677722933129 
 - Worst Fitness: 0.0
 - Best Solution: array([ 0.25388463,  0.35066226,  0.26487904, -0.10196685, -0.11585077,
       -0.42569002, -0.08078127, -0.06390115,  0.12696353, -0.38285257,
        0.19809541, -0.28831874, -0.40263249, -0.2703908 , -0.48237787,
        0.0831607 ,  0.44036559, -0.27682611, -0.2727484 ,  0.06498219,
       -0.24565097, -0.43439322,  0.07625615,  0.35220077,  0.45653818,
       -0.07297864,  0.35096827, -0.46428891, -0.36096802, -0.23964137,
        0.42314619, -0.18716508, -0.06122866,  0.42296424,  0.06148266,
       -0.02099387, -0.1415056 ,  0.35627047,  0.07343888,  0.10851812,
        0.25016717,  0.07365381, -0.16687708,  0.38941439,  0.25832605,
       -0.2766407 , -0.40372992, -0.34968743,  0.01051322, -0.11818086,
        0.32668132,  0.27929619, -0.12486136,  0.38375803,  0.27903549,
       -0.19790843, -0.3229494 , -0.17261599,  0.43146995, -0.29909112,
        0.15145905, -0.04118436, -0.34427494, -0.02340321]) 

Generation: 31 
 - Generation Avg Fit: 389.29566644998357 
 - Best Fitness: 789.3677722933129 
 - Worst Fitness: 0.0
 - Best Solution: array([ 0.25388463,  0.35066226,  0.26487904, -0.10196685, -0.11585077,
       -0.42569002, -0.08078127, -0.06390115,  0.12696353, -0.38285257,
        0.19809541, -0.28831874, -0.40263249, -0.2703908 , -0.48237787,
        0.0831607 ,  0.44036559, -0.27682611, -0.2727484 ,  0.06498219,
       -0.24565097, -0.43439322,  0.07625615,  0.35220077,  0.45653818,
       -0.07297864,  0.35096827, -0.46428891, -0.36096802, -0.23964137,
        0.42314619, -0.18716508, -0.06122866,  0.42296424,  0.06148266,
       -0.02099387, -0.1415056 ,  0.35627047,  0.07343888,  0.10851812,
        0.25016717,  0.07365381, -0.16687708,  0.38941439,  0.25832605,
       -0.2766407 , -0.40372992, -0.34968743,  0.01051322, -0.11818086,
        0.32668132,  0.27929619, -0.12486136,  0.38375803,  0.27903549,
       -0.19790843, -0.3229494 , -0.17261599,  0.43146995, -0.29909112,
        0.15145905, -0.04118436, -0.34427494, -0.02340321]) 

Generation: 32 
 - Generation Avg Fit: 375.3387885820311 
 - Best Fitness: 789.3677722933129 
 - Worst Fitness: 0.0
 - Best Solution: array([ 0.25388463,  0.35066226,  0.26487904, -0.10196685, -0.11585077,
       -0.42569002, -0.08078127, -0.06390115,  0.12696353, -0.38285257,
        0.19809541, -0.28831874, -0.40263249, -0.2703908 , -0.48237787,
        0.0831607 ,  0.44036559, -0.27682611, -0.2727484 ,  0.06498219,
       -0.24565097, -0.43439322,  0.07625615,  0.35220077,  0.45653818,
       -0.07297864,  0.35096827, -0.46428891, -0.36096802, -0.23964137,
        0.42314619, -0.18716508, -0.06122866,  0.42296424,  0.06148266,
       -0.02099387, -0.1415056 ,  0.35627047,  0.07343888,  0.10851812,
        0.25016717,  0.07365381, -0.16687708,  0.38941439,  0.25832605,
       -0.2766407 , -0.40372992, -0.34968743,  0.01051322, -0.11818086,
        0.32668132,  0.27929619, -0.12486136,  0.38375803,  0.27903549,
       -0.19790843, -0.3229494 , -0.17261599,  0.43146995, -0.29909112,
        0.15145905, -0.04118436, -0.34427494, -0.02340321]) 

Generation: 33 
 - Generation Avg Fit: 388.27434544029865 
 - Best Fitness: 813.8059038823802 
 - Worst Fitness: 0.0
 - Best Solution: array([ 0.49485213, -0.05483077,  0.27781021, -0.14281095, -0.25486756,
        0.44994998,  0.02897592, -0.12296655, -0.45965294,  0.30921191,
        0.11275827,  0.00343585, -0.36044415, -0.08188031,  0.04565097,
       -0.19148519, -0.48826964, -0.02564813,  0.28407429,  0.24739648,
       -0.48347157, -0.25737141,  0.23381237, -0.26725563, -0.32651605,
        0.35337579, -0.49747552,  0.49400773,  0.30659737, -0.15768507,
       -0.2001954 ,  0.17601836, -0.29023007, -0.39370905, -0.29331183,
       -0.24941198,  0.18272459, -0.07757244,  0.44832226,  0.38118914,
        0.16677282,  0.01400154, -0.47058706, -0.03672323, -0.20538608,
        0.364617  ,  0.31153488,  0.15788597, -0.02555526,  0.38275494,
       -0.08892397,  0.25349481, -0.4287897 ,  0.12903543,  0.18165447,
        0.19431119, -0.36196047, -0.41008789, -0.43881701, -0.16968104,
        0.26210406, -0.21508478,  0.47373087, -0.34102815]) 

Generation: 34 
 - Generation Avg Fit: 391.9846814002305 
 - Best Fitness: 813.8059038823802 
 - Worst Fitness: 0.0
 - Best Solution: array([ 0.25388463,  0.35066226,  0.26487904, -0.10196685, -0.11585077,
       -0.42569002, -0.08078127, -0.06390115,  0.12696353, -0.38285257,
        0.19809541, -0.28831874, -0.40263249, -0.2703908 , -0.48237787,
        0.0831607 ,  0.44036559, -0.27682611, -0.2727484 ,  0.06498219,
       -0.24565097, -0.43439322,  0.07625615,  0.35220077,  0.45653818,
       -0.07297864,  0.35096827, -0.46428891, -0.36096802, -0.23964137,
        0.42314619, -0.18716508, -0.06122866,  0.42296424,  0.06148266,
       -0.02099387, -0.1415056 ,  0.35627047,  0.07343888,  0.10851812,
        0.25016717,  0.07365381, -0.16687708,  0.38941439,  0.25832605,
       -0.2766407 , -0.40372992, -0.34968743,  0.01051322, -0.11818086,
        0.32668132,  0.27929619, -0.12486136,  0.38375803,  0.27903549,
       -0.19790843, -0.3229494 , -0.17261599,  0.43146995, -0.29909112,
        0.15145905, -0.04118436, -0.34427494, -0.02340321]) 

Generation: 35 
 - Generation Avg Fit: 407.04357347892727 
 - Best Fitness: 813.8059038823802 
 - Worst Fitness: 0.0
 - Best Solution: array([ 0.49485213, -0.05483077,  0.27781021, -0.14281095, -0.25486756,
        0.44994998,  0.02897592, -0.12296655, -0.45965294,  0.30921191,
        0.11275827,  0.00343585, -0.36044415, -0.08188031,  0.04565097,
       -0.19148519, -0.48826964, -0.02564813,  0.28407429,  0.24739648,
       -0.48347157, -0.25737141,  0.23381237, -0.26725563, -0.32651605,
        0.35337579, -0.49747552,  0.49400773,  0.30659737, -0.15768507,
       -0.2001954 ,  0.17601836, -0.29023007, -0.39370905, -0.29331183,
       -0.24941198,  0.18272459, -0.07757244,  0.44832226,  0.38118914,
        0.16677282,  0.01400154, -0.47058706, -0.03672323, -0.20538608,
        0.364617  ,  0.31153488,  0.15788597, -0.02555526,  0.38275494,
       -0.08892397,  0.25349481, -0.4287897 ,  0.12903543,  0.18165447,
        0.19431119, -0.36196047, -0.41008789, -0.43881701, -0.16968104,
        0.26210406, -0.21508478,  0.47373087, -0.34102815]) 

Generation: 36 
 - Generation Avg Fit: 407.0810682939631 
 - Best Fitness: 873.0067780574849 
 - Worst Fitness: 0.0
 - Best Solution: array([ 0.2288126 ,  0.25553296,  0.31529888, -0.14991969, -0.43835404,
       -0.39256227,  0.03311905, -0.38649086,  0.14891489, -0.3640252 ,
        0.31483305, -0.26222568,  0.3149208 , -0.2589015 , -0.47504603,
        0.08184562, -0.12769696, -0.00328089, -0.00680145, -0.3161865 ,
        0.12278124, -0.44237865,  0.30527753,  0.28632655, -0.29994601,
        0.24238704, -0.02492996,  0.28355899, -0.34410193, -0.21341841,
        0.29334709,  0.02397482, -0.09232356, -0.13762216,  0.22288575,
        0.0190564 , -0.13411976, -0.11000027,  0.0851637 ,  0.38596713,
       -0.46644041,  0.38257854,  0.49495169,  0.19527711,  0.26508985,
        0.1680073 ,  0.01624072,  0.13782714,  0.27400918,  0.38064637,
        0.2856318 , -0.00701281,  0.18573123, -0.4092883 ,  0.08622695,
       -0.13629772, -0.33239289,  0.09264342, -0.43614732, -0.09283995,
       -0.24972164,  0.222641  ,  0.02506036, -0.03493031]) 

Generation: 37 
 - Generation Avg Fit: 428.237431929943 
 - Best Fitness: 873.0067780574849 
 - Worst Fitness: 0.0
 - Best Solution: array([ 0.49485213, -0.05483077,  0.27781021, -0.14281095, -0.25486756,
        0.44994998,  0.02897592, -0.12296655, -0.45965294,  0.30921191,
        0.11275827,  0.00343585, -0.36044415, -0.08188031,  0.04565097,
       -0.19148519, -0.48826964, -0.02564813,  0.28407429,  0.24739648,
       -0.48347157, -0.25737141,  0.23381237, -0.26725563, -0.32651605,
        0.35337579, -0.49747552,  0.49400773,  0.30659737, -0.15768507,
       -0.2001954 ,  0.17601836, -0.29023007, -0.39370905, -0.29331183,
       -0.24941198,  0.18272459, -0.07757244,  0.44832226,  0.38118914,
        0.16677282,  0.01400154, -0.47058706, -0.03672323, -0.20538608,
        0.364617  ,  0.31153488,  0.15788597, -0.02555526,  0.38275494,
       -0.08892397,  0.25349481, -0.4287897 ,  0.12903543,  0.18165447,
        0.19431119, -0.36196047, -0.41008789, -0.43881701, -0.16968104,
        0.26210406, -0.21508478,  0.47373087, -0.34102815]) 

Generation: 38 
 - Generation Avg Fit: 444.1327539060712 
 - Best Fitness: 873.0067780574849 
 - Worst Fitness: 0.0
 - Best Solution: array([ 0.2288126 ,  0.25553296,  0.31529888, -0.14991969, -0.43835404,
       -0.39256227,  0.03311905, -0.38649086,  0.14891489, -0.3640252 ,
        0.31483305, -0.26222568,  0.3149208 , -0.2589015 , -0.47504603,
        0.08184562, -0.12769696, -0.00328089, -0.00680145, -0.3161865 ,
        0.12278124, -0.44237865,  0.30527753,  0.28632655, -0.29994601,
        0.24238704, -0.02492996,  0.28355899, -0.34410193, -0.21341841,
        0.29334709,  0.02397482, -0.09232356, -0.13762216,  0.22288575,
        0.0190564 , -0.13411976, -0.11000027,  0.0851637 ,  0.38596713,
       -0.46644041,  0.38257854,  0.49495169,  0.19527711,  0.26508985,
        0.1680073 ,  0.01624072,  0.13782714,  0.27400918,  0.38064637,
        0.2856318 , -0.00701281,  0.18573123, -0.4092883 ,  0.08622695,
       -0.13629772, -0.33239289,  0.09264342, -0.43614732, -0.09283995,
       -0.24972164,  0.222641  ,  0.02506036, -0.03493031]) 

Generation: 39 
 - Generation Avg Fit: 469.642299237985 
 - Best Fitness: 873.0067780574849 
 - Worst Fitness: 0.0
 - Best Solution: array([ 0.2288126 ,  0.25553296,  0.31529888, -0.14991969, -0.43835404,
       -0.39256227,  0.03311905, -0.38649086,  0.14891489, -0.3640252 ,
        0.31483305, -0.26222568,  0.3149208 , -0.2589015 , -0.47504603,
        0.08184562, -0.12769696, -0.00328089, -0.00680145, -0.3161865 ,
        0.12278124, -0.44237865,  0.30527753,  0.28632655, -0.29994601,
        0.24238704, -0.02492996,  0.28355899, -0.34410193, -0.21341841,
        0.29334709,  0.02397482, -0.09232356, -0.13762216,  0.22288575,
        0.0190564 , -0.13411976, -0.11000027,  0.0851637 ,  0.38596713,
       -0.46644041,  0.38257854,  0.49495169,  0.19527711,  0.26508985,
        0.1680073 ,  0.01624072,  0.13782714,  0.27400918,  0.38064637,
        0.2856318 , -0.00701281,  0.18573123, -0.4092883 ,  0.08622695,
       -0.13629772, -0.33239289,  0.09264342, -0.43614732, -0.09283995,
       -0.24972164,  0.222641  ,  0.02506036, -0.03493031]) 

Generation: 40 
 - Generation Avg Fit: 492.9863162428742 
 - Best Fitness: 873.0067780574849 
 - Worst Fitness: 0.0
 - Best Solution: array([ 0.2288126 ,  0.25553296,  0.31529888, -0.14991969, -0.43835404,
       -0.39256227,  0.03311905, -0.38649086,  0.14891489, -0.3640252 ,
        0.31483305, -0.26222568,  0.3149208 , -0.2589015 , -0.47504603,
        0.08184562, -0.12769696, -0.00328089, -0.00680145, -0.3161865 ,
        0.12278124, -0.44237865,  0.30527753,  0.28632655, -0.29994601,
        0.24238704, -0.02492996,  0.28355899, -0.34410193, -0.21341841,
        0.29334709,  0.02397482, -0.09232356, -0.13762216,  0.22288575,
        0.0190564 , -0.13411976, -0.11000027,  0.0851637 ,  0.38596713,
       -0.46644041,  0.38257854,  0.49495169,  0.19527711,  0.26508985,
        0.1680073 ,  0.01624072,  0.13782714,  0.27400918,  0.38064637,
        0.2856318 , -0.00701281,  0.18573123, -0.4092883 ,  0.08622695,
       -0.13629772, -0.33239289,  0.09264342, -0.43614732, -0.09283995,
       -0.24972164,  0.222641  ,  0.02506036, -0.03493031]) 

Generation: 41 
 - Generation Avg Fit: 521.5355292809232 
 - Best Fitness: 873.0067780574849 
 - Worst Fitness: 0.0
 - Best Solution: array([ 0.2288126 ,  0.25553296,  0.31529888, -0.14991969, -0.43835404,
       -0.39256227,  0.03311905, -0.38649086,  0.14891489, -0.3640252 ,
        0.31483305, -0.26222568,  0.3149208 , -0.2589015 , -0.47504603,
        0.08184562, -0.12769696, -0.00328089, -0.00680145, -0.3161865 ,
        0.12278124, -0.44237865,  0.30527753,  0.28632655, -0.29994601,
        0.24238704, -0.02492996,  0.28355899, -0.34410193, -0.21341841,
        0.29334709,  0.02397482, -0.09232356, -0.13762216,  0.22288575,
        0.0190564 , -0.13411976, -0.11000027,  0.0851637 ,  0.38596713,
       -0.46644041,  0.38257854,  0.49495169,  0.19527711,  0.26508985,
        0.1680073 ,  0.01624072,  0.13782714,  0.27400918,  0.38064637,
        0.2856318 , -0.00701281,  0.18573123, -0.4092883 ,  0.08622695,
       -0.13629772, -0.33239289,  0.09264342, -0.43614732, -0.09283995,
       -0.24972164,  0.222641  ,  0.02506036, -0.03493031]) 

Generation: 42 
 - Generation Avg Fit: 530.1793152567714 
 - Best Fitness: 873.0067780574849 
 - Worst Fitness: 0.0
 - Best Solution: array([ 0.2288126 ,  0.25553296,  0.31529888, -0.14991969, -0.43835404,
       -0.39256227,  0.03311905, -0.38649086,  0.14891489, -0.3640252 ,
        0.31483305, -0.26222568,  0.3149208 , -0.2589015 , -0.47504603,
        0.08184562, -0.12769696, -0.00328089, -0.00680145, -0.3161865 ,
        0.12278124, -0.44237865,  0.30527753,  0.28632655, -0.29994601,
        0.24238704, -0.02492996,  0.28355899, -0.34410193, -0.21341841,
        0.29334709,  0.02397482, -0.09232356, -0.13762216,  0.22288575,
        0.0190564 , -0.13411976, -0.11000027,  0.0851637 ,  0.38596713,
       -0.46644041,  0.38257854,  0.49495169,  0.19527711,  0.26508985,
        0.1680073 ,  0.01624072,  0.13782714,  0.27400918,  0.38064637,
        0.2856318 , -0.00701281,  0.18573123, -0.4092883 ,  0.08622695,
       -0.13629772, -0.33239289,  0.09264342, -0.43614732, -0.09283995,
       -0.24972164,  0.222641  ,  0.02506036, -0.03493031]) 

Generation: 43 
 - Generation Avg Fit: 560.7907978452605 
 - Best Fitness: 873.0067780574849 
 - Worst Fitness: 0.0
 - Best Solution: array([ 0.2288126 ,  0.25553296,  0.31529888, -0.14991969, -0.43835404,
       -0.39256227,  0.03311905, -0.38649086,  0.14891489, -0.3640252 ,
        0.31483305, -0.26222568,  0.3149208 , -0.2589015 , -0.47504603,
        0.08184562, -0.12769696, -0.00328089, -0.00680145, -0.3161865 ,
        0.12278124, -0.44237865,  0.30527753,  0.28632655, -0.29994601,
        0.24238704, -0.02492996,  0.28355899, -0.34410193, -0.21341841,
        0.29334709,  0.02397482, -0.09232356, -0.13762216,  0.22288575,
        0.0190564 , -0.13411976, -0.11000027,  0.0851637 ,  0.38596713,
       -0.46644041,  0.38257854,  0.49495169,  0.19527711,  0.26508985,
        0.1680073 ,  0.01624072,  0.13782714,  0.27400918,  0.38064637,
        0.2856318 , -0.00701281,  0.18573123, -0.4092883 ,  0.08622695,
       -0.13629772, -0.33239289,  0.09264342, -0.43614732, -0.09283995,
       -0.24972164,  0.222641  ,  0.02506036, -0.03493031]) 

Generation: 44 
 - Generation Avg Fit: 571.7526196746717 
 - Best Fitness: 873.0067780574849 
 - Worst Fitness: 0.0
 - Best Solution: array([ 0.2288126 ,  0.25553296,  0.31529888, -0.14991969, -0.43835404,
       -0.39256227,  0.03311905, -0.38649086,  0.14891489, -0.3640252 ,
        0.31483305, -0.26222568,  0.3149208 , -0.2589015 , -0.47504603,
        0.08184562, -0.12769696, -0.00328089, -0.00680145, -0.3161865 ,
        0.12278124, -0.44237865,  0.30527753,  0.28632655, -0.29994601,
        0.24238704, -0.02492996,  0.28355899, -0.34410193, -0.21341841,
        0.29334709,  0.02397482, -0.09232356, -0.13762216,  0.22288575,
        0.0190564 , -0.13411976, -0.11000027,  0.0851637 ,  0.38596713,
       -0.46644041,  0.38257854,  0.49495169,  0.19527711,  0.26508985,
        0.1680073 ,  0.01624072,  0.13782714,  0.27400918,  0.38064637,
        0.2856318 , -0.00701281,  0.18573123, -0.4092883 ,  0.08622695,
       -0.13629772, -0.33239289,  0.09264342, -0.43614732, -0.09283995,
       -0.24972164,  0.222641  ,  0.02506036, -0.03493031]) 

Generation: 45 
 - Generation Avg Fit: 570.57085459005 
 - Best Fitness: 873.0067780574849 
 - Worst Fitness: 0.0
 - Best Solution: array([ 0.2288126 ,  0.25553296,  0.31529888, -0.14991969, -0.43835404,
       -0.39256227,  0.03311905, -0.38649086,  0.14891489, -0.3640252 ,
        0.31483305, -0.26222568,  0.3149208 , -0.2589015 , -0.47504603,
        0.08184562, -0.12769696, -0.00328089, -0.00680145, -0.3161865 ,
        0.12278124, -0.44237865,  0.30527753,  0.28632655, -0.29994601,
        0.24238704, -0.02492996,  0.28355899, -0.34410193, -0.21341841,
        0.29334709,  0.02397482, -0.09232356, -0.13762216,  0.22288575,
        0.0190564 , -0.13411976, -0.11000027,  0.0851637 ,  0.38596713,
       -0.46644041,  0.38257854,  0.49495169,  0.19527711,  0.26508985,
        0.1680073 ,  0.01624072,  0.13782714,  0.27400918,  0.38064637,
        0.2856318 , -0.00701281,  0.18573123, -0.4092883 ,  0.08622695,
       -0.13629772, -0.33239289,  0.09264342, -0.43614732, -0.09283995,
       -0.24972164,  0.222641  ,  0.02506036, -0.03493031]) 

Generation: 46 
 - Generation Avg Fit: 579.0848736658368 
 - Best Fitness: 889.3784442193404 
 - Worst Fitness: 0.0
 - Best Solution: array([-0.15857765, -0.26364566,  0.33807448, -0.33941348,  0.4009463 ,
        0.43446665, -0.24811331,  0.48450658, -0.49433887,  0.126026  ,
       -0.24399614,  0.01703996, -0.27973055,  0.12781992, -0.0062518 ,
        0.23459316, -0.01299083, -0.45255974,  0.44638951, -0.0013409 ,
       -0.27809269,  0.25557511, -0.35317421,  0.19638471, -0.04769471,
       -0.502217  ,  0.02446599,  0.28317344,  0.09139622, -0.07649131,
        0.0982134 ,  0.41543894, -0.01081006, -0.38548725, -0.06357341,
       -0.26044485, -0.43942128, -0.43387192,  0.0591907 ,  0.32447566,
        0.26592063, -0.11120573, -0.37082606,  0.42008027,  0.46145127,
       -0.25379097,  0.16502977,  0.23261888,  0.27988053,  0.42475079,
       -0.00866302,  0.08035757, -0.18247584,  0.10849983, -0.00254439,
        0.22261909, -0.0075584 , -0.01341091, -0.29098102,  0.41229632,
       -0.31541756,  0.09512139,  0.0063337 ,  0.35560191]) 

Generation: 47 
 - Generation Avg Fit: 598.9520989015025 
 - Best Fitness: 889.3784442193404 
 - Worst Fitness: 0.0
 - Best Solution: array([ 0.2288126 ,  0.25553296,  0.31529888, -0.14991969, -0.43835404,
       -0.39256227,  0.03311905, -0.38649086,  0.14891489, -0.3640252 ,
        0.31483305, -0.26222568,  0.3149208 , -0.2589015 , -0.47504603,
        0.08184562, -0.12769696, -0.00328089, -0.00680145, -0.3161865 ,
        0.12278124, -0.44237865,  0.30527753,  0.28632655, -0.29994601,
        0.24238704, -0.02492996,  0.28355899, -0.34410193, -0.21341841,
        0.29334709,  0.02397482, -0.09232356, -0.13762216,  0.22288575,
        0.0190564 , -0.13411976, -0.11000027,  0.0851637 ,  0.38596713,
       -0.46644041,  0.38257854,  0.49495169,  0.19527711,  0.26508985,
        0.1680073 ,  0.01624072,  0.13782714,  0.27400918,  0.38064637,
        0.2856318 , -0.00701281,  0.18573123, -0.4092883 ,  0.08622695,
       -0.13629772, -0.33239289,  0.09264342, -0.43614732, -0.09283995,
       -0.24972164,  0.222641  ,  0.02506036, -0.03493031]) 

Generation: 48 
 - Generation Avg Fit: 612.9797840789364 
 - Best Fitness: 889.3784442193404 
 - Worst Fitness: 0.0
 - Best Solution: array([-1.57658538e-01, -2.64180749e-01,  3.26132891e-01, -3.40801023e-01,
        4.04973224e-01,  4.24631903e-01, -2.42911558e-01,  4.84506583e-01,
       -4.90047898e-01,  1.31889682e-01, -2.45791081e-01,  3.78885437e-03,
       -2.76438508e-01,  1.27819915e-01, -6.25180186e-03,  2.34593161e-01,
        2.92509422e-03, -4.25005946e-01,  4.39402948e-01,  1.55142333e-04,
       -2.75669850e-01,  2.64223417e-01, -3.27326130e-01,  1.94092834e-01,
       -3.40187444e-02, -4.71156728e-01,  4.25400947e-02,  2.83173442e-01,
        9.24022113e-02, -6.78983969e-02,  9.82133999e-02,  4.22570481e-01,
       -2.12966007e-03, -3.70960328e-01, -7.65857934e-02, -2.56840745e-01,
       -4.27510931e-01, -4.25165789e-01,  6.69324290e-02,  3.15408149e-01,
        2.57272583e-01, -1.11501644e-01, -3.73993958e-01,  4.25419369e-01,
        4.71431268e-01, -2.53090349e-01,  1.72925681e-01,  2.40049958e-01,
        2.86635209e-01,  4.09881631e-01,  6.86916477e-03,  8.51327149e-02,
       -1.73993547e-01,  1.31679289e-01, -1.56166742e-02,  2.09318181e-01,
        1.42798925e-03, -1.39931671e-02, -2.96384758e-01,  4.12296324e-01,
       -3.14861403e-01,  1.27056129e-01,  8.20143019e-03,  3.66761025e-01]) 

Generation: 49 
 - Generation Avg Fit: 618.8342621907178 
 - Best Fitness: 889.3784442193404 
 - Worst Fitness: 0.0
 - Best Solution: array([-1.57658538e-01, -2.64180749e-01,  3.26132891e-01, -3.40801023e-01,
        4.04973224e-01,  4.24631903e-01, -2.42911558e-01,  4.84506583e-01,
       -4.90047898e-01,  1.31889682e-01, -2.45791081e-01,  3.78885437e-03,
       -2.76438508e-01,  1.27819915e-01, -6.25180186e-03,  2.34593161e-01,
        2.92509422e-03, -4.25005946e-01,  4.39402948e-01,  1.55142333e-04,
       -2.75669850e-01,  2.64223417e-01, -3.27326130e-01,  1.94092834e-01,
       -3.40187444e-02, -4.71156728e-01,  4.25400947e-02,  2.83173442e-01,
        9.24022113e-02, -6.78983969e-02,  9.82133999e-02,  4.22570481e-01,
       -2.12966007e-03, -3.70960328e-01, -7.65857934e-02, -2.56840745e-01,
       -4.27510931e-01, -4.25165789e-01,  6.69324290e-02,  3.15408149e-01,
        2.57272583e-01, -1.11501644e-01, -3.73993958e-01,  4.25419369e-01,
        4.71431268e-01, -2.53090349e-01,  1.72925681e-01,  2.40049958e-01,
        2.86635209e-01,  4.09881631e-01,  6.86916477e-03,  8.51327149e-02,
       -1.73993547e-01,  1.31679289e-01, -1.56166742e-02,  2.09318181e-01,
        1.42798925e-03, -1.39931671e-02, -2.96384758e-01,  4.12296324e-01,
       -3.14861403e-01,  1.27056129e-01,  8.20143019e-03,  3.66761025e-01]) 

Generation: 50 
 - Generation Avg Fit: 648.9161984227882 
 - Best Fitness: 897.0813638267534 
 - Worst Fitness: 0.0
 - Best Solution: array([-1.49602861e-01, -2.73628524e-01,  3.25390779e-01, -3.48919738e-01,
        4.11558782e-01,  4.34466653e-01, -2.28858660e-01,  5.03996233e-01,
       -4.92017992e-01,  1.36294882e-01, -2.55507933e-01, -1.30615359e-02,
       -2.87345009e-01,  1.31691595e-01, -9.12716506e-03,  2.04707002e-01,
       -2.16357814e-02, -4.39706925e-01,  4.43386288e-01,  1.55142333e-04,
       -2.85649642e-01,  2.39785665e-01, -3.39643707e-01,  1.89339317e-01,
       -3.40187444e-02, -4.59364455e-01,  3.36931941e-02,  2.88485887e-01,
        1.05431202e-01, -7.59775197e-02,  1.06183741e-01,  4.12722914e-01,
        1.55041972e-03, -3.75562548e-01, -3.48196132e-02, -2.48345736e-01,
       -4.20719667e-01, -4.33443899e-01,  5.58855209e-02,  3.23293119e-01,
        2.45709588e-01, -1.11294523e-01, -3.74070789e-01,  4.20772402e-01,
        4.75499690e-01, -2.38257168e-01,  1.53466517e-01,  2.33918943e-01,
        2.61705633e-01,  4.63618357e-01,  1.17707609e-02,  7.74008565e-02,
       -1.82475841e-01,  1.07266350e-01, -1.22644003e-02,  2.24681857e-01,
        1.12184492e-02, -2.37485939e-03, -2.84075694e-01,  4.07983046e-01,
       -3.06190554e-01,  1.34728703e-01,  1.56687785e-02,  3.66105235e-01]) 

Generation: 51 
 - Generation Avg Fit: 658.3407671882468 
 - Best Fitness: 900.0433144164009 
 - Worst Fitness: 0.0
 - Best Solution: array([-0.1740604 , -0.25061591,  0.32502594, -0.33288112,  0.42490181,
        0.43138123, -0.23431293,  0.49861783, -0.4882975 ,  0.1238817 ,
       -0.25414617,  0.00256831, -0.25830948,  0.14189317, -0.0226027 ,
        0.21903105, -0.01258888, -0.43735212,  0.43889651,  0.00583921,
       -0.279473  ,  0.25577984, -0.34187562,  0.1994911 , -0.02840553,
       -0.45265375,  0.03523531,  0.27502196,  0.10105564, -0.07597752,
        0.10785405,  0.42068742,  0.003779  , -0.38409422, -0.04425386,
       -0.24586016, -0.44556917, -0.42785138,  0.05274379,  0.32031486,
        0.25253438, -0.11509221, -0.35784426,  0.43792058,  0.46902519,
       -0.24782635,  0.16543756,  0.23444675,  0.28346852,  0.43800686,
        0.00293949,  0.08035757, -0.18845124,  0.12503455, -0.02520893,
        0.2173254 , -0.01667581, -0.00561972, -0.30474386,  0.41751344,
       -0.30676079,  0.13610408,  0.00965029,  0.36662575]) 

Generation: 52 
 - Generation Avg Fit: 705.340155148792 
 - Best Fitness: 900.0433144164009 
 - Worst Fitness: 0.0
 - Best Solution: array([-1.49602861e-01, -2.73628524e-01,  3.25390779e-01, -3.48919738e-01,
        4.11558782e-01,  4.34466653e-01, -2.28858660e-01,  5.03996233e-01,
       -4.92017992e-01,  1.36294882e-01, -2.55507933e-01, -1.30615359e-02,
       -2.87345009e-01,  1.31691595e-01, -9.12716506e-03,  2.04707002e-01,
       -2.16357814e-02, -4.39706925e-01,  4.43386288e-01,  1.55142333e-04,
       -2.85649642e-01,  2.39785665e-01, -3.39643707e-01,  1.89339317e-01,
       -3.40187444e-02, -4.59364455e-01,  3.36931941e-02,  2.88485887e-01,
        1.05431202e-01, -7.59775197e-02,  1.06183741e-01,  4.12722914e-01,
        1.55041972e-03, -3.75562548e-01, -3.48196132e-02, -2.48345736e-01,
       -4.20719667e-01, -4.33443899e-01,  5.58855209e-02,  3.23293119e-01,
        2.45709588e-01, -1.11294523e-01, -3.74070789e-01,  4.20772402e-01,
        4.75499690e-01, -2.38257168e-01,  1.53466517e-01,  2.33918943e-01,
        2.61705633e-01,  4.63618357e-01,  1.17707609e-02,  7.74008565e-02,
       -1.82475841e-01,  1.07266350e-01, -1.22644003e-02,  2.24681857e-01,
        1.12184492e-02, -2.37485939e-03, -2.84075694e-01,  4.07983046e-01,
       -3.06190554e-01,  1.34728703e-01,  1.56687785e-02,  3.66105235e-01]) 

Generation: 53 
 - Generation Avg Fit: 694.393343392984 
 - Best Fitness: 900.0433144164009 
 - Worst Fitness: 0.0
 - Best Solution: array([-0.1740604 , -0.25061591,  0.32502594, -0.33288112,  0.42490181,
        0.43138123, -0.23431293,  0.49861783, -0.4882975 ,  0.1238817 ,
       -0.25414617,  0.00256831, -0.25830948,  0.14189317, -0.0226027 ,
        0.21903105, -0.01258888, -0.43735212,  0.43889651,  0.00583921,
       -0.279473  ,  0.25577984, -0.34187562,  0.1994911 , -0.02840553,
       -0.45265375,  0.03523531,  0.27502196,  0.10105564, -0.07597752,
        0.10785405,  0.42068742,  0.003779  , -0.38409422, -0.04425386,
       -0.24586016, -0.44556917, -0.42785138,  0.05274379,  0.32031486,
        0.25253438, -0.11509221, -0.35784426,  0.43792058,  0.46902519,
       -0.24782635,  0.16543756,  0.23444675,  0.28346852,  0.43800686,
        0.00293949,  0.08035757, -0.18845124,  0.12503455, -0.02520893,
        0.2173254 , -0.01667581, -0.00561972, -0.30474386,  0.41751344,
       -0.30676079,  0.13610408,  0.00965029,  0.36662575]) 

Generation: 54 
 - Generation Avg Fit: 705.6860321053682 
 - Best Fitness: 900.0433144164009 
 - Worst Fitness: 0.0
 - Best Solution: array([-0.1740604 , -0.25061591,  0.32502594, -0.33288112,  0.42490181,
        0.43138123, -0.23431293,  0.49861783, -0.4882975 ,  0.1238817 ,
       -0.25414617,  0.00256831, -0.25830948,  0.14189317, -0.0226027 ,
        0.21903105, -0.01258888, -0.43735212,  0.43889651,  0.00583921,
       -0.279473  ,  0.25577984, -0.34187562,  0.1994911 , -0.02840553,
       -0.45265375,  0.03523531,  0.27502196,  0.10105564, -0.07597752,
        0.10785405,  0.42068742,  0.003779  , -0.38409422, -0.04425386,
       -0.24586016, -0.44556917, -0.42785138,  0.05274379,  0.32031486,
        0.25253438, -0.11509221, -0.35784426,  0.43792058,  0.46902519,
       -0.24782635,  0.16543756,  0.23444675,  0.28346852,  0.43800686,
        0.00293949,  0.08035757, -0.18845124,  0.12503455, -0.02520893,
        0.2173254 , -0.01667581, -0.00561972, -0.30474386,  0.41751344,
       -0.30676079,  0.13610408,  0.00965029,  0.36662575]) 

Generation: 55 
 - Generation Avg Fit: 736.8834157285207 
 - Best Fitness: 912.7682280420058 
 - Worst Fitness: 0.0
 - Best Solution: array([-1.74060399e-01, -2.41575441e-01,  3.28437312e-01, -3.32881116e-01,
        4.20562811e-01,  4.38290975e-01, -2.27007791e-01,  4.99693225e-01,
       -4.88297502e-01,  1.28928837e-01, -2.61984328e-01,  2.56830736e-03,
       -2.54214429e-01,  1.41893171e-01, -2.26027030e-02,  2.19218170e-01,
       -2.37661754e-02, -4.37352116e-01,  4.47557754e-01,  1.55142333e-04,
       -2.91560764e-01,  2.60397562e-01, -3.31654834e-01,  2.09309854e-01,
       -3.44625429e-02, -4.47689029e-01,  3.95973225e-02,  2.75021957e-01,
        1.07037504e-01, -7.59775197e-02,  9.93334578e-02,  4.28938355e-01,
        1.55041972e-03, -3.84094221e-01, -4.42538599e-02, -2.48345736e-01,
       -4.20719667e-01, -4.27851382e-01,  5.58855209e-02,  3.20314864e-01,
        2.41281693e-01, -1.15092213e-01, -3.57844256e-01,  4.24189359e-01,
        4.69025192e-01, -2.35495591e-01,  1.61628036e-01,  2.34446746e-01,
        2.55967624e-01,  4.38006863e-01,  1.17707609e-02,  8.13551066e-02,
       -1.82475841e-01,  1.06506817e-01, -1.22644003e-02,  2.24681857e-01,
       -2.54716243e-02, -2.37485939e-03, -2.84075694e-01,  4.13645682e-01,
       -3.06760786e-01,  1.36104076e-01,  1.50914418e-03,  3.74309154e-01]) 

Generation: 56 
 - Generation Avg Fit: 747.8945849879569 
 - Best Fitness: 912.7682280420058 
 - Worst Fitness: 0.0
 - Best Solution: array([-0.1740604 , -0.25061591,  0.32502594, -0.33288112,  0.42490181,
        0.43138123, -0.23431293,  0.49861783, -0.4882975 ,  0.1238817 ,
       -0.25414617,  0.00256831, -0.25830948,  0.14189317, -0.0226027 ,
        0.21903105, -0.01258888, -0.43735212,  0.43889651,  0.00583921,
       -0.279473  ,  0.25577984, -0.34187562,  0.1994911 , -0.02840553,
       -0.45265375,  0.03523531,  0.27502196,  0.10105564, -0.07597752,
        0.10785405,  0.42068742,  0.003779  , -0.38409422, -0.04425386,
       -0.24586016, -0.44556917, -0.42785138,  0.05274379,  0.32031486,
        0.25253438, -0.11509221, -0.35784426,  0.43792058,  0.46902519,
       -0.24782635,  0.16543756,  0.23444675,  0.28346852,  0.43800686,
        0.00293949,  0.08035757, -0.18845124,  0.12503455, -0.02520893,
        0.2173254 , -0.01667581, -0.00561972, -0.30474386,  0.41751344,
       -0.30676079,  0.13610408,  0.00965029,  0.36662575]) 

Generation: 57 
 - Generation Avg Fit: 761.1009154900077 
 - Best Fitness: 912.7682280420058 
 - Worst Fitness: 0.0
 - Best Solution: array([-0.17520789, -0.28254095,  0.32502594, -0.34891974,  0.42214369,
        0.43138123, -0.22360724,  0.50399623, -0.48131055,  0.12368956,
       -0.25070555,  0.00256831, -0.27981708,  0.13169159, -0.0226027 ,
        0.204707  , -0.02045465, -0.43970693,  0.44338629,  0.00646588,
       -0.28606947,  0.23978566, -0.33964371,  0.19521966, -0.02840553,
       -0.45936445,  0.02868259,  0.2708779 ,  0.10993006, -0.07597752,
        0.10618374,  0.41272291,  0.00587366, -0.36679643, -0.04402678,
       -0.24586016, -0.43817569, -0.43233824,  0.05588552,  0.32876987,
        0.24570959, -0.11141345, -0.35784426,  0.4207724 ,  0.47753898,
       -0.25433671,  0.16543756,  0.24027061,  0.28739647,  0.4650527 ,
        0.00579173,  0.08035757, -0.18845124,  0.12108974, -0.01915928,
        0.22662777,  0.01121845, -0.00237486, -0.30474386,  0.41786062,
       -0.30676079,  0.14431665,  0.0180113 ,  0.36512156]) 

Generation: 58 
 - Generation Avg Fit: 760.3358375620292 
 - Best Fitness: 920.4298832084663 
 - Worst Fitness: 0.0
 - Best Solution: array([-0.15823704, -0.27002461,  0.31543826, -0.33288112,  0.40225108,
        0.43119111, -0.25056209,  0.49038104, -0.50505218,  0.13815817,
       -0.24254478,  0.00371997, -0.27274296,  0.11102862, -0.02437218,
        0.24702766,  0.00179112, -0.43006135,  0.4330382 ,  0.00583921,
       -0.279473  ,  0.26712917, -0.3359975 ,  0.18879703, -0.0219241 ,
       -0.4681292 ,  0.03996752,  0.27663319,  0.08511979, -0.08150796,
        0.09432359,  0.43149701, -0.00600655, -0.37248246, -0.03924667,
       -0.24687125, -0.42634066, -0.41753095,  0.05127922,  0.31053217,
        0.26406539, -0.11055826, -0.36901281,  0.42541937,  0.47869971,
       -0.27079223,  0.16543756,  0.21426033,  0.28598123,  0.43124776,
        0.00293949,  0.08122553, -0.16718745,  0.11430185,  0.01376794,
        0.21941998, -0.02653865, -0.01867964, -0.29712371,  0.42833465,
       -0.29618932,  0.12381178,  0.02623854,  0.36460437]) 

Generation: 59 
 - Generation Avg Fit: 741.1764609246535 
 - Best Fitness: 924.6682577614407 
 - Worst Fitness: 0.0
 - Best Solution: array([-0.15479336, -0.26100058,  0.33793805, -0.35311834,  0.41249891,
        0.43357302, -0.24398974,  0.4713373 , -0.48081262,  0.1408002 ,
       -0.24562994, -0.00193683, -0.28734501,  0.13756009, -0.00758544,
        0.21759375, -0.01232346, -0.43079428,  0.44338629, -0.00317829,
       -0.28252404,  0.25643222, -0.31914804,  0.18530506, -0.01717175,
       -0.45936445,  0.02703611,  0.28309262,  0.08261547, -0.0745299 ,
        0.08094872,  0.41272291, -0.00609708, -0.38418561, -0.07015799,
       -0.25690837, -0.42071967, -0.45152158,  0.05950206,  0.32176568,
        0.26588424, -0.10003915, -0.37257721,  0.42933487,  0.47625696,
       -0.24841601,  0.16022959,  0.24957681,  0.28210041,  0.45455236,
        0.01177076,  0.08796037, -0.18512699,  0.02131964, -0.00488309,
        0.1963729 , -0.01776601,  0.00557481, -0.28407569,  0.42217079,
       -0.32056912,  0.11842514,  0.01670873,  0.35071419]) 

Generation: 60 
 - Generation Avg Fit: 741.1177420411623 
 - Best Fitness: 924.6682577614407 
 - Worst Fitness: 0.0
 - Best Solution: array([-0.15823704, -0.27002461,  0.31543826, -0.33288112,  0.40225108,
        0.43119111, -0.25056209,  0.49038104, -0.50505218,  0.13815817,
       -0.24254478,  0.00371997, -0.27274296,  0.11102862, -0.02437218,
        0.24702766,  0.00179112, -0.43006135,  0.4330382 ,  0.00583921,
       -0.279473  ,  0.26712917, -0.3359975 ,  0.18879703, -0.0219241 ,
       -0.4681292 ,  0.03996752,  0.27663319,  0.08511979, -0.08150796,
        0.09432359,  0.43149701, -0.00600655, -0.37248246, -0.03924667,
       -0.24687125, -0.42634066, -0.41753095,  0.05127922,  0.31053217,
        0.26406539, -0.11055826, -0.36901281,  0.42541937,  0.47869971,
       -0.27079223,  0.16543756,  0.21426033,  0.28598123,  0.43124776,
        0.00293949,  0.08122553, -0.16718745,  0.11430185,  0.01376794,
        0.21941998, -0.02653865, -0.01867964, -0.29712371,  0.42833465,
       -0.29618932,  0.12381178,  0.02623854,  0.36460437]) 

Generation: 61 
 - Generation Avg Fit: 782.9467134084902 
 - Best Fitness: 924.6682577614407 
 - Worst Fitness: 0.0
 - Best Solution: array([-0.15479336, -0.26100058,  0.33793805, -0.35311834,  0.41249891,
        0.43357302, -0.24398974,  0.4713373 , -0.48081262,  0.1408002 ,
       -0.24562994, -0.00193683, -0.28734501,  0.13756009, -0.00758544,
        0.21759375, -0.01232346, -0.43079428,  0.44338629, -0.00317829,
       -0.28252404,  0.25643222, -0.31914804,  0.18530506, -0.01717175,
       -0.45936445,  0.02703611,  0.28309262,  0.08261547, -0.0745299 ,
        0.08094872,  0.41272291, -0.00609708, -0.38418561, -0.07015799,
       -0.25690837, -0.42071967, -0.45152158,  0.05950206,  0.32176568,
        0.26588424, -0.10003915, -0.37257721,  0.42933487,  0.47625696,
       -0.24841601,  0.16022959,  0.24957681,  0.28210041,  0.45455236,
        0.01177076,  0.08796037, -0.18512699,  0.02131964, -0.00488309,
        0.1963729 , -0.01776601,  0.00557481, -0.28407569,  0.42217079,
       -0.32056912,  0.11842514,  0.01670873,  0.35071419]) 

Generation: 62 
 - Generation Avg Fit: 799.1805170716252 
 - Best Fitness: 924.6682577614407 
 - Worst Fitness: 0.0
 - Best Solution: array([-0.15479336, -0.26100058,  0.33793805, -0.35311834,  0.41249891,
        0.43357302, -0.24398974,  0.4713373 , -0.48081262,  0.1408002 ,
       -0.24562994, -0.00193683, -0.28734501,  0.13756009, -0.00758544,
        0.21759375, -0.01232346, -0.43079428,  0.44338629, -0.00317829,
       -0.28252404,  0.25643222, -0.31914804,  0.18530506, -0.01717175,
       -0.45936445,  0.02703611,  0.28309262,  0.08261547, -0.0745299 ,
        0.08094872,  0.41272291, -0.00609708, -0.38418561, -0.07015799,
       -0.25690837, -0.42071967, -0.45152158,  0.05950206,  0.32176568,
        0.26588424, -0.10003915, -0.37257721,  0.42933487,  0.47625696,
       -0.24841601,  0.16022959,  0.24957681,  0.28210041,  0.45455236,
        0.01177076,  0.08796037, -0.18512699,  0.02131964, -0.00488309,
        0.1963729 , -0.01776601,  0.00557481, -0.28407569,  0.42217079,
       -0.32056912,  0.11842514,  0.01670873,  0.35071419]) 

Generation: 63 
 - Generation Avg Fit: 811.2764029265404 
 - Best Fitness: 931.9163774620226 
 - Worst Fitness: 0.0
 - Best Solution: array([-0.17689988, -0.25765251,  0.31807901, -0.3532264 ,  0.42009834,
        0.44336293, -0.2247398 ,  0.50595615, -0.49171525,  0.11607588,
       -0.25550793,  0.00315553, -0.27833003,  0.13282448, -0.00226784,
        0.22811819, -0.01395999, -0.44050361,  0.42929668,  0.01183465,
       -0.29137765,  0.2393867 , -0.35386598,  0.19610296, -0.0087561 ,
       -0.46335068,  0.03523531,  0.2764801 ,  0.10820832, -0.05536702,
        0.09056063,  0.42068742,  0.003779  , -0.35049407, -0.0481494 ,
       -0.25539505, -0.4686375 , -0.42213637,  0.0417197 ,  0.30640331,
        0.26562958, -0.1043785 , -0.37043592,  0.41590361,  0.46904005,
       -0.24236352,  0.18906535,  0.24816574,  0.27847567,  0.47018177,
       -0.00841719,  0.07319346, -0.16879474,  0.05053026,  0.01210403,
        0.19761893,  0.00472052, -0.00212933, -0.31632618,  0.4245406 ,
       -0.3124736 ,  0.13716086,  0.02469945,  0.35329303]) 

Generation: 64 
 - Generation Avg Fit: 799.8727607413659 
 - Best Fitness: 931.9163774620226 
 - Worst Fitness: 0.0
 - Best Solution: array([-0.15479336, -0.26100058,  0.33793805, -0.35311834,  0.41249891,
        0.43357302, -0.24398974,  0.4713373 , -0.48081262,  0.1408002 ,
       -0.24562994, -0.00193683, -0.28734501,  0.13756009, -0.00758544,
        0.21759375, -0.01232346, -0.43079428,  0.44338629, -0.00317829,
       -0.28252404,  0.25643222, -0.31914804,  0.18530506, -0.01717175,
       -0.45936445,  0.02703611,  0.28309262,  0.08261547, -0.0745299 ,
        0.08094872,  0.41272291, -0.00609708, -0.38418561, -0.07015799,
       -0.25690837, -0.42071967, -0.45152158,  0.05950206,  0.32176568,
        0.26588424, -0.10003915, -0.37257721,  0.42933487,  0.47625696,
       -0.24841601,  0.16022959,  0.24957681,  0.28210041,  0.45455236,
        0.01177076,  0.08796037, -0.18512699,  0.02131964, -0.00488309,
        0.1963729 , -0.01776601,  0.00557481, -0.28407569,  0.42217079,
       -0.32056912,  0.11842514,  0.01670873,  0.35071419]) 

Generation: 65 
 - Generation Avg Fit: 799.9576040822451 
 - Best Fitness: 931.9163774620226 
 - Worst Fitness: 0.0
 - Best Solution: array([-0.1740604 , -0.264125  ,  0.32502594, -0.33541045,  0.41787303,
        0.44237676, -0.24271222,  0.47893123, -0.47705222,  0.12344162,
       -0.25021603,  0.01292611, -0.27712265,  0.14381433, -0.02656886,
        0.2327546 ,  0.01001997, -0.44578477,  0.42822522,  0.34304317,
       -0.2662419 ,  0.24723853, -0.31413316,  0.19722035, -0.01786296,
       -0.46335068,  0.03542001,  0.24868447,  0.10385762, -0.08339475,
        0.10376726,  0.41148353,  0.00296575, -0.37671282, -0.06279342,
       -0.24495387, -0.41627595, -0.45401728,  0.06520308,  0.32329312,
        0.27083148, -0.11749073, -0.35786402,  0.42657738,  0.48633382,
       -0.24683008,  0.19908958,  0.23168334,  0.29576788,  0.4574767 ,
        0.00293949,  0.07581721, -0.1768841 ,  0.12333618,  0.02324717,
        0.21374569,  0.01411916, -0.00412818, -0.2958249 ,  0.43510211,
       -0.30581101,  0.12994105,  0.00582503,  0.36978564]) 

Generation: 66 
 - Generation Avg Fit: 826.8286289189219 
 - Best Fitness: 931.9163774620226 
 - Worst Fitness: 0.0
 - Best Solution: array([-0.1740604 , -0.264125  ,  0.32502594, -0.33541045,  0.41787303,
        0.44237676, -0.24271222,  0.47893123, -0.47705222,  0.12344162,
       -0.25021603,  0.01292611, -0.27712265,  0.14381433, -0.02656886,
        0.2327546 ,  0.01001997, -0.44578477,  0.42822522,  0.34304317,
       -0.2662419 ,  0.24723853, -0.31413316,  0.19722035, -0.01786296,
       -0.46335068,  0.03542001,  0.24868447,  0.10385762, -0.08339475,
        0.10376726,  0.41148353,  0.00296575, -0.37671282, -0.06279342,
       -0.24495387, -0.41627595, -0.45401728,  0.06520308,  0.32329312,
        0.27083148, -0.11749073, -0.35786402,  0.42657738,  0.48633382,
       -0.24683008,  0.19908958,  0.23168334,  0.29576788,  0.4574767 ,
        0.00293949,  0.07581721, -0.1768841 ,  0.12333618,  0.02324717,
        0.21374569,  0.01411916, -0.00412818, -0.2958249 ,  0.43510211,
       -0.30581101,  0.12994105,  0.00582503,  0.36978564]) 

Generation: 67 
 - Generation Avg Fit: 796.5673566401279 
 - Best Fitness: 931.9163774620226 
 - Worst Fitness: 0.0
 - Best Solution: array([-0.1740604 , -0.264125  ,  0.32502594, -0.33541045,  0.41787303,
        0.44237676, -0.24271222,  0.47893123, -0.47705222,  0.12344162,
       -0.25021603,  0.01292611, -0.27712265,  0.14381433, -0.02656886,
        0.2327546 ,  0.01001997, -0.44578477,  0.42822522,  0.34304317,
       -0.2662419 ,  0.24723853, -0.31413316,  0.19722035, -0.01786296,
       -0.46335068,  0.03542001,  0.24868447,  0.10385762, -0.08339475,
        0.10376726,  0.41148353,  0.00296575, -0.37671282, -0.06279342,
       -0.24495387, -0.41627595, -0.45401728,  0.06520308,  0.32329312,
        0.27083148, -0.11749073, -0.35786402,  0.42657738,  0.48633382,
       -0.24683008,  0.19908958,  0.23168334,  0.29576788,  0.4574767 ,
        0.00293949,  0.07581721, -0.1768841 ,  0.12333618,  0.02324717,
        0.21374569,  0.01411916, -0.00412818, -0.2958249 ,  0.43510211,
       -0.30581101,  0.12994105,  0.00582503,  0.36978564]) 

Generation: 68 
 - Generation Avg Fit: 806.6943551207679 
 - Best Fitness: 931.9163774620226 
 - Worst Fitness: 0.0
 - Best Solution: array([-0.1740604 , -0.264125  ,  0.32502594, -0.33541045,  0.41787303,
        0.44237676, -0.24271222,  0.47893123, -0.47705222,  0.12344162,
       -0.25021603,  0.01292611, -0.27712265,  0.14381433, -0.02656886,
        0.2327546 ,  0.01001997, -0.44578477,  0.42822522,  0.34304317,
       -0.2662419 ,  0.24723853, -0.31413316,  0.19722035, -0.01786296,
       -0.46335068,  0.03542001,  0.24868447,  0.10385762, -0.08339475,
        0.10376726,  0.41148353,  0.00296575, -0.37671282, -0.06279342,
       -0.24495387, -0.41627595, -0.45401728,  0.06520308,  0.32329312,
        0.27083148, -0.11749073, -0.35786402,  0.42657738,  0.48633382,
       -0.24683008,  0.19908958,  0.23168334,  0.29576788,  0.4574767 ,
        0.00293949,  0.07581721, -0.1768841 ,  0.12333618,  0.02324717,
        0.21374569,  0.01411916, -0.00412818, -0.2958249 ,  0.43510211,
       -0.30581101,  0.12994105,  0.00582503,  0.36978564]) 

Generation: 69 
 - Generation Avg Fit: 784.9206603187238 
 - Best Fitness: 931.9163774620226 
 - Worst Fitness: 0.0
 - Best Solution: array([-0.1740604 , -0.264125  ,  0.32502594, -0.33541045,  0.41787303,
        0.44237676, -0.24271222,  0.47893123, -0.47705222,  0.12344162,
       -0.25021603,  0.01292611, -0.27712265,  0.14381433, -0.02656886,
        0.2327546 ,  0.01001997, -0.44578477,  0.42822522,  0.34304317,
       -0.2662419 ,  0.24723853, -0.31413316,  0.19722035, -0.01786296,
       -0.46335068,  0.03542001,  0.24868447,  0.10385762, -0.08339475,
        0.10376726,  0.41148353,  0.00296575, -0.37671282, -0.06279342,
       -0.24495387, -0.41627595, -0.45401728,  0.06520308,  0.32329312,
        0.27083148, -0.11749073, -0.35786402,  0.42657738,  0.48633382,
       -0.24683008,  0.19908958,  0.23168334,  0.29576788,  0.4574767 ,
        0.00293949,  0.07581721, -0.1768841 ,  0.12333618,  0.02324717,
        0.21374569,  0.01411916, -0.00412818, -0.2958249 ,  0.43510211,
       -0.30581101,  0.12994105,  0.00582503,  0.36978564]) 

Generation: 70 
 - Generation Avg Fit: 790.7342354321039 
 - Best Fitness: 931.9163774620226 
 - Worst Fitness: 0.0
 - Best Solution: array([-0.1740604 , -0.264125  ,  0.32502594, -0.33541045,  0.41787303,
        0.44237676, -0.24271222,  0.47893123, -0.47705222,  0.12344162,
       -0.25021603,  0.01292611, -0.27712265,  0.14381433, -0.02656886,
        0.2327546 ,  0.01001997, -0.44578477,  0.42822522,  0.34304317,
       -0.2662419 ,  0.24723853, -0.31413316,  0.19722035, -0.01786296,
       -0.46335068,  0.03542001,  0.24868447,  0.10385762, -0.08339475,
        0.10376726,  0.41148353,  0.00296575, -0.37671282, -0.06279342,
       -0.24495387, -0.41627595, -0.45401728,  0.06520308,  0.32329312,
        0.27083148, -0.11749073, -0.35786402,  0.42657738,  0.48633382,
       -0.24683008,  0.19908958,  0.23168334,  0.29576788,  0.4574767 ,
        0.00293949,  0.07581721, -0.1768841 ,  0.12333618,  0.02324717,
        0.21374569,  0.01411916, -0.00412818, -0.2958249 ,  0.43510211,
       -0.30581101,  0.12994105,  0.00582503,  0.36978564]) 

Generation: 71 
 - Generation Avg Fit: 775.3398206340869 
 - Best Fitness: 941.6734598980531 
 - Worst Fitness: 0.0
 - Best Solution: array([-1.70185948e-01, -2.82540954e-01,  3.01729415e-01, -3.34558319e-01,
        4.09410474e-01,  4.42632797e-01, -2.23607241e-01,  4.66723076e-01,
       -4.90095028e-01,  1.37076152e-01, -2.58741981e-01, -6.53658799e-04,
       -2.69179810e-01,  1.31691595e-01, -2.02954465e-02,  2.12827751e-01,
        1.79112081e-03, -4.29884678e-01,  4.49124671e-01,  1.08187311e-03,
       -2.92032366e-01,  2.50050287e-01, -3.34271859e-01,  1.91850963e-01,
       -2.90092715e-02, -4.61454902e-01,  4.64047382e-02,  2.96926971e-01,
        1.05354382e-01, -7.54311377e-02,  9.79546928e-02,  4.13936623e-01,
       -2.80279147e-04, -3.66886067e-01, -3.72871483e-02, -2.48345736e-01,
       -4.45923241e-01, -4.32338242e-01,  5.28902652e-02,  3.28769874e-01,
        2.77997085e-01, -1.11413448e-01, -3.77669660e-01,  4.38335510e-01,
        4.78157138e-01, -2.36806579e-01,  1.65619128e-01,  2.22792256e-01,
        2.92280093e-01,  4.65052701e-01, -1.11335747e-02,  8.79180860e-02,
       -1.53786428e-01,  9.22057626e-02, -2.08209116e-02,  2.27132136e-01,
        8.83548020e-03,  5.23195119e-03, -2.99662533e-01,  4.03580897e-01,
       -3.13719531e-01,  1.28460353e-01,  1.13645087e-02,  3.62951332e-01]) 

Generation: 72 
 - Generation Avg Fit: 824.310472286363 
 - Best Fitness: 941.6734598980531 
 - Worst Fitness: 0.0
 - Best Solution: array([-0.1740604 , -0.264125  ,  0.32502594, -0.33541045,  0.41787303,
        0.44237676, -0.24271222,  0.47893123, -0.47705222,  0.12344162,
       -0.25021603,  0.01292611, -0.27712265,  0.14381433, -0.02656886,
        0.2327546 ,  0.01001997, -0.44578477,  0.42822522,  0.34304317,
       -0.2662419 ,  0.24723853, -0.31413316,  0.19722035, -0.01786296,
       -0.46335068,  0.03542001,  0.24868447,  0.10385762, -0.08339475,
        0.10376726,  0.41148353,  0.00296575, -0.37671282, -0.06279342,
       -0.24495387, -0.41627595, -0.45401728,  0.06520308,  0.32329312,
        0.27083148, -0.11749073, -0.35786402,  0.42657738,  0.48633382,
       -0.24683008,  0.19908958,  0.23168334,  0.29576788,  0.4574767 ,
        0.00293949,  0.07581721, -0.1768841 ,  0.12333618,  0.02324717,
        0.21374569,  0.01411916, -0.00412818, -0.2958249 ,  0.43510211,
       -0.30581101,  0.12994105,  0.00582503,  0.36978564]) 

Generation: 73 
 - Generation Avg Fit: 807.3082576848797 
 - Best Fitness: 941.6734598980531 
 - Worst Fitness: 0.0
 - Best Solution: array([-1.70185948e-01, -2.82540954e-01,  3.01729415e-01, -3.34558319e-01,
        4.09410474e-01,  4.42632797e-01, -2.23607241e-01,  4.66723076e-01,
       -4.90095028e-01,  1.37076152e-01, -2.58741981e-01, -6.53658799e-04,
       -2.69179810e-01,  1.31691595e-01, -2.02954465e-02,  2.12827751e-01,
        1.79112081e-03, -4.29884678e-01,  4.49124671e-01,  1.08187311e-03,
       -2.92032366e-01,  2.50050287e-01, -3.34271859e-01,  1.91850963e-01,
       -2.90092715e-02, -4.61454902e-01,  4.64047382e-02,  2.96926971e-01,
        1.05354382e-01, -7.54311377e-02,  9.79546928e-02,  4.13936623e-01,
       -2.80279147e-04, -3.66886067e-01, -3.72871483e-02, -2.48345736e-01,
       -4.45923241e-01, -4.32338242e-01,  5.28902652e-02,  3.28769874e-01,
        2.77997085e-01, -1.11413448e-01, -3.77669660e-01,  4.38335510e-01,
        4.78157138e-01, -2.36806579e-01,  1.65619128e-01,  2.22792256e-01,
        2.92280093e-01,  4.65052701e-01, -1.11335747e-02,  8.79180860e-02,
       -1.53786428e-01,  9.22057626e-02, -2.08209116e-02,  2.27132136e-01,
        8.83548020e-03,  5.23195119e-03, -2.99662533e-01,  4.03580897e-01,
       -3.13719531e-01,  1.28460353e-01,  1.13645087e-02,  3.62951332e-01]) 

Generation: 74 
 - Generation Avg Fit: 798.9098178227366 
 - Best Fitness: 941.6734598980531 
 - Worst Fitness: 0.0
 - Best Solution: array([-1.70185948e-01, -2.82540954e-01,  3.01729415e-01, -3.34558319e-01,
        4.09410474e-01,  4.42632797e-01, -2.23607241e-01,  4.66723076e-01,
       -4.90095028e-01,  1.37076152e-01, -2.58741981e-01, -6.53658799e-04,
       -2.69179810e-01,  1.31691595e-01, -2.02954465e-02,  2.12827751e-01,
        1.79112081e-03, -4.29884678e-01,  4.49124671e-01,  1.08187311e-03,
       -2.92032366e-01,  2.50050287e-01, -3.34271859e-01,  1.91850963e-01,
       -2.90092715e-02, -4.61454902e-01,  4.64047382e-02,  2.96926971e-01,
        1.05354382e-01, -7.54311377e-02,  9.79546928e-02,  4.13936623e-01,
       -2.80279147e-04, -3.66886067e-01, -3.72871483e-02, -2.48345736e-01,
       -4.45923241e-01, -4.32338242e-01,  5.28902652e-02,  3.28769874e-01,
        2.77997085e-01, -1.11413448e-01, -3.77669660e-01,  4.38335510e-01,
        4.78157138e-01, -2.36806579e-01,  1.65619128e-01,  2.22792256e-01,
        2.92280093e-01,  4.65052701e-01, -1.11335747e-02,  8.79180860e-02,
       -1.53786428e-01,  9.22057626e-02, -2.08209116e-02,  2.27132136e-01,
        8.83548020e-03,  5.23195119e-03, -2.99662533e-01,  4.03580897e-01,
       -3.13719531e-01,  1.28460353e-01,  1.13645087e-02,  3.62951332e-01]) 

Generation: 75 
 - Generation Avg Fit: 776.2661479576141 
 - Best Fitness: 941.6734598980531 
 - Worst Fitness: 0.0
 - Best Solution: array([-1.70185948e-01, -2.82540954e-01,  3.01729415e-01, -3.34558319e-01,
        4.09410474e-01,  4.42632797e-01, -2.23607241e-01,  4.66723076e-01,
       -4.90095028e-01,  1.37076152e-01, -2.58741981e-01, -6.53658799e-04,
       -2.69179810e-01,  1.31691595e-01, -2.02954465e-02,  2.12827751e-01,
        1.79112081e-03, -4.29884678e-01,  4.49124671e-01,  1.08187311e-03,
       -2.92032366e-01,  2.50050287e-01, -3.34271859e-01,  1.91850963e-01,
       -2.90092715e-02, -4.61454902e-01,  4.64047382e-02,  2.96926971e-01,
        1.05354382e-01, -7.54311377e-02,  9.79546928e-02,  4.13936623e-01,
       -2.80279147e-04, -3.66886067e-01, -3.72871483e-02, -2.48345736e-01,
       -4.45923241e-01, -4.32338242e-01,  5.28902652e-02,  3.28769874e-01,
        2.77997085e-01, -1.11413448e-01, -3.77669660e-01,  4.38335510e-01,
        4.78157138e-01, -2.36806579e-01,  1.65619128e-01,  2.22792256e-01,
        2.92280093e-01,  4.65052701e-01, -1.11335747e-02,  8.79180860e-02,
       -1.53786428e-01,  9.22057626e-02, -2.08209116e-02,  2.27132136e-01,
        8.83548020e-03,  5.23195119e-03, -2.99662533e-01,  4.03580897e-01,
       -3.13719531e-01,  1.28460353e-01,  1.13645087e-02,  3.62951332e-01]) 

Generation: 76 
 - Generation Avg Fit: 795.8680575622545 
 - Best Fitness: 941.6734598980531 
 - Worst Fitness: 0.0
 - Best Solution: array([-1.70185948e-01, -2.82540954e-01,  3.01729415e-01, -3.34558319e-01,
        4.09410474e-01,  4.42632797e-01, -2.23607241e-01,  4.66723076e-01,
       -4.90095028e-01,  1.37076152e-01, -2.58741981e-01, -6.53658799e-04,
       -2.69179810e-01,  1.31691595e-01, -2.02954465e-02,  2.12827751e-01,
        1.79112081e-03, -4.29884678e-01,  4.49124671e-01,  1.08187311e-03,
       -2.92032366e-01,  2.50050287e-01, -3.34271859e-01,  1.91850963e-01,
       -2.90092715e-02, -4.61454902e-01,  4.64047382e-02,  2.96926971e-01,
        1.05354382e-01, -7.54311377e-02,  9.79546928e-02,  4.13936623e-01,
       -2.80279147e-04, -3.66886067e-01, -3.72871483e-02, -2.48345736e-01,
       -4.45923241e-01, -4.32338242e-01,  5.28902652e-02,  3.28769874e-01,
        2.77997085e-01, -1.11413448e-01, -3.77669660e-01,  4.38335510e-01,
        4.78157138e-01, -2.36806579e-01,  1.65619128e-01,  2.22792256e-01,
        2.92280093e-01,  4.65052701e-01, -1.11335747e-02,  8.79180860e-02,
       -1.53786428e-01,  9.22057626e-02, -2.08209116e-02,  2.27132136e-01,
        8.83548020e-03,  5.23195119e-03, -2.99662533e-01,  4.03580897e-01,
       -3.13719531e-01,  1.28460353e-01,  1.13645087e-02,  3.62951332e-01]) 

Generation: 77 
 - Generation Avg Fit: 775.8558726281285 
 - Best Fitness: 941.6734598980531 
 - Worst Fitness: 0.0
 - Best Solution: array([-1.70185948e-01, -2.82540954e-01,  3.01729415e-01, -3.34558319e-01,
        4.09410474e-01,  4.42632797e-01, -2.23607241e-01,  4.66723076e-01,
       -4.90095028e-01,  1.37076152e-01, -2.58741981e-01, -6.53658799e-04,
       -2.69179810e-01,  1.31691595e-01, -2.02954465e-02,  2.12827751e-01,
        1.79112081e-03, -4.29884678e-01,  4.49124671e-01,  1.08187311e-03,
       -2.92032366e-01,  2.50050287e-01, -3.34271859e-01,  1.91850963e-01,
       -2.90092715e-02, -4.61454902e-01,  4.64047382e-02,  2.96926971e-01,
        1.05354382e-01, -7.54311377e-02,  9.79546928e-02,  4.13936623e-01,
       -2.80279147e-04, -3.66886067e-01, -3.72871483e-02, -2.48345736e-01,
       -4.45923241e-01, -4.32338242e-01,  5.28902652e-02,  3.28769874e-01,
        2.77997085e-01, -1.11413448e-01, -3.77669660e-01,  4.38335510e-01,
        4.78157138e-01, -2.36806579e-01,  1.65619128e-01,  2.22792256e-01,
        2.92280093e-01,  4.65052701e-01, -1.11335747e-02,  8.79180860e-02,
       -1.53786428e-01,  9.22057626e-02, -2.08209116e-02,  2.27132136e-01,
        8.83548020e-03,  5.23195119e-03, -2.99662533e-01,  4.03580897e-01,
       -3.13719531e-01,  1.28460353e-01,  1.13645087e-02,  3.62951332e-01]) 

Generation: 78 
 - Generation Avg Fit: 801.6423533266913 
 - Best Fitness: 941.6734598980531 
 - Worst Fitness: 0.0
 - Best Solution: array([-1.70185948e-01, -2.82540954e-01,  3.01729415e-01, -3.34558319e-01,
        4.09410474e-01,  4.42632797e-01, -2.23607241e-01,  4.66723076e-01,
       -4.90095028e-01,  1.37076152e-01, -2.58741981e-01, -6.53658799e-04,
       -2.69179810e-01,  1.31691595e-01, -2.02954465e-02,  2.12827751e-01,
        1.79112081e-03, -4.29884678e-01,  4.49124671e-01,  1.08187311e-03,
       -2.92032366e-01,  2.50050287e-01, -3.34271859e-01,  1.91850963e-01,
       -2.90092715e-02, -4.61454902e-01,  4.64047382e-02,  2.96926971e-01,
        1.05354382e-01, -7.54311377e-02,  9.79546928e-02,  4.13936623e-01,
       -2.80279147e-04, -3.66886067e-01, -3.72871483e-02, -2.48345736e-01,
       -4.45923241e-01, -4.32338242e-01,  5.28902652e-02,  3.28769874e-01,
        2.77997085e-01, -1.11413448e-01, -3.77669660e-01,  4.38335510e-01,
        4.78157138e-01, -2.36806579e-01,  1.65619128e-01,  2.22792256e-01,
        2.92280093e-01,  4.65052701e-01, -1.11335747e-02,  8.79180860e-02,
       -1.53786428e-01,  9.22057626e-02, -2.08209116e-02,  2.27132136e-01,
        8.83548020e-03,  5.23195119e-03, -2.99662533e-01,  4.03580897e-01,
       -3.13719531e-01,  1.28460353e-01,  1.13645087e-02,  3.62951332e-01]) 

Generation: 79 
 - Generation Avg Fit: 798.5962879449064 
 - Best Fitness: 941.6734598980531 
 - Worst Fitness: 0.0
 - Best Solution: array([-1.70185948e-01, -2.82540954e-01,  3.01729415e-01, -3.34558319e-01,
        4.09410474e-01,  4.42632797e-01, -2.23607241e-01,  4.66723076e-01,
       -4.90095028e-01,  1.37076152e-01, -2.58741981e-01, -6.53658799e-04,
       -2.69179810e-01,  1.31691595e-01, -2.02954465e-02,  2.12827751e-01,
        1.79112081e-03, -4.29884678e-01,  4.49124671e-01,  1.08187311e-03,
       -2.92032366e-01,  2.50050287e-01, -3.34271859e-01,  1.91850963e-01,
       -2.90092715e-02, -4.61454902e-01,  4.64047382e-02,  2.96926971e-01,
        1.05354382e-01, -7.54311377e-02,  9.79546928e-02,  4.13936623e-01,
       -2.80279147e-04, -3.66886067e-01, -3.72871483e-02, -2.48345736e-01,
       -4.45923241e-01, -4.32338242e-01,  5.28902652e-02,  3.28769874e-01,
        2.77997085e-01, -1.11413448e-01, -3.77669660e-01,  4.38335510e-01,
        4.78157138e-01, -2.36806579e-01,  1.65619128e-01,  2.22792256e-01,
        2.92280093e-01,  4.65052701e-01, -1.11335747e-02,  8.79180860e-02,
       -1.53786428e-01,  9.22057626e-02, -2.08209116e-02,  2.27132136e-01,
        8.83548020e-03,  5.23195119e-03, -2.99662533e-01,  4.03580897e-01,
       -3.13719531e-01,  1.28460353e-01,  1.13645087e-02,  3.62951332e-01]) 

Generation: 80 
 - Generation Avg Fit: 777.738968811032 
 - Best Fitness: 941.6734598980531 
 - Worst Fitness: 0.0
 - Best Solution: array([-1.70185948e-01, -2.82540954e-01,  3.01729415e-01, -3.34558319e-01,
        4.09410474e-01,  4.42632797e-01, -2.23607241e-01,  4.66723076e-01,
       -4.90095028e-01,  1.37076152e-01, -2.58741981e-01, -6.53658799e-04,
       -2.69179810e-01,  1.31691595e-01, -2.02954465e-02,  2.12827751e-01,
        1.79112081e-03, -4.29884678e-01,  4.49124671e-01,  1.08187311e-03,
       -2.92032366e-01,  2.50050287e-01, -3.34271859e-01,  1.91850963e-01,
       -2.90092715e-02, -4.61454902e-01,  4.64047382e-02,  2.96926971e-01,
        1.05354382e-01, -7.54311377e-02,  9.79546928e-02,  4.13936623e-01,
       -2.80279147e-04, -3.66886067e-01, -3.72871483e-02, -2.48345736e-01,
       -4.45923241e-01, -4.32338242e-01,  5.28902652e-02,  3.28769874e-01,
        2.77997085e-01, -1.11413448e-01, -3.77669660e-01,  4.38335510e-01,
        4.78157138e-01, -2.36806579e-01,  1.65619128e-01,  2.22792256e-01,
        2.92280093e-01,  4.65052701e-01, -1.11335747e-02,  8.79180860e-02,
       -1.53786428e-01,  9.22057626e-02, -2.08209116e-02,  2.27132136e-01,
        8.83548020e-03,  5.23195119e-03, -2.99662533e-01,  4.03580897e-01,
       -3.13719531e-01,  1.28460353e-01,  1.13645087e-02,  3.62951332e-01]) 

Generation: 81 
 - Generation Avg Fit: 786.1482768144757 
 - Best Fitness: 941.6734598980531 
 - Worst Fitness: 0.0
 - Best Solution: array([-1.70185948e-01, -2.82540954e-01,  3.01729415e-01, -3.34558319e-01,
        4.09410474e-01,  4.42632797e-01, -2.23607241e-01,  4.66723076e-01,
       -4.90095028e-01,  1.37076152e-01, -2.58741981e-01, -6.53658799e-04,
       -2.69179810e-01,  1.31691595e-01, -2.02954465e-02,  2.12827751e-01,
        1.79112081e-03, -4.29884678e-01,  4.49124671e-01,  1.08187311e-03,
       -2.92032366e-01,  2.50050287e-01, -3.34271859e-01,  1.91850963e-01,
       -2.90092715e-02, -4.61454902e-01,  4.64047382e-02,  2.96926971e-01,
        1.05354382e-01, -7.54311377e-02,  9.79546928e-02,  4.13936623e-01,
       -2.80279147e-04, -3.66886067e-01, -3.72871483e-02, -2.48345736e-01,
       -4.45923241e-01, -4.32338242e-01,  5.28902652e-02,  3.28769874e-01,
        2.77997085e-01, -1.11413448e-01, -3.77669660e-01,  4.38335510e-01,
        4.78157138e-01, -2.36806579e-01,  1.65619128e-01,  2.22792256e-01,
        2.92280093e-01,  4.65052701e-01, -1.11335747e-02,  8.79180860e-02,
       -1.53786428e-01,  9.22057626e-02, -2.08209116e-02,  2.27132136e-01,
        8.83548020e-03,  5.23195119e-03, -2.99662533e-01,  4.03580897e-01,
       -3.13719531e-01,  1.28460353e-01,  1.13645087e-02,  3.62951332e-01]) 

Generation: 82 
 - Generation Avg Fit: 787.1047240859307 
 - Best Fitness: 941.6734598980531 
 - Worst Fitness: 0.0
 - Best Solution: array([-1.70185948e-01, -2.82540954e-01,  3.01729415e-01, -3.34558319e-01,
        4.09410474e-01,  4.42632797e-01, -2.23607241e-01,  4.66723076e-01,
       -4.90095028e-01,  1.37076152e-01, -2.58741981e-01, -6.53658799e-04,
       -2.69179810e-01,  1.31691595e-01, -2.02954465e-02,  2.12827751e-01,
        1.79112081e-03, -4.29884678e-01,  4.49124671e-01,  1.08187311e-03,
       -2.92032366e-01,  2.50050287e-01, -3.34271859e-01,  1.91850963e-01,
       -2.90092715e-02, -4.61454902e-01,  4.64047382e-02,  2.96926971e-01,
        1.05354382e-01, -7.54311377e-02,  9.79546928e-02,  4.13936623e-01,
       -2.80279147e-04, -3.66886067e-01, -3.72871483e-02, -2.48345736e-01,
       -4.45923241e-01, -4.32338242e-01,  5.28902652e-02,  3.28769874e-01,
        2.77997085e-01, -1.11413448e-01, -3.77669660e-01,  4.38335510e-01,
        4.78157138e-01, -2.36806579e-01,  1.65619128e-01,  2.22792256e-01,
        2.92280093e-01,  4.65052701e-01, -1.11335747e-02,  8.79180860e-02,
       -1.53786428e-01,  9.22057626e-02, -2.08209116e-02,  2.27132136e-01,
        8.83548020e-03,  5.23195119e-03, -2.99662533e-01,  4.03580897e-01,
       -3.13719531e-01,  1.28460353e-01,  1.13645087e-02,  3.62951332e-01]) 

Generation: 83 
 - Generation Avg Fit: 778.4125791168526 
 - Best Fitness: 941.6734598980531 
 - Worst Fitness: 0.0
 - Best Solution: array([-1.70185948e-01, -2.82540954e-01,  3.01729415e-01, -3.34558319e-01,
        4.09410474e-01,  4.42632797e-01, -2.23607241e-01,  4.66723076e-01,
       -4.90095028e-01,  1.37076152e-01, -2.58741981e-01, -6.53658799e-04,
       -2.69179810e-01,  1.31691595e-01, -2.02954465e-02,  2.12827751e-01,
        1.79112081e-03, -4.29884678e-01,  4.49124671e-01,  1.08187311e-03,
       -2.92032366e-01,  2.50050287e-01, -3.34271859e-01,  1.91850963e-01,
       -2.90092715e-02, -4.61454902e-01,  4.64047382e-02,  2.96926971e-01,
        1.05354382e-01, -7.54311377e-02,  9.79546928e-02,  4.13936623e-01,
       -2.80279147e-04, -3.66886067e-01, -3.72871483e-02, -2.48345736e-01,
       -4.45923241e-01, -4.32338242e-01,  5.28902652e-02,  3.28769874e-01,
        2.77997085e-01, -1.11413448e-01, -3.77669660e-01,  4.38335510e-01,
        4.78157138e-01, -2.36806579e-01,  1.65619128e-01,  2.22792256e-01,
        2.92280093e-01,  4.65052701e-01, -1.11335747e-02,  8.79180860e-02,
       -1.53786428e-01,  9.22057626e-02, -2.08209116e-02,  2.27132136e-01,
        8.83548020e-03,  5.23195119e-03, -2.99662533e-01,  4.03580897e-01,
       -3.13719531e-01,  1.28460353e-01,  1.13645087e-02,  3.62951332e-01]) 

Generation: 84 
 - Generation Avg Fit: 770.8343173072686 
 - Best Fitness: 941.6734598980531 
 - Worst Fitness: 0.0
 - Best Solution: array([-1.70185948e-01, -2.82540954e-01,  3.01729415e-01, -3.34558319e-01,
        4.09410474e-01,  4.42632797e-01, -2.23607241e-01,  4.66723076e-01,
       -4.90095028e-01,  1.37076152e-01, -2.58741981e-01, -6.53658799e-04,
       -2.69179810e-01,  1.31691595e-01, -2.02954465e-02,  2.12827751e-01,
        1.79112081e-03, -4.29884678e-01,  4.49124671e-01,  1.08187311e-03,
       -2.92032366e-01,  2.50050287e-01, -3.34271859e-01,  1.91850963e-01,
       -2.90092715e-02, -4.61454902e-01,  4.64047382e-02,  2.96926971e-01,
        1.05354382e-01, -7.54311377e-02,  9.79546928e-02,  4.13936623e-01,
       -2.80279147e-04, -3.66886067e-01, -3.72871483e-02, -2.48345736e-01,
       -4.45923241e-01, -4.32338242e-01,  5.28902652e-02,  3.28769874e-01,
        2.77997085e-01, -1.11413448e-01, -3.77669660e-01,  4.38335510e-01,
        4.78157138e-01, -2.36806579e-01,  1.65619128e-01,  2.22792256e-01,
        2.92280093e-01,  4.65052701e-01, -1.11335747e-02,  8.79180860e-02,
       -1.53786428e-01,  9.22057626e-02, -2.08209116e-02,  2.27132136e-01,
        8.83548020e-03,  5.23195119e-03, -2.99662533e-01,  4.03580897e-01,
       -3.13719531e-01,  1.28460353e-01,  1.13645087e-02,  3.62951332e-01]) 

Generation: 85 
 - Generation Avg Fit: 804.5624506674707 
 - Best Fitness: 941.6734598980531 
 - Worst Fitness: 0.0
 - Best Solution: array([-1.70185948e-01, -2.82540954e-01,  3.01729415e-01, -3.34558319e-01,
        4.09410474e-01,  4.42632797e-01, -2.23607241e-01,  4.66723076e-01,
       -4.90095028e-01,  1.37076152e-01, -2.58741981e-01, -6.53658799e-04,
       -2.69179810e-01,  1.31691595e-01, -2.02954465e-02,  2.12827751e-01,
        1.79112081e-03, -4.29884678e-01,  4.49124671e-01,  1.08187311e-03,
       -2.92032366e-01,  2.50050287e-01, -3.34271859e-01,  1.91850963e-01,
       -2.90092715e-02, -4.61454902e-01,  4.64047382e-02,  2.96926971e-01,
        1.05354382e-01, -7.54311377e-02,  9.79546928e-02,  4.13936623e-01,
       -2.80279147e-04, -3.66886067e-01, -3.72871483e-02, -2.48345736e-01,
       -4.45923241e-01, -4.32338242e-01,  5.28902652e-02,  3.28769874e-01,
        2.77997085e-01, -1.11413448e-01, -3.77669660e-01,  4.38335510e-01,
        4.78157138e-01, -2.36806579e-01,  1.65619128e-01,  2.22792256e-01,
        2.92280093e-01,  4.65052701e-01, -1.11335747e-02,  8.79180860e-02,
       -1.53786428e-01,  9.22057626e-02, -2.08209116e-02,  2.27132136e-01,
        8.83548020e-03,  5.23195119e-03, -2.99662533e-01,  4.03580897e-01,
       -3.13719531e-01,  1.28460353e-01,  1.13645087e-02,  3.62951332e-01]) 

Generation: 86 
 - Generation Avg Fit: 764.2043241115058 
 - Best Fitness: 941.6734598980531 
 - Worst Fitness: 0.0
 - Best Solution: array([-1.70185948e-01, -2.82540954e-01,  3.01729415e-01, -3.34558319e-01,
        4.09410474e-01,  4.42632797e-01, -2.23607241e-01,  4.66723076e-01,
       -4.90095028e-01,  1.37076152e-01, -2.58741981e-01, -6.53658799e-04,
       -2.69179810e-01,  1.31691595e-01, -2.02954465e-02,  2.12827751e-01,
        1.79112081e-03, -4.29884678e-01,  4.49124671e-01,  1.08187311e-03,
       -2.92032366e-01,  2.50050287e-01, -3.34271859e-01,  1.91850963e-01,
       -2.90092715e-02, -4.61454902e-01,  4.64047382e-02,  2.96926971e-01,
        1.05354382e-01, -7.54311377e-02,  9.79546928e-02,  4.13936623e-01,
       -2.80279147e-04, -3.66886067e-01, -3.72871483e-02, -2.48345736e-01,
       -4.45923241e-01, -4.32338242e-01,  5.28902652e-02,  3.28769874e-01,
        2.77997085e-01, -1.11413448e-01, -3.77669660e-01,  4.38335510e-01,
        4.78157138e-01, -2.36806579e-01,  1.65619128e-01,  2.22792256e-01,
        2.92280093e-01,  4.65052701e-01, -1.11335747e-02,  8.79180860e-02,
       -1.53786428e-01,  9.22057626e-02, -2.08209116e-02,  2.27132136e-01,
        8.83548020e-03,  5.23195119e-03, -2.99662533e-01,  4.03580897e-01,
       -3.13719531e-01,  1.28460353e-01,  1.13645087e-02,  3.62951332e-01]) 

Generation: 87 
 - Generation Avg Fit: 768.801706715599 
 - Best Fitness: 941.6734598980531 
 - Worst Fitness: 0.0
 - Best Solution: array([-1.70185948e-01, -2.82540954e-01,  3.01729415e-01, -3.34558319e-01,
        4.09410474e-01,  4.42632797e-01, -2.23607241e-01,  4.66723076e-01,
       -4.90095028e-01,  1.37076152e-01, -2.58741981e-01, -6.53658799e-04,
       -2.69179810e-01,  1.31691595e-01, -2.02954465e-02,  2.12827751e-01,
        1.79112081e-03, -4.29884678e-01,  4.49124671e-01,  1.08187311e-03,
       -2.92032366e-01,  2.50050287e-01, -3.34271859e-01,  1.91850963e-01,
       -2.90092715e-02, -4.61454902e-01,  4.64047382e-02,  2.96926971e-01,
        1.05354382e-01, -7.54311377e-02,  9.79546928e-02,  4.13936623e-01,
       -2.80279147e-04, -3.66886067e-01, -3.72871483e-02, -2.48345736e-01,
       -4.45923241e-01, -4.32338242e-01,  5.28902652e-02,  3.28769874e-01,
        2.77997085e-01, -1.11413448e-01, -3.77669660e-01,  4.38335510e-01,
        4.78157138e-01, -2.36806579e-01,  1.65619128e-01,  2.22792256e-01,
        2.92280093e-01,  4.65052701e-01, -1.11335747e-02,  8.79180860e-02,
       -1.53786428e-01,  9.22057626e-02, -2.08209116e-02,  2.27132136e-01,
        8.83548020e-03,  5.23195119e-03, -2.99662533e-01,  4.03580897e-01,
       -3.13719531e-01,  1.28460353e-01,  1.13645087e-02,  3.62951332e-01]) 

Generation: 88 
 - Generation Avg Fit: 799.5846037833421 
 - Best Fitness: 941.6734598980531 
 - Worst Fitness: 0.0
 - Best Solution: array([-1.70185948e-01, -2.82540954e-01,  3.01729415e-01, -3.34558319e-01,
        4.09410474e-01,  4.42632797e-01, -2.23607241e-01,  4.66723076e-01,
       -4.90095028e-01,  1.37076152e-01, -2.58741981e-01, -6.53658799e-04,
       -2.69179810e-01,  1.31691595e-01, -2.02954465e-02,  2.12827751e-01,
        1.79112081e-03, -4.29884678e-01,  4.49124671e-01,  1.08187311e-03,
       -2.92032366e-01,  2.50050287e-01, -3.34271859e-01,  1.91850963e-01,
       -2.90092715e-02, -4.61454902e-01,  4.64047382e-02,  2.96926971e-01,
        1.05354382e-01, -7.54311377e-02,  9.79546928e-02,  4.13936623e-01,
       -2.80279147e-04, -3.66886067e-01, -3.72871483e-02, -2.48345736e-01,
       -4.45923241e-01, -4.32338242e-01,  5.28902652e-02,  3.28769874e-01,
        2.77997085e-01, -1.11413448e-01, -3.77669660e-01,  4.38335510e-01,
        4.78157138e-01, -2.36806579e-01,  1.65619128e-01,  2.22792256e-01,
        2.92280093e-01,  4.65052701e-01, -1.11335747e-02,  8.79180860e-02,
       -1.53786428e-01,  9.22057626e-02, -2.08209116e-02,  2.27132136e-01,
        8.83548020e-03,  5.23195119e-03, -2.99662533e-01,  4.03580897e-01,
       -3.13719531e-01,  1.28460353e-01,  1.13645087e-02,  3.62951332e-01]) 

Generation: 89 
 - Generation Avg Fit: 783.3268073536543 
 - Best Fitness: 941.6734598980531 
 - Worst Fitness: 0.0
 - Best Solution: array([-1.70185948e-01, -2.82540954e-01,  3.01729415e-01, -3.34558319e-01,
        4.09410474e-01,  4.42632797e-01, -2.23607241e-01,  4.66723076e-01,
       -4.90095028e-01,  1.37076152e-01, -2.58741981e-01, -6.53658799e-04,
       -2.69179810e-01,  1.31691595e-01, -2.02954465e-02,  2.12827751e-01,
        1.79112081e-03, -4.29884678e-01,  4.49124671e-01,  1.08187311e-03,
       -2.92032366e-01,  2.50050287e-01, -3.34271859e-01,  1.91850963e-01,
       -2.90092715e-02, -4.61454902e-01,  4.64047382e-02,  2.96926971e-01,
        1.05354382e-01, -7.54311377e-02,  9.79546928e-02,  4.13936623e-01,
       -2.80279147e-04, -3.66886067e-01, -3.72871483e-02, -2.48345736e-01,
       -4.45923241e-01, -4.32338242e-01,  5.28902652e-02,  3.28769874e-01,
        2.77997085e-01, -1.11413448e-01, -3.77669660e-01,  4.38335510e-01,
        4.78157138e-01, -2.36806579e-01,  1.65619128e-01,  2.22792256e-01,
        2.92280093e-01,  4.65052701e-01, -1.11335747e-02,  8.79180860e-02,
       -1.53786428e-01,  9.22057626e-02, -2.08209116e-02,  2.27132136e-01,
        8.83548020e-03,  5.23195119e-03, -2.99662533e-01,  4.03580897e-01,
       -3.13719531e-01,  1.28460353e-01,  1.13645087e-02,  3.62951332e-01]) 

Generation: 90 
 - Generation Avg Fit: 777.0094507874161 
 - Best Fitness: 941.6734598980531 
 - Worst Fitness: 0.0
 - Best Solution: array([-1.70185948e-01, -2.82540954e-01,  3.01729415e-01, -3.34558319e-01,
        4.09410474e-01,  4.42632797e-01, -2.23607241e-01,  4.66723076e-01,
       -4.90095028e-01,  1.37076152e-01, -2.58741981e-01, -6.53658799e-04,
       -2.69179810e-01,  1.31691595e-01, -2.02954465e-02,  2.12827751e-01,
        1.79112081e-03, -4.29884678e-01,  4.49124671e-01,  1.08187311e-03,
       -2.92032366e-01,  2.50050287e-01, -3.34271859e-01,  1.91850963e-01,
       -2.90092715e-02, -4.61454902e-01,  4.64047382e-02,  2.96926971e-01,
        1.05354382e-01, -7.54311377e-02,  9.79546928e-02,  4.13936623e-01,
       -2.80279147e-04, -3.66886067e-01, -3.72871483e-02, -2.48345736e-01,
       -4.45923241e-01, -4.32338242e-01,  5.28902652e-02,  3.28769874e-01,
        2.77997085e-01, -1.11413448e-01, -3.77669660e-01,  4.38335510e-01,
        4.78157138e-01, -2.36806579e-01,  1.65619128e-01,  2.22792256e-01,
        2.92280093e-01,  4.65052701e-01, -1.11335747e-02,  8.79180860e-02,
       -1.53786428e-01,  9.22057626e-02, -2.08209116e-02,  2.27132136e-01,
        8.83548020e-03,  5.23195119e-03, -2.99662533e-01,  4.03580897e-01,
       -3.13719531e-01,  1.28460353e-01,  1.13645087e-02,  3.62951332e-01]) 

Generation: 91 
 - Generation Avg Fit: 729.2774963969641 
 - Best Fitness: 941.6734598980531 
 - Worst Fitness: 0.0
 - Best Solution: array([-1.70185948e-01, -2.82540954e-01,  3.01729415e-01, -3.34558319e-01,
        4.09410474e-01,  4.42632797e-01, -2.23607241e-01,  4.66723076e-01,
       -4.90095028e-01,  1.37076152e-01, -2.58741981e-01, -6.53658799e-04,
       -2.69179810e-01,  1.31691595e-01, -2.02954465e-02,  2.12827751e-01,
        1.79112081e-03, -4.29884678e-01,  4.49124671e-01,  1.08187311e-03,
       -2.92032366e-01,  2.50050287e-01, -3.34271859e-01,  1.91850963e-01,
       -2.90092715e-02, -4.61454902e-01,  4.64047382e-02,  2.96926971e-01,
        1.05354382e-01, -7.54311377e-02,  9.79546928e-02,  4.13936623e-01,
       -2.80279147e-04, -3.66886067e-01, -3.72871483e-02, -2.48345736e-01,
       -4.45923241e-01, -4.32338242e-01,  5.28902652e-02,  3.28769874e-01,
        2.77997085e-01, -1.11413448e-01, -3.77669660e-01,  4.38335510e-01,
        4.78157138e-01, -2.36806579e-01,  1.65619128e-01,  2.22792256e-01,
        2.92280093e-01,  4.65052701e-01, -1.11335747e-02,  8.79180860e-02,
       -1.53786428e-01,  9.22057626e-02, -2.08209116e-02,  2.27132136e-01,
        8.83548020e-03,  5.23195119e-03, -2.99662533e-01,  4.03580897e-01,
       -3.13719531e-01,  1.28460353e-01,  1.13645087e-02,  3.62951332e-01]) 

Generation: 92 
 - Generation Avg Fit: 809.0683214831078 
 - Best Fitness: 941.6734598980531 
 - Worst Fitness: 0.0
 - Best Solution: array([-1.70185948e-01, -2.82540954e-01,  3.01729415e-01, -3.34558319e-01,
        4.09410474e-01,  4.42632797e-01, -2.23607241e-01,  4.66723076e-01,
       -4.90095028e-01,  1.37076152e-01, -2.58741981e-01, -6.53658799e-04,
       -2.69179810e-01,  1.31691595e-01, -2.02954465e-02,  2.12827751e-01,
        1.79112081e-03, -4.29884678e-01,  4.49124671e-01,  1.08187311e-03,
       -2.92032366e-01,  2.50050287e-01, -3.34271859e-01,  1.91850963e-01,
       -2.90092715e-02, -4.61454902e-01,  4.64047382e-02,  2.96926971e-01,
        1.05354382e-01, -7.54311377e-02,  9.79546928e-02,  4.13936623e-01,
       -2.80279147e-04, -3.66886067e-01, -3.72871483e-02, -2.48345736e-01,
       -4.45923241e-01, -4.32338242e-01,  5.28902652e-02,  3.28769874e-01,
        2.77997085e-01, -1.11413448e-01, -3.77669660e-01,  4.38335510e-01,
        4.78157138e-01, -2.36806579e-01,  1.65619128e-01,  2.22792256e-01,
        2.92280093e-01,  4.65052701e-01, -1.11335747e-02,  8.79180860e-02,
       -1.53786428e-01,  9.22057626e-02, -2.08209116e-02,  2.27132136e-01,
        8.83548020e-03,  5.23195119e-03, -2.99662533e-01,  4.03580897e-01,
       -3.13719531e-01,  1.28460353e-01,  1.13645087e-02,  3.62951332e-01]) 

Generation: 93 
 - Generation Avg Fit: 755.1588102153025 
 - Best Fitness: 941.6734598980531 
 - Worst Fitness: 0.0
 - Best Solution: array([-1.70185948e-01, -2.82540954e-01,  3.01729415e-01, -3.34558319e-01,
        4.09410474e-01,  4.42632797e-01, -2.23607241e-01,  4.66723076e-01,
       -4.90095028e-01,  1.37076152e-01, -2.58741981e-01, -6.53658799e-04,
       -2.69179810e-01,  1.31691595e-01, -2.02954465e-02,  2.12827751e-01,
        1.79112081e-03, -4.29884678e-01,  4.49124671e-01,  1.08187311e-03,
       -2.92032366e-01,  2.50050287e-01, -3.34271859e-01,  1.91850963e-01,
       -2.90092715e-02, -4.61454902e-01,  4.64047382e-02,  2.96926971e-01,
        1.05354382e-01, -7.54311377e-02,  9.79546928e-02,  4.13936623e-01,
       -2.80279147e-04, -3.66886067e-01, -3.72871483e-02, -2.48345736e-01,
       -4.45923241e-01, -4.32338242e-01,  5.28902652e-02,  3.28769874e-01,
        2.77997085e-01, -1.11413448e-01, -3.77669660e-01,  4.38335510e-01,
        4.78157138e-01, -2.36806579e-01,  1.65619128e-01,  2.22792256e-01,
        2.92280093e-01,  4.65052701e-01, -1.11335747e-02,  8.79180860e-02,
       -1.53786428e-01,  9.22057626e-02, -2.08209116e-02,  2.27132136e-01,
        8.83548020e-03,  5.23195119e-03, -2.99662533e-01,  4.03580897e-01,
       -3.13719531e-01,  1.28460353e-01,  1.13645087e-02,  3.62951332e-01]) 

Generation: 94 
 - Generation Avg Fit: 751.6399586163764 
 - Best Fitness: 941.6734598980531 
 - Worst Fitness: 0.0
 - Best Solution: array([-1.70185948e-01, -2.82540954e-01,  3.01729415e-01, -3.34558319e-01,
        4.09410474e-01,  4.42632797e-01, -2.23607241e-01,  4.66723076e-01,
       -4.90095028e-01,  1.37076152e-01, -2.58741981e-01, -6.53658799e-04,
       -2.69179810e-01,  1.31691595e-01, -2.02954465e-02,  2.12827751e-01,
        1.79112081e-03, -4.29884678e-01,  4.49124671e-01,  1.08187311e-03,
       -2.92032366e-01,  2.50050287e-01, -3.34271859e-01,  1.91850963e-01,
       -2.90092715e-02, -4.61454902e-01,  4.64047382e-02,  2.96926971e-01,
        1.05354382e-01, -7.54311377e-02,  9.79546928e-02,  4.13936623e-01,
       -2.80279147e-04, -3.66886067e-01, -3.72871483e-02, -2.48345736e-01,
       -4.45923241e-01, -4.32338242e-01,  5.28902652e-02,  3.28769874e-01,
        2.77997085e-01, -1.11413448e-01, -3.77669660e-01,  4.38335510e-01,
        4.78157138e-01, -2.36806579e-01,  1.65619128e-01,  2.22792256e-01,
        2.92280093e-01,  4.65052701e-01, -1.11335747e-02,  8.79180860e-02,
       -1.53786428e-01,  9.22057626e-02, -2.08209116e-02,  2.27132136e-01,
        8.83548020e-03,  5.23195119e-03, -2.99662533e-01,  4.03580897e-01,
       -3.13719531e-01,  1.28460353e-01,  1.13645087e-02,  3.62951332e-01]) 

Generation: 95 
 - Generation Avg Fit: 732.3694482326811 
 - Best Fitness: 941.6734598980531 
 - Worst Fitness: 0.0
 - Best Solution: array([-1.70185948e-01, -2.82540954e-01,  3.01729415e-01, -3.34558319e-01,
        4.09410474e-01,  4.42632797e-01, -2.23607241e-01,  4.66723076e-01,
       -4.90095028e-01,  1.37076152e-01, -2.58741981e-01, -6.53658799e-04,
       -2.69179810e-01,  1.31691595e-01, -2.02954465e-02,  2.12827751e-01,
        1.79112081e-03, -4.29884678e-01,  4.49124671e-01,  1.08187311e-03,
       -2.92032366e-01,  2.50050287e-01, -3.34271859e-01,  1.91850963e-01,
       -2.90092715e-02, -4.61454902e-01,  4.64047382e-02,  2.96926971e-01,
        1.05354382e-01, -7.54311377e-02,  9.79546928e-02,  4.13936623e-01,
       -2.80279147e-04, -3.66886067e-01, -3.72871483e-02, -2.48345736e-01,
       -4.45923241e-01, -4.32338242e-01,  5.28902652e-02,  3.28769874e-01,
        2.77997085e-01, -1.11413448e-01, -3.77669660e-01,  4.38335510e-01,
        4.78157138e-01, -2.36806579e-01,  1.65619128e-01,  2.22792256e-01,
        2.92280093e-01,  4.65052701e-01, -1.11335747e-02,  8.79180860e-02,
       -1.53786428e-01,  9.22057626e-02, -2.08209116e-02,  2.27132136e-01,
        8.83548020e-03,  5.23195119e-03, -2.99662533e-01,  4.03580897e-01,
       -3.13719531e-01,  1.28460353e-01,  1.13645087e-02,  3.62951332e-01]) 

Generation: 96 
 - Generation Avg Fit: 763.9574481330332 
 - Best Fitness: 941.6734598980531 
 - Worst Fitness: 0.0
 - Best Solution: array([-1.70185948e-01, -2.82540954e-01,  3.01729415e-01, -3.34558319e-01,
        4.09410474e-01,  4.42632797e-01, -2.23607241e-01,  4.66723076e-01,
       -4.90095028e-01,  1.37076152e-01, -2.58741981e-01, -6.53658799e-04,
       -2.69179810e-01,  1.31691595e-01, -2.02954465e-02,  2.12827751e-01,
        1.79112081e-03, -4.29884678e-01,  4.49124671e-01,  1.08187311e-03,
       -2.92032366e-01,  2.50050287e-01, -3.34271859e-01,  1.91850963e-01,
       -2.90092715e-02, -4.61454902e-01,  4.64047382e-02,  2.96926971e-01,
        1.05354382e-01, -7.54311377e-02,  9.79546928e-02,  4.13936623e-01,
       -2.80279147e-04, -3.66886067e-01, -3.72871483e-02, -2.48345736e-01,
       -4.45923241e-01, -4.32338242e-01,  5.28902652e-02,  3.28769874e-01,
        2.77997085e-01, -1.11413448e-01, -3.77669660e-01,  4.38335510e-01,
        4.78157138e-01, -2.36806579e-01,  1.65619128e-01,  2.22792256e-01,
        2.92280093e-01,  4.65052701e-01, -1.11335747e-02,  8.79180860e-02,
       -1.53786428e-01,  9.22057626e-02, -2.08209116e-02,  2.27132136e-01,
        8.83548020e-03,  5.23195119e-03, -2.99662533e-01,  4.03580897e-01,
       -3.13719531e-01,  1.28460353e-01,  1.13645087e-02,  3.62951332e-01]) 

Generation: 97 
 - Generation Avg Fit: 803.1499217282169 
 - Best Fitness: 941.6734598980531 
 - Worst Fitness: 0.0
 - Best Solution: array([-1.70185948e-01, -2.82540954e-01,  3.01729415e-01, -3.34558319e-01,
        4.09410474e-01,  4.42632797e-01, -2.23607241e-01,  4.66723076e-01,
       -4.90095028e-01,  1.37076152e-01, -2.58741981e-01, -6.53658799e-04,
       -2.69179810e-01,  1.31691595e-01, -2.02954465e-02,  2.12827751e-01,
        1.79112081e-03, -4.29884678e-01,  4.49124671e-01,  1.08187311e-03,
       -2.92032366e-01,  2.50050287e-01, -3.34271859e-01,  1.91850963e-01,
       -2.90092715e-02, -4.61454902e-01,  4.64047382e-02,  2.96926971e-01,
        1.05354382e-01, -7.54311377e-02,  9.79546928e-02,  4.13936623e-01,
       -2.80279147e-04, -3.66886067e-01, -3.72871483e-02, -2.48345736e-01,
       -4.45923241e-01, -4.32338242e-01,  5.28902652e-02,  3.28769874e-01,
        2.77997085e-01, -1.11413448e-01, -3.77669660e-01,  4.38335510e-01,
        4.78157138e-01, -2.36806579e-01,  1.65619128e-01,  2.22792256e-01,
        2.92280093e-01,  4.65052701e-01, -1.11335747e-02,  8.79180860e-02,
       -1.53786428e-01,  9.22057626e-02, -2.08209116e-02,  2.27132136e-01,
        8.83548020e-03,  5.23195119e-03, -2.99662533e-01,  4.03580897e-01,
       -3.13719531e-01,  1.28460353e-01,  1.13645087e-02,  3.62951332e-01]) 

Generation: 98 
 - Generation Avg Fit: 781.9128917637875 
 - Best Fitness: 941.6734598980531 
 - Worst Fitness: 0.0
 - Best Solution: array([-1.70185948e-01, -2.82540954e-01,  3.01729415e-01, -3.34558319e-01,
        4.09410474e-01,  4.42632797e-01, -2.23607241e-01,  4.66723076e-01,
       -4.90095028e-01,  1.37076152e-01, -2.58741981e-01, -6.53658799e-04,
       -2.69179810e-01,  1.31691595e-01, -2.02954465e-02,  2.12827751e-01,
        1.79112081e-03, -4.29884678e-01,  4.49124671e-01,  1.08187311e-03,
       -2.92032366e-01,  2.50050287e-01, -3.34271859e-01,  1.91850963e-01,
       -2.90092715e-02, -4.61454902e-01,  4.64047382e-02,  2.96926971e-01,
        1.05354382e-01, -7.54311377e-02,  9.79546928e-02,  4.13936623e-01,
       -2.80279147e-04, -3.66886067e-01, -3.72871483e-02, -2.48345736e-01,
       -4.45923241e-01, -4.32338242e-01,  5.28902652e-02,  3.28769874e-01,
        2.77997085e-01, -1.11413448e-01, -3.77669660e-01,  4.38335510e-01,
        4.78157138e-01, -2.36806579e-01,  1.65619128e-01,  2.22792256e-01,
        2.92280093e-01,  4.65052701e-01, -1.11335747e-02,  8.79180860e-02,
       -1.53786428e-01,  9.22057626e-02, -2.08209116e-02,  2.27132136e-01,
        8.83548020e-03,  5.23195119e-03, -2.99662533e-01,  4.03580897e-01,
       -3.13719531e-01,  1.28460353e-01,  1.13645087e-02,  3.62951332e-01]) 

Generation: 99 
 - Generation Avg Fit: 767.6307988618887 
 - Best Fitness: 941.6734598980531 
 - Worst Fitness: 0.0
 - Best Solution: array([-1.70185948e-01, -2.82540954e-01,  3.01729415e-01, -3.34558319e-01,
        4.09410474e-01,  4.42632797e-01, -2.23607241e-01,  4.66723076e-01,
       -4.90095028e-01,  1.37076152e-01, -2.58741981e-01, -6.53658799e-04,
       -2.69179810e-01,  1.31691595e-01, -2.02954465e-02,  2.12827751e-01,
        1.79112081e-03, -4.29884678e-01,  4.49124671e-01,  1.08187311e-03,
       -2.92032366e-01,  2.50050287e-01, -3.34271859e-01,  1.91850963e-01,
       -2.90092715e-02, -4.61454902e-01,  4.64047382e-02,  2.96926971e-01,
        1.05354382e-01, -7.54311377e-02,  9.79546928e-02,  4.13936623e-01,
       -2.80279147e-04, -3.66886067e-01, -3.72871483e-02, -2.48345736e-01,
       -4.45923241e-01, -4.32338242e-01,  5.28902652e-02,  3.28769874e-01,
        2.77997085e-01, -1.11413448e-01, -3.77669660e-01,  4.38335510e-01,
        4.78157138e-01, -2.36806579e-01,  1.65619128e-01,  2.22792256e-01,
        2.92280093e-01,  4.65052701e-01, -1.11335747e-02,  8.79180860e-02,
       -1.53786428e-01,  9.22057626e-02, -2.08209116e-02,  2.27132136e-01,
        8.83548020e-03,  5.23195119e-03, -2.99662533e-01,  4.03580897e-01,
       -3.13719531e-01,  1.28460353e-01,  1.13645087e-02,  3.62951332e-01]) 

Generation: 100 
 - Generation Avg Fit: 770.9323848415625 
 - Best Fitness: 941.6734598980531 
 - Worst Fitness: 0.0
 - Best Solution: array([-1.70185948e-01, -2.82540954e-01,  3.01729415e-01, -3.34558319e-01,
        4.09410474e-01,  4.42632797e-01, -2.23607241e-01,  4.66723076e-01,
       -4.90095028e-01,  1.37076152e-01, -2.58741981e-01, -6.53658799e-04,
       -2.69179810e-01,  1.31691595e-01, -2.02954465e-02,  2.12827751e-01,
        1.79112081e-03, -4.29884678e-01,  4.49124671e-01,  1.08187311e-03,
       -2.92032366e-01,  2.50050287e-01, -3.34271859e-01,  1.91850963e-01,
       -2.90092715e-02, -4.61454902e-01,  4.64047382e-02,  2.96926971e-01,
        1.05354382e-01, -7.54311377e-02,  9.79546928e-02,  4.13936623e-01,
       -2.80279147e-04, -3.66886067e-01, -3.72871483e-02, -2.48345736e-01,
       -4.45923241e-01, -4.32338242e-01,  5.28902652e-02,  3.28769874e-01,
        2.77997085e-01, -1.11413448e-01, -3.77669660e-01,  4.38335510e-01,
        4.78157138e-01, -2.36806579e-01,  1.65619128e-01,  2.22792256e-01,
        2.92280093e-01,  4.65052701e-01, -1.11335747e-02,  8.79180860e-02,
       -1.53786428e-01,  9.22057626e-02, -2.08209116e-02,  2.27132136e-01,
        8.83548020e-03,  5.23195119e-03, -2.99662533e-01,  4.03580897e-01,
       -3.13719531e-01,  1.28460353e-01,  1.13645087e-02,  3.62951332e-01]) 
