
-------------------------------------------------------------------------------------------------------
                                --- Method Parameters ---                                            
-------------------------------------------------------------------------------------------------------

method: PyGAD, entity: hydrostat_reservoir, volume: 30, sim_duration: 100, dt: 0.05, 
fitness_func: pygad_fitness, pop_size: 200, gen_size: 100, weight_search: 0.5, 

-------------------------------------------------------------------------------------------------------
                                --- Pygad  Parameters ---                                            
-------------------------------------------------------------------------------------------------------

parent_selection_type: rank, parents mating: 100, keep parents: 100, crossover type: uniform, 
mutation type: random, mutation prob: 0.5, mutation_max_val: 0.01, mutation_min_val: -0.01, 

=======================================================================================================


Generation: 1 
 - Generation Avg Fit: 155.46738144743307 
 - Best Fitness: 621.2091646835438 
 - Worst Fitness: 0.0
 - Best Solution: array([0., 0., 0., 0., 0., 0., 0., 0., 0., 0., 0., 0., 0., 0., 0., 0., 0.,
       0., 0., 0., 0., 0., 0., 0., 0., 0., 0., 0., 0., 0., 0., 0., 0., 0.,
       0., 0., 0., 0., 0., 0., 0., 0., 0., 0., 0., 0., 0., 0., 0., 0., 0.,
       0., 0., 0., 0., 0., 0., 0., 0., 0., 0., 0., 0., 0.]) 

Generation: 2 
 - Generation Avg Fit: 198.38570267738135 
 - Best Fitness: 680.7318291352327 
 - Worst Fitness: 0.0
 - Best Solution: array([-9.23452726e-02,  2.09223863e-01, -3.86880808e-01,  4.79086346e-01,
       -5.76906469e-02,  4.35989114e-04,  1.41026924e-01,  4.50619410e-01,
        2.42524293e-01,  1.54476295e-01,  2.05690480e-01, -4.05704390e-01,
       -2.29072091e-01,  4.99095231e-02, -1.29975920e-01, -2.19431022e-01,
       -4.52583477e-01,  9.68678630e-02, -3.63842176e-01, -8.37537755e-02,
       -2.27273039e-01, -7.59013956e-02, -4.99643991e-01, -7.30677537e-02,
        5.86032230e-02,  3.23130441e-01,  2.52674655e-02, -3.01881287e-01,
        3.14861181e-01, -2.80037203e-01, -3.53196197e-01,  4.17785475e-01,
       -3.53181082e-01, -2.27768571e-01, -8.68740663e-02,  2.95753054e-01,
       -1.71109743e-01, -4.44353185e-01, -7.86371192e-05, -6.07624894e-02,
        4.71057707e-01, -1.84515711e-01,  1.78911172e-01, -3.64508764e-01,
       -2.16158953e-01, -1.43917722e-01,  2.74482821e-01, -1.00595737e-01,
       -3.29871468e-01,  2.82051097e-01,  2.56345350e-01, -8.09995978e-02,
        8.40929589e-02, -2.73166742e-01, -4.51445750e-01,  3.65366223e-01,
        2.76014742e-01, -4.21496235e-01, -5.83518976e-03, -1.89363001e-01,
        1.04414013e-01,  1.61106560e-01,  2.65776610e-01,  5.72025002e-02]) 

Generation: 3 
 - Generation Avg Fit: 237.27486029210232 
 - Best Fitness: 680.7318291352327 
 - Worst Fitness: 0.0
 - Best Solution: array([ 0.22276256, -0.48303576, -0.06318445,  0.37322279,  0.2371854 ,
       -0.22551742, -0.17841763, -0.46354384,  0.36984345, -0.33144361,
       -0.24745308, -0.02337493,  0.02518359, -0.0314051 ,  0.05560601,
       -0.47201691, -0.19490903,  0.48804682, -0.30077465,  0.05718131,
       -0.39449495, -0.28828966,  0.20093873,  0.23358054, -0.18903798,
        0.49787954,  0.05359902,  0.02119767, -0.0886167 ,  0.07514779,
        0.11938006, -0.13701167,  0.48244001, -0.41628594,  0.45554783,
        0.01733415, -0.25442963,  0.47237824,  0.3220698 , -0.26337515,
        0.13958511, -0.07130117, -0.1180516 ,  0.04361144,  0.38489511,
        0.00964354, -0.32967641, -0.32267446,  0.35951149, -0.2501875 ,
       -0.45709692,  0.2380826 ,  0.13135047,  0.07113266,  0.17006884,
       -0.02910716, -0.02791432, -0.23046794,  0.25544122,  0.21017425,
        0.31570985,  0.12619934, -0.01283624,  0.13228599]) 

Generation: 4 
 - Generation Avg Fit: 256.38450790786396 
 - Best Fitness: 680.7318291352327 
 - Worst Fitness: 0.0
 - Best Solution: array([ 0.42765935,  0.10084463, -0.44723915, -0.10408366, -0.22673403,
       -0.33931619, -0.30353322,  0.08557251, -0.45337836,  0.29236006,
       -0.10131985,  0.17589187, -0.14578322,  0.3530312 , -0.00530474,
        0.46120123, -0.05891763,  0.07952548, -0.38885103, -0.47057711,
        0.32355561, -0.27647407, -0.26395054,  0.4043409 , -0.16706052,
       -0.05306181, -0.01663688, -0.41213756, -0.33646613,  0.26658821,
        0.2390391 ,  0.34547694,  0.142842  ,  0.04658479,  0.48955704,
        0.02385238, -0.07403711,  0.20826114,  0.27145284, -0.03903977,
        0.0883472 , -0.20099078,  0.16203099, -0.11188331, -0.24281202,
       -0.35063425, -0.20130538,  0.31688203, -0.06426838,  0.43319165,
       -0.2648966 ,  0.20041085,  0.06681219, -0.20595937,  0.37221113,
       -0.01578673, -0.49273287, -0.13789143, -0.45122614,  0.41166131,
       -0.22683132,  0.26574198, -0.10110155,  0.30114617]) 

Generation: 5 
 - Generation Avg Fit: 257.76360547080725 
 - Best Fitness: 680.7318291352327 
 - Worst Fitness: 0.0
 - Best Solution: array([ 0.42765935,  0.10084463, -0.44723915, -0.10408366, -0.22673403,
       -0.33931619, -0.30353322,  0.08557251, -0.45337836,  0.29236006,
       -0.10131985,  0.17589187, -0.14578322,  0.3530312 , -0.00530474,
        0.46120123, -0.05891763,  0.07952548, -0.38885103, -0.47057711,
        0.32355561, -0.27647407, -0.26395054,  0.4043409 , -0.16706052,
       -0.05306181, -0.01663688, -0.41213756, -0.33646613,  0.26658821,
        0.2390391 ,  0.34547694,  0.142842  ,  0.04658479,  0.48955704,
        0.02385238, -0.07403711,  0.20826114,  0.27145284, -0.03903977,
        0.0883472 , -0.20099078,  0.16203099, -0.11188331, -0.24281202,
       -0.35063425, -0.20130538,  0.31688203, -0.06426838,  0.43319165,
       -0.2648966 ,  0.20041085,  0.06681219, -0.20595937,  0.37221113,
       -0.01578673, -0.49273287, -0.13789143, -0.45122614,  0.41166131,
       -0.22683132,  0.26574198, -0.10110155,  0.30114617]) 

Generation: 6 
 - Generation Avg Fit: 268.43742914976514 
 - Best Fitness: 680.7318291352327 
 - Worst Fitness: 0.0
 - Best Solution: array([ 0.42765935,  0.10084463, -0.44723915, -0.10408366, -0.22673403,
       -0.33931619, -0.30353322,  0.08557251, -0.45337836,  0.29236006,
       -0.10131985,  0.17589187, -0.14578322,  0.3530312 , -0.00530474,
        0.46120123, -0.05891763,  0.07952548, -0.38885103, -0.47057711,
        0.32355561, -0.27647407, -0.26395054,  0.4043409 , -0.16706052,
       -0.05306181, -0.01663688, -0.41213756, -0.33646613,  0.26658821,
        0.2390391 ,  0.34547694,  0.142842  ,  0.04658479,  0.48955704,
        0.02385238, -0.07403711,  0.20826114,  0.27145284, -0.03903977,
        0.0883472 , -0.20099078,  0.16203099, -0.11188331, -0.24281202,
       -0.35063425, -0.20130538,  0.31688203, -0.06426838,  0.43319165,
       -0.2648966 ,  0.20041085,  0.06681219, -0.20595937,  0.37221113,
       -0.01578673, -0.49273287, -0.13789143, -0.45122614,  0.41166131,
       -0.22683132,  0.26574198, -0.10110155,  0.30114617]) 

Generation: 7 
 - Generation Avg Fit: 268.95371581408455 
 - Best Fitness: 680.7318291352327 
 - Worst Fitness: 0.0
 - Best Solution: array([ 0.42765935,  0.10084463, -0.44723915, -0.10408366, -0.22673403,
       -0.33931619, -0.30353322,  0.08557251, -0.45337836,  0.29236006,
       -0.10131985,  0.17589187, -0.14578322,  0.3530312 , -0.00530474,
        0.46120123, -0.05891763,  0.07952548, -0.38885103, -0.47057711,
        0.32355561, -0.27647407, -0.26395054,  0.4043409 , -0.16706052,
       -0.05306181, -0.01663688, -0.41213756, -0.33646613,  0.26658821,
        0.2390391 ,  0.34547694,  0.142842  ,  0.04658479,  0.48955704,
        0.02385238, -0.07403711,  0.20826114,  0.27145284, -0.03903977,
        0.0883472 , -0.20099078,  0.16203099, -0.11188331, -0.24281202,
       -0.35063425, -0.20130538,  0.31688203, -0.06426838,  0.43319165,
       -0.2648966 ,  0.20041085,  0.06681219, -0.20595937,  0.37221113,
       -0.01578673, -0.49273287, -0.13789143, -0.45122614,  0.41166131,
       -0.22683132,  0.26574198, -0.10110155,  0.30114617]) 

Generation: 8 
 - Generation Avg Fit: 278.694664936246 
 - Best Fitness: 755.6386512914511 
 - Worst Fitness: 0.0
 - Best Solution: array([-0.37163606, -0.35148344, -0.19619827,  0.4648934 , -0.07077478,
        0.4770062 ,  0.36552943,  0.22624028,  0.02270694,  0.11502994,
        0.28125915,  0.20862627, -0.22538318, -0.44148118,  0.17313419,
       -0.09104322,  0.01186468, -0.27512095,  0.25492316, -0.37080487,
       -0.45343705, -0.34629861,  0.40389668, -0.33956339, -0.16447339,
       -0.06972947, -0.36277048,  0.08857018,  0.14112065,  0.38745207,
       -0.3761825 , -0.17105637, -0.2041581 ,  0.25991802, -0.13163143,
        0.29933454, -0.27009179,  0.054245  ,  0.48995959, -0.31268447,
        0.47915006, -0.12086856, -0.47068787, -0.05516612,  0.35585702,
        0.06893028,  0.2077016 , -0.2469248 , -0.06107178,  0.1426683 ,
       -0.4379412 , -0.35603337, -0.03626728, -0.41093088,  0.16014294,
       -0.02422798, -0.0329279 ,  0.14180997, -0.31366064, -0.36240161,
        0.25333912,  0.23125237, -0.3064778 , -0.03553102]) 

Generation: 9 
 - Generation Avg Fit: 291.8192760080617 
 - Best Fitness: 755.6386512914511 
 - Worst Fitness: 0.0
 - Best Solution: array([ 0.42765935,  0.10084463, -0.44723915, -0.10408366, -0.22673403,
       -0.33931619, -0.30353322,  0.08557251, -0.45337836,  0.29236006,
       -0.10131985,  0.17589187, -0.14578322,  0.3530312 , -0.00530474,
        0.46120123, -0.05891763,  0.07952548, -0.38885103, -0.47057711,
        0.32355561, -0.27647407, -0.26395054,  0.4043409 , -0.16706052,
       -0.05306181, -0.01663688, -0.41213756, -0.33646613,  0.26658821,
        0.2390391 ,  0.34547694,  0.142842  ,  0.04658479,  0.48955704,
        0.02385238, -0.07403711,  0.20826114,  0.27145284, -0.03903977,
        0.0883472 , -0.20099078,  0.16203099, -0.11188331, -0.24281202,
       -0.35063425, -0.20130538,  0.31688203, -0.06426838,  0.43319165,
       -0.2648966 ,  0.20041085,  0.06681219, -0.20595937,  0.37221113,
       -0.01578673, -0.49273287, -0.13789143, -0.45122614,  0.41166131,
       -0.22683132,  0.26574198, -0.10110155,  0.30114617]) 

Generation: 10 
 - Generation Avg Fit: 285.9346183755774 
 - Best Fitness: 755.6386512914511 
 - Worst Fitness: 0.0
 - Best Solution: array([-0.37163606, -0.35148344, -0.19619827,  0.4648934 , -0.07077478,
        0.4770062 ,  0.36552943,  0.22624028,  0.02270694,  0.11502994,
        0.28125915,  0.20862627, -0.22538318, -0.44148118,  0.17313419,
       -0.09104322,  0.01186468, -0.27512095,  0.25492316, -0.37080487,
       -0.45343705, -0.34629861,  0.40389668, -0.33956339, -0.16447339,
       -0.06972947, -0.36277048,  0.08857018,  0.14112065,  0.38745207,
       -0.3761825 , -0.17105637, -0.2041581 ,  0.25991802, -0.13163143,
        0.29933454, -0.27009179,  0.054245  ,  0.48995959, -0.31268447,
        0.47915006, -0.12086856, -0.47068787, -0.05516612,  0.35585702,
        0.06893028,  0.2077016 , -0.2469248 , -0.06107178,  0.1426683 ,
       -0.4379412 , -0.35603337, -0.03626728, -0.41093088,  0.16014294,
       -0.02422798, -0.0329279 ,  0.14180997, -0.31366064, -0.36240161,
        0.25333912,  0.23125237, -0.3064778 , -0.03553102]) 

Generation: 11 
 - Generation Avg Fit: 302.4041707688228 
 - Best Fitness: 755.6386512914511 
 - Worst Fitness: 0.0
 - Best Solution: array([-0.37163606, -0.35148344, -0.19619827,  0.4648934 , -0.07077478,
        0.4770062 ,  0.36552943,  0.22624028,  0.02270694,  0.11502994,
        0.28125915,  0.20862627, -0.22538318, -0.44148118,  0.17313419,
       -0.09104322,  0.01186468, -0.27512095,  0.25492316, -0.37080487,
       -0.45343705, -0.34629861,  0.40389668, -0.33956339, -0.16447339,
       -0.06972947, -0.36277048,  0.08857018,  0.14112065,  0.38745207,
       -0.3761825 , -0.17105637, -0.2041581 ,  0.25991802, -0.13163143,
        0.29933454, -0.27009179,  0.054245  ,  0.48995959, -0.31268447,
        0.47915006, -0.12086856, -0.47068787, -0.05516612,  0.35585702,
        0.06893028,  0.2077016 , -0.2469248 , -0.06107178,  0.1426683 ,
       -0.4379412 , -0.35603337, -0.03626728, -0.41093088,  0.16014294,
       -0.02422798, -0.0329279 ,  0.14180997, -0.31366064, -0.36240161,
        0.25333912,  0.23125237, -0.3064778 , -0.03553102]) 

Generation: 12 
 - Generation Avg Fit: 298.43418858085005 
 - Best Fitness: 755.6386512914511 
 - Worst Fitness: 0.0
 - Best Solution: array([-0.37163606, -0.35148344, -0.19619827,  0.4648934 , -0.07077478,
        0.4770062 ,  0.36552943,  0.22624028,  0.02270694,  0.11502994,
        0.28125915,  0.20862627, -0.22538318, -0.44148118,  0.17313419,
       -0.09104322,  0.01186468, -0.27512095,  0.25492316, -0.37080487,
       -0.45343705, -0.34629861,  0.40389668, -0.33956339, -0.16447339,
       -0.06972947, -0.36277048,  0.08857018,  0.14112065,  0.38745207,
       -0.3761825 , -0.17105637, -0.2041581 ,  0.25991802, -0.13163143,
        0.29933454, -0.27009179,  0.054245  ,  0.48995959, -0.31268447,
        0.47915006, -0.12086856, -0.47068787, -0.05516612,  0.35585702,
        0.06893028,  0.2077016 , -0.2469248 , -0.06107178,  0.1426683 ,
       -0.4379412 , -0.35603337, -0.03626728, -0.41093088,  0.16014294,
       -0.02422798, -0.0329279 ,  0.14180997, -0.31366064, -0.36240161,
        0.25333912,  0.23125237, -0.3064778 , -0.03553102]) 

Generation: 13 
 - Generation Avg Fit: 312.72981646514535 
 - Best Fitness: 755.6386512914511 
 - Worst Fitness: 0.0
 - Best Solution: array([-0.37163606, -0.35148344, -0.19619827,  0.4648934 , -0.07077478,
        0.4770062 ,  0.36552943,  0.22624028,  0.02270694,  0.11502994,
        0.28125915,  0.20862627, -0.22538318, -0.44148118,  0.17313419,
       -0.09104322,  0.01186468, -0.27512095,  0.25492316, -0.37080487,
       -0.45343705, -0.34629861,  0.40389668, -0.33956339, -0.16447339,
       -0.06972947, -0.36277048,  0.08857018,  0.14112065,  0.38745207,
       -0.3761825 , -0.17105637, -0.2041581 ,  0.25991802, -0.13163143,
        0.29933454, -0.27009179,  0.054245  ,  0.48995959, -0.31268447,
        0.47915006, -0.12086856, -0.47068787, -0.05516612,  0.35585702,
        0.06893028,  0.2077016 , -0.2469248 , -0.06107178,  0.1426683 ,
       -0.4379412 , -0.35603337, -0.03626728, -0.41093088,  0.16014294,
       -0.02422798, -0.0329279 ,  0.14180997, -0.31366064, -0.36240161,
        0.25333912,  0.23125237, -0.3064778 , -0.03553102]) 

Generation: 14 
 - Generation Avg Fit: 298.4414316919738 
 - Best Fitness: 755.6386512914511 
 - Worst Fitness: 0.0
 - Best Solution: array([-0.37163606, -0.35148344, -0.19619827,  0.4648934 , -0.07077478,
        0.4770062 ,  0.36552943,  0.22624028,  0.02270694,  0.11502994,
        0.28125915,  0.20862627, -0.22538318, -0.44148118,  0.17313419,
       -0.09104322,  0.01186468, -0.27512095,  0.25492316, -0.37080487,
       -0.45343705, -0.34629861,  0.40389668, -0.33956339, -0.16447339,
       -0.06972947, -0.36277048,  0.08857018,  0.14112065,  0.38745207,
       -0.3761825 , -0.17105637, -0.2041581 ,  0.25991802, -0.13163143,
        0.29933454, -0.27009179,  0.054245  ,  0.48995959, -0.31268447,
        0.47915006, -0.12086856, -0.47068787, -0.05516612,  0.35585702,
        0.06893028,  0.2077016 , -0.2469248 , -0.06107178,  0.1426683 ,
       -0.4379412 , -0.35603337, -0.03626728, -0.41093088,  0.16014294,
       -0.02422798, -0.0329279 ,  0.14180997, -0.31366064, -0.36240161,
        0.25333912,  0.23125237, -0.3064778 , -0.03553102]) 

Generation: 15 
 - Generation Avg Fit: 309.0559221627505 
 - Best Fitness: 755.6386512914511 
 - Worst Fitness: 0.0
 - Best Solution: array([-0.37163606, -0.35148344, -0.19619827,  0.4648934 , -0.07077478,
        0.4770062 ,  0.36552943,  0.22624028,  0.02270694,  0.11502994,
        0.28125915,  0.20862627, -0.22538318, -0.44148118,  0.17313419,
       -0.09104322,  0.01186468, -0.27512095,  0.25492316, -0.37080487,
       -0.45343705, -0.34629861,  0.40389668, -0.33956339, -0.16447339,
       -0.06972947, -0.36277048,  0.08857018,  0.14112065,  0.38745207,
       -0.3761825 , -0.17105637, -0.2041581 ,  0.25991802, -0.13163143,
        0.29933454, -0.27009179,  0.054245  ,  0.48995959, -0.31268447,
        0.47915006, -0.12086856, -0.47068787, -0.05516612,  0.35585702,
        0.06893028,  0.2077016 , -0.2469248 , -0.06107178,  0.1426683 ,
       -0.4379412 , -0.35603337, -0.03626728, -0.41093088,  0.16014294,
       -0.02422798, -0.0329279 ,  0.14180997, -0.31366064, -0.36240161,
        0.25333912,  0.23125237, -0.3064778 , -0.03553102]) 

Generation: 16 
 - Generation Avg Fit: 317.33224613533343 
 - Best Fitness: 755.6386512914511 
 - Worst Fitness: 0.0
 - Best Solution: array([-0.37163606, -0.35148344, -0.19619827,  0.4648934 , -0.07077478,
        0.4770062 ,  0.36552943,  0.22624028,  0.02270694,  0.11502994,
        0.28125915,  0.20862627, -0.22538318, -0.44148118,  0.17313419,
       -0.09104322,  0.01186468, -0.27512095,  0.25492316, -0.37080487,
       -0.45343705, -0.34629861,  0.40389668, -0.33956339, -0.16447339,
       -0.06972947, -0.36277048,  0.08857018,  0.14112065,  0.38745207,
       -0.3761825 , -0.17105637, -0.2041581 ,  0.25991802, -0.13163143,
        0.29933454, -0.27009179,  0.054245  ,  0.48995959, -0.31268447,
        0.47915006, -0.12086856, -0.47068787, -0.05516612,  0.35585702,
        0.06893028,  0.2077016 , -0.2469248 , -0.06107178,  0.1426683 ,
       -0.4379412 , -0.35603337, -0.03626728, -0.41093088,  0.16014294,
       -0.02422798, -0.0329279 ,  0.14180997, -0.31366064, -0.36240161,
        0.25333912,  0.23125237, -0.3064778 , -0.03553102]) 

Generation: 17 
 - Generation Avg Fit: 315.67242082120487 
 - Best Fitness: 755.6386512914511 
 - Worst Fitness: 0.0
 - Best Solution: array([-0.37163606, -0.35148344, -0.19619827,  0.4648934 , -0.07077478,
        0.4770062 ,  0.36552943,  0.22624028,  0.02270694,  0.11502994,
        0.28125915,  0.20862627, -0.22538318, -0.44148118,  0.17313419,
       -0.09104322,  0.01186468, -0.27512095,  0.25492316, -0.37080487,
       -0.45343705, -0.34629861,  0.40389668, -0.33956339, -0.16447339,
       -0.06972947, -0.36277048,  0.08857018,  0.14112065,  0.38745207,
       -0.3761825 , -0.17105637, -0.2041581 ,  0.25991802, -0.13163143,
        0.29933454, -0.27009179,  0.054245  ,  0.48995959, -0.31268447,
        0.47915006, -0.12086856, -0.47068787, -0.05516612,  0.35585702,
        0.06893028,  0.2077016 , -0.2469248 , -0.06107178,  0.1426683 ,
       -0.4379412 , -0.35603337, -0.03626728, -0.41093088,  0.16014294,
       -0.02422798, -0.0329279 ,  0.14180997, -0.31366064, -0.36240161,
        0.25333912,  0.23125237, -0.3064778 , -0.03553102]) 

Generation: 18 
 - Generation Avg Fit: 330.64413752103576 
 - Best Fitness: 755.6386512914511 
 - Worst Fitness: 0.0
 - Best Solution: array([-0.37163606, -0.35148344, -0.19619827,  0.4648934 , -0.07077478,
        0.4770062 ,  0.36552943,  0.22624028,  0.02270694,  0.11502994,
        0.28125915,  0.20862627, -0.22538318, -0.44148118,  0.17313419,
       -0.09104322,  0.01186468, -0.27512095,  0.25492316, -0.37080487,
       -0.45343705, -0.34629861,  0.40389668, -0.33956339, -0.16447339,
       -0.06972947, -0.36277048,  0.08857018,  0.14112065,  0.38745207,
       -0.3761825 , -0.17105637, -0.2041581 ,  0.25991802, -0.13163143,
        0.29933454, -0.27009179,  0.054245  ,  0.48995959, -0.31268447,
        0.47915006, -0.12086856, -0.47068787, -0.05516612,  0.35585702,
        0.06893028,  0.2077016 , -0.2469248 , -0.06107178,  0.1426683 ,
       -0.4379412 , -0.35603337, -0.03626728, -0.41093088,  0.16014294,
       -0.02422798, -0.0329279 ,  0.14180997, -0.31366064, -0.36240161,
        0.25333912,  0.23125237, -0.3064778 , -0.03553102]) 

Generation: 19 
 - Generation Avg Fit: 325.5171635807855 
 - Best Fitness: 755.6386512914511 
 - Worst Fitness: 0.0
 - Best Solution: array([-0.37163606, -0.35148344, -0.19619827,  0.4648934 , -0.07077478,
        0.4770062 ,  0.36552943,  0.22624028,  0.02270694,  0.11502994,
        0.28125915,  0.20862627, -0.22538318, -0.44148118,  0.17313419,
       -0.09104322,  0.01186468, -0.27512095,  0.25492316, -0.37080487,
       -0.45343705, -0.34629861,  0.40389668, -0.33956339, -0.16447339,
       -0.06972947, -0.36277048,  0.08857018,  0.14112065,  0.38745207,
       -0.3761825 , -0.17105637, -0.2041581 ,  0.25991802, -0.13163143,
        0.29933454, -0.27009179,  0.054245  ,  0.48995959, -0.31268447,
        0.47915006, -0.12086856, -0.47068787, -0.05516612,  0.35585702,
        0.06893028,  0.2077016 , -0.2469248 , -0.06107178,  0.1426683 ,
       -0.4379412 , -0.35603337, -0.03626728, -0.41093088,  0.16014294,
       -0.02422798, -0.0329279 ,  0.14180997, -0.31366064, -0.36240161,
        0.25333912,  0.23125237, -0.3064778 , -0.03553102]) 

Generation: 20 
 - Generation Avg Fit: 333.0123783766193 
 - Best Fitness: 755.6386512914511 
 - Worst Fitness: 0.0
 - Best Solution: array([-0.37163606, -0.35148344, -0.19619827,  0.4648934 , -0.07077478,
        0.4770062 ,  0.36552943,  0.22624028,  0.02270694,  0.11502994,
        0.28125915,  0.20862627, -0.22538318, -0.44148118,  0.17313419,
       -0.09104322,  0.01186468, -0.27512095,  0.25492316, -0.37080487,
       -0.45343705, -0.34629861,  0.40389668, -0.33956339, -0.16447339,
       -0.06972947, -0.36277048,  0.08857018,  0.14112065,  0.38745207,
       -0.3761825 , -0.17105637, -0.2041581 ,  0.25991802, -0.13163143,
        0.29933454, -0.27009179,  0.054245  ,  0.48995959, -0.31268447,
        0.47915006, -0.12086856, -0.47068787, -0.05516612,  0.35585702,
        0.06893028,  0.2077016 , -0.2469248 , -0.06107178,  0.1426683 ,
       -0.4379412 , -0.35603337, -0.03626728, -0.41093088,  0.16014294,
       -0.02422798, -0.0329279 ,  0.14180997, -0.31366064, -0.36240161,
        0.25333912,  0.23125237, -0.3064778 , -0.03553102]) 

Generation: 21 
 - Generation Avg Fit: 336.70881140161566 
 - Best Fitness: 755.6386512914511 
 - Worst Fitness: 0.0
 - Best Solution: array([-0.37163606, -0.35148344, -0.19619827,  0.4648934 , -0.07077478,
        0.4770062 ,  0.36552943,  0.22624028,  0.02270694,  0.11502994,
        0.28125915,  0.20862627, -0.22538318, -0.44148118,  0.17313419,
       -0.09104322,  0.01186468, -0.27512095,  0.25492316, -0.37080487,
       -0.45343705, -0.34629861,  0.40389668, -0.33956339, -0.16447339,
       -0.06972947, -0.36277048,  0.08857018,  0.14112065,  0.38745207,
       -0.3761825 , -0.17105637, -0.2041581 ,  0.25991802, -0.13163143,
        0.29933454, -0.27009179,  0.054245  ,  0.48995959, -0.31268447,
        0.47915006, -0.12086856, -0.47068787, -0.05516612,  0.35585702,
        0.06893028,  0.2077016 , -0.2469248 , -0.06107178,  0.1426683 ,
       -0.4379412 , -0.35603337, -0.03626728, -0.41093088,  0.16014294,
       -0.02422798, -0.0329279 ,  0.14180997, -0.31366064, -0.36240161,
        0.25333912,  0.23125237, -0.3064778 , -0.03553102]) 

Generation: 22 
 - Generation Avg Fit: 341.3376070902925 
 - Best Fitness: 755.6386512914511 
 - Worst Fitness: 0.0
 - Best Solution: array([-0.37163606, -0.35148344, -0.19619827,  0.4648934 , -0.07077478,
        0.4770062 ,  0.36552943,  0.22624028,  0.02270694,  0.11502994,
        0.28125915,  0.20862627, -0.22538318, -0.44148118,  0.17313419,
       -0.09104322,  0.01186468, -0.27512095,  0.25492316, -0.37080487,
       -0.45343705, -0.34629861,  0.40389668, -0.33956339, -0.16447339,
       -0.06972947, -0.36277048,  0.08857018,  0.14112065,  0.38745207,
       -0.3761825 , -0.17105637, -0.2041581 ,  0.25991802, -0.13163143,
        0.29933454, -0.27009179,  0.054245  ,  0.48995959, -0.31268447,
        0.47915006, -0.12086856, -0.47068787, -0.05516612,  0.35585702,
        0.06893028,  0.2077016 , -0.2469248 , -0.06107178,  0.1426683 ,
       -0.4379412 , -0.35603337, -0.03626728, -0.41093088,  0.16014294,
       -0.02422798, -0.0329279 ,  0.14180997, -0.31366064, -0.36240161,
        0.25333912,  0.23125237, -0.3064778 , -0.03553102]) 

Generation: 23 
 - Generation Avg Fit: 324.7028803508863 
 - Best Fitness: 755.6386512914511 
 - Worst Fitness: 0.0
 - Best Solution: array([-0.37163606, -0.35148344, -0.19619827,  0.4648934 , -0.07077478,
        0.4770062 ,  0.36552943,  0.22624028,  0.02270694,  0.11502994,
        0.28125915,  0.20862627, -0.22538318, -0.44148118,  0.17313419,
       -0.09104322,  0.01186468, -0.27512095,  0.25492316, -0.37080487,
       -0.45343705, -0.34629861,  0.40389668, -0.33956339, -0.16447339,
       -0.06972947, -0.36277048,  0.08857018,  0.14112065,  0.38745207,
       -0.3761825 , -0.17105637, -0.2041581 ,  0.25991802, -0.13163143,
        0.29933454, -0.27009179,  0.054245  ,  0.48995959, -0.31268447,
        0.47915006, -0.12086856, -0.47068787, -0.05516612,  0.35585702,
        0.06893028,  0.2077016 , -0.2469248 , -0.06107178,  0.1426683 ,
       -0.4379412 , -0.35603337, -0.03626728, -0.41093088,  0.16014294,
       -0.02422798, -0.0329279 ,  0.14180997, -0.31366064, -0.36240161,
        0.25333912,  0.23125237, -0.3064778 , -0.03553102]) 

Generation: 24 
 - Generation Avg Fit: 334.87421310052775 
 - Best Fitness: 755.6386512914511 
 - Worst Fitness: 0.0
 - Best Solution: array([-0.37163606, -0.35148344, -0.19619827,  0.4648934 , -0.07077478,
        0.4770062 ,  0.36552943,  0.22624028,  0.02270694,  0.11502994,
        0.28125915,  0.20862627, -0.22538318, -0.44148118,  0.17313419,
       -0.09104322,  0.01186468, -0.27512095,  0.25492316, -0.37080487,
       -0.45343705, -0.34629861,  0.40389668, -0.33956339, -0.16447339,
       -0.06972947, -0.36277048,  0.08857018,  0.14112065,  0.38745207,
       -0.3761825 , -0.17105637, -0.2041581 ,  0.25991802, -0.13163143,
        0.29933454, -0.27009179,  0.054245  ,  0.48995959, -0.31268447,
        0.47915006, -0.12086856, -0.47068787, -0.05516612,  0.35585702,
        0.06893028,  0.2077016 , -0.2469248 , -0.06107178,  0.1426683 ,
       -0.4379412 , -0.35603337, -0.03626728, -0.41093088,  0.16014294,
       -0.02422798, -0.0329279 ,  0.14180997, -0.31366064, -0.36240161,
        0.25333912,  0.23125237, -0.3064778 , -0.03553102]) 

Generation: 25 
 - Generation Avg Fit: 327.228643174014 
 - Best Fitness: 755.6386512914511 
 - Worst Fitness: 0.0
 - Best Solution: array([-0.37163606, -0.35148344, -0.19619827,  0.4648934 , -0.07077478,
        0.4770062 ,  0.36552943,  0.22624028,  0.02270694,  0.11502994,
        0.28125915,  0.20862627, -0.22538318, -0.44148118,  0.17313419,
       -0.09104322,  0.01186468, -0.27512095,  0.25492316, -0.37080487,
       -0.45343705, -0.34629861,  0.40389668, -0.33956339, -0.16447339,
       -0.06972947, -0.36277048,  0.08857018,  0.14112065,  0.38745207,
       -0.3761825 , -0.17105637, -0.2041581 ,  0.25991802, -0.13163143,
        0.29933454, -0.27009179,  0.054245  ,  0.48995959, -0.31268447,
        0.47915006, -0.12086856, -0.47068787, -0.05516612,  0.35585702,
        0.06893028,  0.2077016 , -0.2469248 , -0.06107178,  0.1426683 ,
       -0.4379412 , -0.35603337, -0.03626728, -0.41093088,  0.16014294,
       -0.02422798, -0.0329279 ,  0.14180997, -0.31366064, -0.36240161,
        0.25333912,  0.23125237, -0.3064778 , -0.03553102]) 

Generation: 26 
 - Generation Avg Fit: 333.5102926963814 
 - Best Fitness: 755.6386512914511 
 - Worst Fitness: 0.0
 - Best Solution: array([-0.37163606, -0.35148344, -0.19619827,  0.4648934 , -0.07077478,
        0.4770062 ,  0.36552943,  0.22624028,  0.02270694,  0.11502994,
        0.28125915,  0.20862627, -0.22538318, -0.44148118,  0.17313419,
       -0.09104322,  0.01186468, -0.27512095,  0.25492316, -0.37080487,
       -0.45343705, -0.34629861,  0.40389668, -0.33956339, -0.16447339,
       -0.06972947, -0.36277048,  0.08857018,  0.14112065,  0.38745207,
       -0.3761825 , -0.17105637, -0.2041581 ,  0.25991802, -0.13163143,
        0.29933454, -0.27009179,  0.054245  ,  0.48995959, -0.31268447,
        0.47915006, -0.12086856, -0.47068787, -0.05516612,  0.35585702,
        0.06893028,  0.2077016 , -0.2469248 , -0.06107178,  0.1426683 ,
       -0.4379412 , -0.35603337, -0.03626728, -0.41093088,  0.16014294,
       -0.02422798, -0.0329279 ,  0.14180997, -0.31366064, -0.36240161,
        0.25333912,  0.23125237, -0.3064778 , -0.03553102]) 

Generation: 27 
 - Generation Avg Fit: 337.4252000131765 
 - Best Fitness: 755.6386512914511 
 - Worst Fitness: 0.0
 - Best Solution: array([-0.37163606, -0.35148344, -0.19619827,  0.4648934 , -0.07077478,
        0.4770062 ,  0.36552943,  0.22624028,  0.02270694,  0.11502994,
        0.28125915,  0.20862627, -0.22538318, -0.44148118,  0.17313419,
       -0.09104322,  0.01186468, -0.27512095,  0.25492316, -0.37080487,
       -0.45343705, -0.34629861,  0.40389668, -0.33956339, -0.16447339,
       -0.06972947, -0.36277048,  0.08857018,  0.14112065,  0.38745207,
       -0.3761825 , -0.17105637, -0.2041581 ,  0.25991802, -0.13163143,
        0.29933454, -0.27009179,  0.054245  ,  0.48995959, -0.31268447,
        0.47915006, -0.12086856, -0.47068787, -0.05516612,  0.35585702,
        0.06893028,  0.2077016 , -0.2469248 , -0.06107178,  0.1426683 ,
       -0.4379412 , -0.35603337, -0.03626728, -0.41093088,  0.16014294,
       -0.02422798, -0.0329279 ,  0.14180997, -0.31366064, -0.36240161,
        0.25333912,  0.23125237, -0.3064778 , -0.03553102]) 

Generation: 28 
 - Generation Avg Fit: 352.9504448134119 
 - Best Fitness: 811.0148717482859 
 - Worst Fitness: 0.0
 - Best Solution: array([ 4.67573264e-01, -7.77123453e-02,  3.60058398e-01,  3.68196206e-01,
        3.82911357e-01,  1.77245452e-01, -1.95604394e-01,  3.87670905e-01,
       -1.09183795e-01,  4.11953903e-01,  3.66359228e-01, -3.44100767e-04,
       -3.13951842e-01,  3.68399464e-01,  1.19352807e-01,  4.65172495e-01,
       -2.82686141e-02,  2.75479240e-01, -3.87652182e-01, -6.66856931e-03,
        7.90836574e-02, -3.23026116e-01,  4.46913025e-01, -3.25048893e-01,
       -1.36000955e-01,  2.68595395e-01, -4.70988499e-01, -1.23098250e-01,
       -3.33126899e-01,  3.47660247e-01, -1.74822351e-02,  9.33153279e-02,
       -1.94662852e-01,  1.03488323e-01,  9.83097616e-02,  2.35523837e-02,
        2.47601944e-01, -2.58008416e-01, -8.04467920e-02,  4.59733475e-01,
       -4.24967324e-01, -2.26251102e-01,  3.22280873e-02,  4.26391962e-01,
        2.72651889e-01, -4.42657457e-01, -4.71857417e-01, -1.42408536e-01,
       -3.72758746e-01,  1.48913533e-01, -2.07856278e-01, -4.07486591e-01,
        4.03531153e-01, -4.54607874e-01, -9.04178289e-02, -4.30734729e-02,
       -9.95850561e-02,  4.40553770e-01,  1.40122865e-01, -7.85112205e-02,
       -1.76634446e-01,  3.34166215e-01, -2.18053989e-01, -2.12705202e-01]) 

Generation: 29 
 - Generation Avg Fit: 357.1287977473816 
 - Best Fitness: 833.2721579697076 
 - Worst Fitness: 0.0
 - Best Solution: array([ 0.44013024,  0.48134137, -0.43224367,  0.01814448, -0.06276953,
        0.3688452 , -0.09983676, -0.34886146,  0.14034966, -0.22608678,
       -0.19366229,  0.22172959,  0.09285421,  0.01277095,  0.3399357 ,
        0.11858097, -0.26464556, -0.15493581,  0.44227653,  0.04100523,
        0.4436778 , -0.22587126,  0.27292742,  0.41981936, -0.3892237 ,
       -0.44033322,  0.44980086, -0.27711245, -0.33613143, -0.17775694,
       -0.38210455, -0.1169814 ,  0.4499717 ,  0.09381465,  0.17141832,
       -0.47561446, -0.32020501, -0.25973142,  0.21953693, -0.27437639,
        0.10010729,  0.47836853,  0.16034289, -0.18817902, -0.06457263,
        0.02005123,  0.10641224, -0.1346839 ,  0.2898536 , -0.23872163,
        0.29250616,  0.23533414, -0.34090562,  0.40445807, -0.11865646,
       -0.02362001,  0.18975105, -0.16849101, -0.11519917, -0.18701949,
        0.43352041, -0.17599939, -0.21167409, -0.33301114]) 

Generation: 30 
 - Generation Avg Fit: 351.53112686673046 
 - Best Fitness: 833.2721579697076 
 - Worst Fitness: 0.0
 - Best Solution: array([ 4.67573264e-01, -7.77123453e-02,  3.60058398e-01,  3.68196206e-01,
        3.82911357e-01,  1.77245452e-01, -1.95604394e-01,  3.87670905e-01,
       -1.09183795e-01,  4.11953903e-01,  3.66359228e-01, -3.44100767e-04,
       -3.13951842e-01,  3.68399464e-01,  1.19352807e-01,  4.65172495e-01,
       -2.82686141e-02,  2.75479240e-01, -3.87652182e-01, -6.66856931e-03,
        7.90836574e-02, -3.23026116e-01,  4.46913025e-01, -3.25048893e-01,
       -1.36000955e-01,  2.68595395e-01, -4.70988499e-01, -1.23098250e-01,
       -3.33126899e-01,  3.47660247e-01, -1.74822351e-02,  9.33153279e-02,
       -1.94662852e-01,  1.03488323e-01,  9.83097616e-02,  2.35523837e-02,
        2.47601944e-01, -2.58008416e-01, -8.04467920e-02,  4.59733475e-01,
       -4.24967324e-01, -2.26251102e-01,  3.22280873e-02,  4.26391962e-01,
        2.72651889e-01, -4.42657457e-01, -4.71857417e-01, -1.42408536e-01,
       -3.72758746e-01,  1.48913533e-01, -2.07856278e-01, -4.07486591e-01,
        4.03531153e-01, -4.54607874e-01, -9.04178289e-02, -4.30734729e-02,
       -9.95850561e-02,  4.40553770e-01,  1.40122865e-01, -7.85112205e-02,
       -1.76634446e-01,  3.34166215e-01, -2.18053989e-01, -2.12705202e-01]) 

Generation: 31 
 - Generation Avg Fit: 353.6913137642217 
 - Best Fitness: 833.2721579697076 
 - Worst Fitness: 0.0
 - Best Solution: array([ 0.44013024,  0.48134137, -0.43224367,  0.01814448, -0.06276953,
        0.3688452 , -0.09983676, -0.34886146,  0.14034966, -0.22608678,
       -0.19366229,  0.22172959,  0.09285421,  0.01277095,  0.3399357 ,
        0.11858097, -0.26464556, -0.15493581,  0.44227653,  0.04100523,
        0.4436778 , -0.22587126,  0.27292742,  0.41981936, -0.3892237 ,
       -0.44033322,  0.44980086, -0.27711245, -0.33613143, -0.17775694,
       -0.38210455, -0.1169814 ,  0.4499717 ,  0.09381465,  0.17141832,
       -0.47561446, -0.32020501, -0.25973142,  0.21953693, -0.27437639,
        0.10010729,  0.47836853,  0.16034289, -0.18817902, -0.06457263,
        0.02005123,  0.10641224, -0.1346839 ,  0.2898536 , -0.23872163,
        0.29250616,  0.23533414, -0.34090562,  0.40445807, -0.11865646,
       -0.02362001,  0.18975105, -0.16849101, -0.11519917, -0.18701949,
        0.43352041, -0.17599939, -0.21167409, -0.33301114]) 

Generation: 32 
 - Generation Avg Fit: 346.32496116757517 
 - Best Fitness: 833.2721579697076 
 - Worst Fitness: 0.0
 - Best Solution: array([ 0.44013024,  0.48134137, -0.43224367,  0.01814448, -0.06276953,
        0.3688452 , -0.09983676, -0.34886146,  0.14034966, -0.22608678,
       -0.19366229,  0.22172959,  0.09285421,  0.01277095,  0.3399357 ,
        0.11858097, -0.26464556, -0.15493581,  0.44227653,  0.04100523,
        0.4436778 , -0.22587126,  0.27292742,  0.41981936, -0.3892237 ,
       -0.44033322,  0.44980086, -0.27711245, -0.33613143, -0.17775694,
       -0.38210455, -0.1169814 ,  0.4499717 ,  0.09381465,  0.17141832,
       -0.47561446, -0.32020501, -0.25973142,  0.21953693, -0.27437639,
        0.10010729,  0.47836853,  0.16034289, -0.18817902, -0.06457263,
        0.02005123,  0.10641224, -0.1346839 ,  0.2898536 , -0.23872163,
        0.29250616,  0.23533414, -0.34090562,  0.40445807, -0.11865646,
       -0.02362001,  0.18975105, -0.16849101, -0.11519917, -0.18701949,
        0.43352041, -0.17599939, -0.21167409, -0.33301114]) 

Generation: 33 
 - Generation Avg Fit: 350.56361586243713 
 - Best Fitness: 833.2721579697076 
 - Worst Fitness: 0.0
 - Best Solution: array([ 0.44013024,  0.48134137, -0.43224367,  0.01814448, -0.06276953,
        0.3688452 , -0.09983676, -0.34886146,  0.14034966, -0.22608678,
       -0.19366229,  0.22172959,  0.09285421,  0.01277095,  0.3399357 ,
        0.11858097, -0.26464556, -0.15493581,  0.44227653,  0.04100523,
        0.4436778 , -0.22587126,  0.27292742,  0.41981936, -0.3892237 ,
       -0.44033322,  0.44980086, -0.27711245, -0.33613143, -0.17775694,
       -0.38210455, -0.1169814 ,  0.4499717 ,  0.09381465,  0.17141832,
       -0.47561446, -0.32020501, -0.25973142,  0.21953693, -0.27437639,
        0.10010729,  0.47836853,  0.16034289, -0.18817902, -0.06457263,
        0.02005123,  0.10641224, -0.1346839 ,  0.2898536 , -0.23872163,
        0.29250616,  0.23533414, -0.34090562,  0.40445807, -0.11865646,
       -0.02362001,  0.18975105, -0.16849101, -0.11519917, -0.18701949,
        0.43352041, -0.17599939, -0.21167409, -0.33301114]) 

Generation: 34 
 - Generation Avg Fit: 357.7767088626668 
 - Best Fitness: 833.2721579697076 
 - Worst Fitness: 0.0
 - Best Solution: array([ 0.44013024,  0.48134137, -0.43224367,  0.01814448, -0.06276953,
        0.3688452 , -0.09983676, -0.34886146,  0.14034966, -0.22608678,
       -0.19366229,  0.22172959,  0.09285421,  0.01277095,  0.3399357 ,
        0.11858097, -0.26464556, -0.15493581,  0.44227653,  0.04100523,
        0.4436778 , -0.22587126,  0.27292742,  0.41981936, -0.3892237 ,
       -0.44033322,  0.44980086, -0.27711245, -0.33613143, -0.17775694,
       -0.38210455, -0.1169814 ,  0.4499717 ,  0.09381465,  0.17141832,
       -0.47561446, -0.32020501, -0.25973142,  0.21953693, -0.27437639,
        0.10010729,  0.47836853,  0.16034289, -0.18817902, -0.06457263,
        0.02005123,  0.10641224, -0.1346839 ,  0.2898536 , -0.23872163,
        0.29250616,  0.23533414, -0.34090562,  0.40445807, -0.11865646,
       -0.02362001,  0.18975105, -0.16849101, -0.11519917, -0.18701949,
        0.43352041, -0.17599939, -0.21167409, -0.33301114]) 

Generation: 35 
 - Generation Avg Fit: 347.712608080773 
 - Best Fitness: 833.2721579697076 
 - Worst Fitness: 0.0
 - Best Solution: array([ 0.44013024,  0.48134137, -0.43224367,  0.01814448, -0.06276953,
        0.3688452 , -0.09983676, -0.34886146,  0.14034966, -0.22608678,
       -0.19366229,  0.22172959,  0.09285421,  0.01277095,  0.3399357 ,
        0.11858097, -0.26464556, -0.15493581,  0.44227653,  0.04100523,
        0.4436778 , -0.22587126,  0.27292742,  0.41981936, -0.3892237 ,
       -0.44033322,  0.44980086, -0.27711245, -0.33613143, -0.17775694,
       -0.38210455, -0.1169814 ,  0.4499717 ,  0.09381465,  0.17141832,
       -0.47561446, -0.32020501, -0.25973142,  0.21953693, -0.27437639,
        0.10010729,  0.47836853,  0.16034289, -0.18817902, -0.06457263,
        0.02005123,  0.10641224, -0.1346839 ,  0.2898536 , -0.23872163,
        0.29250616,  0.23533414, -0.34090562,  0.40445807, -0.11865646,
       -0.02362001,  0.18975105, -0.16849101, -0.11519917, -0.18701949,
        0.43352041, -0.17599939, -0.21167409, -0.33301114]) 

Generation: 36 
 - Generation Avg Fit: 365.29365254856674 
 - Best Fitness: 833.2721579697076 
 - Worst Fitness: 0.0
 - Best Solution: array([ 0.44013024,  0.48134137, -0.43224367,  0.01814448, -0.06276953,
        0.3688452 , -0.09983676, -0.34886146,  0.14034966, -0.22608678,
       -0.19366229,  0.22172959,  0.09285421,  0.01277095,  0.3399357 ,
        0.11858097, -0.26464556, -0.15493581,  0.44227653,  0.04100523,
        0.4436778 , -0.22587126,  0.27292742,  0.41981936, -0.3892237 ,
       -0.44033322,  0.44980086, -0.27711245, -0.33613143, -0.17775694,
       -0.38210455, -0.1169814 ,  0.4499717 ,  0.09381465,  0.17141832,
       -0.47561446, -0.32020501, -0.25973142,  0.21953693, -0.27437639,
        0.10010729,  0.47836853,  0.16034289, -0.18817902, -0.06457263,
        0.02005123,  0.10641224, -0.1346839 ,  0.2898536 , -0.23872163,
        0.29250616,  0.23533414, -0.34090562,  0.40445807, -0.11865646,
       -0.02362001,  0.18975105, -0.16849101, -0.11519917, -0.18701949,
        0.43352041, -0.17599939, -0.21167409, -0.33301114]) 

Generation: 37 
 - Generation Avg Fit: 348.887889551914 
 - Best Fitness: 833.2721579697076 
 - Worst Fitness: 0.0
 - Best Solution: array([ 0.44013024,  0.48134137, -0.43224367,  0.01814448, -0.06276953,
        0.3688452 , -0.09983676, -0.34886146,  0.14034966, -0.22608678,
       -0.19366229,  0.22172959,  0.09285421,  0.01277095,  0.3399357 ,
        0.11858097, -0.26464556, -0.15493581,  0.44227653,  0.04100523,
        0.4436778 , -0.22587126,  0.27292742,  0.41981936, -0.3892237 ,
       -0.44033322,  0.44980086, -0.27711245, -0.33613143, -0.17775694,
       -0.38210455, -0.1169814 ,  0.4499717 ,  0.09381465,  0.17141832,
       -0.47561446, -0.32020501, -0.25973142,  0.21953693, -0.27437639,
        0.10010729,  0.47836853,  0.16034289, -0.18817902, -0.06457263,
        0.02005123,  0.10641224, -0.1346839 ,  0.2898536 , -0.23872163,
        0.29250616,  0.23533414, -0.34090562,  0.40445807, -0.11865646,
       -0.02362001,  0.18975105, -0.16849101, -0.11519917, -0.18701949,
        0.43352041, -0.17599939, -0.21167409, -0.33301114]) 

Generation: 38 
 - Generation Avg Fit: 383.26732156514504 
 - Best Fitness: 833.2721579697076 
 - Worst Fitness: 0.0
 - Best Solution: array([ 0.44013024,  0.48134137, -0.43224367,  0.01814448, -0.06276953,
        0.3688452 , -0.09983676, -0.34886146,  0.14034966, -0.22608678,
       -0.19366229,  0.22172959,  0.09285421,  0.01277095,  0.3399357 ,
        0.11858097, -0.26464556, -0.15493581,  0.44227653,  0.04100523,
        0.4436778 , -0.22587126,  0.27292742,  0.41981936, -0.3892237 ,
       -0.44033322,  0.44980086, -0.27711245, -0.33613143, -0.17775694,
       -0.38210455, -0.1169814 ,  0.4499717 ,  0.09381465,  0.17141832,
       -0.47561446, -0.32020501, -0.25973142,  0.21953693, -0.27437639,
        0.10010729,  0.47836853,  0.16034289, -0.18817902, -0.06457263,
        0.02005123,  0.10641224, -0.1346839 ,  0.2898536 , -0.23872163,
        0.29250616,  0.23533414, -0.34090562,  0.40445807, -0.11865646,
       -0.02362001,  0.18975105, -0.16849101, -0.11519917, -0.18701949,
        0.43352041, -0.17599939, -0.21167409, -0.33301114]) 

Generation: 39 
 - Generation Avg Fit: 369.0929371771419 
 - Best Fitness: 833.2721579697076 
 - Worst Fitness: 0.0
 - Best Solution: array([ 0.44013024,  0.48134137, -0.43224367,  0.01814448, -0.06276953,
        0.3688452 , -0.09983676, -0.34886146,  0.14034966, -0.22608678,
       -0.19366229,  0.22172959,  0.09285421,  0.01277095,  0.3399357 ,
        0.11858097, -0.26464556, -0.15493581,  0.44227653,  0.04100523,
        0.4436778 , -0.22587126,  0.27292742,  0.41981936, -0.3892237 ,
       -0.44033322,  0.44980086, -0.27711245, -0.33613143, -0.17775694,
       -0.38210455, -0.1169814 ,  0.4499717 ,  0.09381465,  0.17141832,
       -0.47561446, -0.32020501, -0.25973142,  0.21953693, -0.27437639,
        0.10010729,  0.47836853,  0.16034289, -0.18817902, -0.06457263,
        0.02005123,  0.10641224, -0.1346839 ,  0.2898536 , -0.23872163,
        0.29250616,  0.23533414, -0.34090562,  0.40445807, -0.11865646,
       -0.02362001,  0.18975105, -0.16849101, -0.11519917, -0.18701949,
        0.43352041, -0.17599939, -0.21167409, -0.33301114]) 

Generation: 40 
 - Generation Avg Fit: 364.4555320665077 
 - Best Fitness: 833.2721579697076 
 - Worst Fitness: 0.0
 - Best Solution: array([ 0.44013024,  0.48134137, -0.43224367,  0.01814448, -0.06276953,
        0.3688452 , -0.09983676, -0.34886146,  0.14034966, -0.22608678,
       -0.19366229,  0.22172959,  0.09285421,  0.01277095,  0.3399357 ,
        0.11858097, -0.26464556, -0.15493581,  0.44227653,  0.04100523,
        0.4436778 , -0.22587126,  0.27292742,  0.41981936, -0.3892237 ,
       -0.44033322,  0.44980086, -0.27711245, -0.33613143, -0.17775694,
       -0.38210455, -0.1169814 ,  0.4499717 ,  0.09381465,  0.17141832,
       -0.47561446, -0.32020501, -0.25973142,  0.21953693, -0.27437639,
        0.10010729,  0.47836853,  0.16034289, -0.18817902, -0.06457263,
        0.02005123,  0.10641224, -0.1346839 ,  0.2898536 , -0.23872163,
        0.29250616,  0.23533414, -0.34090562,  0.40445807, -0.11865646,
       -0.02362001,  0.18975105, -0.16849101, -0.11519917, -0.18701949,
        0.43352041, -0.17599939, -0.21167409, -0.33301114]) 

Generation: 41 
 - Generation Avg Fit: 363.0795926353929 
 - Best Fitness: 833.2721579697076 
 - Worst Fitness: 0.0
 - Best Solution: array([ 0.44013024,  0.48134137, -0.43224367,  0.01814448, -0.06276953,
        0.3688452 , -0.09983676, -0.34886146,  0.14034966, -0.22608678,
       -0.19366229,  0.22172959,  0.09285421,  0.01277095,  0.3399357 ,
        0.11858097, -0.26464556, -0.15493581,  0.44227653,  0.04100523,
        0.4436778 , -0.22587126,  0.27292742,  0.41981936, -0.3892237 ,
       -0.44033322,  0.44980086, -0.27711245, -0.33613143, -0.17775694,
       -0.38210455, -0.1169814 ,  0.4499717 ,  0.09381465,  0.17141832,
       -0.47561446, -0.32020501, -0.25973142,  0.21953693, -0.27437639,
        0.10010729,  0.47836853,  0.16034289, -0.18817902, -0.06457263,
        0.02005123,  0.10641224, -0.1346839 ,  0.2898536 , -0.23872163,
        0.29250616,  0.23533414, -0.34090562,  0.40445807, -0.11865646,
       -0.02362001,  0.18975105, -0.16849101, -0.11519917, -0.18701949,
        0.43352041, -0.17599939, -0.21167409, -0.33301114]) 

Generation: 42 
 - Generation Avg Fit: 378.2271718950011 
 - Best Fitness: 833.2721579697076 
 - Worst Fitness: 0.0
 - Best Solution: array([ 0.44013024,  0.48134137, -0.43224367,  0.01814448, -0.06276953,
        0.3688452 , -0.09983676, -0.34886146,  0.14034966, -0.22608678,
       -0.19366229,  0.22172959,  0.09285421,  0.01277095,  0.3399357 ,
        0.11858097, -0.26464556, -0.15493581,  0.44227653,  0.04100523,
        0.4436778 , -0.22587126,  0.27292742,  0.41981936, -0.3892237 ,
       -0.44033322,  0.44980086, -0.27711245, -0.33613143, -0.17775694,
       -0.38210455, -0.1169814 ,  0.4499717 ,  0.09381465,  0.17141832,
       -0.47561446, -0.32020501, -0.25973142,  0.21953693, -0.27437639,
        0.10010729,  0.47836853,  0.16034289, -0.18817902, -0.06457263,
        0.02005123,  0.10641224, -0.1346839 ,  0.2898536 , -0.23872163,
        0.29250616,  0.23533414, -0.34090562,  0.40445807, -0.11865646,
       -0.02362001,  0.18975105, -0.16849101, -0.11519917, -0.18701949,
        0.43352041, -0.17599939, -0.21167409, -0.33301114]) 

Generation: 43 
 - Generation Avg Fit: 381.8210518663442 
 - Best Fitness: 833.2721579697076 
 - Worst Fitness: 0.0
 - Best Solution: array([ 0.44013024,  0.48134137, -0.43224367,  0.01814448, -0.06276953,
        0.3688452 , -0.09983676, -0.34886146,  0.14034966, -0.22608678,
       -0.19366229,  0.22172959,  0.09285421,  0.01277095,  0.3399357 ,
        0.11858097, -0.26464556, -0.15493581,  0.44227653,  0.04100523,
        0.4436778 , -0.22587126,  0.27292742,  0.41981936, -0.3892237 ,
       -0.44033322,  0.44980086, -0.27711245, -0.33613143, -0.17775694,
       -0.38210455, -0.1169814 ,  0.4499717 ,  0.09381465,  0.17141832,
       -0.47561446, -0.32020501, -0.25973142,  0.21953693, -0.27437639,
        0.10010729,  0.47836853,  0.16034289, -0.18817902, -0.06457263,
        0.02005123,  0.10641224, -0.1346839 ,  0.2898536 , -0.23872163,
        0.29250616,  0.23533414, -0.34090562,  0.40445807, -0.11865646,
       -0.02362001,  0.18975105, -0.16849101, -0.11519917, -0.18701949,
        0.43352041, -0.17599939, -0.21167409, -0.33301114]) 

Generation: 44 
 - Generation Avg Fit: 370.56741512578867 
 - Best Fitness: 833.2721579697076 
 - Worst Fitness: 0.0
 - Best Solution: array([ 0.44013024,  0.48134137, -0.43224367,  0.01814448, -0.06276953,
        0.3688452 , -0.09983676, -0.34886146,  0.14034966, -0.22608678,
       -0.19366229,  0.22172959,  0.09285421,  0.01277095,  0.3399357 ,
        0.11858097, -0.26464556, -0.15493581,  0.44227653,  0.04100523,
        0.4436778 , -0.22587126,  0.27292742,  0.41981936, -0.3892237 ,
       -0.44033322,  0.44980086, -0.27711245, -0.33613143, -0.17775694,
       -0.38210455, -0.1169814 ,  0.4499717 ,  0.09381465,  0.17141832,
       -0.47561446, -0.32020501, -0.25973142,  0.21953693, -0.27437639,
        0.10010729,  0.47836853,  0.16034289, -0.18817902, -0.06457263,
        0.02005123,  0.10641224, -0.1346839 ,  0.2898536 , -0.23872163,
        0.29250616,  0.23533414, -0.34090562,  0.40445807, -0.11865646,
       -0.02362001,  0.18975105, -0.16849101, -0.11519917, -0.18701949,
        0.43352041, -0.17599939, -0.21167409, -0.33301114]) 

Generation: 45 
 - Generation Avg Fit: 394.91867022608744 
 - Best Fitness: 833.2721579697076 
 - Worst Fitness: 0.0
 - Best Solution: array([ 0.44013024,  0.48134137, -0.43224367,  0.01814448, -0.06276953,
        0.3688452 , -0.09983676, -0.34886146,  0.14034966, -0.22608678,
       -0.19366229,  0.22172959,  0.09285421,  0.01277095,  0.3399357 ,
        0.11858097, -0.26464556, -0.15493581,  0.44227653,  0.04100523,
        0.4436778 , -0.22587126,  0.27292742,  0.41981936, -0.3892237 ,
       -0.44033322,  0.44980086, -0.27711245, -0.33613143, -0.17775694,
       -0.38210455, -0.1169814 ,  0.4499717 ,  0.09381465,  0.17141832,
       -0.47561446, -0.32020501, -0.25973142,  0.21953693, -0.27437639,
        0.10010729,  0.47836853,  0.16034289, -0.18817902, -0.06457263,
        0.02005123,  0.10641224, -0.1346839 ,  0.2898536 , -0.23872163,
        0.29250616,  0.23533414, -0.34090562,  0.40445807, -0.11865646,
       -0.02362001,  0.18975105, -0.16849101, -0.11519917, -0.18701949,
        0.43352041, -0.17599939, -0.21167409, -0.33301114]) 

Generation: 46 
 - Generation Avg Fit: 379.9412076762474 
 - Best Fitness: 882.8831438686743 
 - Worst Fitness: 0.0
 - Best Solution: array([ 0.4256242 , -0.09202762, -0.46986262,  0.37832361,  0.31767093,
        0.36724244,  0.36453485, -0.35025031, -0.16815687, -0.20916053,
       -0.06354577, -0.27681086,  0.01823404,  0.47976276,  0.35004805,
        0.17189128,  0.39566361,  0.08805301, -0.30387975, -0.09333607,
       -0.38894988, -0.27645533,  0.43338424,  0.03083436,  0.14770856,
       -0.33144603,  0.21246929, -0.32982742, -0.08802596, -0.4847252 ,
       -0.16041674, -0.17343987, -0.20516611, -0.27648925,  0.18586   ,
        0.33077343,  0.22858817,  0.21481677,  0.45872553, -0.31775637,
       -0.09543525, -0.14106686,  0.1542985 ,  0.30274486, -0.33148286,
       -0.10845115,  0.19870549,  0.02628042,  0.16020059, -0.23810901,
       -0.10856838,  0.47903367,  0.31820901, -0.41339923, -0.24447636,
        0.05973739, -0.02848928, -0.23126143, -0.26554611, -0.27219644,
        0.33461797,  0.12105676, -0.01665748, -0.12961543]) 

Generation: 47 
 - Generation Avg Fit: 395.876936503879 
 - Best Fitness: 882.8831438686743 
 - Worst Fitness: 0.0
 - Best Solution: array([ 0.44013024,  0.48134137, -0.43224367,  0.01814448, -0.06276953,
        0.3688452 , -0.09983676, -0.34886146,  0.14034966, -0.22608678,
       -0.19366229,  0.22172959,  0.09285421,  0.01277095,  0.3399357 ,
        0.11858097, -0.26464556, -0.15493581,  0.44227653,  0.04100523,
        0.4436778 , -0.22587126,  0.27292742,  0.41981936, -0.3892237 ,
       -0.44033322,  0.44980086, -0.27711245, -0.33613143, -0.17775694,
       -0.38210455, -0.1169814 ,  0.4499717 ,  0.09381465,  0.17141832,
       -0.47561446, -0.32020501, -0.25973142,  0.21953693, -0.27437639,
        0.10010729,  0.47836853,  0.16034289, -0.18817902, -0.06457263,
        0.02005123,  0.10641224, -0.1346839 ,  0.2898536 , -0.23872163,
        0.29250616,  0.23533414, -0.34090562,  0.40445807, -0.11865646,
       -0.02362001,  0.18975105, -0.16849101, -0.11519917, -0.18701949,
        0.43352041, -0.17599939, -0.21167409, -0.33301114]) 

Generation: 48 
 - Generation Avg Fit: 380.99941278816397 
 - Best Fitness: 882.8831438686743 
 - Worst Fitness: 0.0
 - Best Solution: array([ 0.4256242 , -0.09202762, -0.46986262,  0.37832361,  0.31767093,
        0.36724244,  0.36453485, -0.35025031, -0.16815687, -0.20916053,
       -0.06354577, -0.27681086,  0.01823404,  0.47976276,  0.35004805,
        0.17189128,  0.39566361,  0.08805301, -0.30387975, -0.09333607,
       -0.38894988, -0.27645533,  0.43338424,  0.03083436,  0.14770856,
       -0.33144603,  0.21246929, -0.32982742, -0.08802596, -0.4847252 ,
       -0.16041674, -0.17343987, -0.20516611, -0.27648925,  0.18586   ,
        0.33077343,  0.22858817,  0.21481677,  0.45872553, -0.31775637,
       -0.09543525, -0.14106686,  0.1542985 ,  0.30274486, -0.33148286,
       -0.10845115,  0.19870549,  0.02628042,  0.16020059, -0.23810901,
       -0.10856838,  0.47903367,  0.31820901, -0.41339923, -0.24447636,
        0.05973739, -0.02848928, -0.23126143, -0.26554611, -0.27219644,
        0.33461797,  0.12105676, -0.01665748, -0.12961543]) 

Generation: 49 
 - Generation Avg Fit: 375.32189849276403 
 - Best Fitness: 882.8831438686743 
 - Worst Fitness: 0.0
 - Best Solution: array([ 0.4256242 , -0.09202762, -0.46986262,  0.37832361,  0.31767093,
        0.36724244,  0.36453485, -0.35025031, -0.16815687, -0.20916053,
       -0.06354577, -0.27681086,  0.01823404,  0.47976276,  0.35004805,
        0.17189128,  0.39566361,  0.08805301, -0.30387975, -0.09333607,
       -0.38894988, -0.27645533,  0.43338424,  0.03083436,  0.14770856,
       -0.33144603,  0.21246929, -0.32982742, -0.08802596, -0.4847252 ,
       -0.16041674, -0.17343987, -0.20516611, -0.27648925,  0.18586   ,
        0.33077343,  0.22858817,  0.21481677,  0.45872553, -0.31775637,
       -0.09543525, -0.14106686,  0.1542985 ,  0.30274486, -0.33148286,
       -0.10845115,  0.19870549,  0.02628042,  0.16020059, -0.23810901,
       -0.10856838,  0.47903367,  0.31820901, -0.41339923, -0.24447636,
        0.05973739, -0.02848928, -0.23126143, -0.26554611, -0.27219644,
        0.33461797,  0.12105676, -0.01665748, -0.12961543]) 

Generation: 50 
 - Generation Avg Fit: 390.2056915143608 
 - Best Fitness: 882.8831438686743 
 - Worst Fitness: 0.0
 - Best Solution: array([ 0.4256242 , -0.09202762, -0.46986262,  0.37832361,  0.31767093,
        0.36724244,  0.36453485, -0.35025031, -0.16815687, -0.20916053,
       -0.06354577, -0.27681086,  0.01823404,  0.47976276,  0.35004805,
        0.17189128,  0.39566361,  0.08805301, -0.30387975, -0.09333607,
       -0.38894988, -0.27645533,  0.43338424,  0.03083436,  0.14770856,
       -0.33144603,  0.21246929, -0.32982742, -0.08802596, -0.4847252 ,
       -0.16041674, -0.17343987, -0.20516611, -0.27648925,  0.18586   ,
        0.33077343,  0.22858817,  0.21481677,  0.45872553, -0.31775637,
       -0.09543525, -0.14106686,  0.1542985 ,  0.30274486, -0.33148286,
       -0.10845115,  0.19870549,  0.02628042,  0.16020059, -0.23810901,
       -0.10856838,  0.47903367,  0.31820901, -0.41339923, -0.24447636,
        0.05973739, -0.02848928, -0.23126143, -0.26554611, -0.27219644,
        0.33461797,  0.12105676, -0.01665748, -0.12961543]) 

Generation: 51 
 - Generation Avg Fit: 379.55572405799035 
 - Best Fitness: 882.8831438686743 
 - Worst Fitness: 0.0
 - Best Solution: array([ 0.4256242 , -0.09202762, -0.46986262,  0.37832361,  0.31767093,
        0.36724244,  0.36453485, -0.35025031, -0.16815687, -0.20916053,
       -0.06354577, -0.27681086,  0.01823404,  0.47976276,  0.35004805,
        0.17189128,  0.39566361,  0.08805301, -0.30387975, -0.09333607,
       -0.38894988, -0.27645533,  0.43338424,  0.03083436,  0.14770856,
       -0.33144603,  0.21246929, -0.32982742, -0.08802596, -0.4847252 ,
       -0.16041674, -0.17343987, -0.20516611, -0.27648925,  0.18586   ,
        0.33077343,  0.22858817,  0.21481677,  0.45872553, -0.31775637,
       -0.09543525, -0.14106686,  0.1542985 ,  0.30274486, -0.33148286,
       -0.10845115,  0.19870549,  0.02628042,  0.16020059, -0.23810901,
       -0.10856838,  0.47903367,  0.31820901, -0.41339923, -0.24447636,
        0.05973739, -0.02848928, -0.23126143, -0.26554611, -0.27219644,
        0.33461797,  0.12105676, -0.01665748, -0.12961543]) 

Generation: 52 
 - Generation Avg Fit: 401.65372402618146 
 - Best Fitness: 882.8831438686743 
 - Worst Fitness: 0.0
 - Best Solution: array([ 0.4256242 , -0.09202762, -0.46986262,  0.37832361,  0.31767093,
        0.36724244,  0.36453485, -0.35025031, -0.16815687, -0.20916053,
       -0.06354577, -0.27681086,  0.01823404,  0.47976276,  0.35004805,
        0.17189128,  0.39566361,  0.08805301, -0.30387975, -0.09333607,
       -0.38894988, -0.27645533,  0.43338424,  0.03083436,  0.14770856,
       -0.33144603,  0.21246929, -0.32982742, -0.08802596, -0.4847252 ,
       -0.16041674, -0.17343987, -0.20516611, -0.27648925,  0.18586   ,
        0.33077343,  0.22858817,  0.21481677,  0.45872553, -0.31775637,
       -0.09543525, -0.14106686,  0.1542985 ,  0.30274486, -0.33148286,
       -0.10845115,  0.19870549,  0.02628042,  0.16020059, -0.23810901,
       -0.10856838,  0.47903367,  0.31820901, -0.41339923, -0.24447636,
        0.05973739, -0.02848928, -0.23126143, -0.26554611, -0.27219644,
        0.33461797,  0.12105676, -0.01665748, -0.12961543]) 

Generation: 53 
 - Generation Avg Fit: 401.77325832927016 
 - Best Fitness: 882.8831438686743 
 - Worst Fitness: 0.0
 - Best Solution: array([ 0.4256242 , -0.09202762, -0.46986262,  0.37832361,  0.31767093,
        0.36724244,  0.36453485, -0.35025031, -0.16815687, -0.20916053,
       -0.06354577, -0.27681086,  0.01823404,  0.47976276,  0.35004805,
        0.17189128,  0.39566361,  0.08805301, -0.30387975, -0.09333607,
       -0.38894988, -0.27645533,  0.43338424,  0.03083436,  0.14770856,
       -0.33144603,  0.21246929, -0.32982742, -0.08802596, -0.4847252 ,
       -0.16041674, -0.17343987, -0.20516611, -0.27648925,  0.18586   ,
        0.33077343,  0.22858817,  0.21481677,  0.45872553, -0.31775637,
       -0.09543525, -0.14106686,  0.1542985 ,  0.30274486, -0.33148286,
       -0.10845115,  0.19870549,  0.02628042,  0.16020059, -0.23810901,
       -0.10856838,  0.47903367,  0.31820901, -0.41339923, -0.24447636,
        0.05973739, -0.02848928, -0.23126143, -0.26554611, -0.27219644,
        0.33461797,  0.12105676, -0.01665748, -0.12961543]) 

Generation: 54 
 - Generation Avg Fit: 389.7702717075489 
 - Best Fitness: 882.8831438686743 
 - Worst Fitness: 0.0
 - Best Solution: array([ 0.4256242 , -0.09202762, -0.46986262,  0.37832361,  0.31767093,
        0.36724244,  0.36453485, -0.35025031, -0.16815687, -0.20916053,
       -0.06354577, -0.27681086,  0.01823404,  0.47976276,  0.35004805,
        0.17189128,  0.39566361,  0.08805301, -0.30387975, -0.09333607,
       -0.38894988, -0.27645533,  0.43338424,  0.03083436,  0.14770856,
       -0.33144603,  0.21246929, -0.32982742, -0.08802596, -0.4847252 ,
       -0.16041674, -0.17343987, -0.20516611, -0.27648925,  0.18586   ,
        0.33077343,  0.22858817,  0.21481677,  0.45872553, -0.31775637,
       -0.09543525, -0.14106686,  0.1542985 ,  0.30274486, -0.33148286,
       -0.10845115,  0.19870549,  0.02628042,  0.16020059, -0.23810901,
       -0.10856838,  0.47903367,  0.31820901, -0.41339923, -0.24447636,
        0.05973739, -0.02848928, -0.23126143, -0.26554611, -0.27219644,
        0.33461797,  0.12105676, -0.01665748, -0.12961543]) 

Generation: 55 
 - Generation Avg Fit: 403.66530141363444 
 - Best Fitness: 882.8831438686743 
 - Worst Fitness: 0.0
 - Best Solution: array([ 0.4256242 , -0.09202762, -0.46986262,  0.37832361,  0.31767093,
        0.36724244,  0.36453485, -0.35025031, -0.16815687, -0.20916053,
       -0.06354577, -0.27681086,  0.01823404,  0.47976276,  0.35004805,
        0.17189128,  0.39566361,  0.08805301, -0.30387975, -0.09333607,
       -0.38894988, -0.27645533,  0.43338424,  0.03083436,  0.14770856,
       -0.33144603,  0.21246929, -0.32982742, -0.08802596, -0.4847252 ,
       -0.16041674, -0.17343987, -0.20516611, -0.27648925,  0.18586   ,
        0.33077343,  0.22858817,  0.21481677,  0.45872553, -0.31775637,
       -0.09543525, -0.14106686,  0.1542985 ,  0.30274486, -0.33148286,
       -0.10845115,  0.19870549,  0.02628042,  0.16020059, -0.23810901,
       -0.10856838,  0.47903367,  0.31820901, -0.41339923, -0.24447636,
        0.05973739, -0.02848928, -0.23126143, -0.26554611, -0.27219644,
        0.33461797,  0.12105676, -0.01665748, -0.12961543]) 

Generation: 56 
 - Generation Avg Fit: 406.4259749197529 
 - Best Fitness: 882.8831438686743 
 - Worst Fitness: 0.0
 - Best Solution: array([ 0.4256242 , -0.09202762, -0.46986262,  0.37832361,  0.31767093,
        0.36724244,  0.36453485, -0.35025031, -0.16815687, -0.20916053,
       -0.06354577, -0.27681086,  0.01823404,  0.47976276,  0.35004805,
        0.17189128,  0.39566361,  0.08805301, -0.30387975, -0.09333607,
       -0.38894988, -0.27645533,  0.43338424,  0.03083436,  0.14770856,
       -0.33144603,  0.21246929, -0.32982742, -0.08802596, -0.4847252 ,
       -0.16041674, -0.17343987, -0.20516611, -0.27648925,  0.18586   ,
        0.33077343,  0.22858817,  0.21481677,  0.45872553, -0.31775637,
       -0.09543525, -0.14106686,  0.1542985 ,  0.30274486, -0.33148286,
       -0.10845115,  0.19870549,  0.02628042,  0.16020059, -0.23810901,
       -0.10856838,  0.47903367,  0.31820901, -0.41339923, -0.24447636,
        0.05973739, -0.02848928, -0.23126143, -0.26554611, -0.27219644,
        0.33461797,  0.12105676, -0.01665748, -0.12961543]) 

Generation: 57 
 - Generation Avg Fit: 406.7807088987409 
 - Best Fitness: 882.8831438686743 
 - Worst Fitness: 0.0
 - Best Solution: array([ 0.4256242 , -0.09202762, -0.46986262,  0.37832361,  0.31767093,
        0.36724244,  0.36453485, -0.35025031, -0.16815687, -0.20916053,
       -0.06354577, -0.27681086,  0.01823404,  0.47976276,  0.35004805,
        0.17189128,  0.39566361,  0.08805301, -0.30387975, -0.09333607,
       -0.38894988, -0.27645533,  0.43338424,  0.03083436,  0.14770856,
       -0.33144603,  0.21246929, -0.32982742, -0.08802596, -0.4847252 ,
       -0.16041674, -0.17343987, -0.20516611, -0.27648925,  0.18586   ,
        0.33077343,  0.22858817,  0.21481677,  0.45872553, -0.31775637,
       -0.09543525, -0.14106686,  0.1542985 ,  0.30274486, -0.33148286,
       -0.10845115,  0.19870549,  0.02628042,  0.16020059, -0.23810901,
       -0.10856838,  0.47903367,  0.31820901, -0.41339923, -0.24447636,
        0.05973739, -0.02848928, -0.23126143, -0.26554611, -0.27219644,
        0.33461797,  0.12105676, -0.01665748, -0.12961543]) 

Generation: 58 
 - Generation Avg Fit: 423.8745600554502 
 - Best Fitness: 882.8831438686743 
 - Worst Fitness: 0.0
 - Best Solution: array([ 0.4256242 , -0.09202762, -0.46986262,  0.37832361,  0.31767093,
        0.36724244,  0.36453485, -0.35025031, -0.16815687, -0.20916053,
       -0.06354577, -0.27681086,  0.01823404,  0.47976276,  0.35004805,
        0.17189128,  0.39566361,  0.08805301, -0.30387975, -0.09333607,
       -0.38894988, -0.27645533,  0.43338424,  0.03083436,  0.14770856,
       -0.33144603,  0.21246929, -0.32982742, -0.08802596, -0.4847252 ,
       -0.16041674, -0.17343987, -0.20516611, -0.27648925,  0.18586   ,
        0.33077343,  0.22858817,  0.21481677,  0.45872553, -0.31775637,
       -0.09543525, -0.14106686,  0.1542985 ,  0.30274486, -0.33148286,
       -0.10845115,  0.19870549,  0.02628042,  0.16020059, -0.23810901,
       -0.10856838,  0.47903367,  0.31820901, -0.41339923, -0.24447636,
        0.05973739, -0.02848928, -0.23126143, -0.26554611, -0.27219644,
        0.33461797,  0.12105676, -0.01665748, -0.12961543]) 

Generation: 59 
 - Generation Avg Fit: 405.380981562578 
 - Best Fitness: 882.8831438686743 
 - Worst Fitness: 0.0
 - Best Solution: array([ 0.4256242 , -0.09202762, -0.46986262,  0.37832361,  0.31767093,
        0.36724244,  0.36453485, -0.35025031, -0.16815687, -0.20916053,
       -0.06354577, -0.27681086,  0.01823404,  0.47976276,  0.35004805,
        0.17189128,  0.39566361,  0.08805301, -0.30387975, -0.09333607,
       -0.38894988, -0.27645533,  0.43338424,  0.03083436,  0.14770856,
       -0.33144603,  0.21246929, -0.32982742, -0.08802596, -0.4847252 ,
       -0.16041674, -0.17343987, -0.20516611, -0.27648925,  0.18586   ,
        0.33077343,  0.22858817,  0.21481677,  0.45872553, -0.31775637,
       -0.09543525, -0.14106686,  0.1542985 ,  0.30274486, -0.33148286,
       -0.10845115,  0.19870549,  0.02628042,  0.16020059, -0.23810901,
       -0.10856838,  0.47903367,  0.31820901, -0.41339923, -0.24447636,
        0.05973739, -0.02848928, -0.23126143, -0.26554611, -0.27219644,
        0.33461797,  0.12105676, -0.01665748, -0.12961543]) 

Generation: 60 
 - Generation Avg Fit: 425.943806030415 
 - Best Fitness: 882.8831438686743 
 - Worst Fitness: 0.0
 - Best Solution: array([ 0.4256242 , -0.09202762, -0.46986262,  0.37832361,  0.31767093,
        0.36724244,  0.36453485, -0.35025031, -0.16815687, -0.20916053,
       -0.06354577, -0.27681086,  0.01823404,  0.47976276,  0.35004805,
        0.17189128,  0.39566361,  0.08805301, -0.30387975, -0.09333607,
       -0.38894988, -0.27645533,  0.43338424,  0.03083436,  0.14770856,
       -0.33144603,  0.21246929, -0.32982742, -0.08802596, -0.4847252 ,
       -0.16041674, -0.17343987, -0.20516611, -0.27648925,  0.18586   ,
        0.33077343,  0.22858817,  0.21481677,  0.45872553, -0.31775637,
       -0.09543525, -0.14106686,  0.1542985 ,  0.30274486, -0.33148286,
       -0.10845115,  0.19870549,  0.02628042,  0.16020059, -0.23810901,
       -0.10856838,  0.47903367,  0.31820901, -0.41339923, -0.24447636,
        0.05973739, -0.02848928, -0.23126143, -0.26554611, -0.27219644,
        0.33461797,  0.12105676, -0.01665748, -0.12961543]) 

Generation: 61 
 - Generation Avg Fit: 405.60959119532083 
 - Best Fitness: 882.8831438686743 
 - Worst Fitness: 0.0
 - Best Solution: array([ 0.4256242 , -0.09202762, -0.46986262,  0.37832361,  0.31767093,
        0.36724244,  0.36453485, -0.35025031, -0.16815687, -0.20916053,
       -0.06354577, -0.27681086,  0.01823404,  0.47976276,  0.35004805,
        0.17189128,  0.39566361,  0.08805301, -0.30387975, -0.09333607,
       -0.38894988, -0.27645533,  0.43338424,  0.03083436,  0.14770856,
       -0.33144603,  0.21246929, -0.32982742, -0.08802596, -0.4847252 ,
       -0.16041674, -0.17343987, -0.20516611, -0.27648925,  0.18586   ,
        0.33077343,  0.22858817,  0.21481677,  0.45872553, -0.31775637,
       -0.09543525, -0.14106686,  0.1542985 ,  0.30274486, -0.33148286,
       -0.10845115,  0.19870549,  0.02628042,  0.16020059, -0.23810901,
       -0.10856838,  0.47903367,  0.31820901, -0.41339923, -0.24447636,
        0.05973739, -0.02848928, -0.23126143, -0.26554611, -0.27219644,
        0.33461797,  0.12105676, -0.01665748, -0.12961543]) 

Generation: 62 
 - Generation Avg Fit: 414.08742694089966 
 - Best Fitness: 882.8831438686743 
 - Worst Fitness: 0.0
 - Best Solution: array([ 0.4256242 , -0.09202762, -0.46986262,  0.37832361,  0.31767093,
        0.36724244,  0.36453485, -0.35025031, -0.16815687, -0.20916053,
       -0.06354577, -0.27681086,  0.01823404,  0.47976276,  0.35004805,
        0.17189128,  0.39566361,  0.08805301, -0.30387975, -0.09333607,
       -0.38894988, -0.27645533,  0.43338424,  0.03083436,  0.14770856,
       -0.33144603,  0.21246929, -0.32982742, -0.08802596, -0.4847252 ,
       -0.16041674, -0.17343987, -0.20516611, -0.27648925,  0.18586   ,
        0.33077343,  0.22858817,  0.21481677,  0.45872553, -0.31775637,
       -0.09543525, -0.14106686,  0.1542985 ,  0.30274486, -0.33148286,
       -0.10845115,  0.19870549,  0.02628042,  0.16020059, -0.23810901,
       -0.10856838,  0.47903367,  0.31820901, -0.41339923, -0.24447636,
        0.05973739, -0.02848928, -0.23126143, -0.26554611, -0.27219644,
        0.33461797,  0.12105676, -0.01665748, -0.12961543]) 

Generation: 63 
 - Generation Avg Fit: 426.12864057598637 
 - Best Fitness: 882.8831438686743 
 - Worst Fitness: 0.0
 - Best Solution: array([ 0.4256242 , -0.09202762, -0.46986262,  0.37832361,  0.31767093,
        0.36724244,  0.36453485, -0.35025031, -0.16815687, -0.20916053,
       -0.06354577, -0.27681086,  0.01823404,  0.47976276,  0.35004805,
        0.17189128,  0.39566361,  0.08805301, -0.30387975, -0.09333607,
       -0.38894988, -0.27645533,  0.43338424,  0.03083436,  0.14770856,
       -0.33144603,  0.21246929, -0.32982742, -0.08802596, -0.4847252 ,
       -0.16041674, -0.17343987, -0.20516611, -0.27648925,  0.18586   ,
        0.33077343,  0.22858817,  0.21481677,  0.45872553, -0.31775637,
       -0.09543525, -0.14106686,  0.1542985 ,  0.30274486, -0.33148286,
       -0.10845115,  0.19870549,  0.02628042,  0.16020059, -0.23810901,
       -0.10856838,  0.47903367,  0.31820901, -0.41339923, -0.24447636,
        0.05973739, -0.02848928, -0.23126143, -0.26554611, -0.27219644,
        0.33461797,  0.12105676, -0.01665748, -0.12961543]) 

Generation: 64 
 - Generation Avg Fit: 414.5669605580689 
 - Best Fitness: 882.8831438686743 
 - Worst Fitness: 0.0
 - Best Solution: array([ 0.4256242 , -0.09202762, -0.46986262,  0.37832361,  0.31767093,
        0.36724244,  0.36453485, -0.35025031, -0.16815687, -0.20916053,
       -0.06354577, -0.27681086,  0.01823404,  0.47976276,  0.35004805,
        0.17189128,  0.39566361,  0.08805301, -0.30387975, -0.09333607,
       -0.38894988, -0.27645533,  0.43338424,  0.03083436,  0.14770856,
       -0.33144603,  0.21246929, -0.32982742, -0.08802596, -0.4847252 ,
       -0.16041674, -0.17343987, -0.20516611, -0.27648925,  0.18586   ,
        0.33077343,  0.22858817,  0.21481677,  0.45872553, -0.31775637,
       -0.09543525, -0.14106686,  0.1542985 ,  0.30274486, -0.33148286,
       -0.10845115,  0.19870549,  0.02628042,  0.16020059, -0.23810901,
       -0.10856838,  0.47903367,  0.31820901, -0.41339923, -0.24447636,
        0.05973739, -0.02848928, -0.23126143, -0.26554611, -0.27219644,
        0.33461797,  0.12105676, -0.01665748, -0.12961543]) 

Generation: 65 
 - Generation Avg Fit: 429.07236286962535 
 - Best Fitness: 882.8831438686743 
 - Worst Fitness: 0.0
 - Best Solution: array([ 0.4256242 , -0.09202762, -0.46986262,  0.37832361,  0.31767093,
        0.36724244,  0.36453485, -0.35025031, -0.16815687, -0.20916053,
       -0.06354577, -0.27681086,  0.01823404,  0.47976276,  0.35004805,
        0.17189128,  0.39566361,  0.08805301, -0.30387975, -0.09333607,
       -0.38894988, -0.27645533,  0.43338424,  0.03083436,  0.14770856,
       -0.33144603,  0.21246929, -0.32982742, -0.08802596, -0.4847252 ,
       -0.16041674, -0.17343987, -0.20516611, -0.27648925,  0.18586   ,
        0.33077343,  0.22858817,  0.21481677,  0.45872553, -0.31775637,
       -0.09543525, -0.14106686,  0.1542985 ,  0.30274486, -0.33148286,
       -0.10845115,  0.19870549,  0.02628042,  0.16020059, -0.23810901,
       -0.10856838,  0.47903367,  0.31820901, -0.41339923, -0.24447636,
        0.05973739, -0.02848928, -0.23126143, -0.26554611, -0.27219644,
        0.33461797,  0.12105676, -0.01665748, -0.12961543]) 

Generation: 66 
 - Generation Avg Fit: 411.4515537952682 
 - Best Fitness: 882.8831438686743 
 - Worst Fitness: 0.0
 - Best Solution: array([ 0.4256242 , -0.09202762, -0.46986262,  0.37832361,  0.31767093,
        0.36724244,  0.36453485, -0.35025031, -0.16815687, -0.20916053,
       -0.06354577, -0.27681086,  0.01823404,  0.47976276,  0.35004805,
        0.17189128,  0.39566361,  0.08805301, -0.30387975, -0.09333607,
       -0.38894988, -0.27645533,  0.43338424,  0.03083436,  0.14770856,
       -0.33144603,  0.21246929, -0.32982742, -0.08802596, -0.4847252 ,
       -0.16041674, -0.17343987, -0.20516611, -0.27648925,  0.18586   ,
        0.33077343,  0.22858817,  0.21481677,  0.45872553, -0.31775637,
       -0.09543525, -0.14106686,  0.1542985 ,  0.30274486, -0.33148286,
       -0.10845115,  0.19870549,  0.02628042,  0.16020059, -0.23810901,
       -0.10856838,  0.47903367,  0.31820901, -0.41339923, -0.24447636,
        0.05973739, -0.02848928, -0.23126143, -0.26554611, -0.27219644,
        0.33461797,  0.12105676, -0.01665748, -0.12961543]) 

Generation: 67 
 - Generation Avg Fit: 422.6309397850151 
 - Best Fitness: 882.8831438686743 
 - Worst Fitness: 0.0
 - Best Solution: array([ 0.4256242 , -0.09202762, -0.46986262,  0.37832361,  0.31767093,
        0.36724244,  0.36453485, -0.35025031, -0.16815687, -0.20916053,
       -0.06354577, -0.27681086,  0.01823404,  0.47976276,  0.35004805,
        0.17189128,  0.39566361,  0.08805301, -0.30387975, -0.09333607,
       -0.38894988, -0.27645533,  0.43338424,  0.03083436,  0.14770856,
       -0.33144603,  0.21246929, -0.32982742, -0.08802596, -0.4847252 ,
       -0.16041674, -0.17343987, -0.20516611, -0.27648925,  0.18586   ,
        0.33077343,  0.22858817,  0.21481677,  0.45872553, -0.31775637,
       -0.09543525, -0.14106686,  0.1542985 ,  0.30274486, -0.33148286,
       -0.10845115,  0.19870549,  0.02628042,  0.16020059, -0.23810901,
       -0.10856838,  0.47903367,  0.31820901, -0.41339923, -0.24447636,
        0.05973739, -0.02848928, -0.23126143, -0.26554611, -0.27219644,
        0.33461797,  0.12105676, -0.01665748, -0.12961543]) 

Generation: 68 
 - Generation Avg Fit: 406.78785655117275 
 - Best Fitness: 882.8831438686743 
 - Worst Fitness: 0.0
 - Best Solution: array([ 0.4256242 , -0.09202762, -0.46986262,  0.37832361,  0.31767093,
        0.36724244,  0.36453485, -0.35025031, -0.16815687, -0.20916053,
       -0.06354577, -0.27681086,  0.01823404,  0.47976276,  0.35004805,
        0.17189128,  0.39566361,  0.08805301, -0.30387975, -0.09333607,
       -0.38894988, -0.27645533,  0.43338424,  0.03083436,  0.14770856,
       -0.33144603,  0.21246929, -0.32982742, -0.08802596, -0.4847252 ,
       -0.16041674, -0.17343987, -0.20516611, -0.27648925,  0.18586   ,
        0.33077343,  0.22858817,  0.21481677,  0.45872553, -0.31775637,
       -0.09543525, -0.14106686,  0.1542985 ,  0.30274486, -0.33148286,
       -0.10845115,  0.19870549,  0.02628042,  0.16020059, -0.23810901,
       -0.10856838,  0.47903367,  0.31820901, -0.41339923, -0.24447636,
        0.05973739, -0.02848928, -0.23126143, -0.26554611, -0.27219644,
        0.33461797,  0.12105676, -0.01665748, -0.12961543]) 

Generation: 69 
 - Generation Avg Fit: 433.90170888911786 
 - Best Fitness: 882.8831438686743 
 - Worst Fitness: 0.0
 - Best Solution: array([ 0.4256242 , -0.09202762, -0.46986262,  0.37832361,  0.31767093,
        0.36724244,  0.36453485, -0.35025031, -0.16815687, -0.20916053,
       -0.06354577, -0.27681086,  0.01823404,  0.47976276,  0.35004805,
        0.17189128,  0.39566361,  0.08805301, -0.30387975, -0.09333607,
       -0.38894988, -0.27645533,  0.43338424,  0.03083436,  0.14770856,
       -0.33144603,  0.21246929, -0.32982742, -0.08802596, -0.4847252 ,
       -0.16041674, -0.17343987, -0.20516611, -0.27648925,  0.18586   ,
        0.33077343,  0.22858817,  0.21481677,  0.45872553, -0.31775637,
       -0.09543525, -0.14106686,  0.1542985 ,  0.30274486, -0.33148286,
       -0.10845115,  0.19870549,  0.02628042,  0.16020059, -0.23810901,
       -0.10856838,  0.47903367,  0.31820901, -0.41339923, -0.24447636,
        0.05973739, -0.02848928, -0.23126143, -0.26554611, -0.27219644,
        0.33461797,  0.12105676, -0.01665748, -0.12961543]) 

Generation: 70 
 - Generation Avg Fit: 435.3809910711347 
 - Best Fitness: 882.8831438686743 
 - Worst Fitness: 0.0
 - Best Solution: array([ 0.4256242 , -0.09202762, -0.46986262,  0.37832361,  0.31767093,
        0.36724244,  0.36453485, -0.35025031, -0.16815687, -0.20916053,
       -0.06354577, -0.27681086,  0.01823404,  0.47976276,  0.35004805,
        0.17189128,  0.39566361,  0.08805301, -0.30387975, -0.09333607,
       -0.38894988, -0.27645533,  0.43338424,  0.03083436,  0.14770856,
       -0.33144603,  0.21246929, -0.32982742, -0.08802596, -0.4847252 ,
       -0.16041674, -0.17343987, -0.20516611, -0.27648925,  0.18586   ,
        0.33077343,  0.22858817,  0.21481677,  0.45872553, -0.31775637,
       -0.09543525, -0.14106686,  0.1542985 ,  0.30274486, -0.33148286,
       -0.10845115,  0.19870549,  0.02628042,  0.16020059, -0.23810901,
       -0.10856838,  0.47903367,  0.31820901, -0.41339923, -0.24447636,
        0.05973739, -0.02848928, -0.23126143, -0.26554611, -0.27219644,
        0.33461797,  0.12105676, -0.01665748, -0.12961543]) 

Generation: 71 
 - Generation Avg Fit: 440.76601557248307 
 - Best Fitness: 882.8831438686743 
 - Worst Fitness: 0.0
 - Best Solution: array([ 0.4256242 , -0.09202762, -0.46986262,  0.37832361,  0.31767093,
        0.36724244,  0.36453485, -0.35025031, -0.16815687, -0.20916053,
       -0.06354577, -0.27681086,  0.01823404,  0.47976276,  0.35004805,
        0.17189128,  0.39566361,  0.08805301, -0.30387975, -0.09333607,
       -0.38894988, -0.27645533,  0.43338424,  0.03083436,  0.14770856,
       -0.33144603,  0.21246929, -0.32982742, -0.08802596, -0.4847252 ,
       -0.16041674, -0.17343987, -0.20516611, -0.27648925,  0.18586   ,
        0.33077343,  0.22858817,  0.21481677,  0.45872553, -0.31775637,
       -0.09543525, -0.14106686,  0.1542985 ,  0.30274486, -0.33148286,
       -0.10845115,  0.19870549,  0.02628042,  0.16020059, -0.23810901,
       -0.10856838,  0.47903367,  0.31820901, -0.41339923, -0.24447636,
        0.05973739, -0.02848928, -0.23126143, -0.26554611, -0.27219644,
        0.33461797,  0.12105676, -0.01665748, -0.12961543]) 

Generation: 72 
 - Generation Avg Fit: 422.5058972153693 
 - Best Fitness: 882.8831438686743 
 - Worst Fitness: 0.0
 - Best Solution: array([ 0.4256242 , -0.09202762, -0.46986262,  0.37832361,  0.31767093,
        0.36724244,  0.36453485, -0.35025031, -0.16815687, -0.20916053,
       -0.06354577, -0.27681086,  0.01823404,  0.47976276,  0.35004805,
        0.17189128,  0.39566361,  0.08805301, -0.30387975, -0.09333607,
       -0.38894988, -0.27645533,  0.43338424,  0.03083436,  0.14770856,
       -0.33144603,  0.21246929, -0.32982742, -0.08802596, -0.4847252 ,
       -0.16041674, -0.17343987, -0.20516611, -0.27648925,  0.18586   ,
        0.33077343,  0.22858817,  0.21481677,  0.45872553, -0.31775637,
       -0.09543525, -0.14106686,  0.1542985 ,  0.30274486, -0.33148286,
       -0.10845115,  0.19870549,  0.02628042,  0.16020059, -0.23810901,
       -0.10856838,  0.47903367,  0.31820901, -0.41339923, -0.24447636,
        0.05973739, -0.02848928, -0.23126143, -0.26554611, -0.27219644,
        0.33461797,  0.12105676, -0.01665748, -0.12961543]) 

Generation: 73 
 - Generation Avg Fit: 434.7242885868558 
 - Best Fitness: 882.8831438686743 
 - Worst Fitness: 0.0
 - Best Solution: array([ 0.4256242 , -0.09202762, -0.46986262,  0.37832361,  0.31767093,
        0.36724244,  0.36453485, -0.35025031, -0.16815687, -0.20916053,
       -0.06354577, -0.27681086,  0.01823404,  0.47976276,  0.35004805,
        0.17189128,  0.39566361,  0.08805301, -0.30387975, -0.09333607,
       -0.38894988, -0.27645533,  0.43338424,  0.03083436,  0.14770856,
       -0.33144603,  0.21246929, -0.32982742, -0.08802596, -0.4847252 ,
       -0.16041674, -0.17343987, -0.20516611, -0.27648925,  0.18586   ,
        0.33077343,  0.22858817,  0.21481677,  0.45872553, -0.31775637,
       -0.09543525, -0.14106686,  0.1542985 ,  0.30274486, -0.33148286,
       -0.10845115,  0.19870549,  0.02628042,  0.16020059, -0.23810901,
       -0.10856838,  0.47903367,  0.31820901, -0.41339923, -0.24447636,
        0.05973739, -0.02848928, -0.23126143, -0.26554611, -0.27219644,
        0.33461797,  0.12105676, -0.01665748, -0.12961543]) 

Generation: 74 
 - Generation Avg Fit: 438.13855828306646 
 - Best Fitness: 882.8831438686743 
 - Worst Fitness: 0.0
 - Best Solution: array([ 0.4256242 , -0.09202762, -0.46986262,  0.37832361,  0.31767093,
        0.36724244,  0.36453485, -0.35025031, -0.16815687, -0.20916053,
       -0.06354577, -0.27681086,  0.01823404,  0.47976276,  0.35004805,
        0.17189128,  0.39566361,  0.08805301, -0.30387975, -0.09333607,
       -0.38894988, -0.27645533,  0.43338424,  0.03083436,  0.14770856,
       -0.33144603,  0.21246929, -0.32982742, -0.08802596, -0.4847252 ,
       -0.16041674, -0.17343987, -0.20516611, -0.27648925,  0.18586   ,
        0.33077343,  0.22858817,  0.21481677,  0.45872553, -0.31775637,
       -0.09543525, -0.14106686,  0.1542985 ,  0.30274486, -0.33148286,
       -0.10845115,  0.19870549,  0.02628042,  0.16020059, -0.23810901,
       -0.10856838,  0.47903367,  0.31820901, -0.41339923, -0.24447636,
        0.05973739, -0.02848928, -0.23126143, -0.26554611, -0.27219644,
        0.33461797,  0.12105676, -0.01665748, -0.12961543]) 

Generation: 75 
 - Generation Avg Fit: 433.44287341010875 
 - Best Fitness: 885.4742535504422 
 - Worst Fitness: 0.0
 - Best Solution: array([ 0.3528813 ,  0.07239706,  0.19597711, -0.45699392,  0.06194582,
       -0.42935664, -0.01256565,  0.3809339 , -0.39994491,  0.44666305,
        0.23000632, -0.26892227,  0.09478965, -0.43150587, -0.05912694,
       -0.10034984,  0.22456246,  0.00430876,  0.30107944, -0.00630066,
       -0.35631344, -0.27234709, -0.44443841,  0.42341203,  0.32672349,
       -0.04651834,  0.3661664 , -0.19345985, -0.33346837,  0.44848205,
       -0.32965563, -0.13976541, -0.05417035, -0.12762321,  0.31819873,
        0.0195632 , -0.26392675,  0.085291  , -0.02692518, -0.27099946,
        0.49094598,  0.23824836,  0.3293437 ,  0.31090185, -0.06457263,
       -0.10751025,  0.32682975, -0.1399444 , -0.3313901 ,  0.15054894,
        0.26510813,  0.23533414,  0.30333805, -0.44637156,  0.31308105,
        0.29052367, -0.17894589, -0.0705271 ,  0.49311284, -0.37484964,
       -0.20952973, -0.49805306, -0.3038031 , -0.14076212]) 

Generation: 76 
 - Generation Avg Fit: 443.70793221415283 
 - Best Fitness: 885.4742535504422 
 - Worst Fitness: 0.0
 - Best Solution: array([ 0.4256242 , -0.09202762, -0.46986262,  0.37832361,  0.31767093,
        0.36724244,  0.36453485, -0.35025031, -0.16815687, -0.20916053,
       -0.06354577, -0.27681086,  0.01823404,  0.47976276,  0.35004805,
        0.17189128,  0.39566361,  0.08805301, -0.30387975, -0.09333607,
       -0.38894988, -0.27645533,  0.43338424,  0.03083436,  0.14770856,
       -0.33144603,  0.21246929, -0.32982742, -0.08802596, -0.4847252 ,
       -0.16041674, -0.17343987, -0.20516611, -0.27648925,  0.18586   ,
        0.33077343,  0.22858817,  0.21481677,  0.45872553, -0.31775637,
       -0.09543525, -0.14106686,  0.1542985 ,  0.30274486, -0.33148286,
       -0.10845115,  0.19870549,  0.02628042,  0.16020059, -0.23810901,
       -0.10856838,  0.47903367,  0.31820901, -0.41339923, -0.24447636,
        0.05973739, -0.02848928, -0.23126143, -0.26554611, -0.27219644,
        0.33461797,  0.12105676, -0.01665748, -0.12961543]) 

Generation: 77 
 - Generation Avg Fit: 437.72440738192466 
 - Best Fitness: 885.4742535504422 
 - Worst Fitness: 0.0
 - Best Solution: array([ 0.3528813 ,  0.07239706,  0.19597711, -0.45699392,  0.06194582,
       -0.42935664, -0.01256565,  0.3809339 , -0.39994491,  0.44666305,
        0.23000632, -0.26892227,  0.09478965, -0.43150587, -0.05912694,
       -0.10034984,  0.22456246,  0.00430876,  0.30107944, -0.00630066,
       -0.35631344, -0.27234709, -0.44443841,  0.42341203,  0.32672349,
       -0.04651834,  0.3661664 , -0.19345985, -0.33346837,  0.44848205,
       -0.32965563, -0.13976541, -0.05417035, -0.12762321,  0.31819873,
        0.0195632 , -0.26392675,  0.085291  , -0.02692518, -0.27099946,
        0.49094598,  0.23824836,  0.3293437 ,  0.31090185, -0.06457263,
       -0.10751025,  0.32682975, -0.1399444 , -0.3313901 ,  0.15054894,
        0.26510813,  0.23533414,  0.30333805, -0.44637156,  0.31308105,
        0.29052367, -0.17894589, -0.0705271 ,  0.49311284, -0.37484964,
       -0.20952973, -0.49805306, -0.3038031 , -0.14076212]) 

Generation: 78 
 - Generation Avg Fit: 439.68388536062173 
 - Best Fitness: 885.4742535504422 
 - Worst Fitness: 0.0
 - Best Solution: array([ 0.3528813 ,  0.07239706,  0.19597711, -0.45699392,  0.06194582,
       -0.42935664, -0.01256565,  0.3809339 , -0.39994491,  0.44666305,
        0.23000632, -0.26892227,  0.09478965, -0.43150587, -0.05912694,
       -0.10034984,  0.22456246,  0.00430876,  0.30107944, -0.00630066,
       -0.35631344, -0.27234709, -0.44443841,  0.42341203,  0.32672349,
       -0.04651834,  0.3661664 , -0.19345985, -0.33346837,  0.44848205,
       -0.32965563, -0.13976541, -0.05417035, -0.12762321,  0.31819873,
        0.0195632 , -0.26392675,  0.085291  , -0.02692518, -0.27099946,
        0.49094598,  0.23824836,  0.3293437 ,  0.31090185, -0.06457263,
       -0.10751025,  0.32682975, -0.1399444 , -0.3313901 ,  0.15054894,
        0.26510813,  0.23533414,  0.30333805, -0.44637156,  0.31308105,
        0.29052367, -0.17894589, -0.0705271 ,  0.49311284, -0.37484964,
       -0.20952973, -0.49805306, -0.3038031 , -0.14076212]) 

Generation: 79 
 - Generation Avg Fit: 424.24324602798646 
 - Best Fitness: 885.4742535504422 
 - Worst Fitness: 0.0
 - Best Solution: array([ 0.3528813 ,  0.07239706,  0.19597711, -0.45699392,  0.06194582,
       -0.42935664, -0.01256565,  0.3809339 , -0.39994491,  0.44666305,
        0.23000632, -0.26892227,  0.09478965, -0.43150587, -0.05912694,
       -0.10034984,  0.22456246,  0.00430876,  0.30107944, -0.00630066,
       -0.35631344, -0.27234709, -0.44443841,  0.42341203,  0.32672349,
       -0.04651834,  0.3661664 , -0.19345985, -0.33346837,  0.44848205,
       -0.32965563, -0.13976541, -0.05417035, -0.12762321,  0.31819873,
        0.0195632 , -0.26392675,  0.085291  , -0.02692518, -0.27099946,
        0.49094598,  0.23824836,  0.3293437 ,  0.31090185, -0.06457263,
       -0.10751025,  0.32682975, -0.1399444 , -0.3313901 ,  0.15054894,
        0.26510813,  0.23533414,  0.30333805, -0.44637156,  0.31308105,
        0.29052367, -0.17894589, -0.0705271 ,  0.49311284, -0.37484964,
       -0.20952973, -0.49805306, -0.3038031 , -0.14076212]) 

Generation: 80 
 - Generation Avg Fit: 439.95884649760416 
 - Best Fitness: 885.4742535504422 
 - Worst Fitness: 0.0
 - Best Solution: array([ 0.3528813 ,  0.07239706,  0.19597711, -0.45699392,  0.06194582,
       -0.42935664, -0.01256565,  0.3809339 , -0.39994491,  0.44666305,
        0.23000632, -0.26892227,  0.09478965, -0.43150587, -0.05912694,
       -0.10034984,  0.22456246,  0.00430876,  0.30107944, -0.00630066,
       -0.35631344, -0.27234709, -0.44443841,  0.42341203,  0.32672349,
       -0.04651834,  0.3661664 , -0.19345985, -0.33346837,  0.44848205,
       -0.32965563, -0.13976541, -0.05417035, -0.12762321,  0.31819873,
        0.0195632 , -0.26392675,  0.085291  , -0.02692518, -0.27099946,
        0.49094598,  0.23824836,  0.3293437 ,  0.31090185, -0.06457263,
       -0.10751025,  0.32682975, -0.1399444 , -0.3313901 ,  0.15054894,
        0.26510813,  0.23533414,  0.30333805, -0.44637156,  0.31308105,
        0.29052367, -0.17894589, -0.0705271 ,  0.49311284, -0.37484964,
       -0.20952973, -0.49805306, -0.3038031 , -0.14076212]) 

Generation: 81 
 - Generation Avg Fit: 433.62685267336315 
 - Best Fitness: 885.4742535504422 
 - Worst Fitness: 0.0
 - Best Solution: array([ 0.3528813 ,  0.07239706,  0.19597711, -0.45699392,  0.06194582,
       -0.42935664, -0.01256565,  0.3809339 , -0.39994491,  0.44666305,
        0.23000632, -0.26892227,  0.09478965, -0.43150587, -0.05912694,
       -0.10034984,  0.22456246,  0.00430876,  0.30107944, -0.00630066,
       -0.35631344, -0.27234709, -0.44443841,  0.42341203,  0.32672349,
       -0.04651834,  0.3661664 , -0.19345985, -0.33346837,  0.44848205,
       -0.32965563, -0.13976541, -0.05417035, -0.12762321,  0.31819873,
        0.0195632 , -0.26392675,  0.085291  , -0.02692518, -0.27099946,
        0.49094598,  0.23824836,  0.3293437 ,  0.31090185, -0.06457263,
       -0.10751025,  0.32682975, -0.1399444 , -0.3313901 ,  0.15054894,
        0.26510813,  0.23533414,  0.30333805, -0.44637156,  0.31308105,
        0.29052367, -0.17894589, -0.0705271 ,  0.49311284, -0.37484964,
       -0.20952973, -0.49805306, -0.3038031 , -0.14076212]) 

Generation: 82 
 - Generation Avg Fit: 441.2323685242169 
 - Best Fitness: 885.4742535504422 
 - Worst Fitness: 0.0
 - Best Solution: array([ 0.3528813 ,  0.07239706,  0.19597711, -0.45699392,  0.06194582,
       -0.42935664, -0.01256565,  0.3809339 , -0.39994491,  0.44666305,
        0.23000632, -0.26892227,  0.09478965, -0.43150587, -0.05912694,
       -0.10034984,  0.22456246,  0.00430876,  0.30107944, -0.00630066,
       -0.35631344, -0.27234709, -0.44443841,  0.42341203,  0.32672349,
       -0.04651834,  0.3661664 , -0.19345985, -0.33346837,  0.44848205,
       -0.32965563, -0.13976541, -0.05417035, -0.12762321,  0.31819873,
        0.0195632 , -0.26392675,  0.085291  , -0.02692518, -0.27099946,
        0.49094598,  0.23824836,  0.3293437 ,  0.31090185, -0.06457263,
       -0.10751025,  0.32682975, -0.1399444 , -0.3313901 ,  0.15054894,
        0.26510813,  0.23533414,  0.30333805, -0.44637156,  0.31308105,
        0.29052367, -0.17894589, -0.0705271 ,  0.49311284, -0.37484964,
       -0.20952973, -0.49805306, -0.3038031 , -0.14076212]) 

Generation: 83 
 - Generation Avg Fit: 436.8787819929028 
 - Best Fitness: 885.4742535504422 
 - Worst Fitness: 0.0
 - Best Solution: array([ 0.3528813 ,  0.07239706,  0.19597711, -0.45699392,  0.06194582,
       -0.42935664, -0.01256565,  0.3809339 , -0.39994491,  0.44666305,
        0.23000632, -0.26892227,  0.09478965, -0.43150587, -0.05912694,
       -0.10034984,  0.22456246,  0.00430876,  0.30107944, -0.00630066,
       -0.35631344, -0.27234709, -0.44443841,  0.42341203,  0.32672349,
       -0.04651834,  0.3661664 , -0.19345985, -0.33346837,  0.44848205,
       -0.32965563, -0.13976541, -0.05417035, -0.12762321,  0.31819873,
        0.0195632 , -0.26392675,  0.085291  , -0.02692518, -0.27099946,
        0.49094598,  0.23824836,  0.3293437 ,  0.31090185, -0.06457263,
       -0.10751025,  0.32682975, -0.1399444 , -0.3313901 ,  0.15054894,
        0.26510813,  0.23533414,  0.30333805, -0.44637156,  0.31308105,
        0.29052367, -0.17894589, -0.0705271 ,  0.49311284, -0.37484964,
       -0.20952973, -0.49805306, -0.3038031 , -0.14076212]) 

Generation: 84 
 - Generation Avg Fit: 465.5266352927503 
 - Best Fitness: 885.4742535504422 
 - Worst Fitness: 0.0
 - Best Solution: array([ 0.3528813 ,  0.07239706,  0.19597711, -0.45699392,  0.06194582,
       -0.42935664, -0.01256565,  0.3809339 , -0.39994491,  0.44666305,
        0.23000632, -0.26892227,  0.09478965, -0.43150587, -0.05912694,
       -0.10034984,  0.22456246,  0.00430876,  0.30107944, -0.00630066,
       -0.35631344, -0.27234709, -0.44443841,  0.42341203,  0.32672349,
       -0.04651834,  0.3661664 , -0.19345985, -0.33346837,  0.44848205,
       -0.32965563, -0.13976541, -0.05417035, -0.12762321,  0.31819873,
        0.0195632 , -0.26392675,  0.085291  , -0.02692518, -0.27099946,
        0.49094598,  0.23824836,  0.3293437 ,  0.31090185, -0.06457263,
       -0.10751025,  0.32682975, -0.1399444 , -0.3313901 ,  0.15054894,
        0.26510813,  0.23533414,  0.30333805, -0.44637156,  0.31308105,
        0.29052367, -0.17894589, -0.0705271 ,  0.49311284, -0.37484964,
       -0.20952973, -0.49805306, -0.3038031 , -0.14076212]) 

Generation: 85 
 - Generation Avg Fit: 444.38803843410744 
 - Best Fitness: 896.4331952387448 
 - Worst Fitness: 0.0
 - Best Solution: array([ 0.36335644, -0.06785031, -0.21053566, -0.10408366,  0.05680291,
       -0.44495727, -0.20206582, -0.16753617, -0.04461686, -0.0505199 ,
        0.30639238,  0.15944612, -0.02196429,  0.38711532,  0.17723238,
       -0.04167083, -0.47793374, -0.0047176 ,  0.25098237, -0.33204219,
       -0.13760966,  0.23204874, -0.43795786,  0.41094513, -0.3445449 ,
        0.26284189,  0.44767444, -0.18250751, -0.44381038, -0.19803436,
       -0.50339833, -0.18229064,  0.20834964,  0.05014537,  0.46357458,
        0.05368339,  0.31438714,  0.20981759, -0.03112596, -0.27334171,
        0.48500808, -0.23345316, -0.14401468,  0.11838323, -0.24025538,
       -0.26544461, -0.2537454 ,  0.10590067,  0.37328927, -0.15048331,
        0.43563347, -0.46523344,  0.06954979,  0.03633615,  0.15936619,
       -0.02143783, -0.19788589, -0.09325653, -0.45553616,  0.14579285,
       -0.19112925,  0.32679001, -0.28196505, -0.13351396]) 

Generation: 86 
 - Generation Avg Fit: 432.87030786476595 
 - Best Fitness: 896.4331952387448 
 - Worst Fitness: 0.0
 - Best Solution: array([ 0.3528813 ,  0.07239706,  0.19597711, -0.45699392,  0.06194582,
       -0.42935664, -0.01256565,  0.3809339 , -0.39994491,  0.44666305,
        0.23000632, -0.26892227,  0.09478965, -0.43150587, -0.05912694,
       -0.10034984,  0.22456246,  0.00430876,  0.30107944, -0.00630066,
       -0.35631344, -0.27234709, -0.44443841,  0.42341203,  0.32672349,
       -0.04651834,  0.3661664 , -0.19345985, -0.33346837,  0.44848205,
       -0.32965563, -0.13976541, -0.05417035, -0.12762321,  0.31819873,
        0.0195632 , -0.26392675,  0.085291  , -0.02692518, -0.27099946,
        0.49094598,  0.23824836,  0.3293437 ,  0.31090185, -0.06457263,
       -0.10751025,  0.32682975, -0.1399444 , -0.3313901 ,  0.15054894,
        0.26510813,  0.23533414,  0.30333805, -0.44637156,  0.31308105,
        0.29052367, -0.17894589, -0.0705271 ,  0.49311284, -0.37484964,
       -0.20952973, -0.49805306, -0.3038031 , -0.14076212]) 

Generation: 87 
 - Generation Avg Fit: 447.4361264856915 
 - Best Fitness: 896.4331952387448 
 - Worst Fitness: 0.0
 - Best Solution: array([ 0.36335644, -0.06785031, -0.21053566, -0.10408366,  0.05680291,
       -0.44495727, -0.20206582, -0.16753617, -0.04461686, -0.0505199 ,
        0.30639238,  0.15944612, -0.02196429,  0.38711532,  0.17723238,
       -0.04167083, -0.47793374, -0.0047176 ,  0.25098237, -0.33204219,
       -0.13760966,  0.23204874, -0.43795786,  0.41094513, -0.3445449 ,
        0.26284189,  0.44767444, -0.18250751, -0.44381038, -0.19803436,
       -0.50339833, -0.18229064,  0.20834964,  0.05014537,  0.46357458,
        0.05368339,  0.31438714,  0.20981759, -0.03112596, -0.27334171,
        0.48500808, -0.23345316, -0.14401468,  0.11838323, -0.24025538,
       -0.26544461, -0.2537454 ,  0.10590067,  0.37328927, -0.15048331,
        0.43563347, -0.46523344,  0.06954979,  0.03633615,  0.15936619,
       -0.02143783, -0.19788589, -0.09325653, -0.45553616,  0.14579285,
       -0.19112925,  0.32679001, -0.28196505, -0.13351396]) 

Generation: 88 
 - Generation Avg Fit: 443.34998425242344 
 - Best Fitness: 896.4331952387448 
 - Worst Fitness: 0.0
 - Best Solution: array([ 0.36335644, -0.06785031, -0.21053566, -0.10408366,  0.05680291,
       -0.44495727, -0.20206582, -0.16753617, -0.04461686, -0.0505199 ,
        0.30639238,  0.15944612, -0.02196429,  0.38711532,  0.17723238,
       -0.04167083, -0.47793374, -0.0047176 ,  0.25098237, -0.33204219,
       -0.13760966,  0.23204874, -0.43795786,  0.41094513, -0.3445449 ,
        0.26284189,  0.44767444, -0.18250751, -0.44381038, -0.19803436,
       -0.50339833, -0.18229064,  0.20834964,  0.05014537,  0.46357458,
        0.05368339,  0.31438714,  0.20981759, -0.03112596, -0.27334171,
        0.48500808, -0.23345316, -0.14401468,  0.11838323, -0.24025538,
       -0.26544461, -0.2537454 ,  0.10590067,  0.37328927, -0.15048331,
        0.43563347, -0.46523344,  0.06954979,  0.03633615,  0.15936619,
       -0.02143783, -0.19788589, -0.09325653, -0.45553616,  0.14579285,
       -0.19112925,  0.32679001, -0.28196505, -0.13351396]) 

Generation: 89 
 - Generation Avg Fit: 466.8370094010805 
 - Best Fitness: 896.4331952387448 
 - Worst Fitness: 0.0
 - Best Solution: array([ 0.36335644, -0.06785031, -0.21053566, -0.10408366,  0.05680291,
       -0.44495727, -0.20206582, -0.16753617, -0.04461686, -0.0505199 ,
        0.30639238,  0.15944612, -0.02196429,  0.38711532,  0.17723238,
       -0.04167083, -0.47793374, -0.0047176 ,  0.25098237, -0.33204219,
       -0.13760966,  0.23204874, -0.43795786,  0.41094513, -0.3445449 ,
        0.26284189,  0.44767444, -0.18250751, -0.44381038, -0.19803436,
       -0.50339833, -0.18229064,  0.20834964,  0.05014537,  0.46357458,
        0.05368339,  0.31438714,  0.20981759, -0.03112596, -0.27334171,
        0.48500808, -0.23345316, -0.14401468,  0.11838323, -0.24025538,
       -0.26544461, -0.2537454 ,  0.10590067,  0.37328927, -0.15048331,
        0.43563347, -0.46523344,  0.06954979,  0.03633615,  0.15936619,
       -0.02143783, -0.19788589, -0.09325653, -0.45553616,  0.14579285,
       -0.19112925,  0.32679001, -0.28196505, -0.13351396]) 

Generation: 90 
 - Generation Avg Fit: 431.22444636914764 
 - Best Fitness: 896.4331952387448 
 - Worst Fitness: 0.0
 - Best Solution: array([ 0.36335644, -0.06785031, -0.21053566, -0.10408366,  0.05680291,
       -0.44495727, -0.20206582, -0.16753617, -0.04461686, -0.0505199 ,
        0.30639238,  0.15944612, -0.02196429,  0.38711532,  0.17723238,
       -0.04167083, -0.47793374, -0.0047176 ,  0.25098237, -0.33204219,
       -0.13760966,  0.23204874, -0.43795786,  0.41094513, -0.3445449 ,
        0.26284189,  0.44767444, -0.18250751, -0.44381038, -0.19803436,
       -0.50339833, -0.18229064,  0.20834964,  0.05014537,  0.46357458,
        0.05368339,  0.31438714,  0.20981759, -0.03112596, -0.27334171,
        0.48500808, -0.23345316, -0.14401468,  0.11838323, -0.24025538,
       -0.26544461, -0.2537454 ,  0.10590067,  0.37328927, -0.15048331,
        0.43563347, -0.46523344,  0.06954979,  0.03633615,  0.15936619,
       -0.02143783, -0.19788589, -0.09325653, -0.45553616,  0.14579285,
       -0.19112925,  0.32679001, -0.28196505, -0.13351396]) 

Generation: 91 
 - Generation Avg Fit: 459.9919291268076 
 - Best Fitness: 896.4331952387448 
 - Worst Fitness: 0.0
 - Best Solution: array([ 0.36335644, -0.06785031, -0.21053566, -0.10408366,  0.05680291,
       -0.44495727, -0.20206582, -0.16753617, -0.04461686, -0.0505199 ,
        0.30639238,  0.15944612, -0.02196429,  0.38711532,  0.17723238,
       -0.04167083, -0.47793374, -0.0047176 ,  0.25098237, -0.33204219,
       -0.13760966,  0.23204874, -0.43795786,  0.41094513, -0.3445449 ,
        0.26284189,  0.44767444, -0.18250751, -0.44381038, -0.19803436,
       -0.50339833, -0.18229064,  0.20834964,  0.05014537,  0.46357458,
        0.05368339,  0.31438714,  0.20981759, -0.03112596, -0.27334171,
        0.48500808, -0.23345316, -0.14401468,  0.11838323, -0.24025538,
       -0.26544461, -0.2537454 ,  0.10590067,  0.37328927, -0.15048331,
        0.43563347, -0.46523344,  0.06954979,  0.03633615,  0.15936619,
       -0.02143783, -0.19788589, -0.09325653, -0.45553616,  0.14579285,
       -0.19112925,  0.32679001, -0.28196505, -0.13351396]) 

Generation: 92 
 - Generation Avg Fit: 469.4475497285024 
 - Best Fitness: 896.4331952387448 
 - Worst Fitness: 0.0
 - Best Solution: array([ 0.36335644, -0.06785031, -0.21053566, -0.10408366,  0.05680291,
       -0.44495727, -0.20206582, -0.16753617, -0.04461686, -0.0505199 ,
        0.30639238,  0.15944612, -0.02196429,  0.38711532,  0.17723238,
       -0.04167083, -0.47793374, -0.0047176 ,  0.25098237, -0.33204219,
       -0.13760966,  0.23204874, -0.43795786,  0.41094513, -0.3445449 ,
        0.26284189,  0.44767444, -0.18250751, -0.44381038, -0.19803436,
       -0.50339833, -0.18229064,  0.20834964,  0.05014537,  0.46357458,
        0.05368339,  0.31438714,  0.20981759, -0.03112596, -0.27334171,
        0.48500808, -0.23345316, -0.14401468,  0.11838323, -0.24025538,
       -0.26544461, -0.2537454 ,  0.10590067,  0.37328927, -0.15048331,
        0.43563347, -0.46523344,  0.06954979,  0.03633615,  0.15936619,
       -0.02143783, -0.19788589, -0.09325653, -0.45553616,  0.14579285,
       -0.19112925,  0.32679001, -0.28196505, -0.13351396]) 

Generation: 93 
 - Generation Avg Fit: 453.3423811767867 
 - Best Fitness: 896.4331952387448 
 - Worst Fitness: 0.0
 - Best Solution: array([ 0.36335644, -0.06785031, -0.21053566, -0.10408366,  0.05680291,
       -0.44495727, -0.20206582, -0.16753617, -0.04461686, -0.0505199 ,
        0.30639238,  0.15944612, -0.02196429,  0.38711532,  0.17723238,
       -0.04167083, -0.47793374, -0.0047176 ,  0.25098237, -0.33204219,
       -0.13760966,  0.23204874, -0.43795786,  0.41094513, -0.3445449 ,
        0.26284189,  0.44767444, -0.18250751, -0.44381038, -0.19803436,
       -0.50339833, -0.18229064,  0.20834964,  0.05014537,  0.46357458,
        0.05368339,  0.31438714,  0.20981759, -0.03112596, -0.27334171,
        0.48500808, -0.23345316, -0.14401468,  0.11838323, -0.24025538,
       -0.26544461, -0.2537454 ,  0.10590067,  0.37328927, -0.15048331,
        0.43563347, -0.46523344,  0.06954979,  0.03633615,  0.15936619,
       -0.02143783, -0.19788589, -0.09325653, -0.45553616,  0.14579285,
       -0.19112925,  0.32679001, -0.28196505, -0.13351396]) 

Generation: 94 
 - Generation Avg Fit: 464.6607135846084 
 - Best Fitness: 896.4331952387448 
 - Worst Fitness: 0.0
 - Best Solution: array([ 0.36335644, -0.06785031, -0.21053566, -0.10408366,  0.05680291,
       -0.44495727, -0.20206582, -0.16753617, -0.04461686, -0.0505199 ,
        0.30639238,  0.15944612, -0.02196429,  0.38711532,  0.17723238,
       -0.04167083, -0.47793374, -0.0047176 ,  0.25098237, -0.33204219,
       -0.13760966,  0.23204874, -0.43795786,  0.41094513, -0.3445449 ,
        0.26284189,  0.44767444, -0.18250751, -0.44381038, -0.19803436,
       -0.50339833, -0.18229064,  0.20834964,  0.05014537,  0.46357458,
        0.05368339,  0.31438714,  0.20981759, -0.03112596, -0.27334171,
        0.48500808, -0.23345316, -0.14401468,  0.11838323, -0.24025538,
       -0.26544461, -0.2537454 ,  0.10590067,  0.37328927, -0.15048331,
        0.43563347, -0.46523344,  0.06954979,  0.03633615,  0.15936619,
       -0.02143783, -0.19788589, -0.09325653, -0.45553616,  0.14579285,
       -0.19112925,  0.32679001, -0.28196505, -0.13351396]) 

Generation: 95 
 - Generation Avg Fit: 475.7280310266289 
 - Best Fitness: 896.4331952387448 
 - Worst Fitness: 0.0
 - Best Solution: array([ 0.36335644, -0.06785031, -0.21053566, -0.10408366,  0.05680291,
       -0.44495727, -0.20206582, -0.16753617, -0.04461686, -0.0505199 ,
        0.30639238,  0.15944612, -0.02196429,  0.38711532,  0.17723238,
       -0.04167083, -0.47793374, -0.0047176 ,  0.25098237, -0.33204219,
       -0.13760966,  0.23204874, -0.43795786,  0.41094513, -0.3445449 ,
        0.26284189,  0.44767444, -0.18250751, -0.44381038, -0.19803436,
       -0.50339833, -0.18229064,  0.20834964,  0.05014537,  0.46357458,
        0.05368339,  0.31438714,  0.20981759, -0.03112596, -0.27334171,
        0.48500808, -0.23345316, -0.14401468,  0.11838323, -0.24025538,
       -0.26544461, -0.2537454 ,  0.10590067,  0.37328927, -0.15048331,
        0.43563347, -0.46523344,  0.06954979,  0.03633615,  0.15936619,
       -0.02143783, -0.19788589, -0.09325653, -0.45553616,  0.14579285,
       -0.19112925,  0.32679001, -0.28196505, -0.13351396]) 

Generation: 96 
 - Generation Avg Fit: 482.2291164395199 
 - Best Fitness: 896.4331952387448 
 - Worst Fitness: 0.0
 - Best Solution: array([ 0.36335644, -0.06785031, -0.21053566, -0.10408366,  0.05680291,
       -0.44495727, -0.20206582, -0.16753617, -0.04461686, -0.0505199 ,
        0.30639238,  0.15944612, -0.02196429,  0.38711532,  0.17723238,
       -0.04167083, -0.47793374, -0.0047176 ,  0.25098237, -0.33204219,
       -0.13760966,  0.23204874, -0.43795786,  0.41094513, -0.3445449 ,
        0.26284189,  0.44767444, -0.18250751, -0.44381038, -0.19803436,
       -0.50339833, -0.18229064,  0.20834964,  0.05014537,  0.46357458,
        0.05368339,  0.31438714,  0.20981759, -0.03112596, -0.27334171,
        0.48500808, -0.23345316, -0.14401468,  0.11838323, -0.24025538,
       -0.26544461, -0.2537454 ,  0.10590067,  0.37328927, -0.15048331,
        0.43563347, -0.46523344,  0.06954979,  0.03633615,  0.15936619,
       -0.02143783, -0.19788589, -0.09325653, -0.45553616,  0.14579285,
       -0.19112925,  0.32679001, -0.28196505, -0.13351396]) 

Generation: 97 
 - Generation Avg Fit: 471.5213279513168 
 - Best Fitness: 896.4331952387448 
 - Worst Fitness: 0.0
 - Best Solution: array([ 0.36335644, -0.06785031, -0.21053566, -0.10408366,  0.05680291,
       -0.44495727, -0.20206582, -0.16753617, -0.04461686, -0.0505199 ,
        0.30639238,  0.15944612, -0.02196429,  0.38711532,  0.17723238,
       -0.04167083, -0.47793374, -0.0047176 ,  0.25098237, -0.33204219,
       -0.13760966,  0.23204874, -0.43795786,  0.41094513, -0.3445449 ,
        0.26284189,  0.44767444, -0.18250751, -0.44381038, -0.19803436,
       -0.50339833, -0.18229064,  0.20834964,  0.05014537,  0.46357458,
        0.05368339,  0.31438714,  0.20981759, -0.03112596, -0.27334171,
        0.48500808, -0.23345316, -0.14401468,  0.11838323, -0.24025538,
       -0.26544461, -0.2537454 ,  0.10590067,  0.37328927, -0.15048331,
        0.43563347, -0.46523344,  0.06954979,  0.03633615,  0.15936619,
       -0.02143783, -0.19788589, -0.09325653, -0.45553616,  0.14579285,
       -0.19112925,  0.32679001, -0.28196505, -0.13351396]) 

Generation: 98 
 - Generation Avg Fit: 474.6144044136692 
 - Best Fitness: 896.4331952387448 
 - Worst Fitness: 0.0
 - Best Solution: array([ 0.36335644, -0.06785031, -0.21053566, -0.10408366,  0.05680291,
       -0.44495727, -0.20206582, -0.16753617, -0.04461686, -0.0505199 ,
        0.30639238,  0.15944612, -0.02196429,  0.38711532,  0.17723238,
       -0.04167083, -0.47793374, -0.0047176 ,  0.25098237, -0.33204219,
       -0.13760966,  0.23204874, -0.43795786,  0.41094513, -0.3445449 ,
        0.26284189,  0.44767444, -0.18250751, -0.44381038, -0.19803436,
       -0.50339833, -0.18229064,  0.20834964,  0.05014537,  0.46357458,
        0.05368339,  0.31438714,  0.20981759, -0.03112596, -0.27334171,
        0.48500808, -0.23345316, -0.14401468,  0.11838323, -0.24025538,
       -0.26544461, -0.2537454 ,  0.10590067,  0.37328927, -0.15048331,
        0.43563347, -0.46523344,  0.06954979,  0.03633615,  0.15936619,
       -0.02143783, -0.19788589, -0.09325653, -0.45553616,  0.14579285,
       -0.19112925,  0.32679001, -0.28196505, -0.13351396]) 

Generation: 99 
 - Generation Avg Fit: 470.24730006672473 
 - Best Fitness: 896.4331952387448 
 - Worst Fitness: 0.0
 - Best Solution: array([ 0.36335644, -0.06785031, -0.21053566, -0.10408366,  0.05680291,
       -0.44495727, -0.20206582, -0.16753617, -0.04461686, -0.0505199 ,
        0.30639238,  0.15944612, -0.02196429,  0.38711532,  0.17723238,
       -0.04167083, -0.47793374, -0.0047176 ,  0.25098237, -0.33204219,
       -0.13760966,  0.23204874, -0.43795786,  0.41094513, -0.3445449 ,
        0.26284189,  0.44767444, -0.18250751, -0.44381038, -0.19803436,
       -0.50339833, -0.18229064,  0.20834964,  0.05014537,  0.46357458,
        0.05368339,  0.31438714,  0.20981759, -0.03112596, -0.27334171,
        0.48500808, -0.23345316, -0.14401468,  0.11838323, -0.24025538,
       -0.26544461, -0.2537454 ,  0.10590067,  0.37328927, -0.15048331,
        0.43563347, -0.46523344,  0.06954979,  0.03633615,  0.15936619,
       -0.02143783, -0.19788589, -0.09325653, -0.45553616,  0.14579285,
       -0.19112925,  0.32679001, -0.28196505, -0.13351396]) 

Generation: 100 
 - Generation Avg Fit: 496.44581022851867 
 - Best Fitness: 896.4331952387448 
 - Worst Fitness: 0.0
 - Best Solution: array([ 0.36335644, -0.06785031, -0.21053566, -0.10408366,  0.05680291,
       -0.44495727, -0.20206582, -0.16753617, -0.04461686, -0.0505199 ,
        0.30639238,  0.15944612, -0.02196429,  0.38711532,  0.17723238,
       -0.04167083, -0.47793374, -0.0047176 ,  0.25098237, -0.33204219,
       -0.13760966,  0.23204874, -0.43795786,  0.41094513, -0.3445449 ,
        0.26284189,  0.44767444, -0.18250751, -0.44381038, -0.19803436,
       -0.50339833, -0.18229064,  0.20834964,  0.05014537,  0.46357458,
        0.05368339,  0.31438714,  0.20981759, -0.03112596, -0.27334171,
        0.48500808, -0.23345316, -0.14401468,  0.11838323, -0.24025538,
       -0.26544461, -0.2537454 ,  0.10590067,  0.37328927, -0.15048331,
        0.43563347, -0.46523344,  0.06954979,  0.03633615,  0.15936619,
       -0.02143783, -0.19788589, -0.09325653, -0.45553616,  0.14579285,
       -0.19112925,  0.32679001, -0.28196505, -0.13351396]) 
