
-------------------------------------------------------------------------------------------------------
                                --- Method Parameters ---                                            
-------------------------------------------------------------------------------------------------------

method: PyGAD, entity: hydrostat_reservoir, volume: 0.05, sim_duration: 100, dt: 0.05, 
fitness_func: pygad_fitness, pop_size: 200, gen_size: 100, weight_search: 0.5, 

-------------------------------------------------------------------------------------------------------
                                --- Pygad  Parameters ---                                            
-------------------------------------------------------------------------------------------------------

parent_selection_type: rank, parents mating: 100, keep parents: 100, crossover type: uniform, 
mutation type: random, mutation prob: 0.5, mutation_max_val: 0.01, mutation_min_val: -0.01, 

=======================================================================================================


Generation: 1 
 - Generation Avg Fit: 1.8986412592485187 
 - Best Fitness: 17.38915713038993 
 - Worst Fitness: 0.0
 - Best Solution: array([0., 0., 0., 0., 0., 0., 0., 0., 0., 0., 0., 0., 0., 0., 0., 0., 0.,
       0., 0., 0., 0., 0., 0., 0., 0., 0., 0., 0., 0., 0., 0., 0., 0., 0.,
       0., 0., 0., 0., 0., 0., 0., 0., 0., 0., 0., 0., 0., 0., 0., 0., 0.,
       0., 0., 0., 0., 0., 0., 0., 0., 0., 0., 0., 0., 0.]) 

Generation: 2 
 - Generation Avg Fit: 2.543397425251219 
 - Best Fitness: 17.38915713038993 
 - Worst Fitness: 0.0
 - Best Solution: array([-0.39312022,  0.37399941,  0.29539396, -0.49286982,  0.26780581,
       -0.24273051, -0.0878486 , -0.30046902,  0.43429057, -0.13672071,
       -0.36484215,  0.04568726, -0.44287648,  0.25975584, -0.3943102 ,
       -0.41072458, -0.14032389, -0.30752784, -0.2742744 ,  0.07264943,
       -0.40898609,  0.49384094, -0.14123387,  0.25160561,  0.25200398,
       -0.23661061, -0.31364544, -0.18418384, -0.19256625, -0.19943118,
       -0.04658594, -0.26476092, -0.26660128,  0.30516869,  0.18793172,
        0.34014444,  0.11796937, -0.49707503,  0.14861058, -0.45229919,
        0.30716949,  0.05606277,  0.2220747 ,  0.01398441, -0.17507929,
       -0.27114231, -0.38160802, -0.01791413, -0.20636815,  0.36875128,
       -0.27554131, -0.01401096,  0.42559608, -0.4065454 , -0.34387814,
       -0.41604483, -0.20536528, -0.05468655, -0.0256847 , -0.25168519,
       -0.39060215, -0.13130976,  0.27382849,  0.29976186]) 

Generation: 3 
 - Generation Avg Fit: 2.472751753249899 
 - Best Fitness: 17.38915713038993 
 - Worst Fitness: 0.0
 - Best Solution: array([-0.39312022,  0.37399941,  0.29539396, -0.49286982,  0.26780581,
       -0.24273051, -0.0878486 , -0.30046902,  0.43429057, -0.13672071,
       -0.36484215,  0.04568726, -0.44287648,  0.25975584, -0.3943102 ,
       -0.41072458, -0.14032389, -0.30752784, -0.2742744 ,  0.07264943,
       -0.40898609,  0.49384094, -0.14123387,  0.25160561,  0.25200398,
       -0.23661061, -0.31364544, -0.18418384, -0.19256625, -0.19943118,
       -0.04658594, -0.26476092, -0.26660128,  0.30516869,  0.18793172,
        0.34014444,  0.11796937, -0.49707503,  0.14861058, -0.45229919,
        0.30716949,  0.05606277,  0.2220747 ,  0.01398441, -0.17507929,
       -0.27114231, -0.38160802, -0.01791413, -0.20636815,  0.36875128,
       -0.27554131, -0.01401096,  0.42559608, -0.4065454 , -0.34387814,
       -0.41604483, -0.20536528, -0.05468655, -0.0256847 , -0.25168519,
       -0.39060215, -0.13130976,  0.27382849,  0.29976186]) 

Generation: 4 
 - Generation Avg Fit: 2.3452532163823947 
 - Best Fitness: 17.38915713038993 
 - Worst Fitness: 0.0
 - Best Solution: array([-0.39312022,  0.37399941,  0.29539396, -0.49286982,  0.26780581,
       -0.24273051, -0.0878486 , -0.30046902,  0.43429057, -0.13672071,
       -0.36484215,  0.04568726, -0.44287648,  0.25975584, -0.3943102 ,
       -0.41072458, -0.14032389, -0.30752784, -0.2742744 ,  0.07264943,
       -0.40898609,  0.49384094, -0.14123387,  0.25160561,  0.25200398,
       -0.23661061, -0.31364544, -0.18418384, -0.19256625, -0.19943118,
       -0.04658594, -0.26476092, -0.26660128,  0.30516869,  0.18793172,
        0.34014444,  0.11796937, -0.49707503,  0.14861058, -0.45229919,
        0.30716949,  0.05606277,  0.2220747 ,  0.01398441, -0.17507929,
       -0.27114231, -0.38160802, -0.01791413, -0.20636815,  0.36875128,
       -0.27554131, -0.01401096,  0.42559608, -0.4065454 , -0.34387814,
       -0.41604483, -0.20536528, -0.05468655, -0.0256847 , -0.25168519,
       -0.39060215, -0.13130976,  0.27382849,  0.29976186]) 

Generation: 5 
 - Generation Avg Fit: 2.416990539498867 
 - Best Fitness: 17.38915713038993 
 - Worst Fitness: 0.0
 - Best Solution: array([-0.39312022,  0.37399941,  0.29539396, -0.49286982,  0.26780581,
       -0.24273051, -0.0878486 , -0.30046902,  0.43429057, -0.13672071,
       -0.36484215,  0.04568726, -0.44287648,  0.25975584, -0.3943102 ,
       -0.41072458, -0.14032389, -0.30752784, -0.2742744 ,  0.07264943,
       -0.40898609,  0.49384094, -0.14123387,  0.25160561,  0.25200398,
       -0.23661061, -0.31364544, -0.18418384, -0.19256625, -0.19943118,
       -0.04658594, -0.26476092, -0.26660128,  0.30516869,  0.18793172,
        0.34014444,  0.11796937, -0.49707503,  0.14861058, -0.45229919,
        0.30716949,  0.05606277,  0.2220747 ,  0.01398441, -0.17507929,
       -0.27114231, -0.38160802, -0.01791413, -0.20636815,  0.36875128,
       -0.27554131, -0.01401096,  0.42559608, -0.4065454 , -0.34387814,
       -0.41604483, -0.20536528, -0.05468655, -0.0256847 , -0.25168519,
       -0.39060215, -0.13130976,  0.27382849,  0.29976186]) 

Generation: 6 
 - Generation Avg Fit: 2.4848892277815477 
 - Best Fitness: 17.38915713038993 
 - Worst Fitness: 0.0
 - Best Solution: array([-0.39312022,  0.37399941,  0.29539396, -0.49286982,  0.26780581,
       -0.24273051, -0.0878486 , -0.30046902,  0.43429057, -0.13672071,
       -0.36484215,  0.04568726, -0.44287648,  0.25975584, -0.3943102 ,
       -0.41072458, -0.14032389, -0.30752784, -0.2742744 ,  0.07264943,
       -0.40898609,  0.49384094, -0.14123387,  0.25160561,  0.25200398,
       -0.23661061, -0.31364544, -0.18418384, -0.19256625, -0.19943118,
       -0.04658594, -0.26476092, -0.26660128,  0.30516869,  0.18793172,
        0.34014444,  0.11796937, -0.49707503,  0.14861058, -0.45229919,
        0.30716949,  0.05606277,  0.2220747 ,  0.01398441, -0.17507929,
       -0.27114231, -0.38160802, -0.01791413, -0.20636815,  0.36875128,
       -0.27554131, -0.01401096,  0.42559608, -0.4065454 , -0.34387814,
       -0.41604483, -0.20536528, -0.05468655, -0.0256847 , -0.25168519,
       -0.39060215, -0.13130976,  0.27382849,  0.29976186]) 

Generation: 7 
 - Generation Avg Fit: 2.6025903163567103 
 - Best Fitness: 20.987440775339792 
 - Worst Fitness: 0.0
 - Best Solution: array([-0.18805847, -0.47640227, -0.31108279, -0.21818052, -0.3473065 ,
        0.01420099,  0.22654125,  0.26688357, -0.33510934,  0.05561593,
        0.1710292 , -0.09086677,  0.03582566, -0.29633992,  0.17808243,
       -0.44018277,  0.29081988, -0.49315233, -0.03514782, -0.33745325,
       -0.02496666, -0.34718535,  0.17415881, -0.049825  ,  0.28646659,
       -0.22363823, -0.43438378, -0.33015022, -0.15271699, -0.31005455,
       -0.44057245, -0.45483306,  0.16202806, -0.26676826, -0.06376646,
        0.28098251, -0.19481913,  0.07152011, -0.48842116, -0.28481775,
        0.29996426,  0.37943559,  0.05280947,  0.3403321 , -0.36615137,
       -0.29525698, -0.29665156,  0.28112501, -0.18918605, -0.16861859,
       -0.05225676, -0.10343368, -0.35128113, -0.50302418, -0.45808221,
       -0.2521675 , -0.39955118, -0.49098255, -0.31977801,  0.20217727,
       -0.24223876, -0.36560293, -0.36143878,  0.26822892]) 

Generation: 8 
 - Generation Avg Fit: 2.6537826968396865 
 - Best Fitness: 20.987440775339792 
 - Worst Fitness: 0.0
 - Best Solution: array([-0.39312022,  0.37399941,  0.29539396, -0.49286982,  0.26780581,
       -0.24273051, -0.0878486 , -0.30046902,  0.43429057, -0.13672071,
       -0.36484215,  0.04568726, -0.44287648,  0.25975584, -0.3943102 ,
       -0.41072458, -0.14032389, -0.30752784, -0.2742744 ,  0.07264943,
       -0.40898609,  0.49384094, -0.14123387,  0.25160561,  0.25200398,
       -0.23661061, -0.31364544, -0.18418384, -0.19256625, -0.19943118,
       -0.04658594, -0.26476092, -0.26660128,  0.30516869,  0.18793172,
        0.34014444,  0.11796937, -0.49707503,  0.14861058, -0.45229919,
        0.30716949,  0.05606277,  0.2220747 ,  0.01398441, -0.17507929,
       -0.27114231, -0.38160802, -0.01791413, -0.20636815,  0.36875128,
       -0.27554131, -0.01401096,  0.42559608, -0.4065454 , -0.34387814,
       -0.41604483, -0.20536528, -0.05468655, -0.0256847 , -0.25168519,
       -0.39060215, -0.13130976,  0.27382849,  0.29976186]) 

Generation: 9 
 - Generation Avg Fit: 2.688691488508907 
 - Best Fitness: 20.987440775339792 
 - Worst Fitness: 0.0
 - Best Solution: array([-0.18805847, -0.47640227, -0.31108279, -0.21818052, -0.3473065 ,
        0.01420099,  0.22654125,  0.26688357, -0.33510934,  0.05561593,
        0.1710292 , -0.09086677,  0.03582566, -0.29633992,  0.17808243,
       -0.44018277,  0.29081988, -0.49315233, -0.03514782, -0.33745325,
       -0.02496666, -0.34718535,  0.17415881, -0.049825  ,  0.28646659,
       -0.22363823, -0.43438378, -0.33015022, -0.15271699, -0.31005455,
       -0.44057245, -0.45483306,  0.16202806, -0.26676826, -0.06376646,
        0.28098251, -0.19481913,  0.07152011, -0.48842116, -0.28481775,
        0.29996426,  0.37943559,  0.05280947,  0.3403321 , -0.36615137,
       -0.29525698, -0.29665156,  0.28112501, -0.18918605, -0.16861859,
       -0.05225676, -0.10343368, -0.35128113, -0.50302418, -0.45808221,
       -0.2521675 , -0.39955118, -0.49098255, -0.31977801,  0.20217727,
       -0.24223876, -0.36560293, -0.36143878,  0.26822892]) 

Generation: 10 
 - Generation Avg Fit: 2.7287665559158687 
 - Best Fitness: 20.987440775339792 
 - Worst Fitness: 0.0
 - Best Solution: array([-0.18805847, -0.47640227, -0.31108279, -0.21818052, -0.3473065 ,
        0.01420099,  0.22654125,  0.26688357, -0.33510934,  0.05561593,
        0.1710292 , -0.09086677,  0.03582566, -0.29633992,  0.17808243,
       -0.44018277,  0.29081988, -0.49315233, -0.03514782, -0.33745325,
       -0.02496666, -0.34718535,  0.17415881, -0.049825  ,  0.28646659,
       -0.22363823, -0.43438378, -0.33015022, -0.15271699, -0.31005455,
       -0.44057245, -0.45483306,  0.16202806, -0.26676826, -0.06376646,
        0.28098251, -0.19481913,  0.07152011, -0.48842116, -0.28481775,
        0.29996426,  0.37943559,  0.05280947,  0.3403321 , -0.36615137,
       -0.29525698, -0.29665156,  0.28112501, -0.18918605, -0.16861859,
       -0.05225676, -0.10343368, -0.35128113, -0.50302418, -0.45808221,
       -0.2521675 , -0.39955118, -0.49098255, -0.31977801,  0.20217727,
       -0.24223876, -0.36560293, -0.36143878,  0.26822892]) 

Generation: 11 
 - Generation Avg Fit: 2.8059888458240927 
 - Best Fitness: 20.987440775339792 
 - Worst Fitness: 0.0
 - Best Solution: array([-0.18805847, -0.47640227, -0.31108279, -0.21818052, -0.3473065 ,
        0.01420099,  0.22654125,  0.26688357, -0.33510934,  0.05561593,
        0.1710292 , -0.09086677,  0.03582566, -0.29633992,  0.17808243,
       -0.44018277,  0.29081988, -0.49315233, -0.03514782, -0.33745325,
       -0.02496666, -0.34718535,  0.17415881, -0.049825  ,  0.28646659,
       -0.22363823, -0.43438378, -0.33015022, -0.15271699, -0.31005455,
       -0.44057245, -0.45483306,  0.16202806, -0.26676826, -0.06376646,
        0.28098251, -0.19481913,  0.07152011, -0.48842116, -0.28481775,
        0.29996426,  0.37943559,  0.05280947,  0.3403321 , -0.36615137,
       -0.29525698, -0.29665156,  0.28112501, -0.18918605, -0.16861859,
       -0.05225676, -0.10343368, -0.35128113, -0.50302418, -0.45808221,
       -0.2521675 , -0.39955118, -0.49098255, -0.31977801,  0.20217727,
       -0.24223876, -0.36560293, -0.36143878,  0.26822892]) 

Generation: 12 
 - Generation Avg Fit: 2.849574685415455 
 - Best Fitness: 20.987440775339792 
 - Worst Fitness: 0.0
 - Best Solution: array([-0.18805847, -0.47640227, -0.31108279, -0.21818052, -0.3473065 ,
        0.01420099,  0.22654125,  0.26688357, -0.33510934,  0.05561593,
        0.1710292 , -0.09086677,  0.03582566, -0.29633992,  0.17808243,
       -0.44018277,  0.29081988, -0.49315233, -0.03514782, -0.33745325,
       -0.02496666, -0.34718535,  0.17415881, -0.049825  ,  0.28646659,
       -0.22363823, -0.43438378, -0.33015022, -0.15271699, -0.31005455,
       -0.44057245, -0.45483306,  0.16202806, -0.26676826, -0.06376646,
        0.28098251, -0.19481913,  0.07152011, -0.48842116, -0.28481775,
        0.29996426,  0.37943559,  0.05280947,  0.3403321 , -0.36615137,
       -0.29525698, -0.29665156,  0.28112501, -0.18918605, -0.16861859,
       -0.05225676, -0.10343368, -0.35128113, -0.50302418, -0.45808221,
       -0.2521675 , -0.39955118, -0.49098255, -0.31977801,  0.20217727,
       -0.24223876, -0.36560293, -0.36143878,  0.26822892]) 

Generation: 13 
 - Generation Avg Fit: 2.9541672509470556 
 - Best Fitness: 20.987440775339792 
 - Worst Fitness: 0.0
 - Best Solution: array([-0.18805847, -0.47640227, -0.31108279, -0.21818052, -0.3473065 ,
        0.01420099,  0.22654125,  0.26688357, -0.33510934,  0.05561593,
        0.1710292 , -0.09086677,  0.03582566, -0.29633992,  0.17808243,
       -0.44018277,  0.29081988, -0.49315233, -0.03514782, -0.33745325,
       -0.02496666, -0.34718535,  0.17415881, -0.049825  ,  0.28646659,
       -0.22363823, -0.43438378, -0.33015022, -0.15271699, -0.31005455,
       -0.44057245, -0.45483306,  0.16202806, -0.26676826, -0.06376646,
        0.28098251, -0.19481913,  0.07152011, -0.48842116, -0.28481775,
        0.29996426,  0.37943559,  0.05280947,  0.3403321 , -0.36615137,
       -0.29525698, -0.29665156,  0.28112501, -0.18918605, -0.16861859,
       -0.05225676, -0.10343368, -0.35128113, -0.50302418, -0.45808221,
       -0.2521675 , -0.39955118, -0.49098255, -0.31977801,  0.20217727,
       -0.24223876, -0.36560293, -0.36143878,  0.26822892]) 

Generation: 14 
 - Generation Avg Fit: 3.0238975629097387 
 - Best Fitness: 20.987440775339792 
 - Worst Fitness: 0.0
 - Best Solution: array([-0.18805847, -0.47640227, -0.31108279, -0.21818052, -0.3473065 ,
        0.01420099,  0.22654125,  0.26688357, -0.33510934,  0.05561593,
        0.1710292 , -0.09086677,  0.03582566, -0.29633992,  0.17808243,
       -0.44018277,  0.29081988, -0.49315233, -0.03514782, -0.33745325,
       -0.02496666, -0.34718535,  0.17415881, -0.049825  ,  0.28646659,
       -0.22363823, -0.43438378, -0.33015022, -0.15271699, -0.31005455,
       -0.44057245, -0.45483306,  0.16202806, -0.26676826, -0.06376646,
        0.28098251, -0.19481913,  0.07152011, -0.48842116, -0.28481775,
        0.29996426,  0.37943559,  0.05280947,  0.3403321 , -0.36615137,
       -0.29525698, -0.29665156,  0.28112501, -0.18918605, -0.16861859,
       -0.05225676, -0.10343368, -0.35128113, -0.50302418, -0.45808221,
       -0.2521675 , -0.39955118, -0.49098255, -0.31977801,  0.20217727,
       -0.24223876, -0.36560293, -0.36143878,  0.26822892]) 

Generation: 15 
 - Generation Avg Fit: 3.035433465757924 
 - Best Fitness: 20.987440775339792 
 - Worst Fitness: 0.0
 - Best Solution: array([-0.18805847, -0.47640227, -0.31108279, -0.21818052, -0.3473065 ,
        0.01420099,  0.22654125,  0.26688357, -0.33510934,  0.05561593,
        0.1710292 , -0.09086677,  0.03582566, -0.29633992,  0.17808243,
       -0.44018277,  0.29081988, -0.49315233, -0.03514782, -0.33745325,
       -0.02496666, -0.34718535,  0.17415881, -0.049825  ,  0.28646659,
       -0.22363823, -0.43438378, -0.33015022, -0.15271699, -0.31005455,
       -0.44057245, -0.45483306,  0.16202806, -0.26676826, -0.06376646,
        0.28098251, -0.19481913,  0.07152011, -0.48842116, -0.28481775,
        0.29996426,  0.37943559,  0.05280947,  0.3403321 , -0.36615137,
       -0.29525698, -0.29665156,  0.28112501, -0.18918605, -0.16861859,
       -0.05225676, -0.10343368, -0.35128113, -0.50302418, -0.45808221,
       -0.2521675 , -0.39955118, -0.49098255, -0.31977801,  0.20217727,
       -0.24223876, -0.36560293, -0.36143878,  0.26822892]) 

Generation: 16 
 - Generation Avg Fit: 3.3410462803205236 
 - Best Fitness: 21.30733808048148 
 - Worst Fitness: 0.0
 - Best Solution: array([-0.00482933, -0.11362361, -0.32109215,  0.18432736,  0.44015279,
        0.24192839, -0.19652113,  0.23990191,  0.37263569, -0.09861856,
       -0.0983449 , -0.08023456,  0.21443119, -0.09761438, -0.03005664,
       -0.37103239, -0.24913722,  0.50504504, -0.30806401, -0.32381545,
       -0.23436493, -0.38717654, -0.08349865, -0.35661715,  0.27117978,
        0.01172279,  0.35570057,  0.37961649, -0.15584127, -0.44050932,
       -0.07914367,  0.48652448,  0.33949284, -0.08007402, -0.20689845,
       -0.35576221, -0.07698684,  0.06933556,  0.50346571, -0.16152977,
       -0.47704182, -0.30549888, -0.26924408,  0.3397626 , -0.17228765,
        0.0558568 ,  0.29376717, -0.2511442 , -0.20369438, -0.47972932,
       -0.16529715, -0.28519661,  0.07060081, -0.35483604, -0.03684021,
       -0.16248359, -0.47492276,  0.31270161, -0.15325806, -0.27658511,
       -0.35651698, -0.08491735, -0.46843797, -0.11749372]) 

Generation: 17 
 - Generation Avg Fit: 3.3163324172333573 
 - Best Fitness: 21.30733808048148 
 - Worst Fitness: 0.0
 - Best Solution: array([-0.18805847, -0.47640227, -0.31108279, -0.21818052, -0.3473065 ,
        0.01420099,  0.22654125,  0.26688357, -0.33510934,  0.05561593,
        0.1710292 , -0.09086677,  0.03582566, -0.29633992,  0.17808243,
       -0.44018277,  0.29081988, -0.49315233, -0.03514782, -0.33745325,
       -0.02496666, -0.34718535,  0.17415881, -0.049825  ,  0.28646659,
       -0.22363823, -0.43438378, -0.33015022, -0.15271699, -0.31005455,
       -0.44057245, -0.45483306,  0.16202806, -0.26676826, -0.06376646,
        0.28098251, -0.19481913,  0.07152011, -0.48842116, -0.28481775,
        0.29996426,  0.37943559,  0.05280947,  0.3403321 , -0.36615137,
       -0.29525698, -0.29665156,  0.28112501, -0.18918605, -0.16861859,
       -0.05225676, -0.10343368, -0.35128113, -0.50302418, -0.45808221,
       -0.2521675 , -0.39955118, -0.49098255, -0.31977801,  0.20217727,
       -0.24223876, -0.36560293, -0.36143878,  0.26822892]) 

Generation: 18 
 - Generation Avg Fit: 3.2830963592239617 
 - Best Fitness: 21.30733808048148 
 - Worst Fitness: 0.0
 - Best Solution: array([-0.00482933, -0.11362361, -0.32109215,  0.18432736,  0.44015279,
        0.24192839, -0.19652113,  0.23990191,  0.37263569, -0.09861856,
       -0.0983449 , -0.08023456,  0.21443119, -0.09761438, -0.03005664,
       -0.37103239, -0.24913722,  0.50504504, -0.30806401, -0.32381545,
       -0.23436493, -0.38717654, -0.08349865, -0.35661715,  0.27117978,
        0.01172279,  0.35570057,  0.37961649, -0.15584127, -0.44050932,
       -0.07914367,  0.48652448,  0.33949284, -0.08007402, -0.20689845,
       -0.35576221, -0.07698684,  0.06933556,  0.50346571, -0.16152977,
       -0.47704182, -0.30549888, -0.26924408,  0.3397626 , -0.17228765,
        0.0558568 ,  0.29376717, -0.2511442 , -0.20369438, -0.47972932,
       -0.16529715, -0.28519661,  0.07060081, -0.35483604, -0.03684021,
       -0.16248359, -0.47492276,  0.31270161, -0.15325806, -0.27658511,
       -0.35651698, -0.08491735, -0.46843797, -0.11749372]) 

Generation: 19 
 - Generation Avg Fit: 3.4000283289775366 
 - Best Fitness: 21.30733808048148 
 - Worst Fitness: 0.0
 - Best Solution: array([-0.00482933, -0.11362361, -0.32109215,  0.18432736,  0.44015279,
        0.24192839, -0.19652113,  0.23990191,  0.37263569, -0.09861856,
       -0.0983449 , -0.08023456,  0.21443119, -0.09761438, -0.03005664,
       -0.37103239, -0.24913722,  0.50504504, -0.30806401, -0.32381545,
       -0.23436493, -0.38717654, -0.08349865, -0.35661715,  0.27117978,
        0.01172279,  0.35570057,  0.37961649, -0.15584127, -0.44050932,
       -0.07914367,  0.48652448,  0.33949284, -0.08007402, -0.20689845,
       -0.35576221, -0.07698684,  0.06933556,  0.50346571, -0.16152977,
       -0.47704182, -0.30549888, -0.26924408,  0.3397626 , -0.17228765,
        0.0558568 ,  0.29376717, -0.2511442 , -0.20369438, -0.47972932,
       -0.16529715, -0.28519661,  0.07060081, -0.35483604, -0.03684021,
       -0.16248359, -0.47492276,  0.31270161, -0.15325806, -0.27658511,
       -0.35651698, -0.08491735, -0.46843797, -0.11749372]) 

Generation: 20 
 - Generation Avg Fit: 3.622720884011005 
 - Best Fitness: 22.788015334188803 
 - Worst Fitness: 0.0
 - Best Solution: array([-0.17848807, -0.47221776, -0.32109215,  0.11432705,  0.44096541,
        0.25152707, -0.12650589,  0.14794834, -0.10275015, -0.2878251 ,
       -0.11130505, -0.01329982, -0.04243712, -0.26947666, -0.02073106,
       -0.44220165, -0.17072855, -0.01863179,  0.08789883, -0.32381545,
       -0.03571799, -0.37720463,  0.16749983, -0.3123061 ,  0.22025164,
       -0.34626139, -0.1291656 , -0.40180183,  0.03151785,  0.06300554,
        0.47836887,  0.48268715,  0.46837934,  0.33072793, -0.26329401,
        0.43969804,  0.28578811,  0.02923055, -0.04698835, -0.08781903,
       -0.19994267, -0.00732807,  0.25303128,  0.03573605,  0.06488645,
       -0.093773  ,  0.29548393, -0.37260828, -0.04746366,  0.17973255,
        0.34788745, -0.29357497,  0.30548256,  0.03182489, -0.04647288,
       -0.16123173, -0.28476865, -0.38497512, -0.38530618, -0.26303589,
       -0.46071277,  0.30602955, -0.35358952, -0.11371586]) 

Generation: 21 
 - Generation Avg Fit: 3.569521719906457 
 - Best Fitness: 22.788015334188803 
 - Worst Fitness: 0.0
 - Best Solution: array([-0.00482933, -0.11362361, -0.32109215,  0.18432736,  0.44015279,
        0.24192839, -0.19652113,  0.23990191,  0.37263569, -0.09861856,
       -0.0983449 , -0.08023456,  0.21443119, -0.09761438, -0.03005664,
       -0.37103239, -0.24913722,  0.50504504, -0.30806401, -0.32381545,
       -0.23436493, -0.38717654, -0.08349865, -0.35661715,  0.27117978,
        0.01172279,  0.35570057,  0.37961649, -0.15584127, -0.44050932,
       -0.07914367,  0.48652448,  0.33949284, -0.08007402, -0.20689845,
       -0.35576221, -0.07698684,  0.06933556,  0.50346571, -0.16152977,
       -0.47704182, -0.30549888, -0.26924408,  0.3397626 , -0.17228765,
        0.0558568 ,  0.29376717, -0.2511442 , -0.20369438, -0.47972932,
       -0.16529715, -0.28519661,  0.07060081, -0.35483604, -0.03684021,
       -0.16248359, -0.47492276,  0.31270161, -0.15325806, -0.27658511,
       -0.35651698, -0.08491735, -0.46843797, -0.11749372]) 

Generation: 22 
 - Generation Avg Fit: 3.8758841304394256 
 - Best Fitness: 22.788015334188803 
 - Worst Fitness: 0.0
 - Best Solution: array([-0.17848807, -0.47221776, -0.32109215,  0.11432705,  0.44096541,
        0.25152707, -0.12650589,  0.14794834, -0.10275015, -0.2878251 ,
       -0.11130505, -0.01329982, -0.04243712, -0.26947666, -0.02073106,
       -0.44220165, -0.17072855, -0.01863179,  0.08789883, -0.32381545,
       -0.03571799, -0.37720463,  0.16749983, -0.3123061 ,  0.22025164,
       -0.34626139, -0.1291656 , -0.40180183,  0.03151785,  0.06300554,
        0.47836887,  0.48268715,  0.46837934,  0.33072793, -0.26329401,
        0.43969804,  0.28578811,  0.02923055, -0.04698835, -0.08781903,
       -0.19994267, -0.00732807,  0.25303128,  0.03573605,  0.06488645,
       -0.093773  ,  0.29548393, -0.37260828, -0.04746366,  0.17973255,
        0.34788745, -0.29357497,  0.30548256,  0.03182489, -0.04647288,
       -0.16123173, -0.28476865, -0.38497512, -0.38530618, -0.26303589,
       -0.46071277,  0.30602955, -0.35358952, -0.11371586]) 

Generation: 23 
 - Generation Avg Fit: 3.761016856411844 
 - Best Fitness: 22.788015334188803 
 - Worst Fitness: 0.0
 - Best Solution: array([-0.17848807, -0.47221776, -0.32109215,  0.11432705,  0.44096541,
        0.25152707, -0.12650589,  0.14794834, -0.10275015, -0.2878251 ,
       -0.11130505, -0.01329982, -0.04243712, -0.26947666, -0.02073106,
       -0.44220165, -0.17072855, -0.01863179,  0.08789883, -0.32381545,
       -0.03571799, -0.37720463,  0.16749983, -0.3123061 ,  0.22025164,
       -0.34626139, -0.1291656 , -0.40180183,  0.03151785,  0.06300554,
        0.47836887,  0.48268715,  0.46837934,  0.33072793, -0.26329401,
        0.43969804,  0.28578811,  0.02923055, -0.04698835, -0.08781903,
       -0.19994267, -0.00732807,  0.25303128,  0.03573605,  0.06488645,
       -0.093773  ,  0.29548393, -0.37260828, -0.04746366,  0.17973255,
        0.34788745, -0.29357497,  0.30548256,  0.03182489, -0.04647288,
       -0.16123173, -0.28476865, -0.38497512, -0.38530618, -0.26303589,
       -0.46071277,  0.30602955, -0.35358952, -0.11371586]) 

Generation: 24 
 - Generation Avg Fit: 3.9216710037561295 
 - Best Fitness: 22.788015334188803 
 - Worst Fitness: 0.0
 - Best Solution: array([-0.17848807, -0.47221776, -0.32109215,  0.11432705,  0.44096541,
        0.25152707, -0.12650589,  0.14794834, -0.10275015, -0.2878251 ,
       -0.11130505, -0.01329982, -0.04243712, -0.26947666, -0.02073106,
       -0.44220165, -0.17072855, -0.01863179,  0.08789883, -0.32381545,
       -0.03571799, -0.37720463,  0.16749983, -0.3123061 ,  0.22025164,
       -0.34626139, -0.1291656 , -0.40180183,  0.03151785,  0.06300554,
        0.47836887,  0.48268715,  0.46837934,  0.33072793, -0.26329401,
        0.43969804,  0.28578811,  0.02923055, -0.04698835, -0.08781903,
       -0.19994267, -0.00732807,  0.25303128,  0.03573605,  0.06488645,
       -0.093773  ,  0.29548393, -0.37260828, -0.04746366,  0.17973255,
        0.34788745, -0.29357497,  0.30548256,  0.03182489, -0.04647288,
       -0.16123173, -0.28476865, -0.38497512, -0.38530618, -0.26303589,
       -0.46071277,  0.30602955, -0.35358952, -0.11371586]) 

Generation: 25 
 - Generation Avg Fit: 3.96481566056229 
 - Best Fitness: 22.788015334188803 
 - Worst Fitness: 0.0
 - Best Solution: array([-0.17848807, -0.47221776, -0.32109215,  0.11432705,  0.44096541,
        0.25152707, -0.12650589,  0.14794834, -0.10275015, -0.2878251 ,
       -0.11130505, -0.01329982, -0.04243712, -0.26947666, -0.02073106,
       -0.44220165, -0.17072855, -0.01863179,  0.08789883, -0.32381545,
       -0.03571799, -0.37720463,  0.16749983, -0.3123061 ,  0.22025164,
       -0.34626139, -0.1291656 , -0.40180183,  0.03151785,  0.06300554,
        0.47836887,  0.48268715,  0.46837934,  0.33072793, -0.26329401,
        0.43969804,  0.28578811,  0.02923055, -0.04698835, -0.08781903,
       -0.19994267, -0.00732807,  0.25303128,  0.03573605,  0.06488645,
       -0.093773  ,  0.29548393, -0.37260828, -0.04746366,  0.17973255,
        0.34788745, -0.29357497,  0.30548256,  0.03182489, -0.04647288,
       -0.16123173, -0.28476865, -0.38497512, -0.38530618, -0.26303589,
       -0.46071277,  0.30602955, -0.35358952, -0.11371586]) 

Generation: 26 
 - Generation Avg Fit: 4.018091022784061 
 - Best Fitness: 22.788015334188803 
 - Worst Fitness: 0.0
 - Best Solution: array([-0.17848807, -0.47221776, -0.32109215,  0.11432705,  0.44096541,
        0.25152707, -0.12650589,  0.14794834, -0.10275015, -0.2878251 ,
       -0.11130505, -0.01329982, -0.04243712, -0.26947666, -0.02073106,
       -0.44220165, -0.17072855, -0.01863179,  0.08789883, -0.32381545,
       -0.03571799, -0.37720463,  0.16749983, -0.3123061 ,  0.22025164,
       -0.34626139, -0.1291656 , -0.40180183,  0.03151785,  0.06300554,
        0.47836887,  0.48268715,  0.46837934,  0.33072793, -0.26329401,
        0.43969804,  0.28578811,  0.02923055, -0.04698835, -0.08781903,
       -0.19994267, -0.00732807,  0.25303128,  0.03573605,  0.06488645,
       -0.093773  ,  0.29548393, -0.37260828, -0.04746366,  0.17973255,
        0.34788745, -0.29357497,  0.30548256,  0.03182489, -0.04647288,
       -0.16123173, -0.28476865, -0.38497512, -0.38530618, -0.26303589,
       -0.46071277,  0.30602955, -0.35358952, -0.11371586]) 

Generation: 27 
 - Generation Avg Fit: 4.00730184148029 
 - Best Fitness: 22.788015334188803 
 - Worst Fitness: 0.0
 - Best Solution: array([-0.17848807, -0.47221776, -0.32109215,  0.11432705,  0.44096541,
        0.25152707, -0.12650589,  0.14794834, -0.10275015, -0.2878251 ,
       -0.11130505, -0.01329982, -0.04243712, -0.26947666, -0.02073106,
       -0.44220165, -0.17072855, -0.01863179,  0.08789883, -0.32381545,
       -0.03571799, -0.37720463,  0.16749983, -0.3123061 ,  0.22025164,
       -0.34626139, -0.1291656 , -0.40180183,  0.03151785,  0.06300554,
        0.47836887,  0.48268715,  0.46837934,  0.33072793, -0.26329401,
        0.43969804,  0.28578811,  0.02923055, -0.04698835, -0.08781903,
       -0.19994267, -0.00732807,  0.25303128,  0.03573605,  0.06488645,
       -0.093773  ,  0.29548393, -0.37260828, -0.04746366,  0.17973255,
        0.34788745, -0.29357497,  0.30548256,  0.03182489, -0.04647288,
       -0.16123173, -0.28476865, -0.38497512, -0.38530618, -0.26303589,
       -0.46071277,  0.30602955, -0.35358952, -0.11371586]) 

Generation: 28 
 - Generation Avg Fit: 4.111910261540985 
 - Best Fitness: 22.788015334188803 
 - Worst Fitness: 0.0
 - Best Solution: array([-0.17848807, -0.47221776, -0.32109215,  0.11432705,  0.44096541,
        0.25152707, -0.12650589,  0.14794834, -0.10275015, -0.2878251 ,
       -0.11130505, -0.01329982, -0.04243712, -0.26947666, -0.02073106,
       -0.44220165, -0.17072855, -0.01863179,  0.08789883, -0.32381545,
       -0.03571799, -0.37720463,  0.16749983, -0.3123061 ,  0.22025164,
       -0.34626139, -0.1291656 , -0.40180183,  0.03151785,  0.06300554,
        0.47836887,  0.48268715,  0.46837934,  0.33072793, -0.26329401,
        0.43969804,  0.28578811,  0.02923055, -0.04698835, -0.08781903,
       -0.19994267, -0.00732807,  0.25303128,  0.03573605,  0.06488645,
       -0.093773  ,  0.29548393, -0.37260828, -0.04746366,  0.17973255,
        0.34788745, -0.29357497,  0.30548256,  0.03182489, -0.04647288,
       -0.16123173, -0.28476865, -0.38497512, -0.38530618, -0.26303589,
       -0.46071277,  0.30602955, -0.35358952, -0.11371586]) 

Generation: 29 
 - Generation Avg Fit: 4.154586988853496 
 - Best Fitness: 22.788015334188803 
 - Worst Fitness: 0.0
 - Best Solution: array([-0.17848807, -0.47221776, -0.32109215,  0.11432705,  0.44096541,
        0.25152707, -0.12650589,  0.14794834, -0.10275015, -0.2878251 ,
       -0.11130505, -0.01329982, -0.04243712, -0.26947666, -0.02073106,
       -0.44220165, -0.17072855, -0.01863179,  0.08789883, -0.32381545,
       -0.03571799, -0.37720463,  0.16749983, -0.3123061 ,  0.22025164,
       -0.34626139, -0.1291656 , -0.40180183,  0.03151785,  0.06300554,
        0.47836887,  0.48268715,  0.46837934,  0.33072793, -0.26329401,
        0.43969804,  0.28578811,  0.02923055, -0.04698835, -0.08781903,
       -0.19994267, -0.00732807,  0.25303128,  0.03573605,  0.06488645,
       -0.093773  ,  0.29548393, -0.37260828, -0.04746366,  0.17973255,
        0.34788745, -0.29357497,  0.30548256,  0.03182489, -0.04647288,
       -0.16123173, -0.28476865, -0.38497512, -0.38530618, -0.26303589,
       -0.46071277,  0.30602955, -0.35358952, -0.11371586]) 

Generation: 30 
 - Generation Avg Fit: 4.2378001199371385 
 - Best Fitness: 22.788015334188803 
 - Worst Fitness: 0.0
 - Best Solution: array([-0.17848807, -0.47221776, -0.32109215,  0.11432705,  0.44096541,
        0.25152707, -0.12650589,  0.14794834, -0.10275015, -0.2878251 ,
       -0.11130505, -0.01329982, -0.04243712, -0.26947666, -0.02073106,
       -0.44220165, -0.17072855, -0.01863179,  0.08789883, -0.32381545,
       -0.03571799, -0.37720463,  0.16749983, -0.3123061 ,  0.22025164,
       -0.34626139, -0.1291656 , -0.40180183,  0.03151785,  0.06300554,
        0.47836887,  0.48268715,  0.46837934,  0.33072793, -0.26329401,
        0.43969804,  0.28578811,  0.02923055, -0.04698835, -0.08781903,
       -0.19994267, -0.00732807,  0.25303128,  0.03573605,  0.06488645,
       -0.093773  ,  0.29548393, -0.37260828, -0.04746366,  0.17973255,
        0.34788745, -0.29357497,  0.30548256,  0.03182489, -0.04647288,
       -0.16123173, -0.28476865, -0.38497512, -0.38530618, -0.26303589,
       -0.46071277,  0.30602955, -0.35358952, -0.11371586]) 

Generation: 31 
 - Generation Avg Fit: 4.535348500978418 
 - Best Fitness: 22.788015334188803 
 - Worst Fitness: 0.0
 - Best Solution: array([-0.17848807, -0.47221776, -0.32109215,  0.11432705,  0.44096541,
        0.25152707, -0.12650589,  0.14794834, -0.10275015, -0.2878251 ,
       -0.11130505, -0.01329982, -0.04243712, -0.26947666, -0.02073106,
       -0.44220165, -0.17072855, -0.01863179,  0.08789883, -0.32381545,
       -0.03571799, -0.37720463,  0.16749983, -0.3123061 ,  0.22025164,
       -0.34626139, -0.1291656 , -0.40180183,  0.03151785,  0.06300554,
        0.47836887,  0.48268715,  0.46837934,  0.33072793, -0.26329401,
        0.43969804,  0.28578811,  0.02923055, -0.04698835, -0.08781903,
       -0.19994267, -0.00732807,  0.25303128,  0.03573605,  0.06488645,
       -0.093773  ,  0.29548393, -0.37260828, -0.04746366,  0.17973255,
        0.34788745, -0.29357497,  0.30548256,  0.03182489, -0.04647288,
       -0.16123173, -0.28476865, -0.38497512, -0.38530618, -0.26303589,
       -0.46071277,  0.30602955, -0.35358952, -0.11371586]) 

Generation: 32 
 - Generation Avg Fit: 4.526526101112565 
 - Best Fitness: 22.788015334188803 
 - Worst Fitness: 0.0
 - Best Solution: array([-0.17848807, -0.47221776, -0.32109215,  0.11432705,  0.44096541,
        0.25152707, -0.12650589,  0.14794834, -0.10275015, -0.2878251 ,
       -0.11130505, -0.01329982, -0.04243712, -0.26947666, -0.02073106,
       -0.44220165, -0.17072855, -0.01863179,  0.08789883, -0.32381545,
       -0.03571799, -0.37720463,  0.16749983, -0.3123061 ,  0.22025164,
       -0.34626139, -0.1291656 , -0.40180183,  0.03151785,  0.06300554,
        0.47836887,  0.48268715,  0.46837934,  0.33072793, -0.26329401,
        0.43969804,  0.28578811,  0.02923055, -0.04698835, -0.08781903,
       -0.19994267, -0.00732807,  0.25303128,  0.03573605,  0.06488645,
       -0.093773  ,  0.29548393, -0.37260828, -0.04746366,  0.17973255,
        0.34788745, -0.29357497,  0.30548256,  0.03182489, -0.04647288,
       -0.16123173, -0.28476865, -0.38497512, -0.38530618, -0.26303589,
       -0.46071277,  0.30602955, -0.35358952, -0.11371586]) 

Generation: 33 
 - Generation Avg Fit: 4.8041543785488905 
 - Best Fitness: 22.788015334188803 
 - Worst Fitness: 0.0
 - Best Solution: array([-0.17848807, -0.47221776, -0.32109215,  0.11432705,  0.44096541,
        0.25152707, -0.12650589,  0.14794834, -0.10275015, -0.2878251 ,
       -0.11130505, -0.01329982, -0.04243712, -0.26947666, -0.02073106,
       -0.44220165, -0.17072855, -0.01863179,  0.08789883, -0.32381545,
       -0.03571799, -0.37720463,  0.16749983, -0.3123061 ,  0.22025164,
       -0.34626139, -0.1291656 , -0.40180183,  0.03151785,  0.06300554,
        0.47836887,  0.48268715,  0.46837934,  0.33072793, -0.26329401,
        0.43969804,  0.28578811,  0.02923055, -0.04698835, -0.08781903,
       -0.19994267, -0.00732807,  0.25303128,  0.03573605,  0.06488645,
       -0.093773  ,  0.29548393, -0.37260828, -0.04746366,  0.17973255,
        0.34788745, -0.29357497,  0.30548256,  0.03182489, -0.04647288,
       -0.16123173, -0.28476865, -0.38497512, -0.38530618, -0.26303589,
       -0.46071277,  0.30602955, -0.35358952, -0.11371586]) 

Generation: 34 
 - Generation Avg Fit: 4.683002175371924 
 - Best Fitness: 22.788015334188803 
 - Worst Fitness: 0.0
 - Best Solution: array([-0.17848807, -0.47221776, -0.32109215,  0.11432705,  0.44096541,
        0.25152707, -0.12650589,  0.14794834, -0.10275015, -0.2878251 ,
       -0.11130505, -0.01329982, -0.04243712, -0.26947666, -0.02073106,
       -0.44220165, -0.17072855, -0.01863179,  0.08789883, -0.32381545,
       -0.03571799, -0.37720463,  0.16749983, -0.3123061 ,  0.22025164,
       -0.34626139, -0.1291656 , -0.40180183,  0.03151785,  0.06300554,
        0.47836887,  0.48268715,  0.46837934,  0.33072793, -0.26329401,
        0.43969804,  0.28578811,  0.02923055, -0.04698835, -0.08781903,
       -0.19994267, -0.00732807,  0.25303128,  0.03573605,  0.06488645,
       -0.093773  ,  0.29548393, -0.37260828, -0.04746366,  0.17973255,
        0.34788745, -0.29357497,  0.30548256,  0.03182489, -0.04647288,
       -0.16123173, -0.28476865, -0.38497512, -0.38530618, -0.26303589,
       -0.46071277,  0.30602955, -0.35358952, -0.11371586]) 

Generation: 35 
 - Generation Avg Fit: 4.729052973270445 
 - Best Fitness: 22.788015334188803 
 - Worst Fitness: 0.0
 - Best Solution: array([-0.17848807, -0.47221776, -0.32109215,  0.11432705,  0.44096541,
        0.25152707, -0.12650589,  0.14794834, -0.10275015, -0.2878251 ,
       -0.11130505, -0.01329982, -0.04243712, -0.26947666, -0.02073106,
       -0.44220165, -0.17072855, -0.01863179,  0.08789883, -0.32381545,
       -0.03571799, -0.37720463,  0.16749983, -0.3123061 ,  0.22025164,
       -0.34626139, -0.1291656 , -0.40180183,  0.03151785,  0.06300554,
        0.47836887,  0.48268715,  0.46837934,  0.33072793, -0.26329401,
        0.43969804,  0.28578811,  0.02923055, -0.04698835, -0.08781903,
       -0.19994267, -0.00732807,  0.25303128,  0.03573605,  0.06488645,
       -0.093773  ,  0.29548393, -0.37260828, -0.04746366,  0.17973255,
        0.34788745, -0.29357497,  0.30548256,  0.03182489, -0.04647288,
       -0.16123173, -0.28476865, -0.38497512, -0.38530618, -0.26303589,
       -0.46071277,  0.30602955, -0.35358952, -0.11371586]) 

Generation: 36 
 - Generation Avg Fit: 4.951337919444603 
 - Best Fitness: 25.367882356392887 
 - Worst Fitness: 0.0
 - Best Solution: array([-0.17204595, -0.12424947,  0.29367037, -0.34149372,  0.26780581,
        0.24192839, -0.19775987,  0.23901237,  0.36607898, -0.10267814,
       -0.20880093, -0.07649402, -0.44287648,  0.25215399, -0.41423187,
       -0.44191348, -0.24945253, -0.16520984,  0.07936435,  0.07129263,
        0.36589176,  0.49384094, -0.07233975, -0.35158901,  0.27763909,
        0.01172279, -0.08064618,  0.39854035, -0.15760744, -0.19530884,
       -0.29962754,  0.48003397, -0.26234195, -0.21688497, -0.11890026,
        0.11852351,  0.02261532, -0.43597374,  0.49655999, -0.15666197,
       -0.46972591, -0.22855519,  0.2300419 , -0.16120514,  0.48828512,
        0.11122873,  0.29698312, -0.13836418, -0.19913216, -0.25443714,
       -0.2727672 , -0.29190732, -0.42977661, -0.32130337, -0.34387814,
       -0.1529009 , -0.47205793,  0.05888725, -0.15325806,  0.46292669,
       -0.37647152,  0.02695111, -0.4016012 ,  0.29976186]) 

Generation: 37 
 - Generation Avg Fit: 5.006193318146543 
 - Best Fitness: 25.367882356392887 
 - Worst Fitness: 0.0
 - Best Solution: array([-0.17848807, -0.47221776, -0.32109215,  0.11432705,  0.44096541,
        0.25152707, -0.12650589,  0.14794834, -0.10275015, -0.2878251 ,
       -0.11130505, -0.01329982, -0.04243712, -0.26947666, -0.02073106,
       -0.44220165, -0.17072855, -0.01863179,  0.08789883, -0.32381545,
       -0.03571799, -0.37720463,  0.16749983, -0.3123061 ,  0.22025164,
       -0.34626139, -0.1291656 , -0.40180183,  0.03151785,  0.06300554,
        0.47836887,  0.48268715,  0.46837934,  0.33072793, -0.26329401,
        0.43969804,  0.28578811,  0.02923055, -0.04698835, -0.08781903,
       -0.19994267, -0.00732807,  0.25303128,  0.03573605,  0.06488645,
       -0.093773  ,  0.29548393, -0.37260828, -0.04746366,  0.17973255,
        0.34788745, -0.29357497,  0.30548256,  0.03182489, -0.04647288,
       -0.16123173, -0.28476865, -0.38497512, -0.38530618, -0.26303589,
       -0.46071277,  0.30602955, -0.35358952, -0.11371586]) 

Generation: 38 
 - Generation Avg Fit: 5.101982310415966 
 - Best Fitness: 25.367882356392887 
 - Worst Fitness: 0.0
 - Best Solution: array([-0.17204595, -0.12424947,  0.29367037, -0.34149372,  0.26780581,
        0.24192839, -0.19775987,  0.23901237,  0.36607898, -0.10267814,
       -0.20880093, -0.07649402, -0.44287648,  0.25215399, -0.41423187,
       -0.44191348, -0.24945253, -0.16520984,  0.07936435,  0.07129263,
        0.36589176,  0.49384094, -0.07233975, -0.35158901,  0.27763909,
        0.01172279, -0.08064618,  0.39854035, -0.15760744, -0.19530884,
       -0.29962754,  0.48003397, -0.26234195, -0.21688497, -0.11890026,
        0.11852351,  0.02261532, -0.43597374,  0.49655999, -0.15666197,
       -0.46972591, -0.22855519,  0.2300419 , -0.16120514,  0.48828512,
        0.11122873,  0.29698312, -0.13836418, -0.19913216, -0.25443714,
       -0.2727672 , -0.29190732, -0.42977661, -0.32130337, -0.34387814,
       -0.1529009 , -0.47205793,  0.05888725, -0.15325806,  0.46292669,
       -0.37647152,  0.02695111, -0.4016012 ,  0.29976186]) 

Generation: 39 
 - Generation Avg Fit: 5.2014406220815195 
 - Best Fitness: 25.367882356392887 
 - Worst Fitness: 0.0
 - Best Solution: array([-0.17204595, -0.12424947,  0.29367037, -0.34149372,  0.26780581,
        0.24192839, -0.19775987,  0.23901237,  0.36607898, -0.10267814,
       -0.20880093, -0.07649402, -0.44287648,  0.25215399, -0.41423187,
       -0.44191348, -0.24945253, -0.16520984,  0.07936435,  0.07129263,
        0.36589176,  0.49384094, -0.07233975, -0.35158901,  0.27763909,
        0.01172279, -0.08064618,  0.39854035, -0.15760744, -0.19530884,
       -0.29962754,  0.48003397, -0.26234195, -0.21688497, -0.11890026,
        0.11852351,  0.02261532, -0.43597374,  0.49655999, -0.15666197,
       -0.46972591, -0.22855519,  0.2300419 , -0.16120514,  0.48828512,
        0.11122873,  0.29698312, -0.13836418, -0.19913216, -0.25443714,
       -0.2727672 , -0.29190732, -0.42977661, -0.32130337, -0.34387814,
       -0.1529009 , -0.47205793,  0.05888725, -0.15325806,  0.46292669,
       -0.37647152,  0.02695111, -0.4016012 ,  0.29976186]) 

Generation: 40 
 - Generation Avg Fit: 5.2150871619295796 
 - Best Fitness: 25.367882356392887 
 - Worst Fitness: 0.0
 - Best Solution: array([-0.17204595, -0.12424947,  0.29367037, -0.34149372,  0.26780581,
        0.24192839, -0.19775987,  0.23901237,  0.36607898, -0.10267814,
       -0.20880093, -0.07649402, -0.44287648,  0.25215399, -0.41423187,
       -0.44191348, -0.24945253, -0.16520984,  0.07936435,  0.07129263,
        0.36589176,  0.49384094, -0.07233975, -0.35158901,  0.27763909,
        0.01172279, -0.08064618,  0.39854035, -0.15760744, -0.19530884,
       -0.29962754,  0.48003397, -0.26234195, -0.21688497, -0.11890026,
        0.11852351,  0.02261532, -0.43597374,  0.49655999, -0.15666197,
       -0.46972591, -0.22855519,  0.2300419 , -0.16120514,  0.48828512,
        0.11122873,  0.29698312, -0.13836418, -0.19913216, -0.25443714,
       -0.2727672 , -0.29190732, -0.42977661, -0.32130337, -0.34387814,
       -0.1529009 , -0.47205793,  0.05888725, -0.15325806,  0.46292669,
       -0.37647152,  0.02695111, -0.4016012 ,  0.29976186]) 

Generation: 41 
 - Generation Avg Fit: 5.54859860991724 
 - Best Fitness: 25.367882356392887 
 - Worst Fitness: 0.0
 - Best Solution: array([-0.17204595, -0.12424947,  0.29367037, -0.34149372,  0.26780581,
        0.24192839, -0.19775987,  0.23901237,  0.36607898, -0.10267814,
       -0.20880093, -0.07649402, -0.44287648,  0.25215399, -0.41423187,
       -0.44191348, -0.24945253, -0.16520984,  0.07936435,  0.07129263,
        0.36589176,  0.49384094, -0.07233975, -0.35158901,  0.27763909,
        0.01172279, -0.08064618,  0.39854035, -0.15760744, -0.19530884,
       -0.29962754,  0.48003397, -0.26234195, -0.21688497, -0.11890026,
        0.11852351,  0.02261532, -0.43597374,  0.49655999, -0.15666197,
       -0.46972591, -0.22855519,  0.2300419 , -0.16120514,  0.48828512,
        0.11122873,  0.29698312, -0.13836418, -0.19913216, -0.25443714,
       -0.2727672 , -0.29190732, -0.42977661, -0.32130337, -0.34387814,
       -0.1529009 , -0.47205793,  0.05888725, -0.15325806,  0.46292669,
       -0.37647152,  0.02695111, -0.4016012 ,  0.29976186]) 

Generation: 42 
 - Generation Avg Fit: 5.4042355519083936 
 - Best Fitness: 25.367882356392887 
 - Worst Fitness: 0.0
 - Best Solution: array([-0.17204595, -0.12424947,  0.29367037, -0.34149372,  0.26780581,
        0.24192839, -0.19775987,  0.23901237,  0.36607898, -0.10267814,
       -0.20880093, -0.07649402, -0.44287648,  0.25215399, -0.41423187,
       -0.44191348, -0.24945253, -0.16520984,  0.07936435,  0.07129263,
        0.36589176,  0.49384094, -0.07233975, -0.35158901,  0.27763909,
        0.01172279, -0.08064618,  0.39854035, -0.15760744, -0.19530884,
       -0.29962754,  0.48003397, -0.26234195, -0.21688497, -0.11890026,
        0.11852351,  0.02261532, -0.43597374,  0.49655999, -0.15666197,
       -0.46972591, -0.22855519,  0.2300419 , -0.16120514,  0.48828512,
        0.11122873,  0.29698312, -0.13836418, -0.19913216, -0.25443714,
       -0.2727672 , -0.29190732, -0.42977661, -0.32130337, -0.34387814,
       -0.1529009 , -0.47205793,  0.05888725, -0.15325806,  0.46292669,
       -0.37647152,  0.02695111, -0.4016012 ,  0.29976186]) 

Generation: 43 
 - Generation Avg Fit: 5.333622393464819 
 - Best Fitness: 25.367882356392887 
 - Worst Fitness: 0.0
 - Best Solution: array([-0.17204595, -0.12424947,  0.29367037, -0.34149372,  0.26780581,
        0.24192839, -0.19775987,  0.23901237,  0.36607898, -0.10267814,
       -0.20880093, -0.07649402, -0.44287648,  0.25215399, -0.41423187,
       -0.44191348, -0.24945253, -0.16520984,  0.07936435,  0.07129263,
        0.36589176,  0.49384094, -0.07233975, -0.35158901,  0.27763909,
        0.01172279, -0.08064618,  0.39854035, -0.15760744, -0.19530884,
       -0.29962754,  0.48003397, -0.26234195, -0.21688497, -0.11890026,
        0.11852351,  0.02261532, -0.43597374,  0.49655999, -0.15666197,
       -0.46972591, -0.22855519,  0.2300419 , -0.16120514,  0.48828512,
        0.11122873,  0.29698312, -0.13836418, -0.19913216, -0.25443714,
       -0.2727672 , -0.29190732, -0.42977661, -0.32130337, -0.34387814,
       -0.1529009 , -0.47205793,  0.05888725, -0.15325806,  0.46292669,
       -0.37647152,  0.02695111, -0.4016012 ,  0.29976186]) 

Generation: 44 
 - Generation Avg Fit: 5.492439904094217 
 - Best Fitness: 25.367882356392887 
 - Worst Fitness: 0.0
 - Best Solution: array([-0.17204595, -0.12424947,  0.29367037, -0.34149372,  0.26780581,
        0.24192839, -0.19775987,  0.23901237,  0.36607898, -0.10267814,
       -0.20880093, -0.07649402, -0.44287648,  0.25215399, -0.41423187,
       -0.44191348, -0.24945253, -0.16520984,  0.07936435,  0.07129263,
        0.36589176,  0.49384094, -0.07233975, -0.35158901,  0.27763909,
        0.01172279, -0.08064618,  0.39854035, -0.15760744, -0.19530884,
       -0.29962754,  0.48003397, -0.26234195, -0.21688497, -0.11890026,
        0.11852351,  0.02261532, -0.43597374,  0.49655999, -0.15666197,
       -0.46972591, -0.22855519,  0.2300419 , -0.16120514,  0.48828512,
        0.11122873,  0.29698312, -0.13836418, -0.19913216, -0.25443714,
       -0.2727672 , -0.29190732, -0.42977661, -0.32130337, -0.34387814,
       -0.1529009 , -0.47205793,  0.05888725, -0.15325806,  0.46292669,
       -0.37647152,  0.02695111, -0.4016012 ,  0.29976186]) 

Generation: 45 
 - Generation Avg Fit: 5.608507129856776 
 - Best Fitness: 25.367882356392887 
 - Worst Fitness: 0.0
 - Best Solution: array([-0.17204595, -0.12424947,  0.29367037, -0.34149372,  0.26780581,
        0.24192839, -0.19775987,  0.23901237,  0.36607898, -0.10267814,
       -0.20880093, -0.07649402, -0.44287648,  0.25215399, -0.41423187,
       -0.44191348, -0.24945253, -0.16520984,  0.07936435,  0.07129263,
        0.36589176,  0.49384094, -0.07233975, -0.35158901,  0.27763909,
        0.01172279, -0.08064618,  0.39854035, -0.15760744, -0.19530884,
       -0.29962754,  0.48003397, -0.26234195, -0.21688497, -0.11890026,
        0.11852351,  0.02261532, -0.43597374,  0.49655999, -0.15666197,
       -0.46972591, -0.22855519,  0.2300419 , -0.16120514,  0.48828512,
        0.11122873,  0.29698312, -0.13836418, -0.19913216, -0.25443714,
       -0.2727672 , -0.29190732, -0.42977661, -0.32130337, -0.34387814,
       -0.1529009 , -0.47205793,  0.05888725, -0.15325806,  0.46292669,
       -0.37647152,  0.02695111, -0.4016012 ,  0.29976186]) 

Generation: 46 
 - Generation Avg Fit: 5.886035283217304 
 - Best Fitness: 25.367882356392887 
 - Worst Fitness: 0.0
 - Best Solution: array([-0.17204595, -0.12424947,  0.29367037, -0.34149372,  0.26780581,
        0.24192839, -0.19775987,  0.23901237,  0.36607898, -0.10267814,
       -0.20880093, -0.07649402, -0.44287648,  0.25215399, -0.41423187,
       -0.44191348, -0.24945253, -0.16520984,  0.07936435,  0.07129263,
        0.36589176,  0.49384094, -0.07233975, -0.35158901,  0.27763909,
        0.01172279, -0.08064618,  0.39854035, -0.15760744, -0.19530884,
       -0.29962754,  0.48003397, -0.26234195, -0.21688497, -0.11890026,
        0.11852351,  0.02261532, -0.43597374,  0.49655999, -0.15666197,
       -0.46972591, -0.22855519,  0.2300419 , -0.16120514,  0.48828512,
        0.11122873,  0.29698312, -0.13836418, -0.19913216, -0.25443714,
       -0.2727672 , -0.29190732, -0.42977661, -0.32130337, -0.34387814,
       -0.1529009 , -0.47205793,  0.05888725, -0.15325806,  0.46292669,
       -0.37647152,  0.02695111, -0.4016012 ,  0.29976186]) 

Generation: 47 
 - Generation Avg Fit: 5.847406541196562 
 - Best Fitness: 25.367882356392887 
 - Worst Fitness: 0.0
 - Best Solution: array([-0.17204595, -0.12424947,  0.29367037, -0.34149372,  0.26780581,
        0.24192839, -0.19775987,  0.23901237,  0.36607898, -0.10267814,
       -0.20880093, -0.07649402, -0.44287648,  0.25215399, -0.41423187,
       -0.44191348, -0.24945253, -0.16520984,  0.07936435,  0.07129263,
        0.36589176,  0.49384094, -0.07233975, -0.35158901,  0.27763909,
        0.01172279, -0.08064618,  0.39854035, -0.15760744, -0.19530884,
       -0.29962754,  0.48003397, -0.26234195, -0.21688497, -0.11890026,
        0.11852351,  0.02261532, -0.43597374,  0.49655999, -0.15666197,
       -0.46972591, -0.22855519,  0.2300419 , -0.16120514,  0.48828512,
        0.11122873,  0.29698312, -0.13836418, -0.19913216, -0.25443714,
       -0.2727672 , -0.29190732, -0.42977661, -0.32130337, -0.34387814,
       -0.1529009 , -0.47205793,  0.05888725, -0.15325806,  0.46292669,
       -0.37647152,  0.02695111, -0.4016012 ,  0.29976186]) 

Generation: 48 
 - Generation Avg Fit: 6.097301746182586 
 - Best Fitness: 25.367882356392887 
 - Worst Fitness: 0.0
 - Best Solution: array([-0.17204595, -0.12424947,  0.29367037, -0.34149372,  0.26780581,
        0.24192839, -0.19775987,  0.23901237,  0.36607898, -0.10267814,
       -0.20880093, -0.07649402, -0.44287648,  0.25215399, -0.41423187,
       -0.44191348, -0.24945253, -0.16520984,  0.07936435,  0.07129263,
        0.36589176,  0.49384094, -0.07233975, -0.35158901,  0.27763909,
        0.01172279, -0.08064618,  0.39854035, -0.15760744, -0.19530884,
       -0.29962754,  0.48003397, -0.26234195, -0.21688497, -0.11890026,
        0.11852351,  0.02261532, -0.43597374,  0.49655999, -0.15666197,
       -0.46972591, -0.22855519,  0.2300419 , -0.16120514,  0.48828512,
        0.11122873,  0.29698312, -0.13836418, -0.19913216, -0.25443714,
       -0.2727672 , -0.29190732, -0.42977661, -0.32130337, -0.34387814,
       -0.1529009 , -0.47205793,  0.05888725, -0.15325806,  0.46292669,
       -0.37647152,  0.02695111, -0.4016012 ,  0.29976186]) 

Generation: 49 
 - Generation Avg Fit: 6.043788241300758 
 - Best Fitness: 25.367882356392887 
 - Worst Fitness: 0.0
 - Best Solution: array([-0.17204595, -0.12424947,  0.29367037, -0.34149372,  0.26780581,
        0.24192839, -0.19775987,  0.23901237,  0.36607898, -0.10267814,
       -0.20880093, -0.07649402, -0.44287648,  0.25215399, -0.41423187,
       -0.44191348, -0.24945253, -0.16520984,  0.07936435,  0.07129263,
        0.36589176,  0.49384094, -0.07233975, -0.35158901,  0.27763909,
        0.01172279, -0.08064618,  0.39854035, -0.15760744, -0.19530884,
       -0.29962754,  0.48003397, -0.26234195, -0.21688497, -0.11890026,
        0.11852351,  0.02261532, -0.43597374,  0.49655999, -0.15666197,
       -0.46972591, -0.22855519,  0.2300419 , -0.16120514,  0.48828512,
        0.11122873,  0.29698312, -0.13836418, -0.19913216, -0.25443714,
       -0.2727672 , -0.29190732, -0.42977661, -0.32130337, -0.34387814,
       -0.1529009 , -0.47205793,  0.05888725, -0.15325806,  0.46292669,
       -0.37647152,  0.02695111, -0.4016012 ,  0.29976186]) 

Generation: 50 
 - Generation Avg Fit: 6.4276893276531135 
 - Best Fitness: 25.367882356392887 
 - Worst Fitness: 0.0
 - Best Solution: array([-0.17204595, -0.12424947,  0.29367037, -0.34149372,  0.26780581,
        0.24192839, -0.19775987,  0.23901237,  0.36607898, -0.10267814,
       -0.20880093, -0.07649402, -0.44287648,  0.25215399, -0.41423187,
       -0.44191348, -0.24945253, -0.16520984,  0.07936435,  0.07129263,
        0.36589176,  0.49384094, -0.07233975, -0.35158901,  0.27763909,
        0.01172279, -0.08064618,  0.39854035, -0.15760744, -0.19530884,
       -0.29962754,  0.48003397, -0.26234195, -0.21688497, -0.11890026,
        0.11852351,  0.02261532, -0.43597374,  0.49655999, -0.15666197,
       -0.46972591, -0.22855519,  0.2300419 , -0.16120514,  0.48828512,
        0.11122873,  0.29698312, -0.13836418, -0.19913216, -0.25443714,
       -0.2727672 , -0.29190732, -0.42977661, -0.32130337, -0.34387814,
       -0.1529009 , -0.47205793,  0.05888725, -0.15325806,  0.46292669,
       -0.37647152,  0.02695111, -0.4016012 ,  0.29976186]) 

Generation: 51 
 - Generation Avg Fit: 6.750513609704732 
 - Best Fitness: 25.367882356392887 
 - Worst Fitness: 0.0
 - Best Solution: array([-0.17204595, -0.12424947,  0.29367037, -0.34149372,  0.26780581,
        0.24192839, -0.19775987,  0.23901237,  0.36607898, -0.10267814,
       -0.20880093, -0.07649402, -0.44287648,  0.25215399, -0.41423187,
       -0.44191348, -0.24945253, -0.16520984,  0.07936435,  0.07129263,
        0.36589176,  0.49384094, -0.07233975, -0.35158901,  0.27763909,
        0.01172279, -0.08064618,  0.39854035, -0.15760744, -0.19530884,
       -0.29962754,  0.48003397, -0.26234195, -0.21688497, -0.11890026,
        0.11852351,  0.02261532, -0.43597374,  0.49655999, -0.15666197,
       -0.46972591, -0.22855519,  0.2300419 , -0.16120514,  0.48828512,
        0.11122873,  0.29698312, -0.13836418, -0.19913216, -0.25443714,
       -0.2727672 , -0.29190732, -0.42977661, -0.32130337, -0.34387814,
       -0.1529009 , -0.47205793,  0.05888725, -0.15325806,  0.46292669,
       -0.37647152,  0.02695111, -0.4016012 ,  0.29976186]) 

Generation: 52 
 - Generation Avg Fit: 6.867324291812024 
 - Best Fitness: 25.367882356392887 
 - Worst Fitness: 0.0
 - Best Solution: array([-0.17204595, -0.12424947,  0.29367037, -0.34149372,  0.26780581,
        0.24192839, -0.19775987,  0.23901237,  0.36607898, -0.10267814,
       -0.20880093, -0.07649402, -0.44287648,  0.25215399, -0.41423187,
       -0.44191348, -0.24945253, -0.16520984,  0.07936435,  0.07129263,
        0.36589176,  0.49384094, -0.07233975, -0.35158901,  0.27763909,
        0.01172279, -0.08064618,  0.39854035, -0.15760744, -0.19530884,
       -0.29962754,  0.48003397, -0.26234195, -0.21688497, -0.11890026,
        0.11852351,  0.02261532, -0.43597374,  0.49655999, -0.15666197,
       -0.46972591, -0.22855519,  0.2300419 , -0.16120514,  0.48828512,
        0.11122873,  0.29698312, -0.13836418, -0.19913216, -0.25443714,
       -0.2727672 , -0.29190732, -0.42977661, -0.32130337, -0.34387814,
       -0.1529009 , -0.47205793,  0.05888725, -0.15325806,  0.46292669,
       -0.37647152,  0.02695111, -0.4016012 ,  0.29976186]) 

Generation: 53 
 - Generation Avg Fit: 6.811652659506956 
 - Best Fitness: 25.367882356392887 
 - Worst Fitness: 0.0
 - Best Solution: array([-0.17204595, -0.12424947,  0.29367037, -0.34149372,  0.26780581,
        0.24192839, -0.19775987,  0.23901237,  0.36607898, -0.10267814,
       -0.20880093, -0.07649402, -0.44287648,  0.25215399, -0.41423187,
       -0.44191348, -0.24945253, -0.16520984,  0.07936435,  0.07129263,
        0.36589176,  0.49384094, -0.07233975, -0.35158901,  0.27763909,
        0.01172279, -0.08064618,  0.39854035, -0.15760744, -0.19530884,
       -0.29962754,  0.48003397, -0.26234195, -0.21688497, -0.11890026,
        0.11852351,  0.02261532, -0.43597374,  0.49655999, -0.15666197,
       -0.46972591, -0.22855519,  0.2300419 , -0.16120514,  0.48828512,
        0.11122873,  0.29698312, -0.13836418, -0.19913216, -0.25443714,
       -0.2727672 , -0.29190732, -0.42977661, -0.32130337, -0.34387814,
       -0.1529009 , -0.47205793,  0.05888725, -0.15325806,  0.46292669,
       -0.37647152,  0.02695111, -0.4016012 ,  0.29976186]) 

Generation: 54 
 - Generation Avg Fit: 6.897690083185848 
 - Best Fitness: 25.367882356392887 
 - Worst Fitness: 0.0
 - Best Solution: array([-0.17204595, -0.12424947,  0.29367037, -0.34149372,  0.26780581,
        0.24192839, -0.19775987,  0.23901237,  0.36607898, -0.10267814,
       -0.20880093, -0.07649402, -0.44287648,  0.25215399, -0.41423187,
       -0.44191348, -0.24945253, -0.16520984,  0.07936435,  0.07129263,
        0.36589176,  0.49384094, -0.07233975, -0.35158901,  0.27763909,
        0.01172279, -0.08064618,  0.39854035, -0.15760744, -0.19530884,
       -0.29962754,  0.48003397, -0.26234195, -0.21688497, -0.11890026,
        0.11852351,  0.02261532, -0.43597374,  0.49655999, -0.15666197,
       -0.46972591, -0.22855519,  0.2300419 , -0.16120514,  0.48828512,
        0.11122873,  0.29698312, -0.13836418, -0.19913216, -0.25443714,
       -0.2727672 , -0.29190732, -0.42977661, -0.32130337, -0.34387814,
       -0.1529009 , -0.47205793,  0.05888725, -0.15325806,  0.46292669,
       -0.37647152,  0.02695111, -0.4016012 ,  0.29976186]) 

Generation: 55 
 - Generation Avg Fit: 7.237450605126841 
 - Best Fitness: 25.367882356392887 
 - Worst Fitness: 0.0
 - Best Solution: array([-0.17204595, -0.12424947,  0.29367037, -0.34149372,  0.26780581,
        0.24192839, -0.19775987,  0.23901237,  0.36607898, -0.10267814,
       -0.20880093, -0.07649402, -0.44287648,  0.25215399, -0.41423187,
       -0.44191348, -0.24945253, -0.16520984,  0.07936435,  0.07129263,
        0.36589176,  0.49384094, -0.07233975, -0.35158901,  0.27763909,
        0.01172279, -0.08064618,  0.39854035, -0.15760744, -0.19530884,
       -0.29962754,  0.48003397, -0.26234195, -0.21688497, -0.11890026,
        0.11852351,  0.02261532, -0.43597374,  0.49655999, -0.15666197,
       -0.46972591, -0.22855519,  0.2300419 , -0.16120514,  0.48828512,
        0.11122873,  0.29698312, -0.13836418, -0.19913216, -0.25443714,
       -0.2727672 , -0.29190732, -0.42977661, -0.32130337, -0.34387814,
       -0.1529009 , -0.47205793,  0.05888725, -0.15325806,  0.46292669,
       -0.37647152,  0.02695111, -0.4016012 ,  0.29976186]) 

Generation: 56 
 - Generation Avg Fit: 7.482376718617538 
 - Best Fitness: 25.367882356392887 
 - Worst Fitness: 0.0
 - Best Solution: array([-0.17204595, -0.12424947,  0.29367037, -0.34149372,  0.26780581,
        0.24192839, -0.19775987,  0.23901237,  0.36607898, -0.10267814,
       -0.20880093, -0.07649402, -0.44287648,  0.25215399, -0.41423187,
       -0.44191348, -0.24945253, -0.16520984,  0.07936435,  0.07129263,
        0.36589176,  0.49384094, -0.07233975, -0.35158901,  0.27763909,
        0.01172279, -0.08064618,  0.39854035, -0.15760744, -0.19530884,
       -0.29962754,  0.48003397, -0.26234195, -0.21688497, -0.11890026,
        0.11852351,  0.02261532, -0.43597374,  0.49655999, -0.15666197,
       -0.46972591, -0.22855519,  0.2300419 , -0.16120514,  0.48828512,
        0.11122873,  0.29698312, -0.13836418, -0.19913216, -0.25443714,
       -0.2727672 , -0.29190732, -0.42977661, -0.32130337, -0.34387814,
       -0.1529009 , -0.47205793,  0.05888725, -0.15325806,  0.46292669,
       -0.37647152,  0.02695111, -0.4016012 ,  0.29976186]) 

Generation: 57 
 - Generation Avg Fit: 7.503635278549103 
 - Best Fitness: 27.86029510315139 
 - Worst Fitness: 0.0
 - Best Solution: array([ 0.05964128, -0.06447664,  0.00587087,  0.18526055,  0.05922037,
       -0.08246609, -0.2728984 ,  0.01965102, -0.26860648,  0.35705009,
       -0.22281648,  0.12462827, -0.17299639, -0.11248082,  0.36489066,
       -0.04602617,  0.16608453,  0.50294335,  0.08521238, -0.16892393,
       -0.17789338, -0.28737782, -0.07180024, -0.35819113,  0.00379327,
        0.01525844,  0.24592265,  0.38933996, -0.14122748, -0.41981348,
       -0.07880737, -0.29665511, -0.17508228, -0.06171624, -0.19784231,
        0.06676182,  0.16593911, -0.24876788, -0.26772235, -0.17842655,
        0.12508704, -0.31800522,  0.35153421, -0.27526203, -0.42321502,
        0.26426783, -0.17391717, -0.27293108, -0.10011201, -0.24254893,
       -0.1505758 ,  0.2455205 , -0.25446624,  0.23668594, -0.29643662,
        0.3605339 ,  0.09960459,  0.31859312, -0.48092537,  0.31432366,
        0.20165973, -0.08833539, -0.46147499,  0.21476617]) 

Generation: 58 
 - Generation Avg Fit: 7.803234671875783 
 - Best Fitness: 27.86029510315139 
 - Worst Fitness: 0.0
 - Best Solution: array([-0.17204595, -0.12424947,  0.29367037, -0.34149372,  0.26780581,
        0.24192839, -0.19775987,  0.23901237,  0.36607898, -0.10267814,
       -0.20880093, -0.07649402, -0.44287648,  0.25215399, -0.41423187,
       -0.44191348, -0.24945253, -0.16520984,  0.07936435,  0.07129263,
        0.36589176,  0.49384094, -0.07233975, -0.35158901,  0.27763909,
        0.01172279, -0.08064618,  0.39854035, -0.15760744, -0.19530884,
       -0.29962754,  0.48003397, -0.26234195, -0.21688497, -0.11890026,
        0.11852351,  0.02261532, -0.43597374,  0.49655999, -0.15666197,
       -0.46972591, -0.22855519,  0.2300419 , -0.16120514,  0.48828512,
        0.11122873,  0.29698312, -0.13836418, -0.19913216, -0.25443714,
       -0.2727672 , -0.29190732, -0.42977661, -0.32130337, -0.34387814,
       -0.1529009 , -0.47205793,  0.05888725, -0.15325806,  0.46292669,
       -0.37647152,  0.02695111, -0.4016012 ,  0.29976186]) 

Generation: 59 
 - Generation Avg Fit: 7.727920336677255 
 - Best Fitness: 27.86029510315139 
 - Worst Fitness: 0.0
 - Best Solution: array([ 0.05964128, -0.06447664,  0.00587087,  0.18526055,  0.05922037,
       -0.08246609, -0.2728984 ,  0.01965102, -0.26860648,  0.35705009,
       -0.22281648,  0.12462827, -0.17299639, -0.11248082,  0.36489066,
       -0.04602617,  0.16608453,  0.50294335,  0.08521238, -0.16892393,
       -0.17789338, -0.28737782, -0.07180024, -0.35819113,  0.00379327,
        0.01525844,  0.24592265,  0.38933996, -0.14122748, -0.41981348,
       -0.07880737, -0.29665511, -0.17508228, -0.06171624, -0.19784231,
        0.06676182,  0.16593911, -0.24876788, -0.26772235, -0.17842655,
        0.12508704, -0.31800522,  0.35153421, -0.27526203, -0.42321502,
        0.26426783, -0.17391717, -0.27293108, -0.10011201, -0.24254893,
       -0.1505758 ,  0.2455205 , -0.25446624,  0.23668594, -0.29643662,
        0.3605339 ,  0.09960459,  0.31859312, -0.48092537,  0.31432366,
        0.20165973, -0.08833539, -0.46147499,  0.21476617]) 

Generation: 60 
 - Generation Avg Fit: 8.030327978637976 
 - Best Fitness: 27.86029510315139 
 - Worst Fitness: 0.0
 - Best Solution: array([ 0.05964128, -0.06447664,  0.00587087,  0.18526055,  0.05922037,
       -0.08246609, -0.2728984 ,  0.01965102, -0.26860648,  0.35705009,
       -0.22281648,  0.12462827, -0.17299639, -0.11248082,  0.36489066,
       -0.04602617,  0.16608453,  0.50294335,  0.08521238, -0.16892393,
       -0.17789338, -0.28737782, -0.07180024, -0.35819113,  0.00379327,
        0.01525844,  0.24592265,  0.38933996, -0.14122748, -0.41981348,
       -0.07880737, -0.29665511, -0.17508228, -0.06171624, -0.19784231,
        0.06676182,  0.16593911, -0.24876788, -0.26772235, -0.17842655,
        0.12508704, -0.31800522,  0.35153421, -0.27526203, -0.42321502,
        0.26426783, -0.17391717, -0.27293108, -0.10011201, -0.24254893,
       -0.1505758 ,  0.2455205 , -0.25446624,  0.23668594, -0.29643662,
        0.3605339 ,  0.09960459,  0.31859312, -0.48092537,  0.31432366,
        0.20165973, -0.08833539, -0.46147499,  0.21476617]) 

Generation: 61 
 - Generation Avg Fit: 8.148489012675967 
 - Best Fitness: 27.86029510315139 
 - Worst Fitness: 0.0
 - Best Solution: array([ 0.05964128, -0.06447664,  0.00587087,  0.18526055,  0.05922037,
       -0.08246609, -0.2728984 ,  0.01965102, -0.26860648,  0.35705009,
       -0.22281648,  0.12462827, -0.17299639, -0.11248082,  0.36489066,
       -0.04602617,  0.16608453,  0.50294335,  0.08521238, -0.16892393,
       -0.17789338, -0.28737782, -0.07180024, -0.35819113,  0.00379327,
        0.01525844,  0.24592265,  0.38933996, -0.14122748, -0.41981348,
       -0.07880737, -0.29665511, -0.17508228, -0.06171624, -0.19784231,
        0.06676182,  0.16593911, -0.24876788, -0.26772235, -0.17842655,
        0.12508704, -0.31800522,  0.35153421, -0.27526203, -0.42321502,
        0.26426783, -0.17391717, -0.27293108, -0.10011201, -0.24254893,
       -0.1505758 ,  0.2455205 , -0.25446624,  0.23668594, -0.29643662,
        0.3605339 ,  0.09960459,  0.31859312, -0.48092537,  0.31432366,
        0.20165973, -0.08833539, -0.46147499,  0.21476617]) 

Generation: 62 
 - Generation Avg Fit: 8.723333472608779 
 - Best Fitness: 27.86029510315139 
 - Worst Fitness: 0.0
 - Best Solution: array([ 0.05964128, -0.06447664,  0.00587087,  0.18526055,  0.05922037,
       -0.08246609, -0.2728984 ,  0.01965102, -0.26860648,  0.35705009,
       -0.22281648,  0.12462827, -0.17299639, -0.11248082,  0.36489066,
       -0.04602617,  0.16608453,  0.50294335,  0.08521238, -0.16892393,
       -0.17789338, -0.28737782, -0.07180024, -0.35819113,  0.00379327,
        0.01525844,  0.24592265,  0.38933996, -0.14122748, -0.41981348,
       -0.07880737, -0.29665511, -0.17508228, -0.06171624, -0.19784231,
        0.06676182,  0.16593911, -0.24876788, -0.26772235, -0.17842655,
        0.12508704, -0.31800522,  0.35153421, -0.27526203, -0.42321502,
        0.26426783, -0.17391717, -0.27293108, -0.10011201, -0.24254893,
       -0.1505758 ,  0.2455205 , -0.25446624,  0.23668594, -0.29643662,
        0.3605339 ,  0.09960459,  0.31859312, -0.48092537,  0.31432366,
        0.20165973, -0.08833539, -0.46147499,  0.21476617]) 

Generation: 63 
 - Generation Avg Fit: 8.55071821494582 
 - Best Fitness: 27.86029510315139 
 - Worst Fitness: 0.0
 - Best Solution: array([ 0.05964128, -0.06447664,  0.00587087,  0.18526055,  0.05922037,
       -0.08246609, -0.2728984 ,  0.01965102, -0.26860648,  0.35705009,
       -0.22281648,  0.12462827, -0.17299639, -0.11248082,  0.36489066,
       -0.04602617,  0.16608453,  0.50294335,  0.08521238, -0.16892393,
       -0.17789338, -0.28737782, -0.07180024, -0.35819113,  0.00379327,
        0.01525844,  0.24592265,  0.38933996, -0.14122748, -0.41981348,
       -0.07880737, -0.29665511, -0.17508228, -0.06171624, -0.19784231,
        0.06676182,  0.16593911, -0.24876788, -0.26772235, -0.17842655,
        0.12508704, -0.31800522,  0.35153421, -0.27526203, -0.42321502,
        0.26426783, -0.17391717, -0.27293108, -0.10011201, -0.24254893,
       -0.1505758 ,  0.2455205 , -0.25446624,  0.23668594, -0.29643662,
        0.3605339 ,  0.09960459,  0.31859312, -0.48092537,  0.31432366,
        0.20165973, -0.08833539, -0.46147499,  0.21476617]) 

Generation: 64 
 - Generation Avg Fit: 8.78503439294921 
 - Best Fitness: 27.86029510315139 
 - Worst Fitness: 0.0
 - Best Solution: array([ 0.05964128, -0.06447664,  0.00587087,  0.18526055,  0.05922037,
       -0.08246609, -0.2728984 ,  0.01965102, -0.26860648,  0.35705009,
       -0.22281648,  0.12462827, -0.17299639, -0.11248082,  0.36489066,
       -0.04602617,  0.16608453,  0.50294335,  0.08521238, -0.16892393,
       -0.17789338, -0.28737782, -0.07180024, -0.35819113,  0.00379327,
        0.01525844,  0.24592265,  0.38933996, -0.14122748, -0.41981348,
       -0.07880737, -0.29665511, -0.17508228, -0.06171624, -0.19784231,
        0.06676182,  0.16593911, -0.24876788, -0.26772235, -0.17842655,
        0.12508704, -0.31800522,  0.35153421, -0.27526203, -0.42321502,
        0.26426783, -0.17391717, -0.27293108, -0.10011201, -0.24254893,
       -0.1505758 ,  0.2455205 , -0.25446624,  0.23668594, -0.29643662,
        0.3605339 ,  0.09960459,  0.31859312, -0.48092537,  0.31432366,
        0.20165973, -0.08833539, -0.46147499,  0.21476617]) 

Generation: 65 
 - Generation Avg Fit: 8.726580698612054 
 - Best Fitness: 27.86029510315139 
 - Worst Fitness: 0.0
 - Best Solution: array([ 0.05964128, -0.06447664,  0.00587087,  0.18526055,  0.05922037,
       -0.08246609, -0.2728984 ,  0.01965102, -0.26860648,  0.35705009,
       -0.22281648,  0.12462827, -0.17299639, -0.11248082,  0.36489066,
       -0.04602617,  0.16608453,  0.50294335,  0.08521238, -0.16892393,
       -0.17789338, -0.28737782, -0.07180024, -0.35819113,  0.00379327,
        0.01525844,  0.24592265,  0.38933996, -0.14122748, -0.41981348,
       -0.07880737, -0.29665511, -0.17508228, -0.06171624, -0.19784231,
        0.06676182,  0.16593911, -0.24876788, -0.26772235, -0.17842655,
        0.12508704, -0.31800522,  0.35153421, -0.27526203, -0.42321502,
        0.26426783, -0.17391717, -0.27293108, -0.10011201, -0.24254893,
       -0.1505758 ,  0.2455205 , -0.25446624,  0.23668594, -0.29643662,
        0.3605339 ,  0.09960459,  0.31859312, -0.48092537,  0.31432366,
        0.20165973, -0.08833539, -0.46147499,  0.21476617]) 

Generation: 66 
 - Generation Avg Fit: 8.834681416433334 
 - Best Fitness: 27.86029510315139 
 - Worst Fitness: 0.0
 - Best Solution: array([ 0.05964128, -0.06447664,  0.00587087,  0.18526055,  0.05922037,
       -0.08246609, -0.2728984 ,  0.01965102, -0.26860648,  0.35705009,
       -0.22281648,  0.12462827, -0.17299639, -0.11248082,  0.36489066,
       -0.04602617,  0.16608453,  0.50294335,  0.08521238, -0.16892393,
       -0.17789338, -0.28737782, -0.07180024, -0.35819113,  0.00379327,
        0.01525844,  0.24592265,  0.38933996, -0.14122748, -0.41981348,
       -0.07880737, -0.29665511, -0.17508228, -0.06171624, -0.19784231,
        0.06676182,  0.16593911, -0.24876788, -0.26772235, -0.17842655,
        0.12508704, -0.31800522,  0.35153421, -0.27526203, -0.42321502,
        0.26426783, -0.17391717, -0.27293108, -0.10011201, -0.24254893,
       -0.1505758 ,  0.2455205 , -0.25446624,  0.23668594, -0.29643662,
        0.3605339 ,  0.09960459,  0.31859312, -0.48092537,  0.31432366,
        0.20165973, -0.08833539, -0.46147499,  0.21476617]) 

Generation: 67 
 - Generation Avg Fit: 9.26744702657594 
 - Best Fitness: 27.86029510315139 
 - Worst Fitness: 0.0
 - Best Solution: array([ 0.05964128, -0.06447664,  0.00587087,  0.18526055,  0.05922037,
       -0.08246609, -0.2728984 ,  0.01965102, -0.26860648,  0.35705009,
       -0.22281648,  0.12462827, -0.17299639, -0.11248082,  0.36489066,
       -0.04602617,  0.16608453,  0.50294335,  0.08521238, -0.16892393,
       -0.17789338, -0.28737782, -0.07180024, -0.35819113,  0.00379327,
        0.01525844,  0.24592265,  0.38933996, -0.14122748, -0.41981348,
       -0.07880737, -0.29665511, -0.17508228, -0.06171624, -0.19784231,
        0.06676182,  0.16593911, -0.24876788, -0.26772235, -0.17842655,
        0.12508704, -0.31800522,  0.35153421, -0.27526203, -0.42321502,
        0.26426783, -0.17391717, -0.27293108, -0.10011201, -0.24254893,
       -0.1505758 ,  0.2455205 , -0.25446624,  0.23668594, -0.29643662,
        0.3605339 ,  0.09960459,  0.31859312, -0.48092537,  0.31432366,
        0.20165973, -0.08833539, -0.46147499,  0.21476617]) 

Generation: 68 
 - Generation Avg Fit: 9.320452998374371 
 - Best Fitness: 27.86029510315139 
 - Worst Fitness: 0.0
 - Best Solution: array([ 0.05964128, -0.06447664,  0.00587087,  0.18526055,  0.05922037,
       -0.08246609, -0.2728984 ,  0.01965102, -0.26860648,  0.35705009,
       -0.22281648,  0.12462827, -0.17299639, -0.11248082,  0.36489066,
       -0.04602617,  0.16608453,  0.50294335,  0.08521238, -0.16892393,
       -0.17789338, -0.28737782, -0.07180024, -0.35819113,  0.00379327,
        0.01525844,  0.24592265,  0.38933996, -0.14122748, -0.41981348,
       -0.07880737, -0.29665511, -0.17508228, -0.06171624, -0.19784231,
        0.06676182,  0.16593911, -0.24876788, -0.26772235, -0.17842655,
        0.12508704, -0.31800522,  0.35153421, -0.27526203, -0.42321502,
        0.26426783, -0.17391717, -0.27293108, -0.10011201, -0.24254893,
       -0.1505758 ,  0.2455205 , -0.25446624,  0.23668594, -0.29643662,
        0.3605339 ,  0.09960459,  0.31859312, -0.48092537,  0.31432366,
        0.20165973, -0.08833539, -0.46147499,  0.21476617]) 

Generation: 69 
 - Generation Avg Fit: 9.419461020234724 
 - Best Fitness: 27.86029510315139 
 - Worst Fitness: 0.0
 - Best Solution: array([ 0.05964128, -0.06447664,  0.00587087,  0.18526055,  0.05922037,
       -0.08246609, -0.2728984 ,  0.01965102, -0.26860648,  0.35705009,
       -0.22281648,  0.12462827, -0.17299639, -0.11248082,  0.36489066,
       -0.04602617,  0.16608453,  0.50294335,  0.08521238, -0.16892393,
       -0.17789338, -0.28737782, -0.07180024, -0.35819113,  0.00379327,
        0.01525844,  0.24592265,  0.38933996, -0.14122748, -0.41981348,
       -0.07880737, -0.29665511, -0.17508228, -0.06171624, -0.19784231,
        0.06676182,  0.16593911, -0.24876788, -0.26772235, -0.17842655,
        0.12508704, -0.31800522,  0.35153421, -0.27526203, -0.42321502,
        0.26426783, -0.17391717, -0.27293108, -0.10011201, -0.24254893,
       -0.1505758 ,  0.2455205 , -0.25446624,  0.23668594, -0.29643662,
        0.3605339 ,  0.09960459,  0.31859312, -0.48092537,  0.31432366,
        0.20165973, -0.08833539, -0.46147499,  0.21476617]) 

Generation: 70 
 - Generation Avg Fit: 9.86698183466341 
 - Best Fitness: 27.86029510315139 
 - Worst Fitness: 0.0
 - Best Solution: array([ 0.05964128, -0.06447664,  0.00587087,  0.18526055,  0.05922037,
       -0.08246609, -0.2728984 ,  0.01965102, -0.26860648,  0.35705009,
       -0.22281648,  0.12462827, -0.17299639, -0.11248082,  0.36489066,
       -0.04602617,  0.16608453,  0.50294335,  0.08521238, -0.16892393,
       -0.17789338, -0.28737782, -0.07180024, -0.35819113,  0.00379327,
        0.01525844,  0.24592265,  0.38933996, -0.14122748, -0.41981348,
       -0.07880737, -0.29665511, -0.17508228, -0.06171624, -0.19784231,
        0.06676182,  0.16593911, -0.24876788, -0.26772235, -0.17842655,
        0.12508704, -0.31800522,  0.35153421, -0.27526203, -0.42321502,
        0.26426783, -0.17391717, -0.27293108, -0.10011201, -0.24254893,
       -0.1505758 ,  0.2455205 , -0.25446624,  0.23668594, -0.29643662,
        0.3605339 ,  0.09960459,  0.31859312, -0.48092537,  0.31432366,
        0.20165973, -0.08833539, -0.46147499,  0.21476617]) 

Generation: 71 
 - Generation Avg Fit: 9.752943893316914 
 - Best Fitness: 29.62700848150509 
 - Worst Fitness: 0.0
 - Best Solution: array([ 0.07097763, -0.04709216,  0.01047833,  0.18843561,  0.07752273,
       -0.0827484 , -0.25910611,  0.03148976, -0.26059366,  0.34347801,
       -0.21555131,  0.46232066, -0.17856392, -0.12140335, -0.40797146,
       -0.35811975,  0.15977088,  0.50270712,  0.07651256, -0.15245682,
       -0.17936852, -0.29805155, -0.08941043, -0.3641952 , -0.00427843,
        0.01064435,  0.25795271, -0.1308892 , -0.47762208, -0.42893077,
       -0.08608863, -0.29665511, -0.28021539, -0.08302822, -0.20689845,
        0.05172329,  0.19061602, -0.23084294, -0.27810198, -0.15738816,
       -0.31012313, -0.31853732,  0.35509524, -0.26709207, -0.41128544,
        0.12832125, -0.11535128, -0.24528354,  0.05831863, -0.2335901 ,
       -0.13361489,  0.23498477, -0.25186843,  0.23520528, -0.28568297,
        0.41061016,  0.10184372,  0.3279922 , -0.48027641, -0.27990162,
        0.22058395, -0.08211818, -0.33019846,  0.22672219]) 

Generation: 72 
 - Generation Avg Fit: 10.232946329487039 
 - Best Fitness: 29.62700848150509 
 - Worst Fitness: 0.0
 - Best Solution: array([ 0.05964128, -0.06447664,  0.00587087,  0.18526055,  0.05922037,
       -0.08246609, -0.2728984 ,  0.01965102, -0.26860648,  0.35705009,
       -0.22281648,  0.12462827, -0.17299639, -0.11248082,  0.36489066,
       -0.04602617,  0.16608453,  0.50294335,  0.08521238, -0.16892393,
       -0.17789338, -0.28737782, -0.07180024, -0.35819113,  0.00379327,
        0.01525844,  0.24592265,  0.38933996, -0.14122748, -0.41981348,
       -0.07880737, -0.29665511, -0.17508228, -0.06171624, -0.19784231,
        0.06676182,  0.16593911, -0.24876788, -0.26772235, -0.17842655,
        0.12508704, -0.31800522,  0.35153421, -0.27526203, -0.42321502,
        0.26426783, -0.17391717, -0.27293108, -0.10011201, -0.24254893,
       -0.1505758 ,  0.2455205 , -0.25446624,  0.23668594, -0.29643662,
        0.3605339 ,  0.09960459,  0.31859312, -0.48092537,  0.31432366,
        0.20165973, -0.08833539, -0.46147499,  0.21476617]) 

Generation: 73 
 - Generation Avg Fit: 10.572817784299163 
 - Best Fitness: 29.62700848150509 
 - Worst Fitness: 0.0
 - Best Solution: array([ 0.07097763, -0.04709216,  0.01047833,  0.18843561,  0.07752273,
       -0.0827484 , -0.25910611,  0.03148976, -0.26059366,  0.34347801,
       -0.21555131,  0.46232066, -0.17856392, -0.12140335, -0.40797146,
       -0.35811975,  0.15977088,  0.50270712,  0.07651256, -0.15245682,
       -0.17936852, -0.29805155, -0.08941043, -0.3641952 , -0.00427843,
        0.01064435,  0.25795271, -0.1308892 , -0.47762208, -0.42893077,
       -0.08608863, -0.29665511, -0.28021539, -0.08302822, -0.20689845,
        0.05172329,  0.19061602, -0.23084294, -0.27810198, -0.15738816,
       -0.31012313, -0.31853732,  0.35509524, -0.26709207, -0.41128544,
        0.12832125, -0.11535128, -0.24528354,  0.05831863, -0.2335901 ,
       -0.13361489,  0.23498477, -0.25186843,  0.23520528, -0.28568297,
        0.41061016,  0.10184372,  0.3279922 , -0.48027641, -0.27990162,
        0.22058395, -0.08211818, -0.33019846,  0.22672219]) 

Generation: 74 
 - Generation Avg Fit: 10.70402180273776 
 - Best Fitness: 29.62700848150509 
 - Worst Fitness: 0.0
 - Best Solution: array([ 0.07097763, -0.04709216,  0.01047833,  0.18843561,  0.07752273,
       -0.0827484 , -0.25910611,  0.03148976, -0.26059366,  0.34347801,
       -0.21555131,  0.46232066, -0.17856392, -0.12140335, -0.40797146,
       -0.35811975,  0.15977088,  0.50270712,  0.07651256, -0.15245682,
       -0.17936852, -0.29805155, -0.08941043, -0.3641952 , -0.00427843,
        0.01064435,  0.25795271, -0.1308892 , -0.47762208, -0.42893077,
       -0.08608863, -0.29665511, -0.28021539, -0.08302822, -0.20689845,
        0.05172329,  0.19061602, -0.23084294, -0.27810198, -0.15738816,
       -0.31012313, -0.31853732,  0.35509524, -0.26709207, -0.41128544,
        0.12832125, -0.11535128, -0.24528354,  0.05831863, -0.2335901 ,
       -0.13361489,  0.23498477, -0.25186843,  0.23520528, -0.28568297,
        0.41061016,  0.10184372,  0.3279922 , -0.48027641, -0.27990162,
        0.22058395, -0.08211818, -0.33019846,  0.22672219]) 

Generation: 75 
 - Generation Avg Fit: 11.116485940699933 
 - Best Fitness: 39.06393396922996 
 - Worst Fitness: 0.0
 - Best Solution: array([ 0.06557251, -0.06447664,  0.01844973,  0.18534823,  0.05922037,
       -0.0886142 , -0.28115945,  0.01965102, -0.26059366,  0.34733091,
       -0.22281648,  0.46232066, -0.17299639, -0.12166688, -0.41765688,
       -0.35811975,  0.16948005,  0.49663457,  0.0915694 , -0.15743095,
       -0.17789338, -0.28713758, -0.08941043, -0.35819113,  0.00379327,
        0.01525844,  0.24730475,  0.39342355, -0.1322774 , -0.41981348,
       -0.08608863, -0.30158433, -0.17508228, -0.07083554, -0.19949617,
        0.05172329,  0.16593911, -0.24876788, -0.27810198, -0.16947023,
       -0.30062258, -0.32342848,  0.34269295, -0.27526203, -0.4193311 ,
        0.12666841, -0.11535128, -0.24872964, -0.10527751, -0.22590872,
       -0.14313878,  0.2373345 , -0.25446624,  0.23668594, -0.28568297,
        0.41061016,  0.0967698 ,  0.31859312, -0.48027641, -0.27602182,
        0.22058395, -0.08833539, -0.3335854 ,  0.20669073]) 

Generation: 76 
 - Generation Avg Fit: 11.09121193093378 
 - Best Fitness: 39.06393396922996 
 - Worst Fitness: 0.0
 - Best Solution: array([ 0.07097763, -0.04709216,  0.01047833,  0.18843561,  0.07752273,
       -0.0827484 , -0.25910611,  0.03148976, -0.26059366,  0.34347801,
       -0.21555131,  0.46232066, -0.17856392, -0.12140335, -0.40797146,
       -0.35811975,  0.15977088,  0.50270712,  0.07651256, -0.15245682,
       -0.17936852, -0.29805155, -0.08941043, -0.3641952 , -0.00427843,
        0.01064435,  0.25795271, -0.1308892 , -0.47762208, -0.42893077,
       -0.08608863, -0.29665511, -0.28021539, -0.08302822, -0.20689845,
        0.05172329,  0.19061602, -0.23084294, -0.27810198, -0.15738816,
       -0.31012313, -0.31853732,  0.35509524, -0.26709207, -0.41128544,
        0.12832125, -0.11535128, -0.24528354,  0.05831863, -0.2335901 ,
       -0.13361489,  0.23498477, -0.25186843,  0.23520528, -0.28568297,
        0.41061016,  0.10184372,  0.3279922 , -0.48027641, -0.27990162,
        0.22058395, -0.08211818, -0.33019846,  0.22672219]) 

Generation: 77 
 - Generation Avg Fit: 12.065185832051746 
 - Best Fitness: 39.06393396922996 
 - Worst Fitness: 0.0
 - Best Solution: array([ 0.06557251, -0.06447664,  0.01844973,  0.18534823,  0.05922037,
       -0.0886142 , -0.28115945,  0.01965102, -0.26059366,  0.34733091,
       -0.22281648,  0.46232066, -0.17299639, -0.12166688, -0.41765688,
       -0.35811975,  0.16948005,  0.49663457,  0.0915694 , -0.15743095,
       -0.17789338, -0.28713758, -0.08941043, -0.35819113,  0.00379327,
        0.01525844,  0.24730475,  0.39342355, -0.1322774 , -0.41981348,
       -0.08608863, -0.30158433, -0.17508228, -0.07083554, -0.19949617,
        0.05172329,  0.16593911, -0.24876788, -0.27810198, -0.16947023,
       -0.30062258, -0.32342848,  0.34269295, -0.27526203, -0.4193311 ,
        0.12666841, -0.11535128, -0.24872964, -0.10527751, -0.22590872,
       -0.14313878,  0.2373345 , -0.25446624,  0.23668594, -0.28568297,
        0.41061016,  0.0967698 ,  0.31859312, -0.48027641, -0.27602182,
        0.22058395, -0.08833539, -0.3335854 ,  0.20669073]) 

Generation: 78 
 - Generation Avg Fit: 11.85724997867379 
 - Best Fitness: 39.06393396922996 
 - Worst Fitness: 0.0
 - Best Solution: array([ 0.06557251, -0.06447664,  0.01844973,  0.18534823,  0.05922037,
       -0.0886142 , -0.28115945,  0.01965102, -0.26059366,  0.34733091,
       -0.22281648,  0.46232066, -0.17299639, -0.12166688, -0.41765688,
       -0.35811975,  0.16948005,  0.49663457,  0.0915694 , -0.15743095,
       -0.17789338, -0.28713758, -0.08941043, -0.35819113,  0.00379327,
        0.01525844,  0.24730475,  0.39342355, -0.1322774 , -0.41981348,
       -0.08608863, -0.30158433, -0.17508228, -0.07083554, -0.19949617,
        0.05172329,  0.16593911, -0.24876788, -0.27810198, -0.16947023,
       -0.30062258, -0.32342848,  0.34269295, -0.27526203, -0.4193311 ,
        0.12666841, -0.11535128, -0.24872964, -0.10527751, -0.22590872,
       -0.14313878,  0.2373345 , -0.25446624,  0.23668594, -0.28568297,
        0.41061016,  0.0967698 ,  0.31859312, -0.48027641, -0.27602182,
        0.22058395, -0.08833539, -0.3335854 ,  0.20669073]) 

Generation: 79 
 - Generation Avg Fit: 12.49933301813383 
 - Best Fitness: 40.247350462968434 
 - Worst Fitness: 0.0
 - Best Solution: array([ 0.06134962, -0.06641806,  0.01844973,  0.18534823,  0.05922037,
       -0.09071424, -0.25910611,  0.03886481, -0.26059366,  0.35684782,
       -0.20677227,  0.46232066, -0.17299639, -0.12997997, -0.41765688,
       -0.35526098,  0.16195704,  0.50387299,  0.08495584, -0.15543754,
       -0.18857651, -0.29907131, -0.08328373, -0.35628028,  0.00379327,
        0.01064435,  0.25795271,  0.39342355, -0.1322774 , -0.42893077,
       -0.08608863, -0.30158433, -0.17508228, -0.07756288, -0.19949617,
        0.05172329,  0.19061602, -0.23406157, -0.27810198, -0.15738816,
       -0.30368631, -0.31853732,  0.35509524, -0.27526203, -0.41802505,
        0.12832125, -0.11535128, -0.24017286, -0.10527751, -0.23589411,
       -0.14687746,  0.23498477, -0.25247919,  0.24668041, -0.28568297,
        0.41061016,  0.0967698 ,  0.32479283, -0.47678522, -0.27602182,
        0.22754544, -0.08211818, -0.32772888,  0.22672219]) 

Generation: 80 
 - Generation Avg Fit: 13.519749130644643 
 - Best Fitness: 40.247350462968434 
 - Worst Fitness: 0.0
 - Best Solution: array([ 0.06557251, -0.06447664,  0.01844973,  0.18534823,  0.05922037,
       -0.0886142 , -0.28115945,  0.01965102, -0.26059366,  0.34733091,
       -0.22281648,  0.46232066, -0.17299639, -0.12166688, -0.41765688,
       -0.35811975,  0.16948005,  0.49663457,  0.0915694 , -0.15743095,
       -0.17789338, -0.28713758, -0.08941043, -0.35819113,  0.00379327,
        0.01525844,  0.24730475,  0.39342355, -0.1322774 , -0.41981348,
       -0.08608863, -0.30158433, -0.17508228, -0.07083554, -0.19949617,
        0.05172329,  0.16593911, -0.24876788, -0.27810198, -0.16947023,
       -0.30062258, -0.32342848,  0.34269295, -0.27526203, -0.4193311 ,
        0.12666841, -0.11535128, -0.24872964, -0.10527751, -0.22590872,
       -0.14313878,  0.2373345 , -0.25446624,  0.23668594, -0.28568297,
        0.41061016,  0.0967698 ,  0.31859312, -0.48027641, -0.27602182,
        0.22058395, -0.08833539, -0.3335854 ,  0.20669073]) 

Generation: 81 
 - Generation Avg Fit: 14.13602436749135 
 - Best Fitness: 40.247350462968434 
 - Worst Fitness: 0.0
 - Best Solution: array([ 0.06595353, -0.05665125,  0.01844973,  0.18267514,  0.05922037,
       -0.0955749 , -0.28115945,  0.03886481, -0.25666819,  0.34733091,
       -0.22353903,  0.46232066, -0.17728166, -0.12997997, -0.41619324,
       -0.3572105 ,  0.16367517,  0.51199016,  0.08284604, -0.1532042 ,
       -0.16898505, -0.29907131, -0.08941043, -0.35628028,  0.00379327,
        0.01492826,  0.24800421,  0.39342355, -0.14174594, -0.41981348,
       -0.08608863, -0.30158433, -0.17508228, -0.07105227, -0.19949617,
        0.04177299,  0.18607184, -0.24876788, -0.27810198, -0.16947023,
       -0.29515891, -0.32086877,  0.34269295, -0.2656304 , -0.42014174,
        0.12832125, -0.1068821 , -0.2406227 , -0.10527751, -0.22590872,
       -0.14313878,  0.23245124, -0.25446624,  0.23668594, -0.29179372,
        0.41061016,  0.09259006,  0.31384218, -0.47678522, -0.27885827,
        0.23386802, -0.08833539, -0.33355381,  0.20669073]) 

Generation: 82 
 - Generation Avg Fit: 14.598382567132772 
 - Best Fitness: 40.247350462968434 
 - Worst Fitness: 0.0
 - Best Solution: array([ 0.06595353, -0.05665125,  0.01844973,  0.18267514,  0.05922037,
       -0.0955749 , -0.28115945,  0.03886481, -0.25666819,  0.34733091,
       -0.22353903,  0.46232066, -0.17728166, -0.12997997, -0.41619324,
       -0.3572105 ,  0.16367517,  0.51199016,  0.08284604, -0.1532042 ,
       -0.16898505, -0.29907131, -0.08941043, -0.35628028,  0.00379327,
        0.01492826,  0.24800421,  0.39342355, -0.14174594, -0.41981348,
       -0.08608863, -0.30158433, -0.17508228, -0.07105227, -0.19949617,
        0.04177299,  0.18607184, -0.24876788, -0.27810198, -0.16947023,
       -0.29515891, -0.32086877,  0.34269295, -0.2656304 , -0.42014174,
        0.12832125, -0.1068821 , -0.2406227 , -0.10527751, -0.22590872,
       -0.14313878,  0.23245124, -0.25446624,  0.23668594, -0.29179372,
        0.41061016,  0.09259006,  0.31384218, -0.47678522, -0.27885827,
        0.23386802, -0.08833539, -0.33355381,  0.20669073]) 

Generation: 83 
 - Generation Avg Fit: 17.530021826732632 
 - Best Fitness: 40.247350462968434 
 - Worst Fitness: 0.0
 - Best Solution: array([ 0.06595353, -0.05665125,  0.01844973,  0.18267514,  0.05922037,
       -0.0955749 , -0.28115945,  0.03886481, -0.25666819,  0.34733091,
       -0.22353903,  0.46232066, -0.17728166, -0.12997997, -0.41619324,
       -0.3572105 ,  0.16367517,  0.51199016,  0.08284604, -0.1532042 ,
       -0.16898505, -0.29907131, -0.08941043, -0.35628028,  0.00379327,
        0.01492826,  0.24800421,  0.39342355, -0.14174594, -0.41981348,
       -0.08608863, -0.30158433, -0.17508228, -0.07105227, -0.19949617,
        0.04177299,  0.18607184, -0.24876788, -0.27810198, -0.16947023,
       -0.29515891, -0.32086877,  0.34269295, -0.2656304 , -0.42014174,
        0.12832125, -0.1068821 , -0.2406227 , -0.10527751, -0.22590872,
       -0.14313878,  0.23245124, -0.25446624,  0.23668594, -0.29179372,
        0.41061016,  0.09259006,  0.31384218, -0.47678522, -0.27885827,
        0.23386802, -0.08833539, -0.33355381,  0.20669073]) 

Generation: 84 
 - Generation Avg Fit: 20.227002561825643 
 - Best Fitness: 40.95225226605127 
 - Worst Fitness: 0.0
 - Best Solution: array([ 0.06557251, -0.06447664,  0.01765842,  0.18420549,  0.05922037,
       -0.0886142 , -0.28592032,  0.01965102, -0.2583507 ,  0.34733091,
       -0.21591102,  0.46232066, -0.17299639, -0.12166688, -0.41708455,
       -0.35898995,  0.16948005,  0.50635093,  0.08590305, -0.1623042 ,
       -0.1861903 , -0.27808813, -0.08941043, -0.35526485, -0.00547771,
        0.00548255,  0.24730475,  0.3975841 , -0.14165089, -0.41981348,
       -0.08574993, -0.30555192, -0.17452213, -0.08354304, -0.19949617,
        0.05172329,  0.16593911, -0.2371792 , -0.27455074, -0.16947023,
       -0.29552107, -0.32527504,  0.34269295, -0.28494978, -0.4193311 ,
        0.12666841, -0.11535128, -0.24701823, -0.09629407, -0.22529799,
       -0.13962484,  0.2373345 , -0.24944495,  0.23075368, -0.28568297,
        0.41061016,  0.0967698 ,  0.31169331, -0.47094535, -0.27154893,
        0.22071225, -0.08948457, -0.3335854 ,  0.2090041 ]) 

Generation: 85 
 - Generation Avg Fit: 26.193589314618283 
 - Best Fitness: 42.02345348999861 
 - Worst Fitness: 0.0
 - Best Solution: array([ 5.77129760e-02, -6.33423371e-02,  2.67345069e-02,  1.99710895e-01,
        5.13470232e-02, -9.46151240e-02, -2.89226415e-01,  4.46591026e-02,
       -2.64824030e-01,  3.51953918e-01, -2.14877062e-01,  4.60229786e-01,
       -1.62747232e-01, -1.15565314e-01, -4.06647196e-01, -3.66344350e-01,
        1.63588479e-01,  5.12677083e-01,  7.76533221e-02, -1.46106261e-01,
       -1.84409909e-01, -2.88822911e-01, -9.47645178e-02, -3.58105481e-01,
        4.68325368e-04,  6.28804659e-03,  2.56533040e-01,  3.96222004e-01,
       -1.44174107e-01, -4.23286038e-01, -8.52353941e-02, -3.03169949e-01,
       -1.68871726e-01, -6.79819188e-02, -1.90444812e-01,  5.49608995e-02,
        1.82718399e-01, -2.45673105e-01, -2.69949900e-01, -1.73589975e-01,
       -2.86177285e-01, -3.08517538e-01,  3.35952737e-01, -2.79439580e-01,
       -4.29308485e-01,  1.28321253e-01, -1.08918907e-01, -2.42091984e-01,
       -1.05277509e-01, -2.19306641e-01, -1.36155807e-01,  2.30927293e-01,
       -2.64297214e-01,  2.30136165e-01, -2.79576691e-01,  4.08371307e-01,
        1.00713963e-01,  3.13842184e-01, -4.81737700e-01, -2.69573682e-01,
        2.27800850e-01, -9.41638884e-02, -3.37810562e-01,  2.06706545e-01]) 

Generation: 86 
 - Generation Avg Fit: 33.63489642930453 
 - Best Fitness: 42.02345348999861 
 - Worst Fitness: 0.0
 - Best Solution: array([ 0.05570009, -0.06650325,  0.01844973,  0.18464005,  0.05591575,
       -0.08680286, -0.28261757,  0.03886481, -0.26193775,  0.3569843 ,
       -0.23126553,  0.47013261, -0.15580189, -0.12300295, -0.42186572,
       -0.35811975,  0.17087786,  0.50725873,  0.07711906, -0.1532042 ,
       -0.19165367, -0.29108188, -0.0991774 , -0.36166592,  0.01368147,
        0.01064435,  0.2499769 ,  0.38840645, -0.1322774 , -0.42309136,
       -0.09403021, -0.31088266, -0.17508228, -0.07083554, -0.20005027,
        0.05406158,  0.16593911, -0.24585399, -0.2769581 , -0.17019578,
       -0.28555696, -0.31646096,  0.37297665, -0.2821934 , -0.42439406,
        0.12265775, -0.12113748, -0.24062011, -0.11138505, -0.22943893,
       -0.15657547,  0.2468079 , -0.24566518,  0.24610804, -0.28451519,
        0.40966015,  0.08241543,  0.31859312, -0.48373866, -0.27602182,
        0.22561342, -0.07689747, -0.34410296,  0.22401692]) 

Generation: 87 
 - Generation Avg Fit: 36.283204558687274 
 - Best Fitness: 43.240506192848045 
 - Worst Fitness: 0.0
 - Best Solution: array([ 0.06822873, -0.04014256,  0.01350983,  0.1831896 ,  0.05650405,
       -0.10214729, -0.29524287,  0.03390707, -0.24144895,  0.35947393,
       -0.21730607,  0.46626059, -0.16350642, -0.12166688, -0.4169095 ,
       -0.35898995,  0.1634088 ,  0.49037701,  0.08284604, -0.14730672,
       -0.1672307 , -0.29406628, -0.10463315, -0.36217935, -0.00477626,
        0.01216103,  0.24069578,  0.4038485 , -0.14721985, -0.4134588 ,
       -0.08608863, -0.31317096, -0.14805751, -0.08429834, -0.19093473,
        0.05301156,  0.15610937, -0.23899399, -0.28416958, -0.16352528,
       -0.30612809, -0.32086877,  0.33369692, -0.28409172, -0.41802505,
        0.12442544, -0.11702219, -0.23605816, -0.11550158, -0.22050023,
       -0.13726783,  0.2373345 , -0.24513783,  0.21744354, -0.29740434,
        0.41154725,  0.1016276 ,  0.31885333, -0.47078384, -0.27795601,
        0.25294507, -0.08843751, -0.33118229,  0.23785031]) 

Generation: 88 
 - Generation Avg Fit: 37.8484607380472 
 - Best Fitness: 44.046993472324104 
 - Worst Fitness: 0.0
 - Best Solution: array([ 0.07172266, -0.0741618 ,  0.02837943,  0.18301123,  0.08475273,
       -0.1010072 , -0.28852258,  0.04621739, -0.25666819,  0.33822998,
       -0.2237167 ,  0.45722692, -0.19129381, -0.12152304, -0.41375255,
       -0.35825369,  0.16948005,  0.50668976,  0.08270904, -0.14724069,
       -0.17022673, -0.28895718, -0.09915474, -0.35406216,  0.00133023,
        0.00112114,  0.24913579,  0.39965359, -0.11176739, -0.4180336 ,
       -0.08250151, -0.30885221, -0.17114136, -0.07786006, -0.19106599,
        0.07732237,  0.15418026, -0.23229922, -0.28302475, -0.17114061,
       -0.28058097, -0.32848921,  0.35913137, -0.28351568, -0.42468177,
        0.11873585, -0.12466096, -0.22701917, -0.12447279, -0.22590872,
       -0.14078947,  0.2386847 , -0.24810453,  0.22158836, -0.27706106,
        0.40855907,  0.10068256,  0.32047248, -0.48565217, -0.27445864,
        0.21928888, -0.08031254, -0.31977167,  0.19156266]) 

Generation: 89 
 - Generation Avg Fit: 37.08586932215166 
 - Best Fitness: 44.046993472324104 
 - Worst Fitness: 0.0
 - Best Solution: array([ 0.05467475, -0.06228777,  0.01327997,  0.1897731 ,  0.05922037,
       -0.10077505, -0.28752189,  0.03268286, -0.26718624,  0.32810118,
       -0.22754587,  0.46232066, -0.1634635 , -0.11220485, -0.42421201,
       -0.37076778,  0.17280267,  0.50184738,  0.07895084, -0.14555108,
       -0.16898146, -0.29843319, -0.09023448, -0.34883646,  0.01785304,
        0.00625732,  0.25528481,  0.39965359, -0.14102857, -0.41764754,
       -0.09211152, -0.31790098, -0.17627548, -0.07480096, -0.19276801,
        0.06347599,  0.19719137, -0.25540306, -0.26948005, -0.1622202 ,
       -0.28693337, -0.32040536,  0.347193  , -0.28496603, -0.412457  ,
        0.12158284, -0.09481554, -0.24877716, -0.10341078, -0.23126044,
       -0.15167779,  0.24514524, -0.26136219,  0.2520946 , -0.28289087,
        0.40966015,  0.0835294 ,  0.30905546, -0.47304098, -0.27894459,
        0.22671596, -0.07929933, -0.33501784,  0.22533371]) 

Generation: 90 
 - Generation Avg Fit: 37.84739235451032 
 - Best Fitness: 44.544133143069274 
 - Worst Fitness: 0.0
 - Best Solution: array([ 0.06456413, -0.07252827,  0.00870761,  0.19672756,  0.06217985,
       -0.09894655, -0.28403208,  0.02632214, -0.26391362,  0.35818906,
       -0.22111346,  0.48396156, -0.16867479, -0.13896874, -0.42097019,
       -0.36478343,  0.1767057 ,  0.50720702,  0.10397017, -0.15582353,
       -0.18953975, -0.29193487, -0.09476452, -0.36482983,  0.00152319,
        0.01729379,  0.23815134,  0.38876906, -0.12393462, -0.42123793,
       -0.10244628, -0.30888661, -0.14937114, -0.06207431, -0.18992698,
        0.05021851,  0.17408229, -0.2406466 , -0.28320217, -0.16186697,
       -0.282043  , -0.32086877,  0.33365997, -0.29183826, -0.41881204,
        0.11614978, -0.11436886, -0.23748825, -0.11782703, -0.22734469,
       -0.16125545,  0.24003276, -0.24548717,  0.2305343 , -0.28981751,
        0.43056575,  0.10360826,  0.29776607, -0.47346188, -0.2858847 ,
        0.26004927, -0.07744451, -0.34410355,  0.2183325 ]) 

Generation: 91 
 - Generation Avg Fit: 37.37506533337685 
 - Best Fitness: 44.544133143069274 
 - Worst Fitness: 0.0
 - Best Solution: array([ 0.06979677, -0.066609  ,  0.01844973,  0.18573869,  0.06209944,
       -0.08381863, -0.28922641,  0.03188906, -0.25430684,  0.35420256,
       -0.21936839,  0.47318876, -0.17667336, -0.12176135, -0.41348905,
       -0.35437812,  0.17367804,  0.49141052,  0.08292481, -0.1532042 ,
       -0.16461066, -0.30866745, -0.10134058, -0.35862279,  0.01716256,
        0.01685998,  0.262217  ,  0.41413657, -0.12273022, -0.42621539,
       -0.08840162, -0.29840103, -0.17387126, -0.08405362, -0.20922132,
        0.05853851,  0.15724146, -0.23840458, -0.26835474, -0.16131773,
       -0.29244404, -0.3191259 ,  0.36306239, -0.28064857, -0.42074953,
        0.12264482, -0.09792437, -0.22199921, -0.10781083, -0.22134846,
       -0.15146646,  0.25350967, -0.26014697,  0.24700857, -0.28341829,
        0.40795836,  0.10995102,  0.31512358, -0.47680176, -0.27506685,
        0.21281689, -0.08441545, -0.33299272,  0.22605567]) 

Generation: 92 
 - Generation Avg Fit: 37.97590481680807 
 - Best Fitness: 45.46314945204417 
 - Worst Fitness: 0.0
 - Best Solution: array([ 0.07331133, -0.04101046,  0.01350983,  0.18741474,  0.05922037,
       -0.08737682, -0.27970666,  0.04585485, -0.25880061,  0.34347801,
       -0.24083537,  0.46751024, -0.17376049, -0.13217644, -0.41765688,
       -0.35427866,  0.15615401,  0.51375746,  0.08652183, -0.1573926 ,
       -0.18149516, -0.30072304, -0.10968944, -0.3564349 ,  0.01680093,
        0.00269941,  0.25071484,  0.37391672, -0.14721985, -0.4041599 ,
       -0.07507562, -0.30158433, -0.17391078, -0.08757809, -0.19751206,
        0.05976153,  0.16934627, -0.24091829, -0.27723796, -0.16636146,
       -0.28271067, -0.31038203,  0.36033429, -0.28409172, -0.42014174,
        0.1145542 , -0.13053444, -0.24184034, -0.10672757, -0.23586337,
       -0.135208  ,  0.24130467, -0.24696095,  0.23842729, -0.28706536,
        0.42274895,  0.09859969,  0.30997542, -0.48610872, -0.2790308 ,
        0.25268102, -0.07853038, -0.34323268,  0.23582564]) 

Generation: 93 
 - Generation Avg Fit: 38.11430368132641 
 - Best Fitness: 45.46314945204417 
 - Worst Fitness: 0.0
 - Best Solution: array([ 0.06456413, -0.07252827,  0.00870761,  0.19672756,  0.06217985,
       -0.09894655, -0.28403208,  0.02632214, -0.26391362,  0.35818906,
       -0.22111346,  0.48396156, -0.16867479, -0.13896874, -0.42097019,
       -0.36478343,  0.1767057 ,  0.50720702,  0.10397017, -0.15582353,
       -0.18953975, -0.29193487, -0.09476452, -0.36482983,  0.00152319,
        0.01729379,  0.23815134,  0.38876906, -0.12393462, -0.42123793,
       -0.10244628, -0.30888661, -0.14937114, -0.06207431, -0.18992698,
        0.05021851,  0.17408229, -0.2406466 , -0.28320217, -0.16186697,
       -0.282043  , -0.32086877,  0.33365997, -0.29183826, -0.41881204,
        0.11614978, -0.11436886, -0.23748825, -0.11782703, -0.22734469,
       -0.16125545,  0.24003276, -0.24548717,  0.2305343 , -0.28981751,
        0.43056575,  0.10360826,  0.29776607, -0.47346188, -0.2858847 ,
        0.26004927, -0.07744451, -0.34410355,  0.2183325 ]) 

Generation: 94 
 - Generation Avg Fit: 38.93052194160427 
 - Best Fitness: 45.46314945204417 
 - Worst Fitness: 0.0
 - Best Solution: array([ 0.07770061, -0.06644874,  0.01620952,  0.18662296,  0.04565619,
       -0.08722138, -0.2813593 ,  0.02545626, -0.25527623,  0.34173142,
       -0.22281648,  0.46232066, -0.18006391, -0.1326695 , -0.41257644,
       -0.36287303,  0.18161325,  0.49544484,  0.06233503, -0.14837319,
       -0.17634326, -0.28783953, -0.10838498, -0.34612599,  0.01239361,
        0.00340393,  0.25662091,  0.37867124, -0.14977923, -0.42636402,
       -0.10511286, -0.30535358, -0.17404071, -0.09784326, -0.18079406,
        0.05610733,  0.17418359, -0.24738424, -0.27527751, -0.16375022,
       -0.29035839, -0.31999371,  0.34494034, -0.28694214, -0.41537035,
        0.13147676, -0.10126367, -0.24657036, -0.11683989, -0.22943893,
       -0.16052724,  0.23636528, -0.23010071,  0.23992208, -0.28737434,
        0.41329086,  0.10289742,  0.30702248, -0.48984175, -0.26599027,
        0.22203585, -0.07998004, -0.33682561,  0.22332803]) 

Generation: 95 
 - Generation Avg Fit: 37.94204933582587 
 - Best Fitness: 45.46314945204417 
 - Worst Fitness: 0.0
 - Best Solution: array([ 0.07770061, -0.06644874,  0.01620952,  0.18662296,  0.04565619,
       -0.08722138, -0.2813593 ,  0.02545626, -0.25527623,  0.34173142,
       -0.22281648,  0.46232066, -0.18006391, -0.1326695 , -0.41257644,
       -0.36287303,  0.18161325,  0.49544484,  0.06233503, -0.14837319,
       -0.17634326, -0.28783953, -0.10838498, -0.34612599,  0.01239361,
        0.00340393,  0.25662091,  0.37867124, -0.14977923, -0.42636402,
       -0.10511286, -0.30535358, -0.17404071, -0.09784326, -0.18079406,
        0.05610733,  0.17418359, -0.24738424, -0.27527751, -0.16375022,
       -0.29035839, -0.31999371,  0.34494034, -0.28694214, -0.41537035,
        0.13147676, -0.10126367, -0.24657036, -0.11683989, -0.22943893,
       -0.16052724,  0.23636528, -0.23010071,  0.23992208, -0.28737434,
        0.41329086,  0.10289742,  0.30702248, -0.48984175, -0.26599027,
        0.22203585, -0.07998004, -0.33682561,  0.22332803]) 

Generation: 96 
 - Generation Avg Fit: 38.39741881986403 
 - Best Fitness: 46.26209258541092 
 - Worst Fitness: 0.0
 - Best Solution: array([ 0.07698155, -0.07163629,  0.01315315,  0.18327906,  0.05550931,
       -0.09658924, -0.29497376,  0.03072443, -0.25586165,  0.34400855,
       -0.23106955,  0.46888342, -0.16149482, -0.12370523, -0.40760362,
       -0.35468378,  0.17441678,  0.51687451,  0.098956  , -0.14343673,
       -0.19165367, -0.3012536 , -0.09157367, -0.36990572,  0.00559991,
        0.00276888,  0.26156323,  0.40658914, -0.12787471, -0.43070344,
       -0.08258437, -0.30200638, -0.15348399, -0.07639439, -0.20544738,
        0.04418545,  0.16058074, -0.26332261, -0.28128124, -0.1673772 ,
       -0.28713408, -0.33270219,  0.37212105, -0.26255743, -0.43546415,
        0.09453197, -0.10160319, -0.24885595, -0.09713346, -0.23815994,
       -0.14644661,  0.25675967, -0.23065233,  0.24642923, -0.27999096,
        0.40966015,  0.09609077,  0.31209771, -0.47337421, -0.27624917,
        0.21988487, -0.08605965, -0.35422362,  0.22607443]) 

Generation: 97 
 - Generation Avg Fit: 38.7692782663431 
 - Best Fitness: 46.312459520881795 
 - Worst Fitness: 0.0
 - Best Solution: array([ 7.69815523e-02, -2.49963629e-02,  1.34459336e-02,  1.87699234e-01,
        6.44929718e-02, -8.70044785e-02, -2.82125663e-01,  1.65876041e-02,
       -2.74754779e-01,  3.44008554e-01, -2.28063763e-01,  4.53299409e-01,
       -1.69077191e-01, -1.23705228e-01, -4.11027390e-01, -3.74889816e-01,
        1.74416779e-01,  5.16874515e-01,  1.05716078e-01, -1.57392602e-01,
       -1.91653667e-01, -2.78012515e-01, -1.09689442e-01, -3.71556258e-01,
       -4.00350133e-04,  2.27117028e-03,  2.43488103e-01,  3.73127240e-01,
       -1.51492689e-01, -4.31896876e-01, -8.25843668e-02, -3.02006385e-01,
       -1.44779333e-01, -8.52517756e-02, -2.05447379e-01,  5.63498812e-02,
        1.71176157e-01, -2.63322611e-01, -2.76933365e-01, -1.60531450e-01,
       -2.78835207e-01, -3.18478403e-01,  3.61471916e-01, -2.68523847e-01,
       -4.33545076e-01,  9.45319696e-02, -1.05634537e-01, -2.41840343e-01,
       -9.19012678e-02, -2.48076968e-01, -1.52047498e-01,  2.53903229e-01,
       -2.40203469e-01,  2.15004956e-01, -2.79990963e-01,  4.09660155e-01,
        1.02389600e-01,  3.19037831e-01, -4.81225305e-01, -2.71083098e-01,
        2.51894068e-01, -9.25406960e-02, -3.54223617e-01,  2.42253311e-01]) 

Generation: 98 
 - Generation Avg Fit: 38.08296094822214 
 - Best Fitness: 46.42486604607843 
 - Worst Fitness: 0.0
 - Best Solution: array([ 0.08082889, -0.05266799,  0.01667214,  0.17843329,  0.06449297,
       -0.088802  , -0.30555842,  0.04169241, -0.24679659,  0.35326357,
       -0.22049781,  0.46857811, -0.16191079, -0.12164543, -0.42099559,
       -0.37488982,  0.17722485,  0.50168325,  0.08466709, -0.14063587,
       -0.16898146, -0.29843319, -0.10968944, -0.36929336, -0.00849143,
        0.01138547,  0.25312931,  0.39965359, -0.16276232, -0.43356005,
       -0.09625905, -0.31790098, -0.16328389, -0.08885557, -0.20671481,
        0.06570954,  0.1720669 , -0.2633825 , -0.27898868, -0.1622202 ,
       -0.2826054 , -0.32579448,  0.36351609, -0.26247009, -0.42074953,
        0.12463589, -0.11557734, -0.22199921, -0.10125554, -0.2601269 ,
       -0.15146646,  0.25815305, -0.24018152,  0.22212385, -0.28289087,
        0.41766472,  0.09075536,  0.31273338, -0.46336202, -0.27835931,
        0.25189407, -0.08020967, -0.36367747,  0.22533371]) 

Generation: 99 
 - Generation Avg Fit: 38.5189165150123 
 - Best Fitness: 49.25122618538286 
 - Worst Fitness: 0.0
 - Best Solution: array([ 0.06973337, -0.06476497,  0.01058873,  0.19756333,  0.05470801,
       -0.07932243, -0.29336344,  0.0369499 , -0.25655441,  0.34648355,
       -0.23074125,  0.44792548, -0.17510815, -0.13360483, -0.39830179,
       -0.36638101,  0.17142818,  0.51011728,  0.09431573, -0.15130205,
       -0.1744645 , -0.29603353, -0.06977983, -0.35374824,  0.01288561,
        0.00399746,  0.23108822,  0.40435978, -0.14774254, -0.42134972,
       -0.09634323, -0.32011888, -0.17587757, -0.09232829, -0.21977654,
        0.0435869 ,  0.13206558, -0.23284919, -0.28342551, -0.16711704,
       -0.27150585, -0.34517012,  0.34965259, -0.25958254, -0.41042677,
        0.14084548, -0.1237227 , -0.23810951, -0.10899241, -0.2451272 ,
       -0.16920473,  0.26556022, -0.22810842,  0.24154376, -0.28233508,
        0.42588243,  0.1087081 ,  0.32244283, -0.47782371, -0.27537548,
        0.19465464, -0.08718079, -0.31648058,  0.24499829]) 
