
-------------------------------------------------------------------------------------------------------
                                --- Method Parameters ---                                            
-------------------------------------------------------------------------------------------------------

method: PyGAD, entity: hydrostat_reservoir, volume: 0.02, sim_duration: 100, dt: 0.05, 
fitness_func: pygad_fitness, pop_size: 200, gen_size: 100, weight_search: 0.5, 

-------------------------------------------------------------------------------------------------------
                                --- Pygad  Parameters ---                                            
-------------------------------------------------------------------------------------------------------

parent_selection_type: rank, parents mating: 100, keep parents: 100, crossover type: uniform, 
mutation type: random, mutation prob: 0.5, mutation_max_val: 0.01, mutation_min_val: -0.01, 

=======================================================================================================


Generation: 1 
 - Generation Avg Fit: 1.6136593556797063 
 - Best Fitness: 12.231740727727251 
 - Worst Fitness: 0.0
 - Best Solution: array([-0.04473705,  0.09105565, -0.46341877, -0.20550415, -0.19655753,
       -0.33311974,  0.37811212,  0.36621062,  0.1772348 , -0.15275838,
        0.30129943, -0.15108566,  0.03566351, -0.33315739,  0.12746503,
       -0.29710835,  0.24172285, -0.28942745, -0.32491208, -0.37628377,
        0.16296921, -0.39864219,  0.4359013 ,  0.3912283 ,  0.02058012,
        0.41706295, -0.33148364, -0.08501749, -0.02977798, -0.4600293 ,
       -0.41446162,  0.07903156, -0.13648089, -0.22910245,  0.21793175,
        0.17045073,  0.23418836, -0.11174154, -0.19312222, -0.20961568,
       -0.09340002,  0.00624242, -0.26094541, -0.30187486, -0.09401409,
        0.2514304 ,  0.07264833, -0.45462353, -0.19591257,  0.09363775,
        0.30623354, -0.21672123, -0.27148168,  0.49962917,  0.27991637,
        0.35341275, -0.27880626, -0.13999995,  0.41345699, -0.15229985,
        0.20816563,  0.00889766, -0.37458507, -0.39079144]) 

Generation: 2 
 - Generation Avg Fit: 2.150511459148872 
 - Best Fitness: 14.12327972955164 
 - Worst Fitness: 0.0
 - Best Solution: array([ 0.45492255,  0.2689099 ,  0.01258185,  0.40756472,  0.21623736,
       -0.17072083,  0.32702324, -0.42195893,  0.14332351,  0.19551284,
       -0.06833789,  0.36473968, -0.02737773, -0.38371768, -0.18022473,
        0.01134133, -0.39462675,  0.0118568 , -0.47642453,  0.48179538,
       -0.20210022, -0.20883152, -0.28433332, -0.07356594, -0.39532716,
       -0.45313756,  0.19301318,  0.28601671,  0.33857215, -0.12198938,
       -0.35749885, -0.34798286,  0.40842536, -0.24171002,  0.15648621,
       -0.29220645,  0.1232981 , -0.20311572,  0.332397  , -0.44205535,
       -0.23157642,  0.11246828,  0.01824755,  0.04937571, -0.46883855,
        0.08051851, -0.06430564, -0.3046653 , -0.4065579 ,  0.11563638,
       -0.11191471, -0.13218514,  0.18307111, -0.03402882, -0.18223438,
       -0.24057227, -0.10116647, -0.43277396, -0.49361193,  0.351769  ,
        0.34931407,  0.47877052, -0.04602993, -0.06566424]) 

Generation: 3 
 - Generation Avg Fit: 2.712464553047047 
 - Best Fitness: 14.12327972955164 
 - Worst Fitness: 0.0
 - Best Solution: array([ 0.01894194, -0.42583524, -0.07473029,  0.35784785, -0.46778709,
        0.21764922,  0.23529755, -0.25497922, -0.13013757, -0.45046599,
        0.16648489, -0.49409561,  0.0954632 ,  0.31317979,  0.19536015,
       -0.21559405,  0.11713236,  0.46288542,  0.14468691,  0.2080788 ,
       -0.38029533,  0.29091208,  0.02789998,  0.16540505, -0.19542289,
        0.41197569,  0.18633964, -0.23507425,  0.19633305,  0.33682974,
       -0.25801583,  0.02914714, -0.43284506,  0.32665907,  0.30827551,
        0.20938103,  0.24599166,  0.231993  ,  0.28796777, -0.17314504,
       -0.00783252,  0.36580754, -0.0843741 ,  0.05201668,  0.41515623,
       -0.40613765,  0.14155673, -0.47555923, -0.07844368, -0.3339398 ,
        0.00915931, -0.05218325,  0.45075989, -0.31297342,  0.48193004,
        0.06517737,  0.40910931, -0.01893304, -0.2598742 ,  0.03490718,
        0.1977084 , -0.17480891,  0.02046053,  0.34229926]) 

Generation: 4 
 - Generation Avg Fit: 3.165952426274518 
 - Best Fitness: 17.602175886474466 
 - Worst Fitness: 0.0
 - Best Solution: array([ 0.39677088, -0.46138719,  0.20841576,  0.34001855, -0.09281339,
        0.1340953 ,  0.0318813 ,  0.22693444,  0.26079598,  0.03755128,
        0.04759999, -0.24775653,  0.12931675,  0.38548418,  0.49282469,
        0.32681115,  0.15319215,  0.37154686, -0.45556226, -0.46897985,
        0.37424565,  0.49025366, -0.34987252,  0.03965138,  0.38876165,
       -0.10861314, -0.21043873,  0.32372914,  0.23516989, -0.10863064,
        0.38476123, -0.18028766,  0.27953985,  0.29042138, -0.44124489,
       -0.08812736, -0.47828974,  0.30798854, -0.33447142,  0.30386218,
       -0.14464019, -0.4246508 ,  0.23765925,  0.10271372, -0.44263453,
        0.15979547, -0.24463847,  0.38615071, -0.4001642 ,  0.09648899,
        0.24816249, -0.19523322, -0.09846885,  0.08418836, -0.46584405,
        0.37716723, -0.10716   ,  0.41390356,  0.49018292, -0.39086923,
        0.3297994 ,  0.28759088,  0.22482986,  0.04715608]) 

Generation: 5 
 - Generation Avg Fit: 3.359947795906749 
 - Best Fitness: 17.602175886474466 
 - Worst Fitness: 0.0
 - Best Solution: array([ 0.45492255,  0.2689099 ,  0.01258185,  0.40756472,  0.21623736,
       -0.17072083,  0.32702324, -0.42195893,  0.14332351,  0.19551284,
       -0.06833789,  0.36473968, -0.02737773, -0.38371768, -0.18022473,
        0.01134133, -0.39462675,  0.0118568 , -0.47642453,  0.48179538,
       -0.20210022, -0.20883152, -0.28433332, -0.07356594, -0.39532716,
       -0.45313756,  0.19301318,  0.28601671,  0.33857215, -0.12198938,
       -0.35749885, -0.34798286,  0.40842536, -0.24171002,  0.15648621,
       -0.29220645,  0.1232981 , -0.20311572,  0.332397  , -0.44205535,
       -0.23157642,  0.11246828,  0.01824755,  0.04937571, -0.46883855,
        0.08051851, -0.06430564, -0.3046653 , -0.4065579 ,  0.11563638,
       -0.11191471, -0.13218514,  0.18307111, -0.03402882, -0.18223438,
       -0.24057227, -0.10116647, -0.43277396, -0.49361193,  0.351769  ,
        0.34931407,  0.47877052, -0.04602993, -0.06566424]) 

Generation: 6 
 - Generation Avg Fit: 3.6422716467930787 
 - Best Fitness: 17.602175886474466 
 - Worst Fitness: 0.0
 - Best Solution: array([-1.77781456e-01, -1.91239008e-01, -2.37207172e-01, -6.58361467e-02,
       -2.25369650e-01,  3.55060591e-01, -3.16222490e-01,  7.53355391e-02,
        2.51429207e-01, -1.64755237e-01,  3.91128856e-01, -1.03750660e-01,
       -4.00053792e-01, -1.67170049e-01,  2.35207080e-01, -3.76501488e-01,
        3.62396730e-01,  3.25906974e-01, -1.70050392e-01, -4.15021772e-02,
       -1.22678716e-01, -2.84669880e-01, -3.65467188e-01, -2.70983748e-01,
       -1.78910421e-01, -7.79981277e-02,  3.61733290e-01, -4.30699476e-01,
        2.47884378e-02, -3.26769084e-01,  3.75606992e-01, -1.18125712e-01,
        2.11841681e-01, -3.74457018e-01, -4.95928975e-01,  1.12368886e-02,
       -1.66850119e-01,  1.86777050e-01,  2.94472742e-01, -1.36565168e-02,
       -1.33762714e-01,  2.94191259e-01, -4.87679939e-02,  2.07935258e-01,
        2.58540409e-01, -1.49540640e-01,  2.04688849e-01, -1.43125194e-01,
       -2.31509095e-01,  4.30420908e-01, -1.89388035e-01, -4.74695498e-04,
       -4.79245455e-01, -2.28451243e-01,  1.21045087e-01, -4.18575987e-01,
        8.60299817e-02, -4.99051680e-01, -3.98156229e-01,  1.95670973e-01,
       -1.42024551e-02,  1.70529511e-01, -3.65579505e-01,  3.14331375e-01]) 

Generation: 7 
 - Generation Avg Fit: 3.7752348045873316 
 - Best Fitness: 18.767184476487355 
 - Worst Fitness: 0.0
 - Best Solution: array([ 0.09786644, -0.06088698,  0.33345199, -0.41472986, -0.1739242 ,
       -0.0178009 , -0.37991743, -0.45331768, -0.37118153, -0.1471656 ,
       -0.14478951,  0.16852583,  0.05446473,  0.35394801,  0.18768983,
        0.03788459, -0.27749197, -0.0019092 , -0.40099134, -0.17264675,
       -0.37629496, -0.18897162, -0.43912496, -0.17565844, -0.31275115,
        0.37161764, -0.17989753,  0.24693043,  0.02216446, -0.09539622,
        0.04343923,  0.06092421, -0.35468042,  0.05590769,  0.3716344 ,
       -0.0499326 ,  0.27573208,  0.48457538, -0.06446388,  0.34040684,
       -0.1933174 , -0.26279657,  0.49093081, -0.30762215,  0.16934535,
       -0.1623002 , -0.01105246, -0.02698899, -0.28174113, -0.15613118,
       -0.32274589,  0.02521128,  0.18894377,  0.28702022, -0.31484725,
        0.37830684,  0.39609091, -0.48346574,  0.04516595, -0.03361108,
       -0.05432569,  0.14521765, -0.3355265 ,  0.08750513]) 

Generation: 8 
 - Generation Avg Fit: 3.9405877594949765 
 - Best Fitness: 18.767184476487355 
 - Worst Fitness: 0.0
 - Best Solution: array([-1.77781456e-01, -1.91239008e-01, -2.37207172e-01, -6.58361467e-02,
       -2.25369650e-01,  3.55060591e-01, -3.16222490e-01,  7.53355391e-02,
        2.51429207e-01, -1.64755237e-01,  3.91128856e-01, -1.03750660e-01,
       -4.00053792e-01, -1.67170049e-01,  2.35207080e-01, -3.76501488e-01,
        3.62396730e-01,  3.25906974e-01, -1.70050392e-01, -4.15021772e-02,
       -1.22678716e-01, -2.84669880e-01, -3.65467188e-01, -2.70983748e-01,
       -1.78910421e-01, -7.79981277e-02,  3.61733290e-01, -4.30699476e-01,
        2.47884378e-02, -3.26769084e-01,  3.75606992e-01, -1.18125712e-01,
        2.11841681e-01, -3.74457018e-01, -4.95928975e-01,  1.12368886e-02,
       -1.66850119e-01,  1.86777050e-01,  2.94472742e-01, -1.36565168e-02,
       -1.33762714e-01,  2.94191259e-01, -4.87679939e-02,  2.07935258e-01,
        2.58540409e-01, -1.49540640e-01,  2.04688849e-01, -1.43125194e-01,
       -2.31509095e-01,  4.30420908e-01, -1.89388035e-01, -4.74695498e-04,
       -4.79245455e-01, -2.28451243e-01,  1.21045087e-01, -4.18575987e-01,
        8.60299817e-02, -4.99051680e-01, -3.98156229e-01,  1.95670973e-01,
       -1.42024551e-02,  1.70529511e-01, -3.65579505e-01,  3.14331375e-01]) 

Generation: 9 
 - Generation Avg Fit: 4.233768545345101 
 - Best Fitness: 18.767184476487355 
 - Worst Fitness: 0.0
 - Best Solution: array([ 0.09786644, -0.06088698,  0.33345199, -0.41472986, -0.1739242 ,
       -0.0178009 , -0.37991743, -0.45331768, -0.37118153, -0.1471656 ,
       -0.14478951,  0.16852583,  0.05446473,  0.35394801,  0.18768983,
        0.03788459, -0.27749197, -0.0019092 , -0.40099134, -0.17264675,
       -0.37629496, -0.18897162, -0.43912496, -0.17565844, -0.31275115,
        0.37161764, -0.17989753,  0.24693043,  0.02216446, -0.09539622,
        0.04343923,  0.06092421, -0.35468042,  0.05590769,  0.3716344 ,
       -0.0499326 ,  0.27573208,  0.48457538, -0.06446388,  0.34040684,
       -0.1933174 , -0.26279657,  0.49093081, -0.30762215,  0.16934535,
       -0.1623002 , -0.01105246, -0.02698899, -0.28174113, -0.15613118,
       -0.32274589,  0.02521128,  0.18894377,  0.28702022, -0.31484725,
        0.37830684,  0.39609091, -0.48346574,  0.04516595, -0.03361108,
       -0.05432569,  0.14521765, -0.3355265 ,  0.08750513]) 

Generation: 10 
 - Generation Avg Fit: 4.455628813934904 
 - Best Fitness: 18.767184476487355 
 - Worst Fitness: 0.0
 - Best Solution: array([ 0.09786644, -0.06088698,  0.33345199, -0.41472986, -0.1739242 ,
       -0.0178009 , -0.37991743, -0.45331768, -0.37118153, -0.1471656 ,
       -0.14478951,  0.16852583,  0.05446473,  0.35394801,  0.18768983,
        0.03788459, -0.27749197, -0.0019092 , -0.40099134, -0.17264675,
       -0.37629496, -0.18897162, -0.43912496, -0.17565844, -0.31275115,
        0.37161764, -0.17989753,  0.24693043,  0.02216446, -0.09539622,
        0.04343923,  0.06092421, -0.35468042,  0.05590769,  0.3716344 ,
       -0.0499326 ,  0.27573208,  0.48457538, -0.06446388,  0.34040684,
       -0.1933174 , -0.26279657,  0.49093081, -0.30762215,  0.16934535,
       -0.1623002 , -0.01105246, -0.02698899, -0.28174113, -0.15613118,
       -0.32274589,  0.02521128,  0.18894377,  0.28702022, -0.31484725,
        0.37830684,  0.39609091, -0.48346574,  0.04516595, -0.03361108,
       -0.05432569,  0.14521765, -0.3355265 ,  0.08750513]) 

Generation: 11 
 - Generation Avg Fit: 4.923959676978928 
 - Best Fitness: 51.00089522006748 
 - Worst Fitness: 0.0
 - Best Solution: array([ 0.44719548,  0.26476881,  0.01258185, -0.32323166,  0.20864929,
       -0.17072083, -0.17224391, -0.09204131, -0.03646256, -0.47532501,
       -0.06029836,  0.36927016, -0.02737773,  0.01465965, -0.17696652,
        0.46446342, -0.39462675,  0.01353565, -0.47642453, -0.42304524,
       -0.40486303, -0.21559385, -0.28787597, -0.06798748, -0.22643104,
        0.27561806, -0.04419697, -0.00482343, -0.23678885, -0.13141376,
       -0.39851844, -0.34798286,  0.40842536,  0.0420792 ,  0.15648621,
       -0.29220645,  0.12677002, -0.0259972 ,  0.332397  , -0.13757492,
       -0.2326379 , -0.17125845,  0.02215919,  0.0567591 , -0.47878498,
       -0.49765194,  0.24343422, -0.29781747, -0.4065579 ,  0.11563638,
        0.02820356,  0.00050619,  0.18005292, -0.04036154,  0.05697841,
       -0.11769285, -0.10116647, -0.36412575, -0.49846749,  0.35832407,
        0.34931407, -0.19813729, -0.05588521, -0.05866561]) 

Generation: 12 
 - Generation Avg Fit: 5.388058646381078 
 - Best Fitness: 51.00089522006748 
 - Worst Fitness: 0.0
 - Best Solution: array([ 0.09786644, -0.06088698,  0.33345199, -0.41472986, -0.1739242 ,
       -0.0178009 , -0.37991743, -0.45331768, -0.37118153, -0.1471656 ,
       -0.14478951,  0.16852583,  0.05446473,  0.35394801,  0.18768983,
        0.03788459, -0.27749197, -0.0019092 , -0.40099134, -0.17264675,
       -0.37629496, -0.18897162, -0.43912496, -0.17565844, -0.31275115,
        0.37161764, -0.17989753,  0.24693043,  0.02216446, -0.09539622,
        0.04343923,  0.06092421, -0.35468042,  0.05590769,  0.3716344 ,
       -0.0499326 ,  0.27573208,  0.48457538, -0.06446388,  0.34040684,
       -0.1933174 , -0.26279657,  0.49093081, -0.30762215,  0.16934535,
       -0.1623002 , -0.01105246, -0.02698899, -0.28174113, -0.15613118,
       -0.32274589,  0.02521128,  0.18894377,  0.28702022, -0.31484725,
        0.37830684,  0.39609091, -0.48346574,  0.04516595, -0.03361108,
       -0.05432569,  0.14521765, -0.3355265 ,  0.08750513]) 

Generation: 13 
 - Generation Avg Fit: 5.730374791589143 
 - Best Fitness: 51.00089522006748 
 - Worst Fitness: 0.0
 - Best Solution: array([ 0.44719548,  0.26476881,  0.01258185, -0.32323166,  0.20864929,
       -0.17072083, -0.17224391, -0.09204131, -0.03646256, -0.47532501,
       -0.06029836,  0.36927016, -0.02737773,  0.01465965, -0.17696652,
        0.46446342, -0.39462675,  0.01353565, -0.47642453, -0.42304524,
       -0.40486303, -0.21559385, -0.28787597, -0.06798748, -0.22643104,
        0.27561806, -0.04419697, -0.00482343, -0.23678885, -0.13141376,
       -0.39851844, -0.34798286,  0.40842536,  0.0420792 ,  0.15648621,
       -0.29220645,  0.12677002, -0.0259972 ,  0.332397  , -0.13757492,
       -0.2326379 , -0.17125845,  0.02215919,  0.0567591 , -0.47878498,
       -0.49765194,  0.24343422, -0.29781747, -0.4065579 ,  0.11563638,
        0.02820356,  0.00050619,  0.18005292, -0.04036154,  0.05697841,
       -0.11769285, -0.10116647, -0.36412575, -0.49846749,  0.35832407,
        0.34931407, -0.19813729, -0.05588521, -0.05866561]) 

Generation: 14 
 - Generation Avg Fit: 6.292538310554826 
 - Best Fitness: 51.00089522006748 
 - Worst Fitness: 0.0
 - Best Solution: array([ 0.44719548,  0.26476881,  0.01258185, -0.32323166,  0.20864929,
       -0.17072083, -0.17224391, -0.09204131, -0.03646256, -0.47532501,
       -0.06029836,  0.36927016, -0.02737773,  0.01465965, -0.17696652,
        0.46446342, -0.39462675,  0.01353565, -0.47642453, -0.42304524,
       -0.40486303, -0.21559385, -0.28787597, -0.06798748, -0.22643104,
        0.27561806, -0.04419697, -0.00482343, -0.23678885, -0.13141376,
       -0.39851844, -0.34798286,  0.40842536,  0.0420792 ,  0.15648621,
       -0.29220645,  0.12677002, -0.0259972 ,  0.332397  , -0.13757492,
       -0.2326379 , -0.17125845,  0.02215919,  0.0567591 , -0.47878498,
       -0.49765194,  0.24343422, -0.29781747, -0.4065579 ,  0.11563638,
        0.02820356,  0.00050619,  0.18005292, -0.04036154,  0.05697841,
       -0.11769285, -0.10116647, -0.36412575, -0.49846749,  0.35832407,
        0.34931407, -0.19813729, -0.05588521, -0.05866561]) 

Generation: 15 
 - Generation Avg Fit: 6.368157486866389 
 - Best Fitness: 51.00089522006748 
 - Worst Fitness: 0.0
 - Best Solution: array([ 0.44719548,  0.26476881,  0.01258185, -0.32323166,  0.20864929,
       -0.17072083, -0.17224391, -0.09204131, -0.03646256, -0.47532501,
       -0.06029836,  0.36927016, -0.02737773,  0.01465965, -0.17696652,
        0.46446342, -0.39462675,  0.01353565, -0.47642453, -0.42304524,
       -0.40486303, -0.21559385, -0.28787597, -0.06798748, -0.22643104,
        0.27561806, -0.04419697, -0.00482343, -0.23678885, -0.13141376,
       -0.39851844, -0.34798286,  0.40842536,  0.0420792 ,  0.15648621,
       -0.29220645,  0.12677002, -0.0259972 ,  0.332397  , -0.13757492,
       -0.2326379 , -0.17125845,  0.02215919,  0.0567591 , -0.47878498,
       -0.49765194,  0.24343422, -0.29781747, -0.4065579 ,  0.11563638,
        0.02820356,  0.00050619,  0.18005292, -0.04036154,  0.05697841,
       -0.11769285, -0.10116647, -0.36412575, -0.49846749,  0.35832407,
        0.34931407, -0.19813729, -0.05588521, -0.05866561]) 

Generation: 16 
 - Generation Avg Fit: 6.762314087409209 
 - Best Fitness: 51.00089522006748 
 - Worst Fitness: 0.0
 - Best Solution: array([ 0.44719548,  0.26476881,  0.01258185, -0.32323166,  0.20864929,
       -0.17072083, -0.17224391, -0.09204131, -0.03646256, -0.47532501,
       -0.06029836,  0.36927016, -0.02737773,  0.01465965, -0.17696652,
        0.46446342, -0.39462675,  0.01353565, -0.47642453, -0.42304524,
       -0.40486303, -0.21559385, -0.28787597, -0.06798748, -0.22643104,
        0.27561806, -0.04419697, -0.00482343, -0.23678885, -0.13141376,
       -0.39851844, -0.34798286,  0.40842536,  0.0420792 ,  0.15648621,
       -0.29220645,  0.12677002, -0.0259972 ,  0.332397  , -0.13757492,
       -0.2326379 , -0.17125845,  0.02215919,  0.0567591 , -0.47878498,
       -0.49765194,  0.24343422, -0.29781747, -0.4065579 ,  0.11563638,
        0.02820356,  0.00050619,  0.18005292, -0.04036154,  0.05697841,
       -0.11769285, -0.10116647, -0.36412575, -0.49846749,  0.35832407,
        0.34931407, -0.19813729, -0.05588521, -0.05866561]) 

Generation: 17 
 - Generation Avg Fit: 6.925245107454232 
 - Best Fitness: 51.00089522006748 
 - Worst Fitness: 0.0
 - Best Solution: array([ 0.44719548,  0.26476881,  0.01258185, -0.32323166,  0.20864929,
       -0.17072083, -0.17224391, -0.09204131, -0.03646256, -0.47532501,
       -0.06029836,  0.36927016, -0.02737773,  0.01465965, -0.17696652,
        0.46446342, -0.39462675,  0.01353565, -0.47642453, -0.42304524,
       -0.40486303, -0.21559385, -0.28787597, -0.06798748, -0.22643104,
        0.27561806, -0.04419697, -0.00482343, -0.23678885, -0.13141376,
       -0.39851844, -0.34798286,  0.40842536,  0.0420792 ,  0.15648621,
       -0.29220645,  0.12677002, -0.0259972 ,  0.332397  , -0.13757492,
       -0.2326379 , -0.17125845,  0.02215919,  0.0567591 , -0.47878498,
       -0.49765194,  0.24343422, -0.29781747, -0.4065579 ,  0.11563638,
        0.02820356,  0.00050619,  0.18005292, -0.04036154,  0.05697841,
       -0.11769285, -0.10116647, -0.36412575, -0.49846749,  0.35832407,
        0.34931407, -0.19813729, -0.05588521, -0.05866561]) 

Generation: 18 
 - Generation Avg Fit: 7.155331732639428 
 - Best Fitness: 51.00089522006748 
 - Worst Fitness: 0.0
 - Best Solution: array([ 0.44719548,  0.26476881,  0.01258185, -0.32323166,  0.20864929,
       -0.17072083, -0.17224391, -0.09204131, -0.03646256, -0.47532501,
       -0.06029836,  0.36927016, -0.02737773,  0.01465965, -0.17696652,
        0.46446342, -0.39462675,  0.01353565, -0.47642453, -0.42304524,
       -0.40486303, -0.21559385, -0.28787597, -0.06798748, -0.22643104,
        0.27561806, -0.04419697, -0.00482343, -0.23678885, -0.13141376,
       -0.39851844, -0.34798286,  0.40842536,  0.0420792 ,  0.15648621,
       -0.29220645,  0.12677002, -0.0259972 ,  0.332397  , -0.13757492,
       -0.2326379 , -0.17125845,  0.02215919,  0.0567591 , -0.47878498,
       -0.49765194,  0.24343422, -0.29781747, -0.4065579 ,  0.11563638,
        0.02820356,  0.00050619,  0.18005292, -0.04036154,  0.05697841,
       -0.11769285, -0.10116647, -0.36412575, -0.49846749,  0.35832407,
        0.34931407, -0.19813729, -0.05588521, -0.05866561]) 

Generation: 19 
 - Generation Avg Fit: 7.633937816885143 
 - Best Fitness: 51.00089522006748 
 - Worst Fitness: 0.0
 - Best Solution: array([ 0.44719548,  0.26476881,  0.01258185, -0.32323166,  0.20864929,
       -0.17072083, -0.17224391, -0.09204131, -0.03646256, -0.47532501,
       -0.06029836,  0.36927016, -0.02737773,  0.01465965, -0.17696652,
        0.46446342, -0.39462675,  0.01353565, -0.47642453, -0.42304524,
       -0.40486303, -0.21559385, -0.28787597, -0.06798748, -0.22643104,
        0.27561806, -0.04419697, -0.00482343, -0.23678885, -0.13141376,
       -0.39851844, -0.34798286,  0.40842536,  0.0420792 ,  0.15648621,
       -0.29220645,  0.12677002, -0.0259972 ,  0.332397  , -0.13757492,
       -0.2326379 , -0.17125845,  0.02215919,  0.0567591 , -0.47878498,
       -0.49765194,  0.24343422, -0.29781747, -0.4065579 ,  0.11563638,
        0.02820356,  0.00050619,  0.18005292, -0.04036154,  0.05697841,
       -0.11769285, -0.10116647, -0.36412575, -0.49846749,  0.35832407,
        0.34931407, -0.19813729, -0.05588521, -0.05866561]) 

Generation: 20 
 - Generation Avg Fit: 7.877464983820018 
 - Best Fitness: 51.00089522006748 
 - Worst Fitness: 0.0
 - Best Solution: array([ 0.44719548,  0.26476881,  0.01258185, -0.32323166,  0.20864929,
       -0.17072083, -0.17224391, -0.09204131, -0.03646256, -0.47532501,
       -0.06029836,  0.36927016, -0.02737773,  0.01465965, -0.17696652,
        0.46446342, -0.39462675,  0.01353565, -0.47642453, -0.42304524,
       -0.40486303, -0.21559385, -0.28787597, -0.06798748, -0.22643104,
        0.27561806, -0.04419697, -0.00482343, -0.23678885, -0.13141376,
       -0.39851844, -0.34798286,  0.40842536,  0.0420792 ,  0.15648621,
       -0.29220645,  0.12677002, -0.0259972 ,  0.332397  , -0.13757492,
       -0.2326379 , -0.17125845,  0.02215919,  0.0567591 , -0.47878498,
       -0.49765194,  0.24343422, -0.29781747, -0.4065579 ,  0.11563638,
        0.02820356,  0.00050619,  0.18005292, -0.04036154,  0.05697841,
       -0.11769285, -0.10116647, -0.36412575, -0.49846749,  0.35832407,
        0.34931407, -0.19813729, -0.05588521, -0.05866561]) 

Generation: 21 
 - Generation Avg Fit: 7.857347862814851 
 - Best Fitness: 51.00089522006748 
 - Worst Fitness: 0.0
 - Best Solution: array([ 0.44719548,  0.26476881,  0.01258185, -0.32323166,  0.20864929,
       -0.17072083, -0.17224391, -0.09204131, -0.03646256, -0.47532501,
       -0.06029836,  0.36927016, -0.02737773,  0.01465965, -0.17696652,
        0.46446342, -0.39462675,  0.01353565, -0.47642453, -0.42304524,
       -0.40486303, -0.21559385, -0.28787597, -0.06798748, -0.22643104,
        0.27561806, -0.04419697, -0.00482343, -0.23678885, -0.13141376,
       -0.39851844, -0.34798286,  0.40842536,  0.0420792 ,  0.15648621,
       -0.29220645,  0.12677002, -0.0259972 ,  0.332397  , -0.13757492,
       -0.2326379 , -0.17125845,  0.02215919,  0.0567591 , -0.47878498,
       -0.49765194,  0.24343422, -0.29781747, -0.4065579 ,  0.11563638,
        0.02820356,  0.00050619,  0.18005292, -0.04036154,  0.05697841,
       -0.11769285, -0.10116647, -0.36412575, -0.49846749,  0.35832407,
        0.34931407, -0.19813729, -0.05588521, -0.05866561]) 

Generation: 22 
 - Generation Avg Fit: 7.9370480009976605 
 - Best Fitness: 51.00089522006748 
 - Worst Fitness: 0.0
 - Best Solution: array([ 0.44719548,  0.26476881,  0.01258185, -0.32323166,  0.20864929,
       -0.17072083, -0.17224391, -0.09204131, -0.03646256, -0.47532501,
       -0.06029836,  0.36927016, -0.02737773,  0.01465965, -0.17696652,
        0.46446342, -0.39462675,  0.01353565, -0.47642453, -0.42304524,
       -0.40486303, -0.21559385, -0.28787597, -0.06798748, -0.22643104,
        0.27561806, -0.04419697, -0.00482343, -0.23678885, -0.13141376,
       -0.39851844, -0.34798286,  0.40842536,  0.0420792 ,  0.15648621,
       -0.29220645,  0.12677002, -0.0259972 ,  0.332397  , -0.13757492,
       -0.2326379 , -0.17125845,  0.02215919,  0.0567591 , -0.47878498,
       -0.49765194,  0.24343422, -0.29781747, -0.4065579 ,  0.11563638,
        0.02820356,  0.00050619,  0.18005292, -0.04036154,  0.05697841,
       -0.11769285, -0.10116647, -0.36412575, -0.49846749,  0.35832407,
        0.34931407, -0.19813729, -0.05588521, -0.05866561]) 

Generation: 23 
 - Generation Avg Fit: 8.488135006766102 
 - Best Fitness: 51.00089522006748 
 - Worst Fitness: 0.0
 - Best Solution: array([ 0.44719548,  0.26476881,  0.01258185, -0.32323166,  0.20864929,
       -0.17072083, -0.17224391, -0.09204131, -0.03646256, -0.47532501,
       -0.06029836,  0.36927016, -0.02737773,  0.01465965, -0.17696652,
        0.46446342, -0.39462675,  0.01353565, -0.47642453, -0.42304524,
       -0.40486303, -0.21559385, -0.28787597, -0.06798748, -0.22643104,
        0.27561806, -0.04419697, -0.00482343, -0.23678885, -0.13141376,
       -0.39851844, -0.34798286,  0.40842536,  0.0420792 ,  0.15648621,
       -0.29220645,  0.12677002, -0.0259972 ,  0.332397  , -0.13757492,
       -0.2326379 , -0.17125845,  0.02215919,  0.0567591 , -0.47878498,
       -0.49765194,  0.24343422, -0.29781747, -0.4065579 ,  0.11563638,
        0.02820356,  0.00050619,  0.18005292, -0.04036154,  0.05697841,
       -0.11769285, -0.10116647, -0.36412575, -0.49846749,  0.35832407,
        0.34931407, -0.19813729, -0.05588521, -0.05866561]) 

Generation: 24 
 - Generation Avg Fit: 8.13922850085629 
 - Best Fitness: 51.00089522006748 
 - Worst Fitness: 0.0
 - Best Solution: array([ 0.44719548,  0.26476881,  0.01258185, -0.32323166,  0.20864929,
       -0.17072083, -0.17224391, -0.09204131, -0.03646256, -0.47532501,
       -0.06029836,  0.36927016, -0.02737773,  0.01465965, -0.17696652,
        0.46446342, -0.39462675,  0.01353565, -0.47642453, -0.42304524,
       -0.40486303, -0.21559385, -0.28787597, -0.06798748, -0.22643104,
        0.27561806, -0.04419697, -0.00482343, -0.23678885, -0.13141376,
       -0.39851844, -0.34798286,  0.40842536,  0.0420792 ,  0.15648621,
       -0.29220645,  0.12677002, -0.0259972 ,  0.332397  , -0.13757492,
       -0.2326379 , -0.17125845,  0.02215919,  0.0567591 , -0.47878498,
       -0.49765194,  0.24343422, -0.29781747, -0.4065579 ,  0.11563638,
        0.02820356,  0.00050619,  0.18005292, -0.04036154,  0.05697841,
       -0.11769285, -0.10116647, -0.36412575, -0.49846749,  0.35832407,
        0.34931407, -0.19813729, -0.05588521, -0.05866561]) 

Generation: 25 
 - Generation Avg Fit: 8.794615464432587 
 - Best Fitness: 51.00089522006748 
 - Worst Fitness: 0.0
 - Best Solution: array([ 0.44719548,  0.26476881,  0.01258185, -0.32323166,  0.20864929,
       -0.17072083, -0.17224391, -0.09204131, -0.03646256, -0.47532501,
       -0.06029836,  0.36927016, -0.02737773,  0.01465965, -0.17696652,
        0.46446342, -0.39462675,  0.01353565, -0.47642453, -0.42304524,
       -0.40486303, -0.21559385, -0.28787597, -0.06798748, -0.22643104,
        0.27561806, -0.04419697, -0.00482343, -0.23678885, -0.13141376,
       -0.39851844, -0.34798286,  0.40842536,  0.0420792 ,  0.15648621,
       -0.29220645,  0.12677002, -0.0259972 ,  0.332397  , -0.13757492,
       -0.2326379 , -0.17125845,  0.02215919,  0.0567591 , -0.47878498,
       -0.49765194,  0.24343422, -0.29781747, -0.4065579 ,  0.11563638,
        0.02820356,  0.00050619,  0.18005292, -0.04036154,  0.05697841,
       -0.11769285, -0.10116647, -0.36412575, -0.49846749,  0.35832407,
        0.34931407, -0.19813729, -0.05588521, -0.05866561]) 

Generation: 26 
 - Generation Avg Fit: 8.848111873790488 
 - Best Fitness: 51.00089522006748 
 - Worst Fitness: 0.0
 - Best Solution: array([ 0.44719548,  0.26476881,  0.01258185, -0.32323166,  0.20864929,
       -0.17072083, -0.17224391, -0.09204131, -0.03646256, -0.47532501,
       -0.06029836,  0.36927016, -0.02737773,  0.01465965, -0.17696652,
        0.46446342, -0.39462675,  0.01353565, -0.47642453, -0.42304524,
       -0.40486303, -0.21559385, -0.28787597, -0.06798748, -0.22643104,
        0.27561806, -0.04419697, -0.00482343, -0.23678885, -0.13141376,
       -0.39851844, -0.34798286,  0.40842536,  0.0420792 ,  0.15648621,
       -0.29220645,  0.12677002, -0.0259972 ,  0.332397  , -0.13757492,
       -0.2326379 , -0.17125845,  0.02215919,  0.0567591 , -0.47878498,
       -0.49765194,  0.24343422, -0.29781747, -0.4065579 ,  0.11563638,
        0.02820356,  0.00050619,  0.18005292, -0.04036154,  0.05697841,
       -0.11769285, -0.10116647, -0.36412575, -0.49846749,  0.35832407,
        0.34931407, -0.19813729, -0.05588521, -0.05866561]) 

Generation: 27 
 - Generation Avg Fit: 8.598800136774482 
 - Best Fitness: 51.00089522006748 
 - Worst Fitness: 0.0
 - Best Solution: array([ 0.44719548,  0.26476881,  0.01258185, -0.32323166,  0.20864929,
       -0.17072083, -0.17224391, -0.09204131, -0.03646256, -0.47532501,
       -0.06029836,  0.36927016, -0.02737773,  0.01465965, -0.17696652,
        0.46446342, -0.39462675,  0.01353565, -0.47642453, -0.42304524,
       -0.40486303, -0.21559385, -0.28787597, -0.06798748, -0.22643104,
        0.27561806, -0.04419697, -0.00482343, -0.23678885, -0.13141376,
       -0.39851844, -0.34798286,  0.40842536,  0.0420792 ,  0.15648621,
       -0.29220645,  0.12677002, -0.0259972 ,  0.332397  , -0.13757492,
       -0.2326379 , -0.17125845,  0.02215919,  0.0567591 , -0.47878498,
       -0.49765194,  0.24343422, -0.29781747, -0.4065579 ,  0.11563638,
        0.02820356,  0.00050619,  0.18005292, -0.04036154,  0.05697841,
       -0.11769285, -0.10116647, -0.36412575, -0.49846749,  0.35832407,
        0.34931407, -0.19813729, -0.05588521, -0.05866561]) 

Generation: 28 
 - Generation Avg Fit: 9.13835741956978 
 - Best Fitness: 51.00089522006748 
 - Worst Fitness: 0.0
 - Best Solution: array([ 0.44719548,  0.26476881,  0.01258185, -0.32323166,  0.20864929,
       -0.17072083, -0.17224391, -0.09204131, -0.03646256, -0.47532501,
       -0.06029836,  0.36927016, -0.02737773,  0.01465965, -0.17696652,
        0.46446342, -0.39462675,  0.01353565, -0.47642453, -0.42304524,
       -0.40486303, -0.21559385, -0.28787597, -0.06798748, -0.22643104,
        0.27561806, -0.04419697, -0.00482343, -0.23678885, -0.13141376,
       -0.39851844, -0.34798286,  0.40842536,  0.0420792 ,  0.15648621,
       -0.29220645,  0.12677002, -0.0259972 ,  0.332397  , -0.13757492,
       -0.2326379 , -0.17125845,  0.02215919,  0.0567591 , -0.47878498,
       -0.49765194,  0.24343422, -0.29781747, -0.4065579 ,  0.11563638,
        0.02820356,  0.00050619,  0.18005292, -0.04036154,  0.05697841,
       -0.11769285, -0.10116647, -0.36412575, -0.49846749,  0.35832407,
        0.34931407, -0.19813729, -0.05588521, -0.05866561]) 

Generation: 29 
 - Generation Avg Fit: 9.47357602511066 
 - Best Fitness: 51.00089522006748 
 - Worst Fitness: 0.0
 - Best Solution: array([ 0.44719548,  0.26476881,  0.01258185, -0.32323166,  0.20864929,
       -0.17072083, -0.17224391, -0.09204131, -0.03646256, -0.47532501,
       -0.06029836,  0.36927016, -0.02737773,  0.01465965, -0.17696652,
        0.46446342, -0.39462675,  0.01353565, -0.47642453, -0.42304524,
       -0.40486303, -0.21559385, -0.28787597, -0.06798748, -0.22643104,
        0.27561806, -0.04419697, -0.00482343, -0.23678885, -0.13141376,
       -0.39851844, -0.34798286,  0.40842536,  0.0420792 ,  0.15648621,
       -0.29220645,  0.12677002, -0.0259972 ,  0.332397  , -0.13757492,
       -0.2326379 , -0.17125845,  0.02215919,  0.0567591 , -0.47878498,
       -0.49765194,  0.24343422, -0.29781747, -0.4065579 ,  0.11563638,
        0.02820356,  0.00050619,  0.18005292, -0.04036154,  0.05697841,
       -0.11769285, -0.10116647, -0.36412575, -0.49846749,  0.35832407,
        0.34931407, -0.19813729, -0.05588521, -0.05866561]) 

Generation: 30 
 - Generation Avg Fit: 9.259584136951638 
 - Best Fitness: 51.00089522006748 
 - Worst Fitness: 0.0
 - Best Solution: array([ 0.44719548,  0.26476881,  0.01258185, -0.32323166,  0.20864929,
       -0.17072083, -0.17224391, -0.09204131, -0.03646256, -0.47532501,
       -0.06029836,  0.36927016, -0.02737773,  0.01465965, -0.17696652,
        0.46446342, -0.39462675,  0.01353565, -0.47642453, -0.42304524,
       -0.40486303, -0.21559385, -0.28787597, -0.06798748, -0.22643104,
        0.27561806, -0.04419697, -0.00482343, -0.23678885, -0.13141376,
       -0.39851844, -0.34798286,  0.40842536,  0.0420792 ,  0.15648621,
       -0.29220645,  0.12677002, -0.0259972 ,  0.332397  , -0.13757492,
       -0.2326379 , -0.17125845,  0.02215919,  0.0567591 , -0.47878498,
       -0.49765194,  0.24343422, -0.29781747, -0.4065579 ,  0.11563638,
        0.02820356,  0.00050619,  0.18005292, -0.04036154,  0.05697841,
       -0.11769285, -0.10116647, -0.36412575, -0.49846749,  0.35832407,
        0.34931407, -0.19813729, -0.05588521, -0.05866561]) 

Generation: 31 
 - Generation Avg Fit: 9.315288660038082 
 - Best Fitness: 51.00089522006748 
 - Worst Fitness: 0.0
 - Best Solution: array([ 0.44719548,  0.26476881,  0.01258185, -0.32323166,  0.20864929,
       -0.17072083, -0.17224391, -0.09204131, -0.03646256, -0.47532501,
       -0.06029836,  0.36927016, -0.02737773,  0.01465965, -0.17696652,
        0.46446342, -0.39462675,  0.01353565, -0.47642453, -0.42304524,
       -0.40486303, -0.21559385, -0.28787597, -0.06798748, -0.22643104,
        0.27561806, -0.04419697, -0.00482343, -0.23678885, -0.13141376,
       -0.39851844, -0.34798286,  0.40842536,  0.0420792 ,  0.15648621,
       -0.29220645,  0.12677002, -0.0259972 ,  0.332397  , -0.13757492,
       -0.2326379 , -0.17125845,  0.02215919,  0.0567591 , -0.47878498,
       -0.49765194,  0.24343422, -0.29781747, -0.4065579 ,  0.11563638,
        0.02820356,  0.00050619,  0.18005292, -0.04036154,  0.05697841,
       -0.11769285, -0.10116647, -0.36412575, -0.49846749,  0.35832407,
        0.34931407, -0.19813729, -0.05588521, -0.05866561]) 

Generation: 32 
 - Generation Avg Fit: 9.957925308611268 
 - Best Fitness: 51.00089522006748 
 - Worst Fitness: 0.0
 - Best Solution: array([ 0.44719548,  0.26476881,  0.01258185, -0.32323166,  0.20864929,
       -0.17072083, -0.17224391, -0.09204131, -0.03646256, -0.47532501,
       -0.06029836,  0.36927016, -0.02737773,  0.01465965, -0.17696652,
        0.46446342, -0.39462675,  0.01353565, -0.47642453, -0.42304524,
       -0.40486303, -0.21559385, -0.28787597, -0.06798748, -0.22643104,
        0.27561806, -0.04419697, -0.00482343, -0.23678885, -0.13141376,
       -0.39851844, -0.34798286,  0.40842536,  0.0420792 ,  0.15648621,
       -0.29220645,  0.12677002, -0.0259972 ,  0.332397  , -0.13757492,
       -0.2326379 , -0.17125845,  0.02215919,  0.0567591 , -0.47878498,
       -0.49765194,  0.24343422, -0.29781747, -0.4065579 ,  0.11563638,
        0.02820356,  0.00050619,  0.18005292, -0.04036154,  0.05697841,
       -0.11769285, -0.10116647, -0.36412575, -0.49846749,  0.35832407,
        0.34931407, -0.19813729, -0.05588521, -0.05866561]) 

Generation: 33 
 - Generation Avg Fit: 9.62621342154523 
 - Best Fitness: 51.00089522006748 
 - Worst Fitness: 0.0
 - Best Solution: array([ 0.44719548,  0.26476881,  0.01258185, -0.32323166,  0.20864929,
       -0.17072083, -0.17224391, -0.09204131, -0.03646256, -0.47532501,
       -0.06029836,  0.36927016, -0.02737773,  0.01465965, -0.17696652,
        0.46446342, -0.39462675,  0.01353565, -0.47642453, -0.42304524,
       -0.40486303, -0.21559385, -0.28787597, -0.06798748, -0.22643104,
        0.27561806, -0.04419697, -0.00482343, -0.23678885, -0.13141376,
       -0.39851844, -0.34798286,  0.40842536,  0.0420792 ,  0.15648621,
       -0.29220645,  0.12677002, -0.0259972 ,  0.332397  , -0.13757492,
       -0.2326379 , -0.17125845,  0.02215919,  0.0567591 , -0.47878498,
       -0.49765194,  0.24343422, -0.29781747, -0.4065579 ,  0.11563638,
        0.02820356,  0.00050619,  0.18005292, -0.04036154,  0.05697841,
       -0.11769285, -0.10116647, -0.36412575, -0.49846749,  0.35832407,
        0.34931407, -0.19813729, -0.05588521, -0.05866561]) 

Generation: 34 
 - Generation Avg Fit: 9.919824786623519 
 - Best Fitness: 51.00089522006748 
 - Worst Fitness: 0.0
 - Best Solution: array([ 0.44719548,  0.26476881,  0.01258185, -0.32323166,  0.20864929,
       -0.17072083, -0.17224391, -0.09204131, -0.03646256, -0.47532501,
       -0.06029836,  0.36927016, -0.02737773,  0.01465965, -0.17696652,
        0.46446342, -0.39462675,  0.01353565, -0.47642453, -0.42304524,
       -0.40486303, -0.21559385, -0.28787597, -0.06798748, -0.22643104,
        0.27561806, -0.04419697, -0.00482343, -0.23678885, -0.13141376,
       -0.39851844, -0.34798286,  0.40842536,  0.0420792 ,  0.15648621,
       -0.29220645,  0.12677002, -0.0259972 ,  0.332397  , -0.13757492,
       -0.2326379 , -0.17125845,  0.02215919,  0.0567591 , -0.47878498,
       -0.49765194,  0.24343422, -0.29781747, -0.4065579 ,  0.11563638,
        0.02820356,  0.00050619,  0.18005292, -0.04036154,  0.05697841,
       -0.11769285, -0.10116647, -0.36412575, -0.49846749,  0.35832407,
        0.34931407, -0.19813729, -0.05588521, -0.05866561]) 

Generation: 35 
 - Generation Avg Fit: 10.016674547592276 
 - Best Fitness: 51.00089522006748 
 - Worst Fitness: 0.0
 - Best Solution: array([ 0.44719548,  0.26476881,  0.01258185, -0.32323166,  0.20864929,
       -0.17072083, -0.17224391, -0.09204131, -0.03646256, -0.47532501,
       -0.06029836,  0.36927016, -0.02737773,  0.01465965, -0.17696652,
        0.46446342, -0.39462675,  0.01353565, -0.47642453, -0.42304524,
       -0.40486303, -0.21559385, -0.28787597, -0.06798748, -0.22643104,
        0.27561806, -0.04419697, -0.00482343, -0.23678885, -0.13141376,
       -0.39851844, -0.34798286,  0.40842536,  0.0420792 ,  0.15648621,
       -0.29220645,  0.12677002, -0.0259972 ,  0.332397  , -0.13757492,
       -0.2326379 , -0.17125845,  0.02215919,  0.0567591 , -0.47878498,
       -0.49765194,  0.24343422, -0.29781747, -0.4065579 ,  0.11563638,
        0.02820356,  0.00050619,  0.18005292, -0.04036154,  0.05697841,
       -0.11769285, -0.10116647, -0.36412575, -0.49846749,  0.35832407,
        0.34931407, -0.19813729, -0.05588521, -0.05866561]) 

Generation: 36 
 - Generation Avg Fit: 10.145634850081349 
 - Best Fitness: 51.00089522006748 
 - Worst Fitness: 0.0
 - Best Solution: array([ 0.44719548,  0.26476881,  0.01258185, -0.32323166,  0.20864929,
       -0.17072083, -0.17224391, -0.09204131, -0.03646256, -0.47532501,
       -0.06029836,  0.36927016, -0.02737773,  0.01465965, -0.17696652,
        0.46446342, -0.39462675,  0.01353565, -0.47642453, -0.42304524,
       -0.40486303, -0.21559385, -0.28787597, -0.06798748, -0.22643104,
        0.27561806, -0.04419697, -0.00482343, -0.23678885, -0.13141376,
       -0.39851844, -0.34798286,  0.40842536,  0.0420792 ,  0.15648621,
       -0.29220645,  0.12677002, -0.0259972 ,  0.332397  , -0.13757492,
       -0.2326379 , -0.17125845,  0.02215919,  0.0567591 , -0.47878498,
       -0.49765194,  0.24343422, -0.29781747, -0.4065579 ,  0.11563638,
        0.02820356,  0.00050619,  0.18005292, -0.04036154,  0.05697841,
       -0.11769285, -0.10116647, -0.36412575, -0.49846749,  0.35832407,
        0.34931407, -0.19813729, -0.05588521, -0.05866561]) 

Generation: 37 
 - Generation Avg Fit: 10.554399807997967 
 - Best Fitness: 51.00089522006748 
 - Worst Fitness: 0.0
 - Best Solution: array([ 0.44719548,  0.26476881,  0.01258185, -0.32323166,  0.20864929,
       -0.17072083, -0.17224391, -0.09204131, -0.03646256, -0.47532501,
       -0.06029836,  0.36927016, -0.02737773,  0.01465965, -0.17696652,
        0.46446342, -0.39462675,  0.01353565, -0.47642453, -0.42304524,
       -0.40486303, -0.21559385, -0.28787597, -0.06798748, -0.22643104,
        0.27561806, -0.04419697, -0.00482343, -0.23678885, -0.13141376,
       -0.39851844, -0.34798286,  0.40842536,  0.0420792 ,  0.15648621,
       -0.29220645,  0.12677002, -0.0259972 ,  0.332397  , -0.13757492,
       -0.2326379 , -0.17125845,  0.02215919,  0.0567591 , -0.47878498,
       -0.49765194,  0.24343422, -0.29781747, -0.4065579 ,  0.11563638,
        0.02820356,  0.00050619,  0.18005292, -0.04036154,  0.05697841,
       -0.11769285, -0.10116647, -0.36412575, -0.49846749,  0.35832407,
        0.34931407, -0.19813729, -0.05588521, -0.05866561]) 

Generation: 38 
 - Generation Avg Fit: 10.341585938612745 
 - Best Fitness: 51.00089522006748 
 - Worst Fitness: 0.0
 - Best Solution: array([ 0.44719548,  0.26476881,  0.01258185, -0.32323166,  0.20864929,
       -0.17072083, -0.17224391, -0.09204131, -0.03646256, -0.47532501,
       -0.06029836,  0.36927016, -0.02737773,  0.01465965, -0.17696652,
        0.46446342, -0.39462675,  0.01353565, -0.47642453, -0.42304524,
       -0.40486303, -0.21559385, -0.28787597, -0.06798748, -0.22643104,
        0.27561806, -0.04419697, -0.00482343, -0.23678885, -0.13141376,
       -0.39851844, -0.34798286,  0.40842536,  0.0420792 ,  0.15648621,
       -0.29220645,  0.12677002, -0.0259972 ,  0.332397  , -0.13757492,
       -0.2326379 , -0.17125845,  0.02215919,  0.0567591 , -0.47878498,
       -0.49765194,  0.24343422, -0.29781747, -0.4065579 ,  0.11563638,
        0.02820356,  0.00050619,  0.18005292, -0.04036154,  0.05697841,
       -0.11769285, -0.10116647, -0.36412575, -0.49846749,  0.35832407,
        0.34931407, -0.19813729, -0.05588521, -0.05866561]) 

Generation: 39 
 - Generation Avg Fit: 10.603616596990701 
 - Best Fitness: 51.00089522006748 
 - Worst Fitness: 0.0
 - Best Solution: array([ 0.44719548,  0.26476881,  0.01258185, -0.32323166,  0.20864929,
       -0.17072083, -0.17224391, -0.09204131, -0.03646256, -0.47532501,
       -0.06029836,  0.36927016, -0.02737773,  0.01465965, -0.17696652,
        0.46446342, -0.39462675,  0.01353565, -0.47642453, -0.42304524,
       -0.40486303, -0.21559385, -0.28787597, -0.06798748, -0.22643104,
        0.27561806, -0.04419697, -0.00482343, -0.23678885, -0.13141376,
       -0.39851844, -0.34798286,  0.40842536,  0.0420792 ,  0.15648621,
       -0.29220645,  0.12677002, -0.0259972 ,  0.332397  , -0.13757492,
       -0.2326379 , -0.17125845,  0.02215919,  0.0567591 , -0.47878498,
       -0.49765194,  0.24343422, -0.29781747, -0.4065579 ,  0.11563638,
        0.02820356,  0.00050619,  0.18005292, -0.04036154,  0.05697841,
       -0.11769285, -0.10116647, -0.36412575, -0.49846749,  0.35832407,
        0.34931407, -0.19813729, -0.05588521, -0.05866561]) 

Generation: 40 
 - Generation Avg Fit: 11.04653527408238 
 - Best Fitness: 51.00089522006748 
 - Worst Fitness: 0.0
 - Best Solution: array([ 0.44719548,  0.26476881,  0.01258185, -0.32323166,  0.20864929,
       -0.17072083, -0.17224391, -0.09204131, -0.03646256, -0.47532501,
       -0.06029836,  0.36927016, -0.02737773,  0.01465965, -0.17696652,
        0.46446342, -0.39462675,  0.01353565, -0.47642453, -0.42304524,
       -0.40486303, -0.21559385, -0.28787597, -0.06798748, -0.22643104,
        0.27561806, -0.04419697, -0.00482343, -0.23678885, -0.13141376,
       -0.39851844, -0.34798286,  0.40842536,  0.0420792 ,  0.15648621,
       -0.29220645,  0.12677002, -0.0259972 ,  0.332397  , -0.13757492,
       -0.2326379 , -0.17125845,  0.02215919,  0.0567591 , -0.47878498,
       -0.49765194,  0.24343422, -0.29781747, -0.4065579 ,  0.11563638,
        0.02820356,  0.00050619,  0.18005292, -0.04036154,  0.05697841,
       -0.11769285, -0.10116647, -0.36412575, -0.49846749,  0.35832407,
        0.34931407, -0.19813729, -0.05588521, -0.05866561]) 

Generation: 41 
 - Generation Avg Fit: 10.991403576489029 
 - Best Fitness: 51.00089522006748 
 - Worst Fitness: 0.0
 - Best Solution: array([ 0.44719548,  0.26476881,  0.01258185, -0.32323166,  0.20864929,
       -0.17072083, -0.17224391, -0.09204131, -0.03646256, -0.47532501,
       -0.06029836,  0.36927016, -0.02737773,  0.01465965, -0.17696652,
        0.46446342, -0.39462675,  0.01353565, -0.47642453, -0.42304524,
       -0.40486303, -0.21559385, -0.28787597, -0.06798748, -0.22643104,
        0.27561806, -0.04419697, -0.00482343, -0.23678885, -0.13141376,
       -0.39851844, -0.34798286,  0.40842536,  0.0420792 ,  0.15648621,
       -0.29220645,  0.12677002, -0.0259972 ,  0.332397  , -0.13757492,
       -0.2326379 , -0.17125845,  0.02215919,  0.0567591 , -0.47878498,
       -0.49765194,  0.24343422, -0.29781747, -0.4065579 ,  0.11563638,
        0.02820356,  0.00050619,  0.18005292, -0.04036154,  0.05697841,
       -0.11769285, -0.10116647, -0.36412575, -0.49846749,  0.35832407,
        0.34931407, -0.19813729, -0.05588521, -0.05866561]) 

Generation: 42 
 - Generation Avg Fit: 10.863338593304004 
 - Best Fitness: 51.00089522006748 
 - Worst Fitness: 0.0
 - Best Solution: array([ 0.44719548,  0.26476881,  0.01258185, -0.32323166,  0.20864929,
       -0.17072083, -0.17224391, -0.09204131, -0.03646256, -0.47532501,
       -0.06029836,  0.36927016, -0.02737773,  0.01465965, -0.17696652,
        0.46446342, -0.39462675,  0.01353565, -0.47642453, -0.42304524,
       -0.40486303, -0.21559385, -0.28787597, -0.06798748, -0.22643104,
        0.27561806, -0.04419697, -0.00482343, -0.23678885, -0.13141376,
       -0.39851844, -0.34798286,  0.40842536,  0.0420792 ,  0.15648621,
       -0.29220645,  0.12677002, -0.0259972 ,  0.332397  , -0.13757492,
       -0.2326379 , -0.17125845,  0.02215919,  0.0567591 , -0.47878498,
       -0.49765194,  0.24343422, -0.29781747, -0.4065579 ,  0.11563638,
        0.02820356,  0.00050619,  0.18005292, -0.04036154,  0.05697841,
       -0.11769285, -0.10116647, -0.36412575, -0.49846749,  0.35832407,
        0.34931407, -0.19813729, -0.05588521, -0.05866561]) 

Generation: 43 
 - Generation Avg Fit: 11.0924924368805 
 - Best Fitness: 51.00089522006748 
 - Worst Fitness: 0.0
 - Best Solution: array([ 0.44719548,  0.26476881,  0.01258185, -0.32323166,  0.20864929,
       -0.17072083, -0.17224391, -0.09204131, -0.03646256, -0.47532501,
       -0.06029836,  0.36927016, -0.02737773,  0.01465965, -0.17696652,
        0.46446342, -0.39462675,  0.01353565, -0.47642453, -0.42304524,
       -0.40486303, -0.21559385, -0.28787597, -0.06798748, -0.22643104,
        0.27561806, -0.04419697, -0.00482343, -0.23678885, -0.13141376,
       -0.39851844, -0.34798286,  0.40842536,  0.0420792 ,  0.15648621,
       -0.29220645,  0.12677002, -0.0259972 ,  0.332397  , -0.13757492,
       -0.2326379 , -0.17125845,  0.02215919,  0.0567591 , -0.47878498,
       -0.49765194,  0.24343422, -0.29781747, -0.4065579 ,  0.11563638,
        0.02820356,  0.00050619,  0.18005292, -0.04036154,  0.05697841,
       -0.11769285, -0.10116647, -0.36412575, -0.49846749,  0.35832407,
        0.34931407, -0.19813729, -0.05588521, -0.05866561]) 

Generation: 44 
 - Generation Avg Fit: 11.197351835153556 
 - Best Fitness: 51.00089522006748 
 - Worst Fitness: 0.0
 - Best Solution: array([ 0.44719548,  0.26476881,  0.01258185, -0.32323166,  0.20864929,
       -0.17072083, -0.17224391, -0.09204131, -0.03646256, -0.47532501,
       -0.06029836,  0.36927016, -0.02737773,  0.01465965, -0.17696652,
        0.46446342, -0.39462675,  0.01353565, -0.47642453, -0.42304524,
       -0.40486303, -0.21559385, -0.28787597, -0.06798748, -0.22643104,
        0.27561806, -0.04419697, -0.00482343, -0.23678885, -0.13141376,
       -0.39851844, -0.34798286,  0.40842536,  0.0420792 ,  0.15648621,
       -0.29220645,  0.12677002, -0.0259972 ,  0.332397  , -0.13757492,
       -0.2326379 , -0.17125845,  0.02215919,  0.0567591 , -0.47878498,
       -0.49765194,  0.24343422, -0.29781747, -0.4065579 ,  0.11563638,
        0.02820356,  0.00050619,  0.18005292, -0.04036154,  0.05697841,
       -0.11769285, -0.10116647, -0.36412575, -0.49846749,  0.35832407,
        0.34931407, -0.19813729, -0.05588521, -0.05866561]) 

Generation: 45 
 - Generation Avg Fit: 11.302472692174796 
 - Best Fitness: 51.00089522006748 
 - Worst Fitness: 0.0
 - Best Solution: array([ 0.44719548,  0.26476881,  0.01258185, -0.32323166,  0.20864929,
       -0.17072083, -0.17224391, -0.09204131, -0.03646256, -0.47532501,
       -0.06029836,  0.36927016, -0.02737773,  0.01465965, -0.17696652,
        0.46446342, -0.39462675,  0.01353565, -0.47642453, -0.42304524,
       -0.40486303, -0.21559385, -0.28787597, -0.06798748, -0.22643104,
        0.27561806, -0.04419697, -0.00482343, -0.23678885, -0.13141376,
       -0.39851844, -0.34798286,  0.40842536,  0.0420792 ,  0.15648621,
       -0.29220645,  0.12677002, -0.0259972 ,  0.332397  , -0.13757492,
       -0.2326379 , -0.17125845,  0.02215919,  0.0567591 , -0.47878498,
       -0.49765194,  0.24343422, -0.29781747, -0.4065579 ,  0.11563638,
        0.02820356,  0.00050619,  0.18005292, -0.04036154,  0.05697841,
       -0.11769285, -0.10116647, -0.36412575, -0.49846749,  0.35832407,
        0.34931407, -0.19813729, -0.05588521, -0.05866561]) 

Generation: 46 
 - Generation Avg Fit: 11.24785662019673 
 - Best Fitness: 51.00089522006748 
 - Worst Fitness: 0.0
 - Best Solution: array([ 0.44719548,  0.26476881,  0.01258185, -0.32323166,  0.20864929,
       -0.17072083, -0.17224391, -0.09204131, -0.03646256, -0.47532501,
       -0.06029836,  0.36927016, -0.02737773,  0.01465965, -0.17696652,
        0.46446342, -0.39462675,  0.01353565, -0.47642453, -0.42304524,
       -0.40486303, -0.21559385, -0.28787597, -0.06798748, -0.22643104,
        0.27561806, -0.04419697, -0.00482343, -0.23678885, -0.13141376,
       -0.39851844, -0.34798286,  0.40842536,  0.0420792 ,  0.15648621,
       -0.29220645,  0.12677002, -0.0259972 ,  0.332397  , -0.13757492,
       -0.2326379 , -0.17125845,  0.02215919,  0.0567591 , -0.47878498,
       -0.49765194,  0.24343422, -0.29781747, -0.4065579 ,  0.11563638,
        0.02820356,  0.00050619,  0.18005292, -0.04036154,  0.05697841,
       -0.11769285, -0.10116647, -0.36412575, -0.49846749,  0.35832407,
        0.34931407, -0.19813729, -0.05588521, -0.05866561]) 

Generation: 47 
 - Generation Avg Fit: 11.617031008342847 
 - Best Fitness: 51.00089522006748 
 - Worst Fitness: 0.0
 - Best Solution: array([ 0.44719548,  0.26476881,  0.01258185, -0.32323166,  0.20864929,
       -0.17072083, -0.17224391, -0.09204131, -0.03646256, -0.47532501,
       -0.06029836,  0.36927016, -0.02737773,  0.01465965, -0.17696652,
        0.46446342, -0.39462675,  0.01353565, -0.47642453, -0.42304524,
       -0.40486303, -0.21559385, -0.28787597, -0.06798748, -0.22643104,
        0.27561806, -0.04419697, -0.00482343, -0.23678885, -0.13141376,
       -0.39851844, -0.34798286,  0.40842536,  0.0420792 ,  0.15648621,
       -0.29220645,  0.12677002, -0.0259972 ,  0.332397  , -0.13757492,
       -0.2326379 , -0.17125845,  0.02215919,  0.0567591 , -0.47878498,
       -0.49765194,  0.24343422, -0.29781747, -0.4065579 ,  0.11563638,
        0.02820356,  0.00050619,  0.18005292, -0.04036154,  0.05697841,
       -0.11769285, -0.10116647, -0.36412575, -0.49846749,  0.35832407,
        0.34931407, -0.19813729, -0.05588521, -0.05866561]) 

Generation: 48 
 - Generation Avg Fit: 11.447230459693484 
 - Best Fitness: 51.00089522006748 
 - Worst Fitness: 0.0
 - Best Solution: array([ 0.44719548,  0.26476881,  0.01258185, -0.32323166,  0.20864929,
       -0.17072083, -0.17224391, -0.09204131, -0.03646256, -0.47532501,
       -0.06029836,  0.36927016, -0.02737773,  0.01465965, -0.17696652,
        0.46446342, -0.39462675,  0.01353565, -0.47642453, -0.42304524,
       -0.40486303, -0.21559385, -0.28787597, -0.06798748, -0.22643104,
        0.27561806, -0.04419697, -0.00482343, -0.23678885, -0.13141376,
       -0.39851844, -0.34798286,  0.40842536,  0.0420792 ,  0.15648621,
       -0.29220645,  0.12677002, -0.0259972 ,  0.332397  , -0.13757492,
       -0.2326379 , -0.17125845,  0.02215919,  0.0567591 , -0.47878498,
       -0.49765194,  0.24343422, -0.29781747, -0.4065579 ,  0.11563638,
        0.02820356,  0.00050619,  0.18005292, -0.04036154,  0.05697841,
       -0.11769285, -0.10116647, -0.36412575, -0.49846749,  0.35832407,
        0.34931407, -0.19813729, -0.05588521, -0.05866561]) 

Generation: 49 
 - Generation Avg Fit: 11.721712714849993 
 - Best Fitness: 51.00089522006748 
 - Worst Fitness: 0.0
 - Best Solution: array([ 0.44719548,  0.26476881,  0.01258185, -0.32323166,  0.20864929,
       -0.17072083, -0.17224391, -0.09204131, -0.03646256, -0.47532501,
       -0.06029836,  0.36927016, -0.02737773,  0.01465965, -0.17696652,
        0.46446342, -0.39462675,  0.01353565, -0.47642453, -0.42304524,
       -0.40486303, -0.21559385, -0.28787597, -0.06798748, -0.22643104,
        0.27561806, -0.04419697, -0.00482343, -0.23678885, -0.13141376,
       -0.39851844, -0.34798286,  0.40842536,  0.0420792 ,  0.15648621,
       -0.29220645,  0.12677002, -0.0259972 ,  0.332397  , -0.13757492,
       -0.2326379 , -0.17125845,  0.02215919,  0.0567591 , -0.47878498,
       -0.49765194,  0.24343422, -0.29781747, -0.4065579 ,  0.11563638,
        0.02820356,  0.00050619,  0.18005292, -0.04036154,  0.05697841,
       -0.11769285, -0.10116647, -0.36412575, -0.49846749,  0.35832407,
        0.34931407, -0.19813729, -0.05588521, -0.05866561]) 

Generation: 50 
 - Generation Avg Fit: 12.100797032025957 
 - Best Fitness: 51.00089522006748 
 - Worst Fitness: 0.0
 - Best Solution: array([ 0.44719548,  0.26476881,  0.01258185, -0.32323166,  0.20864929,
       -0.17072083, -0.17224391, -0.09204131, -0.03646256, -0.47532501,
       -0.06029836,  0.36927016, -0.02737773,  0.01465965, -0.17696652,
        0.46446342, -0.39462675,  0.01353565, -0.47642453, -0.42304524,
       -0.40486303, -0.21559385, -0.28787597, -0.06798748, -0.22643104,
        0.27561806, -0.04419697, -0.00482343, -0.23678885, -0.13141376,
       -0.39851844, -0.34798286,  0.40842536,  0.0420792 ,  0.15648621,
       -0.29220645,  0.12677002, -0.0259972 ,  0.332397  , -0.13757492,
       -0.2326379 , -0.17125845,  0.02215919,  0.0567591 , -0.47878498,
       -0.49765194,  0.24343422, -0.29781747, -0.4065579 ,  0.11563638,
        0.02820356,  0.00050619,  0.18005292, -0.04036154,  0.05697841,
       -0.11769285, -0.10116647, -0.36412575, -0.49846749,  0.35832407,
        0.34931407, -0.19813729, -0.05588521, -0.05866561]) 

Generation: 51 
 - Generation Avg Fit: 11.949605567268756 
 - Best Fitness: 51.00089522006748 
 - Worst Fitness: 0.0
 - Best Solution: array([ 0.44719548,  0.26476881,  0.01258185, -0.32323166,  0.20864929,
       -0.17072083, -0.17224391, -0.09204131, -0.03646256, -0.47532501,
       -0.06029836,  0.36927016, -0.02737773,  0.01465965, -0.17696652,
        0.46446342, -0.39462675,  0.01353565, -0.47642453, -0.42304524,
       -0.40486303, -0.21559385, -0.28787597, -0.06798748, -0.22643104,
        0.27561806, -0.04419697, -0.00482343, -0.23678885, -0.13141376,
       -0.39851844, -0.34798286,  0.40842536,  0.0420792 ,  0.15648621,
       -0.29220645,  0.12677002, -0.0259972 ,  0.332397  , -0.13757492,
       -0.2326379 , -0.17125845,  0.02215919,  0.0567591 , -0.47878498,
       -0.49765194,  0.24343422, -0.29781747, -0.4065579 ,  0.11563638,
        0.02820356,  0.00050619,  0.18005292, -0.04036154,  0.05697841,
       -0.11769285, -0.10116647, -0.36412575, -0.49846749,  0.35832407,
        0.34931407, -0.19813729, -0.05588521, -0.05866561]) 

Generation: 52 
 - Generation Avg Fit: 11.880267071574647 
 - Best Fitness: 51.00089522006748 
 - Worst Fitness: 0.0
 - Best Solution: array([ 0.44719548,  0.26476881,  0.01258185, -0.32323166,  0.20864929,
       -0.17072083, -0.17224391, -0.09204131, -0.03646256, -0.47532501,
       -0.06029836,  0.36927016, -0.02737773,  0.01465965, -0.17696652,
        0.46446342, -0.39462675,  0.01353565, -0.47642453, -0.42304524,
       -0.40486303, -0.21559385, -0.28787597, -0.06798748, -0.22643104,
        0.27561806, -0.04419697, -0.00482343, -0.23678885, -0.13141376,
       -0.39851844, -0.34798286,  0.40842536,  0.0420792 ,  0.15648621,
       -0.29220645,  0.12677002, -0.0259972 ,  0.332397  , -0.13757492,
       -0.2326379 , -0.17125845,  0.02215919,  0.0567591 , -0.47878498,
       -0.49765194,  0.24343422, -0.29781747, -0.4065579 ,  0.11563638,
        0.02820356,  0.00050619,  0.18005292, -0.04036154,  0.05697841,
       -0.11769285, -0.10116647, -0.36412575, -0.49846749,  0.35832407,
        0.34931407, -0.19813729, -0.05588521, -0.05866561]) 

Generation: 53 
 - Generation Avg Fit: 11.950963477540096 
 - Best Fitness: 51.00089522006748 
 - Worst Fitness: 0.0
 - Best Solution: array([ 0.44719548,  0.26476881,  0.01258185, -0.32323166,  0.20864929,
       -0.17072083, -0.17224391, -0.09204131, -0.03646256, -0.47532501,
       -0.06029836,  0.36927016, -0.02737773,  0.01465965, -0.17696652,
        0.46446342, -0.39462675,  0.01353565, -0.47642453, -0.42304524,
       -0.40486303, -0.21559385, -0.28787597, -0.06798748, -0.22643104,
        0.27561806, -0.04419697, -0.00482343, -0.23678885, -0.13141376,
       -0.39851844, -0.34798286,  0.40842536,  0.0420792 ,  0.15648621,
       -0.29220645,  0.12677002, -0.0259972 ,  0.332397  , -0.13757492,
       -0.2326379 , -0.17125845,  0.02215919,  0.0567591 , -0.47878498,
       -0.49765194,  0.24343422, -0.29781747, -0.4065579 ,  0.11563638,
        0.02820356,  0.00050619,  0.18005292, -0.04036154,  0.05697841,
       -0.11769285, -0.10116647, -0.36412575, -0.49846749,  0.35832407,
        0.34931407, -0.19813729, -0.05588521, -0.05866561]) 

Generation: 54 
 - Generation Avg Fit: 12.435981142927062 
 - Best Fitness: 51.00089522006748 
 - Worst Fitness: 0.0
 - Best Solution: array([ 0.44719548,  0.26476881,  0.01258185, -0.32323166,  0.20864929,
       -0.17072083, -0.17224391, -0.09204131, -0.03646256, -0.47532501,
       -0.06029836,  0.36927016, -0.02737773,  0.01465965, -0.17696652,
        0.46446342, -0.39462675,  0.01353565, -0.47642453, -0.42304524,
       -0.40486303, -0.21559385, -0.28787597, -0.06798748, -0.22643104,
        0.27561806, -0.04419697, -0.00482343, -0.23678885, -0.13141376,
       -0.39851844, -0.34798286,  0.40842536,  0.0420792 ,  0.15648621,
       -0.29220645,  0.12677002, -0.0259972 ,  0.332397  , -0.13757492,
       -0.2326379 , -0.17125845,  0.02215919,  0.0567591 , -0.47878498,
       -0.49765194,  0.24343422, -0.29781747, -0.4065579 ,  0.11563638,
        0.02820356,  0.00050619,  0.18005292, -0.04036154,  0.05697841,
       -0.11769285, -0.10116647, -0.36412575, -0.49846749,  0.35832407,
        0.34931407, -0.19813729, -0.05588521, -0.05866561]) 

Generation: 55 
 - Generation Avg Fit: 12.471092428141988 
 - Best Fitness: 51.00089522006748 
 - Worst Fitness: 0.0
 - Best Solution: array([ 0.44719548,  0.26476881,  0.01258185, -0.32323166,  0.20864929,
       -0.17072083, -0.17224391, -0.09204131, -0.03646256, -0.47532501,
       -0.06029836,  0.36927016, -0.02737773,  0.01465965, -0.17696652,
        0.46446342, -0.39462675,  0.01353565, -0.47642453, -0.42304524,
       -0.40486303, -0.21559385, -0.28787597, -0.06798748, -0.22643104,
        0.27561806, -0.04419697, -0.00482343, -0.23678885, -0.13141376,
       -0.39851844, -0.34798286,  0.40842536,  0.0420792 ,  0.15648621,
       -0.29220645,  0.12677002, -0.0259972 ,  0.332397  , -0.13757492,
       -0.2326379 , -0.17125845,  0.02215919,  0.0567591 , -0.47878498,
       -0.49765194,  0.24343422, -0.29781747, -0.4065579 ,  0.11563638,
        0.02820356,  0.00050619,  0.18005292, -0.04036154,  0.05697841,
       -0.11769285, -0.10116647, -0.36412575, -0.49846749,  0.35832407,
        0.34931407, -0.19813729, -0.05588521, -0.05866561]) 

Generation: 56 
 - Generation Avg Fit: 12.090952675161757 
 - Best Fitness: 51.00089522006748 
 - Worst Fitness: 0.0
 - Best Solution: array([ 0.44719548,  0.26476881,  0.01258185, -0.32323166,  0.20864929,
       -0.17072083, -0.17224391, -0.09204131, -0.03646256, -0.47532501,
       -0.06029836,  0.36927016, -0.02737773,  0.01465965, -0.17696652,
        0.46446342, -0.39462675,  0.01353565, -0.47642453, -0.42304524,
       -0.40486303, -0.21559385, -0.28787597, -0.06798748, -0.22643104,
        0.27561806, -0.04419697, -0.00482343, -0.23678885, -0.13141376,
       -0.39851844, -0.34798286,  0.40842536,  0.0420792 ,  0.15648621,
       -0.29220645,  0.12677002, -0.0259972 ,  0.332397  , -0.13757492,
       -0.2326379 , -0.17125845,  0.02215919,  0.0567591 , -0.47878498,
       -0.49765194,  0.24343422, -0.29781747, -0.4065579 ,  0.11563638,
        0.02820356,  0.00050619,  0.18005292, -0.04036154,  0.05697841,
       -0.11769285, -0.10116647, -0.36412575, -0.49846749,  0.35832407,
        0.34931407, -0.19813729, -0.05588521, -0.05866561]) 

Generation: 57 
 - Generation Avg Fit: 12.767423489431776 
 - Best Fitness: 51.00089522006748 
 - Worst Fitness: 0.0
 - Best Solution: array([ 0.44719548,  0.26476881,  0.01258185, -0.32323166,  0.20864929,
       -0.17072083, -0.17224391, -0.09204131, -0.03646256, -0.47532501,
       -0.06029836,  0.36927016, -0.02737773,  0.01465965, -0.17696652,
        0.46446342, -0.39462675,  0.01353565, -0.47642453, -0.42304524,
       -0.40486303, -0.21559385, -0.28787597, -0.06798748, -0.22643104,
        0.27561806, -0.04419697, -0.00482343, -0.23678885, -0.13141376,
       -0.39851844, -0.34798286,  0.40842536,  0.0420792 ,  0.15648621,
       -0.29220645,  0.12677002, -0.0259972 ,  0.332397  , -0.13757492,
       -0.2326379 , -0.17125845,  0.02215919,  0.0567591 , -0.47878498,
       -0.49765194,  0.24343422, -0.29781747, -0.4065579 ,  0.11563638,
        0.02820356,  0.00050619,  0.18005292, -0.04036154,  0.05697841,
       -0.11769285, -0.10116647, -0.36412575, -0.49846749,  0.35832407,
        0.34931407, -0.19813729, -0.05588521, -0.05866561]) 

Generation: 58 
 - Generation Avg Fit: 13.013813184534438 
 - Best Fitness: 51.00089522006748 
 - Worst Fitness: 0.0
 - Best Solution: array([ 0.44719548,  0.26476881,  0.01258185, -0.32323166,  0.20864929,
       -0.17072083, -0.17224391, -0.09204131, -0.03646256, -0.47532501,
       -0.06029836,  0.36927016, -0.02737773,  0.01465965, -0.17696652,
        0.46446342, -0.39462675,  0.01353565, -0.47642453, -0.42304524,
       -0.40486303, -0.21559385, -0.28787597, -0.06798748, -0.22643104,
        0.27561806, -0.04419697, -0.00482343, -0.23678885, -0.13141376,
       -0.39851844, -0.34798286,  0.40842536,  0.0420792 ,  0.15648621,
       -0.29220645,  0.12677002, -0.0259972 ,  0.332397  , -0.13757492,
       -0.2326379 , -0.17125845,  0.02215919,  0.0567591 , -0.47878498,
       -0.49765194,  0.24343422, -0.29781747, -0.4065579 ,  0.11563638,
        0.02820356,  0.00050619,  0.18005292, -0.04036154,  0.05697841,
       -0.11769285, -0.10116647, -0.36412575, -0.49846749,  0.35832407,
        0.34931407, -0.19813729, -0.05588521, -0.05866561]) 

Generation: 59 
 - Generation Avg Fit: 12.527324159962111 
 - Best Fitness: 51.00089522006748 
 - Worst Fitness: 0.0
 - Best Solution: array([ 0.44719548,  0.26476881,  0.01258185, -0.32323166,  0.20864929,
       -0.17072083, -0.17224391, -0.09204131, -0.03646256, -0.47532501,
       -0.06029836,  0.36927016, -0.02737773,  0.01465965, -0.17696652,
        0.46446342, -0.39462675,  0.01353565, -0.47642453, -0.42304524,
       -0.40486303, -0.21559385, -0.28787597, -0.06798748, -0.22643104,
        0.27561806, -0.04419697, -0.00482343, -0.23678885, -0.13141376,
       -0.39851844, -0.34798286,  0.40842536,  0.0420792 ,  0.15648621,
       -0.29220645,  0.12677002, -0.0259972 ,  0.332397  , -0.13757492,
       -0.2326379 , -0.17125845,  0.02215919,  0.0567591 , -0.47878498,
       -0.49765194,  0.24343422, -0.29781747, -0.4065579 ,  0.11563638,
        0.02820356,  0.00050619,  0.18005292, -0.04036154,  0.05697841,
       -0.11769285, -0.10116647, -0.36412575, -0.49846749,  0.35832407,
        0.34931407, -0.19813729, -0.05588521, -0.05866561]) 

Generation: 60 
 - Generation Avg Fit: 13.103820533890154 
 - Best Fitness: 51.00089522006748 
 - Worst Fitness: 0.0
 - Best Solution: array([ 0.44719548,  0.26476881,  0.01258185, -0.32323166,  0.20864929,
       -0.17072083, -0.17224391, -0.09204131, -0.03646256, -0.47532501,
       -0.06029836,  0.36927016, -0.02737773,  0.01465965, -0.17696652,
        0.46446342, -0.39462675,  0.01353565, -0.47642453, -0.42304524,
       -0.40486303, -0.21559385, -0.28787597, -0.06798748, -0.22643104,
        0.27561806, -0.04419697, -0.00482343, -0.23678885, -0.13141376,
       -0.39851844, -0.34798286,  0.40842536,  0.0420792 ,  0.15648621,
       -0.29220645,  0.12677002, -0.0259972 ,  0.332397  , -0.13757492,
       -0.2326379 , -0.17125845,  0.02215919,  0.0567591 , -0.47878498,
       -0.49765194,  0.24343422, -0.29781747, -0.4065579 ,  0.11563638,
        0.02820356,  0.00050619,  0.18005292, -0.04036154,  0.05697841,
       -0.11769285, -0.10116647, -0.36412575, -0.49846749,  0.35832407,
        0.34931407, -0.19813729, -0.05588521, -0.05866561]) 

Generation: 61 
 - Generation Avg Fit: 13.288033599738588 
 - Best Fitness: 51.00089522006748 
 - Worst Fitness: 0.0
 - Best Solution: array([ 0.44719548,  0.26476881,  0.01258185, -0.32323166,  0.20864929,
       -0.17072083, -0.17224391, -0.09204131, -0.03646256, -0.47532501,
       -0.06029836,  0.36927016, -0.02737773,  0.01465965, -0.17696652,
        0.46446342, -0.39462675,  0.01353565, -0.47642453, -0.42304524,
       -0.40486303, -0.21559385, -0.28787597, -0.06798748, -0.22643104,
        0.27561806, -0.04419697, -0.00482343, -0.23678885, -0.13141376,
       -0.39851844, -0.34798286,  0.40842536,  0.0420792 ,  0.15648621,
       -0.29220645,  0.12677002, -0.0259972 ,  0.332397  , -0.13757492,
       -0.2326379 , -0.17125845,  0.02215919,  0.0567591 , -0.47878498,
       -0.49765194,  0.24343422, -0.29781747, -0.4065579 ,  0.11563638,
        0.02820356,  0.00050619,  0.18005292, -0.04036154,  0.05697841,
       -0.11769285, -0.10116647, -0.36412575, -0.49846749,  0.35832407,
        0.34931407, -0.19813729, -0.05588521, -0.05866561]) 

Generation: 62 
 - Generation Avg Fit: 13.325331612088355 
 - Best Fitness: 51.00089522006748 
 - Worst Fitness: 0.0
 - Best Solution: array([ 0.44719548,  0.26476881,  0.01258185, -0.32323166,  0.20864929,
       -0.17072083, -0.17224391, -0.09204131, -0.03646256, -0.47532501,
       -0.06029836,  0.36927016, -0.02737773,  0.01465965, -0.17696652,
        0.46446342, -0.39462675,  0.01353565, -0.47642453, -0.42304524,
       -0.40486303, -0.21559385, -0.28787597, -0.06798748, -0.22643104,
        0.27561806, -0.04419697, -0.00482343, -0.23678885, -0.13141376,
       -0.39851844, -0.34798286,  0.40842536,  0.0420792 ,  0.15648621,
       -0.29220645,  0.12677002, -0.0259972 ,  0.332397  , -0.13757492,
       -0.2326379 , -0.17125845,  0.02215919,  0.0567591 , -0.47878498,
       -0.49765194,  0.24343422, -0.29781747, -0.4065579 ,  0.11563638,
        0.02820356,  0.00050619,  0.18005292, -0.04036154,  0.05697841,
       -0.11769285, -0.10116647, -0.36412575, -0.49846749,  0.35832407,
        0.34931407, -0.19813729, -0.05588521, -0.05866561]) 

Generation: 63 
 - Generation Avg Fit: 13.399836316985931 
 - Best Fitness: 51.00089522006748 
 - Worst Fitness: 0.0
 - Best Solution: array([ 0.44719548,  0.26476881,  0.01258185, -0.32323166,  0.20864929,
       -0.17072083, -0.17224391, -0.09204131, -0.03646256, -0.47532501,
       -0.06029836,  0.36927016, -0.02737773,  0.01465965, -0.17696652,
        0.46446342, -0.39462675,  0.01353565, -0.47642453, -0.42304524,
       -0.40486303, -0.21559385, -0.28787597, -0.06798748, -0.22643104,
        0.27561806, -0.04419697, -0.00482343, -0.23678885, -0.13141376,
       -0.39851844, -0.34798286,  0.40842536,  0.0420792 ,  0.15648621,
       -0.29220645,  0.12677002, -0.0259972 ,  0.332397  , -0.13757492,
       -0.2326379 , -0.17125845,  0.02215919,  0.0567591 , -0.47878498,
       -0.49765194,  0.24343422, -0.29781747, -0.4065579 ,  0.11563638,
        0.02820356,  0.00050619,  0.18005292, -0.04036154,  0.05697841,
       -0.11769285, -0.10116647, -0.36412575, -0.49846749,  0.35832407,
        0.34931407, -0.19813729, -0.05588521, -0.05866561]) 

Generation: 64 
 - Generation Avg Fit: 13.183969322490098 
 - Best Fitness: 51.00089522006748 
 - Worst Fitness: 0.0
 - Best Solution: array([ 0.44719548,  0.26476881,  0.01258185, -0.32323166,  0.20864929,
       -0.17072083, -0.17224391, -0.09204131, -0.03646256, -0.47532501,
       -0.06029836,  0.36927016, -0.02737773,  0.01465965, -0.17696652,
        0.46446342, -0.39462675,  0.01353565, -0.47642453, -0.42304524,
       -0.40486303, -0.21559385, -0.28787597, -0.06798748, -0.22643104,
        0.27561806, -0.04419697, -0.00482343, -0.23678885, -0.13141376,
       -0.39851844, -0.34798286,  0.40842536,  0.0420792 ,  0.15648621,
       -0.29220645,  0.12677002, -0.0259972 ,  0.332397  , -0.13757492,
       -0.2326379 , -0.17125845,  0.02215919,  0.0567591 , -0.47878498,
       -0.49765194,  0.24343422, -0.29781747, -0.4065579 ,  0.11563638,
        0.02820356,  0.00050619,  0.18005292, -0.04036154,  0.05697841,
       -0.11769285, -0.10116647, -0.36412575, -0.49846749,  0.35832407,
        0.34931407, -0.19813729, -0.05588521, -0.05866561]) 

Generation: 65 
 - Generation Avg Fit: 13.55403279582282 
 - Best Fitness: 51.00089522006748 
 - Worst Fitness: 0.0
 - Best Solution: array([ 0.44719548,  0.26476881,  0.01258185, -0.32323166,  0.20864929,
       -0.17072083, -0.17224391, -0.09204131, -0.03646256, -0.47532501,
       -0.06029836,  0.36927016, -0.02737773,  0.01465965, -0.17696652,
        0.46446342, -0.39462675,  0.01353565, -0.47642453, -0.42304524,
       -0.40486303, -0.21559385, -0.28787597, -0.06798748, -0.22643104,
        0.27561806, -0.04419697, -0.00482343, -0.23678885, -0.13141376,
       -0.39851844, -0.34798286,  0.40842536,  0.0420792 ,  0.15648621,
       -0.29220645,  0.12677002, -0.0259972 ,  0.332397  , -0.13757492,
       -0.2326379 , -0.17125845,  0.02215919,  0.0567591 , -0.47878498,
       -0.49765194,  0.24343422, -0.29781747, -0.4065579 ,  0.11563638,
        0.02820356,  0.00050619,  0.18005292, -0.04036154,  0.05697841,
       -0.11769285, -0.10116647, -0.36412575, -0.49846749,  0.35832407,
        0.34931407, -0.19813729, -0.05588521, -0.05866561]) 

Generation: 66 
 - Generation Avg Fit: 13.608031310636946 
 - Best Fitness: 51.00089522006748 
 - Worst Fitness: 0.0
 - Best Solution: array([ 0.44719548,  0.26476881,  0.01258185, -0.32323166,  0.20864929,
       -0.17072083, -0.17224391, -0.09204131, -0.03646256, -0.47532501,
       -0.06029836,  0.36927016, -0.02737773,  0.01465965, -0.17696652,
        0.46446342, -0.39462675,  0.01353565, -0.47642453, -0.42304524,
       -0.40486303, -0.21559385, -0.28787597, -0.06798748, -0.22643104,
        0.27561806, -0.04419697, -0.00482343, -0.23678885, -0.13141376,
       -0.39851844, -0.34798286,  0.40842536,  0.0420792 ,  0.15648621,
       -0.29220645,  0.12677002, -0.0259972 ,  0.332397  , -0.13757492,
       -0.2326379 , -0.17125845,  0.02215919,  0.0567591 , -0.47878498,
       -0.49765194,  0.24343422, -0.29781747, -0.4065579 ,  0.11563638,
        0.02820356,  0.00050619,  0.18005292, -0.04036154,  0.05697841,
       -0.11769285, -0.10116647, -0.36412575, -0.49846749,  0.35832407,
        0.34931407, -0.19813729, -0.05588521, -0.05866561]) 

Generation: 67 
 - Generation Avg Fit: 14.072784878896059 
 - Best Fitness: 60.26346200992289 
 - Worst Fitness: 0.0
 - Best Solution: array([-0.17032087, -0.16299872, -0.19606218, -0.42870651, -0.2272908 ,
       -0.16898693, -0.32548772,  0.06984377, -0.44403159,  0.49697923,
       -0.20771711, -0.0209956 , -0.39753709,  0.28296772, -0.39452079,
        0.20484968, -0.28115589,  0.2543217 , -0.35363834,  0.26846206,
        0.28575731, -0.38599358, -0.3664348 ,  0.32231404, -0.17891042,
        0.2713036 , -0.21055047, -0.43453795, -0.10817808, -0.33139202,
        0.37560699, -0.34582424, -0.25886495,  0.30130685, -0.48627618,
        0.35565251,  0.1187949 , -0.05470427,  0.14152391, -0.43735476,
       -0.12425655, -0.42105107,  0.2013424 , -0.37483571, -0.1838892 ,
       -0.18990172,  0.27304144,  0.32285125, -0.42551059,  0.42346475,
       -0.19633514,  0.08676583, -0.38892697, -0.21379762,  0.12727412,
        0.34441072, -0.19802214, -0.36017061, -0.36226568, -0.14106116,
       -0.05667709, -0.31653767, -0.13506767, -0.16758104]) 

Generation: 68 
 - Generation Avg Fit: 13.742457044400519 
 - Best Fitness: 60.26346200992289 
 - Worst Fitness: 0.0
 - Best Solution: array([ 0.44719548,  0.26476881,  0.01258185, -0.32323166,  0.20864929,
       -0.17072083, -0.17224391, -0.09204131, -0.03646256, -0.47532501,
       -0.06029836,  0.36927016, -0.02737773,  0.01465965, -0.17696652,
        0.46446342, -0.39462675,  0.01353565, -0.47642453, -0.42304524,
       -0.40486303, -0.21559385, -0.28787597, -0.06798748, -0.22643104,
        0.27561806, -0.04419697, -0.00482343, -0.23678885, -0.13141376,
       -0.39851844, -0.34798286,  0.40842536,  0.0420792 ,  0.15648621,
       -0.29220645,  0.12677002, -0.0259972 ,  0.332397  , -0.13757492,
       -0.2326379 , -0.17125845,  0.02215919,  0.0567591 , -0.47878498,
       -0.49765194,  0.24343422, -0.29781747, -0.4065579 ,  0.11563638,
        0.02820356,  0.00050619,  0.18005292, -0.04036154,  0.05697841,
       -0.11769285, -0.10116647, -0.36412575, -0.49846749,  0.35832407,
        0.34931407, -0.19813729, -0.05588521, -0.05866561]) 

Generation: 69 
 - Generation Avg Fit: 13.743622941230855 
 - Best Fitness: 60.26346200992289 
 - Worst Fitness: 0.0
 - Best Solution: array([-0.17032087, -0.16299872, -0.19606218, -0.42870651, -0.2272908 ,
       -0.16898693, -0.32548772,  0.06984377, -0.44403159,  0.49697923,
       -0.20771711, -0.0209956 , -0.39753709,  0.28296772, -0.39452079,
        0.20484968, -0.28115589,  0.2543217 , -0.35363834,  0.26846206,
        0.28575731, -0.38599358, -0.3664348 ,  0.32231404, -0.17891042,
        0.2713036 , -0.21055047, -0.43453795, -0.10817808, -0.33139202,
        0.37560699, -0.34582424, -0.25886495,  0.30130685, -0.48627618,
        0.35565251,  0.1187949 , -0.05470427,  0.14152391, -0.43735476,
       -0.12425655, -0.42105107,  0.2013424 , -0.37483571, -0.1838892 ,
       -0.18990172,  0.27304144,  0.32285125, -0.42551059,  0.42346475,
       -0.19633514,  0.08676583, -0.38892697, -0.21379762,  0.12727412,
        0.34441072, -0.19802214, -0.36017061, -0.36226568, -0.14106116,
       -0.05667709, -0.31653767, -0.13506767, -0.16758104]) 

Generation: 70 
 - Generation Avg Fit: 13.746876810205233 
 - Best Fitness: 60.26346200992289 
 - Worst Fitness: 0.0
 - Best Solution: array([-0.17032087, -0.16299872, -0.19606218, -0.42870651, -0.2272908 ,
       -0.16898693, -0.32548772,  0.06984377, -0.44403159,  0.49697923,
       -0.20771711, -0.0209956 , -0.39753709,  0.28296772, -0.39452079,
        0.20484968, -0.28115589,  0.2543217 , -0.35363834,  0.26846206,
        0.28575731, -0.38599358, -0.3664348 ,  0.32231404, -0.17891042,
        0.2713036 , -0.21055047, -0.43453795, -0.10817808, -0.33139202,
        0.37560699, -0.34582424, -0.25886495,  0.30130685, -0.48627618,
        0.35565251,  0.1187949 , -0.05470427,  0.14152391, -0.43735476,
       -0.12425655, -0.42105107,  0.2013424 , -0.37483571, -0.1838892 ,
       -0.18990172,  0.27304144,  0.32285125, -0.42551059,  0.42346475,
       -0.19633514,  0.08676583, -0.38892697, -0.21379762,  0.12727412,
        0.34441072, -0.19802214, -0.36017061, -0.36226568, -0.14106116,
       -0.05667709, -0.31653767, -0.13506767, -0.16758104]) 

Generation: 71 
 - Generation Avg Fit: 14.275517991504183 
 - Best Fitness: 60.26346200992289 
 - Worst Fitness: 0.0
 - Best Solution: array([-0.17032087, -0.16299872, -0.19606218, -0.42870651, -0.2272908 ,
       -0.16898693, -0.32548772,  0.06984377, -0.44403159,  0.49697923,
       -0.20771711, -0.0209956 , -0.39753709,  0.28296772, -0.39452079,
        0.20484968, -0.28115589,  0.2543217 , -0.35363834,  0.26846206,
        0.28575731, -0.38599358, -0.3664348 ,  0.32231404, -0.17891042,
        0.2713036 , -0.21055047, -0.43453795, -0.10817808, -0.33139202,
        0.37560699, -0.34582424, -0.25886495,  0.30130685, -0.48627618,
        0.35565251,  0.1187949 , -0.05470427,  0.14152391, -0.43735476,
       -0.12425655, -0.42105107,  0.2013424 , -0.37483571, -0.1838892 ,
       -0.18990172,  0.27304144,  0.32285125, -0.42551059,  0.42346475,
       -0.19633514,  0.08676583, -0.38892697, -0.21379762,  0.12727412,
        0.34441072, -0.19802214, -0.36017061, -0.36226568, -0.14106116,
       -0.05667709, -0.31653767, -0.13506767, -0.16758104]) 

Generation: 72 
 - Generation Avg Fit: 14.042146748067623 
 - Best Fitness: 60.26346200992289 
 - Worst Fitness: 0.0
 - Best Solution: array([-0.17032087, -0.16299872, -0.19606218, -0.42870651, -0.2272908 ,
       -0.16898693, -0.32548772,  0.06984377, -0.44403159,  0.49697923,
       -0.20771711, -0.0209956 , -0.39753709,  0.28296772, -0.39452079,
        0.20484968, -0.28115589,  0.2543217 , -0.35363834,  0.26846206,
        0.28575731, -0.38599358, -0.3664348 ,  0.32231404, -0.17891042,
        0.2713036 , -0.21055047, -0.43453795, -0.10817808, -0.33139202,
        0.37560699, -0.34582424, -0.25886495,  0.30130685, -0.48627618,
        0.35565251,  0.1187949 , -0.05470427,  0.14152391, -0.43735476,
       -0.12425655, -0.42105107,  0.2013424 , -0.37483571, -0.1838892 ,
       -0.18990172,  0.27304144,  0.32285125, -0.42551059,  0.42346475,
       -0.19633514,  0.08676583, -0.38892697, -0.21379762,  0.12727412,
        0.34441072, -0.19802214, -0.36017061, -0.36226568, -0.14106116,
       -0.05667709, -0.31653767, -0.13506767, -0.16758104]) 

Generation: 73 
 - Generation Avg Fit: 14.151265884268959 
 - Best Fitness: 60.26346200992289 
 - Worst Fitness: 0.0
 - Best Solution: array([-0.17032087, -0.16299872, -0.19606218, -0.42870651, -0.2272908 ,
       -0.16898693, -0.32548772,  0.06984377, -0.44403159,  0.49697923,
       -0.20771711, -0.0209956 , -0.39753709,  0.28296772, -0.39452079,
        0.20484968, -0.28115589,  0.2543217 , -0.35363834,  0.26846206,
        0.28575731, -0.38599358, -0.3664348 ,  0.32231404, -0.17891042,
        0.2713036 , -0.21055047, -0.43453795, -0.10817808, -0.33139202,
        0.37560699, -0.34582424, -0.25886495,  0.30130685, -0.48627618,
        0.35565251,  0.1187949 , -0.05470427,  0.14152391, -0.43735476,
       -0.12425655, -0.42105107,  0.2013424 , -0.37483571, -0.1838892 ,
       -0.18990172,  0.27304144,  0.32285125, -0.42551059,  0.42346475,
       -0.19633514,  0.08676583, -0.38892697, -0.21379762,  0.12727412,
        0.34441072, -0.19802214, -0.36017061, -0.36226568, -0.14106116,
       -0.05667709, -0.31653767, -0.13506767, -0.16758104]) 

Generation: 74 
 - Generation Avg Fit: 14.424149341242387 
 - Best Fitness: 60.26346200992289 
 - Worst Fitness: 0.0
 - Best Solution: array([-0.17032087, -0.16299872, -0.19606218, -0.42870651, -0.2272908 ,
       -0.16898693, -0.32548772,  0.06984377, -0.44403159,  0.49697923,
       -0.20771711, -0.0209956 , -0.39753709,  0.28296772, -0.39452079,
        0.20484968, -0.28115589,  0.2543217 , -0.35363834,  0.26846206,
        0.28575731, -0.38599358, -0.3664348 ,  0.32231404, -0.17891042,
        0.2713036 , -0.21055047, -0.43453795, -0.10817808, -0.33139202,
        0.37560699, -0.34582424, -0.25886495,  0.30130685, -0.48627618,
        0.35565251,  0.1187949 , -0.05470427,  0.14152391, -0.43735476,
       -0.12425655, -0.42105107,  0.2013424 , -0.37483571, -0.1838892 ,
       -0.18990172,  0.27304144,  0.32285125, -0.42551059,  0.42346475,
       -0.19633514,  0.08676583, -0.38892697, -0.21379762,  0.12727412,
        0.34441072, -0.19802214, -0.36017061, -0.36226568, -0.14106116,
       -0.05667709, -0.31653767, -0.13506767, -0.16758104]) 

Generation: 75 
 - Generation Avg Fit: 14.056854714635701 
 - Best Fitness: 60.26346200992289 
 - Worst Fitness: 0.0
 - Best Solution: array([-0.17032087, -0.16299872, -0.19606218, -0.42870651, -0.2272908 ,
       -0.16898693, -0.32548772,  0.06984377, -0.44403159,  0.49697923,
       -0.20771711, -0.0209956 , -0.39753709,  0.28296772, -0.39452079,
        0.20484968, -0.28115589,  0.2543217 , -0.35363834,  0.26846206,
        0.28575731, -0.38599358, -0.3664348 ,  0.32231404, -0.17891042,
        0.2713036 , -0.21055047, -0.43453795, -0.10817808, -0.33139202,
        0.37560699, -0.34582424, -0.25886495,  0.30130685, -0.48627618,
        0.35565251,  0.1187949 , -0.05470427,  0.14152391, -0.43735476,
       -0.12425655, -0.42105107,  0.2013424 , -0.37483571, -0.1838892 ,
       -0.18990172,  0.27304144,  0.32285125, -0.42551059,  0.42346475,
       -0.19633514,  0.08676583, -0.38892697, -0.21379762,  0.12727412,
        0.34441072, -0.19802214, -0.36017061, -0.36226568, -0.14106116,
       -0.05667709, -0.31653767, -0.13506767, -0.16758104]) 

Generation: 76 
 - Generation Avg Fit: 14.299734789805257 
 - Best Fitness: 60.26346200992289 
 - Worst Fitness: 0.0
 - Best Solution: array([-0.17032087, -0.16299872, -0.19606218, -0.42870651, -0.2272908 ,
       -0.16898693, -0.32548772,  0.06984377, -0.44403159,  0.49697923,
       -0.20771711, -0.0209956 , -0.39753709,  0.28296772, -0.39452079,
        0.20484968, -0.28115589,  0.2543217 , -0.35363834,  0.26846206,
        0.28575731, -0.38599358, -0.3664348 ,  0.32231404, -0.17891042,
        0.2713036 , -0.21055047, -0.43453795, -0.10817808, -0.33139202,
        0.37560699, -0.34582424, -0.25886495,  0.30130685, -0.48627618,
        0.35565251,  0.1187949 , -0.05470427,  0.14152391, -0.43735476,
       -0.12425655, -0.42105107,  0.2013424 , -0.37483571, -0.1838892 ,
       -0.18990172,  0.27304144,  0.32285125, -0.42551059,  0.42346475,
       -0.19633514,  0.08676583, -0.38892697, -0.21379762,  0.12727412,
        0.34441072, -0.19802214, -0.36017061, -0.36226568, -0.14106116,
       -0.05667709, -0.31653767, -0.13506767, -0.16758104]) 

Generation: 77 
 - Generation Avg Fit: 14.739953657051032 
 - Best Fitness: 60.26346200992289 
 - Worst Fitness: 0.0
 - Best Solution: array([-0.17032087, -0.16299872, -0.19606218, -0.42870651, -0.2272908 ,
       -0.16898693, -0.32548772,  0.06984377, -0.44403159,  0.49697923,
       -0.20771711, -0.0209956 , -0.39753709,  0.28296772, -0.39452079,
        0.20484968, -0.28115589,  0.2543217 , -0.35363834,  0.26846206,
        0.28575731, -0.38599358, -0.3664348 ,  0.32231404, -0.17891042,
        0.2713036 , -0.21055047, -0.43453795, -0.10817808, -0.33139202,
        0.37560699, -0.34582424, -0.25886495,  0.30130685, -0.48627618,
        0.35565251,  0.1187949 , -0.05470427,  0.14152391, -0.43735476,
       -0.12425655, -0.42105107,  0.2013424 , -0.37483571, -0.1838892 ,
       -0.18990172,  0.27304144,  0.32285125, -0.42551059,  0.42346475,
       -0.19633514,  0.08676583, -0.38892697, -0.21379762,  0.12727412,
        0.34441072, -0.19802214, -0.36017061, -0.36226568, -0.14106116,
       -0.05667709, -0.31653767, -0.13506767, -0.16758104]) 

Generation: 78 
 - Generation Avg Fit: 14.621693008477822 
 - Best Fitness: 60.26346200992289 
 - Worst Fitness: 0.0
 - Best Solution: array([-0.17032087, -0.16299872, -0.19606218, -0.42870651, -0.2272908 ,
       -0.16898693, -0.32548772,  0.06984377, -0.44403159,  0.49697923,
       -0.20771711, -0.0209956 , -0.39753709,  0.28296772, -0.39452079,
        0.20484968, -0.28115589,  0.2543217 , -0.35363834,  0.26846206,
        0.28575731, -0.38599358, -0.3664348 ,  0.32231404, -0.17891042,
        0.2713036 , -0.21055047, -0.43453795, -0.10817808, -0.33139202,
        0.37560699, -0.34582424, -0.25886495,  0.30130685, -0.48627618,
        0.35565251,  0.1187949 , -0.05470427,  0.14152391, -0.43735476,
       -0.12425655, -0.42105107,  0.2013424 , -0.37483571, -0.1838892 ,
       -0.18990172,  0.27304144,  0.32285125, -0.42551059,  0.42346475,
       -0.19633514,  0.08676583, -0.38892697, -0.21379762,  0.12727412,
        0.34441072, -0.19802214, -0.36017061, -0.36226568, -0.14106116,
       -0.05667709, -0.31653767, -0.13506767, -0.16758104]) 

Generation: 79 
 - Generation Avg Fit: 13.926169999969634 
 - Best Fitness: 60.26346200992289 
 - Worst Fitness: 0.0
 - Best Solution: array([-0.17032087, -0.16299872, -0.19606218, -0.42870651, -0.2272908 ,
       -0.16898693, -0.32548772,  0.06984377, -0.44403159,  0.49697923,
       -0.20771711, -0.0209956 , -0.39753709,  0.28296772, -0.39452079,
        0.20484968, -0.28115589,  0.2543217 , -0.35363834,  0.26846206,
        0.28575731, -0.38599358, -0.3664348 ,  0.32231404, -0.17891042,
        0.2713036 , -0.21055047, -0.43453795, -0.10817808, -0.33139202,
        0.37560699, -0.34582424, -0.25886495,  0.30130685, -0.48627618,
        0.35565251,  0.1187949 , -0.05470427,  0.14152391, -0.43735476,
       -0.12425655, -0.42105107,  0.2013424 , -0.37483571, -0.1838892 ,
       -0.18990172,  0.27304144,  0.32285125, -0.42551059,  0.42346475,
       -0.19633514,  0.08676583, -0.38892697, -0.21379762,  0.12727412,
        0.34441072, -0.19802214, -0.36017061, -0.36226568, -0.14106116,
       -0.05667709, -0.31653767, -0.13506767, -0.16758104]) 

Generation: 80 
 - Generation Avg Fit: 14.984359447456281 
 - Best Fitness: 60.26346200992289 
 - Worst Fitness: 0.0
 - Best Solution: array([-0.17032087, -0.16299872, -0.19606218, -0.42870651, -0.2272908 ,
       -0.16898693, -0.32548772,  0.06984377, -0.44403159,  0.49697923,
       -0.20771711, -0.0209956 , -0.39753709,  0.28296772, -0.39452079,
        0.20484968, -0.28115589,  0.2543217 , -0.35363834,  0.26846206,
        0.28575731, -0.38599358, -0.3664348 ,  0.32231404, -0.17891042,
        0.2713036 , -0.21055047, -0.43453795, -0.10817808, -0.33139202,
        0.37560699, -0.34582424, -0.25886495,  0.30130685, -0.48627618,
        0.35565251,  0.1187949 , -0.05470427,  0.14152391, -0.43735476,
       -0.12425655, -0.42105107,  0.2013424 , -0.37483571, -0.1838892 ,
       -0.18990172,  0.27304144,  0.32285125, -0.42551059,  0.42346475,
       -0.19633514,  0.08676583, -0.38892697, -0.21379762,  0.12727412,
        0.34441072, -0.19802214, -0.36017061, -0.36226568, -0.14106116,
       -0.05667709, -0.31653767, -0.13506767, -0.16758104]) 

Generation: 81 
 - Generation Avg Fit: 14.547966601587484 
 - Best Fitness: 60.26346200992289 
 - Worst Fitness: 0.0
 - Best Solution: array([-0.17032087, -0.16299872, -0.19606218, -0.42870651, -0.2272908 ,
       -0.16898693, -0.32548772,  0.06984377, -0.44403159,  0.49697923,
       -0.20771711, -0.0209956 , -0.39753709,  0.28296772, -0.39452079,
        0.20484968, -0.28115589,  0.2543217 , -0.35363834,  0.26846206,
        0.28575731, -0.38599358, -0.3664348 ,  0.32231404, -0.17891042,
        0.2713036 , -0.21055047, -0.43453795, -0.10817808, -0.33139202,
        0.37560699, -0.34582424, -0.25886495,  0.30130685, -0.48627618,
        0.35565251,  0.1187949 , -0.05470427,  0.14152391, -0.43735476,
       -0.12425655, -0.42105107,  0.2013424 , -0.37483571, -0.1838892 ,
       -0.18990172,  0.27304144,  0.32285125, -0.42551059,  0.42346475,
       -0.19633514,  0.08676583, -0.38892697, -0.21379762,  0.12727412,
        0.34441072, -0.19802214, -0.36017061, -0.36226568, -0.14106116,
       -0.05667709, -0.31653767, -0.13506767, -0.16758104]) 

Generation: 82 
 - Generation Avg Fit: 14.379859409685345 
 - Best Fitness: 60.26346200992289 
 - Worst Fitness: 0.0
 - Best Solution: array([-0.17032087, -0.16299872, -0.19606218, -0.42870651, -0.2272908 ,
       -0.16898693, -0.32548772,  0.06984377, -0.44403159,  0.49697923,
       -0.20771711, -0.0209956 , -0.39753709,  0.28296772, -0.39452079,
        0.20484968, -0.28115589,  0.2543217 , -0.35363834,  0.26846206,
        0.28575731, -0.38599358, -0.3664348 ,  0.32231404, -0.17891042,
        0.2713036 , -0.21055047, -0.43453795, -0.10817808, -0.33139202,
        0.37560699, -0.34582424, -0.25886495,  0.30130685, -0.48627618,
        0.35565251,  0.1187949 , -0.05470427,  0.14152391, -0.43735476,
       -0.12425655, -0.42105107,  0.2013424 , -0.37483571, -0.1838892 ,
       -0.18990172,  0.27304144,  0.32285125, -0.42551059,  0.42346475,
       -0.19633514,  0.08676583, -0.38892697, -0.21379762,  0.12727412,
        0.34441072, -0.19802214, -0.36017061, -0.36226568, -0.14106116,
       -0.05667709, -0.31653767, -0.13506767, -0.16758104]) 

Generation: 83 
 - Generation Avg Fit: 14.482441805167428 
 - Best Fitness: 60.26346200992289 
 - Worst Fitness: 0.0
 - Best Solution: array([-0.17032087, -0.16299872, -0.19606218, -0.42870651, -0.2272908 ,
       -0.16898693, -0.32548772,  0.06984377, -0.44403159,  0.49697923,
       -0.20771711, -0.0209956 , -0.39753709,  0.28296772, -0.39452079,
        0.20484968, -0.28115589,  0.2543217 , -0.35363834,  0.26846206,
        0.28575731, -0.38599358, -0.3664348 ,  0.32231404, -0.17891042,
        0.2713036 , -0.21055047, -0.43453795, -0.10817808, -0.33139202,
        0.37560699, -0.34582424, -0.25886495,  0.30130685, -0.48627618,
        0.35565251,  0.1187949 , -0.05470427,  0.14152391, -0.43735476,
       -0.12425655, -0.42105107,  0.2013424 , -0.37483571, -0.1838892 ,
       -0.18990172,  0.27304144,  0.32285125, -0.42551059,  0.42346475,
       -0.19633514,  0.08676583, -0.38892697, -0.21379762,  0.12727412,
        0.34441072, -0.19802214, -0.36017061, -0.36226568, -0.14106116,
       -0.05667709, -0.31653767, -0.13506767, -0.16758104]) 

Generation: 84 
 - Generation Avg Fit: 14.36959089234973 
 - Best Fitness: 60.26346200992289 
 - Worst Fitness: 0.0
 - Best Solution: array([-0.17032087, -0.16299872, -0.19606218, -0.42870651, -0.2272908 ,
       -0.16898693, -0.32548772,  0.06984377, -0.44403159,  0.49697923,
       -0.20771711, -0.0209956 , -0.39753709,  0.28296772, -0.39452079,
        0.20484968, -0.28115589,  0.2543217 , -0.35363834,  0.26846206,
        0.28575731, -0.38599358, -0.3664348 ,  0.32231404, -0.17891042,
        0.2713036 , -0.21055047, -0.43453795, -0.10817808, -0.33139202,
        0.37560699, -0.34582424, -0.25886495,  0.30130685, -0.48627618,
        0.35565251,  0.1187949 , -0.05470427,  0.14152391, -0.43735476,
       -0.12425655, -0.42105107,  0.2013424 , -0.37483571, -0.1838892 ,
       -0.18990172,  0.27304144,  0.32285125, -0.42551059,  0.42346475,
       -0.19633514,  0.08676583, -0.38892697, -0.21379762,  0.12727412,
        0.34441072, -0.19802214, -0.36017061, -0.36226568, -0.14106116,
       -0.05667709, -0.31653767, -0.13506767, -0.16758104]) 

Generation: 85 
 - Generation Avg Fit: 14.951722984475738 
 - Best Fitness: 60.26346200992289 
 - Worst Fitness: 0.0
 - Best Solution: array([-0.17032087, -0.16299872, -0.19606218, -0.42870651, -0.2272908 ,
       -0.16898693, -0.32548772,  0.06984377, -0.44403159,  0.49697923,
       -0.20771711, -0.0209956 , -0.39753709,  0.28296772, -0.39452079,
        0.20484968, -0.28115589,  0.2543217 , -0.35363834,  0.26846206,
        0.28575731, -0.38599358, -0.3664348 ,  0.32231404, -0.17891042,
        0.2713036 , -0.21055047, -0.43453795, -0.10817808, -0.33139202,
        0.37560699, -0.34582424, -0.25886495,  0.30130685, -0.48627618,
        0.35565251,  0.1187949 , -0.05470427,  0.14152391, -0.43735476,
       -0.12425655, -0.42105107,  0.2013424 , -0.37483571, -0.1838892 ,
       -0.18990172,  0.27304144,  0.32285125, -0.42551059,  0.42346475,
       -0.19633514,  0.08676583, -0.38892697, -0.21379762,  0.12727412,
        0.34441072, -0.19802214, -0.36017061, -0.36226568, -0.14106116,
       -0.05667709, -0.31653767, -0.13506767, -0.16758104]) 

Generation: 86 
 - Generation Avg Fit: 14.556188713331316 
 - Best Fitness: 60.26346200992289 
 - Worst Fitness: 0.0
 - Best Solution: array([-0.17032087, -0.16299872, -0.19606218, -0.42870651, -0.2272908 ,
       -0.16898693, -0.32548772,  0.06984377, -0.44403159,  0.49697923,
       -0.20771711, -0.0209956 , -0.39753709,  0.28296772, -0.39452079,
        0.20484968, -0.28115589,  0.2543217 , -0.35363834,  0.26846206,
        0.28575731, -0.38599358, -0.3664348 ,  0.32231404, -0.17891042,
        0.2713036 , -0.21055047, -0.43453795, -0.10817808, -0.33139202,
        0.37560699, -0.34582424, -0.25886495,  0.30130685, -0.48627618,
        0.35565251,  0.1187949 , -0.05470427,  0.14152391, -0.43735476,
       -0.12425655, -0.42105107,  0.2013424 , -0.37483571, -0.1838892 ,
       -0.18990172,  0.27304144,  0.32285125, -0.42551059,  0.42346475,
       -0.19633514,  0.08676583, -0.38892697, -0.21379762,  0.12727412,
        0.34441072, -0.19802214, -0.36017061, -0.36226568, -0.14106116,
       -0.05667709, -0.31653767, -0.13506767, -0.16758104]) 

Generation: 87 
 - Generation Avg Fit: 14.349297971481267 
 - Best Fitness: 60.26346200992289 
 - Worst Fitness: 0.0
 - Best Solution: array([-0.17032087, -0.16299872, -0.19606218, -0.42870651, -0.2272908 ,
       -0.16898693, -0.32548772,  0.06984377, -0.44403159,  0.49697923,
       -0.20771711, -0.0209956 , -0.39753709,  0.28296772, -0.39452079,
        0.20484968, -0.28115589,  0.2543217 , -0.35363834,  0.26846206,
        0.28575731, -0.38599358, -0.3664348 ,  0.32231404, -0.17891042,
        0.2713036 , -0.21055047, -0.43453795, -0.10817808, -0.33139202,
        0.37560699, -0.34582424, -0.25886495,  0.30130685, -0.48627618,
        0.35565251,  0.1187949 , -0.05470427,  0.14152391, -0.43735476,
       -0.12425655, -0.42105107,  0.2013424 , -0.37483571, -0.1838892 ,
       -0.18990172,  0.27304144,  0.32285125, -0.42551059,  0.42346475,
       -0.19633514,  0.08676583, -0.38892697, -0.21379762,  0.12727412,
        0.34441072, -0.19802214, -0.36017061, -0.36226568, -0.14106116,
       -0.05667709, -0.31653767, -0.13506767, -0.16758104]) 

Generation: 88 
 - Generation Avg Fit: 14.72741363445848 
 - Best Fitness: 60.26346200992289 
 - Worst Fitness: 0.0
 - Best Solution: array([-0.17032087, -0.16299872, -0.19606218, -0.42870651, -0.2272908 ,
       -0.16898693, -0.32548772,  0.06984377, -0.44403159,  0.49697923,
       -0.20771711, -0.0209956 , -0.39753709,  0.28296772, -0.39452079,
        0.20484968, -0.28115589,  0.2543217 , -0.35363834,  0.26846206,
        0.28575731, -0.38599358, -0.3664348 ,  0.32231404, -0.17891042,
        0.2713036 , -0.21055047, -0.43453795, -0.10817808, -0.33139202,
        0.37560699, -0.34582424, -0.25886495,  0.30130685, -0.48627618,
        0.35565251,  0.1187949 , -0.05470427,  0.14152391, -0.43735476,
       -0.12425655, -0.42105107,  0.2013424 , -0.37483571, -0.1838892 ,
       -0.18990172,  0.27304144,  0.32285125, -0.42551059,  0.42346475,
       -0.19633514,  0.08676583, -0.38892697, -0.21379762,  0.12727412,
        0.34441072, -0.19802214, -0.36017061, -0.36226568, -0.14106116,
       -0.05667709, -0.31653767, -0.13506767, -0.16758104]) 

Generation: 89 
 - Generation Avg Fit: 15.275783278471799 
 - Best Fitness: 60.26346200992289 
 - Worst Fitness: 0.0
 - Best Solution: array([-0.17032087, -0.16299872, -0.19606218, -0.42870651, -0.2272908 ,
       -0.16898693, -0.32548772,  0.06984377, -0.44403159,  0.49697923,
       -0.20771711, -0.0209956 , -0.39753709,  0.28296772, -0.39452079,
        0.20484968, -0.28115589,  0.2543217 , -0.35363834,  0.26846206,
        0.28575731, -0.38599358, -0.3664348 ,  0.32231404, -0.17891042,
        0.2713036 , -0.21055047, -0.43453795, -0.10817808, -0.33139202,
        0.37560699, -0.34582424, -0.25886495,  0.30130685, -0.48627618,
        0.35565251,  0.1187949 , -0.05470427,  0.14152391, -0.43735476,
       -0.12425655, -0.42105107,  0.2013424 , -0.37483571, -0.1838892 ,
       -0.18990172,  0.27304144,  0.32285125, -0.42551059,  0.42346475,
       -0.19633514,  0.08676583, -0.38892697, -0.21379762,  0.12727412,
        0.34441072, -0.19802214, -0.36017061, -0.36226568, -0.14106116,
       -0.05667709, -0.31653767, -0.13506767, -0.16758104]) 

Generation: 90 
 - Generation Avg Fit: 15.524986756820859 
 - Best Fitness: 60.26346200992289 
 - Worst Fitness: 0.0
 - Best Solution: array([-0.17032087, -0.16299872, -0.19606218, -0.42870651, -0.2272908 ,
       -0.16898693, -0.32548772,  0.06984377, -0.44403159,  0.49697923,
       -0.20771711, -0.0209956 , -0.39753709,  0.28296772, -0.39452079,
        0.20484968, -0.28115589,  0.2543217 , -0.35363834,  0.26846206,
        0.28575731, -0.38599358, -0.3664348 ,  0.32231404, -0.17891042,
        0.2713036 , -0.21055047, -0.43453795, -0.10817808, -0.33139202,
        0.37560699, -0.34582424, -0.25886495,  0.30130685, -0.48627618,
        0.35565251,  0.1187949 , -0.05470427,  0.14152391, -0.43735476,
       -0.12425655, -0.42105107,  0.2013424 , -0.37483571, -0.1838892 ,
       -0.18990172,  0.27304144,  0.32285125, -0.42551059,  0.42346475,
       -0.19633514,  0.08676583, -0.38892697, -0.21379762,  0.12727412,
        0.34441072, -0.19802214, -0.36017061, -0.36226568, -0.14106116,
       -0.05667709, -0.31653767, -0.13506767, -0.16758104]) 

Generation: 91 
 - Generation Avg Fit: 15.1133929960929 
 - Best Fitness: 60.26346200992289 
 - Worst Fitness: 0.0
 - Best Solution: array([-0.17032087, -0.16299872, -0.19606218, -0.42870651, -0.2272908 ,
       -0.16898693, -0.32548772,  0.06984377, -0.44403159,  0.49697923,
       -0.20771711, -0.0209956 , -0.39753709,  0.28296772, -0.39452079,
        0.20484968, -0.28115589,  0.2543217 , -0.35363834,  0.26846206,
        0.28575731, -0.38599358, -0.3664348 ,  0.32231404, -0.17891042,
        0.2713036 , -0.21055047, -0.43453795, -0.10817808, -0.33139202,
        0.37560699, -0.34582424, -0.25886495,  0.30130685, -0.48627618,
        0.35565251,  0.1187949 , -0.05470427,  0.14152391, -0.43735476,
       -0.12425655, -0.42105107,  0.2013424 , -0.37483571, -0.1838892 ,
       -0.18990172,  0.27304144,  0.32285125, -0.42551059,  0.42346475,
       -0.19633514,  0.08676583, -0.38892697, -0.21379762,  0.12727412,
        0.34441072, -0.19802214, -0.36017061, -0.36226568, -0.14106116,
       -0.05667709, -0.31653767, -0.13506767, -0.16758104]) 

Generation: 92 
 - Generation Avg Fit: 15.25409105375197 
 - Best Fitness: 60.26346200992289 
 - Worst Fitness: 0.0
 - Best Solution: array([-0.17032087, -0.16299872, -0.19606218, -0.42870651, -0.2272908 ,
       -0.16898693, -0.32548772,  0.06984377, -0.44403159,  0.49697923,
       -0.20771711, -0.0209956 , -0.39753709,  0.28296772, -0.39452079,
        0.20484968, -0.28115589,  0.2543217 , -0.35363834,  0.26846206,
        0.28575731, -0.38599358, -0.3664348 ,  0.32231404, -0.17891042,
        0.2713036 , -0.21055047, -0.43453795, -0.10817808, -0.33139202,
        0.37560699, -0.34582424, -0.25886495,  0.30130685, -0.48627618,
        0.35565251,  0.1187949 , -0.05470427,  0.14152391, -0.43735476,
       -0.12425655, -0.42105107,  0.2013424 , -0.37483571, -0.1838892 ,
       -0.18990172,  0.27304144,  0.32285125, -0.42551059,  0.42346475,
       -0.19633514,  0.08676583, -0.38892697, -0.21379762,  0.12727412,
        0.34441072, -0.19802214, -0.36017061, -0.36226568, -0.14106116,
       -0.05667709, -0.31653767, -0.13506767, -0.16758104]) 

Generation: 93 
 - Generation Avg Fit: 15.22720060301304 
 - Best Fitness: 60.26346200992289 
 - Worst Fitness: 0.0
 - Best Solution: array([-0.17032087, -0.16299872, -0.19606218, -0.42870651, -0.2272908 ,
       -0.16898693, -0.32548772,  0.06984377, -0.44403159,  0.49697923,
       -0.20771711, -0.0209956 , -0.39753709,  0.28296772, -0.39452079,
        0.20484968, -0.28115589,  0.2543217 , -0.35363834,  0.26846206,
        0.28575731, -0.38599358, -0.3664348 ,  0.32231404, -0.17891042,
        0.2713036 , -0.21055047, -0.43453795, -0.10817808, -0.33139202,
        0.37560699, -0.34582424, -0.25886495,  0.30130685, -0.48627618,
        0.35565251,  0.1187949 , -0.05470427,  0.14152391, -0.43735476,
       -0.12425655, -0.42105107,  0.2013424 , -0.37483571, -0.1838892 ,
       -0.18990172,  0.27304144,  0.32285125, -0.42551059,  0.42346475,
       -0.19633514,  0.08676583, -0.38892697, -0.21379762,  0.12727412,
        0.34441072, -0.19802214, -0.36017061, -0.36226568, -0.14106116,
       -0.05667709, -0.31653767, -0.13506767, -0.16758104]) 

Generation: 94 
 - Generation Avg Fit: 15.184377023864895 
 - Best Fitness: 60.26346200992289 
 - Worst Fitness: 0.0
 - Best Solution: array([-0.17032087, -0.16299872, -0.19606218, -0.42870651, -0.2272908 ,
       -0.16898693, -0.32548772,  0.06984377, -0.44403159,  0.49697923,
       -0.20771711, -0.0209956 , -0.39753709,  0.28296772, -0.39452079,
        0.20484968, -0.28115589,  0.2543217 , -0.35363834,  0.26846206,
        0.28575731, -0.38599358, -0.3664348 ,  0.32231404, -0.17891042,
        0.2713036 , -0.21055047, -0.43453795, -0.10817808, -0.33139202,
        0.37560699, -0.34582424, -0.25886495,  0.30130685, -0.48627618,
        0.35565251,  0.1187949 , -0.05470427,  0.14152391, -0.43735476,
       -0.12425655, -0.42105107,  0.2013424 , -0.37483571, -0.1838892 ,
       -0.18990172,  0.27304144,  0.32285125, -0.42551059,  0.42346475,
       -0.19633514,  0.08676583, -0.38892697, -0.21379762,  0.12727412,
        0.34441072, -0.19802214, -0.36017061, -0.36226568, -0.14106116,
       -0.05667709, -0.31653767, -0.13506767, -0.16758104]) 

Generation: 95 
 - Generation Avg Fit: 15.404636479201061 
 - Best Fitness: 60.26346200992289 
 - Worst Fitness: 0.0
 - Best Solution: array([-0.17032087, -0.16299872, -0.19606218, -0.42870651, -0.2272908 ,
       -0.16898693, -0.32548772,  0.06984377, -0.44403159,  0.49697923,
       -0.20771711, -0.0209956 , -0.39753709,  0.28296772, -0.39452079,
        0.20484968, -0.28115589,  0.2543217 , -0.35363834,  0.26846206,
        0.28575731, -0.38599358, -0.3664348 ,  0.32231404, -0.17891042,
        0.2713036 , -0.21055047, -0.43453795, -0.10817808, -0.33139202,
        0.37560699, -0.34582424, -0.25886495,  0.30130685, -0.48627618,
        0.35565251,  0.1187949 , -0.05470427,  0.14152391, -0.43735476,
       -0.12425655, -0.42105107,  0.2013424 , -0.37483571, -0.1838892 ,
       -0.18990172,  0.27304144,  0.32285125, -0.42551059,  0.42346475,
       -0.19633514,  0.08676583, -0.38892697, -0.21379762,  0.12727412,
        0.34441072, -0.19802214, -0.36017061, -0.36226568, -0.14106116,
       -0.05667709, -0.31653767, -0.13506767, -0.16758104]) 

Generation: 96 
 - Generation Avg Fit: 15.84606814248279 
 - Best Fitness: 60.26346200992289 
 - Worst Fitness: 0.0
 - Best Solution: array([-0.17032087, -0.16299872, -0.19606218, -0.42870651, -0.2272908 ,
       -0.16898693, -0.32548772,  0.06984377, -0.44403159,  0.49697923,
       -0.20771711, -0.0209956 , -0.39753709,  0.28296772, -0.39452079,
        0.20484968, -0.28115589,  0.2543217 , -0.35363834,  0.26846206,
        0.28575731, -0.38599358, -0.3664348 ,  0.32231404, -0.17891042,
        0.2713036 , -0.21055047, -0.43453795, -0.10817808, -0.33139202,
        0.37560699, -0.34582424, -0.25886495,  0.30130685, -0.48627618,
        0.35565251,  0.1187949 , -0.05470427,  0.14152391, -0.43735476,
       -0.12425655, -0.42105107,  0.2013424 , -0.37483571, -0.1838892 ,
       -0.18990172,  0.27304144,  0.32285125, -0.42551059,  0.42346475,
       -0.19633514,  0.08676583, -0.38892697, -0.21379762,  0.12727412,
        0.34441072, -0.19802214, -0.36017061, -0.36226568, -0.14106116,
       -0.05667709, -0.31653767, -0.13506767, -0.16758104]) 

Generation: 97 
 - Generation Avg Fit: 15.628728327623582 
 - Best Fitness: 60.26346200992289 
 - Worst Fitness: 0.0
 - Best Solution: array([-0.17032087, -0.16299872, -0.19606218, -0.42870651, -0.2272908 ,
       -0.16898693, -0.32548772,  0.06984377, -0.44403159,  0.49697923,
       -0.20771711, -0.0209956 , -0.39753709,  0.28296772, -0.39452079,
        0.20484968, -0.28115589,  0.2543217 , -0.35363834,  0.26846206,
        0.28575731, -0.38599358, -0.3664348 ,  0.32231404, -0.17891042,
        0.2713036 , -0.21055047, -0.43453795, -0.10817808, -0.33139202,
        0.37560699, -0.34582424, -0.25886495,  0.30130685, -0.48627618,
        0.35565251,  0.1187949 , -0.05470427,  0.14152391, -0.43735476,
       -0.12425655, -0.42105107,  0.2013424 , -0.37483571, -0.1838892 ,
       -0.18990172,  0.27304144,  0.32285125, -0.42551059,  0.42346475,
       -0.19633514,  0.08676583, -0.38892697, -0.21379762,  0.12727412,
        0.34441072, -0.19802214, -0.36017061, -0.36226568, -0.14106116,
       -0.05667709, -0.31653767, -0.13506767, -0.16758104]) 

Generation: 98 
 - Generation Avg Fit: 15.430495759233986 
 - Best Fitness: 60.26346200992289 
 - Worst Fitness: 0.0
 - Best Solution: array([-0.17032087, -0.16299872, -0.19606218, -0.42870651, -0.2272908 ,
       -0.16898693, -0.32548772,  0.06984377, -0.44403159,  0.49697923,
       -0.20771711, -0.0209956 , -0.39753709,  0.28296772, -0.39452079,
        0.20484968, -0.28115589,  0.2543217 , -0.35363834,  0.26846206,
        0.28575731, -0.38599358, -0.3664348 ,  0.32231404, -0.17891042,
        0.2713036 , -0.21055047, -0.43453795, -0.10817808, -0.33139202,
        0.37560699, -0.34582424, -0.25886495,  0.30130685, -0.48627618,
        0.35565251,  0.1187949 , -0.05470427,  0.14152391, -0.43735476,
       -0.12425655, -0.42105107,  0.2013424 , -0.37483571, -0.1838892 ,
       -0.18990172,  0.27304144,  0.32285125, -0.42551059,  0.42346475,
       -0.19633514,  0.08676583, -0.38892697, -0.21379762,  0.12727412,
        0.34441072, -0.19802214, -0.36017061, -0.36226568, -0.14106116,
       -0.05667709, -0.31653767, -0.13506767, -0.16758104]) 

Generation: 99 
 - Generation Avg Fit: 15.155335719811987 
 - Best Fitness: 60.26346200992289 
 - Worst Fitness: 0.0
 - Best Solution: array([-0.17032087, -0.16299872, -0.19606218, -0.42870651, -0.2272908 ,
       -0.16898693, -0.32548772,  0.06984377, -0.44403159,  0.49697923,
       -0.20771711, -0.0209956 , -0.39753709,  0.28296772, -0.39452079,
        0.20484968, -0.28115589,  0.2543217 , -0.35363834,  0.26846206,
        0.28575731, -0.38599358, -0.3664348 ,  0.32231404, -0.17891042,
        0.2713036 , -0.21055047, -0.43453795, -0.10817808, -0.33139202,
        0.37560699, -0.34582424, -0.25886495,  0.30130685, -0.48627618,
        0.35565251,  0.1187949 , -0.05470427,  0.14152391, -0.43735476,
       -0.12425655, -0.42105107,  0.2013424 , -0.37483571, -0.1838892 ,
       -0.18990172,  0.27304144,  0.32285125, -0.42551059,  0.42346475,
       -0.19633514,  0.08676583, -0.38892697, -0.21379762,  0.12727412,
        0.34441072, -0.19802214, -0.36017061, -0.36226568, -0.14106116,
       -0.05667709, -0.31653767, -0.13506767, -0.16758104]) 

Generation: 100 
 - Generation Avg Fit: 15.289597113108327 
 - Best Fitness: 60.26346200992289 
 - Worst Fitness: 0.0
 - Best Solution: array([-0.17032087, -0.16299872, -0.19606218, -0.42870651, -0.2272908 ,
       -0.16898693, -0.32548772,  0.06984377, -0.44403159,  0.49697923,
       -0.20771711, -0.0209956 , -0.39753709,  0.28296772, -0.39452079,
        0.20484968, -0.28115589,  0.2543217 , -0.35363834,  0.26846206,
        0.28575731, -0.38599358, -0.3664348 ,  0.32231404, -0.17891042,
        0.2713036 , -0.21055047, -0.43453795, -0.10817808, -0.33139202,
        0.37560699, -0.34582424, -0.25886495,  0.30130685, -0.48627618,
        0.35565251,  0.1187949 , -0.05470427,  0.14152391, -0.43735476,
       -0.12425655, -0.42105107,  0.2013424 , -0.37483571, -0.1838892 ,
       -0.18990172,  0.27304144,  0.32285125, -0.42551059,  0.42346475,
       -0.19633514,  0.08676583, -0.38892697, -0.21379762,  0.12727412,
        0.34441072, -0.19802214, -0.36017061, -0.36226568, -0.14106116,
       -0.05667709, -0.31653767, -0.13506767, -0.16758104]) 
