
-------------------------------------------------------------------------------------------------------
                                --- Method Parameters ---                                            
-------------------------------------------------------------------------------------------------------

method: PyGAD, entity: hydrostat_reservoir, volume: 0.03, sim_duration: 100, dt: 0.05, 
fitness_func: pygad_fitness, pop_size: 200, gen_size: 100, weight_search: 0.5, 

-------------------------------------------------------------------------------------------------------
                                --- Pygad  Parameters ---                                            
-------------------------------------------------------------------------------------------------------

parent_selection_type: rank, parents mating: 100, keep parents: 100, crossover type: uniform, 
mutation type: random, mutation prob: 0.5, mutation_max_val: 0.01, mutation_min_val: -0.01, 

=======================================================================================================


Generation: 1 
 - Generation Avg Fit: 2.0630994691969122 
 - Best Fitness: 23.614476523072984 
 - Worst Fitness: 0.0
 - Best Solution: array([ 0.28184438, -0.33229179, -0.21770151, -0.3469173 , -0.11696287,
        0.43543697, -0.41308548,  0.29874942,  0.2931108 , -0.05381639,
        0.00736597, -0.05677269, -0.29535357, -0.30080107, -0.28243854,
        0.47173083, -0.19561728, -0.01722691, -0.0953024 ,  0.28631286,
       -0.30535205, -0.31650322, -0.19565846, -0.28432605, -0.38408799,
        0.06375308, -0.42642598,  0.30416568,  0.21439198, -0.13766918,
       -0.48478534,  0.32614877,  0.25889166, -0.36399115,  0.03658547,
        0.1430775 , -0.26411583,  0.26730057,  0.20309966, -0.36327854,
        0.29243334,  0.08035961, -0.25309351, -0.23025958, -0.36863178,
       -0.26927673, -0.01520298,  0.10255233, -0.31821041,  0.18516004,
        0.46262511,  0.23953279,  0.13003302,  0.30767768,  0.31240815,
       -0.16969867, -0.2288383 , -0.09319169, -0.24019537, -0.12047143,
       -0.38089637, -0.28464641, -0.47852613, -0.38118757]) 

Generation: 2 
 - Generation Avg Fit: 2.5220020637861067 
 - Best Fitness: 23.614476523072984 
 - Worst Fitness: 0.0
 - Best Solution: array([-0.44115811,  0.03882847, -0.39919027,  0.44840586,  0.49071348,
       -0.31401299, -0.12855853, -0.48494809,  0.12275159, -0.27327189,
       -0.43816305,  0.33924019, -0.15429302, -0.04673732, -0.42747473,
       -0.22730535, -0.17588082, -0.13600159, -0.27716929,  0.14008915,
        0.13542312,  0.18030972,  0.17922647,  0.08913905,  0.02382462,
       -0.36716759, -0.17218   ,  0.32781037, -0.38609714,  0.05400914,
        0.36805159, -0.24985934, -0.4228842 , -0.19567826,  0.21302493,
       -0.12791148,  0.11461754, -0.49012526, -0.13782617, -0.30884028,
        0.10317825, -0.43995372,  0.21640667,  0.35324339, -0.1014284 ,
       -0.44159642,  0.4690396 , -0.24580033,  0.39340972,  0.21422577,
        0.00409654, -0.47912633, -0.00121911, -0.45030167, -0.36465275,
        0.07714311, -0.30167785, -0.06080286,  0.05478039,  0.37835653,
       -0.28586885,  0.19515577, -0.01171123,  0.27428243]) 

Generation: 3 
 - Generation Avg Fit: 3.109861933636881 
 - Best Fitness: 23.614476523072984 
 - Worst Fitness: 0.0
 - Best Solution: array([ 0.28184438, -0.33229179, -0.21770151, -0.3469173 , -0.11696287,
        0.43543697, -0.41308548,  0.29874942,  0.2931108 , -0.05381639,
        0.00736597, -0.05677269, -0.29535357, -0.30080107, -0.28243854,
        0.47173083, -0.19561728, -0.01722691, -0.0953024 ,  0.28631286,
       -0.30535205, -0.31650322, -0.19565846, -0.28432605, -0.38408799,
        0.06375308, -0.42642598,  0.30416568,  0.21439198, -0.13766918,
       -0.48478534,  0.32614877,  0.25889166, -0.36399115,  0.03658547,
        0.1430775 , -0.26411583,  0.26730057,  0.20309966, -0.36327854,
        0.29243334,  0.08035961, -0.25309351, -0.23025958, -0.36863178,
       -0.26927673, -0.01520298,  0.10255233, -0.31821041,  0.18516004,
        0.46262511,  0.23953279,  0.13003302,  0.30767768,  0.31240815,
       -0.16969867, -0.2288383 , -0.09319169, -0.24019537, -0.12047143,
       -0.38089637, -0.28464641, -0.47852613, -0.38118757]) 

Generation: 4 
 - Generation Avg Fit: 3.660310736546967 
 - Best Fitness: 23.614476523072984 
 - Worst Fitness: 0.0
 - Best Solution: array([ 0.28184438, -0.33229179, -0.21770151, -0.3469173 , -0.11696287,
        0.43543697, -0.41308548,  0.29874942,  0.2931108 , -0.05381639,
        0.00736597, -0.05677269, -0.29535357, -0.30080107, -0.28243854,
        0.47173083, -0.19561728, -0.01722691, -0.0953024 ,  0.28631286,
       -0.30535205, -0.31650322, -0.19565846, -0.28432605, -0.38408799,
        0.06375308, -0.42642598,  0.30416568,  0.21439198, -0.13766918,
       -0.48478534,  0.32614877,  0.25889166, -0.36399115,  0.03658547,
        0.1430775 , -0.26411583,  0.26730057,  0.20309966, -0.36327854,
        0.29243334,  0.08035961, -0.25309351, -0.23025958, -0.36863178,
       -0.26927673, -0.01520298,  0.10255233, -0.31821041,  0.18516004,
        0.46262511,  0.23953279,  0.13003302,  0.30767768,  0.31240815,
       -0.16969867, -0.2288383 , -0.09319169, -0.24019537, -0.12047143,
       -0.38089637, -0.28464641, -0.47852613, -0.38118757]) 

Generation: 5 
 - Generation Avg Fit: 3.981689383133696 
 - Best Fitness: 26.804115457161913 
 - Worst Fitness: 0.0
 - Best Solution: array([-0.25066318, -0.32679587, -0.33180646, -0.03924223, -0.05156927,
        0.12967917,  0.27019   , -0.25075581, -0.31586476, -0.17044788,
        0.13879257, -0.37896148, -0.16560019,  0.02091098, -0.10771635,
        0.38771037, -0.25178281, -0.45644718, -0.16332941, -0.09686784,
        0.10838833,  0.23302806, -0.14386936, -0.3957771 , -0.23037957,
       -0.23484006,  0.49524257,  0.2856214 , -0.02376671,  0.40293127,
       -0.05953782, -0.39731126,  0.37530316, -0.30889323, -0.17993503,
        0.01318955, -0.45478655,  0.00943727, -0.06405789,  0.44418382,
       -0.43251831, -0.12715749,  0.34471989, -0.0563767 ,  0.03928809,
        0.29506429,  0.19348834, -0.14700883,  0.17520313, -0.32627584,
        0.46193619, -0.38555763,  0.36213703, -0.4344518 , -0.04305737,
       -0.25994488, -0.23427493, -0.36797165, -0.33035475,  0.39171097,
       -0.25236755,  0.49032649, -0.21104497,  0.09589565]) 

Generation: 6 
 - Generation Avg Fit: 4.241839606872706 
 - Best Fitness: 26.804115457161913 
 - Worst Fitness: 0.0
 - Best Solution: array([ 0.28184438, -0.33229179, -0.21770151, -0.3469173 , -0.11696287,
        0.43543697, -0.41308548,  0.29874942,  0.2931108 , -0.05381639,
        0.00736597, -0.05677269, -0.29535357, -0.30080107, -0.28243854,
        0.47173083, -0.19561728, -0.01722691, -0.0953024 ,  0.28631286,
       -0.30535205, -0.31650322, -0.19565846, -0.28432605, -0.38408799,
        0.06375308, -0.42642598,  0.30416568,  0.21439198, -0.13766918,
       -0.48478534,  0.32614877,  0.25889166, -0.36399115,  0.03658547,
        0.1430775 , -0.26411583,  0.26730057,  0.20309966, -0.36327854,
        0.29243334,  0.08035961, -0.25309351, -0.23025958, -0.36863178,
       -0.26927673, -0.01520298,  0.10255233, -0.31821041,  0.18516004,
        0.46262511,  0.23953279,  0.13003302,  0.30767768,  0.31240815,
       -0.16969867, -0.2288383 , -0.09319169, -0.24019537, -0.12047143,
       -0.38089637, -0.28464641, -0.47852613, -0.38118757]) 

Generation: 7 
 - Generation Avg Fit: 4.696880445271033 
 - Best Fitness: 26.804115457161913 
 - Worst Fitness: 0.0
 - Best Solution: array([ 0.39190835,  0.41838545, -0.24247751,  0.21488858,  0.35753222,
       -0.10165256,  0.39685975, -0.46871405,  0.01133708,  0.24368074,
       -0.14842396, -0.02716169,  0.36464633, -0.21723521, -0.23013683,
       -0.10545744, -0.3511117 ,  0.10598615, -0.46942383, -0.46638897,
       -0.01484228, -0.2263155 ,  0.07988234,  0.19836195,  0.14739199,
       -0.40978931,  0.09777125, -0.25962258, -0.20245207, -0.14593218,
        0.04117198,  0.05248108,  0.01404282,  0.14386528, -0.23649882,
        0.24771954,  0.25634496, -0.33029729,  0.41173585,  0.15432085,
       -0.11266577, -0.075437  , -0.45396013,  0.30964567, -0.33384363,
       -0.08888425, -0.46328088, -0.10492684, -0.28194006,  0.35400146,
       -0.26139319,  0.42030471, -0.46009222,  0.00142147,  0.43145412,
       -0.30991623,  0.26871642, -0.06725846, -0.22747847, -0.22214264,
       -0.36254853,  0.24582129, -0.41997556, -0.3214944 ]) 

Generation: 8 
 - Generation Avg Fit: 4.885945239185994 
 - Best Fitness: 26.804115457161913 
 - Worst Fitness: 0.0
 - Best Solution: array([ 0.39190835,  0.41838545, -0.24247751,  0.21488858,  0.35753222,
       -0.10165256,  0.39685975, -0.46871405,  0.01133708,  0.24368074,
       -0.14842396, -0.02716169,  0.36464633, -0.21723521, -0.23013683,
       -0.10545744, -0.3511117 ,  0.10598615, -0.46942383, -0.46638897,
       -0.01484228, -0.2263155 ,  0.07988234,  0.19836195,  0.14739199,
       -0.40978931,  0.09777125, -0.25962258, -0.20245207, -0.14593218,
        0.04117198,  0.05248108,  0.01404282,  0.14386528, -0.23649882,
        0.24771954,  0.25634496, -0.33029729,  0.41173585,  0.15432085,
       -0.11266577, -0.075437  , -0.45396013,  0.30964567, -0.33384363,
       -0.08888425, -0.46328088, -0.10492684, -0.28194006,  0.35400146,
       -0.26139319,  0.42030471, -0.46009222,  0.00142147,  0.43145412,
       -0.30991623,  0.26871642, -0.06725846, -0.22747847, -0.22214264,
       -0.36254853,  0.24582129, -0.41997556, -0.3214944 ]) 

Generation: 9 
 - Generation Avg Fit: 5.166967637548612 
 - Best Fitness: 26.804115457161913 
 - Worst Fitness: 0.0
 - Best Solution: array([ 0.39190835,  0.41838545, -0.24247751,  0.21488858,  0.35753222,
       -0.10165256,  0.39685975, -0.46871405,  0.01133708,  0.24368074,
       -0.14842396, -0.02716169,  0.36464633, -0.21723521, -0.23013683,
       -0.10545744, -0.3511117 ,  0.10598615, -0.46942383, -0.46638897,
       -0.01484228, -0.2263155 ,  0.07988234,  0.19836195,  0.14739199,
       -0.40978931,  0.09777125, -0.25962258, -0.20245207, -0.14593218,
        0.04117198,  0.05248108,  0.01404282,  0.14386528, -0.23649882,
        0.24771954,  0.25634496, -0.33029729,  0.41173585,  0.15432085,
       -0.11266577, -0.075437  , -0.45396013,  0.30964567, -0.33384363,
       -0.08888425, -0.46328088, -0.10492684, -0.28194006,  0.35400146,
       -0.26139319,  0.42030471, -0.46009222,  0.00142147,  0.43145412,
       -0.30991623,  0.26871642, -0.06725846, -0.22747847, -0.22214264,
       -0.36254853,  0.24582129, -0.41997556, -0.3214944 ]) 

Generation: 10 
 - Generation Avg Fit: 5.590630594916047 
 - Best Fitness: 26.804115457161913 
 - Worst Fitness: 0.0
 - Best Solution: array([ 0.39190835,  0.41838545, -0.24247751,  0.21488858,  0.35753222,
       -0.10165256,  0.39685975, -0.46871405,  0.01133708,  0.24368074,
       -0.14842396, -0.02716169,  0.36464633, -0.21723521, -0.23013683,
       -0.10545744, -0.3511117 ,  0.10598615, -0.46942383, -0.46638897,
       -0.01484228, -0.2263155 ,  0.07988234,  0.19836195,  0.14739199,
       -0.40978931,  0.09777125, -0.25962258, -0.20245207, -0.14593218,
        0.04117198,  0.05248108,  0.01404282,  0.14386528, -0.23649882,
        0.24771954,  0.25634496, -0.33029729,  0.41173585,  0.15432085,
       -0.11266577, -0.075437  , -0.45396013,  0.30964567, -0.33384363,
       -0.08888425, -0.46328088, -0.10492684, -0.28194006,  0.35400146,
       -0.26139319,  0.42030471, -0.46009222,  0.00142147,  0.43145412,
       -0.30991623,  0.26871642, -0.06725846, -0.22747847, -0.22214264,
       -0.36254853,  0.24582129, -0.41997556, -0.3214944 ]) 

Generation: 11 
 - Generation Avg Fit: 5.6387598745584 
 - Best Fitness: 26.804115457161913 
 - Worst Fitness: 0.0
 - Best Solution: array([ 0.39190835,  0.41838545, -0.24247751,  0.21488858,  0.35753222,
       -0.10165256,  0.39685975, -0.46871405,  0.01133708,  0.24368074,
       -0.14842396, -0.02716169,  0.36464633, -0.21723521, -0.23013683,
       -0.10545744, -0.3511117 ,  0.10598615, -0.46942383, -0.46638897,
       -0.01484228, -0.2263155 ,  0.07988234,  0.19836195,  0.14739199,
       -0.40978931,  0.09777125, -0.25962258, -0.20245207, -0.14593218,
        0.04117198,  0.05248108,  0.01404282,  0.14386528, -0.23649882,
        0.24771954,  0.25634496, -0.33029729,  0.41173585,  0.15432085,
       -0.11266577, -0.075437  , -0.45396013,  0.30964567, -0.33384363,
       -0.08888425, -0.46328088, -0.10492684, -0.28194006,  0.35400146,
       -0.26139319,  0.42030471, -0.46009222,  0.00142147,  0.43145412,
       -0.30991623,  0.26871642, -0.06725846, -0.22747847, -0.22214264,
       -0.36254853,  0.24582129, -0.41997556, -0.3214944 ]) 

Generation: 12 
 - Generation Avg Fit: 5.826544417396549 
 - Best Fitness: 26.804115457161913 
 - Worst Fitness: 0.0
 - Best Solution: array([ 0.39190835,  0.41838545, -0.24247751,  0.21488858,  0.35753222,
       -0.10165256,  0.39685975, -0.46871405,  0.01133708,  0.24368074,
       -0.14842396, -0.02716169,  0.36464633, -0.21723521, -0.23013683,
       -0.10545744, -0.3511117 ,  0.10598615, -0.46942383, -0.46638897,
       -0.01484228, -0.2263155 ,  0.07988234,  0.19836195,  0.14739199,
       -0.40978931,  0.09777125, -0.25962258, -0.20245207, -0.14593218,
        0.04117198,  0.05248108,  0.01404282,  0.14386528, -0.23649882,
        0.24771954,  0.25634496, -0.33029729,  0.41173585,  0.15432085,
       -0.11266577, -0.075437  , -0.45396013,  0.30964567, -0.33384363,
       -0.08888425, -0.46328088, -0.10492684, -0.28194006,  0.35400146,
       -0.26139319,  0.42030471, -0.46009222,  0.00142147,  0.43145412,
       -0.30991623,  0.26871642, -0.06725846, -0.22747847, -0.22214264,
       -0.36254853,  0.24582129, -0.41997556, -0.3214944 ]) 

Generation: 13 
 - Generation Avg Fit: 5.993147076891115 
 - Best Fitness: 26.804115457161913 
 - Worst Fitness: 0.0
 - Best Solution: array([ 0.39190835,  0.41838545, -0.24247751,  0.21488858,  0.35753222,
       -0.10165256,  0.39685975, -0.46871405,  0.01133708,  0.24368074,
       -0.14842396, -0.02716169,  0.36464633, -0.21723521, -0.23013683,
       -0.10545744, -0.3511117 ,  0.10598615, -0.46942383, -0.46638897,
       -0.01484228, -0.2263155 ,  0.07988234,  0.19836195,  0.14739199,
       -0.40978931,  0.09777125, -0.25962258, -0.20245207, -0.14593218,
        0.04117198,  0.05248108,  0.01404282,  0.14386528, -0.23649882,
        0.24771954,  0.25634496, -0.33029729,  0.41173585,  0.15432085,
       -0.11266577, -0.075437  , -0.45396013,  0.30964567, -0.33384363,
       -0.08888425, -0.46328088, -0.10492684, -0.28194006,  0.35400146,
       -0.26139319,  0.42030471, -0.46009222,  0.00142147,  0.43145412,
       -0.30991623,  0.26871642, -0.06725846, -0.22747847, -0.22214264,
       -0.36254853,  0.24582129, -0.41997556, -0.3214944 ]) 

Generation: 14 
 - Generation Avg Fit: 6.3950523440180005 
 - Best Fitness: 26.804115457161913 
 - Worst Fitness: 0.0
 - Best Solution: array([ 0.39190835,  0.41838545, -0.24247751,  0.21488858,  0.35753222,
       -0.10165256,  0.39685975, -0.46871405,  0.01133708,  0.24368074,
       -0.14842396, -0.02716169,  0.36464633, -0.21723521, -0.23013683,
       -0.10545744, -0.3511117 ,  0.10598615, -0.46942383, -0.46638897,
       -0.01484228, -0.2263155 ,  0.07988234,  0.19836195,  0.14739199,
       -0.40978931,  0.09777125, -0.25962258, -0.20245207, -0.14593218,
        0.04117198,  0.05248108,  0.01404282,  0.14386528, -0.23649882,
        0.24771954,  0.25634496, -0.33029729,  0.41173585,  0.15432085,
       -0.11266577, -0.075437  , -0.45396013,  0.30964567, -0.33384363,
       -0.08888425, -0.46328088, -0.10492684, -0.28194006,  0.35400146,
       -0.26139319,  0.42030471, -0.46009222,  0.00142147,  0.43145412,
       -0.30991623,  0.26871642, -0.06725846, -0.22747847, -0.22214264,
       -0.36254853,  0.24582129, -0.41997556, -0.3214944 ]) 

Generation: 15 
 - Generation Avg Fit: 6.581137613534184 
 - Best Fitness: 32.75379113354576 
 - Worst Fitness: 0.0
 - Best Solution: array([ 0.27165853, -0.12732772,  0.15934157, -0.23624232, -0.40785475,
       -0.4954635 ,  0.21161897, -0.04518822,  0.50893851,  0.28379936,
        0.11021726,  0.15073522, -0.4211705 ,  0.02250335,  0.30236826,
       -0.058871  , -0.182301  ,  0.2215756 , -0.3952767 , -0.41538385,
       -0.28615293, -0.30076205, -0.19951135, -0.14165957,  0.09089068,
       -0.07960731, -0.3833216 ,  0.01152741,  0.30822412,  0.24697024,
       -0.36303383, -0.07597746,  0.02145252, -0.0014424 , -0.2843186 ,
       -0.31068043,  0.10389714,  0.27181779, -0.06730397,  0.44176454,
       -0.12842813, -0.14822192, -0.06030806, -0.07703363, -0.34314448,
       -0.10641212, -0.11929109,  0.15527218, -0.10808752,  0.4653939 ,
       -0.18558742,  0.31308654,  0.12363524,  0.07305168,  0.03358689,
        0.00989352,  0.17259895, -0.04139367, -0.44865282, -0.15998112,
       -0.45790819,  0.19693907,  0.20995329,  0.17048164]) 

Generation: 16 
 - Generation Avg Fit: 6.752498746356945 
 - Best Fitness: 32.75379113354576 
 - Worst Fitness: 0.0
 - Best Solution: array([ 0.39190835,  0.41838545, -0.24247751,  0.21488858,  0.35753222,
       -0.10165256,  0.39685975, -0.46871405,  0.01133708,  0.24368074,
       -0.14842396, -0.02716169,  0.36464633, -0.21723521, -0.23013683,
       -0.10545744, -0.3511117 ,  0.10598615, -0.46942383, -0.46638897,
       -0.01484228, -0.2263155 ,  0.07988234,  0.19836195,  0.14739199,
       -0.40978931,  0.09777125, -0.25962258, -0.20245207, -0.14593218,
        0.04117198,  0.05248108,  0.01404282,  0.14386528, -0.23649882,
        0.24771954,  0.25634496, -0.33029729,  0.41173585,  0.15432085,
       -0.11266577, -0.075437  , -0.45396013,  0.30964567, -0.33384363,
       -0.08888425, -0.46328088, -0.10492684, -0.28194006,  0.35400146,
       -0.26139319,  0.42030471, -0.46009222,  0.00142147,  0.43145412,
       -0.30991623,  0.26871642, -0.06725846, -0.22747847, -0.22214264,
       -0.36254853,  0.24582129, -0.41997556, -0.3214944 ]) 

Generation: 17 
 - Generation Avg Fit: 6.70857387880345 
 - Best Fitness: 32.75379113354576 
 - Worst Fitness: 0.0
 - Best Solution: array([ 0.27165853, -0.12732772,  0.15934157, -0.23624232, -0.40785475,
       -0.4954635 ,  0.21161897, -0.04518822,  0.50893851,  0.28379936,
        0.11021726,  0.15073522, -0.4211705 ,  0.02250335,  0.30236826,
       -0.058871  , -0.182301  ,  0.2215756 , -0.3952767 , -0.41538385,
       -0.28615293, -0.30076205, -0.19951135, -0.14165957,  0.09089068,
       -0.07960731, -0.3833216 ,  0.01152741,  0.30822412,  0.24697024,
       -0.36303383, -0.07597746,  0.02145252, -0.0014424 , -0.2843186 ,
       -0.31068043,  0.10389714,  0.27181779, -0.06730397,  0.44176454,
       -0.12842813, -0.14822192, -0.06030806, -0.07703363, -0.34314448,
       -0.10641212, -0.11929109,  0.15527218, -0.10808752,  0.4653939 ,
       -0.18558742,  0.31308654,  0.12363524,  0.07305168,  0.03358689,
        0.00989352,  0.17259895, -0.04139367, -0.44865282, -0.15998112,
       -0.45790819,  0.19693907,  0.20995329,  0.17048164]) 

Generation: 18 
 - Generation Avg Fit: 7.1241406024885165 
 - Best Fitness: 32.75379113354576 
 - Worst Fitness: 0.0
 - Best Solution: array([ 0.27165853, -0.12732772,  0.15934157, -0.23624232, -0.40785475,
       -0.4954635 ,  0.21161897, -0.04518822,  0.50893851,  0.28379936,
        0.11021726,  0.15073522, -0.4211705 ,  0.02250335,  0.30236826,
       -0.058871  , -0.182301  ,  0.2215756 , -0.3952767 , -0.41538385,
       -0.28615293, -0.30076205, -0.19951135, -0.14165957,  0.09089068,
       -0.07960731, -0.3833216 ,  0.01152741,  0.30822412,  0.24697024,
       -0.36303383, -0.07597746,  0.02145252, -0.0014424 , -0.2843186 ,
       -0.31068043,  0.10389714,  0.27181779, -0.06730397,  0.44176454,
       -0.12842813, -0.14822192, -0.06030806, -0.07703363, -0.34314448,
       -0.10641212, -0.11929109,  0.15527218, -0.10808752,  0.4653939 ,
       -0.18558742,  0.31308654,  0.12363524,  0.07305168,  0.03358689,
        0.00989352,  0.17259895, -0.04139367, -0.44865282, -0.15998112,
       -0.45790819,  0.19693907,  0.20995329,  0.17048164]) 

Generation: 19 
 - Generation Avg Fit: 7.236187382642914 
 - Best Fitness: 32.75379113354576 
 - Worst Fitness: 0.0
 - Best Solution: array([ 0.27165853, -0.12732772,  0.15934157, -0.23624232, -0.40785475,
       -0.4954635 ,  0.21161897, -0.04518822,  0.50893851,  0.28379936,
        0.11021726,  0.15073522, -0.4211705 ,  0.02250335,  0.30236826,
       -0.058871  , -0.182301  ,  0.2215756 , -0.3952767 , -0.41538385,
       -0.28615293, -0.30076205, -0.19951135, -0.14165957,  0.09089068,
       -0.07960731, -0.3833216 ,  0.01152741,  0.30822412,  0.24697024,
       -0.36303383, -0.07597746,  0.02145252, -0.0014424 , -0.2843186 ,
       -0.31068043,  0.10389714,  0.27181779, -0.06730397,  0.44176454,
       -0.12842813, -0.14822192, -0.06030806, -0.07703363, -0.34314448,
       -0.10641212, -0.11929109,  0.15527218, -0.10808752,  0.4653939 ,
       -0.18558742,  0.31308654,  0.12363524,  0.07305168,  0.03358689,
        0.00989352,  0.17259895, -0.04139367, -0.44865282, -0.15998112,
       -0.45790819,  0.19693907,  0.20995329,  0.17048164]) 

Generation: 20 
 - Generation Avg Fit: 7.207575760338213 
 - Best Fitness: 32.75379113354576 
 - Worst Fitness: 0.0
 - Best Solution: array([ 0.27165853, -0.12732772,  0.15934157, -0.23624232, -0.40785475,
       -0.4954635 ,  0.21161897, -0.04518822,  0.50893851,  0.28379936,
        0.11021726,  0.15073522, -0.4211705 ,  0.02250335,  0.30236826,
       -0.058871  , -0.182301  ,  0.2215756 , -0.3952767 , -0.41538385,
       -0.28615293, -0.30076205, -0.19951135, -0.14165957,  0.09089068,
       -0.07960731, -0.3833216 ,  0.01152741,  0.30822412,  0.24697024,
       -0.36303383, -0.07597746,  0.02145252, -0.0014424 , -0.2843186 ,
       -0.31068043,  0.10389714,  0.27181779, -0.06730397,  0.44176454,
       -0.12842813, -0.14822192, -0.06030806, -0.07703363, -0.34314448,
       -0.10641212, -0.11929109,  0.15527218, -0.10808752,  0.4653939 ,
       -0.18558742,  0.31308654,  0.12363524,  0.07305168,  0.03358689,
        0.00989352,  0.17259895, -0.04139367, -0.44865282, -0.15998112,
       -0.45790819,  0.19693907,  0.20995329,  0.17048164]) 

Generation: 21 
 - Generation Avg Fit: 7.764706625021114 
 - Best Fitness: 32.75379113354576 
 - Worst Fitness: 0.0
 - Best Solution: array([ 0.27165853, -0.12732772,  0.15934157, -0.23624232, -0.40785475,
       -0.4954635 ,  0.21161897, -0.04518822,  0.50893851,  0.28379936,
        0.11021726,  0.15073522, -0.4211705 ,  0.02250335,  0.30236826,
       -0.058871  , -0.182301  ,  0.2215756 , -0.3952767 , -0.41538385,
       -0.28615293, -0.30076205, -0.19951135, -0.14165957,  0.09089068,
       -0.07960731, -0.3833216 ,  0.01152741,  0.30822412,  0.24697024,
       -0.36303383, -0.07597746,  0.02145252, -0.0014424 , -0.2843186 ,
       -0.31068043,  0.10389714,  0.27181779, -0.06730397,  0.44176454,
       -0.12842813, -0.14822192, -0.06030806, -0.07703363, -0.34314448,
       -0.10641212, -0.11929109,  0.15527218, -0.10808752,  0.4653939 ,
       -0.18558742,  0.31308654,  0.12363524,  0.07305168,  0.03358689,
        0.00989352,  0.17259895, -0.04139367, -0.44865282, -0.15998112,
       -0.45790819,  0.19693907,  0.20995329,  0.17048164]) 

Generation: 22 
 - Generation Avg Fit: 7.36369577427303 
 - Best Fitness: 32.75379113354576 
 - Worst Fitness: 0.0
 - Best Solution: array([ 0.27165853, -0.12732772,  0.15934157, -0.23624232, -0.40785475,
       -0.4954635 ,  0.21161897, -0.04518822,  0.50893851,  0.28379936,
        0.11021726,  0.15073522, -0.4211705 ,  0.02250335,  0.30236826,
       -0.058871  , -0.182301  ,  0.2215756 , -0.3952767 , -0.41538385,
       -0.28615293, -0.30076205, -0.19951135, -0.14165957,  0.09089068,
       -0.07960731, -0.3833216 ,  0.01152741,  0.30822412,  0.24697024,
       -0.36303383, -0.07597746,  0.02145252, -0.0014424 , -0.2843186 ,
       -0.31068043,  0.10389714,  0.27181779, -0.06730397,  0.44176454,
       -0.12842813, -0.14822192, -0.06030806, -0.07703363, -0.34314448,
       -0.10641212, -0.11929109,  0.15527218, -0.10808752,  0.4653939 ,
       -0.18558742,  0.31308654,  0.12363524,  0.07305168,  0.03358689,
        0.00989352,  0.17259895, -0.04139367, -0.44865282, -0.15998112,
       -0.45790819,  0.19693907,  0.20995329,  0.17048164]) 

Generation: 23 
 - Generation Avg Fit: 7.516629533990095 
 - Best Fitness: 32.75379113354576 
 - Worst Fitness: 0.0
 - Best Solution: array([ 0.27165853, -0.12732772,  0.15934157, -0.23624232, -0.40785475,
       -0.4954635 ,  0.21161897, -0.04518822,  0.50893851,  0.28379936,
        0.11021726,  0.15073522, -0.4211705 ,  0.02250335,  0.30236826,
       -0.058871  , -0.182301  ,  0.2215756 , -0.3952767 , -0.41538385,
       -0.28615293, -0.30076205, -0.19951135, -0.14165957,  0.09089068,
       -0.07960731, -0.3833216 ,  0.01152741,  0.30822412,  0.24697024,
       -0.36303383, -0.07597746,  0.02145252, -0.0014424 , -0.2843186 ,
       -0.31068043,  0.10389714,  0.27181779, -0.06730397,  0.44176454,
       -0.12842813, -0.14822192, -0.06030806, -0.07703363, -0.34314448,
       -0.10641212, -0.11929109,  0.15527218, -0.10808752,  0.4653939 ,
       -0.18558742,  0.31308654,  0.12363524,  0.07305168,  0.03358689,
        0.00989352,  0.17259895, -0.04139367, -0.44865282, -0.15998112,
       -0.45790819,  0.19693907,  0.20995329,  0.17048164]) 

Generation: 24 
 - Generation Avg Fit: 7.7289272776480065 
 - Best Fitness: 32.75379113354576 
 - Worst Fitness: 0.0
 - Best Solution: array([ 0.27165853, -0.12732772,  0.15934157, -0.23624232, -0.40785475,
       -0.4954635 ,  0.21161897, -0.04518822,  0.50893851,  0.28379936,
        0.11021726,  0.15073522, -0.4211705 ,  0.02250335,  0.30236826,
       -0.058871  , -0.182301  ,  0.2215756 , -0.3952767 , -0.41538385,
       -0.28615293, -0.30076205, -0.19951135, -0.14165957,  0.09089068,
       -0.07960731, -0.3833216 ,  0.01152741,  0.30822412,  0.24697024,
       -0.36303383, -0.07597746,  0.02145252, -0.0014424 , -0.2843186 ,
       -0.31068043,  0.10389714,  0.27181779, -0.06730397,  0.44176454,
       -0.12842813, -0.14822192, -0.06030806, -0.07703363, -0.34314448,
       -0.10641212, -0.11929109,  0.15527218, -0.10808752,  0.4653939 ,
       -0.18558742,  0.31308654,  0.12363524,  0.07305168,  0.03358689,
        0.00989352,  0.17259895, -0.04139367, -0.44865282, -0.15998112,
       -0.45790819,  0.19693907,  0.20995329,  0.17048164]) 

Generation: 25 
 - Generation Avg Fit: 7.898469143604176 
 - Best Fitness: 32.75379113354576 
 - Worst Fitness: 0.0
 - Best Solution: array([ 0.27165853, -0.12732772,  0.15934157, -0.23624232, -0.40785475,
       -0.4954635 ,  0.21161897, -0.04518822,  0.50893851,  0.28379936,
        0.11021726,  0.15073522, -0.4211705 ,  0.02250335,  0.30236826,
       -0.058871  , -0.182301  ,  0.2215756 , -0.3952767 , -0.41538385,
       -0.28615293, -0.30076205, -0.19951135, -0.14165957,  0.09089068,
       -0.07960731, -0.3833216 ,  0.01152741,  0.30822412,  0.24697024,
       -0.36303383, -0.07597746,  0.02145252, -0.0014424 , -0.2843186 ,
       -0.31068043,  0.10389714,  0.27181779, -0.06730397,  0.44176454,
       -0.12842813, -0.14822192, -0.06030806, -0.07703363, -0.34314448,
       -0.10641212, -0.11929109,  0.15527218, -0.10808752,  0.4653939 ,
       -0.18558742,  0.31308654,  0.12363524,  0.07305168,  0.03358689,
        0.00989352,  0.17259895, -0.04139367, -0.44865282, -0.15998112,
       -0.45790819,  0.19693907,  0.20995329,  0.17048164]) 

Generation: 26 
 - Generation Avg Fit: 8.20485784229186 
 - Best Fitness: 32.75379113354576 
 - Worst Fitness: 0.0
 - Best Solution: array([ 0.27165853, -0.12732772,  0.15934157, -0.23624232, -0.40785475,
       -0.4954635 ,  0.21161897, -0.04518822,  0.50893851,  0.28379936,
        0.11021726,  0.15073522, -0.4211705 ,  0.02250335,  0.30236826,
       -0.058871  , -0.182301  ,  0.2215756 , -0.3952767 , -0.41538385,
       -0.28615293, -0.30076205, -0.19951135, -0.14165957,  0.09089068,
       -0.07960731, -0.3833216 ,  0.01152741,  0.30822412,  0.24697024,
       -0.36303383, -0.07597746,  0.02145252, -0.0014424 , -0.2843186 ,
       -0.31068043,  0.10389714,  0.27181779, -0.06730397,  0.44176454,
       -0.12842813, -0.14822192, -0.06030806, -0.07703363, -0.34314448,
       -0.10641212, -0.11929109,  0.15527218, -0.10808752,  0.4653939 ,
       -0.18558742,  0.31308654,  0.12363524,  0.07305168,  0.03358689,
        0.00989352,  0.17259895, -0.04139367, -0.44865282, -0.15998112,
       -0.45790819,  0.19693907,  0.20995329,  0.17048164]) 

Generation: 27 
 - Generation Avg Fit: 7.990399305933588 
 - Best Fitness: 32.75379113354576 
 - Worst Fitness: 0.0
 - Best Solution: array([ 0.27165853, -0.12732772,  0.15934157, -0.23624232, -0.40785475,
       -0.4954635 ,  0.21161897, -0.04518822,  0.50893851,  0.28379936,
        0.11021726,  0.15073522, -0.4211705 ,  0.02250335,  0.30236826,
       -0.058871  , -0.182301  ,  0.2215756 , -0.3952767 , -0.41538385,
       -0.28615293, -0.30076205, -0.19951135, -0.14165957,  0.09089068,
       -0.07960731, -0.3833216 ,  0.01152741,  0.30822412,  0.24697024,
       -0.36303383, -0.07597746,  0.02145252, -0.0014424 , -0.2843186 ,
       -0.31068043,  0.10389714,  0.27181779, -0.06730397,  0.44176454,
       -0.12842813, -0.14822192, -0.06030806, -0.07703363, -0.34314448,
       -0.10641212, -0.11929109,  0.15527218, -0.10808752,  0.4653939 ,
       -0.18558742,  0.31308654,  0.12363524,  0.07305168,  0.03358689,
        0.00989352,  0.17259895, -0.04139367, -0.44865282, -0.15998112,
       -0.45790819,  0.19693907,  0.20995329,  0.17048164]) 

Generation: 28 
 - Generation Avg Fit: 8.20154368040637 
 - Best Fitness: 32.75379113354576 
 - Worst Fitness: 0.0
 - Best Solution: array([ 0.27165853, -0.12732772,  0.15934157, -0.23624232, -0.40785475,
       -0.4954635 ,  0.21161897, -0.04518822,  0.50893851,  0.28379936,
        0.11021726,  0.15073522, -0.4211705 ,  0.02250335,  0.30236826,
       -0.058871  , -0.182301  ,  0.2215756 , -0.3952767 , -0.41538385,
       -0.28615293, -0.30076205, -0.19951135, -0.14165957,  0.09089068,
       -0.07960731, -0.3833216 ,  0.01152741,  0.30822412,  0.24697024,
       -0.36303383, -0.07597746,  0.02145252, -0.0014424 , -0.2843186 ,
       -0.31068043,  0.10389714,  0.27181779, -0.06730397,  0.44176454,
       -0.12842813, -0.14822192, -0.06030806, -0.07703363, -0.34314448,
       -0.10641212, -0.11929109,  0.15527218, -0.10808752,  0.4653939 ,
       -0.18558742,  0.31308654,  0.12363524,  0.07305168,  0.03358689,
        0.00989352,  0.17259895, -0.04139367, -0.44865282, -0.15998112,
       -0.45790819,  0.19693907,  0.20995329,  0.17048164]) 

Generation: 29 
 - Generation Avg Fit: 8.056352491950515 
 - Best Fitness: 32.75379113354576 
 - Worst Fitness: 0.0
 - Best Solution: array([ 0.27165853, -0.12732772,  0.15934157, -0.23624232, -0.40785475,
       -0.4954635 ,  0.21161897, -0.04518822,  0.50893851,  0.28379936,
        0.11021726,  0.15073522, -0.4211705 ,  0.02250335,  0.30236826,
       -0.058871  , -0.182301  ,  0.2215756 , -0.3952767 , -0.41538385,
       -0.28615293, -0.30076205, -0.19951135, -0.14165957,  0.09089068,
       -0.07960731, -0.3833216 ,  0.01152741,  0.30822412,  0.24697024,
       -0.36303383, -0.07597746,  0.02145252, -0.0014424 , -0.2843186 ,
       -0.31068043,  0.10389714,  0.27181779, -0.06730397,  0.44176454,
       -0.12842813, -0.14822192, -0.06030806, -0.07703363, -0.34314448,
       -0.10641212, -0.11929109,  0.15527218, -0.10808752,  0.4653939 ,
       -0.18558742,  0.31308654,  0.12363524,  0.07305168,  0.03358689,
        0.00989352,  0.17259895, -0.04139367, -0.44865282, -0.15998112,
       -0.45790819,  0.19693907,  0.20995329,  0.17048164]) 

Generation: 30 
 - Generation Avg Fit: 8.292850698039697 
 - Best Fitness: 32.75379113354576 
 - Worst Fitness: 0.0
 - Best Solution: array([ 0.27165853, -0.12732772,  0.15934157, -0.23624232, -0.40785475,
       -0.4954635 ,  0.21161897, -0.04518822,  0.50893851,  0.28379936,
        0.11021726,  0.15073522, -0.4211705 ,  0.02250335,  0.30236826,
       -0.058871  , -0.182301  ,  0.2215756 , -0.3952767 , -0.41538385,
       -0.28615293, -0.30076205, -0.19951135, -0.14165957,  0.09089068,
       -0.07960731, -0.3833216 ,  0.01152741,  0.30822412,  0.24697024,
       -0.36303383, -0.07597746,  0.02145252, -0.0014424 , -0.2843186 ,
       -0.31068043,  0.10389714,  0.27181779, -0.06730397,  0.44176454,
       -0.12842813, -0.14822192, -0.06030806, -0.07703363, -0.34314448,
       -0.10641212, -0.11929109,  0.15527218, -0.10808752,  0.4653939 ,
       -0.18558742,  0.31308654,  0.12363524,  0.07305168,  0.03358689,
        0.00989352,  0.17259895, -0.04139367, -0.44865282, -0.15998112,
       -0.45790819,  0.19693907,  0.20995329,  0.17048164]) 

Generation: 31 
 - Generation Avg Fit: 8.16578708744029 
 - Best Fitness: 32.75379113354576 
 - Worst Fitness: 0.0
 - Best Solution: array([ 0.27165853, -0.12732772,  0.15934157, -0.23624232, -0.40785475,
       -0.4954635 ,  0.21161897, -0.04518822,  0.50893851,  0.28379936,
        0.11021726,  0.15073522, -0.4211705 ,  0.02250335,  0.30236826,
       -0.058871  , -0.182301  ,  0.2215756 , -0.3952767 , -0.41538385,
       -0.28615293, -0.30076205, -0.19951135, -0.14165957,  0.09089068,
       -0.07960731, -0.3833216 ,  0.01152741,  0.30822412,  0.24697024,
       -0.36303383, -0.07597746,  0.02145252, -0.0014424 , -0.2843186 ,
       -0.31068043,  0.10389714,  0.27181779, -0.06730397,  0.44176454,
       -0.12842813, -0.14822192, -0.06030806, -0.07703363, -0.34314448,
       -0.10641212, -0.11929109,  0.15527218, -0.10808752,  0.4653939 ,
       -0.18558742,  0.31308654,  0.12363524,  0.07305168,  0.03358689,
        0.00989352,  0.17259895, -0.04139367, -0.44865282, -0.15998112,
       -0.45790819,  0.19693907,  0.20995329,  0.17048164]) 

Generation: 32 
 - Generation Avg Fit: 8.451002472196684 
 - Best Fitness: 38.97641712179999 
 - Worst Fitness: 0.0
 - Best Solution: array([ 0.21224158,  0.38825127,  0.20036282,  0.04563184,  0.14656832,
        0.43543697, -0.41308548, -0.42627058,  0.46123293, -0.25700105,
        0.21535407, -0.19661204,  0.03204668, -0.30170691, -0.46136318,
        0.46765174, -0.38675537, -0.01273379, -0.42611901, -0.00964074,
        0.21808336, -0.33666005, -0.19197111,  0.43709542,  0.41873327,
       -0.39018208, -0.4296467 , -0.04052606,  0.3014477 ,  0.03619996,
        0.35068861,  0.32917999,  0.44782554, -0.37258489, -0.3837859 ,
       -0.29643883, -0.24169542,  0.20640507,  0.30742307, -0.00150523,
        0.30591533, -0.09596227, -0.46438103,  0.18879033,  0.09806468,
       -0.45903182, -0.07981028, -0.24803203, -0.31533134, -0.43521653,
       -0.24914102, -0.23674957,  0.10726553,  0.1909239 , -0.16898544,
       -0.215857  , -0.23842551,  0.41876052, -0.06462999, -0.0374004 ,
       -0.03359543,  0.49341923,  0.29774847,  0.15373577]) 

Generation: 33 
 - Generation Avg Fit: 8.666276298119959 
 - Best Fitness: 38.97641712179999 
 - Worst Fitness: 0.0
 - Best Solution: array([ 0.27165853, -0.12732772,  0.15934157, -0.23624232, -0.40785475,
       -0.4954635 ,  0.21161897, -0.04518822,  0.50893851,  0.28379936,
        0.11021726,  0.15073522, -0.4211705 ,  0.02250335,  0.30236826,
       -0.058871  , -0.182301  ,  0.2215756 , -0.3952767 , -0.41538385,
       -0.28615293, -0.30076205, -0.19951135, -0.14165957,  0.09089068,
       -0.07960731, -0.3833216 ,  0.01152741,  0.30822412,  0.24697024,
       -0.36303383, -0.07597746,  0.02145252, -0.0014424 , -0.2843186 ,
       -0.31068043,  0.10389714,  0.27181779, -0.06730397,  0.44176454,
       -0.12842813, -0.14822192, -0.06030806, -0.07703363, -0.34314448,
       -0.10641212, -0.11929109,  0.15527218, -0.10808752,  0.4653939 ,
       -0.18558742,  0.31308654,  0.12363524,  0.07305168,  0.03358689,
        0.00989352,  0.17259895, -0.04139367, -0.44865282, -0.15998112,
       -0.45790819,  0.19693907,  0.20995329,  0.17048164]) 

Generation: 34 
 - Generation Avg Fit: 8.991865053107961 
 - Best Fitness: 38.97641712179999 
 - Worst Fitness: 0.0
 - Best Solution: array([ 0.21224158,  0.38825127,  0.20036282,  0.04563184,  0.14656832,
        0.43543697, -0.41308548, -0.42627058,  0.46123293, -0.25700105,
        0.21535407, -0.19661204,  0.03204668, -0.30170691, -0.46136318,
        0.46765174, -0.38675537, -0.01273379, -0.42611901, -0.00964074,
        0.21808336, -0.33666005, -0.19197111,  0.43709542,  0.41873327,
       -0.39018208, -0.4296467 , -0.04052606,  0.3014477 ,  0.03619996,
        0.35068861,  0.32917999,  0.44782554, -0.37258489, -0.3837859 ,
       -0.29643883, -0.24169542,  0.20640507,  0.30742307, -0.00150523,
        0.30591533, -0.09596227, -0.46438103,  0.18879033,  0.09806468,
       -0.45903182, -0.07981028, -0.24803203, -0.31533134, -0.43521653,
       -0.24914102, -0.23674957,  0.10726553,  0.1909239 , -0.16898544,
       -0.215857  , -0.23842551,  0.41876052, -0.06462999, -0.0374004 ,
       -0.03359543,  0.49341923,  0.29774847,  0.15373577]) 

Generation: 35 
 - Generation Avg Fit: 9.028531569732682 
 - Best Fitness: 38.97641712179999 
 - Worst Fitness: 0.0
 - Best Solution: array([ 0.21224158,  0.38825127,  0.20036282,  0.04563184,  0.14656832,
        0.43543697, -0.41308548, -0.42627058,  0.46123293, -0.25700105,
        0.21535407, -0.19661204,  0.03204668, -0.30170691, -0.46136318,
        0.46765174, -0.38675537, -0.01273379, -0.42611901, -0.00964074,
        0.21808336, -0.33666005, -0.19197111,  0.43709542,  0.41873327,
       -0.39018208, -0.4296467 , -0.04052606,  0.3014477 ,  0.03619996,
        0.35068861,  0.32917999,  0.44782554, -0.37258489, -0.3837859 ,
       -0.29643883, -0.24169542,  0.20640507,  0.30742307, -0.00150523,
        0.30591533, -0.09596227, -0.46438103,  0.18879033,  0.09806468,
       -0.45903182, -0.07981028, -0.24803203, -0.31533134, -0.43521653,
       -0.24914102, -0.23674957,  0.10726553,  0.1909239 , -0.16898544,
       -0.215857  , -0.23842551,  0.41876052, -0.06462999, -0.0374004 ,
       -0.03359543,  0.49341923,  0.29774847,  0.15373577]) 

Generation: 36 
 - Generation Avg Fit: 9.427188805677119 
 - Best Fitness: 38.97641712179999 
 - Worst Fitness: 0.0
 - Best Solution: array([ 0.21224158,  0.38825127,  0.20036282,  0.04563184,  0.14656832,
        0.43543697, -0.41308548, -0.42627058,  0.46123293, -0.25700105,
        0.21535407, -0.19661204,  0.03204668, -0.30170691, -0.46136318,
        0.46765174, -0.38675537, -0.01273379, -0.42611901, -0.00964074,
        0.21808336, -0.33666005, -0.19197111,  0.43709542,  0.41873327,
       -0.39018208, -0.4296467 , -0.04052606,  0.3014477 ,  0.03619996,
        0.35068861,  0.32917999,  0.44782554, -0.37258489, -0.3837859 ,
       -0.29643883, -0.24169542,  0.20640507,  0.30742307, -0.00150523,
        0.30591533, -0.09596227, -0.46438103,  0.18879033,  0.09806468,
       -0.45903182, -0.07981028, -0.24803203, -0.31533134, -0.43521653,
       -0.24914102, -0.23674957,  0.10726553,  0.1909239 , -0.16898544,
       -0.215857  , -0.23842551,  0.41876052, -0.06462999, -0.0374004 ,
       -0.03359543,  0.49341923,  0.29774847,  0.15373577]) 

Generation: 37 
 - Generation Avg Fit: 9.123978567138817 
 - Best Fitness: 38.97641712179999 
 - Worst Fitness: 0.0
 - Best Solution: array([ 0.21224158,  0.38825127,  0.20036282,  0.04563184,  0.14656832,
        0.43543697, -0.41308548, -0.42627058,  0.46123293, -0.25700105,
        0.21535407, -0.19661204,  0.03204668, -0.30170691, -0.46136318,
        0.46765174, -0.38675537, -0.01273379, -0.42611901, -0.00964074,
        0.21808336, -0.33666005, -0.19197111,  0.43709542,  0.41873327,
       -0.39018208, -0.4296467 , -0.04052606,  0.3014477 ,  0.03619996,
        0.35068861,  0.32917999,  0.44782554, -0.37258489, -0.3837859 ,
       -0.29643883, -0.24169542,  0.20640507,  0.30742307, -0.00150523,
        0.30591533, -0.09596227, -0.46438103,  0.18879033,  0.09806468,
       -0.45903182, -0.07981028, -0.24803203, -0.31533134, -0.43521653,
       -0.24914102, -0.23674957,  0.10726553,  0.1909239 , -0.16898544,
       -0.215857  , -0.23842551,  0.41876052, -0.06462999, -0.0374004 ,
       -0.03359543,  0.49341923,  0.29774847,  0.15373577]) 

Generation: 38 
 - Generation Avg Fit: 9.561124035815414 
 - Best Fitness: 38.97641712179999 
 - Worst Fitness: 0.0
 - Best Solution: array([ 0.21224158,  0.38825127,  0.20036282,  0.04563184,  0.14656832,
        0.43543697, -0.41308548, -0.42627058,  0.46123293, -0.25700105,
        0.21535407, -0.19661204,  0.03204668, -0.30170691, -0.46136318,
        0.46765174, -0.38675537, -0.01273379, -0.42611901, -0.00964074,
        0.21808336, -0.33666005, -0.19197111,  0.43709542,  0.41873327,
       -0.39018208, -0.4296467 , -0.04052606,  0.3014477 ,  0.03619996,
        0.35068861,  0.32917999,  0.44782554, -0.37258489, -0.3837859 ,
       -0.29643883, -0.24169542,  0.20640507,  0.30742307, -0.00150523,
        0.30591533, -0.09596227, -0.46438103,  0.18879033,  0.09806468,
       -0.45903182, -0.07981028, -0.24803203, -0.31533134, -0.43521653,
       -0.24914102, -0.23674957,  0.10726553,  0.1909239 , -0.16898544,
       -0.215857  , -0.23842551,  0.41876052, -0.06462999, -0.0374004 ,
       -0.03359543,  0.49341923,  0.29774847,  0.15373577]) 

Generation: 39 
 - Generation Avg Fit: 9.157208178403193 
 - Best Fitness: 38.97641712179999 
 - Worst Fitness: 0.0
 - Best Solution: array([ 0.21224158,  0.38825127,  0.20036282,  0.04563184,  0.14656832,
        0.43543697, -0.41308548, -0.42627058,  0.46123293, -0.25700105,
        0.21535407, -0.19661204,  0.03204668, -0.30170691, -0.46136318,
        0.46765174, -0.38675537, -0.01273379, -0.42611901, -0.00964074,
        0.21808336, -0.33666005, -0.19197111,  0.43709542,  0.41873327,
       -0.39018208, -0.4296467 , -0.04052606,  0.3014477 ,  0.03619996,
        0.35068861,  0.32917999,  0.44782554, -0.37258489, -0.3837859 ,
       -0.29643883, -0.24169542,  0.20640507,  0.30742307, -0.00150523,
        0.30591533, -0.09596227, -0.46438103,  0.18879033,  0.09806468,
       -0.45903182, -0.07981028, -0.24803203, -0.31533134, -0.43521653,
       -0.24914102, -0.23674957,  0.10726553,  0.1909239 , -0.16898544,
       -0.215857  , -0.23842551,  0.41876052, -0.06462999, -0.0374004 ,
       -0.03359543,  0.49341923,  0.29774847,  0.15373577]) 

Generation: 40 
 - Generation Avg Fit: 9.678164989020114 
 - Best Fitness: 38.97641712179999 
 - Worst Fitness: 0.0
 - Best Solution: array([ 0.21224158,  0.38825127,  0.20036282,  0.04563184,  0.14656832,
        0.43543697, -0.41308548, -0.42627058,  0.46123293, -0.25700105,
        0.21535407, -0.19661204,  0.03204668, -0.30170691, -0.46136318,
        0.46765174, -0.38675537, -0.01273379, -0.42611901, -0.00964074,
        0.21808336, -0.33666005, -0.19197111,  0.43709542,  0.41873327,
       -0.39018208, -0.4296467 , -0.04052606,  0.3014477 ,  0.03619996,
        0.35068861,  0.32917999,  0.44782554, -0.37258489, -0.3837859 ,
       -0.29643883, -0.24169542,  0.20640507,  0.30742307, -0.00150523,
        0.30591533, -0.09596227, -0.46438103,  0.18879033,  0.09806468,
       -0.45903182, -0.07981028, -0.24803203, -0.31533134, -0.43521653,
       -0.24914102, -0.23674957,  0.10726553,  0.1909239 , -0.16898544,
       -0.215857  , -0.23842551,  0.41876052, -0.06462999, -0.0374004 ,
       -0.03359543,  0.49341923,  0.29774847,  0.15373577]) 

Generation: 41 
 - Generation Avg Fit: 10.209325439539446 
 - Best Fitness: 38.97641712179999 
 - Worst Fitness: 0.0
 - Best Solution: array([ 0.21224158,  0.38825127,  0.20036282,  0.04563184,  0.14656832,
        0.43543697, -0.41308548, -0.42627058,  0.46123293, -0.25700105,
        0.21535407, -0.19661204,  0.03204668, -0.30170691, -0.46136318,
        0.46765174, -0.38675537, -0.01273379, -0.42611901, -0.00964074,
        0.21808336, -0.33666005, -0.19197111,  0.43709542,  0.41873327,
       -0.39018208, -0.4296467 , -0.04052606,  0.3014477 ,  0.03619996,
        0.35068861,  0.32917999,  0.44782554, -0.37258489, -0.3837859 ,
       -0.29643883, -0.24169542,  0.20640507,  0.30742307, -0.00150523,
        0.30591533, -0.09596227, -0.46438103,  0.18879033,  0.09806468,
       -0.45903182, -0.07981028, -0.24803203, -0.31533134, -0.43521653,
       -0.24914102, -0.23674957,  0.10726553,  0.1909239 , -0.16898544,
       -0.215857  , -0.23842551,  0.41876052, -0.06462999, -0.0374004 ,
       -0.03359543,  0.49341923,  0.29774847,  0.15373577]) 

Generation: 42 
 - Generation Avg Fit: 9.991945395987852 
 - Best Fitness: 38.97641712179999 
 - Worst Fitness: 0.0
 - Best Solution: array([ 0.21224158,  0.38825127,  0.20036282,  0.04563184,  0.14656832,
        0.43543697, -0.41308548, -0.42627058,  0.46123293, -0.25700105,
        0.21535407, -0.19661204,  0.03204668, -0.30170691, -0.46136318,
        0.46765174, -0.38675537, -0.01273379, -0.42611901, -0.00964074,
        0.21808336, -0.33666005, -0.19197111,  0.43709542,  0.41873327,
       -0.39018208, -0.4296467 , -0.04052606,  0.3014477 ,  0.03619996,
        0.35068861,  0.32917999,  0.44782554, -0.37258489, -0.3837859 ,
       -0.29643883, -0.24169542,  0.20640507,  0.30742307, -0.00150523,
        0.30591533, -0.09596227, -0.46438103,  0.18879033,  0.09806468,
       -0.45903182, -0.07981028, -0.24803203, -0.31533134, -0.43521653,
       -0.24914102, -0.23674957,  0.10726553,  0.1909239 , -0.16898544,
       -0.215857  , -0.23842551,  0.41876052, -0.06462999, -0.0374004 ,
       -0.03359543,  0.49341923,  0.29774847,  0.15373577]) 

Generation: 43 
 - Generation Avg Fit: 9.822108669875572 
 - Best Fitness: 38.97641712179999 
 - Worst Fitness: 0.0
 - Best Solution: array([ 0.21224158,  0.38825127,  0.20036282,  0.04563184,  0.14656832,
        0.43543697, -0.41308548, -0.42627058,  0.46123293, -0.25700105,
        0.21535407, -0.19661204,  0.03204668, -0.30170691, -0.46136318,
        0.46765174, -0.38675537, -0.01273379, -0.42611901, -0.00964074,
        0.21808336, -0.33666005, -0.19197111,  0.43709542,  0.41873327,
       -0.39018208, -0.4296467 , -0.04052606,  0.3014477 ,  0.03619996,
        0.35068861,  0.32917999,  0.44782554, -0.37258489, -0.3837859 ,
       -0.29643883, -0.24169542,  0.20640507,  0.30742307, -0.00150523,
        0.30591533, -0.09596227, -0.46438103,  0.18879033,  0.09806468,
       -0.45903182, -0.07981028, -0.24803203, -0.31533134, -0.43521653,
       -0.24914102, -0.23674957,  0.10726553,  0.1909239 , -0.16898544,
       -0.215857  , -0.23842551,  0.41876052, -0.06462999, -0.0374004 ,
       -0.03359543,  0.49341923,  0.29774847,  0.15373577]) 

Generation: 44 
 - Generation Avg Fit: 10.395518305870803 
 - Best Fitness: 38.97641712179999 
 - Worst Fitness: 0.0
 - Best Solution: array([ 0.21224158,  0.38825127,  0.20036282,  0.04563184,  0.14656832,
        0.43543697, -0.41308548, -0.42627058,  0.46123293, -0.25700105,
        0.21535407, -0.19661204,  0.03204668, -0.30170691, -0.46136318,
        0.46765174, -0.38675537, -0.01273379, -0.42611901, -0.00964074,
        0.21808336, -0.33666005, -0.19197111,  0.43709542,  0.41873327,
       -0.39018208, -0.4296467 , -0.04052606,  0.3014477 ,  0.03619996,
        0.35068861,  0.32917999,  0.44782554, -0.37258489, -0.3837859 ,
       -0.29643883, -0.24169542,  0.20640507,  0.30742307, -0.00150523,
        0.30591533, -0.09596227, -0.46438103,  0.18879033,  0.09806468,
       -0.45903182, -0.07981028, -0.24803203, -0.31533134, -0.43521653,
       -0.24914102, -0.23674957,  0.10726553,  0.1909239 , -0.16898544,
       -0.215857  , -0.23842551,  0.41876052, -0.06462999, -0.0374004 ,
       -0.03359543,  0.49341923,  0.29774847,  0.15373577]) 

Generation: 45 
 - Generation Avg Fit: 10.21571550065081 
 - Best Fitness: 38.97641712179999 
 - Worst Fitness: 0.0
 - Best Solution: array([ 0.21224158,  0.38825127,  0.20036282,  0.04563184,  0.14656832,
        0.43543697, -0.41308548, -0.42627058,  0.46123293, -0.25700105,
        0.21535407, -0.19661204,  0.03204668, -0.30170691, -0.46136318,
        0.46765174, -0.38675537, -0.01273379, -0.42611901, -0.00964074,
        0.21808336, -0.33666005, -0.19197111,  0.43709542,  0.41873327,
       -0.39018208, -0.4296467 , -0.04052606,  0.3014477 ,  0.03619996,
        0.35068861,  0.32917999,  0.44782554, -0.37258489, -0.3837859 ,
       -0.29643883, -0.24169542,  0.20640507,  0.30742307, -0.00150523,
        0.30591533, -0.09596227, -0.46438103,  0.18879033,  0.09806468,
       -0.45903182, -0.07981028, -0.24803203, -0.31533134, -0.43521653,
       -0.24914102, -0.23674957,  0.10726553,  0.1909239 , -0.16898544,
       -0.215857  , -0.23842551,  0.41876052, -0.06462999, -0.0374004 ,
       -0.03359543,  0.49341923,  0.29774847,  0.15373577]) 

Generation: 46 
 - Generation Avg Fit: 10.474659190383273 
 - Best Fitness: 38.97641712179999 
 - Worst Fitness: 0.0
 - Best Solution: array([ 0.21224158,  0.38825127,  0.20036282,  0.04563184,  0.14656832,
        0.43543697, -0.41308548, -0.42627058,  0.46123293, -0.25700105,
        0.21535407, -0.19661204,  0.03204668, -0.30170691, -0.46136318,
        0.46765174, -0.38675537, -0.01273379, -0.42611901, -0.00964074,
        0.21808336, -0.33666005, -0.19197111,  0.43709542,  0.41873327,
       -0.39018208, -0.4296467 , -0.04052606,  0.3014477 ,  0.03619996,
        0.35068861,  0.32917999,  0.44782554, -0.37258489, -0.3837859 ,
       -0.29643883, -0.24169542,  0.20640507,  0.30742307, -0.00150523,
        0.30591533, -0.09596227, -0.46438103,  0.18879033,  0.09806468,
       -0.45903182, -0.07981028, -0.24803203, -0.31533134, -0.43521653,
       -0.24914102, -0.23674957,  0.10726553,  0.1909239 , -0.16898544,
       -0.215857  , -0.23842551,  0.41876052, -0.06462999, -0.0374004 ,
       -0.03359543,  0.49341923,  0.29774847,  0.15373577]) 

Generation: 47 
 - Generation Avg Fit: 10.563795034769509 
 - Best Fitness: 38.97641712179999 
 - Worst Fitness: 0.0
 - Best Solution: array([ 0.21224158,  0.38825127,  0.20036282,  0.04563184,  0.14656832,
        0.43543697, -0.41308548, -0.42627058,  0.46123293, -0.25700105,
        0.21535407, -0.19661204,  0.03204668, -0.30170691, -0.46136318,
        0.46765174, -0.38675537, -0.01273379, -0.42611901, -0.00964074,
        0.21808336, -0.33666005, -0.19197111,  0.43709542,  0.41873327,
       -0.39018208, -0.4296467 , -0.04052606,  0.3014477 ,  0.03619996,
        0.35068861,  0.32917999,  0.44782554, -0.37258489, -0.3837859 ,
       -0.29643883, -0.24169542,  0.20640507,  0.30742307, -0.00150523,
        0.30591533, -0.09596227, -0.46438103,  0.18879033,  0.09806468,
       -0.45903182, -0.07981028, -0.24803203, -0.31533134, -0.43521653,
       -0.24914102, -0.23674957,  0.10726553,  0.1909239 , -0.16898544,
       -0.215857  , -0.23842551,  0.41876052, -0.06462999, -0.0374004 ,
       -0.03359543,  0.49341923,  0.29774847,  0.15373577]) 

Generation: 48 
 - Generation Avg Fit: 10.732373704964594 
 - Best Fitness: 38.97641712179999 
 - Worst Fitness: 0.0
 - Best Solution: array([ 0.21224158,  0.38825127,  0.20036282,  0.04563184,  0.14656832,
        0.43543697, -0.41308548, -0.42627058,  0.46123293, -0.25700105,
        0.21535407, -0.19661204,  0.03204668, -0.30170691, -0.46136318,
        0.46765174, -0.38675537, -0.01273379, -0.42611901, -0.00964074,
        0.21808336, -0.33666005, -0.19197111,  0.43709542,  0.41873327,
       -0.39018208, -0.4296467 , -0.04052606,  0.3014477 ,  0.03619996,
        0.35068861,  0.32917999,  0.44782554, -0.37258489, -0.3837859 ,
       -0.29643883, -0.24169542,  0.20640507,  0.30742307, -0.00150523,
        0.30591533, -0.09596227, -0.46438103,  0.18879033,  0.09806468,
       -0.45903182, -0.07981028, -0.24803203, -0.31533134, -0.43521653,
       -0.24914102, -0.23674957,  0.10726553,  0.1909239 , -0.16898544,
       -0.215857  , -0.23842551,  0.41876052, -0.06462999, -0.0374004 ,
       -0.03359543,  0.49341923,  0.29774847,  0.15373577]) 

Generation: 49 
 - Generation Avg Fit: 10.584880322669356 
 - Best Fitness: 38.97641712179999 
 - Worst Fitness: 0.0
 - Best Solution: array([ 0.21224158,  0.38825127,  0.20036282,  0.04563184,  0.14656832,
        0.43543697, -0.41308548, -0.42627058,  0.46123293, -0.25700105,
        0.21535407, -0.19661204,  0.03204668, -0.30170691, -0.46136318,
        0.46765174, -0.38675537, -0.01273379, -0.42611901, -0.00964074,
        0.21808336, -0.33666005, -0.19197111,  0.43709542,  0.41873327,
       -0.39018208, -0.4296467 , -0.04052606,  0.3014477 ,  0.03619996,
        0.35068861,  0.32917999,  0.44782554, -0.37258489, -0.3837859 ,
       -0.29643883, -0.24169542,  0.20640507,  0.30742307, -0.00150523,
        0.30591533, -0.09596227, -0.46438103,  0.18879033,  0.09806468,
       -0.45903182, -0.07981028, -0.24803203, -0.31533134, -0.43521653,
       -0.24914102, -0.23674957,  0.10726553,  0.1909239 , -0.16898544,
       -0.215857  , -0.23842551,  0.41876052, -0.06462999, -0.0374004 ,
       -0.03359543,  0.49341923,  0.29774847,  0.15373577]) 

Generation: 50 
 - Generation Avg Fit: 10.634064974563604 
 - Best Fitness: 38.97641712179999 
 - Worst Fitness: 0.0
 - Best Solution: array([ 0.21224158,  0.38825127,  0.20036282,  0.04563184,  0.14656832,
        0.43543697, -0.41308548, -0.42627058,  0.46123293, -0.25700105,
        0.21535407, -0.19661204,  0.03204668, -0.30170691, -0.46136318,
        0.46765174, -0.38675537, -0.01273379, -0.42611901, -0.00964074,
        0.21808336, -0.33666005, -0.19197111,  0.43709542,  0.41873327,
       -0.39018208, -0.4296467 , -0.04052606,  0.3014477 ,  0.03619996,
        0.35068861,  0.32917999,  0.44782554, -0.37258489, -0.3837859 ,
       -0.29643883, -0.24169542,  0.20640507,  0.30742307, -0.00150523,
        0.30591533, -0.09596227, -0.46438103,  0.18879033,  0.09806468,
       -0.45903182, -0.07981028, -0.24803203, -0.31533134, -0.43521653,
       -0.24914102, -0.23674957,  0.10726553,  0.1909239 , -0.16898544,
       -0.215857  , -0.23842551,  0.41876052, -0.06462999, -0.0374004 ,
       -0.03359543,  0.49341923,  0.29774847,  0.15373577]) 

Generation: 51 
 - Generation Avg Fit: 10.623509629226714 
 - Best Fitness: 38.97641712179999 
 - Worst Fitness: 0.0
 - Best Solution: array([ 0.21224158,  0.38825127,  0.20036282,  0.04563184,  0.14656832,
        0.43543697, -0.41308548, -0.42627058,  0.46123293, -0.25700105,
        0.21535407, -0.19661204,  0.03204668, -0.30170691, -0.46136318,
        0.46765174, -0.38675537, -0.01273379, -0.42611901, -0.00964074,
        0.21808336, -0.33666005, -0.19197111,  0.43709542,  0.41873327,
       -0.39018208, -0.4296467 , -0.04052606,  0.3014477 ,  0.03619996,
        0.35068861,  0.32917999,  0.44782554, -0.37258489, -0.3837859 ,
       -0.29643883, -0.24169542,  0.20640507,  0.30742307, -0.00150523,
        0.30591533, -0.09596227, -0.46438103,  0.18879033,  0.09806468,
       -0.45903182, -0.07981028, -0.24803203, -0.31533134, -0.43521653,
       -0.24914102, -0.23674957,  0.10726553,  0.1909239 , -0.16898544,
       -0.215857  , -0.23842551,  0.41876052, -0.06462999, -0.0374004 ,
       -0.03359543,  0.49341923,  0.29774847,  0.15373577]) 

Generation: 52 
 - Generation Avg Fit: 10.99165391239972 
 - Best Fitness: 38.97641712179999 
 - Worst Fitness: 0.0
 - Best Solution: array([ 0.21224158,  0.38825127,  0.20036282,  0.04563184,  0.14656832,
        0.43543697, -0.41308548, -0.42627058,  0.46123293, -0.25700105,
        0.21535407, -0.19661204,  0.03204668, -0.30170691, -0.46136318,
        0.46765174, -0.38675537, -0.01273379, -0.42611901, -0.00964074,
        0.21808336, -0.33666005, -0.19197111,  0.43709542,  0.41873327,
       -0.39018208, -0.4296467 , -0.04052606,  0.3014477 ,  0.03619996,
        0.35068861,  0.32917999,  0.44782554, -0.37258489, -0.3837859 ,
       -0.29643883, -0.24169542,  0.20640507,  0.30742307, -0.00150523,
        0.30591533, -0.09596227, -0.46438103,  0.18879033,  0.09806468,
       -0.45903182, -0.07981028, -0.24803203, -0.31533134, -0.43521653,
       -0.24914102, -0.23674957,  0.10726553,  0.1909239 , -0.16898544,
       -0.215857  , -0.23842551,  0.41876052, -0.06462999, -0.0374004 ,
       -0.03359543,  0.49341923,  0.29774847,  0.15373577]) 

Generation: 53 
 - Generation Avg Fit: 10.69330183960645 
 - Best Fitness: 38.97641712179999 
 - Worst Fitness: 0.0
 - Best Solution: array([ 0.21224158,  0.38825127,  0.20036282,  0.04563184,  0.14656832,
        0.43543697, -0.41308548, -0.42627058,  0.46123293, -0.25700105,
        0.21535407, -0.19661204,  0.03204668, -0.30170691, -0.46136318,
        0.46765174, -0.38675537, -0.01273379, -0.42611901, -0.00964074,
        0.21808336, -0.33666005, -0.19197111,  0.43709542,  0.41873327,
       -0.39018208, -0.4296467 , -0.04052606,  0.3014477 ,  0.03619996,
        0.35068861,  0.32917999,  0.44782554, -0.37258489, -0.3837859 ,
       -0.29643883, -0.24169542,  0.20640507,  0.30742307, -0.00150523,
        0.30591533, -0.09596227, -0.46438103,  0.18879033,  0.09806468,
       -0.45903182, -0.07981028, -0.24803203, -0.31533134, -0.43521653,
       -0.24914102, -0.23674957,  0.10726553,  0.1909239 , -0.16898544,
       -0.215857  , -0.23842551,  0.41876052, -0.06462999, -0.0374004 ,
       -0.03359543,  0.49341923,  0.29774847,  0.15373577]) 

Generation: 54 
 - Generation Avg Fit: 10.877759887489324 
 - Best Fitness: 38.97641712179999 
 - Worst Fitness: 0.0
 - Best Solution: array([ 0.21224158,  0.38825127,  0.20036282,  0.04563184,  0.14656832,
        0.43543697, -0.41308548, -0.42627058,  0.46123293, -0.25700105,
        0.21535407, -0.19661204,  0.03204668, -0.30170691, -0.46136318,
        0.46765174, -0.38675537, -0.01273379, -0.42611901, -0.00964074,
        0.21808336, -0.33666005, -0.19197111,  0.43709542,  0.41873327,
       -0.39018208, -0.4296467 , -0.04052606,  0.3014477 ,  0.03619996,
        0.35068861,  0.32917999,  0.44782554, -0.37258489, -0.3837859 ,
       -0.29643883, -0.24169542,  0.20640507,  0.30742307, -0.00150523,
        0.30591533, -0.09596227, -0.46438103,  0.18879033,  0.09806468,
       -0.45903182, -0.07981028, -0.24803203, -0.31533134, -0.43521653,
       -0.24914102, -0.23674957,  0.10726553,  0.1909239 , -0.16898544,
       -0.215857  , -0.23842551,  0.41876052, -0.06462999, -0.0374004 ,
       -0.03359543,  0.49341923,  0.29774847,  0.15373577]) 

Generation: 55 
 - Generation Avg Fit: 10.838868286270491 
 - Best Fitness: 38.97641712179999 
 - Worst Fitness: 0.0
 - Best Solution: array([ 0.21224158,  0.38825127,  0.20036282,  0.04563184,  0.14656832,
        0.43543697, -0.41308548, -0.42627058,  0.46123293, -0.25700105,
        0.21535407, -0.19661204,  0.03204668, -0.30170691, -0.46136318,
        0.46765174, -0.38675537, -0.01273379, -0.42611901, -0.00964074,
        0.21808336, -0.33666005, -0.19197111,  0.43709542,  0.41873327,
       -0.39018208, -0.4296467 , -0.04052606,  0.3014477 ,  0.03619996,
        0.35068861,  0.32917999,  0.44782554, -0.37258489, -0.3837859 ,
       -0.29643883, -0.24169542,  0.20640507,  0.30742307, -0.00150523,
        0.30591533, -0.09596227, -0.46438103,  0.18879033,  0.09806468,
       -0.45903182, -0.07981028, -0.24803203, -0.31533134, -0.43521653,
       -0.24914102, -0.23674957,  0.10726553,  0.1909239 , -0.16898544,
       -0.215857  , -0.23842551,  0.41876052, -0.06462999, -0.0374004 ,
       -0.03359543,  0.49341923,  0.29774847,  0.15373577]) 

Generation: 56 
 - Generation Avg Fit: 11.019567798973089 
 - Best Fitness: 38.97641712179999 
 - Worst Fitness: 0.0
 - Best Solution: array([ 0.21224158,  0.38825127,  0.20036282,  0.04563184,  0.14656832,
        0.43543697, -0.41308548, -0.42627058,  0.46123293, -0.25700105,
        0.21535407, -0.19661204,  0.03204668, -0.30170691, -0.46136318,
        0.46765174, -0.38675537, -0.01273379, -0.42611901, -0.00964074,
        0.21808336, -0.33666005, -0.19197111,  0.43709542,  0.41873327,
       -0.39018208, -0.4296467 , -0.04052606,  0.3014477 ,  0.03619996,
        0.35068861,  0.32917999,  0.44782554, -0.37258489, -0.3837859 ,
       -0.29643883, -0.24169542,  0.20640507,  0.30742307, -0.00150523,
        0.30591533, -0.09596227, -0.46438103,  0.18879033,  0.09806468,
       -0.45903182, -0.07981028, -0.24803203, -0.31533134, -0.43521653,
       -0.24914102, -0.23674957,  0.10726553,  0.1909239 , -0.16898544,
       -0.215857  , -0.23842551,  0.41876052, -0.06462999, -0.0374004 ,
       -0.03359543,  0.49341923,  0.29774847,  0.15373577]) 

Generation: 57 
 - Generation Avg Fit: 11.130198570400408 
 - Best Fitness: 38.97641712179999 
 - Worst Fitness: 0.0
 - Best Solution: array([ 0.21224158,  0.38825127,  0.20036282,  0.04563184,  0.14656832,
        0.43543697, -0.41308548, -0.42627058,  0.46123293, -0.25700105,
        0.21535407, -0.19661204,  0.03204668, -0.30170691, -0.46136318,
        0.46765174, -0.38675537, -0.01273379, -0.42611901, -0.00964074,
        0.21808336, -0.33666005, -0.19197111,  0.43709542,  0.41873327,
       -0.39018208, -0.4296467 , -0.04052606,  0.3014477 ,  0.03619996,
        0.35068861,  0.32917999,  0.44782554, -0.37258489, -0.3837859 ,
       -0.29643883, -0.24169542,  0.20640507,  0.30742307, -0.00150523,
        0.30591533, -0.09596227, -0.46438103,  0.18879033,  0.09806468,
       -0.45903182, -0.07981028, -0.24803203, -0.31533134, -0.43521653,
       -0.24914102, -0.23674957,  0.10726553,  0.1909239 , -0.16898544,
       -0.215857  , -0.23842551,  0.41876052, -0.06462999, -0.0374004 ,
       -0.03359543,  0.49341923,  0.29774847,  0.15373577]) 

Generation: 58 
 - Generation Avg Fit: 11.448959705702375 
 - Best Fitness: 40.47640712715934 
 - Worst Fitness: 0.0
 - Best Solution: array([ 0.135543  , -0.1168321 ,  0.14582025, -0.26478317, -0.16597127,
        0.12058815,  0.21964922,  0.06532135,  0.12439891, -0.26561055,
       -0.43117251, -0.23839021, -0.01842194, -0.19976771,  0.01643483,
        0.03122096, -0.10547966,  0.22415495, -0.25552728, -0.36501197,
        0.32157884, -0.31005194, -0.15297253, -0.11083298, -0.37273076,
       -0.07750675, -0.44344208, -0.17054019,  0.08658593,  0.04473556,
       -0.41868096,  0.08433178, -0.20141101,  0.48354398, -0.39144722,
       -0.46344234, -0.29817227,  0.13316313,  0.30218494,  0.13724161,
       -0.39516151, -0.13689976,  0.00333624, -0.27755936,  0.21385791,
       -0.0992855 ,  0.00054837, -0.10859027, -0.37440049, -0.49510399,
       -0.19122829,  0.30976577, -0.27150569, -0.2341462 , -0.04448038,
        0.37987469, -0.10728018, -0.39863352,  0.28781395, -0.07316513,
       -0.03326637, -0.3315909 , -0.21598697,  0.18085468]) 

Generation: 59 
 - Generation Avg Fit: 11.327619497593687 
 - Best Fitness: 40.47640712715934 
 - Worst Fitness: 0.0
 - Best Solution: array([ 0.21224158,  0.38825127,  0.20036282,  0.04563184,  0.14656832,
        0.43543697, -0.41308548, -0.42627058,  0.46123293, -0.25700105,
        0.21535407, -0.19661204,  0.03204668, -0.30170691, -0.46136318,
        0.46765174, -0.38675537, -0.01273379, -0.42611901, -0.00964074,
        0.21808336, -0.33666005, -0.19197111,  0.43709542,  0.41873327,
       -0.39018208, -0.4296467 , -0.04052606,  0.3014477 ,  0.03619996,
        0.35068861,  0.32917999,  0.44782554, -0.37258489, -0.3837859 ,
       -0.29643883, -0.24169542,  0.20640507,  0.30742307, -0.00150523,
        0.30591533, -0.09596227, -0.46438103,  0.18879033,  0.09806468,
       -0.45903182, -0.07981028, -0.24803203, -0.31533134, -0.43521653,
       -0.24914102, -0.23674957,  0.10726553,  0.1909239 , -0.16898544,
       -0.215857  , -0.23842551,  0.41876052, -0.06462999, -0.0374004 ,
       -0.03359543,  0.49341923,  0.29774847,  0.15373577]) 

Generation: 60 
 - Generation Avg Fit: 11.451099537630352 
 - Best Fitness: 40.47640712715934 
 - Worst Fitness: 0.0
 - Best Solution: array([ 0.135543  , -0.1168321 ,  0.14582025, -0.26478317, -0.16597127,
        0.12058815,  0.21964922,  0.06532135,  0.12439891, -0.26561055,
       -0.43117251, -0.23839021, -0.01842194, -0.19976771,  0.01643483,
        0.03122096, -0.10547966,  0.22415495, -0.25552728, -0.36501197,
        0.32157884, -0.31005194, -0.15297253, -0.11083298, -0.37273076,
       -0.07750675, -0.44344208, -0.17054019,  0.08658593,  0.04473556,
       -0.41868096,  0.08433178, -0.20141101,  0.48354398, -0.39144722,
       -0.46344234, -0.29817227,  0.13316313,  0.30218494,  0.13724161,
       -0.39516151, -0.13689976,  0.00333624, -0.27755936,  0.21385791,
       -0.0992855 ,  0.00054837, -0.10859027, -0.37440049, -0.49510399,
       -0.19122829,  0.30976577, -0.27150569, -0.2341462 , -0.04448038,
        0.37987469, -0.10728018, -0.39863352,  0.28781395, -0.07316513,
       -0.03326637, -0.3315909 , -0.21598697,  0.18085468]) 

Generation: 61 
 - Generation Avg Fit: 11.554528336425172 
 - Best Fitness: 40.47640712715934 
 - Worst Fitness: 0.0
 - Best Solution: array([ 0.135543  , -0.1168321 ,  0.14582025, -0.26478317, -0.16597127,
        0.12058815,  0.21964922,  0.06532135,  0.12439891, -0.26561055,
       -0.43117251, -0.23839021, -0.01842194, -0.19976771,  0.01643483,
        0.03122096, -0.10547966,  0.22415495, -0.25552728, -0.36501197,
        0.32157884, -0.31005194, -0.15297253, -0.11083298, -0.37273076,
       -0.07750675, -0.44344208, -0.17054019,  0.08658593,  0.04473556,
       -0.41868096,  0.08433178, -0.20141101,  0.48354398, -0.39144722,
       -0.46344234, -0.29817227,  0.13316313,  0.30218494,  0.13724161,
       -0.39516151, -0.13689976,  0.00333624, -0.27755936,  0.21385791,
       -0.0992855 ,  0.00054837, -0.10859027, -0.37440049, -0.49510399,
       -0.19122829,  0.30976577, -0.27150569, -0.2341462 , -0.04448038,
        0.37987469, -0.10728018, -0.39863352,  0.28781395, -0.07316513,
       -0.03326637, -0.3315909 , -0.21598697,  0.18085468]) 

Generation: 62 
 - Generation Avg Fit: 11.406860696865216 
 - Best Fitness: 40.47640712715934 
 - Worst Fitness: 0.0
 - Best Solution: array([ 0.135543  , -0.1168321 ,  0.14582025, -0.26478317, -0.16597127,
        0.12058815,  0.21964922,  0.06532135,  0.12439891, -0.26561055,
       -0.43117251, -0.23839021, -0.01842194, -0.19976771,  0.01643483,
        0.03122096, -0.10547966,  0.22415495, -0.25552728, -0.36501197,
        0.32157884, -0.31005194, -0.15297253, -0.11083298, -0.37273076,
       -0.07750675, -0.44344208, -0.17054019,  0.08658593,  0.04473556,
       -0.41868096,  0.08433178, -0.20141101,  0.48354398, -0.39144722,
       -0.46344234, -0.29817227,  0.13316313,  0.30218494,  0.13724161,
       -0.39516151, -0.13689976,  0.00333624, -0.27755936,  0.21385791,
       -0.0992855 ,  0.00054837, -0.10859027, -0.37440049, -0.49510399,
       -0.19122829,  0.30976577, -0.27150569, -0.2341462 , -0.04448038,
        0.37987469, -0.10728018, -0.39863352,  0.28781395, -0.07316513,
       -0.03326637, -0.3315909 , -0.21598697,  0.18085468]) 

Generation: 63 
 - Generation Avg Fit: 11.388952284152957 
 - Best Fitness: 40.47640712715934 
 - Worst Fitness: 0.0
 - Best Solution: array([ 0.135543  , -0.1168321 ,  0.14582025, -0.26478317, -0.16597127,
        0.12058815,  0.21964922,  0.06532135,  0.12439891, -0.26561055,
       -0.43117251, -0.23839021, -0.01842194, -0.19976771,  0.01643483,
        0.03122096, -0.10547966,  0.22415495, -0.25552728, -0.36501197,
        0.32157884, -0.31005194, -0.15297253, -0.11083298, -0.37273076,
       -0.07750675, -0.44344208, -0.17054019,  0.08658593,  0.04473556,
       -0.41868096,  0.08433178, -0.20141101,  0.48354398, -0.39144722,
       -0.46344234, -0.29817227,  0.13316313,  0.30218494,  0.13724161,
       -0.39516151, -0.13689976,  0.00333624, -0.27755936,  0.21385791,
       -0.0992855 ,  0.00054837, -0.10859027, -0.37440049, -0.49510399,
       -0.19122829,  0.30976577, -0.27150569, -0.2341462 , -0.04448038,
        0.37987469, -0.10728018, -0.39863352,  0.28781395, -0.07316513,
       -0.03326637, -0.3315909 , -0.21598697,  0.18085468]) 

Generation: 64 
 - Generation Avg Fit: 11.52424501770922 
 - Best Fitness: 40.47640712715934 
 - Worst Fitness: 0.0
 - Best Solution: array([ 0.135543  , -0.1168321 ,  0.14582025, -0.26478317, -0.16597127,
        0.12058815,  0.21964922,  0.06532135,  0.12439891, -0.26561055,
       -0.43117251, -0.23839021, -0.01842194, -0.19976771,  0.01643483,
        0.03122096, -0.10547966,  0.22415495, -0.25552728, -0.36501197,
        0.32157884, -0.31005194, -0.15297253, -0.11083298, -0.37273076,
       -0.07750675, -0.44344208, -0.17054019,  0.08658593,  0.04473556,
       -0.41868096,  0.08433178, -0.20141101,  0.48354398, -0.39144722,
       -0.46344234, -0.29817227,  0.13316313,  0.30218494,  0.13724161,
       -0.39516151, -0.13689976,  0.00333624, -0.27755936,  0.21385791,
       -0.0992855 ,  0.00054837, -0.10859027, -0.37440049, -0.49510399,
       -0.19122829,  0.30976577, -0.27150569, -0.2341462 , -0.04448038,
        0.37987469, -0.10728018, -0.39863352,  0.28781395, -0.07316513,
       -0.03326637, -0.3315909 , -0.21598697,  0.18085468]) 

Generation: 65 
 - Generation Avg Fit: 11.674170390959961 
 - Best Fitness: 40.47640712715934 
 - Worst Fitness: 0.0
 - Best Solution: array([ 0.135543  , -0.1168321 ,  0.14582025, -0.26478317, -0.16597127,
        0.12058815,  0.21964922,  0.06532135,  0.12439891, -0.26561055,
       -0.43117251, -0.23839021, -0.01842194, -0.19976771,  0.01643483,
        0.03122096, -0.10547966,  0.22415495, -0.25552728, -0.36501197,
        0.32157884, -0.31005194, -0.15297253, -0.11083298, -0.37273076,
       -0.07750675, -0.44344208, -0.17054019,  0.08658593,  0.04473556,
       -0.41868096,  0.08433178, -0.20141101,  0.48354398, -0.39144722,
       -0.46344234, -0.29817227,  0.13316313,  0.30218494,  0.13724161,
       -0.39516151, -0.13689976,  0.00333624, -0.27755936,  0.21385791,
       -0.0992855 ,  0.00054837, -0.10859027, -0.37440049, -0.49510399,
       -0.19122829,  0.30976577, -0.27150569, -0.2341462 , -0.04448038,
        0.37987469, -0.10728018, -0.39863352,  0.28781395, -0.07316513,
       -0.03326637, -0.3315909 , -0.21598697,  0.18085468]) 

Generation: 66 
 - Generation Avg Fit: 11.573058542717403 
 - Best Fitness: 40.47640712715934 
 - Worst Fitness: 0.0
 - Best Solution: array([ 0.135543  , -0.1168321 ,  0.14582025, -0.26478317, -0.16597127,
        0.12058815,  0.21964922,  0.06532135,  0.12439891, -0.26561055,
       -0.43117251, -0.23839021, -0.01842194, -0.19976771,  0.01643483,
        0.03122096, -0.10547966,  0.22415495, -0.25552728, -0.36501197,
        0.32157884, -0.31005194, -0.15297253, -0.11083298, -0.37273076,
       -0.07750675, -0.44344208, -0.17054019,  0.08658593,  0.04473556,
       -0.41868096,  0.08433178, -0.20141101,  0.48354398, -0.39144722,
       -0.46344234, -0.29817227,  0.13316313,  0.30218494,  0.13724161,
       -0.39516151, -0.13689976,  0.00333624, -0.27755936,  0.21385791,
       -0.0992855 ,  0.00054837, -0.10859027, -0.37440049, -0.49510399,
       -0.19122829,  0.30976577, -0.27150569, -0.2341462 , -0.04448038,
        0.37987469, -0.10728018, -0.39863352,  0.28781395, -0.07316513,
       -0.03326637, -0.3315909 , -0.21598697,  0.18085468]) 

Generation: 67 
 - Generation Avg Fit: 11.744422672858697 
 - Best Fitness: 40.47640712715934 
 - Worst Fitness: 0.0
 - Best Solution: array([ 0.135543  , -0.1168321 ,  0.14582025, -0.26478317, -0.16597127,
        0.12058815,  0.21964922,  0.06532135,  0.12439891, -0.26561055,
       -0.43117251, -0.23839021, -0.01842194, -0.19976771,  0.01643483,
        0.03122096, -0.10547966,  0.22415495, -0.25552728, -0.36501197,
        0.32157884, -0.31005194, -0.15297253, -0.11083298, -0.37273076,
       -0.07750675, -0.44344208, -0.17054019,  0.08658593,  0.04473556,
       -0.41868096,  0.08433178, -0.20141101,  0.48354398, -0.39144722,
       -0.46344234, -0.29817227,  0.13316313,  0.30218494,  0.13724161,
       -0.39516151, -0.13689976,  0.00333624, -0.27755936,  0.21385791,
       -0.0992855 ,  0.00054837, -0.10859027, -0.37440049, -0.49510399,
       -0.19122829,  0.30976577, -0.27150569, -0.2341462 , -0.04448038,
        0.37987469, -0.10728018, -0.39863352,  0.28781395, -0.07316513,
       -0.03326637, -0.3315909 , -0.21598697,  0.18085468]) 

Generation: 68 
 - Generation Avg Fit: 11.754500553444009 
 - Best Fitness: 40.47640712715934 
 - Worst Fitness: 0.0
 - Best Solution: array([ 0.135543  , -0.1168321 ,  0.14582025, -0.26478317, -0.16597127,
        0.12058815,  0.21964922,  0.06532135,  0.12439891, -0.26561055,
       -0.43117251, -0.23839021, -0.01842194, -0.19976771,  0.01643483,
        0.03122096, -0.10547966,  0.22415495, -0.25552728, -0.36501197,
        0.32157884, -0.31005194, -0.15297253, -0.11083298, -0.37273076,
       -0.07750675, -0.44344208, -0.17054019,  0.08658593,  0.04473556,
       -0.41868096,  0.08433178, -0.20141101,  0.48354398, -0.39144722,
       -0.46344234, -0.29817227,  0.13316313,  0.30218494,  0.13724161,
       -0.39516151, -0.13689976,  0.00333624, -0.27755936,  0.21385791,
       -0.0992855 ,  0.00054837, -0.10859027, -0.37440049, -0.49510399,
       -0.19122829,  0.30976577, -0.27150569, -0.2341462 , -0.04448038,
        0.37987469, -0.10728018, -0.39863352,  0.28781395, -0.07316513,
       -0.03326637, -0.3315909 , -0.21598697,  0.18085468]) 

Generation: 69 
 - Generation Avg Fit: 11.45560971594026 
 - Best Fitness: 40.47640712715934 
 - Worst Fitness: 0.0
 - Best Solution: array([ 0.135543  , -0.1168321 ,  0.14582025, -0.26478317, -0.16597127,
        0.12058815,  0.21964922,  0.06532135,  0.12439891, -0.26561055,
       -0.43117251, -0.23839021, -0.01842194, -0.19976771,  0.01643483,
        0.03122096, -0.10547966,  0.22415495, -0.25552728, -0.36501197,
        0.32157884, -0.31005194, -0.15297253, -0.11083298, -0.37273076,
       -0.07750675, -0.44344208, -0.17054019,  0.08658593,  0.04473556,
       -0.41868096,  0.08433178, -0.20141101,  0.48354398, -0.39144722,
       -0.46344234, -0.29817227,  0.13316313,  0.30218494,  0.13724161,
       -0.39516151, -0.13689976,  0.00333624, -0.27755936,  0.21385791,
       -0.0992855 ,  0.00054837, -0.10859027, -0.37440049, -0.49510399,
       -0.19122829,  0.30976577, -0.27150569, -0.2341462 , -0.04448038,
        0.37987469, -0.10728018, -0.39863352,  0.28781395, -0.07316513,
       -0.03326637, -0.3315909 , -0.21598697,  0.18085468]) 

Generation: 70 
 - Generation Avg Fit: 12.123356053239878 
 - Best Fitness: 40.47640712715934 
 - Worst Fitness: 0.0
 - Best Solution: array([ 0.135543  , -0.1168321 ,  0.14582025, -0.26478317, -0.16597127,
        0.12058815,  0.21964922,  0.06532135,  0.12439891, -0.26561055,
       -0.43117251, -0.23839021, -0.01842194, -0.19976771,  0.01643483,
        0.03122096, -0.10547966,  0.22415495, -0.25552728, -0.36501197,
        0.32157884, -0.31005194, -0.15297253, -0.11083298, -0.37273076,
       -0.07750675, -0.44344208, -0.17054019,  0.08658593,  0.04473556,
       -0.41868096,  0.08433178, -0.20141101,  0.48354398, -0.39144722,
       -0.46344234, -0.29817227,  0.13316313,  0.30218494,  0.13724161,
       -0.39516151, -0.13689976,  0.00333624, -0.27755936,  0.21385791,
       -0.0992855 ,  0.00054837, -0.10859027, -0.37440049, -0.49510399,
       -0.19122829,  0.30976577, -0.27150569, -0.2341462 , -0.04448038,
        0.37987469, -0.10728018, -0.39863352,  0.28781395, -0.07316513,
       -0.03326637, -0.3315909 , -0.21598697,  0.18085468]) 

Generation: 71 
 - Generation Avg Fit: 11.64728375292291 
 - Best Fitness: 40.47640712715934 
 - Worst Fitness: 0.0
 - Best Solution: array([ 0.135543  , -0.1168321 ,  0.14582025, -0.26478317, -0.16597127,
        0.12058815,  0.21964922,  0.06532135,  0.12439891, -0.26561055,
       -0.43117251, -0.23839021, -0.01842194, -0.19976771,  0.01643483,
        0.03122096, -0.10547966,  0.22415495, -0.25552728, -0.36501197,
        0.32157884, -0.31005194, -0.15297253, -0.11083298, -0.37273076,
       -0.07750675, -0.44344208, -0.17054019,  0.08658593,  0.04473556,
       -0.41868096,  0.08433178, -0.20141101,  0.48354398, -0.39144722,
       -0.46344234, -0.29817227,  0.13316313,  0.30218494,  0.13724161,
       -0.39516151, -0.13689976,  0.00333624, -0.27755936,  0.21385791,
       -0.0992855 ,  0.00054837, -0.10859027, -0.37440049, -0.49510399,
       -0.19122829,  0.30976577, -0.27150569, -0.2341462 , -0.04448038,
        0.37987469, -0.10728018, -0.39863352,  0.28781395, -0.07316513,
       -0.03326637, -0.3315909 , -0.21598697,  0.18085468]) 

Generation: 72 
 - Generation Avg Fit: 12.001294440399695 
 - Best Fitness: 40.47640712715934 
 - Worst Fitness: 0.0
 - Best Solution: array([ 0.135543  , -0.1168321 ,  0.14582025, -0.26478317, -0.16597127,
        0.12058815,  0.21964922,  0.06532135,  0.12439891, -0.26561055,
       -0.43117251, -0.23839021, -0.01842194, -0.19976771,  0.01643483,
        0.03122096, -0.10547966,  0.22415495, -0.25552728, -0.36501197,
        0.32157884, -0.31005194, -0.15297253, -0.11083298, -0.37273076,
       -0.07750675, -0.44344208, -0.17054019,  0.08658593,  0.04473556,
       -0.41868096,  0.08433178, -0.20141101,  0.48354398, -0.39144722,
       -0.46344234, -0.29817227,  0.13316313,  0.30218494,  0.13724161,
       -0.39516151, -0.13689976,  0.00333624, -0.27755936,  0.21385791,
       -0.0992855 ,  0.00054837, -0.10859027, -0.37440049, -0.49510399,
       -0.19122829,  0.30976577, -0.27150569, -0.2341462 , -0.04448038,
        0.37987469, -0.10728018, -0.39863352,  0.28781395, -0.07316513,
       -0.03326637, -0.3315909 , -0.21598697,  0.18085468]) 

Generation: 73 
 - Generation Avg Fit: 11.936393506455698 
 - Best Fitness: 40.47640712715934 
 - Worst Fitness: 0.0
 - Best Solution: array([ 0.135543  , -0.1168321 ,  0.14582025, -0.26478317, -0.16597127,
        0.12058815,  0.21964922,  0.06532135,  0.12439891, -0.26561055,
       -0.43117251, -0.23839021, -0.01842194, -0.19976771,  0.01643483,
        0.03122096, -0.10547966,  0.22415495, -0.25552728, -0.36501197,
        0.32157884, -0.31005194, -0.15297253, -0.11083298, -0.37273076,
       -0.07750675, -0.44344208, -0.17054019,  0.08658593,  0.04473556,
       -0.41868096,  0.08433178, -0.20141101,  0.48354398, -0.39144722,
       -0.46344234, -0.29817227,  0.13316313,  0.30218494,  0.13724161,
       -0.39516151, -0.13689976,  0.00333624, -0.27755936,  0.21385791,
       -0.0992855 ,  0.00054837, -0.10859027, -0.37440049, -0.49510399,
       -0.19122829,  0.30976577, -0.27150569, -0.2341462 , -0.04448038,
        0.37987469, -0.10728018, -0.39863352,  0.28781395, -0.07316513,
       -0.03326637, -0.3315909 , -0.21598697,  0.18085468]) 

Generation: 74 
 - Generation Avg Fit: 12.169225767338565 
 - Best Fitness: 40.47640712715934 
 - Worst Fitness: 0.0
 - Best Solution: array([ 0.135543  , -0.1168321 ,  0.14582025, -0.26478317, -0.16597127,
        0.12058815,  0.21964922,  0.06532135,  0.12439891, -0.26561055,
       -0.43117251, -0.23839021, -0.01842194, -0.19976771,  0.01643483,
        0.03122096, -0.10547966,  0.22415495, -0.25552728, -0.36501197,
        0.32157884, -0.31005194, -0.15297253, -0.11083298, -0.37273076,
       -0.07750675, -0.44344208, -0.17054019,  0.08658593,  0.04473556,
       -0.41868096,  0.08433178, -0.20141101,  0.48354398, -0.39144722,
       -0.46344234, -0.29817227,  0.13316313,  0.30218494,  0.13724161,
       -0.39516151, -0.13689976,  0.00333624, -0.27755936,  0.21385791,
       -0.0992855 ,  0.00054837, -0.10859027, -0.37440049, -0.49510399,
       -0.19122829,  0.30976577, -0.27150569, -0.2341462 , -0.04448038,
        0.37987469, -0.10728018, -0.39863352,  0.28781395, -0.07316513,
       -0.03326637, -0.3315909 , -0.21598697,  0.18085468]) 

Generation: 75 
 - Generation Avg Fit: 12.391152910896666 
 - Best Fitness: 40.47640712715934 
 - Worst Fitness: 0.0
 - Best Solution: array([ 0.135543  , -0.1168321 ,  0.14582025, -0.26478317, -0.16597127,
        0.12058815,  0.21964922,  0.06532135,  0.12439891, -0.26561055,
       -0.43117251, -0.23839021, -0.01842194, -0.19976771,  0.01643483,
        0.03122096, -0.10547966,  0.22415495, -0.25552728, -0.36501197,
        0.32157884, -0.31005194, -0.15297253, -0.11083298, -0.37273076,
       -0.07750675, -0.44344208, -0.17054019,  0.08658593,  0.04473556,
       -0.41868096,  0.08433178, -0.20141101,  0.48354398, -0.39144722,
       -0.46344234, -0.29817227,  0.13316313,  0.30218494,  0.13724161,
       -0.39516151, -0.13689976,  0.00333624, -0.27755936,  0.21385791,
       -0.0992855 ,  0.00054837, -0.10859027, -0.37440049, -0.49510399,
       -0.19122829,  0.30976577, -0.27150569, -0.2341462 , -0.04448038,
        0.37987469, -0.10728018, -0.39863352,  0.28781395, -0.07316513,
       -0.03326637, -0.3315909 , -0.21598697,  0.18085468]) 

Generation: 76 
 - Generation Avg Fit: 12.01812598254982 
 - Best Fitness: 40.47640712715934 
 - Worst Fitness: 0.0
 - Best Solution: array([ 0.135543  , -0.1168321 ,  0.14582025, -0.26478317, -0.16597127,
        0.12058815,  0.21964922,  0.06532135,  0.12439891, -0.26561055,
       -0.43117251, -0.23839021, -0.01842194, -0.19976771,  0.01643483,
        0.03122096, -0.10547966,  0.22415495, -0.25552728, -0.36501197,
        0.32157884, -0.31005194, -0.15297253, -0.11083298, -0.37273076,
       -0.07750675, -0.44344208, -0.17054019,  0.08658593,  0.04473556,
       -0.41868096,  0.08433178, -0.20141101,  0.48354398, -0.39144722,
       -0.46344234, -0.29817227,  0.13316313,  0.30218494,  0.13724161,
       -0.39516151, -0.13689976,  0.00333624, -0.27755936,  0.21385791,
       -0.0992855 ,  0.00054837, -0.10859027, -0.37440049, -0.49510399,
       -0.19122829,  0.30976577, -0.27150569, -0.2341462 , -0.04448038,
        0.37987469, -0.10728018, -0.39863352,  0.28781395, -0.07316513,
       -0.03326637, -0.3315909 , -0.21598697,  0.18085468]) 

Generation: 77 
 - Generation Avg Fit: 12.47301085810808 
 - Best Fitness: 40.47640712715934 
 - Worst Fitness: 0.0
 - Best Solution: array([ 0.135543  , -0.1168321 ,  0.14582025, -0.26478317, -0.16597127,
        0.12058815,  0.21964922,  0.06532135,  0.12439891, -0.26561055,
       -0.43117251, -0.23839021, -0.01842194, -0.19976771,  0.01643483,
        0.03122096, -0.10547966,  0.22415495, -0.25552728, -0.36501197,
        0.32157884, -0.31005194, -0.15297253, -0.11083298, -0.37273076,
       -0.07750675, -0.44344208, -0.17054019,  0.08658593,  0.04473556,
       -0.41868096,  0.08433178, -0.20141101,  0.48354398, -0.39144722,
       -0.46344234, -0.29817227,  0.13316313,  0.30218494,  0.13724161,
       -0.39516151, -0.13689976,  0.00333624, -0.27755936,  0.21385791,
       -0.0992855 ,  0.00054837, -0.10859027, -0.37440049, -0.49510399,
       -0.19122829,  0.30976577, -0.27150569, -0.2341462 , -0.04448038,
        0.37987469, -0.10728018, -0.39863352,  0.28781395, -0.07316513,
       -0.03326637, -0.3315909 , -0.21598697,  0.18085468]) 

Generation: 78 
 - Generation Avg Fit: 12.602528472472063 
 - Best Fitness: 40.47640712715934 
 - Worst Fitness: 0.0
 - Best Solution: array([ 0.135543  , -0.1168321 ,  0.14582025, -0.26478317, -0.16597127,
        0.12058815,  0.21964922,  0.06532135,  0.12439891, -0.26561055,
       -0.43117251, -0.23839021, -0.01842194, -0.19976771,  0.01643483,
        0.03122096, -0.10547966,  0.22415495, -0.25552728, -0.36501197,
        0.32157884, -0.31005194, -0.15297253, -0.11083298, -0.37273076,
       -0.07750675, -0.44344208, -0.17054019,  0.08658593,  0.04473556,
       -0.41868096,  0.08433178, -0.20141101,  0.48354398, -0.39144722,
       -0.46344234, -0.29817227,  0.13316313,  0.30218494,  0.13724161,
       -0.39516151, -0.13689976,  0.00333624, -0.27755936,  0.21385791,
       -0.0992855 ,  0.00054837, -0.10859027, -0.37440049, -0.49510399,
       -0.19122829,  0.30976577, -0.27150569, -0.2341462 , -0.04448038,
        0.37987469, -0.10728018, -0.39863352,  0.28781395, -0.07316513,
       -0.03326637, -0.3315909 , -0.21598697,  0.18085468]) 

Generation: 79 
 - Generation Avg Fit: 12.399332905338296 
 - Best Fitness: 40.47640712715934 
 - Worst Fitness: 0.0
 - Best Solution: array([ 0.135543  , -0.1168321 ,  0.14582025, -0.26478317, -0.16597127,
        0.12058815,  0.21964922,  0.06532135,  0.12439891, -0.26561055,
       -0.43117251, -0.23839021, -0.01842194, -0.19976771,  0.01643483,
        0.03122096, -0.10547966,  0.22415495, -0.25552728, -0.36501197,
        0.32157884, -0.31005194, -0.15297253, -0.11083298, -0.37273076,
       -0.07750675, -0.44344208, -0.17054019,  0.08658593,  0.04473556,
       -0.41868096,  0.08433178, -0.20141101,  0.48354398, -0.39144722,
       -0.46344234, -0.29817227,  0.13316313,  0.30218494,  0.13724161,
       -0.39516151, -0.13689976,  0.00333624, -0.27755936,  0.21385791,
       -0.0992855 ,  0.00054837, -0.10859027, -0.37440049, -0.49510399,
       -0.19122829,  0.30976577, -0.27150569, -0.2341462 , -0.04448038,
        0.37987469, -0.10728018, -0.39863352,  0.28781395, -0.07316513,
       -0.03326637, -0.3315909 , -0.21598697,  0.18085468]) 

Generation: 80 
 - Generation Avg Fit: 12.316258998975455 
 - Best Fitness: 40.47640712715934 
 - Worst Fitness: 0.0
 - Best Solution: array([ 0.135543  , -0.1168321 ,  0.14582025, -0.26478317, -0.16597127,
        0.12058815,  0.21964922,  0.06532135,  0.12439891, -0.26561055,
       -0.43117251, -0.23839021, -0.01842194, -0.19976771,  0.01643483,
        0.03122096, -0.10547966,  0.22415495, -0.25552728, -0.36501197,
        0.32157884, -0.31005194, -0.15297253, -0.11083298, -0.37273076,
       -0.07750675, -0.44344208, -0.17054019,  0.08658593,  0.04473556,
       -0.41868096,  0.08433178, -0.20141101,  0.48354398, -0.39144722,
       -0.46344234, -0.29817227,  0.13316313,  0.30218494,  0.13724161,
       -0.39516151, -0.13689976,  0.00333624, -0.27755936,  0.21385791,
       -0.0992855 ,  0.00054837, -0.10859027, -0.37440049, -0.49510399,
       -0.19122829,  0.30976577, -0.27150569, -0.2341462 , -0.04448038,
        0.37987469, -0.10728018, -0.39863352,  0.28781395, -0.07316513,
       -0.03326637, -0.3315909 , -0.21598697,  0.18085468]) 

Generation: 81 
 - Generation Avg Fit: 12.545369961044736 
 - Best Fitness: 44.001384911883505 
 - Worst Fitness: 0.0
 - Best Solution: array([ 0.12694441, -0.45162883,  0.30454569, -0.38525094,  0.31026159,
       -0.3777788 , -0.30563593, -0.19010021, -0.32014986, -0.0299674 ,
       -0.37127839, -0.28866291,  0.04005609,  0.23039779, -0.08932175,
        0.07727912, -0.10859615,  0.12550384, -0.11610412,  0.04407858,
       -0.30282913, -0.35793657, -0.09180355, -0.08219049, -0.01037586,
       -0.3611627 , -0.06303773, -0.37751128,  0.30833614, -0.10772426,
       -0.1378096 , -0.30523717, -0.27765414,  0.23550054, -0.35949992,
        0.10290178,  0.44748136, -0.27370319,  0.0064499 ,  0.0221072 ,
       -0.21444489, -0.08813463, -0.15338624,  0.14000577,  0.22426621,
       -0.34114655,  0.03982129, -0.33375929,  0.26832104, -0.49201982,
        0.108163  ,  0.47878929,  0.37321093,  0.38865189,  0.36926331,
       -0.18624784, -0.39363131, -0.11430328, -0.31079186, -0.05643426,
       -0.3969791 , -0.21047551, -0.21457109,  0.18756129]) 

Generation: 82 
 - Generation Avg Fit: 13.038826803568146 
 - Best Fitness: 44.001384911883505 
 - Worst Fitness: 0.0
 - Best Solution: array([ 0.135543  , -0.1168321 ,  0.14582025, -0.26478317, -0.16597127,
        0.12058815,  0.21964922,  0.06532135,  0.12439891, -0.26561055,
       -0.43117251, -0.23839021, -0.01842194, -0.19976771,  0.01643483,
        0.03122096, -0.10547966,  0.22415495, -0.25552728, -0.36501197,
        0.32157884, -0.31005194, -0.15297253, -0.11083298, -0.37273076,
       -0.07750675, -0.44344208, -0.17054019,  0.08658593,  0.04473556,
       -0.41868096,  0.08433178, -0.20141101,  0.48354398, -0.39144722,
       -0.46344234, -0.29817227,  0.13316313,  0.30218494,  0.13724161,
       -0.39516151, -0.13689976,  0.00333624, -0.27755936,  0.21385791,
       -0.0992855 ,  0.00054837, -0.10859027, -0.37440049, -0.49510399,
       -0.19122829,  0.30976577, -0.27150569, -0.2341462 , -0.04448038,
        0.37987469, -0.10728018, -0.39863352,  0.28781395, -0.07316513,
       -0.03326637, -0.3315909 , -0.21598697,  0.18085468]) 

Generation: 83 
 - Generation Avg Fit: 12.773234563167994 
 - Best Fitness: 44.001384911883505 
 - Worst Fitness: 0.0
 - Best Solution: array([ 0.12694441, -0.45162883,  0.30454569, -0.38525094,  0.31026159,
       -0.3777788 , -0.30563593, -0.19010021, -0.32014986, -0.0299674 ,
       -0.37127839, -0.28866291,  0.04005609,  0.23039779, -0.08932175,
        0.07727912, -0.10859615,  0.12550384, -0.11610412,  0.04407858,
       -0.30282913, -0.35793657, -0.09180355, -0.08219049, -0.01037586,
       -0.3611627 , -0.06303773, -0.37751128,  0.30833614, -0.10772426,
       -0.1378096 , -0.30523717, -0.27765414,  0.23550054, -0.35949992,
        0.10290178,  0.44748136, -0.27370319,  0.0064499 ,  0.0221072 ,
       -0.21444489, -0.08813463, -0.15338624,  0.14000577,  0.22426621,
       -0.34114655,  0.03982129, -0.33375929,  0.26832104, -0.49201982,
        0.108163  ,  0.47878929,  0.37321093,  0.38865189,  0.36926331,
       -0.18624784, -0.39363131, -0.11430328, -0.31079186, -0.05643426,
       -0.3969791 , -0.21047551, -0.21457109,  0.18756129]) 

Generation: 84 
 - Generation Avg Fit: 12.984871706359641 
 - Best Fitness: 44.001384911883505 
 - Worst Fitness: 0.0
 - Best Solution: array([ 0.12694441, -0.45162883,  0.30454569, -0.38525094,  0.31026159,
       -0.3777788 , -0.30563593, -0.19010021, -0.32014986, -0.0299674 ,
       -0.37127839, -0.28866291,  0.04005609,  0.23039779, -0.08932175,
        0.07727912, -0.10859615,  0.12550384, -0.11610412,  0.04407858,
       -0.30282913, -0.35793657, -0.09180355, -0.08219049, -0.01037586,
       -0.3611627 , -0.06303773, -0.37751128,  0.30833614, -0.10772426,
       -0.1378096 , -0.30523717, -0.27765414,  0.23550054, -0.35949992,
        0.10290178,  0.44748136, -0.27370319,  0.0064499 ,  0.0221072 ,
       -0.21444489, -0.08813463, -0.15338624,  0.14000577,  0.22426621,
       -0.34114655,  0.03982129, -0.33375929,  0.26832104, -0.49201982,
        0.108163  ,  0.47878929,  0.37321093,  0.38865189,  0.36926331,
       -0.18624784, -0.39363131, -0.11430328, -0.31079186, -0.05643426,
       -0.3969791 , -0.21047551, -0.21457109,  0.18756129]) 

Generation: 85 
 - Generation Avg Fit: 12.963858404533408 
 - Best Fitness: 44.001384911883505 
 - Worst Fitness: 0.0
 - Best Solution: array([ 0.12694441, -0.45162883,  0.30454569, -0.38525094,  0.31026159,
       -0.3777788 , -0.30563593, -0.19010021, -0.32014986, -0.0299674 ,
       -0.37127839, -0.28866291,  0.04005609,  0.23039779, -0.08932175,
        0.07727912, -0.10859615,  0.12550384, -0.11610412,  0.04407858,
       -0.30282913, -0.35793657, -0.09180355, -0.08219049, -0.01037586,
       -0.3611627 , -0.06303773, -0.37751128,  0.30833614, -0.10772426,
       -0.1378096 , -0.30523717, -0.27765414,  0.23550054, -0.35949992,
        0.10290178,  0.44748136, -0.27370319,  0.0064499 ,  0.0221072 ,
       -0.21444489, -0.08813463, -0.15338624,  0.14000577,  0.22426621,
       -0.34114655,  0.03982129, -0.33375929,  0.26832104, -0.49201982,
        0.108163  ,  0.47878929,  0.37321093,  0.38865189,  0.36926331,
       -0.18624784, -0.39363131, -0.11430328, -0.31079186, -0.05643426,
       -0.3969791 , -0.21047551, -0.21457109,  0.18756129]) 

Generation: 86 
 - Generation Avg Fit: 13.175359115437386 
 - Best Fitness: 44.001384911883505 
 - Worst Fitness: 0.0
 - Best Solution: array([ 0.12694441, -0.45162883,  0.30454569, -0.38525094,  0.31026159,
       -0.3777788 , -0.30563593, -0.19010021, -0.32014986, -0.0299674 ,
       -0.37127839, -0.28866291,  0.04005609,  0.23039779, -0.08932175,
        0.07727912, -0.10859615,  0.12550384, -0.11610412,  0.04407858,
       -0.30282913, -0.35793657, -0.09180355, -0.08219049, -0.01037586,
       -0.3611627 , -0.06303773, -0.37751128,  0.30833614, -0.10772426,
       -0.1378096 , -0.30523717, -0.27765414,  0.23550054, -0.35949992,
        0.10290178,  0.44748136, -0.27370319,  0.0064499 ,  0.0221072 ,
       -0.21444489, -0.08813463, -0.15338624,  0.14000577,  0.22426621,
       -0.34114655,  0.03982129, -0.33375929,  0.26832104, -0.49201982,
        0.108163  ,  0.47878929,  0.37321093,  0.38865189,  0.36926331,
       -0.18624784, -0.39363131, -0.11430328, -0.31079186, -0.05643426,
       -0.3969791 , -0.21047551, -0.21457109,  0.18756129]) 

Generation: 87 
 - Generation Avg Fit: 12.947325959406875 
 - Best Fitness: 44.12718140832887 
 - Worst Fitness: 0.0
 - Best Solution: array([-0.4801158 ,  0.0464777 , -0.34838449,  0.2354331 , -0.16854669,
       -0.30549118, -0.30904647, -0.24241771,  0.10691956,  0.17644784,
       -0.37955661, -0.34003763,  0.12093537,  0.22698523,  0.23360552,
        0.46738593, -0.18586569,  0.38105291, -0.26210649, -0.28365183,
        0.22941576, -0.29956562, -0.1756707 ,  0.10875675, -0.4377088 ,
       -0.4139144 , -0.20010164,  0.27273359,  0.22621973,  0.02510865,
        0.42267389, -0.39323568,  0.11744098, -0.45094313,  0.03257852,
       -0.2076197 ,  0.44830154, -0.03796952,  0.12651904, -0.40620543,
        0.29245049, -0.27477483, -0.27762692, -0.29493094,  0.20559613,
       -0.01121707,  0.44014474, -0.246017  , -0.33953848, -0.49190639,
       -0.44786418, -0.44832391, -0.27150569, -0.29641603, -0.25392311,
       -0.19009862, -0.23020223,  0.26175978, -0.20635879,  0.43370944,
        0.48956385,  0.48491516, -0.34042438,  0.16420449]) 

Generation: 88 
 - Generation Avg Fit: 13.680840848009218 
 - Best Fitness: 115.05586908683838 
 - Worst Fitness: 0.0
 - Best Solution: array([ 0.39190835, -0.20920422, -0.34156816, -0.02514817,  0.1593375 ,
       -0.39397528, -0.41182028, -0.03979288,  0.02091275,  0.26339687,
       -0.04785685,  0.15477953,  0.03204668, -0.29809808, -0.46055803,
       -0.27834538, -0.38675537, -0.00236511, -0.25850744, -0.46692848,
        0.41968442, -0.34757188, -0.19197111,  0.44080371, -0.17713565,
        0.09813877, -0.01144567, -0.19113379,  0.30026513,  0.03494236,
       -0.4157539 ,  0.329452  , -0.29684838, -0.38379393, -0.38710343,
        0.40359858, -0.25386554,  0.27181779, -0.13506742,  0.24151463,
       -0.12145523, -0.16819992, -0.45508632,  0.18743264, -0.3686187 ,
       -0.46193019, -0.09565828, -0.25525394, -0.30732297,  0.34890147,
       -0.39358308,  0.42030471, -0.11455574,  0.24937027, -0.25452997,
        0.00652367, -0.21558824,  0.41876052, -0.05642381, -0.03300299,
       -0.36254853,  0.41370201,  0.30041999,  0.16039336]) 

Generation: 89 
 - Generation Avg Fit: 13.217181513528168 
 - Best Fitness: 115.05586908683838 
 - Worst Fitness: 0.0
 - Best Solution: array([-0.4801158 ,  0.0464777 , -0.34838449,  0.2354331 , -0.16854669,
       -0.30549118, -0.30904647, -0.24241771,  0.10691956,  0.17644784,
       -0.37955661, -0.34003763,  0.12093537,  0.22698523,  0.23360552,
        0.46738593, -0.18586569,  0.38105291, -0.26210649, -0.28365183,
        0.22941576, -0.29956562, -0.1756707 ,  0.10875675, -0.4377088 ,
       -0.4139144 , -0.20010164,  0.27273359,  0.22621973,  0.02510865,
        0.42267389, -0.39323568,  0.11744098, -0.45094313,  0.03257852,
       -0.2076197 ,  0.44830154, -0.03796952,  0.12651904, -0.40620543,
        0.29245049, -0.27477483, -0.27762692, -0.29493094,  0.20559613,
       -0.01121707,  0.44014474, -0.246017  , -0.33953848, -0.49190639,
       -0.44786418, -0.44832391, -0.27150569, -0.29641603, -0.25392311,
       -0.19009862, -0.23020223,  0.26175978, -0.20635879,  0.43370944,
        0.48956385,  0.48491516, -0.34042438,  0.16420449]) 

Generation: 90 
 - Generation Avg Fit: 13.467188541685791 
 - Best Fitness: 115.05586908683838 
 - Worst Fitness: 0.0
 - Best Solution: array([ 0.39190835, -0.20920422, -0.34156816, -0.02514817,  0.1593375 ,
       -0.39397528, -0.41182028, -0.03979288,  0.02091275,  0.26339687,
       -0.04785685,  0.15477953,  0.03204668, -0.29809808, -0.46055803,
       -0.27834538, -0.38675537, -0.00236511, -0.25850744, -0.46692848,
        0.41968442, -0.34757188, -0.19197111,  0.44080371, -0.17713565,
        0.09813877, -0.01144567, -0.19113379,  0.30026513,  0.03494236,
       -0.4157539 ,  0.329452  , -0.29684838, -0.38379393, -0.38710343,
        0.40359858, -0.25386554,  0.27181779, -0.13506742,  0.24151463,
       -0.12145523, -0.16819992, -0.45508632,  0.18743264, -0.3686187 ,
       -0.46193019, -0.09565828, -0.25525394, -0.30732297,  0.34890147,
       -0.39358308,  0.42030471, -0.11455574,  0.24937027, -0.25452997,
        0.00652367, -0.21558824,  0.41876052, -0.05642381, -0.03300299,
       -0.36254853,  0.41370201,  0.30041999,  0.16039336]) 

Generation: 91 
 - Generation Avg Fit: 13.626674813151828 
 - Best Fitness: 115.05586908683838 
 - Worst Fitness: 0.0
 - Best Solution: array([ 0.39190835, -0.20920422, -0.34156816, -0.02514817,  0.1593375 ,
       -0.39397528, -0.41182028, -0.03979288,  0.02091275,  0.26339687,
       -0.04785685,  0.15477953,  0.03204668, -0.29809808, -0.46055803,
       -0.27834538, -0.38675537, -0.00236511, -0.25850744, -0.46692848,
        0.41968442, -0.34757188, -0.19197111,  0.44080371, -0.17713565,
        0.09813877, -0.01144567, -0.19113379,  0.30026513,  0.03494236,
       -0.4157539 ,  0.329452  , -0.29684838, -0.38379393, -0.38710343,
        0.40359858, -0.25386554,  0.27181779, -0.13506742,  0.24151463,
       -0.12145523, -0.16819992, -0.45508632,  0.18743264, -0.3686187 ,
       -0.46193019, -0.09565828, -0.25525394, -0.30732297,  0.34890147,
       -0.39358308,  0.42030471, -0.11455574,  0.24937027, -0.25452997,
        0.00652367, -0.21558824,  0.41876052, -0.05642381, -0.03300299,
       -0.36254853,  0.41370201,  0.30041999,  0.16039336]) 

Generation: 92 
 - Generation Avg Fit: 13.429323460558873 
 - Best Fitness: 115.05586908683838 
 - Worst Fitness: 0.0
 - Best Solution: array([ 0.39190835, -0.20920422, -0.34156816, -0.02514817,  0.1593375 ,
       -0.39397528, -0.41182028, -0.03979288,  0.02091275,  0.26339687,
       -0.04785685,  0.15477953,  0.03204668, -0.29809808, -0.46055803,
       -0.27834538, -0.38675537, -0.00236511, -0.25850744, -0.46692848,
        0.41968442, -0.34757188, -0.19197111,  0.44080371, -0.17713565,
        0.09813877, -0.01144567, -0.19113379,  0.30026513,  0.03494236,
       -0.4157539 ,  0.329452  , -0.29684838, -0.38379393, -0.38710343,
        0.40359858, -0.25386554,  0.27181779, -0.13506742,  0.24151463,
       -0.12145523, -0.16819992, -0.45508632,  0.18743264, -0.3686187 ,
       -0.46193019, -0.09565828, -0.25525394, -0.30732297,  0.34890147,
       -0.39358308,  0.42030471, -0.11455574,  0.24937027, -0.25452997,
        0.00652367, -0.21558824,  0.41876052, -0.05642381, -0.03300299,
       -0.36254853,  0.41370201,  0.30041999,  0.16039336]) 

Generation: 93 
 - Generation Avg Fit: 13.61136755609479 
 - Best Fitness: 115.05586908683838 
 - Worst Fitness: 0.0
 - Best Solution: array([ 0.39190835, -0.20920422, -0.34156816, -0.02514817,  0.1593375 ,
       -0.39397528, -0.41182028, -0.03979288,  0.02091275,  0.26339687,
       -0.04785685,  0.15477953,  0.03204668, -0.29809808, -0.46055803,
       -0.27834538, -0.38675537, -0.00236511, -0.25850744, -0.46692848,
        0.41968442, -0.34757188, -0.19197111,  0.44080371, -0.17713565,
        0.09813877, -0.01144567, -0.19113379,  0.30026513,  0.03494236,
       -0.4157539 ,  0.329452  , -0.29684838, -0.38379393, -0.38710343,
        0.40359858, -0.25386554,  0.27181779, -0.13506742,  0.24151463,
       -0.12145523, -0.16819992, -0.45508632,  0.18743264, -0.3686187 ,
       -0.46193019, -0.09565828, -0.25525394, -0.30732297,  0.34890147,
       -0.39358308,  0.42030471, -0.11455574,  0.24937027, -0.25452997,
        0.00652367, -0.21558824,  0.41876052, -0.05642381, -0.03300299,
       -0.36254853,  0.41370201,  0.30041999,  0.16039336]) 

Generation: 94 
 - Generation Avg Fit: 13.663091648513609 
 - Best Fitness: 115.05586908683838 
 - Worst Fitness: 0.0
 - Best Solution: array([ 0.39190835, -0.20920422, -0.34156816, -0.02514817,  0.1593375 ,
       -0.39397528, -0.41182028, -0.03979288,  0.02091275,  0.26339687,
       -0.04785685,  0.15477953,  0.03204668, -0.29809808, -0.46055803,
       -0.27834538, -0.38675537, -0.00236511, -0.25850744, -0.46692848,
        0.41968442, -0.34757188, -0.19197111,  0.44080371, -0.17713565,
        0.09813877, -0.01144567, -0.19113379,  0.30026513,  0.03494236,
       -0.4157539 ,  0.329452  , -0.29684838, -0.38379393, -0.38710343,
        0.40359858, -0.25386554,  0.27181779, -0.13506742,  0.24151463,
       -0.12145523, -0.16819992, -0.45508632,  0.18743264, -0.3686187 ,
       -0.46193019, -0.09565828, -0.25525394, -0.30732297,  0.34890147,
       -0.39358308,  0.42030471, -0.11455574,  0.24937027, -0.25452997,
        0.00652367, -0.21558824,  0.41876052, -0.05642381, -0.03300299,
       -0.36254853,  0.41370201,  0.30041999,  0.16039336]) 

Generation: 95 
 - Generation Avg Fit: 13.467895078627667 
 - Best Fitness: 115.05586908683838 
 - Worst Fitness: 0.0
 - Best Solution: array([ 0.39190835, -0.20920422, -0.34156816, -0.02514817,  0.1593375 ,
       -0.39397528, -0.41182028, -0.03979288,  0.02091275,  0.26339687,
       -0.04785685,  0.15477953,  0.03204668, -0.29809808, -0.46055803,
       -0.27834538, -0.38675537, -0.00236511, -0.25850744, -0.46692848,
        0.41968442, -0.34757188, -0.19197111,  0.44080371, -0.17713565,
        0.09813877, -0.01144567, -0.19113379,  0.30026513,  0.03494236,
       -0.4157539 ,  0.329452  , -0.29684838, -0.38379393, -0.38710343,
        0.40359858, -0.25386554,  0.27181779, -0.13506742,  0.24151463,
       -0.12145523, -0.16819992, -0.45508632,  0.18743264, -0.3686187 ,
       -0.46193019, -0.09565828, -0.25525394, -0.30732297,  0.34890147,
       -0.39358308,  0.42030471, -0.11455574,  0.24937027, -0.25452997,
        0.00652367, -0.21558824,  0.41876052, -0.05642381, -0.03300299,
       -0.36254853,  0.41370201,  0.30041999,  0.16039336]) 

Generation: 96 
 - Generation Avg Fit: 13.513130358420762 
 - Best Fitness: 115.05586908683838 
 - Worst Fitness: 0.0
 - Best Solution: array([ 0.39190835, -0.20920422, -0.34156816, -0.02514817,  0.1593375 ,
       -0.39397528, -0.41182028, -0.03979288,  0.02091275,  0.26339687,
       -0.04785685,  0.15477953,  0.03204668, -0.29809808, -0.46055803,
       -0.27834538, -0.38675537, -0.00236511, -0.25850744, -0.46692848,
        0.41968442, -0.34757188, -0.19197111,  0.44080371, -0.17713565,
        0.09813877, -0.01144567, -0.19113379,  0.30026513,  0.03494236,
       -0.4157539 ,  0.329452  , -0.29684838, -0.38379393, -0.38710343,
        0.40359858, -0.25386554,  0.27181779, -0.13506742,  0.24151463,
       -0.12145523, -0.16819992, -0.45508632,  0.18743264, -0.3686187 ,
       -0.46193019, -0.09565828, -0.25525394, -0.30732297,  0.34890147,
       -0.39358308,  0.42030471, -0.11455574,  0.24937027, -0.25452997,
        0.00652367, -0.21558824,  0.41876052, -0.05642381, -0.03300299,
       -0.36254853,  0.41370201,  0.30041999,  0.16039336]) 

Generation: 97 
 - Generation Avg Fit: 13.497676904937064 
 - Best Fitness: 115.05586908683838 
 - Worst Fitness: 0.0
 - Best Solution: array([ 0.39190835, -0.20920422, -0.34156816, -0.02514817,  0.1593375 ,
       -0.39397528, -0.41182028, -0.03979288,  0.02091275,  0.26339687,
       -0.04785685,  0.15477953,  0.03204668, -0.29809808, -0.46055803,
       -0.27834538, -0.38675537, -0.00236511, -0.25850744, -0.46692848,
        0.41968442, -0.34757188, -0.19197111,  0.44080371, -0.17713565,
        0.09813877, -0.01144567, -0.19113379,  0.30026513,  0.03494236,
       -0.4157539 ,  0.329452  , -0.29684838, -0.38379393, -0.38710343,
        0.40359858, -0.25386554,  0.27181779, -0.13506742,  0.24151463,
       -0.12145523, -0.16819992, -0.45508632,  0.18743264, -0.3686187 ,
       -0.46193019, -0.09565828, -0.25525394, -0.30732297,  0.34890147,
       -0.39358308,  0.42030471, -0.11455574,  0.24937027, -0.25452997,
        0.00652367, -0.21558824,  0.41876052, -0.05642381, -0.03300299,
       -0.36254853,  0.41370201,  0.30041999,  0.16039336]) 

Generation: 98 
 - Generation Avg Fit: 13.510946275471008 
 - Best Fitness: 115.05586908683838 
 - Worst Fitness: 0.0
 - Best Solution: array([ 0.39190835, -0.20920422, -0.34156816, -0.02514817,  0.1593375 ,
       -0.39397528, -0.41182028, -0.03979288,  0.02091275,  0.26339687,
       -0.04785685,  0.15477953,  0.03204668, -0.29809808, -0.46055803,
       -0.27834538, -0.38675537, -0.00236511, -0.25850744, -0.46692848,
        0.41968442, -0.34757188, -0.19197111,  0.44080371, -0.17713565,
        0.09813877, -0.01144567, -0.19113379,  0.30026513,  0.03494236,
       -0.4157539 ,  0.329452  , -0.29684838, -0.38379393, -0.38710343,
        0.40359858, -0.25386554,  0.27181779, -0.13506742,  0.24151463,
       -0.12145523, -0.16819992, -0.45508632,  0.18743264, -0.3686187 ,
       -0.46193019, -0.09565828, -0.25525394, -0.30732297,  0.34890147,
       -0.39358308,  0.42030471, -0.11455574,  0.24937027, -0.25452997,
        0.00652367, -0.21558824,  0.41876052, -0.05642381, -0.03300299,
       -0.36254853,  0.41370201,  0.30041999,  0.16039336]) 

Generation: 99 
 - Generation Avg Fit: 13.453591311023102 
 - Best Fitness: 115.05586908683838 
 - Worst Fitness: 0.0
 - Best Solution: array([ 0.39190835, -0.20920422, -0.34156816, -0.02514817,  0.1593375 ,
       -0.39397528, -0.41182028, -0.03979288,  0.02091275,  0.26339687,
       -0.04785685,  0.15477953,  0.03204668, -0.29809808, -0.46055803,
       -0.27834538, -0.38675537, -0.00236511, -0.25850744, -0.46692848,
        0.41968442, -0.34757188, -0.19197111,  0.44080371, -0.17713565,
        0.09813877, -0.01144567, -0.19113379,  0.30026513,  0.03494236,
       -0.4157539 ,  0.329452  , -0.29684838, -0.38379393, -0.38710343,
        0.40359858, -0.25386554,  0.27181779, -0.13506742,  0.24151463,
       -0.12145523, -0.16819992, -0.45508632,  0.18743264, -0.3686187 ,
       -0.46193019, -0.09565828, -0.25525394, -0.30732297,  0.34890147,
       -0.39358308,  0.42030471, -0.11455574,  0.24937027, -0.25452997,
        0.00652367, -0.21558824,  0.41876052, -0.05642381, -0.03300299,
       -0.36254853,  0.41370201,  0.30041999,  0.16039336]) 

Generation: 100 
 - Generation Avg Fit: 13.790350009456084 
 - Best Fitness: 115.05586908683838 
 - Worst Fitness: 0.0
 - Best Solution: array([ 0.39190835, -0.20920422, -0.34156816, -0.02514817,  0.1593375 ,
       -0.39397528, -0.41182028, -0.03979288,  0.02091275,  0.26339687,
       -0.04785685,  0.15477953,  0.03204668, -0.29809808, -0.46055803,
       -0.27834538, -0.38675537, -0.00236511, -0.25850744, -0.46692848,
        0.41968442, -0.34757188, -0.19197111,  0.44080371, -0.17713565,
        0.09813877, -0.01144567, -0.19113379,  0.30026513,  0.03494236,
       -0.4157539 ,  0.329452  , -0.29684838, -0.38379393, -0.38710343,
        0.40359858, -0.25386554,  0.27181779, -0.13506742,  0.24151463,
       -0.12145523, -0.16819992, -0.45508632,  0.18743264, -0.3686187 ,
       -0.46193019, -0.09565828, -0.25525394, -0.30732297,  0.34890147,
       -0.39358308,  0.42030471, -0.11455574,  0.24937027, -0.25452997,
        0.00652367, -0.21558824,  0.41876052, -0.05642381, -0.03300299,
       -0.36254853,  0.41370201,  0.30041999,  0.16039336]) 
