
-------------------------------------------------------------------------------------------------------
                                --- Method Parameters ---                                            
-------------------------------------------------------------------------------------------------------

method: PyGAD, entity: hydrostat_reservoir, volume: 0.1, sim_duration: 100, dt: 0.05, 
fitness_func: pygad_fitness, pop_size: 200, gen_size: 100, weight_search: 0.5, 

-------------------------------------------------------------------------------------------------------
                                --- Pygad  Parameters ---                                            
-------------------------------------------------------------------------------------------------------

parent_selection_type: rank, parents mating: 100, keep parents: 100, crossover type: uniform, 
mutation type: random, mutation prob: 0.5, mutation_max_val: 0.01, mutation_min_val: -0.01, 

=======================================================================================================


Generation: 1 
 - Generation Avg Fit: 0.16434935384896132 
 - Best Fitness: 14.632190641144526 
 - Worst Fitness: 0.0
 - Best Solution: array([-0.48703775, -0.35212306,  0.0753616 , -0.16405015,  0.02012746,
       -0.48680215, -0.17215084, -0.2766764 ,  0.11141291, -0.25906701,
        0.05590136,  0.48433719,  0.11736513,  0.37217998, -0.11514361,
        0.08036185, -0.42956485,  0.49215003, -0.16222638,  0.43586918,
        0.40551008,  0.48841138,  0.37312099,  0.36849934,  0.34585665,
        0.38493106,  0.22942344, -0.14665317, -0.27842082, -0.09065935,
       -0.41360824, -0.39870422,  0.15479173,  0.32314444, -0.31536509,
        0.06210034,  0.26716771, -0.41143586, -0.28569688, -0.06802178,
       -0.19088344, -0.19151649,  0.45135086, -0.16234448, -0.49160176,
       -0.09493562, -0.00914076,  0.02918026,  0.41917336,  0.4067967 ,
       -0.25964307,  0.25788224,  0.44731331,  0.39274619, -0.0183965 ,
       -0.17048008,  0.04944606, -0.26364075, -0.42755957,  0.31140064,
       -0.31423434,  0.16732554, -0.1661869 ,  0.19051422]) 

Generation: 2 
 - Generation Avg Fit: 0.21876188400465973 
 - Best Fitness: 14.632190641144526 
 - Worst Fitness: 0.0
 - Best Solution: array([ 0.40746598,  0.24083339, -0.09810587, -0.23928388, -0.2951659 ,
        0.32311694, -0.44952461, -0.38991598,  0.40316108, -0.10112518,
        0.25600331, -0.40766228,  0.22369423, -0.07652652, -0.03111592,
        0.01359548, -0.31113075, -0.13153214, -0.13268866, -0.07363331,
        0.03328398,  0.11309989,  0.39937618,  0.12099814, -0.3407472 ,
        0.30313637,  0.10922598,  0.13828658,  0.12040779,  0.44428039,
       -0.2558229 , -0.27423705,  0.21378751, -0.22555787,  0.33609343,
        0.41767507, -0.46420004, -0.14114356, -0.44592851, -0.03040621,
       -0.31169087,  0.24810271, -0.16567103, -0.34042996,  0.04346446,
       -0.32297925, -0.23775713,  0.30546044, -0.47352546, -0.25971898,
       -0.03700579,  0.09375834,  0.41047258, -0.31093521,  0.36993467,
       -0.05881198, -0.04401004, -0.36751817, -0.10507629, -0.42452788,
        0.17526065, -0.00648451, -0.25639042,  0.04935979]) 

Generation: 3 
 - Generation Avg Fit: 0.2671721965467137 
 - Best Fitness: 14.632190641144526 
 - Worst Fitness: 0.0
 - Best Solution: array([ 0.09837556, -0.46787527, -0.11233091, -0.28177124,  0.18148843,
       -0.46731724, -0.20248455, -0.34268617,  0.44101476,  0.037726  ,
       -0.4873923 ,  0.16176872, -0.0206219 ,  0.33986096, -0.44654935,
       -0.01429978, -0.37909205, -0.07989119, -0.42635424, -0.37087768,
        0.21470577, -0.2034437 , -0.08486774, -0.16190864, -0.41399375,
       -0.40069735,  0.10573005, -0.14693267, -0.4429845 ,  0.3664993 ,
       -0.01483426, -0.00827204,  0.22283527,  0.40255981,  0.1913727 ,
       -0.31943814,  0.25255507, -0.48742098,  0.37980823, -0.06115014,
       -0.38828096,  0.44538488,  0.50235943, -0.48027689,  0.10476635,
        0.11748414,  0.45165949, -0.36395662, -0.09391047, -0.31251162,
        0.05792116,  0.41098085,  0.16642469, -0.32793316,  0.24441875,
       -0.21267525, -0.45559678,  0.09394211, -0.2166696 ,  0.42769507,
       -0.29281315,  0.02993519,  0.4271204 ,  0.23596794]) 

Generation: 4 
 - Generation Avg Fit: 0.4263228819117106 
 - Best Fitness: 14.632190641144526 
 - Worst Fitness: 0.0
 - Best Solution: array([ 0.09837556, -0.46787527, -0.11233091, -0.28177124,  0.18148843,
       -0.46731724, -0.20248455, -0.34268617,  0.44101476,  0.037726  ,
       -0.4873923 ,  0.16176872, -0.0206219 ,  0.33986096, -0.44654935,
       -0.01429978, -0.37909205, -0.07989119, -0.42635424, -0.37087768,
        0.21470577, -0.2034437 , -0.08486774, -0.16190864, -0.41399375,
       -0.40069735,  0.10573005, -0.14693267, -0.4429845 ,  0.3664993 ,
       -0.01483426, -0.00827204,  0.22283527,  0.40255981,  0.1913727 ,
       -0.31943814,  0.25255507, -0.48742098,  0.37980823, -0.06115014,
       -0.38828096,  0.44538488,  0.50235943, -0.48027689,  0.10476635,
        0.11748414,  0.45165949, -0.36395662, -0.09391047, -0.31251162,
        0.05792116,  0.41098085,  0.16642469, -0.32793316,  0.24441875,
       -0.21267525, -0.45559678,  0.09394211, -0.2166696 ,  0.42769507,
       -0.29281315,  0.02993519,  0.4271204 ,  0.23596794]) 

Generation: 5 
 - Generation Avg Fit: 0.561665068273644 
 - Best Fitness: 14.632190641144526 
 - Worst Fitness: 0.0
 - Best Solution: array([ 0.09837556, -0.46787527, -0.11233091, -0.28177124,  0.18148843,
       -0.46731724, -0.20248455, -0.34268617,  0.44101476,  0.037726  ,
       -0.4873923 ,  0.16176872, -0.0206219 ,  0.33986096, -0.44654935,
       -0.01429978, -0.37909205, -0.07989119, -0.42635424, -0.37087768,
        0.21470577, -0.2034437 , -0.08486774, -0.16190864, -0.41399375,
       -0.40069735,  0.10573005, -0.14693267, -0.4429845 ,  0.3664993 ,
       -0.01483426, -0.00827204,  0.22283527,  0.40255981,  0.1913727 ,
       -0.31943814,  0.25255507, -0.48742098,  0.37980823, -0.06115014,
       -0.38828096,  0.44538488,  0.50235943, -0.48027689,  0.10476635,
        0.11748414,  0.45165949, -0.36395662, -0.09391047, -0.31251162,
        0.05792116,  0.41098085,  0.16642469, -0.32793316,  0.24441875,
       -0.21267525, -0.45559678,  0.09394211, -0.2166696 ,  0.42769507,
       -0.29281315,  0.02993519,  0.4271204 ,  0.23596794]) 

Generation: 6 
 - Generation Avg Fit: 0.8116995817082077 
 - Best Fitness: 14.632190641144526 
 - Worst Fitness: 0.0
 - Best Solution: array([ 0.09837556, -0.46787527, -0.11233091, -0.28177124,  0.18148843,
       -0.46731724, -0.20248455, -0.34268617,  0.44101476,  0.037726  ,
       -0.4873923 ,  0.16176872, -0.0206219 ,  0.33986096, -0.44654935,
       -0.01429978, -0.37909205, -0.07989119, -0.42635424, -0.37087768,
        0.21470577, -0.2034437 , -0.08486774, -0.16190864, -0.41399375,
       -0.40069735,  0.10573005, -0.14693267, -0.4429845 ,  0.3664993 ,
       -0.01483426, -0.00827204,  0.22283527,  0.40255981,  0.1913727 ,
       -0.31943814,  0.25255507, -0.48742098,  0.37980823, -0.06115014,
       -0.38828096,  0.44538488,  0.50235943, -0.48027689,  0.10476635,
        0.11748414,  0.45165949, -0.36395662, -0.09391047, -0.31251162,
        0.05792116,  0.41098085,  0.16642469, -0.32793316,  0.24441875,
       -0.21267525, -0.45559678,  0.09394211, -0.2166696 ,  0.42769507,
       -0.29281315,  0.02993519,  0.4271204 ,  0.23596794]) 

Generation: 7 
 - Generation Avg Fit: 1.443693112409344 
 - Best Fitness: 14.632190641144526 
 - Worst Fitness: 0.0
 - Best Solution: array([ 0.09837556, -0.46787527, -0.11233091, -0.28177124,  0.18148843,
       -0.46731724, -0.20248455, -0.34268617,  0.44101476,  0.037726  ,
       -0.4873923 ,  0.16176872, -0.0206219 ,  0.33986096, -0.44654935,
       -0.01429978, -0.37909205, -0.07989119, -0.42635424, -0.37087768,
        0.21470577, -0.2034437 , -0.08486774, -0.16190864, -0.41399375,
       -0.40069735,  0.10573005, -0.14693267, -0.4429845 ,  0.3664993 ,
       -0.01483426, -0.00827204,  0.22283527,  0.40255981,  0.1913727 ,
       -0.31943814,  0.25255507, -0.48742098,  0.37980823, -0.06115014,
       -0.38828096,  0.44538488,  0.50235943, -0.48027689,  0.10476635,
        0.11748414,  0.45165949, -0.36395662, -0.09391047, -0.31251162,
        0.05792116,  0.41098085,  0.16642469, -0.32793316,  0.24441875,
       -0.21267525, -0.45559678,  0.09394211, -0.2166696 ,  0.42769507,
       -0.29281315,  0.02993519,  0.4271204 ,  0.23596794]) 

Generation: 8 
 - Generation Avg Fit: 2.1115537570396525 
 - Best Fitness: 14.632190641144526 
 - Worst Fitness: 0.0
 - Best Solution: array([ 0.09837556, -0.46787527, -0.11233091, -0.28177124,  0.18148843,
       -0.46731724, -0.20248455, -0.34268617,  0.44101476,  0.037726  ,
       -0.4873923 ,  0.16176872, -0.0206219 ,  0.33986096, -0.44654935,
       -0.01429978, -0.37909205, -0.07989119, -0.42635424, -0.37087768,
        0.21470577, -0.2034437 , -0.08486774, -0.16190864, -0.41399375,
       -0.40069735,  0.10573005, -0.14693267, -0.4429845 ,  0.3664993 ,
       -0.01483426, -0.00827204,  0.22283527,  0.40255981,  0.1913727 ,
       -0.31943814,  0.25255507, -0.48742098,  0.37980823, -0.06115014,
       -0.38828096,  0.44538488,  0.50235943, -0.48027689,  0.10476635,
        0.11748414,  0.45165949, -0.36395662, -0.09391047, -0.31251162,
        0.05792116,  0.41098085,  0.16642469, -0.32793316,  0.24441875,
       -0.21267525, -0.45559678,  0.09394211, -0.2166696 ,  0.42769507,
       -0.29281315,  0.02993519,  0.4271204 ,  0.23596794]) 

Generation: 9 
 - Generation Avg Fit: 2.573072980389643 
 - Best Fitness: 14.632190641144526 
 - Worst Fitness: 0.0
 - Best Solution: array([ 0.09837556, -0.46787527, -0.11233091, -0.28177124,  0.18148843,
       -0.46731724, -0.20248455, -0.34268617,  0.44101476,  0.037726  ,
       -0.4873923 ,  0.16176872, -0.0206219 ,  0.33986096, -0.44654935,
       -0.01429978, -0.37909205, -0.07989119, -0.42635424, -0.37087768,
        0.21470577, -0.2034437 , -0.08486774, -0.16190864, -0.41399375,
       -0.40069735,  0.10573005, -0.14693267, -0.4429845 ,  0.3664993 ,
       -0.01483426, -0.00827204,  0.22283527,  0.40255981,  0.1913727 ,
       -0.31943814,  0.25255507, -0.48742098,  0.37980823, -0.06115014,
       -0.38828096,  0.44538488,  0.50235943, -0.48027689,  0.10476635,
        0.11748414,  0.45165949, -0.36395662, -0.09391047, -0.31251162,
        0.05792116,  0.41098085,  0.16642469, -0.32793316,  0.24441875,
       -0.21267525, -0.45559678,  0.09394211, -0.2166696 ,  0.42769507,
       -0.29281315,  0.02993519,  0.4271204 ,  0.23596794]) 

Generation: 10 
 - Generation Avg Fit: 2.7511188559360846 
 - Best Fitness: 14.632190641144526 
 - Worst Fitness: 0.0
 - Best Solution: array([ 0.09837556, -0.46787527, -0.11233091, -0.28177124,  0.18148843,
       -0.46731724, -0.20248455, -0.34268617,  0.44101476,  0.037726  ,
       -0.4873923 ,  0.16176872, -0.0206219 ,  0.33986096, -0.44654935,
       -0.01429978, -0.37909205, -0.07989119, -0.42635424, -0.37087768,
        0.21470577, -0.2034437 , -0.08486774, -0.16190864, -0.41399375,
       -0.40069735,  0.10573005, -0.14693267, -0.4429845 ,  0.3664993 ,
       -0.01483426, -0.00827204,  0.22283527,  0.40255981,  0.1913727 ,
       -0.31943814,  0.25255507, -0.48742098,  0.37980823, -0.06115014,
       -0.38828096,  0.44538488,  0.50235943, -0.48027689,  0.10476635,
        0.11748414,  0.45165949, -0.36395662, -0.09391047, -0.31251162,
        0.05792116,  0.41098085,  0.16642469, -0.32793316,  0.24441875,
       -0.21267525, -0.45559678,  0.09394211, -0.2166696 ,  0.42769507,
       -0.29281315,  0.02993519,  0.4271204 ,  0.23596794]) 

Generation: 11 
 - Generation Avg Fit: 3.066123960298296 
 - Best Fitness: 19.478047967632985 
 - Worst Fitness: 0.0
 - Best Solution: array([ 0.01054945,  0.01367971,  0.00845492, -0.25519663, -0.29839478,
       -0.02292049,  0.0432002 ,  0.2130284 ,  0.00781555, -0.22932428,
        0.25600331,  0.01038108,  0.21931372, -0.00936973,  0.008343  ,
        0.01193133,  0.10041475, -0.00158329, -0.13268866, -0.07682011,
       -0.056887  ,  0.00509203, -0.46618345,  0.11924893, -0.43755782,
        0.01167395,  0.104054  ,  0.1443708 ,  0.00760506, -0.01687257,
       -0.00124379, -0.00534213, -0.21607336, -0.00490239, -0.00735989,
       -0.00287027, -0.00271582, -0.00088735,  0.00495778, -0.12882055,
        0.01202765,  0.25087018, -0.16111487, -0.35691948,  0.02904292,
       -0.32655623, -0.0438621 ,  0.31024649, -0.00537538, -0.25971898,
       -0.43842017, -0.23822932, -0.00820392, -0.46195608, -0.2770727 ,
        0.01488895, -0.00468729, -0.2829744 , -0.11251897, -0.11784982,
        0.00966243, -0.00046849, -0.26039594,  0.05100959]) 

Generation: 12 
 - Generation Avg Fit: 3.0877156591769745 
 - Best Fitness: 19.478047967632985 
 - Worst Fitness: 0.0
 - Best Solution: array([ 0.09837556, -0.46787527, -0.11233091, -0.28177124,  0.18148843,
       -0.46731724, -0.20248455, -0.34268617,  0.44101476,  0.037726  ,
       -0.4873923 ,  0.16176872, -0.0206219 ,  0.33986096, -0.44654935,
       -0.01429978, -0.37909205, -0.07989119, -0.42635424, -0.37087768,
        0.21470577, -0.2034437 , -0.08486774, -0.16190864, -0.41399375,
       -0.40069735,  0.10573005, -0.14693267, -0.4429845 ,  0.3664993 ,
       -0.01483426, -0.00827204,  0.22283527,  0.40255981,  0.1913727 ,
       -0.31943814,  0.25255507, -0.48742098,  0.37980823, -0.06115014,
       -0.38828096,  0.44538488,  0.50235943, -0.48027689,  0.10476635,
        0.11748414,  0.45165949, -0.36395662, -0.09391047, -0.31251162,
        0.05792116,  0.41098085,  0.16642469, -0.32793316,  0.24441875,
       -0.21267525, -0.45559678,  0.09394211, -0.2166696 ,  0.42769507,
       -0.29281315,  0.02993519,  0.4271204 ,  0.23596794]) 

Generation: 13 
 - Generation Avg Fit: 3.365229995261062 
 - Best Fitness: 19.478047967632985 
 - Worst Fitness: 0.0
 - Best Solution: array([ 0.01054945,  0.01367971,  0.00845492, -0.25519663, -0.29839478,
       -0.02292049,  0.0432002 ,  0.2130284 ,  0.00781555, -0.22932428,
        0.25600331,  0.01038108,  0.21931372, -0.00936973,  0.008343  ,
        0.01193133,  0.10041475, -0.00158329, -0.13268866, -0.07682011,
       -0.056887  ,  0.00509203, -0.46618345,  0.11924893, -0.43755782,
        0.01167395,  0.104054  ,  0.1443708 ,  0.00760506, -0.01687257,
       -0.00124379, -0.00534213, -0.21607336, -0.00490239, -0.00735989,
       -0.00287027, -0.00271582, -0.00088735,  0.00495778, -0.12882055,
        0.01202765,  0.25087018, -0.16111487, -0.35691948,  0.02904292,
       -0.32655623, -0.0438621 ,  0.31024649, -0.00537538, -0.25971898,
       -0.43842017, -0.23822932, -0.00820392, -0.46195608, -0.2770727 ,
        0.01488895, -0.00468729, -0.2829744 , -0.11251897, -0.11784982,
        0.00966243, -0.00046849, -0.26039594,  0.05100959]) 

Generation: 14 
 - Generation Avg Fit: 3.5601560402697867 
 - Best Fitness: 21.412100243548945 
 - Worst Fitness: 0.0
 - Best Solution: array([ 0.01494484,  0.01056608,  0.00845492, -0.25087777, -0.27847984,
        0.01061311,  0.46236081,  0.00168495,  0.00289778,  0.22724461,
       -0.2496323 , -0.16167158, -0.1646324 , -0.36658829, -0.42143812,
       -0.01013265, -0.10799027, -0.25403582, -0.12714326, -0.07119863,
       -0.23163885,  0.16919937, -0.44765482,  0.0148953 , -0.41154983,
        0.29507189, -0.22568069,  0.26618865, -0.43921999, -0.15748737,
       -0.13279546, -0.13042431, -0.21537339,  0.33386466,  0.00518518,
        0.38590504,  0.15384622, -0.19676316, -0.00258584, -0.13812028,
        0.35592037,  0.23117621, -0.18683193,  0.22356596,  0.31771219,
        0.01189796, -0.03801014,  0.45272705,  0.07566545, -0.24846815,
       -0.43866036, -0.08826057,  0.37270326,  0.2515924 , -0.46526658,
        0.00310496, -0.25162318, -0.41127947,  0.04514205, -0.11154742,
       -0.4720927 , -0.00747479,  0.16026201,  0.04151389]) 

Generation: 15 
 - Generation Avg Fit: 3.833944063749608 
 - Best Fitness: 21.412100243548945 
 - Worst Fitness: 0.0
 - Best Solution: array([ 0.01054945,  0.01367971,  0.00845492, -0.25519663, -0.29839478,
       -0.02292049,  0.0432002 ,  0.2130284 ,  0.00781555, -0.22932428,
        0.25600331,  0.01038108,  0.21931372, -0.00936973,  0.008343  ,
        0.01193133,  0.10041475, -0.00158329, -0.13268866, -0.07682011,
       -0.056887  ,  0.00509203, -0.46618345,  0.11924893, -0.43755782,
        0.01167395,  0.104054  ,  0.1443708 ,  0.00760506, -0.01687257,
       -0.00124379, -0.00534213, -0.21607336, -0.00490239, -0.00735989,
       -0.00287027, -0.00271582, -0.00088735,  0.00495778, -0.12882055,
        0.01202765,  0.25087018, -0.16111487, -0.35691948,  0.02904292,
       -0.32655623, -0.0438621 ,  0.31024649, -0.00537538, -0.25971898,
       -0.43842017, -0.23822932, -0.00820392, -0.46195608, -0.2770727 ,
        0.01488895, -0.00468729, -0.2829744 , -0.11251897, -0.11784982,
        0.00966243, -0.00046849, -0.26039594,  0.05100959]) 

Generation: 16 
 - Generation Avg Fit: 4.048828312993803 
 - Best Fitness: 21.412100243548945 
 - Worst Fitness: 0.0
 - Best Solution: array([ 0.01494484,  0.01056608,  0.00845492, -0.25087777, -0.27847984,
        0.01061311,  0.46236081,  0.00168495,  0.00289778,  0.22724461,
       -0.2496323 , -0.16167158, -0.1646324 , -0.36658829, -0.42143812,
       -0.01013265, -0.10799027, -0.25403582, -0.12714326, -0.07119863,
       -0.23163885,  0.16919937, -0.44765482,  0.0148953 , -0.41154983,
        0.29507189, -0.22568069,  0.26618865, -0.43921999, -0.15748737,
       -0.13279546, -0.13042431, -0.21537339,  0.33386466,  0.00518518,
        0.38590504,  0.15384622, -0.19676316, -0.00258584, -0.13812028,
        0.35592037,  0.23117621, -0.18683193,  0.22356596,  0.31771219,
        0.01189796, -0.03801014,  0.45272705,  0.07566545, -0.24846815,
       -0.43866036, -0.08826057,  0.37270326,  0.2515924 , -0.46526658,
        0.00310496, -0.25162318, -0.41127947,  0.04514205, -0.11154742,
       -0.4720927 , -0.00747479,  0.16026201,  0.04151389]) 

Generation: 17 
 - Generation Avg Fit: 4.338563160788637 
 - Best Fitness: 23.277153915169674 
 - Worst Fitness: 0.0
 - Best Solution: array([ 4.98017336e-03,  2.49930592e-01,  9.09403960e-03, -4.19204293e-03,
       -3.01681222e-01, -2.22050649e-02,  7.10743376e-02, -1.71635546e-02,
       -1.29500650e-01, -1.00579081e-01, -1.24950213e-02, -3.94667251e-01,
        2.19313723e-01,  6.49301038e-03, -3.01046807e-01,  1.19313335e-02,
        1.21410156e-02,  7.72903126e-05, -1.35502027e-01, -8.47342233e-02,
       -7.58571305e-03,  1.10191825e-03, -4.61039204e-01,  1.29640532e-01,
       -3.33664944e-01,  3.46012240e-03, -1.75852624e-03, -1.48350551e-03,
        2.78693108e-01, -1.41575779e-02, -9.70909282e-03, -1.31412876e-01,
       -2.13344232e-01, -2.03208777e-02, -1.91203508e-02,  1.43063231e-03,
       -5.98826548e-03,  2.31400694e-03,  1.80515235e-03, -1.14421630e-01,
       -1.29119435e-01,  1.67449588e-01, -1.51340626e-01, -3.51957111e-01,
        3.35294289e-02, -3.11265220e-04,  1.93758436e-02, -1.10401173e-02,
        1.20429781e-02,  9.08118780e-04, -4.25499782e-01, -2.35081810e-01,
       -4.78163026e-01, -4.89856847e-01, -2.82804862e-01,  1.48889499e-02,
       -2.44801658e-01, -2.76544827e-01, -9.61205186e-02, -1.08870797e-01,
        1.02747807e-02,  1.01948622e-01,  1.62691278e-01,  4.65397800e-02]) 

Generation: 18 
 - Generation Avg Fit: 4.663375235997188 
 - Best Fitness: 23.277153915169674 
 - Worst Fitness: 0.0
 - Best Solution: array([ 0.01494484,  0.01056608,  0.00845492, -0.25087777, -0.27847984,
        0.01061311,  0.46236081,  0.00168495,  0.00289778,  0.22724461,
       -0.2496323 , -0.16167158, -0.1646324 , -0.36658829, -0.42143812,
       -0.01013265, -0.10799027, -0.25403582, -0.12714326, -0.07119863,
       -0.23163885,  0.16919937, -0.44765482,  0.0148953 , -0.41154983,
        0.29507189, -0.22568069,  0.26618865, -0.43921999, -0.15748737,
       -0.13279546, -0.13042431, -0.21537339,  0.33386466,  0.00518518,
        0.38590504,  0.15384622, -0.19676316, -0.00258584, -0.13812028,
        0.35592037,  0.23117621, -0.18683193,  0.22356596,  0.31771219,
        0.01189796, -0.03801014,  0.45272705,  0.07566545, -0.24846815,
       -0.43866036, -0.08826057,  0.37270326,  0.2515924 , -0.46526658,
        0.00310496, -0.25162318, -0.41127947,  0.04514205, -0.11154742,
       -0.4720927 , -0.00747479,  0.16026201,  0.04151389]) 

Generation: 19 
 - Generation Avg Fit: 4.8048990920636045 
 - Best Fitness: 23.277153915169674 
 - Worst Fitness: 0.0
 - Best Solution: array([ 4.98017336e-03,  2.49930592e-01,  9.09403960e-03, -4.19204293e-03,
       -3.01681222e-01, -2.22050649e-02,  7.10743376e-02, -1.71635546e-02,
       -1.29500650e-01, -1.00579081e-01, -1.24950213e-02, -3.94667251e-01,
        2.19313723e-01,  6.49301038e-03, -3.01046807e-01,  1.19313335e-02,
        1.21410156e-02,  7.72903126e-05, -1.35502027e-01, -8.47342233e-02,
       -7.58571305e-03,  1.10191825e-03, -4.61039204e-01,  1.29640532e-01,
       -3.33664944e-01,  3.46012240e-03, -1.75852624e-03, -1.48350551e-03,
        2.78693108e-01, -1.41575779e-02, -9.70909282e-03, -1.31412876e-01,
       -2.13344232e-01, -2.03208777e-02, -1.91203508e-02,  1.43063231e-03,
       -5.98826548e-03,  2.31400694e-03,  1.80515235e-03, -1.14421630e-01,
       -1.29119435e-01,  1.67449588e-01, -1.51340626e-01, -3.51957111e-01,
        3.35294289e-02, -3.11265220e-04,  1.93758436e-02, -1.10401173e-02,
        1.20429781e-02,  9.08118780e-04, -4.25499782e-01, -2.35081810e-01,
       -4.78163026e-01, -4.89856847e-01, -2.82804862e-01,  1.48889499e-02,
       -2.44801658e-01, -2.76544827e-01, -9.61205186e-02, -1.08870797e-01,
        1.02747807e-02,  1.01948622e-01,  1.62691278e-01,  4.65397800e-02]) 

Generation: 20 
 - Generation Avg Fit: 5.446626308708162 
 - Best Fitness: 25.984319851304054 
 - Worst Fitness: 0.0
 - Best Solution: array([ 0.00552933,  0.02352337, -0.35565886, -0.25482798, -0.2730176 ,
        0.01451998, -0.44043248, -0.00525933, -0.11342115, -0.23299017,
        0.25634988, -0.398905  ,  0.21431423, -0.47833291, -0.00761655,
       -0.00842314, -0.02086263, -0.00437336, -0.13910412, -0.07429018,
       -0.06682965,  0.00190519, -0.45320969,  0.0035395 , -0.37160337,
        0.00839181, -0.05913704, -0.00676588, -0.00259023,  0.0123345 ,
       -0.00311214, -0.00336023, -0.01057418,  0.00391276, -0.00415297,
       -0.334379  , -0.00271582, -0.0028896 ,  0.00154356,  0.1151211 ,
       -0.01061303,  0.01858764, -0.01811978, -0.27467433,  0.03838886,
       -0.00584306,  0.0005325 ,  0.4582619 , -0.00184231, -0.28100003,
       -0.43686613,  0.07986599,  0.40001588, -0.46654267,  0.4644538 ,
       -0.43474044, -0.24636668, -0.2772765 , -0.09689334, -0.07920869,
       -0.00612633, -0.01158997, -0.00702131,  0.04935979]) 

Generation: 21 
 - Generation Avg Fit: 5.636337358442842 
 - Best Fitness: 25.984319851304054 
 - Worst Fitness: 0.0
 - Best Solution: array([ 4.98017336e-03,  2.49930592e-01,  9.09403960e-03, -4.19204293e-03,
       -3.01681222e-01, -2.22050649e-02,  7.10743376e-02, -1.71635546e-02,
       -1.29500650e-01, -1.00579081e-01, -1.24950213e-02, -3.94667251e-01,
        2.19313723e-01,  6.49301038e-03, -3.01046807e-01,  1.19313335e-02,
        1.21410156e-02,  7.72903126e-05, -1.35502027e-01, -8.47342233e-02,
       -7.58571305e-03,  1.10191825e-03, -4.61039204e-01,  1.29640532e-01,
       -3.33664944e-01,  3.46012240e-03, -1.75852624e-03, -1.48350551e-03,
        2.78693108e-01, -1.41575779e-02, -9.70909282e-03, -1.31412876e-01,
       -2.13344232e-01, -2.03208777e-02, -1.91203508e-02,  1.43063231e-03,
       -5.98826548e-03,  2.31400694e-03,  1.80515235e-03, -1.14421630e-01,
       -1.29119435e-01,  1.67449588e-01, -1.51340626e-01, -3.51957111e-01,
        3.35294289e-02, -3.11265220e-04,  1.93758436e-02, -1.10401173e-02,
        1.20429781e-02,  9.08118780e-04, -4.25499782e-01, -2.35081810e-01,
       -4.78163026e-01, -4.89856847e-01, -2.82804862e-01,  1.48889499e-02,
       -2.44801658e-01, -2.76544827e-01, -9.61205186e-02, -1.08870797e-01,
        1.02747807e-02,  1.01948622e-01,  1.62691278e-01,  4.65397800e-02]) 

Generation: 22 
 - Generation Avg Fit: 6.032350321546123 
 - Best Fitness: 28.352745931596328 
 - Worst Fitness: 0.0
 - Best Solution: array([ 0.01054945,  0.01331607,  0.01302748, -0.22570076, -0.29509821,
       -0.03780157, -0.45720931,  0.22196657,  0.00513036,  0.2214329 ,
        0.25951523, -0.39014998,  0.22123668,  0.00258789,  0.01795741,
       -0.39725569,  0.12131105, -0.00256086, -0.13268866, -0.06981626,
       -0.04543368,  0.01594312, -0.43962692,  0.12052991, -0.3276317 ,
        0.00602338,  0.11126921, -0.33138337,  0.00754124,  0.00256629,
       -0.00072509, -0.0123135 , -0.0085409 , -0.01184349,  0.01181202,
       -0.00210887,  0.01289433,  0.01018357,  0.00057605,  0.00350508,
        0.00580087,  0.23354255, -0.27937466, -0.00672667, -0.00490925,
        0.40683787, -0.05208149,  0.00390027, -0.12628258, -0.25480936,
        0.00205051,  0.10366271, -0.01097651, -0.49529687, -0.30193675,
        0.01557153, -0.00666754, -0.0173067 , -0.11552691, -0.0973184 ,
       -0.00094347, -0.0048289 , -0.27874955,  0.05127513]) 

Generation: 23 
 - Generation Avg Fit: 6.458038345758239 
 - Best Fitness: 32.03724933939859 
 - Worst Fitness: 0.0
 - Best Solution: array([-2.82377898e-04,  2.29508347e-01, -5.55396586e-03,  2.34537358e-03,
       -4.29148890e-03, -3.17269225e-02, -4.47046332e-01,  2.33750378e-04,
       -1.32884704e-01,  5.60051384e-03, -6.91177870e-03, -2.67726477e-01,
        7.23719750e-02, -5.41616625e-03, -1.07852395e-03, -4.28308802e-01,
        6.21850816e-03, -6.96717664e-03, -4.86047480e-01, -7.10775745e-02,
       -1.25319492e-01, -4.30818827e-03, -4.40942322e-01, -2.24403704e-01,
       -3.68174642e-01,  9.51261375e-03, -3.49379431e-03, -1.89062557e-01,
       -1.33152203e-02,  1.87064232e-02, -2.26083499e-01,  8.91131071e-03,
       -1.82473098e-02, -2.09606904e-01,  7.05938293e-03, -3.11538999e-03,
        0.00000000e+00, -1.74460992e-04, -3.74997141e-03,  1.09012194e-02,
       -1.26591938e-01,  2.05121863e-03, -2.70429938e-01, -1.40939231e-04,
        6.77330491e-03, -4.83252798e-03, -6.93839385e-04,  4.52548700e-01,
       -1.44881053e-01, -2.70348127e-01, -4.66301477e-04, -1.24905056e-02,
        3.90430090e-01, -4.87050821e-01,  5.13881943e-03,  1.01314539e-02,
       -2.84100834e-03, -2.73430551e-01,  8.79704666e-02,  2.51690762e-04,
        1.84898977e-02,  6.80977784e-03,  9.12556087e-02, -4.96421900e-02]) 

Generation: 24 
 - Generation Avg Fit: 7.194236725928749 
 - Best Fitness: 32.03724933939859 
 - Worst Fitness: 0.0
 - Best Solution: array([ 2.41357993e-02,  1.86576276e-02,  1.90606412e-02, -2.39467742e-01,
       -3.08600012e-01, -4.28443594e-02, -4.57602617e-01,  1.36561906e-02,
       -1.21450689e-03, -1.11213036e-01, -9.12565779e-03, -4.06369519e-01,
        2.27185596e-01, -1.16819843e-02, -7.41329163e-02, -4.16400268e-01,
       -3.11130752e-01, -1.35125566e-01, -2.80676699e-01, -6.73895823e-02,
        7.12179213e-04,  1.13099889e-01,  3.91808542e-01, -2.11487031e-01,
       -3.48065870e-01, -2.37353803e-02,  1.11610086e-02, -1.82589262e-02,
        2.79463162e-01,  4.56592502e-01,  1.77445189e-02, -1.45642066e-01,
       -2.33031753e-01, -4.93475647e-03,  6.38318413e-03,  3.24264198e-04,
        1.21376315e-02,  1.01517033e-04,  1.38138918e-02, -1.05473845e-01,
       -1.35231127e-01,  2.53073708e-01, -2.71046769e-01, -3.40429964e-01,
        5.19610386e-02, -3.19322552e-01,  4.08385553e-03,  3.11106004e-01,
       -4.73525464e-01, -2.66652327e-01, -4.28320951e-01,  1.08473639e-01,
       -1.06351119e-02, -4.90220163e-01, -3.02021380e-01,  1.89215147e-02,
       -4.79941628e-02, -3.74921146e-01, -1.51831394e-01, -9.94947309e-03,
       -5.29459319e-05,  1.02127845e-03,  1.62148465e-01, -3.87841911e-02]) 

Generation: 25 
 - Generation Avg Fit: 6.9285606283734635 
 - Best Fitness: 32.03724933939859 
 - Worst Fitness: 0.0
 - Best Solution: array([ 4.06592070e-01,  2.29702422e-01,  4.87205445e-03, -2.54077150e-01,
       -2.70485949e-01, -3.51745861e-02, -4.54281776e-01,  2.27555442e-01,
        3.58550144e-03, -9.80860064e-02, -2.26760213e-03, -3.94168249e-01,
       -4.33915005e-01, -1.76185012e-02,  1.12039515e-04,  6.82121054e-03,
       -3.01261720e-01,  8.85578734e-03, -2.99705746e-01, -1.79756559e-02,
       -8.90956118e-03, -6.03163082e-03, -4.47445590e-01, -1.90202619e-01,
       -3.38087918e-01, -7.17397420e-02, -1.59852517e-02, -2.07485235e-02,
        0.00000000e+00, -1.02438003e-03, -2.42590136e-01, -4.48751557e-03,
        1.95870381e-01, -2.27651841e-01, -8.55269544e-06,  4.17066713e-03,
       -6.46223516e-03, -4.13357105e-03,  3.21508503e-01, -2.38176704e-02,
       -3.05443719e-01,  2.63960117e-03, -2.03146119e-01, -1.29643538e-02,
        1.04726532e-02, -3.20285264e-01, -2.34359272e-01,  3.01980622e-01,
       -1.41556284e-01, -2.06845614e-01, -4.26635628e-02,  8.56760193e-02,
       -1.69166961e-02, -4.77146922e-01,  3.58016383e-01,  1.64653820e-02,
        2.02774988e-03, -3.65534994e-01, -1.04865033e-01, -1.10848263e-01,
        1.91405168e-03, -6.48451042e-03, -2.67713427e-01,  5.10719081e-02]) 

Generation: 26 
 - Generation Avg Fit: 7.341415440654795 
 - Best Fitness: 32.03724933939859 
 - Worst Fitness: 0.0
 - Best Solution: array([ 4.06592070e-01,  2.29702422e-01,  4.87205445e-03, -2.54077150e-01,
       -2.70485949e-01, -3.51745861e-02, -4.54281776e-01,  2.27555442e-01,
        3.58550144e-03, -9.80860064e-02, -2.26760213e-03, -3.94168249e-01,
       -4.33915005e-01, -1.76185012e-02,  1.12039515e-04,  6.82121054e-03,
       -3.01261720e-01,  8.85578734e-03, -2.99705746e-01, -1.79756559e-02,
       -8.90956118e-03, -6.03163082e-03, -4.47445590e-01, -1.90202619e-01,
       -3.38087918e-01, -7.17397420e-02, -1.59852517e-02, -2.07485235e-02,
        0.00000000e+00, -1.02438003e-03, -2.42590136e-01, -4.48751557e-03,
        1.95870381e-01, -2.27651841e-01, -8.55269544e-06,  4.17066713e-03,
       -6.46223516e-03, -4.13357105e-03,  3.21508503e-01, -2.38176704e-02,
       -3.05443719e-01,  2.63960117e-03, -2.03146119e-01, -1.29643538e-02,
        1.04726532e-02, -3.20285264e-01, -2.34359272e-01,  3.01980622e-01,
       -1.41556284e-01, -2.06845614e-01, -4.26635628e-02,  8.56760193e-02,
       -1.69166961e-02, -4.77146922e-01,  3.58016383e-01,  1.64653820e-02,
        2.02774988e-03, -3.65534994e-01, -1.04865033e-01, -1.10848263e-01,
        1.91405168e-03, -6.48451042e-03, -2.67713427e-01,  5.10719081e-02]) 

Generation: 27 
 - Generation Avg Fit: 7.452520942062375 
 - Best Fitness: 32.03724933939859 
 - Worst Fitness: 0.0
 - Best Solution: array([ 4.06592070e-01,  2.29702422e-01,  4.87205445e-03, -2.54077150e-01,
       -2.70485949e-01, -3.51745861e-02, -4.54281776e-01,  2.27555442e-01,
        3.58550144e-03, -9.80860064e-02, -2.26760213e-03, -3.94168249e-01,
       -4.33915005e-01, -1.76185012e-02,  1.12039515e-04,  6.82121054e-03,
       -3.01261720e-01,  8.85578734e-03, -2.99705746e-01, -1.79756559e-02,
       -8.90956118e-03, -6.03163082e-03, -4.47445590e-01, -1.90202619e-01,
       -3.38087918e-01, -7.17397420e-02, -1.59852517e-02, -2.07485235e-02,
        0.00000000e+00, -1.02438003e-03, -2.42590136e-01, -4.48751557e-03,
        1.95870381e-01, -2.27651841e-01, -8.55269544e-06,  4.17066713e-03,
       -6.46223516e-03, -4.13357105e-03,  3.21508503e-01, -2.38176704e-02,
       -3.05443719e-01,  2.63960117e-03, -2.03146119e-01, -1.29643538e-02,
        1.04726532e-02, -3.20285264e-01, -2.34359272e-01,  3.01980622e-01,
       -1.41556284e-01, -2.06845614e-01, -4.26635628e-02,  8.56760193e-02,
       -1.69166961e-02, -4.77146922e-01,  3.58016383e-01,  1.64653820e-02,
        2.02774988e-03, -3.65534994e-01, -1.04865033e-01, -1.10848263e-01,
        1.91405168e-03, -6.48451042e-03, -2.67713427e-01,  5.10719081e-02]) 

Generation: 28 
 - Generation Avg Fit: 7.794506831343279 
 - Best Fitness: 32.03724933939859 
 - Worst Fitness: 0.0
 - Best Solution: array([ 4.06592070e-01,  2.29702422e-01,  4.87205445e-03, -2.54077150e-01,
       -2.70485949e-01, -3.51745861e-02, -4.54281776e-01,  2.27555442e-01,
        3.58550144e-03, -9.80860064e-02, -2.26760213e-03, -3.94168249e-01,
       -4.33915005e-01, -1.76185012e-02,  1.12039515e-04,  6.82121054e-03,
       -3.01261720e-01,  8.85578734e-03, -2.99705746e-01, -1.79756559e-02,
       -8.90956118e-03, -6.03163082e-03, -4.47445590e-01, -1.90202619e-01,
       -3.38087918e-01, -7.17397420e-02, -1.59852517e-02, -2.07485235e-02,
        0.00000000e+00, -1.02438003e-03, -2.42590136e-01, -4.48751557e-03,
        1.95870381e-01, -2.27651841e-01, -8.55269544e-06,  4.17066713e-03,
       -6.46223516e-03, -4.13357105e-03,  3.21508503e-01, -2.38176704e-02,
       -3.05443719e-01,  2.63960117e-03, -2.03146119e-01, -1.29643538e-02,
        1.04726532e-02, -3.20285264e-01, -2.34359272e-01,  3.01980622e-01,
       -1.41556284e-01, -2.06845614e-01, -4.26635628e-02,  8.56760193e-02,
       -1.69166961e-02, -4.77146922e-01,  3.58016383e-01,  1.64653820e-02,
        2.02774988e-03, -3.65534994e-01, -1.04865033e-01, -1.10848263e-01,
        1.91405168e-03, -6.48451042e-03, -2.67713427e-01,  5.10719081e-02]) 

Generation: 29 
 - Generation Avg Fit: 8.066336259822592 
 - Best Fitness: 32.03724933939859 
 - Worst Fitness: 0.0
 - Best Solution: array([ 4.06592070e-01,  2.29702422e-01,  4.87205445e-03, -2.54077150e-01,
       -2.70485949e-01, -3.51745861e-02, -4.54281776e-01,  2.27555442e-01,
        3.58550144e-03, -9.80860064e-02, -2.26760213e-03, -3.94168249e-01,
       -4.33915005e-01, -1.76185012e-02,  1.12039515e-04,  6.82121054e-03,
       -3.01261720e-01,  8.85578734e-03, -2.99705746e-01, -1.79756559e-02,
       -8.90956118e-03, -6.03163082e-03, -4.47445590e-01, -1.90202619e-01,
       -3.38087918e-01, -7.17397420e-02, -1.59852517e-02, -2.07485235e-02,
        0.00000000e+00, -1.02438003e-03, -2.42590136e-01, -4.48751557e-03,
        1.95870381e-01, -2.27651841e-01, -8.55269544e-06,  4.17066713e-03,
       -6.46223516e-03, -4.13357105e-03,  3.21508503e-01, -2.38176704e-02,
       -3.05443719e-01,  2.63960117e-03, -2.03146119e-01, -1.29643538e-02,
        1.04726532e-02, -3.20285264e-01, -2.34359272e-01,  3.01980622e-01,
       -1.41556284e-01, -2.06845614e-01, -4.26635628e-02,  8.56760193e-02,
       -1.69166961e-02, -4.77146922e-01,  3.58016383e-01,  1.64653820e-02,
        2.02774988e-03, -3.65534994e-01, -1.04865033e-01, -1.10848263e-01,
        1.91405168e-03, -6.48451042e-03, -2.67713427e-01,  5.10719081e-02]) 

Generation: 30 
 - Generation Avg Fit: 8.975047155514774 
 - Best Fitness: 32.03724933939859 
 - Worst Fitness: 0.0
 - Best Solution: array([ 4.06592070e-01,  2.29702422e-01,  4.87205445e-03, -2.54077150e-01,
       -2.70485949e-01, -3.51745861e-02, -4.54281776e-01,  2.27555442e-01,
        3.58550144e-03, -9.80860064e-02, -2.26760213e-03, -3.94168249e-01,
       -4.33915005e-01, -1.76185012e-02,  1.12039515e-04,  6.82121054e-03,
       -3.01261720e-01,  8.85578734e-03, -2.99705746e-01, -1.79756559e-02,
       -8.90956118e-03, -6.03163082e-03, -4.47445590e-01, -1.90202619e-01,
       -3.38087918e-01, -7.17397420e-02, -1.59852517e-02, -2.07485235e-02,
        0.00000000e+00, -1.02438003e-03, -2.42590136e-01, -4.48751557e-03,
        1.95870381e-01, -2.27651841e-01, -8.55269544e-06,  4.17066713e-03,
       -6.46223516e-03, -4.13357105e-03,  3.21508503e-01, -2.38176704e-02,
       -3.05443719e-01,  2.63960117e-03, -2.03146119e-01, -1.29643538e-02,
        1.04726532e-02, -3.20285264e-01, -2.34359272e-01,  3.01980622e-01,
       -1.41556284e-01, -2.06845614e-01, -4.26635628e-02,  8.56760193e-02,
       -1.69166961e-02, -4.77146922e-01,  3.58016383e-01,  1.64653820e-02,
        2.02774988e-03, -3.65534994e-01, -1.04865033e-01, -1.10848263e-01,
        1.91405168e-03, -6.48451042e-03, -2.67713427e-01,  5.10719081e-02]) 

Generation: 31 
 - Generation Avg Fit: 9.358543447423177 
 - Best Fitness: 32.03724933939859 
 - Worst Fitness: 0.0
 - Best Solution: array([ 4.06592070e-01,  2.29702422e-01,  4.87205445e-03, -2.54077150e-01,
       -2.70485949e-01, -3.51745861e-02, -4.54281776e-01,  2.27555442e-01,
        3.58550144e-03, -9.80860064e-02, -2.26760213e-03, -3.94168249e-01,
       -4.33915005e-01, -1.76185012e-02,  1.12039515e-04,  6.82121054e-03,
       -3.01261720e-01,  8.85578734e-03, -2.99705746e-01, -1.79756559e-02,
       -8.90956118e-03, -6.03163082e-03, -4.47445590e-01, -1.90202619e-01,
       -3.38087918e-01, -7.17397420e-02, -1.59852517e-02, -2.07485235e-02,
        0.00000000e+00, -1.02438003e-03, -2.42590136e-01, -4.48751557e-03,
        1.95870381e-01, -2.27651841e-01, -8.55269544e-06,  4.17066713e-03,
       -6.46223516e-03, -4.13357105e-03,  3.21508503e-01, -2.38176704e-02,
       -3.05443719e-01,  2.63960117e-03, -2.03146119e-01, -1.29643538e-02,
        1.04726532e-02, -3.20285264e-01, -2.34359272e-01,  3.01980622e-01,
       -1.41556284e-01, -2.06845614e-01, -4.26635628e-02,  8.56760193e-02,
       -1.69166961e-02, -4.77146922e-01,  3.58016383e-01,  1.64653820e-02,
        2.02774988e-03, -3.65534994e-01, -1.04865033e-01, -1.10848263e-01,
        1.91405168e-03, -6.48451042e-03, -2.67713427e-01,  5.10719081e-02]) 

Generation: 32 
 - Generation Avg Fit: 8.936970748493977 
 - Best Fitness: 32.03724933939859 
 - Worst Fitness: 0.0
 - Best Solution: array([ 4.06592070e-01,  2.29702422e-01,  4.87205445e-03, -2.54077150e-01,
       -2.70485949e-01, -3.51745861e-02, -4.54281776e-01,  2.27555442e-01,
        3.58550144e-03, -9.80860064e-02, -2.26760213e-03, -3.94168249e-01,
       -4.33915005e-01, -1.76185012e-02,  1.12039515e-04,  6.82121054e-03,
       -3.01261720e-01,  8.85578734e-03, -2.99705746e-01, -1.79756559e-02,
       -8.90956118e-03, -6.03163082e-03, -4.47445590e-01, -1.90202619e-01,
       -3.38087918e-01, -7.17397420e-02, -1.59852517e-02, -2.07485235e-02,
        0.00000000e+00, -1.02438003e-03, -2.42590136e-01, -4.48751557e-03,
        1.95870381e-01, -2.27651841e-01, -8.55269544e-06,  4.17066713e-03,
       -6.46223516e-03, -4.13357105e-03,  3.21508503e-01, -2.38176704e-02,
       -3.05443719e-01,  2.63960117e-03, -2.03146119e-01, -1.29643538e-02,
        1.04726532e-02, -3.20285264e-01, -2.34359272e-01,  3.01980622e-01,
       -1.41556284e-01, -2.06845614e-01, -4.26635628e-02,  8.56760193e-02,
       -1.69166961e-02, -4.77146922e-01,  3.58016383e-01,  1.64653820e-02,
        2.02774988e-03, -3.65534994e-01, -1.04865033e-01, -1.10848263e-01,
        1.91405168e-03, -6.48451042e-03, -2.67713427e-01,  5.10719081e-02]) 

Generation: 33 
 - Generation Avg Fit: 10.00149647781048 
 - Best Fitness: 32.03724933939859 
 - Worst Fitness: 0.0
 - Best Solution: array([ 4.06592070e-01,  2.29702422e-01,  4.87205445e-03, -2.54077150e-01,
       -2.70485949e-01, -3.51745861e-02, -4.54281776e-01,  2.27555442e-01,
        3.58550144e-03, -9.80860064e-02, -2.26760213e-03, -3.94168249e-01,
       -4.33915005e-01, -1.76185012e-02,  1.12039515e-04,  6.82121054e-03,
       -3.01261720e-01,  8.85578734e-03, -2.99705746e-01, -1.79756559e-02,
       -8.90956118e-03, -6.03163082e-03, -4.47445590e-01, -1.90202619e-01,
       -3.38087918e-01, -7.17397420e-02, -1.59852517e-02, -2.07485235e-02,
        0.00000000e+00, -1.02438003e-03, -2.42590136e-01, -4.48751557e-03,
        1.95870381e-01, -2.27651841e-01, -8.55269544e-06,  4.17066713e-03,
       -6.46223516e-03, -4.13357105e-03,  3.21508503e-01, -2.38176704e-02,
       -3.05443719e-01,  2.63960117e-03, -2.03146119e-01, -1.29643538e-02,
        1.04726532e-02, -3.20285264e-01, -2.34359272e-01,  3.01980622e-01,
       -1.41556284e-01, -2.06845614e-01, -4.26635628e-02,  8.56760193e-02,
       -1.69166961e-02, -4.77146922e-01,  3.58016383e-01,  1.64653820e-02,
        2.02774988e-03, -3.65534994e-01, -1.04865033e-01, -1.10848263e-01,
        1.91405168e-03, -6.48451042e-03, -2.67713427e-01,  5.10719081e-02]) 

Generation: 34 
 - Generation Avg Fit: 10.08337285791774 
 - Best Fitness: 38.52593753664316 
 - Worst Fitness: 0.0
 - Best Solution: array([-0.00674815,  0.22970242, -0.36528853,  0.0082804 , -0.27085461,
       -0.01908675, -0.46095828,  0.22755544,  0.0035855 ,  0.20657229,
        0.00563197, -0.39416825, -0.43976916,  0.34052991,  0.00988807,
       -0.43440196, -0.30126172,  0.00885579, -0.30744056, -0.01797566,
       -0.01224527, -0.00049651, -0.4446337 ,  0.01187043, -0.3518368 ,
       -0.07763003, -0.01354518, -0.01680861, -0.00928554, -0.00536138,
       -0.24259014, -0.12116304,  0.19587038, -0.22765184, -0.0145666 ,
        0.00417067,  0.00239653, -0.01335233,  0.32922457, -0.03215289,
       -0.30544372,  0.00137453, -0.20314612, -0.33654394,  0.0197162 ,
       -0.33406854, -0.00120082,  0.30198062,  0.00997465, -0.21773722,
       -0.04266356,  0.08480904, -0.0169167 , -0.46701805,  0.35801638,
        0.00920257,  0.00202775, -0.009378  , -0.10486503, -0.11552391,
       -0.00194377, -0.00648451, -0.27162391,  0.05107191]) 

Generation: 35 
 - Generation Avg Fit: 10.768302341384098 
 - Best Fitness: 38.52593753664316 
 - Worst Fitness: 0.0
 - Best Solution: array([ 4.06592070e-01,  2.29702422e-01,  4.87205445e-03, -2.54077150e-01,
       -2.70485949e-01, -3.51745861e-02, -4.54281776e-01,  2.27555442e-01,
        3.58550144e-03, -9.80860064e-02, -2.26760213e-03, -3.94168249e-01,
       -4.33915005e-01, -1.76185012e-02,  1.12039515e-04,  6.82121054e-03,
       -3.01261720e-01,  8.85578734e-03, -2.99705746e-01, -1.79756559e-02,
       -8.90956118e-03, -6.03163082e-03, -4.47445590e-01, -1.90202619e-01,
       -3.38087918e-01, -7.17397420e-02, -1.59852517e-02, -2.07485235e-02,
        0.00000000e+00, -1.02438003e-03, -2.42590136e-01, -4.48751557e-03,
        1.95870381e-01, -2.27651841e-01, -8.55269544e-06,  4.17066713e-03,
       -6.46223516e-03, -4.13357105e-03,  3.21508503e-01, -2.38176704e-02,
       -3.05443719e-01,  2.63960117e-03, -2.03146119e-01, -1.29643538e-02,
        1.04726532e-02, -3.20285264e-01, -2.34359272e-01,  3.01980622e-01,
       -1.41556284e-01, -2.06845614e-01, -4.26635628e-02,  8.56760193e-02,
       -1.69166961e-02, -4.77146922e-01,  3.58016383e-01,  1.64653820e-02,
        2.02774988e-03, -3.65534994e-01, -1.04865033e-01, -1.10848263e-01,
        1.91405168e-03, -6.48451042e-03, -2.67713427e-01,  5.10719081e-02]) 

Generation: 36 
 - Generation Avg Fit: 10.725523657034733 
 - Best Fitness: 38.52593753664316 
 - Worst Fitness: 0.0
 - Best Solution: array([-0.00674815,  0.22970242, -0.36528853,  0.0082804 , -0.27085461,
       -0.01908675, -0.46095828,  0.22755544,  0.0035855 ,  0.20657229,
        0.00563197, -0.39416825, -0.43976916,  0.34052991,  0.00988807,
       -0.43440196, -0.30126172,  0.00885579, -0.30744056, -0.01797566,
       -0.01224527, -0.00049651, -0.4446337 ,  0.01187043, -0.3518368 ,
       -0.07763003, -0.01354518, -0.01680861, -0.00928554, -0.00536138,
       -0.24259014, -0.12116304,  0.19587038, -0.22765184, -0.0145666 ,
        0.00417067,  0.00239653, -0.01335233,  0.32922457, -0.03215289,
       -0.30544372,  0.00137453, -0.20314612, -0.33654394,  0.0197162 ,
       -0.33406854, -0.00120082,  0.30198062,  0.00997465, -0.21773722,
       -0.04266356,  0.08480904, -0.0169167 , -0.46701805,  0.35801638,
        0.00920257,  0.00202775, -0.009378  , -0.10486503, -0.11552391,
       -0.00194377, -0.00648451, -0.27162391,  0.05107191]) 

Generation: 37 
 - Generation Avg Fit: 11.339176534077167 
 - Best Fitness: 38.52593753664316 
 - Worst Fitness: 0.0
 - Best Solution: array([-0.00674815,  0.22970242, -0.36528853,  0.0082804 , -0.27085461,
       -0.01908675, -0.46095828,  0.22755544,  0.0035855 ,  0.20657229,
        0.00563197, -0.39416825, -0.43976916,  0.34052991,  0.00988807,
       -0.43440196, -0.30126172,  0.00885579, -0.30744056, -0.01797566,
       -0.01224527, -0.00049651, -0.4446337 ,  0.01187043, -0.3518368 ,
       -0.07763003, -0.01354518, -0.01680861, -0.00928554, -0.00536138,
       -0.24259014, -0.12116304,  0.19587038, -0.22765184, -0.0145666 ,
        0.00417067,  0.00239653, -0.01335233,  0.32922457, -0.03215289,
       -0.30544372,  0.00137453, -0.20314612, -0.33654394,  0.0197162 ,
       -0.33406854, -0.00120082,  0.30198062,  0.00997465, -0.21773722,
       -0.04266356,  0.08480904, -0.0169167 , -0.46701805,  0.35801638,
        0.00920257,  0.00202775, -0.009378  , -0.10486503, -0.11552391,
       -0.00194377, -0.00648451, -0.27162391,  0.05107191]) 

Generation: 38 
 - Generation Avg Fit: 11.347406504469943 
 - Best Fitness: 39.452497629869306 
 - Worst Fitness: 0.0
 - Best Solution: array([ 0.02377728,  0.23212674, -0.01263931, -0.26679054, -0.30183726,
       -0.00409288,  0.04613518, -0.00587058, -0.12338211, -0.24316651,
       -0.00317849, -0.26682159,  0.2097758 ,  0.01106744,  0.01054825,
       -0.00729374, -0.00205078, -0.16262287, -0.27224275, -0.06937214,
        0.00135772,  0.01544448, -0.46479525,  0.00102547, -0.34916824,
       -0.00878477,  0.00530998, -0.00520333, -0.00418513, -0.00148   ,
        0.01726676, -0.12320879, -0.21010394, -0.20063351,  0.00561517,
        0.00679618,  0.00608732,  0.00785301, -0.21494704, -0.1182149 ,
       -0.32034677,  0.24629067, -0.27005494, -0.33535837,  0.04585761,
        0.01530567,  0.21384919, -0.00911801, -0.13997147, -0.25965621,
       -0.43697026,  0.00439027, -0.02069684,  0.00603732, -0.2790817 ,
       -0.42539893, -0.00407277, -0.28872639, -0.0922638 , -0.02081218,
        0.00855854,  0.0010438 ,  0.16936133,  0.05858446]) 

Generation: 39 
 - Generation Avg Fit: 12.120041152750183 
 - Best Fitness: 53.27236542615665 
 - Worst Fitness: 0.0
 - Best Solution: array([ 5.53447112e-03, -4.85221862e-01,  1.00001856e-02, -2.47833133e-01,
       -3.17251832e-01, -4.28443594e-02,  3.24110147e-02, -1.07198524e-02,
        8.82175199e-03,  6.61457399e-03, -1.67266056e-02, -4.05845318e-01,
        2.24061157e-01, -2.27428571e-03,  3.51912564e-04, -4.43719132e-01,
       -3.86399221e-01, -6.11352002e-03, -1.18115329e-01, -7.82214614e-02,
       -4.07342171e-02, -1.65017734e-03, -4.56695323e-01, -2.10594855e-01,
       -3.37359382e-01, -7.91155208e-02,  8.10318259e-03,  1.33831021e-02,
        1.27176735e-03, -6.89576830e-03, -7.59471066e-03, -1.15426544e-02,
       -2.26127376e-01, -1.00383438e-02, -1.83136038e-02, -3.54531937e-03,
       -4.66316295e-01, -1.18339118e-04, -9.67781073e-03, -4.10800852e-02,
       -3.10855909e-01, -8.12826578e-04, -1.76460712e-01, -3.30027489e-01,
        1.84816857e-02,  1.42731201e-02,  5.75497274e-03,  4.44074761e-01,
       -1.41837671e-01, -2.69690416e-01, -4.30568921e-01,  7.16218540e-02,
       -1.52526122e-02, -4.64373002e-01,  3.71980725e-01, -7.85745313e-03,
       -4.17607419e-02, -2.81899645e-01, -1.40328200e-01, -1.24680664e-01,
        5.19479771e-03, -8.59657764e-03, -2.58362527e-01,  7.03876023e-02]) 

Generation: 40 
 - Generation Avg Fit: 12.20409195820228 
 - Best Fitness: 53.27236542615665 
 - Worst Fitness: 0.0
 - Best Solution: array([ 0.02377728,  0.23212674, -0.01263931, -0.26679054, -0.30183726,
       -0.00409288,  0.04613518, -0.00587058, -0.12338211, -0.24316651,
       -0.00317849, -0.26682159,  0.2097758 ,  0.01106744,  0.01054825,
       -0.00729374, -0.00205078, -0.16262287, -0.27224275, -0.06937214,
        0.00135772,  0.01544448, -0.46479525,  0.00102547, -0.34916824,
       -0.00878477,  0.00530998, -0.00520333, -0.00418513, -0.00148   ,
        0.01726676, -0.12320879, -0.21010394, -0.20063351,  0.00561517,
        0.00679618,  0.00608732,  0.00785301, -0.21494704, -0.1182149 ,
       -0.32034677,  0.24629067, -0.27005494, -0.33535837,  0.04585761,
        0.01530567,  0.21384919, -0.00911801, -0.13997147, -0.25965621,
       -0.43697026,  0.00439027, -0.02069684,  0.00603732, -0.2790817 ,
       -0.42539893, -0.00407277, -0.28872639, -0.0922638 , -0.02081218,
        0.00855854,  0.0010438 ,  0.16936133,  0.05858446]) 

Generation: 41 
 - Generation Avg Fit: 12.239447714668263 
 - Best Fitness: 53.27236542615665 
 - Worst Fitness: 0.0
 - Best Solution: array([ 5.53447112e-03, -4.85221862e-01,  1.00001856e-02, -2.47833133e-01,
       -3.17251832e-01, -4.28443594e-02,  3.24110147e-02, -1.07198524e-02,
        8.82175199e-03,  6.61457399e-03, -1.67266056e-02, -4.05845318e-01,
        2.24061157e-01, -2.27428571e-03,  3.51912564e-04, -4.43719132e-01,
       -3.86399221e-01, -6.11352002e-03, -1.18115329e-01, -7.82214614e-02,
       -4.07342171e-02, -1.65017734e-03, -4.56695323e-01, -2.10594855e-01,
       -3.37359382e-01, -7.91155208e-02,  8.10318259e-03,  1.33831021e-02,
        1.27176735e-03, -6.89576830e-03, -7.59471066e-03, -1.15426544e-02,
       -2.26127376e-01, -1.00383438e-02, -1.83136038e-02, -3.54531937e-03,
       -4.66316295e-01, -1.18339118e-04, -9.67781073e-03, -4.10800852e-02,
       -3.10855909e-01, -8.12826578e-04, -1.76460712e-01, -3.30027489e-01,
        1.84816857e-02,  1.42731201e-02,  5.75497274e-03,  4.44074761e-01,
       -1.41837671e-01, -2.69690416e-01, -4.30568921e-01,  7.16218540e-02,
       -1.52526122e-02, -4.64373002e-01,  3.71980725e-01, -7.85745313e-03,
       -4.17607419e-02, -2.81899645e-01, -1.40328200e-01, -1.24680664e-01,
        5.19479771e-03, -8.59657764e-03, -2.58362527e-01,  7.03876023e-02]) 

Generation: 42 
 - Generation Avg Fit: 12.370642434101107 
 - Best Fitness: 53.27236542615665 
 - Worst Fitness: 0.0
 - Best Solution: array([ 5.53447112e-03, -4.85221862e-01,  1.00001856e-02, -2.47833133e-01,
       -3.17251832e-01, -4.28443594e-02,  3.24110147e-02, -1.07198524e-02,
        8.82175199e-03,  6.61457399e-03, -1.67266056e-02, -4.05845318e-01,
        2.24061157e-01, -2.27428571e-03,  3.51912564e-04, -4.43719132e-01,
       -3.86399221e-01, -6.11352002e-03, -1.18115329e-01, -7.82214614e-02,
       -4.07342171e-02, -1.65017734e-03, -4.56695323e-01, -2.10594855e-01,
       -3.37359382e-01, -7.91155208e-02,  8.10318259e-03,  1.33831021e-02,
        1.27176735e-03, -6.89576830e-03, -7.59471066e-03, -1.15426544e-02,
       -2.26127376e-01, -1.00383438e-02, -1.83136038e-02, -3.54531937e-03,
       -4.66316295e-01, -1.18339118e-04, -9.67781073e-03, -4.10800852e-02,
       -3.10855909e-01, -8.12826578e-04, -1.76460712e-01, -3.30027489e-01,
        1.84816857e-02,  1.42731201e-02,  5.75497274e-03,  4.44074761e-01,
       -1.41837671e-01, -2.69690416e-01, -4.30568921e-01,  7.16218540e-02,
       -1.52526122e-02, -4.64373002e-01,  3.71980725e-01, -7.85745313e-03,
       -4.17607419e-02, -2.81899645e-01, -1.40328200e-01, -1.24680664e-01,
        5.19479771e-03, -8.59657764e-03, -2.58362527e-01,  7.03876023e-02]) 

Generation: 43 
 - Generation Avg Fit: 12.527381641741375 
 - Best Fitness: 53.27236542615665 
 - Worst Fitness: 0.0
 - Best Solution: array([ 5.53447112e-03, -4.85221862e-01,  1.00001856e-02, -2.47833133e-01,
       -3.17251832e-01, -4.28443594e-02,  3.24110147e-02, -1.07198524e-02,
        8.82175199e-03,  6.61457399e-03, -1.67266056e-02, -4.05845318e-01,
        2.24061157e-01, -2.27428571e-03,  3.51912564e-04, -4.43719132e-01,
       -3.86399221e-01, -6.11352002e-03, -1.18115329e-01, -7.82214614e-02,
       -4.07342171e-02, -1.65017734e-03, -4.56695323e-01, -2.10594855e-01,
       -3.37359382e-01, -7.91155208e-02,  8.10318259e-03,  1.33831021e-02,
        1.27176735e-03, -6.89576830e-03, -7.59471066e-03, -1.15426544e-02,
       -2.26127376e-01, -1.00383438e-02, -1.83136038e-02, -3.54531937e-03,
       -4.66316295e-01, -1.18339118e-04, -9.67781073e-03, -4.10800852e-02,
       -3.10855909e-01, -8.12826578e-04, -1.76460712e-01, -3.30027489e-01,
        1.84816857e-02,  1.42731201e-02,  5.75497274e-03,  4.44074761e-01,
       -1.41837671e-01, -2.69690416e-01, -4.30568921e-01,  7.16218540e-02,
       -1.52526122e-02, -4.64373002e-01,  3.71980725e-01, -7.85745313e-03,
       -4.17607419e-02, -2.81899645e-01, -1.40328200e-01, -1.24680664e-01,
        5.19479771e-03, -8.59657764e-03, -2.58362527e-01,  7.03876023e-02]) 

Generation: 44 
 - Generation Avg Fit: 12.82857901135962 
 - Best Fitness: 53.27236542615665 
 - Worst Fitness: 0.0
 - Best Solution: array([ 5.53447112e-03, -4.85221862e-01,  1.00001856e-02, -2.47833133e-01,
       -3.17251832e-01, -4.28443594e-02,  3.24110147e-02, -1.07198524e-02,
        8.82175199e-03,  6.61457399e-03, -1.67266056e-02, -4.05845318e-01,
        2.24061157e-01, -2.27428571e-03,  3.51912564e-04, -4.43719132e-01,
       -3.86399221e-01, -6.11352002e-03, -1.18115329e-01, -7.82214614e-02,
       -4.07342171e-02, -1.65017734e-03, -4.56695323e-01, -2.10594855e-01,
       -3.37359382e-01, -7.91155208e-02,  8.10318259e-03,  1.33831021e-02,
        1.27176735e-03, -6.89576830e-03, -7.59471066e-03, -1.15426544e-02,
       -2.26127376e-01, -1.00383438e-02, -1.83136038e-02, -3.54531937e-03,
       -4.66316295e-01, -1.18339118e-04, -9.67781073e-03, -4.10800852e-02,
       -3.10855909e-01, -8.12826578e-04, -1.76460712e-01, -3.30027489e-01,
        1.84816857e-02,  1.42731201e-02,  5.75497274e-03,  4.44074761e-01,
       -1.41837671e-01, -2.69690416e-01, -4.30568921e-01,  7.16218540e-02,
       -1.52526122e-02, -4.64373002e-01,  3.71980725e-01, -7.85745313e-03,
       -4.17607419e-02, -2.81899645e-01, -1.40328200e-01, -1.24680664e-01,
        5.19479771e-03, -8.59657764e-03, -2.58362527e-01,  7.03876023e-02]) 

Generation: 45 
 - Generation Avg Fit: 13.254653695369093 
 - Best Fitness: 53.27236542615665 
 - Worst Fitness: 0.0
 - Best Solution: array([ 5.53447112e-03, -4.85221862e-01,  1.00001856e-02, -2.47833133e-01,
       -3.17251832e-01, -4.28443594e-02,  3.24110147e-02, -1.07198524e-02,
        8.82175199e-03,  6.61457399e-03, -1.67266056e-02, -4.05845318e-01,
        2.24061157e-01, -2.27428571e-03,  3.51912564e-04, -4.43719132e-01,
       -3.86399221e-01, -6.11352002e-03, -1.18115329e-01, -7.82214614e-02,
       -4.07342171e-02, -1.65017734e-03, -4.56695323e-01, -2.10594855e-01,
       -3.37359382e-01, -7.91155208e-02,  8.10318259e-03,  1.33831021e-02,
        1.27176735e-03, -6.89576830e-03, -7.59471066e-03, -1.15426544e-02,
       -2.26127376e-01, -1.00383438e-02, -1.83136038e-02, -3.54531937e-03,
       -4.66316295e-01, -1.18339118e-04, -9.67781073e-03, -4.10800852e-02,
       -3.10855909e-01, -8.12826578e-04, -1.76460712e-01, -3.30027489e-01,
        1.84816857e-02,  1.42731201e-02,  5.75497274e-03,  4.44074761e-01,
       -1.41837671e-01, -2.69690416e-01, -4.30568921e-01,  7.16218540e-02,
       -1.52526122e-02, -4.64373002e-01,  3.71980725e-01, -7.85745313e-03,
       -4.17607419e-02, -2.81899645e-01, -1.40328200e-01, -1.24680664e-01,
        5.19479771e-03, -8.59657764e-03, -2.58362527e-01,  7.03876023e-02]) 

Generation: 46 
 - Generation Avg Fit: 13.04250200242466 
 - Best Fitness: 53.27236542615665 
 - Worst Fitness: 0.0
 - Best Solution: array([ 5.53447112e-03, -4.85221862e-01,  1.00001856e-02, -2.47833133e-01,
       -3.17251832e-01, -4.28443594e-02,  3.24110147e-02, -1.07198524e-02,
        8.82175199e-03,  6.61457399e-03, -1.67266056e-02, -4.05845318e-01,
        2.24061157e-01, -2.27428571e-03,  3.51912564e-04, -4.43719132e-01,
       -3.86399221e-01, -6.11352002e-03, -1.18115329e-01, -7.82214614e-02,
       -4.07342171e-02, -1.65017734e-03, -4.56695323e-01, -2.10594855e-01,
       -3.37359382e-01, -7.91155208e-02,  8.10318259e-03,  1.33831021e-02,
        1.27176735e-03, -6.89576830e-03, -7.59471066e-03, -1.15426544e-02,
       -2.26127376e-01, -1.00383438e-02, -1.83136038e-02, -3.54531937e-03,
       -4.66316295e-01, -1.18339118e-04, -9.67781073e-03, -4.10800852e-02,
       -3.10855909e-01, -8.12826578e-04, -1.76460712e-01, -3.30027489e-01,
        1.84816857e-02,  1.42731201e-02,  5.75497274e-03,  4.44074761e-01,
       -1.41837671e-01, -2.69690416e-01, -4.30568921e-01,  7.16218540e-02,
       -1.52526122e-02, -4.64373002e-01,  3.71980725e-01, -7.85745313e-03,
       -4.17607419e-02, -2.81899645e-01, -1.40328200e-01, -1.24680664e-01,
        5.19479771e-03, -8.59657764e-03, -2.58362527e-01,  7.03876023e-02]) 

Generation: 47 
 - Generation Avg Fit: 12.842896042769517 
 - Best Fitness: 53.27236542615665 
 - Worst Fitness: 0.0
 - Best Solution: array([ 5.53447112e-03, -4.85221862e-01,  1.00001856e-02, -2.47833133e-01,
       -3.17251832e-01, -4.28443594e-02,  3.24110147e-02, -1.07198524e-02,
        8.82175199e-03,  6.61457399e-03, -1.67266056e-02, -4.05845318e-01,
        2.24061157e-01, -2.27428571e-03,  3.51912564e-04, -4.43719132e-01,
       -3.86399221e-01, -6.11352002e-03, -1.18115329e-01, -7.82214614e-02,
       -4.07342171e-02, -1.65017734e-03, -4.56695323e-01, -2.10594855e-01,
       -3.37359382e-01, -7.91155208e-02,  8.10318259e-03,  1.33831021e-02,
        1.27176735e-03, -6.89576830e-03, -7.59471066e-03, -1.15426544e-02,
       -2.26127376e-01, -1.00383438e-02, -1.83136038e-02, -3.54531937e-03,
       -4.66316295e-01, -1.18339118e-04, -9.67781073e-03, -4.10800852e-02,
       -3.10855909e-01, -8.12826578e-04, -1.76460712e-01, -3.30027489e-01,
        1.84816857e-02,  1.42731201e-02,  5.75497274e-03,  4.44074761e-01,
       -1.41837671e-01, -2.69690416e-01, -4.30568921e-01,  7.16218540e-02,
       -1.52526122e-02, -4.64373002e-01,  3.71980725e-01, -7.85745313e-03,
       -4.17607419e-02, -2.81899645e-01, -1.40328200e-01, -1.24680664e-01,
        5.19479771e-03, -8.59657764e-03, -2.58362527e-01,  7.03876023e-02]) 

Generation: 48 
 - Generation Avg Fit: 13.329917522877617 
 - Best Fitness: 53.27236542615665 
 - Worst Fitness: 0.0
 - Best Solution: array([ 5.53447112e-03, -4.85221862e-01,  1.00001856e-02, -2.47833133e-01,
       -3.17251832e-01, -4.28443594e-02,  3.24110147e-02, -1.07198524e-02,
        8.82175199e-03,  6.61457399e-03, -1.67266056e-02, -4.05845318e-01,
        2.24061157e-01, -2.27428571e-03,  3.51912564e-04, -4.43719132e-01,
       -3.86399221e-01, -6.11352002e-03, -1.18115329e-01, -7.82214614e-02,
       -4.07342171e-02, -1.65017734e-03, -4.56695323e-01, -2.10594855e-01,
       -3.37359382e-01, -7.91155208e-02,  8.10318259e-03,  1.33831021e-02,
        1.27176735e-03, -6.89576830e-03, -7.59471066e-03, -1.15426544e-02,
       -2.26127376e-01, -1.00383438e-02, -1.83136038e-02, -3.54531937e-03,
       -4.66316295e-01, -1.18339118e-04, -9.67781073e-03, -4.10800852e-02,
       -3.10855909e-01, -8.12826578e-04, -1.76460712e-01, -3.30027489e-01,
        1.84816857e-02,  1.42731201e-02,  5.75497274e-03,  4.44074761e-01,
       -1.41837671e-01, -2.69690416e-01, -4.30568921e-01,  7.16218540e-02,
       -1.52526122e-02, -4.64373002e-01,  3.71980725e-01, -7.85745313e-03,
       -4.17607419e-02, -2.81899645e-01, -1.40328200e-01, -1.24680664e-01,
        5.19479771e-03, -8.59657764e-03, -2.58362527e-01,  7.03876023e-02]) 

Generation: 49 
 - Generation Avg Fit: 13.695622303260786 
 - Best Fitness: 53.27236542615665 
 - Worst Fitness: 0.0
 - Best Solution: array([ 5.53447112e-03, -4.85221862e-01,  1.00001856e-02, -2.47833133e-01,
       -3.17251832e-01, -4.28443594e-02,  3.24110147e-02, -1.07198524e-02,
        8.82175199e-03,  6.61457399e-03, -1.67266056e-02, -4.05845318e-01,
        2.24061157e-01, -2.27428571e-03,  3.51912564e-04, -4.43719132e-01,
       -3.86399221e-01, -6.11352002e-03, -1.18115329e-01, -7.82214614e-02,
       -4.07342171e-02, -1.65017734e-03, -4.56695323e-01, -2.10594855e-01,
       -3.37359382e-01, -7.91155208e-02,  8.10318259e-03,  1.33831021e-02,
        1.27176735e-03, -6.89576830e-03, -7.59471066e-03, -1.15426544e-02,
       -2.26127376e-01, -1.00383438e-02, -1.83136038e-02, -3.54531937e-03,
       -4.66316295e-01, -1.18339118e-04, -9.67781073e-03, -4.10800852e-02,
       -3.10855909e-01, -8.12826578e-04, -1.76460712e-01, -3.30027489e-01,
        1.84816857e-02,  1.42731201e-02,  5.75497274e-03,  4.44074761e-01,
       -1.41837671e-01, -2.69690416e-01, -4.30568921e-01,  7.16218540e-02,
       -1.52526122e-02, -4.64373002e-01,  3.71980725e-01, -7.85745313e-03,
       -4.17607419e-02, -2.81899645e-01, -1.40328200e-01, -1.24680664e-01,
        5.19479771e-03, -8.59657764e-03, -2.58362527e-01,  7.03876023e-02]) 

Generation: 50 
 - Generation Avg Fit: 13.92081143947074 
 - Best Fitness: 53.27236542615665 
 - Worst Fitness: 0.0
 - Best Solution: array([ 5.53447112e-03, -4.85221862e-01,  1.00001856e-02, -2.47833133e-01,
       -3.17251832e-01, -4.28443594e-02,  3.24110147e-02, -1.07198524e-02,
        8.82175199e-03,  6.61457399e-03, -1.67266056e-02, -4.05845318e-01,
        2.24061157e-01, -2.27428571e-03,  3.51912564e-04, -4.43719132e-01,
       -3.86399221e-01, -6.11352002e-03, -1.18115329e-01, -7.82214614e-02,
       -4.07342171e-02, -1.65017734e-03, -4.56695323e-01, -2.10594855e-01,
       -3.37359382e-01, -7.91155208e-02,  8.10318259e-03,  1.33831021e-02,
        1.27176735e-03, -6.89576830e-03, -7.59471066e-03, -1.15426544e-02,
       -2.26127376e-01, -1.00383438e-02, -1.83136038e-02, -3.54531937e-03,
       -4.66316295e-01, -1.18339118e-04, -9.67781073e-03, -4.10800852e-02,
       -3.10855909e-01, -8.12826578e-04, -1.76460712e-01, -3.30027489e-01,
        1.84816857e-02,  1.42731201e-02,  5.75497274e-03,  4.44074761e-01,
       -1.41837671e-01, -2.69690416e-01, -4.30568921e-01,  7.16218540e-02,
       -1.52526122e-02, -4.64373002e-01,  3.71980725e-01, -7.85745313e-03,
       -4.17607419e-02, -2.81899645e-01, -1.40328200e-01, -1.24680664e-01,
        5.19479771e-03, -8.59657764e-03, -2.58362527e-01,  7.03876023e-02]) 

Generation: 51 
 - Generation Avg Fit: 14.353696477819014 
 - Best Fitness: 53.27236542615665 
 - Worst Fitness: 0.0
 - Best Solution: array([ 5.53447112e-03, -4.85221862e-01,  1.00001856e-02, -2.47833133e-01,
       -3.17251832e-01, -4.28443594e-02,  3.24110147e-02, -1.07198524e-02,
        8.82175199e-03,  6.61457399e-03, -1.67266056e-02, -4.05845318e-01,
        2.24061157e-01, -2.27428571e-03,  3.51912564e-04, -4.43719132e-01,
       -3.86399221e-01, -6.11352002e-03, -1.18115329e-01, -7.82214614e-02,
       -4.07342171e-02, -1.65017734e-03, -4.56695323e-01, -2.10594855e-01,
       -3.37359382e-01, -7.91155208e-02,  8.10318259e-03,  1.33831021e-02,
        1.27176735e-03, -6.89576830e-03, -7.59471066e-03, -1.15426544e-02,
       -2.26127376e-01, -1.00383438e-02, -1.83136038e-02, -3.54531937e-03,
       -4.66316295e-01, -1.18339118e-04, -9.67781073e-03, -4.10800852e-02,
       -3.10855909e-01, -8.12826578e-04, -1.76460712e-01, -3.30027489e-01,
        1.84816857e-02,  1.42731201e-02,  5.75497274e-03,  4.44074761e-01,
       -1.41837671e-01, -2.69690416e-01, -4.30568921e-01,  7.16218540e-02,
       -1.52526122e-02, -4.64373002e-01,  3.71980725e-01, -7.85745313e-03,
       -4.17607419e-02, -2.81899645e-01, -1.40328200e-01, -1.24680664e-01,
        5.19479771e-03, -8.59657764e-03, -2.58362527e-01,  7.03876023e-02]) 

Generation: 52 
 - Generation Avg Fit: 13.690578764135601 
 - Best Fitness: 53.27236542615665 
 - Worst Fitness: 0.0
 - Best Solution: array([ 5.53447112e-03, -4.85221862e-01,  1.00001856e-02, -2.47833133e-01,
       -3.17251832e-01, -4.28443594e-02,  3.24110147e-02, -1.07198524e-02,
        8.82175199e-03,  6.61457399e-03, -1.67266056e-02, -4.05845318e-01,
        2.24061157e-01, -2.27428571e-03,  3.51912564e-04, -4.43719132e-01,
       -3.86399221e-01, -6.11352002e-03, -1.18115329e-01, -7.82214614e-02,
       -4.07342171e-02, -1.65017734e-03, -4.56695323e-01, -2.10594855e-01,
       -3.37359382e-01, -7.91155208e-02,  8.10318259e-03,  1.33831021e-02,
        1.27176735e-03, -6.89576830e-03, -7.59471066e-03, -1.15426544e-02,
       -2.26127376e-01, -1.00383438e-02, -1.83136038e-02, -3.54531937e-03,
       -4.66316295e-01, -1.18339118e-04, -9.67781073e-03, -4.10800852e-02,
       -3.10855909e-01, -8.12826578e-04, -1.76460712e-01, -3.30027489e-01,
        1.84816857e-02,  1.42731201e-02,  5.75497274e-03,  4.44074761e-01,
       -1.41837671e-01, -2.69690416e-01, -4.30568921e-01,  7.16218540e-02,
       -1.52526122e-02, -4.64373002e-01,  3.71980725e-01, -7.85745313e-03,
       -4.17607419e-02, -2.81899645e-01, -1.40328200e-01, -1.24680664e-01,
        5.19479771e-03, -8.59657764e-03, -2.58362527e-01,  7.03876023e-02]) 

Generation: 53 
 - Generation Avg Fit: 14.515589734499153 
 - Best Fitness: 53.27236542615665 
 - Worst Fitness: 0.0
 - Best Solution: array([ 5.53447112e-03, -4.85221862e-01,  1.00001856e-02, -2.47833133e-01,
       -3.17251832e-01, -4.28443594e-02,  3.24110147e-02, -1.07198524e-02,
        8.82175199e-03,  6.61457399e-03, -1.67266056e-02, -4.05845318e-01,
        2.24061157e-01, -2.27428571e-03,  3.51912564e-04, -4.43719132e-01,
       -3.86399221e-01, -6.11352002e-03, -1.18115329e-01, -7.82214614e-02,
       -4.07342171e-02, -1.65017734e-03, -4.56695323e-01, -2.10594855e-01,
       -3.37359382e-01, -7.91155208e-02,  8.10318259e-03,  1.33831021e-02,
        1.27176735e-03, -6.89576830e-03, -7.59471066e-03, -1.15426544e-02,
       -2.26127376e-01, -1.00383438e-02, -1.83136038e-02, -3.54531937e-03,
       -4.66316295e-01, -1.18339118e-04, -9.67781073e-03, -4.10800852e-02,
       -3.10855909e-01, -8.12826578e-04, -1.76460712e-01, -3.30027489e-01,
        1.84816857e-02,  1.42731201e-02,  5.75497274e-03,  4.44074761e-01,
       -1.41837671e-01, -2.69690416e-01, -4.30568921e-01,  7.16218540e-02,
       -1.52526122e-02, -4.64373002e-01,  3.71980725e-01, -7.85745313e-03,
       -4.17607419e-02, -2.81899645e-01, -1.40328200e-01, -1.24680664e-01,
        5.19479771e-03, -8.59657764e-03, -2.58362527e-01,  7.03876023e-02]) 

Generation: 54 
 - Generation Avg Fit: 14.628594185395759 
 - Best Fitness: 53.27236542615665 
 - Worst Fitness: 0.0
 - Best Solution: array([ 5.53447112e-03, -4.85221862e-01,  1.00001856e-02, -2.47833133e-01,
       -3.17251832e-01, -4.28443594e-02,  3.24110147e-02, -1.07198524e-02,
        8.82175199e-03,  6.61457399e-03, -1.67266056e-02, -4.05845318e-01,
        2.24061157e-01, -2.27428571e-03,  3.51912564e-04, -4.43719132e-01,
       -3.86399221e-01, -6.11352002e-03, -1.18115329e-01, -7.82214614e-02,
       -4.07342171e-02, -1.65017734e-03, -4.56695323e-01, -2.10594855e-01,
       -3.37359382e-01, -7.91155208e-02,  8.10318259e-03,  1.33831021e-02,
        1.27176735e-03, -6.89576830e-03, -7.59471066e-03, -1.15426544e-02,
       -2.26127376e-01, -1.00383438e-02, -1.83136038e-02, -3.54531937e-03,
       -4.66316295e-01, -1.18339118e-04, -9.67781073e-03, -4.10800852e-02,
       -3.10855909e-01, -8.12826578e-04, -1.76460712e-01, -3.30027489e-01,
        1.84816857e-02,  1.42731201e-02,  5.75497274e-03,  4.44074761e-01,
       -1.41837671e-01, -2.69690416e-01, -4.30568921e-01,  7.16218540e-02,
       -1.52526122e-02, -4.64373002e-01,  3.71980725e-01, -7.85745313e-03,
       -4.17607419e-02, -2.81899645e-01, -1.40328200e-01, -1.24680664e-01,
        5.19479771e-03, -8.59657764e-03, -2.58362527e-01,  7.03876023e-02]) 

Generation: 55 
 - Generation Avg Fit: 14.085536138204256 
 - Best Fitness: 53.27236542615665 
 - Worst Fitness: 0.0
 - Best Solution: array([ 5.53447112e-03, -4.85221862e-01,  1.00001856e-02, -2.47833133e-01,
       -3.17251832e-01, -4.28443594e-02,  3.24110147e-02, -1.07198524e-02,
        8.82175199e-03,  6.61457399e-03, -1.67266056e-02, -4.05845318e-01,
        2.24061157e-01, -2.27428571e-03,  3.51912564e-04, -4.43719132e-01,
       -3.86399221e-01, -6.11352002e-03, -1.18115329e-01, -7.82214614e-02,
       -4.07342171e-02, -1.65017734e-03, -4.56695323e-01, -2.10594855e-01,
       -3.37359382e-01, -7.91155208e-02,  8.10318259e-03,  1.33831021e-02,
        1.27176735e-03, -6.89576830e-03, -7.59471066e-03, -1.15426544e-02,
       -2.26127376e-01, -1.00383438e-02, -1.83136038e-02, -3.54531937e-03,
       -4.66316295e-01, -1.18339118e-04, -9.67781073e-03, -4.10800852e-02,
       -3.10855909e-01, -8.12826578e-04, -1.76460712e-01, -3.30027489e-01,
        1.84816857e-02,  1.42731201e-02,  5.75497274e-03,  4.44074761e-01,
       -1.41837671e-01, -2.69690416e-01, -4.30568921e-01,  7.16218540e-02,
       -1.52526122e-02, -4.64373002e-01,  3.71980725e-01, -7.85745313e-03,
       -4.17607419e-02, -2.81899645e-01, -1.40328200e-01, -1.24680664e-01,
        5.19479771e-03, -8.59657764e-03, -2.58362527e-01,  7.03876023e-02]) 

Generation: 56 
 - Generation Avg Fit: 14.566089095372227 
 - Best Fitness: 53.27236542615665 
 - Worst Fitness: 0.0
 - Best Solution: array([ 5.53447112e-03, -4.85221862e-01,  1.00001856e-02, -2.47833133e-01,
       -3.17251832e-01, -4.28443594e-02,  3.24110147e-02, -1.07198524e-02,
        8.82175199e-03,  6.61457399e-03, -1.67266056e-02, -4.05845318e-01,
        2.24061157e-01, -2.27428571e-03,  3.51912564e-04, -4.43719132e-01,
       -3.86399221e-01, -6.11352002e-03, -1.18115329e-01, -7.82214614e-02,
       -4.07342171e-02, -1.65017734e-03, -4.56695323e-01, -2.10594855e-01,
       -3.37359382e-01, -7.91155208e-02,  8.10318259e-03,  1.33831021e-02,
        1.27176735e-03, -6.89576830e-03, -7.59471066e-03, -1.15426544e-02,
       -2.26127376e-01, -1.00383438e-02, -1.83136038e-02, -3.54531937e-03,
       -4.66316295e-01, -1.18339118e-04, -9.67781073e-03, -4.10800852e-02,
       -3.10855909e-01, -8.12826578e-04, -1.76460712e-01, -3.30027489e-01,
        1.84816857e-02,  1.42731201e-02,  5.75497274e-03,  4.44074761e-01,
       -1.41837671e-01, -2.69690416e-01, -4.30568921e-01,  7.16218540e-02,
       -1.52526122e-02, -4.64373002e-01,  3.71980725e-01, -7.85745313e-03,
       -4.17607419e-02, -2.81899645e-01, -1.40328200e-01, -1.24680664e-01,
        5.19479771e-03, -8.59657764e-03, -2.58362527e-01,  7.03876023e-02]) 

Generation: 57 
 - Generation Avg Fit: 14.6257085218757 
 - Best Fitness: 53.27236542615665 
 - Worst Fitness: 0.0
 - Best Solution: array([ 5.53447112e-03, -4.85221862e-01,  1.00001856e-02, -2.47833133e-01,
       -3.17251832e-01, -4.28443594e-02,  3.24110147e-02, -1.07198524e-02,
        8.82175199e-03,  6.61457399e-03, -1.67266056e-02, -4.05845318e-01,
        2.24061157e-01, -2.27428571e-03,  3.51912564e-04, -4.43719132e-01,
       -3.86399221e-01, -6.11352002e-03, -1.18115329e-01, -7.82214614e-02,
       -4.07342171e-02, -1.65017734e-03, -4.56695323e-01, -2.10594855e-01,
       -3.37359382e-01, -7.91155208e-02,  8.10318259e-03,  1.33831021e-02,
        1.27176735e-03, -6.89576830e-03, -7.59471066e-03, -1.15426544e-02,
       -2.26127376e-01, -1.00383438e-02, -1.83136038e-02, -3.54531937e-03,
       -4.66316295e-01, -1.18339118e-04, -9.67781073e-03, -4.10800852e-02,
       -3.10855909e-01, -8.12826578e-04, -1.76460712e-01, -3.30027489e-01,
        1.84816857e-02,  1.42731201e-02,  5.75497274e-03,  4.44074761e-01,
       -1.41837671e-01, -2.69690416e-01, -4.30568921e-01,  7.16218540e-02,
       -1.52526122e-02, -4.64373002e-01,  3.71980725e-01, -7.85745313e-03,
       -4.17607419e-02, -2.81899645e-01, -1.40328200e-01, -1.24680664e-01,
        5.19479771e-03, -8.59657764e-03, -2.58362527e-01,  7.03876023e-02]) 

Generation: 58 
 - Generation Avg Fit: 14.420319881609787 
 - Best Fitness: 53.27236542615665 
 - Worst Fitness: 0.0
 - Best Solution: array([ 5.53447112e-03, -4.85221862e-01,  1.00001856e-02, -2.47833133e-01,
       -3.17251832e-01, -4.28443594e-02,  3.24110147e-02, -1.07198524e-02,
        8.82175199e-03,  6.61457399e-03, -1.67266056e-02, -4.05845318e-01,
        2.24061157e-01, -2.27428571e-03,  3.51912564e-04, -4.43719132e-01,
       -3.86399221e-01, -6.11352002e-03, -1.18115329e-01, -7.82214614e-02,
       -4.07342171e-02, -1.65017734e-03, -4.56695323e-01, -2.10594855e-01,
       -3.37359382e-01, -7.91155208e-02,  8.10318259e-03,  1.33831021e-02,
        1.27176735e-03, -6.89576830e-03, -7.59471066e-03, -1.15426544e-02,
       -2.26127376e-01, -1.00383438e-02, -1.83136038e-02, -3.54531937e-03,
       -4.66316295e-01, -1.18339118e-04, -9.67781073e-03, -4.10800852e-02,
       -3.10855909e-01, -8.12826578e-04, -1.76460712e-01, -3.30027489e-01,
        1.84816857e-02,  1.42731201e-02,  5.75497274e-03,  4.44074761e-01,
       -1.41837671e-01, -2.69690416e-01, -4.30568921e-01,  7.16218540e-02,
       -1.52526122e-02, -4.64373002e-01,  3.71980725e-01, -7.85745313e-03,
       -4.17607419e-02, -2.81899645e-01, -1.40328200e-01, -1.24680664e-01,
        5.19479771e-03, -8.59657764e-03, -2.58362527e-01,  7.03876023e-02]) 

Generation: 59 
 - Generation Avg Fit: 14.55576925218015 
 - Best Fitness: 53.27236542615665 
 - Worst Fitness: 0.0
 - Best Solution: array([ 5.53447112e-03, -4.85221862e-01,  1.00001856e-02, -2.47833133e-01,
       -3.17251832e-01, -4.28443594e-02,  3.24110147e-02, -1.07198524e-02,
        8.82175199e-03,  6.61457399e-03, -1.67266056e-02, -4.05845318e-01,
        2.24061157e-01, -2.27428571e-03,  3.51912564e-04, -4.43719132e-01,
       -3.86399221e-01, -6.11352002e-03, -1.18115329e-01, -7.82214614e-02,
       -4.07342171e-02, -1.65017734e-03, -4.56695323e-01, -2.10594855e-01,
       -3.37359382e-01, -7.91155208e-02,  8.10318259e-03,  1.33831021e-02,
        1.27176735e-03, -6.89576830e-03, -7.59471066e-03, -1.15426544e-02,
       -2.26127376e-01, -1.00383438e-02, -1.83136038e-02, -3.54531937e-03,
       -4.66316295e-01, -1.18339118e-04, -9.67781073e-03, -4.10800852e-02,
       -3.10855909e-01, -8.12826578e-04, -1.76460712e-01, -3.30027489e-01,
        1.84816857e-02,  1.42731201e-02,  5.75497274e-03,  4.44074761e-01,
       -1.41837671e-01, -2.69690416e-01, -4.30568921e-01,  7.16218540e-02,
       -1.52526122e-02, -4.64373002e-01,  3.71980725e-01, -7.85745313e-03,
       -4.17607419e-02, -2.81899645e-01, -1.40328200e-01, -1.24680664e-01,
        5.19479771e-03, -8.59657764e-03, -2.58362527e-01,  7.03876023e-02]) 

Generation: 60 
 - Generation Avg Fit: 15.108624966714679 
 - Best Fitness: 53.27236542615665 
 - Worst Fitness: 0.0
 - Best Solution: array([ 5.53447112e-03, -4.85221862e-01,  1.00001856e-02, -2.47833133e-01,
       -3.17251832e-01, -4.28443594e-02,  3.24110147e-02, -1.07198524e-02,
        8.82175199e-03,  6.61457399e-03, -1.67266056e-02, -4.05845318e-01,
        2.24061157e-01, -2.27428571e-03,  3.51912564e-04, -4.43719132e-01,
       -3.86399221e-01, -6.11352002e-03, -1.18115329e-01, -7.82214614e-02,
       -4.07342171e-02, -1.65017734e-03, -4.56695323e-01, -2.10594855e-01,
       -3.37359382e-01, -7.91155208e-02,  8.10318259e-03,  1.33831021e-02,
        1.27176735e-03, -6.89576830e-03, -7.59471066e-03, -1.15426544e-02,
       -2.26127376e-01, -1.00383438e-02, -1.83136038e-02, -3.54531937e-03,
       -4.66316295e-01, -1.18339118e-04, -9.67781073e-03, -4.10800852e-02,
       -3.10855909e-01, -8.12826578e-04, -1.76460712e-01, -3.30027489e-01,
        1.84816857e-02,  1.42731201e-02,  5.75497274e-03,  4.44074761e-01,
       -1.41837671e-01, -2.69690416e-01, -4.30568921e-01,  7.16218540e-02,
       -1.52526122e-02, -4.64373002e-01,  3.71980725e-01, -7.85745313e-03,
       -4.17607419e-02, -2.81899645e-01, -1.40328200e-01, -1.24680664e-01,
        5.19479771e-03, -8.59657764e-03, -2.58362527e-01,  7.03876023e-02]) 

Generation: 61 
 - Generation Avg Fit: 15.151773713802317 
 - Best Fitness: 53.27236542615665 
 - Worst Fitness: 0.0
 - Best Solution: array([ 5.53447112e-03, -4.85221862e-01,  1.00001856e-02, -2.47833133e-01,
       -3.17251832e-01, -4.28443594e-02,  3.24110147e-02, -1.07198524e-02,
        8.82175199e-03,  6.61457399e-03, -1.67266056e-02, -4.05845318e-01,
        2.24061157e-01, -2.27428571e-03,  3.51912564e-04, -4.43719132e-01,
       -3.86399221e-01, -6.11352002e-03, -1.18115329e-01, -7.82214614e-02,
       -4.07342171e-02, -1.65017734e-03, -4.56695323e-01, -2.10594855e-01,
       -3.37359382e-01, -7.91155208e-02,  8.10318259e-03,  1.33831021e-02,
        1.27176735e-03, -6.89576830e-03, -7.59471066e-03, -1.15426544e-02,
       -2.26127376e-01, -1.00383438e-02, -1.83136038e-02, -3.54531937e-03,
       -4.66316295e-01, -1.18339118e-04, -9.67781073e-03, -4.10800852e-02,
       -3.10855909e-01, -8.12826578e-04, -1.76460712e-01, -3.30027489e-01,
        1.84816857e-02,  1.42731201e-02,  5.75497274e-03,  4.44074761e-01,
       -1.41837671e-01, -2.69690416e-01, -4.30568921e-01,  7.16218540e-02,
       -1.52526122e-02, -4.64373002e-01,  3.71980725e-01, -7.85745313e-03,
       -4.17607419e-02, -2.81899645e-01, -1.40328200e-01, -1.24680664e-01,
        5.19479771e-03, -8.59657764e-03, -2.58362527e-01,  7.03876023e-02]) 

Generation: 62 
 - Generation Avg Fit: 14.990388714170942 
 - Best Fitness: 53.27236542615665 
 - Worst Fitness: 0.0
 - Best Solution: array([ 5.53447112e-03, -4.85221862e-01,  1.00001856e-02, -2.47833133e-01,
       -3.17251832e-01, -4.28443594e-02,  3.24110147e-02, -1.07198524e-02,
        8.82175199e-03,  6.61457399e-03, -1.67266056e-02, -4.05845318e-01,
        2.24061157e-01, -2.27428571e-03,  3.51912564e-04, -4.43719132e-01,
       -3.86399221e-01, -6.11352002e-03, -1.18115329e-01, -7.82214614e-02,
       -4.07342171e-02, -1.65017734e-03, -4.56695323e-01, -2.10594855e-01,
       -3.37359382e-01, -7.91155208e-02,  8.10318259e-03,  1.33831021e-02,
        1.27176735e-03, -6.89576830e-03, -7.59471066e-03, -1.15426544e-02,
       -2.26127376e-01, -1.00383438e-02, -1.83136038e-02, -3.54531937e-03,
       -4.66316295e-01, -1.18339118e-04, -9.67781073e-03, -4.10800852e-02,
       -3.10855909e-01, -8.12826578e-04, -1.76460712e-01, -3.30027489e-01,
        1.84816857e-02,  1.42731201e-02,  5.75497274e-03,  4.44074761e-01,
       -1.41837671e-01, -2.69690416e-01, -4.30568921e-01,  7.16218540e-02,
       -1.52526122e-02, -4.64373002e-01,  3.71980725e-01, -7.85745313e-03,
       -4.17607419e-02, -2.81899645e-01, -1.40328200e-01, -1.24680664e-01,
        5.19479771e-03, -8.59657764e-03, -2.58362527e-01,  7.03876023e-02]) 

Generation: 63 
 - Generation Avg Fit: 14.986184859626992 
 - Best Fitness: 53.27236542615665 
 - Worst Fitness: 0.0
 - Best Solution: array([ 5.53447112e-03, -4.85221862e-01,  1.00001856e-02, -2.47833133e-01,
       -3.17251832e-01, -4.28443594e-02,  3.24110147e-02, -1.07198524e-02,
        8.82175199e-03,  6.61457399e-03, -1.67266056e-02, -4.05845318e-01,
        2.24061157e-01, -2.27428571e-03,  3.51912564e-04, -4.43719132e-01,
       -3.86399221e-01, -6.11352002e-03, -1.18115329e-01, -7.82214614e-02,
       -4.07342171e-02, -1.65017734e-03, -4.56695323e-01, -2.10594855e-01,
       -3.37359382e-01, -7.91155208e-02,  8.10318259e-03,  1.33831021e-02,
        1.27176735e-03, -6.89576830e-03, -7.59471066e-03, -1.15426544e-02,
       -2.26127376e-01, -1.00383438e-02, -1.83136038e-02, -3.54531937e-03,
       -4.66316295e-01, -1.18339118e-04, -9.67781073e-03, -4.10800852e-02,
       -3.10855909e-01, -8.12826578e-04, -1.76460712e-01, -3.30027489e-01,
        1.84816857e-02,  1.42731201e-02,  5.75497274e-03,  4.44074761e-01,
       -1.41837671e-01, -2.69690416e-01, -4.30568921e-01,  7.16218540e-02,
       -1.52526122e-02, -4.64373002e-01,  3.71980725e-01, -7.85745313e-03,
       -4.17607419e-02, -2.81899645e-01, -1.40328200e-01, -1.24680664e-01,
        5.19479771e-03, -8.59657764e-03, -2.58362527e-01,  7.03876023e-02]) 

Generation: 64 
 - Generation Avg Fit: 15.03383140676655 
 - Best Fitness: 53.27236542615665 
 - Worst Fitness: 0.0
 - Best Solution: array([ 5.53447112e-03, -4.85221862e-01,  1.00001856e-02, -2.47833133e-01,
       -3.17251832e-01, -4.28443594e-02,  3.24110147e-02, -1.07198524e-02,
        8.82175199e-03,  6.61457399e-03, -1.67266056e-02, -4.05845318e-01,
        2.24061157e-01, -2.27428571e-03,  3.51912564e-04, -4.43719132e-01,
       -3.86399221e-01, -6.11352002e-03, -1.18115329e-01, -7.82214614e-02,
       -4.07342171e-02, -1.65017734e-03, -4.56695323e-01, -2.10594855e-01,
       -3.37359382e-01, -7.91155208e-02,  8.10318259e-03,  1.33831021e-02,
        1.27176735e-03, -6.89576830e-03, -7.59471066e-03, -1.15426544e-02,
       -2.26127376e-01, -1.00383438e-02, -1.83136038e-02, -3.54531937e-03,
       -4.66316295e-01, -1.18339118e-04, -9.67781073e-03, -4.10800852e-02,
       -3.10855909e-01, -8.12826578e-04, -1.76460712e-01, -3.30027489e-01,
        1.84816857e-02,  1.42731201e-02,  5.75497274e-03,  4.44074761e-01,
       -1.41837671e-01, -2.69690416e-01, -4.30568921e-01,  7.16218540e-02,
       -1.52526122e-02, -4.64373002e-01,  3.71980725e-01, -7.85745313e-03,
       -4.17607419e-02, -2.81899645e-01, -1.40328200e-01, -1.24680664e-01,
        5.19479771e-03, -8.59657764e-03, -2.58362527e-01,  7.03876023e-02]) 

Generation: 65 
 - Generation Avg Fit: 15.15471920085449 
 - Best Fitness: 53.27236542615665 
 - Worst Fitness: 0.0
 - Best Solution: array([ 5.53447112e-03, -4.85221862e-01,  1.00001856e-02, -2.47833133e-01,
       -3.17251832e-01, -4.28443594e-02,  3.24110147e-02, -1.07198524e-02,
        8.82175199e-03,  6.61457399e-03, -1.67266056e-02, -4.05845318e-01,
        2.24061157e-01, -2.27428571e-03,  3.51912564e-04, -4.43719132e-01,
       -3.86399221e-01, -6.11352002e-03, -1.18115329e-01, -7.82214614e-02,
       -4.07342171e-02, -1.65017734e-03, -4.56695323e-01, -2.10594855e-01,
       -3.37359382e-01, -7.91155208e-02,  8.10318259e-03,  1.33831021e-02,
        1.27176735e-03, -6.89576830e-03, -7.59471066e-03, -1.15426544e-02,
       -2.26127376e-01, -1.00383438e-02, -1.83136038e-02, -3.54531937e-03,
       -4.66316295e-01, -1.18339118e-04, -9.67781073e-03, -4.10800852e-02,
       -3.10855909e-01, -8.12826578e-04, -1.76460712e-01, -3.30027489e-01,
        1.84816857e-02,  1.42731201e-02,  5.75497274e-03,  4.44074761e-01,
       -1.41837671e-01, -2.69690416e-01, -4.30568921e-01,  7.16218540e-02,
       -1.52526122e-02, -4.64373002e-01,  3.71980725e-01, -7.85745313e-03,
       -4.17607419e-02, -2.81899645e-01, -1.40328200e-01, -1.24680664e-01,
        5.19479771e-03, -8.59657764e-03, -2.58362527e-01,  7.03876023e-02]) 

Generation: 66 
 - Generation Avg Fit: 14.914837877290985 
 - Best Fitness: 53.27236542615665 
 - Worst Fitness: 0.0
 - Best Solution: array([ 5.53447112e-03, -4.85221862e-01,  1.00001856e-02, -2.47833133e-01,
       -3.17251832e-01, -4.28443594e-02,  3.24110147e-02, -1.07198524e-02,
        8.82175199e-03,  6.61457399e-03, -1.67266056e-02, -4.05845318e-01,
        2.24061157e-01, -2.27428571e-03,  3.51912564e-04, -4.43719132e-01,
       -3.86399221e-01, -6.11352002e-03, -1.18115329e-01, -7.82214614e-02,
       -4.07342171e-02, -1.65017734e-03, -4.56695323e-01, -2.10594855e-01,
       -3.37359382e-01, -7.91155208e-02,  8.10318259e-03,  1.33831021e-02,
        1.27176735e-03, -6.89576830e-03, -7.59471066e-03, -1.15426544e-02,
       -2.26127376e-01, -1.00383438e-02, -1.83136038e-02, -3.54531937e-03,
       -4.66316295e-01, -1.18339118e-04, -9.67781073e-03, -4.10800852e-02,
       -3.10855909e-01, -8.12826578e-04, -1.76460712e-01, -3.30027489e-01,
        1.84816857e-02,  1.42731201e-02,  5.75497274e-03,  4.44074761e-01,
       -1.41837671e-01, -2.69690416e-01, -4.30568921e-01,  7.16218540e-02,
       -1.52526122e-02, -4.64373002e-01,  3.71980725e-01, -7.85745313e-03,
       -4.17607419e-02, -2.81899645e-01, -1.40328200e-01, -1.24680664e-01,
        5.19479771e-03, -8.59657764e-03, -2.58362527e-01,  7.03876023e-02]) 

Generation: 67 
 - Generation Avg Fit: 15.585528905616279 
 - Best Fitness: 53.27236542615665 
 - Worst Fitness: 0.0
 - Best Solution: array([ 5.53447112e-03, -4.85221862e-01,  1.00001856e-02, -2.47833133e-01,
       -3.17251832e-01, -4.28443594e-02,  3.24110147e-02, -1.07198524e-02,
        8.82175199e-03,  6.61457399e-03, -1.67266056e-02, -4.05845318e-01,
        2.24061157e-01, -2.27428571e-03,  3.51912564e-04, -4.43719132e-01,
       -3.86399221e-01, -6.11352002e-03, -1.18115329e-01, -7.82214614e-02,
       -4.07342171e-02, -1.65017734e-03, -4.56695323e-01, -2.10594855e-01,
       -3.37359382e-01, -7.91155208e-02,  8.10318259e-03,  1.33831021e-02,
        1.27176735e-03, -6.89576830e-03, -7.59471066e-03, -1.15426544e-02,
       -2.26127376e-01, -1.00383438e-02, -1.83136038e-02, -3.54531937e-03,
       -4.66316295e-01, -1.18339118e-04, -9.67781073e-03, -4.10800852e-02,
       -3.10855909e-01, -8.12826578e-04, -1.76460712e-01, -3.30027489e-01,
        1.84816857e-02,  1.42731201e-02,  5.75497274e-03,  4.44074761e-01,
       -1.41837671e-01, -2.69690416e-01, -4.30568921e-01,  7.16218540e-02,
       -1.52526122e-02, -4.64373002e-01,  3.71980725e-01, -7.85745313e-03,
       -4.17607419e-02, -2.81899645e-01, -1.40328200e-01, -1.24680664e-01,
        5.19479771e-03, -8.59657764e-03, -2.58362527e-01,  7.03876023e-02]) 

Generation: 68 
 - Generation Avg Fit: 15.266835289658127 
 - Best Fitness: 53.27236542615665 
 - Worst Fitness: 0.0
 - Best Solution: array([ 5.53447112e-03, -4.85221862e-01,  1.00001856e-02, -2.47833133e-01,
       -3.17251832e-01, -4.28443594e-02,  3.24110147e-02, -1.07198524e-02,
        8.82175199e-03,  6.61457399e-03, -1.67266056e-02, -4.05845318e-01,
        2.24061157e-01, -2.27428571e-03,  3.51912564e-04, -4.43719132e-01,
       -3.86399221e-01, -6.11352002e-03, -1.18115329e-01, -7.82214614e-02,
       -4.07342171e-02, -1.65017734e-03, -4.56695323e-01, -2.10594855e-01,
       -3.37359382e-01, -7.91155208e-02,  8.10318259e-03,  1.33831021e-02,
        1.27176735e-03, -6.89576830e-03, -7.59471066e-03, -1.15426544e-02,
       -2.26127376e-01, -1.00383438e-02, -1.83136038e-02, -3.54531937e-03,
       -4.66316295e-01, -1.18339118e-04, -9.67781073e-03, -4.10800852e-02,
       -3.10855909e-01, -8.12826578e-04, -1.76460712e-01, -3.30027489e-01,
        1.84816857e-02,  1.42731201e-02,  5.75497274e-03,  4.44074761e-01,
       -1.41837671e-01, -2.69690416e-01, -4.30568921e-01,  7.16218540e-02,
       -1.52526122e-02, -4.64373002e-01,  3.71980725e-01, -7.85745313e-03,
       -4.17607419e-02, -2.81899645e-01, -1.40328200e-01, -1.24680664e-01,
        5.19479771e-03, -8.59657764e-03, -2.58362527e-01,  7.03876023e-02]) 

Generation: 69 
 - Generation Avg Fit: 15.316083512695856 
 - Best Fitness: 53.27236542615665 
 - Worst Fitness: 0.0
 - Best Solution: array([ 5.53447112e-03, -4.85221862e-01,  1.00001856e-02, -2.47833133e-01,
       -3.17251832e-01, -4.28443594e-02,  3.24110147e-02, -1.07198524e-02,
        8.82175199e-03,  6.61457399e-03, -1.67266056e-02, -4.05845318e-01,
        2.24061157e-01, -2.27428571e-03,  3.51912564e-04, -4.43719132e-01,
       -3.86399221e-01, -6.11352002e-03, -1.18115329e-01, -7.82214614e-02,
       -4.07342171e-02, -1.65017734e-03, -4.56695323e-01, -2.10594855e-01,
       -3.37359382e-01, -7.91155208e-02,  8.10318259e-03,  1.33831021e-02,
        1.27176735e-03, -6.89576830e-03, -7.59471066e-03, -1.15426544e-02,
       -2.26127376e-01, -1.00383438e-02, -1.83136038e-02, -3.54531937e-03,
       -4.66316295e-01, -1.18339118e-04, -9.67781073e-03, -4.10800852e-02,
       -3.10855909e-01, -8.12826578e-04, -1.76460712e-01, -3.30027489e-01,
        1.84816857e-02,  1.42731201e-02,  5.75497274e-03,  4.44074761e-01,
       -1.41837671e-01, -2.69690416e-01, -4.30568921e-01,  7.16218540e-02,
       -1.52526122e-02, -4.64373002e-01,  3.71980725e-01, -7.85745313e-03,
       -4.17607419e-02, -2.81899645e-01, -1.40328200e-01, -1.24680664e-01,
        5.19479771e-03, -8.59657764e-03, -2.58362527e-01,  7.03876023e-02]) 

Generation: 70 
 - Generation Avg Fit: 15.296029478474255 
 - Best Fitness: 53.27236542615665 
 - Worst Fitness: 0.0
 - Best Solution: array([ 5.53447112e-03, -4.85221862e-01,  1.00001856e-02, -2.47833133e-01,
       -3.17251832e-01, -4.28443594e-02,  3.24110147e-02, -1.07198524e-02,
        8.82175199e-03,  6.61457399e-03, -1.67266056e-02, -4.05845318e-01,
        2.24061157e-01, -2.27428571e-03,  3.51912564e-04, -4.43719132e-01,
       -3.86399221e-01, -6.11352002e-03, -1.18115329e-01, -7.82214614e-02,
       -4.07342171e-02, -1.65017734e-03, -4.56695323e-01, -2.10594855e-01,
       -3.37359382e-01, -7.91155208e-02,  8.10318259e-03,  1.33831021e-02,
        1.27176735e-03, -6.89576830e-03, -7.59471066e-03, -1.15426544e-02,
       -2.26127376e-01, -1.00383438e-02, -1.83136038e-02, -3.54531937e-03,
       -4.66316295e-01, -1.18339118e-04, -9.67781073e-03, -4.10800852e-02,
       -3.10855909e-01, -8.12826578e-04, -1.76460712e-01, -3.30027489e-01,
        1.84816857e-02,  1.42731201e-02,  5.75497274e-03,  4.44074761e-01,
       -1.41837671e-01, -2.69690416e-01, -4.30568921e-01,  7.16218540e-02,
       -1.52526122e-02, -4.64373002e-01,  3.71980725e-01, -7.85745313e-03,
       -4.17607419e-02, -2.81899645e-01, -1.40328200e-01, -1.24680664e-01,
        5.19479771e-03, -8.59657764e-03, -2.58362527e-01,  7.03876023e-02]) 

Generation: 71 
 - Generation Avg Fit: 15.880432405319628 
 - Best Fitness: 53.27236542615665 
 - Worst Fitness: 0.0
 - Best Solution: array([ 5.53447112e-03, -4.85221862e-01,  1.00001856e-02, -2.47833133e-01,
       -3.17251832e-01, -4.28443594e-02,  3.24110147e-02, -1.07198524e-02,
        8.82175199e-03,  6.61457399e-03, -1.67266056e-02, -4.05845318e-01,
        2.24061157e-01, -2.27428571e-03,  3.51912564e-04, -4.43719132e-01,
       -3.86399221e-01, -6.11352002e-03, -1.18115329e-01, -7.82214614e-02,
       -4.07342171e-02, -1.65017734e-03, -4.56695323e-01, -2.10594855e-01,
       -3.37359382e-01, -7.91155208e-02,  8.10318259e-03,  1.33831021e-02,
        1.27176735e-03, -6.89576830e-03, -7.59471066e-03, -1.15426544e-02,
       -2.26127376e-01, -1.00383438e-02, -1.83136038e-02, -3.54531937e-03,
       -4.66316295e-01, -1.18339118e-04, -9.67781073e-03, -4.10800852e-02,
       -3.10855909e-01, -8.12826578e-04, -1.76460712e-01, -3.30027489e-01,
        1.84816857e-02,  1.42731201e-02,  5.75497274e-03,  4.44074761e-01,
       -1.41837671e-01, -2.69690416e-01, -4.30568921e-01,  7.16218540e-02,
       -1.52526122e-02, -4.64373002e-01,  3.71980725e-01, -7.85745313e-03,
       -4.17607419e-02, -2.81899645e-01, -1.40328200e-01, -1.24680664e-01,
        5.19479771e-03, -8.59657764e-03, -2.58362527e-01,  7.03876023e-02]) 

Generation: 72 
 - Generation Avg Fit: 15.55602709623834 
 - Best Fitness: 53.27236542615665 
 - Worst Fitness: 0.0
 - Best Solution: array([ 5.53447112e-03, -4.85221862e-01,  1.00001856e-02, -2.47833133e-01,
       -3.17251832e-01, -4.28443594e-02,  3.24110147e-02, -1.07198524e-02,
        8.82175199e-03,  6.61457399e-03, -1.67266056e-02, -4.05845318e-01,
        2.24061157e-01, -2.27428571e-03,  3.51912564e-04, -4.43719132e-01,
       -3.86399221e-01, -6.11352002e-03, -1.18115329e-01, -7.82214614e-02,
       -4.07342171e-02, -1.65017734e-03, -4.56695323e-01, -2.10594855e-01,
       -3.37359382e-01, -7.91155208e-02,  8.10318259e-03,  1.33831021e-02,
        1.27176735e-03, -6.89576830e-03, -7.59471066e-03, -1.15426544e-02,
       -2.26127376e-01, -1.00383438e-02, -1.83136038e-02, -3.54531937e-03,
       -4.66316295e-01, -1.18339118e-04, -9.67781073e-03, -4.10800852e-02,
       -3.10855909e-01, -8.12826578e-04, -1.76460712e-01, -3.30027489e-01,
        1.84816857e-02,  1.42731201e-02,  5.75497274e-03,  4.44074761e-01,
       -1.41837671e-01, -2.69690416e-01, -4.30568921e-01,  7.16218540e-02,
       -1.52526122e-02, -4.64373002e-01,  3.71980725e-01, -7.85745313e-03,
       -4.17607419e-02, -2.81899645e-01, -1.40328200e-01, -1.24680664e-01,
        5.19479771e-03, -8.59657764e-03, -2.58362527e-01,  7.03876023e-02]) 

Generation: 73 
 - Generation Avg Fit: 16.31527448206524 
 - Best Fitness: 53.27236542615665 
 - Worst Fitness: 0.0
 - Best Solution: array([ 5.53447112e-03, -4.85221862e-01,  1.00001856e-02, -2.47833133e-01,
       -3.17251832e-01, -4.28443594e-02,  3.24110147e-02, -1.07198524e-02,
        8.82175199e-03,  6.61457399e-03, -1.67266056e-02, -4.05845318e-01,
        2.24061157e-01, -2.27428571e-03,  3.51912564e-04, -4.43719132e-01,
       -3.86399221e-01, -6.11352002e-03, -1.18115329e-01, -7.82214614e-02,
       -4.07342171e-02, -1.65017734e-03, -4.56695323e-01, -2.10594855e-01,
       -3.37359382e-01, -7.91155208e-02,  8.10318259e-03,  1.33831021e-02,
        1.27176735e-03, -6.89576830e-03, -7.59471066e-03, -1.15426544e-02,
       -2.26127376e-01, -1.00383438e-02, -1.83136038e-02, -3.54531937e-03,
       -4.66316295e-01, -1.18339118e-04, -9.67781073e-03, -4.10800852e-02,
       -3.10855909e-01, -8.12826578e-04, -1.76460712e-01, -3.30027489e-01,
        1.84816857e-02,  1.42731201e-02,  5.75497274e-03,  4.44074761e-01,
       -1.41837671e-01, -2.69690416e-01, -4.30568921e-01,  7.16218540e-02,
       -1.52526122e-02, -4.64373002e-01,  3.71980725e-01, -7.85745313e-03,
       -4.17607419e-02, -2.81899645e-01, -1.40328200e-01, -1.24680664e-01,
        5.19479771e-03, -8.59657764e-03, -2.58362527e-01,  7.03876023e-02]) 

Generation: 74 
 - Generation Avg Fit: 16.365212943722103 
 - Best Fitness: 53.27236542615665 
 - Worst Fitness: 0.0
 - Best Solution: array([ 5.53447112e-03, -4.85221862e-01,  1.00001856e-02, -2.47833133e-01,
       -3.17251832e-01, -4.28443594e-02,  3.24110147e-02, -1.07198524e-02,
        8.82175199e-03,  6.61457399e-03, -1.67266056e-02, -4.05845318e-01,
        2.24061157e-01, -2.27428571e-03,  3.51912564e-04, -4.43719132e-01,
       -3.86399221e-01, -6.11352002e-03, -1.18115329e-01, -7.82214614e-02,
       -4.07342171e-02, -1.65017734e-03, -4.56695323e-01, -2.10594855e-01,
       -3.37359382e-01, -7.91155208e-02,  8.10318259e-03,  1.33831021e-02,
        1.27176735e-03, -6.89576830e-03, -7.59471066e-03, -1.15426544e-02,
       -2.26127376e-01, -1.00383438e-02, -1.83136038e-02, -3.54531937e-03,
       -4.66316295e-01, -1.18339118e-04, -9.67781073e-03, -4.10800852e-02,
       -3.10855909e-01, -8.12826578e-04, -1.76460712e-01, -3.30027489e-01,
        1.84816857e-02,  1.42731201e-02,  5.75497274e-03,  4.44074761e-01,
       -1.41837671e-01, -2.69690416e-01, -4.30568921e-01,  7.16218540e-02,
       -1.52526122e-02, -4.64373002e-01,  3.71980725e-01, -7.85745313e-03,
       -4.17607419e-02, -2.81899645e-01, -1.40328200e-01, -1.24680664e-01,
        5.19479771e-03, -8.59657764e-03, -2.58362527e-01,  7.03876023e-02]) 

Generation: 75 
 - Generation Avg Fit: 16.15972602932651 
 - Best Fitness: 53.27236542615665 
 - Worst Fitness: 0.0
 - Best Solution: array([ 5.53447112e-03, -4.85221862e-01,  1.00001856e-02, -2.47833133e-01,
       -3.17251832e-01, -4.28443594e-02,  3.24110147e-02, -1.07198524e-02,
        8.82175199e-03,  6.61457399e-03, -1.67266056e-02, -4.05845318e-01,
        2.24061157e-01, -2.27428571e-03,  3.51912564e-04, -4.43719132e-01,
       -3.86399221e-01, -6.11352002e-03, -1.18115329e-01, -7.82214614e-02,
       -4.07342171e-02, -1.65017734e-03, -4.56695323e-01, -2.10594855e-01,
       -3.37359382e-01, -7.91155208e-02,  8.10318259e-03,  1.33831021e-02,
        1.27176735e-03, -6.89576830e-03, -7.59471066e-03, -1.15426544e-02,
       -2.26127376e-01, -1.00383438e-02, -1.83136038e-02, -3.54531937e-03,
       -4.66316295e-01, -1.18339118e-04, -9.67781073e-03, -4.10800852e-02,
       -3.10855909e-01, -8.12826578e-04, -1.76460712e-01, -3.30027489e-01,
        1.84816857e-02,  1.42731201e-02,  5.75497274e-03,  4.44074761e-01,
       -1.41837671e-01, -2.69690416e-01, -4.30568921e-01,  7.16218540e-02,
       -1.52526122e-02, -4.64373002e-01,  3.71980725e-01, -7.85745313e-03,
       -4.17607419e-02, -2.81899645e-01, -1.40328200e-01, -1.24680664e-01,
        5.19479771e-03, -8.59657764e-03, -2.58362527e-01,  7.03876023e-02]) 

Generation: 76 
 - Generation Avg Fit: 16.53772545249375 
 - Best Fitness: 53.27236542615665 
 - Worst Fitness: 0.0
 - Best Solution: array([ 5.53447112e-03, -4.85221862e-01,  1.00001856e-02, -2.47833133e-01,
       -3.17251832e-01, -4.28443594e-02,  3.24110147e-02, -1.07198524e-02,
        8.82175199e-03,  6.61457399e-03, -1.67266056e-02, -4.05845318e-01,
        2.24061157e-01, -2.27428571e-03,  3.51912564e-04, -4.43719132e-01,
       -3.86399221e-01, -6.11352002e-03, -1.18115329e-01, -7.82214614e-02,
       -4.07342171e-02, -1.65017734e-03, -4.56695323e-01, -2.10594855e-01,
       -3.37359382e-01, -7.91155208e-02,  8.10318259e-03,  1.33831021e-02,
        1.27176735e-03, -6.89576830e-03, -7.59471066e-03, -1.15426544e-02,
       -2.26127376e-01, -1.00383438e-02, -1.83136038e-02, -3.54531937e-03,
       -4.66316295e-01, -1.18339118e-04, -9.67781073e-03, -4.10800852e-02,
       -3.10855909e-01, -8.12826578e-04, -1.76460712e-01, -3.30027489e-01,
        1.84816857e-02,  1.42731201e-02,  5.75497274e-03,  4.44074761e-01,
       -1.41837671e-01, -2.69690416e-01, -4.30568921e-01,  7.16218540e-02,
       -1.52526122e-02, -4.64373002e-01,  3.71980725e-01, -7.85745313e-03,
       -4.17607419e-02, -2.81899645e-01, -1.40328200e-01, -1.24680664e-01,
        5.19479771e-03, -8.59657764e-03, -2.58362527e-01,  7.03876023e-02]) 

Generation: 77 
 - Generation Avg Fit: 15.484431314685187 
 - Best Fitness: 53.27236542615665 
 - Worst Fitness: 0.0
 - Best Solution: array([ 5.53447112e-03, -4.85221862e-01,  1.00001856e-02, -2.47833133e-01,
       -3.17251832e-01, -4.28443594e-02,  3.24110147e-02, -1.07198524e-02,
        8.82175199e-03,  6.61457399e-03, -1.67266056e-02, -4.05845318e-01,
        2.24061157e-01, -2.27428571e-03,  3.51912564e-04, -4.43719132e-01,
       -3.86399221e-01, -6.11352002e-03, -1.18115329e-01, -7.82214614e-02,
       -4.07342171e-02, -1.65017734e-03, -4.56695323e-01, -2.10594855e-01,
       -3.37359382e-01, -7.91155208e-02,  8.10318259e-03,  1.33831021e-02,
        1.27176735e-03, -6.89576830e-03, -7.59471066e-03, -1.15426544e-02,
       -2.26127376e-01, -1.00383438e-02, -1.83136038e-02, -3.54531937e-03,
       -4.66316295e-01, -1.18339118e-04, -9.67781073e-03, -4.10800852e-02,
       -3.10855909e-01, -8.12826578e-04, -1.76460712e-01, -3.30027489e-01,
        1.84816857e-02,  1.42731201e-02,  5.75497274e-03,  4.44074761e-01,
       -1.41837671e-01, -2.69690416e-01, -4.30568921e-01,  7.16218540e-02,
       -1.52526122e-02, -4.64373002e-01,  3.71980725e-01, -7.85745313e-03,
       -4.17607419e-02, -2.81899645e-01, -1.40328200e-01, -1.24680664e-01,
        5.19479771e-03, -8.59657764e-03, -2.58362527e-01,  7.03876023e-02]) 

Generation: 78 
 - Generation Avg Fit: 15.771273244102035 
 - Best Fitness: 53.27236542615665 
 - Worst Fitness: 0.0
 - Best Solution: array([ 5.53447112e-03, -4.85221862e-01,  1.00001856e-02, -2.47833133e-01,
       -3.17251832e-01, -4.28443594e-02,  3.24110147e-02, -1.07198524e-02,
        8.82175199e-03,  6.61457399e-03, -1.67266056e-02, -4.05845318e-01,
        2.24061157e-01, -2.27428571e-03,  3.51912564e-04, -4.43719132e-01,
       -3.86399221e-01, -6.11352002e-03, -1.18115329e-01, -7.82214614e-02,
       -4.07342171e-02, -1.65017734e-03, -4.56695323e-01, -2.10594855e-01,
       -3.37359382e-01, -7.91155208e-02,  8.10318259e-03,  1.33831021e-02,
        1.27176735e-03, -6.89576830e-03, -7.59471066e-03, -1.15426544e-02,
       -2.26127376e-01, -1.00383438e-02, -1.83136038e-02, -3.54531937e-03,
       -4.66316295e-01, -1.18339118e-04, -9.67781073e-03, -4.10800852e-02,
       -3.10855909e-01, -8.12826578e-04, -1.76460712e-01, -3.30027489e-01,
        1.84816857e-02,  1.42731201e-02,  5.75497274e-03,  4.44074761e-01,
       -1.41837671e-01, -2.69690416e-01, -4.30568921e-01,  7.16218540e-02,
       -1.52526122e-02, -4.64373002e-01,  3.71980725e-01, -7.85745313e-03,
       -4.17607419e-02, -2.81899645e-01, -1.40328200e-01, -1.24680664e-01,
        5.19479771e-03, -8.59657764e-03, -2.58362527e-01,  7.03876023e-02]) 

Generation: 79 
 - Generation Avg Fit: 16.56685156553799 
 - Best Fitness: 53.27236542615665 
 - Worst Fitness: 0.0
 - Best Solution: array([ 5.53447112e-03, -4.85221862e-01,  1.00001856e-02, -2.47833133e-01,
       -3.17251832e-01, -4.28443594e-02,  3.24110147e-02, -1.07198524e-02,
        8.82175199e-03,  6.61457399e-03, -1.67266056e-02, -4.05845318e-01,
        2.24061157e-01, -2.27428571e-03,  3.51912564e-04, -4.43719132e-01,
       -3.86399221e-01, -6.11352002e-03, -1.18115329e-01, -7.82214614e-02,
       -4.07342171e-02, -1.65017734e-03, -4.56695323e-01, -2.10594855e-01,
       -3.37359382e-01, -7.91155208e-02,  8.10318259e-03,  1.33831021e-02,
        1.27176735e-03, -6.89576830e-03, -7.59471066e-03, -1.15426544e-02,
       -2.26127376e-01, -1.00383438e-02, -1.83136038e-02, -3.54531937e-03,
       -4.66316295e-01, -1.18339118e-04, -9.67781073e-03, -4.10800852e-02,
       -3.10855909e-01, -8.12826578e-04, -1.76460712e-01, -3.30027489e-01,
        1.84816857e-02,  1.42731201e-02,  5.75497274e-03,  4.44074761e-01,
       -1.41837671e-01, -2.69690416e-01, -4.30568921e-01,  7.16218540e-02,
       -1.52526122e-02, -4.64373002e-01,  3.71980725e-01, -7.85745313e-03,
       -4.17607419e-02, -2.81899645e-01, -1.40328200e-01, -1.24680664e-01,
        5.19479771e-03, -8.59657764e-03, -2.58362527e-01,  7.03876023e-02]) 

Generation: 80 
 - Generation Avg Fit: 16.197081268885185 
 - Best Fitness: 53.27236542615665 
 - Worst Fitness: 0.0
 - Best Solution: array([ 5.53447112e-03, -4.85221862e-01,  1.00001856e-02, -2.47833133e-01,
       -3.17251832e-01, -4.28443594e-02,  3.24110147e-02, -1.07198524e-02,
        8.82175199e-03,  6.61457399e-03, -1.67266056e-02, -4.05845318e-01,
        2.24061157e-01, -2.27428571e-03,  3.51912564e-04, -4.43719132e-01,
       -3.86399221e-01, -6.11352002e-03, -1.18115329e-01, -7.82214614e-02,
       -4.07342171e-02, -1.65017734e-03, -4.56695323e-01, -2.10594855e-01,
       -3.37359382e-01, -7.91155208e-02,  8.10318259e-03,  1.33831021e-02,
        1.27176735e-03, -6.89576830e-03, -7.59471066e-03, -1.15426544e-02,
       -2.26127376e-01, -1.00383438e-02, -1.83136038e-02, -3.54531937e-03,
       -4.66316295e-01, -1.18339118e-04, -9.67781073e-03, -4.10800852e-02,
       -3.10855909e-01, -8.12826578e-04, -1.76460712e-01, -3.30027489e-01,
        1.84816857e-02,  1.42731201e-02,  5.75497274e-03,  4.44074761e-01,
       -1.41837671e-01, -2.69690416e-01, -4.30568921e-01,  7.16218540e-02,
       -1.52526122e-02, -4.64373002e-01,  3.71980725e-01, -7.85745313e-03,
       -4.17607419e-02, -2.81899645e-01, -1.40328200e-01, -1.24680664e-01,
        5.19479771e-03, -8.59657764e-03, -2.58362527e-01,  7.03876023e-02]) 

Generation: 81 
 - Generation Avg Fit: 16.172363816983733 
 - Best Fitness: 53.27236542615665 
 - Worst Fitness: 0.0
 - Best Solution: array([ 5.53447112e-03, -4.85221862e-01,  1.00001856e-02, -2.47833133e-01,
       -3.17251832e-01, -4.28443594e-02,  3.24110147e-02, -1.07198524e-02,
        8.82175199e-03,  6.61457399e-03, -1.67266056e-02, -4.05845318e-01,
        2.24061157e-01, -2.27428571e-03,  3.51912564e-04, -4.43719132e-01,
       -3.86399221e-01, -6.11352002e-03, -1.18115329e-01, -7.82214614e-02,
       -4.07342171e-02, -1.65017734e-03, -4.56695323e-01, -2.10594855e-01,
       -3.37359382e-01, -7.91155208e-02,  8.10318259e-03,  1.33831021e-02,
        1.27176735e-03, -6.89576830e-03, -7.59471066e-03, -1.15426544e-02,
       -2.26127376e-01, -1.00383438e-02, -1.83136038e-02, -3.54531937e-03,
       -4.66316295e-01, -1.18339118e-04, -9.67781073e-03, -4.10800852e-02,
       -3.10855909e-01, -8.12826578e-04, -1.76460712e-01, -3.30027489e-01,
        1.84816857e-02,  1.42731201e-02,  5.75497274e-03,  4.44074761e-01,
       -1.41837671e-01, -2.69690416e-01, -4.30568921e-01,  7.16218540e-02,
       -1.52526122e-02, -4.64373002e-01,  3.71980725e-01, -7.85745313e-03,
       -4.17607419e-02, -2.81899645e-01, -1.40328200e-01, -1.24680664e-01,
        5.19479771e-03, -8.59657764e-03, -2.58362527e-01,  7.03876023e-02]) 
