
-------------------------------------------------------------------------------------------------------
                                --- Method Parameters ---                                            
-------------------------------------------------------------------------------------------------------

method: PyGAD, entity: hydrostat_reservoir, volume: 0.04, sim_duration: 100, dt: 0.05, 
fitness_func: pygad_fitness, pop_size: 200, gen_size: 100, weight_search: 0.5, 

-------------------------------------------------------------------------------------------------------
                                --- Pygad  Parameters ---                                            
-------------------------------------------------------------------------------------------------------

parent_selection_type: rank, parents mating: 100, keep parents: 100, crossover type: uniform, 
mutation type: random, mutation prob: 0.5, mutation_max_val: 0.01, mutation_min_val: -0.01, 

=======================================================================================================


Generation: 1 
 - Generation Avg Fit: 1.76025287496563 
 - Best Fitness: 18.675988565053526 
 - Worst Fitness: 0.0
 - Best Solution: array([0., 0., 0., 0., 0., 0., 0., 0., 0., 0., 0., 0., 0., 0., 0., 0., 0.,
       0., 0., 0., 0., 0., 0., 0., 0., 0., 0., 0., 0., 0., 0., 0., 0., 0.,
       0., 0., 0., 0., 0., 0., 0., 0., 0., 0., 0., 0., 0., 0., 0., 0., 0.,
       0., 0., 0., 0., 0., 0., 0., 0., 0., 0., 0., 0., 0.]) 

Generation: 2 
 - Generation Avg Fit: 2.433138092312342 
 - Best Fitness: 27.424090057807994 
 - Worst Fitness: 0.0
 - Best Solution: array([ 0.32803803, -0.30666437, -0.47912717,  0.0281275 ,  0.2416473 ,
        0.26433665,  0.33973072, -0.39353989,  0.1389015 , -0.3842691 ,
       -0.3734553 , -0.28651987, -0.4335644 , -0.46752974, -0.41802651,
        0.35446343, -0.267537  ,  0.34507332, -0.2551608 , -0.1098326 ,
        0.33755172,  0.39565683, -0.45409585,  0.19268577, -0.17685408,
       -0.35366198, -0.27449497,  0.33314067, -0.48126104,  0.01405305,
       -0.12229676, -0.44323508, -0.15252233, -0.0591838 , -0.31938191,
        0.15392876, -0.48615994, -0.06440395, -0.45120357, -0.21322418,
        0.30078284,  0.13026236, -0.41309681,  0.24385404, -0.42504629,
        0.08782455,  0.17583493, -0.10666829, -0.13672718, -0.38691819,
        0.23146541, -0.44210797,  0.44658322,  0.45015501, -0.12909622,
       -0.06671056, -0.36489024, -0.06386697, -0.2444964 ,  0.12997046,
       -0.18729979,  0.10147443,  0.43066753, -0.18392838]) 

Generation: 3 
 - Generation Avg Fit: 2.748504043139651 
 - Best Fitness: 27.424090057807994 
 - Worst Fitness: 0.0
 - Best Solution: array([ 0.09578083, -0.46613259, -0.47016925,  0.04867917, -0.11009283,
       -0.23012818, -0.11992748, -0.23590602, -0.07524345,  0.07452901,
        0.44077509, -0.33277578,  0.32493025, -0.07299852,  0.40520815,
       -0.35197349, -0.4179897 ,  0.34938697,  0.35962705, -0.47545402,
        0.28308865, -0.34487864, -0.32072046, -0.47820756,  0.25490212,
        0.05526965,  0.07822074, -0.00862798, -0.23684109, -0.00579741,
       -0.2359593 ,  0.28070519, -0.26606058, -0.11269445, -0.49642697,
        0.43170907, -0.08716044, -0.11701236, -0.13906993,  0.32576276,
        0.12301335,  0.44156303, -0.07047445, -0.04984411,  0.49952812,
       -0.34327742,  0.28304701, -0.23377384, -0.27447668,  0.18578846,
       -0.47613556,  0.33103143, -0.21914446,  0.18792758,  0.07519009,
        0.14511576, -0.35106163,  0.16065703, -0.21162469, -0.42537459,
        0.08479971, -0.3013877 , -0.24404254,  0.04680921]) 

Generation: 4 
 - Generation Avg Fit: 2.974013149838304 
 - Best Fitness: 27.424090057807994 
 - Worst Fitness: 0.0
 - Best Solution: array([ 0.32803803, -0.30666437, -0.47912717,  0.0281275 ,  0.2416473 ,
        0.26433665,  0.33973072, -0.39353989,  0.1389015 , -0.3842691 ,
       -0.3734553 , -0.28651987, -0.4335644 , -0.46752974, -0.41802651,
        0.35446343, -0.267537  ,  0.34507332, -0.2551608 , -0.1098326 ,
        0.33755172,  0.39565683, -0.45409585,  0.19268577, -0.17685408,
       -0.35366198, -0.27449497,  0.33314067, -0.48126104,  0.01405305,
       -0.12229676, -0.44323508, -0.15252233, -0.0591838 , -0.31938191,
        0.15392876, -0.48615994, -0.06440395, -0.45120357, -0.21322418,
        0.30078284,  0.13026236, -0.41309681,  0.24385404, -0.42504629,
        0.08782455,  0.17583493, -0.10666829, -0.13672718, -0.38691819,
        0.23146541, -0.44210797,  0.44658322,  0.45015501, -0.12909622,
       -0.06671056, -0.36489024, -0.06386697, -0.2444964 ,  0.12997046,
       -0.18729979,  0.10147443,  0.43066753, -0.18392838]) 

Generation: 5 
 - Generation Avg Fit: 3.5634102327976986 
 - Best Fitness: 27.424090057807994 
 - Worst Fitness: 0.0
 - Best Solution: array([ 0.32803803, -0.30666437, -0.47912717,  0.0281275 ,  0.2416473 ,
        0.26433665,  0.33973072, -0.39353989,  0.1389015 , -0.3842691 ,
       -0.3734553 , -0.28651987, -0.4335644 , -0.46752974, -0.41802651,
        0.35446343, -0.267537  ,  0.34507332, -0.2551608 , -0.1098326 ,
        0.33755172,  0.39565683, -0.45409585,  0.19268577, -0.17685408,
       -0.35366198, -0.27449497,  0.33314067, -0.48126104,  0.01405305,
       -0.12229676, -0.44323508, -0.15252233, -0.0591838 , -0.31938191,
        0.15392876, -0.48615994, -0.06440395, -0.45120357, -0.21322418,
        0.30078284,  0.13026236, -0.41309681,  0.24385404, -0.42504629,
        0.08782455,  0.17583493, -0.10666829, -0.13672718, -0.38691819,
        0.23146541, -0.44210797,  0.44658322,  0.45015501, -0.12909622,
       -0.06671056, -0.36489024, -0.06386697, -0.2444964 ,  0.12997046,
       -0.18729979,  0.10147443,  0.43066753, -0.18392838]) 

Generation: 6 
 - Generation Avg Fit: 3.850874142375576 
 - Best Fitness: 27.424090057807994 
 - Worst Fitness: 0.0
 - Best Solution: array([ 0.32803803, -0.30666437, -0.47912717,  0.0281275 ,  0.2416473 ,
        0.26433665,  0.33973072, -0.39353989,  0.1389015 , -0.3842691 ,
       -0.3734553 , -0.28651987, -0.4335644 , -0.46752974, -0.41802651,
        0.35446343, -0.267537  ,  0.34507332, -0.2551608 , -0.1098326 ,
        0.33755172,  0.39565683, -0.45409585,  0.19268577, -0.17685408,
       -0.35366198, -0.27449497,  0.33314067, -0.48126104,  0.01405305,
       -0.12229676, -0.44323508, -0.15252233, -0.0591838 , -0.31938191,
        0.15392876, -0.48615994, -0.06440395, -0.45120357, -0.21322418,
        0.30078284,  0.13026236, -0.41309681,  0.24385404, -0.42504629,
        0.08782455,  0.17583493, -0.10666829, -0.13672718, -0.38691819,
        0.23146541, -0.44210797,  0.44658322,  0.45015501, -0.12909622,
       -0.06671056, -0.36489024, -0.06386697, -0.2444964 ,  0.12997046,
       -0.18729979,  0.10147443,  0.43066753, -0.18392838]) 

Generation: 7 
 - Generation Avg Fit: 4.034582407744024 
 - Best Fitness: 27.424090057807994 
 - Worst Fitness: 0.0
 - Best Solution: array([ 0.32803803, -0.30666437, -0.47912717,  0.0281275 ,  0.2416473 ,
        0.26433665,  0.33973072, -0.39353989,  0.1389015 , -0.3842691 ,
       -0.3734553 , -0.28651987, -0.4335644 , -0.46752974, -0.41802651,
        0.35446343, -0.267537  ,  0.34507332, -0.2551608 , -0.1098326 ,
        0.33755172,  0.39565683, -0.45409585,  0.19268577, -0.17685408,
       -0.35366198, -0.27449497,  0.33314067, -0.48126104,  0.01405305,
       -0.12229676, -0.44323508, -0.15252233, -0.0591838 , -0.31938191,
        0.15392876, -0.48615994, -0.06440395, -0.45120357, -0.21322418,
        0.30078284,  0.13026236, -0.41309681,  0.24385404, -0.42504629,
        0.08782455,  0.17583493, -0.10666829, -0.13672718, -0.38691819,
        0.23146541, -0.44210797,  0.44658322,  0.45015501, -0.12909622,
       -0.06671056, -0.36489024, -0.06386697, -0.2444964 ,  0.12997046,
       -0.18729979,  0.10147443,  0.43066753, -0.18392838]) 

Generation: 8 
 - Generation Avg Fit: 4.267655119436658 
 - Best Fitness: 27.424090057807994 
 - Worst Fitness: 0.0
 - Best Solution: array([ 0.32803803, -0.30666437, -0.47912717,  0.0281275 ,  0.2416473 ,
        0.26433665,  0.33973072, -0.39353989,  0.1389015 , -0.3842691 ,
       -0.3734553 , -0.28651987, -0.4335644 , -0.46752974, -0.41802651,
        0.35446343, -0.267537  ,  0.34507332, -0.2551608 , -0.1098326 ,
        0.33755172,  0.39565683, -0.45409585,  0.19268577, -0.17685408,
       -0.35366198, -0.27449497,  0.33314067, -0.48126104,  0.01405305,
       -0.12229676, -0.44323508, -0.15252233, -0.0591838 , -0.31938191,
        0.15392876, -0.48615994, -0.06440395, -0.45120357, -0.21322418,
        0.30078284,  0.13026236, -0.41309681,  0.24385404, -0.42504629,
        0.08782455,  0.17583493, -0.10666829, -0.13672718, -0.38691819,
        0.23146541, -0.44210797,  0.44658322,  0.45015501, -0.12909622,
       -0.06671056, -0.36489024, -0.06386697, -0.2444964 ,  0.12997046,
       -0.18729979,  0.10147443,  0.43066753, -0.18392838]) 

Generation: 9 
 - Generation Avg Fit: 4.423219299886056 
 - Best Fitness: 27.424090057807994 
 - Worst Fitness: 0.0
 - Best Solution: array([ 0.32803803, -0.30666437, -0.47912717,  0.0281275 ,  0.2416473 ,
        0.26433665,  0.33973072, -0.39353989,  0.1389015 , -0.3842691 ,
       -0.3734553 , -0.28651987, -0.4335644 , -0.46752974, -0.41802651,
        0.35446343, -0.267537  ,  0.34507332, -0.2551608 , -0.1098326 ,
        0.33755172,  0.39565683, -0.45409585,  0.19268577, -0.17685408,
       -0.35366198, -0.27449497,  0.33314067, -0.48126104,  0.01405305,
       -0.12229676, -0.44323508, -0.15252233, -0.0591838 , -0.31938191,
        0.15392876, -0.48615994, -0.06440395, -0.45120357, -0.21322418,
        0.30078284,  0.13026236, -0.41309681,  0.24385404, -0.42504629,
        0.08782455,  0.17583493, -0.10666829, -0.13672718, -0.38691819,
        0.23146541, -0.44210797,  0.44658322,  0.45015501, -0.12909622,
       -0.06671056, -0.36489024, -0.06386697, -0.2444964 ,  0.12997046,
       -0.18729979,  0.10147443,  0.43066753, -0.18392838]) 

Generation: 10 
 - Generation Avg Fit: 4.71819542597109 
 - Best Fitness: 27.424090057807994 
 - Worst Fitness: 0.0
 - Best Solution: array([ 0.32803803, -0.30666437, -0.47912717,  0.0281275 ,  0.2416473 ,
        0.26433665,  0.33973072, -0.39353989,  0.1389015 , -0.3842691 ,
       -0.3734553 , -0.28651987, -0.4335644 , -0.46752974, -0.41802651,
        0.35446343, -0.267537  ,  0.34507332, -0.2551608 , -0.1098326 ,
        0.33755172,  0.39565683, -0.45409585,  0.19268577, -0.17685408,
       -0.35366198, -0.27449497,  0.33314067, -0.48126104,  0.01405305,
       -0.12229676, -0.44323508, -0.15252233, -0.0591838 , -0.31938191,
        0.15392876, -0.48615994, -0.06440395, -0.45120357, -0.21322418,
        0.30078284,  0.13026236, -0.41309681,  0.24385404, -0.42504629,
        0.08782455,  0.17583493, -0.10666829, -0.13672718, -0.38691819,
        0.23146541, -0.44210797,  0.44658322,  0.45015501, -0.12909622,
       -0.06671056, -0.36489024, -0.06386697, -0.2444964 ,  0.12997046,
       -0.18729979,  0.10147443,  0.43066753, -0.18392838]) 

Generation: 11 
 - Generation Avg Fit: 4.968060597095065 
 - Best Fitness: 27.424090057807994 
 - Worst Fitness: 0.0
 - Best Solution: array([ 0.32803803, -0.30666437, -0.47912717,  0.0281275 ,  0.2416473 ,
        0.26433665,  0.33973072, -0.39353989,  0.1389015 , -0.3842691 ,
       -0.3734553 , -0.28651987, -0.4335644 , -0.46752974, -0.41802651,
        0.35446343, -0.267537  ,  0.34507332, -0.2551608 , -0.1098326 ,
        0.33755172,  0.39565683, -0.45409585,  0.19268577, -0.17685408,
       -0.35366198, -0.27449497,  0.33314067, -0.48126104,  0.01405305,
       -0.12229676, -0.44323508, -0.15252233, -0.0591838 , -0.31938191,
        0.15392876, -0.48615994, -0.06440395, -0.45120357, -0.21322418,
        0.30078284,  0.13026236, -0.41309681,  0.24385404, -0.42504629,
        0.08782455,  0.17583493, -0.10666829, -0.13672718, -0.38691819,
        0.23146541, -0.44210797,  0.44658322,  0.45015501, -0.12909622,
       -0.06671056, -0.36489024, -0.06386697, -0.2444964 ,  0.12997046,
       -0.18729979,  0.10147443,  0.43066753, -0.18392838]) 

Generation: 12 
 - Generation Avg Fit: 5.30014077407967 
 - Best Fitness: 27.424090057807994 
 - Worst Fitness: 0.0
 - Best Solution: array([ 0.32803803, -0.30666437, -0.47912717,  0.0281275 ,  0.2416473 ,
        0.26433665,  0.33973072, -0.39353989,  0.1389015 , -0.3842691 ,
       -0.3734553 , -0.28651987, -0.4335644 , -0.46752974, -0.41802651,
        0.35446343, -0.267537  ,  0.34507332, -0.2551608 , -0.1098326 ,
        0.33755172,  0.39565683, -0.45409585,  0.19268577, -0.17685408,
       -0.35366198, -0.27449497,  0.33314067, -0.48126104,  0.01405305,
       -0.12229676, -0.44323508, -0.15252233, -0.0591838 , -0.31938191,
        0.15392876, -0.48615994, -0.06440395, -0.45120357, -0.21322418,
        0.30078284,  0.13026236, -0.41309681,  0.24385404, -0.42504629,
        0.08782455,  0.17583493, -0.10666829, -0.13672718, -0.38691819,
        0.23146541, -0.44210797,  0.44658322,  0.45015501, -0.12909622,
       -0.06671056, -0.36489024, -0.06386697, -0.2444964 ,  0.12997046,
       -0.18729979,  0.10147443,  0.43066753, -0.18392838]) 

Generation: 13 
 - Generation Avg Fit: 5.448302335874441 
 - Best Fitness: 27.424090057807994 
 - Worst Fitness: 0.0
 - Best Solution: array([ 0.32803803, -0.30666437, -0.47912717,  0.0281275 ,  0.2416473 ,
        0.26433665,  0.33973072, -0.39353989,  0.1389015 , -0.3842691 ,
       -0.3734553 , -0.28651987, -0.4335644 , -0.46752974, -0.41802651,
        0.35446343, -0.267537  ,  0.34507332, -0.2551608 , -0.1098326 ,
        0.33755172,  0.39565683, -0.45409585,  0.19268577, -0.17685408,
       -0.35366198, -0.27449497,  0.33314067, -0.48126104,  0.01405305,
       -0.12229676, -0.44323508, -0.15252233, -0.0591838 , -0.31938191,
        0.15392876, -0.48615994, -0.06440395, -0.45120357, -0.21322418,
        0.30078284,  0.13026236, -0.41309681,  0.24385404, -0.42504629,
        0.08782455,  0.17583493, -0.10666829, -0.13672718, -0.38691819,
        0.23146541, -0.44210797,  0.44658322,  0.45015501, -0.12909622,
       -0.06671056, -0.36489024, -0.06386697, -0.2444964 ,  0.12997046,
       -0.18729979,  0.10147443,  0.43066753, -0.18392838]) 

Generation: 14 
 - Generation Avg Fit: 5.730773471206876 
 - Best Fitness: 27.424090057807994 
 - Worst Fitness: 0.0
 - Best Solution: array([ 0.32803803, -0.30666437, -0.47912717,  0.0281275 ,  0.2416473 ,
        0.26433665,  0.33973072, -0.39353989,  0.1389015 , -0.3842691 ,
       -0.3734553 , -0.28651987, -0.4335644 , -0.46752974, -0.41802651,
        0.35446343, -0.267537  ,  0.34507332, -0.2551608 , -0.1098326 ,
        0.33755172,  0.39565683, -0.45409585,  0.19268577, -0.17685408,
       -0.35366198, -0.27449497,  0.33314067, -0.48126104,  0.01405305,
       -0.12229676, -0.44323508, -0.15252233, -0.0591838 , -0.31938191,
        0.15392876, -0.48615994, -0.06440395, -0.45120357, -0.21322418,
        0.30078284,  0.13026236, -0.41309681,  0.24385404, -0.42504629,
        0.08782455,  0.17583493, -0.10666829, -0.13672718, -0.38691819,
        0.23146541, -0.44210797,  0.44658322,  0.45015501, -0.12909622,
       -0.06671056, -0.36489024, -0.06386697, -0.2444964 ,  0.12997046,
       -0.18729979,  0.10147443,  0.43066753, -0.18392838]) 

Generation: 15 
 - Generation Avg Fit: 5.879710226325939 
 - Best Fitness: 27.424090057807994 
 - Worst Fitness: 0.0
 - Best Solution: array([ 0.32803803, -0.30666437, -0.47912717,  0.0281275 ,  0.2416473 ,
        0.26433665,  0.33973072, -0.39353989,  0.1389015 , -0.3842691 ,
       -0.3734553 , -0.28651987, -0.4335644 , -0.46752974, -0.41802651,
        0.35446343, -0.267537  ,  0.34507332, -0.2551608 , -0.1098326 ,
        0.33755172,  0.39565683, -0.45409585,  0.19268577, -0.17685408,
       -0.35366198, -0.27449497,  0.33314067, -0.48126104,  0.01405305,
       -0.12229676, -0.44323508, -0.15252233, -0.0591838 , -0.31938191,
        0.15392876, -0.48615994, -0.06440395, -0.45120357, -0.21322418,
        0.30078284,  0.13026236, -0.41309681,  0.24385404, -0.42504629,
        0.08782455,  0.17583493, -0.10666829, -0.13672718, -0.38691819,
        0.23146541, -0.44210797,  0.44658322,  0.45015501, -0.12909622,
       -0.06671056, -0.36489024, -0.06386697, -0.2444964 ,  0.12997046,
       -0.18729979,  0.10147443,  0.43066753, -0.18392838]) 

Generation: 16 
 - Generation Avg Fit: 6.35902999646346 
 - Best Fitness: 27.424090057807994 
 - Worst Fitness: 0.0
 - Best Solution: array([ 0.32803803, -0.30666437, -0.47912717,  0.0281275 ,  0.2416473 ,
        0.26433665,  0.33973072, -0.39353989,  0.1389015 , -0.3842691 ,
       -0.3734553 , -0.28651987, -0.4335644 , -0.46752974, -0.41802651,
        0.35446343, -0.267537  ,  0.34507332, -0.2551608 , -0.1098326 ,
        0.33755172,  0.39565683, -0.45409585,  0.19268577, -0.17685408,
       -0.35366198, -0.27449497,  0.33314067, -0.48126104,  0.01405305,
       -0.12229676, -0.44323508, -0.15252233, -0.0591838 , -0.31938191,
        0.15392876, -0.48615994, -0.06440395, -0.45120357, -0.21322418,
        0.30078284,  0.13026236, -0.41309681,  0.24385404, -0.42504629,
        0.08782455,  0.17583493, -0.10666829, -0.13672718, -0.38691819,
        0.23146541, -0.44210797,  0.44658322,  0.45015501, -0.12909622,
       -0.06671056, -0.36489024, -0.06386697, -0.2444964 ,  0.12997046,
       -0.18729979,  0.10147443,  0.43066753, -0.18392838]) 

Generation: 17 
 - Generation Avg Fit: 6.1327467637261535 
 - Best Fitness: 27.424090057807994 
 - Worst Fitness: 0.0
 - Best Solution: array([ 0.32803803, -0.30666437, -0.47912717,  0.0281275 ,  0.2416473 ,
        0.26433665,  0.33973072, -0.39353989,  0.1389015 , -0.3842691 ,
       -0.3734553 , -0.28651987, -0.4335644 , -0.46752974, -0.41802651,
        0.35446343, -0.267537  ,  0.34507332, -0.2551608 , -0.1098326 ,
        0.33755172,  0.39565683, -0.45409585,  0.19268577, -0.17685408,
       -0.35366198, -0.27449497,  0.33314067, -0.48126104,  0.01405305,
       -0.12229676, -0.44323508, -0.15252233, -0.0591838 , -0.31938191,
        0.15392876, -0.48615994, -0.06440395, -0.45120357, -0.21322418,
        0.30078284,  0.13026236, -0.41309681,  0.24385404, -0.42504629,
        0.08782455,  0.17583493, -0.10666829, -0.13672718, -0.38691819,
        0.23146541, -0.44210797,  0.44658322,  0.45015501, -0.12909622,
       -0.06671056, -0.36489024, -0.06386697, -0.2444964 ,  0.12997046,
       -0.18729979,  0.10147443,  0.43066753, -0.18392838]) 

Generation: 18 
 - Generation Avg Fit: 6.424887712643868 
 - Best Fitness: 27.424090057807994 
 - Worst Fitness: 0.0
 - Best Solution: array([ 0.32803803, -0.30666437, -0.47912717,  0.0281275 ,  0.2416473 ,
        0.26433665,  0.33973072, -0.39353989,  0.1389015 , -0.3842691 ,
       -0.3734553 , -0.28651987, -0.4335644 , -0.46752974, -0.41802651,
        0.35446343, -0.267537  ,  0.34507332, -0.2551608 , -0.1098326 ,
        0.33755172,  0.39565683, -0.45409585,  0.19268577, -0.17685408,
       -0.35366198, -0.27449497,  0.33314067, -0.48126104,  0.01405305,
       -0.12229676, -0.44323508, -0.15252233, -0.0591838 , -0.31938191,
        0.15392876, -0.48615994, -0.06440395, -0.45120357, -0.21322418,
        0.30078284,  0.13026236, -0.41309681,  0.24385404, -0.42504629,
        0.08782455,  0.17583493, -0.10666829, -0.13672718, -0.38691819,
        0.23146541, -0.44210797,  0.44658322,  0.45015501, -0.12909622,
       -0.06671056, -0.36489024, -0.06386697, -0.2444964 ,  0.12997046,
       -0.18729979,  0.10147443,  0.43066753, -0.18392838]) 

Generation: 19 
 - Generation Avg Fit: 6.385436569948194 
 - Best Fitness: 27.424090057807994 
 - Worst Fitness: 0.0
 - Best Solution: array([ 0.32803803, -0.30666437, -0.47912717,  0.0281275 ,  0.2416473 ,
        0.26433665,  0.33973072, -0.39353989,  0.1389015 , -0.3842691 ,
       -0.3734553 , -0.28651987, -0.4335644 , -0.46752974, -0.41802651,
        0.35446343, -0.267537  ,  0.34507332, -0.2551608 , -0.1098326 ,
        0.33755172,  0.39565683, -0.45409585,  0.19268577, -0.17685408,
       -0.35366198, -0.27449497,  0.33314067, -0.48126104,  0.01405305,
       -0.12229676, -0.44323508, -0.15252233, -0.0591838 , -0.31938191,
        0.15392876, -0.48615994, -0.06440395, -0.45120357, -0.21322418,
        0.30078284,  0.13026236, -0.41309681,  0.24385404, -0.42504629,
        0.08782455,  0.17583493, -0.10666829, -0.13672718, -0.38691819,
        0.23146541, -0.44210797,  0.44658322,  0.45015501, -0.12909622,
       -0.06671056, -0.36489024, -0.06386697, -0.2444964 ,  0.12997046,
       -0.18729979,  0.10147443,  0.43066753, -0.18392838]) 

Generation: 20 
 - Generation Avg Fit: 6.781048460774712 
 - Best Fitness: 27.424090057807994 
 - Worst Fitness: 0.0
 - Best Solution: array([ 0.32803803, -0.30666437, -0.47912717,  0.0281275 ,  0.2416473 ,
        0.26433665,  0.33973072, -0.39353989,  0.1389015 , -0.3842691 ,
       -0.3734553 , -0.28651987, -0.4335644 , -0.46752974, -0.41802651,
        0.35446343, -0.267537  ,  0.34507332, -0.2551608 , -0.1098326 ,
        0.33755172,  0.39565683, -0.45409585,  0.19268577, -0.17685408,
       -0.35366198, -0.27449497,  0.33314067, -0.48126104,  0.01405305,
       -0.12229676, -0.44323508, -0.15252233, -0.0591838 , -0.31938191,
        0.15392876, -0.48615994, -0.06440395, -0.45120357, -0.21322418,
        0.30078284,  0.13026236, -0.41309681,  0.24385404, -0.42504629,
        0.08782455,  0.17583493, -0.10666829, -0.13672718, -0.38691819,
        0.23146541, -0.44210797,  0.44658322,  0.45015501, -0.12909622,
       -0.06671056, -0.36489024, -0.06386697, -0.2444964 ,  0.12997046,
       -0.18729979,  0.10147443,  0.43066753, -0.18392838]) 

Generation: 21 
 - Generation Avg Fit: 6.8938094032849495 
 - Best Fitness: 31.982993309062653 
 - Worst Fitness: 0.0
 - Best Solution: array([-0.33772422,  0.33933109, -0.16987801,  0.10931002, -0.27216627,
       -0.47400545, -0.39057868,  0.22727996, -0.31579366,  0.48081493,
       -0.23745118, -0.14357667,  0.27361058,  0.12113619, -0.01891643,
        0.34776089, -0.46930005, -0.33724854, -0.01020448,  0.43808451,
       -0.28463924, -0.31392055, -0.11216993,  0.09452439,  0.09417902,
       -0.434015  , -0.18748038,  0.02906971, -0.26712168, -0.33989381,
       -0.10368549,  0.12706612, -0.32320456,  0.41095944,  0.21646357,
        0.15823077,  0.23929219,  0.26601329,  0.1217575 ,  0.35341302,
       -0.29665391, -0.48328156, -0.01251876, -0.23506102,  0.2294537 ,
        0.3664389 , -0.16429367,  0.03084014, -0.1538298 , -0.17976767,
       -0.1032924 , -0.09235036,  0.06198356, -0.21007447, -0.42403313,
        0.38026578, -0.20890703,  0.09727367, -0.4295023 , -0.37651834,
       -0.10706336,  0.32820659,  0.41163295,  0.18346995]) 

Generation: 22 
 - Generation Avg Fit: 6.6916624116150665 
 - Best Fitness: 31.982993309062653 
 - Worst Fitness: 0.0
 - Best Solution: array([ 0.32803803, -0.30666437, -0.47912717,  0.0281275 ,  0.2416473 ,
        0.26433665,  0.33973072, -0.39353989,  0.1389015 , -0.3842691 ,
       -0.3734553 , -0.28651987, -0.4335644 , -0.46752974, -0.41802651,
        0.35446343, -0.267537  ,  0.34507332, -0.2551608 , -0.1098326 ,
        0.33755172,  0.39565683, -0.45409585,  0.19268577, -0.17685408,
       -0.35366198, -0.27449497,  0.33314067, -0.48126104,  0.01405305,
       -0.12229676, -0.44323508, -0.15252233, -0.0591838 , -0.31938191,
        0.15392876, -0.48615994, -0.06440395, -0.45120357, -0.21322418,
        0.30078284,  0.13026236, -0.41309681,  0.24385404, -0.42504629,
        0.08782455,  0.17583493, -0.10666829, -0.13672718, -0.38691819,
        0.23146541, -0.44210797,  0.44658322,  0.45015501, -0.12909622,
       -0.06671056, -0.36489024, -0.06386697, -0.2444964 ,  0.12997046,
       -0.18729979,  0.10147443,  0.43066753, -0.18392838]) 

Generation: 23 
 - Generation Avg Fit: 7.0878113573583095 
 - Best Fitness: 31.982993309062653 
 - Worst Fitness: 0.0
 - Best Solution: array([-0.33772422,  0.33933109, -0.16987801,  0.10931002, -0.27216627,
       -0.47400545, -0.39057868,  0.22727996, -0.31579366,  0.48081493,
       -0.23745118, -0.14357667,  0.27361058,  0.12113619, -0.01891643,
        0.34776089, -0.46930005, -0.33724854, -0.01020448,  0.43808451,
       -0.28463924, -0.31392055, -0.11216993,  0.09452439,  0.09417902,
       -0.434015  , -0.18748038,  0.02906971, -0.26712168, -0.33989381,
       -0.10368549,  0.12706612, -0.32320456,  0.41095944,  0.21646357,
        0.15823077,  0.23929219,  0.26601329,  0.1217575 ,  0.35341302,
       -0.29665391, -0.48328156, -0.01251876, -0.23506102,  0.2294537 ,
        0.3664389 , -0.16429367,  0.03084014, -0.1538298 , -0.17976767,
       -0.1032924 , -0.09235036,  0.06198356, -0.21007447, -0.42403313,
        0.38026578, -0.20890703,  0.09727367, -0.4295023 , -0.37651834,
       -0.10706336,  0.32820659,  0.41163295,  0.18346995]) 

Generation: 24 
 - Generation Avg Fit: 7.145817901154299 
 - Best Fitness: 31.982993309062653 
 - Worst Fitness: 0.0
 - Best Solution: array([-0.33772422,  0.33933109, -0.16987801,  0.10931002, -0.27216627,
       -0.47400545, -0.39057868,  0.22727996, -0.31579366,  0.48081493,
       -0.23745118, -0.14357667,  0.27361058,  0.12113619, -0.01891643,
        0.34776089, -0.46930005, -0.33724854, -0.01020448,  0.43808451,
       -0.28463924, -0.31392055, -0.11216993,  0.09452439,  0.09417902,
       -0.434015  , -0.18748038,  0.02906971, -0.26712168, -0.33989381,
       -0.10368549,  0.12706612, -0.32320456,  0.41095944,  0.21646357,
        0.15823077,  0.23929219,  0.26601329,  0.1217575 ,  0.35341302,
       -0.29665391, -0.48328156, -0.01251876, -0.23506102,  0.2294537 ,
        0.3664389 , -0.16429367,  0.03084014, -0.1538298 , -0.17976767,
       -0.1032924 , -0.09235036,  0.06198356, -0.21007447, -0.42403313,
        0.38026578, -0.20890703,  0.09727367, -0.4295023 , -0.37651834,
       -0.10706336,  0.32820659,  0.41163295,  0.18346995]) 

Generation: 25 
 - Generation Avg Fit: 7.454315158201081 
 - Best Fitness: 31.982993309062653 
 - Worst Fitness: 0.0
 - Best Solution: array([-0.33772422,  0.33933109, -0.16987801,  0.10931002, -0.27216627,
       -0.47400545, -0.39057868,  0.22727996, -0.31579366,  0.48081493,
       -0.23745118, -0.14357667,  0.27361058,  0.12113619, -0.01891643,
        0.34776089, -0.46930005, -0.33724854, -0.01020448,  0.43808451,
       -0.28463924, -0.31392055, -0.11216993,  0.09452439,  0.09417902,
       -0.434015  , -0.18748038,  0.02906971, -0.26712168, -0.33989381,
       -0.10368549,  0.12706612, -0.32320456,  0.41095944,  0.21646357,
        0.15823077,  0.23929219,  0.26601329,  0.1217575 ,  0.35341302,
       -0.29665391, -0.48328156, -0.01251876, -0.23506102,  0.2294537 ,
        0.3664389 , -0.16429367,  0.03084014, -0.1538298 , -0.17976767,
       -0.1032924 , -0.09235036,  0.06198356, -0.21007447, -0.42403313,
        0.38026578, -0.20890703,  0.09727367, -0.4295023 , -0.37651834,
       -0.10706336,  0.32820659,  0.41163295,  0.18346995]) 

Generation: 26 
 - Generation Avg Fit: 7.678130364712332 
 - Best Fitness: 31.982993309062653 
 - Worst Fitness: 0.0
 - Best Solution: array([-0.33772422,  0.33933109, -0.16987801,  0.10931002, -0.27216627,
       -0.47400545, -0.39057868,  0.22727996, -0.31579366,  0.48081493,
       -0.23745118, -0.14357667,  0.27361058,  0.12113619, -0.01891643,
        0.34776089, -0.46930005, -0.33724854, -0.01020448,  0.43808451,
       -0.28463924, -0.31392055, -0.11216993,  0.09452439,  0.09417902,
       -0.434015  , -0.18748038,  0.02906971, -0.26712168, -0.33989381,
       -0.10368549,  0.12706612, -0.32320456,  0.41095944,  0.21646357,
        0.15823077,  0.23929219,  0.26601329,  0.1217575 ,  0.35341302,
       -0.29665391, -0.48328156, -0.01251876, -0.23506102,  0.2294537 ,
        0.3664389 , -0.16429367,  0.03084014, -0.1538298 , -0.17976767,
       -0.1032924 , -0.09235036,  0.06198356, -0.21007447, -0.42403313,
        0.38026578, -0.20890703,  0.09727367, -0.4295023 , -0.37651834,
       -0.10706336,  0.32820659,  0.41163295,  0.18346995]) 

Generation: 27 
 - Generation Avg Fit: 8.004441377268275 
 - Best Fitness: 36.67311511282468 
 - Worst Fitness: 0.0
 - Best Solution: array([ 0.47680993, -0.47796249, -0.17776752,  0.08263436, -0.06862078,
       -0.43455844,  0.03782436, -0.3704146 ,  0.37962355,  0.0564918 ,
        0.15205913, -0.03434391, -0.33463849, -0.18659334,  0.00652895,
        0.3772094 ,  0.21010298,  0.27485596, -0.04142879,  0.06342562,
       -0.13840719, -0.14694544,  0.14226558,  0.19195148,  0.28614482,
        0.04264847, -0.27248799, -0.31452346,  0.36934324, -0.06079731,
        0.27910651, -0.13460431,  0.09677227, -0.21627023, -0.1188252 ,
       -0.23160117, -0.28999594,  0.31793405,  0.15111615, -0.0580484 ,
       -0.35496154,  0.19400947, -0.4027315 , -0.46025001, -0.30601557,
       -0.46106217, -0.42077047,  0.43872906, -0.24959157, -0.36266164,
        0.20141016,  0.35947181, -0.30229938, -0.42113415, -0.48070783,
        0.12647518, -0.0442565 , -0.12087022,  0.1878311 ,  0.12537063,
       -0.12639666, -0.03852058,  0.45104705, -0.03495895]) 

Generation: 28 
 - Generation Avg Fit: 8.550887034592412 
 - Best Fitness: 58.19691746866319 
 - Worst Fitness: 0.0
 - Best Solution: array([-0.44531631,  0.00826167, -0.47912717, -0.45126226,  0.36208154,
       -0.44610318, -0.27805982,  0.03812425,  0.17870012, -0.25658341,
       -0.38493784, -0.21954394,  0.14543174,  0.11069262,  0.34924381,
        0.36231363, -0.11884492,  0.00692991, -0.0107976 , -0.12244551,
       -0.46051388,  0.28813432,  0.41673704, -0.20920895, -0.17685408,
        0.36030614, -0.38503138, -0.30201223, -0.02772127, -0.26079881,
       -0.27958352,  0.26539293, -0.18772664,  0.14730168,  0.11646947,
       -0.44497262,  0.07271034,  0.12009371,  0.35575352, -0.20896071,
        0.16576247,  0.34150698, -0.43129091, -0.45124765, -0.31441975,
        0.28399458,  0.2329405 ,  0.35151293, -0.24176466, -0.16115884,
       -0.32544179,  0.21879718, -0.0233981 ,  0.47632375, -0.09486545,
        0.22597603,  0.1355883 , -0.10377061,  0.301049  ,  0.12539297,
       -0.22281573, -0.09146717, -0.36761362,  0.20908263]) 

Generation: 29 
 - Generation Avg Fit: 8.74854587907289 
 - Best Fitness: 58.19691746866319 
 - Worst Fitness: 0.0
 - Best Solution: array([ 0.47680993, -0.47796249, -0.17776752,  0.08263436, -0.06862078,
       -0.43455844,  0.03782436, -0.3704146 ,  0.37962355,  0.0564918 ,
        0.15205913, -0.03434391, -0.33463849, -0.18659334,  0.00652895,
        0.3772094 ,  0.21010298,  0.27485596, -0.04142879,  0.06342562,
       -0.13840719, -0.14694544,  0.14226558,  0.19195148,  0.28614482,
        0.04264847, -0.27248799, -0.31452346,  0.36934324, -0.06079731,
        0.27910651, -0.13460431,  0.09677227, -0.21627023, -0.1188252 ,
       -0.23160117, -0.28999594,  0.31793405,  0.15111615, -0.0580484 ,
       -0.35496154,  0.19400947, -0.4027315 , -0.46025001, -0.30601557,
       -0.46106217, -0.42077047,  0.43872906, -0.24959157, -0.36266164,
        0.20141016,  0.35947181, -0.30229938, -0.42113415, -0.48070783,
        0.12647518, -0.0442565 , -0.12087022,  0.1878311 ,  0.12537063,
       -0.12639666, -0.03852058,  0.45104705, -0.03495895]) 

Generation: 30 
 - Generation Avg Fit: 8.730914325745625 
 - Best Fitness: 58.19691746866319 
 - Worst Fitness: 0.0
 - Best Solution: array([-0.44531631,  0.00826167, -0.47912717, -0.45126226,  0.36208154,
       -0.44610318, -0.27805982,  0.03812425,  0.17870012, -0.25658341,
       -0.38493784, -0.21954394,  0.14543174,  0.11069262,  0.34924381,
        0.36231363, -0.11884492,  0.00692991, -0.0107976 , -0.12244551,
       -0.46051388,  0.28813432,  0.41673704, -0.20920895, -0.17685408,
        0.36030614, -0.38503138, -0.30201223, -0.02772127, -0.26079881,
       -0.27958352,  0.26539293, -0.18772664,  0.14730168,  0.11646947,
       -0.44497262,  0.07271034,  0.12009371,  0.35575352, -0.20896071,
        0.16576247,  0.34150698, -0.43129091, -0.45124765, -0.31441975,
        0.28399458,  0.2329405 ,  0.35151293, -0.24176466, -0.16115884,
       -0.32544179,  0.21879718, -0.0233981 ,  0.47632375, -0.09486545,
        0.22597603,  0.1355883 , -0.10377061,  0.301049  ,  0.12539297,
       -0.22281573, -0.09146717, -0.36761362,  0.20908263]) 

Generation: 31 
 - Generation Avg Fit: 8.438300015601639 
 - Best Fitness: 58.19691746866319 
 - Worst Fitness: 0.0
 - Best Solution: array([-0.44531631,  0.00826167, -0.47912717, -0.45126226,  0.36208154,
       -0.44610318, -0.27805982,  0.03812425,  0.17870012, -0.25658341,
       -0.38493784, -0.21954394,  0.14543174,  0.11069262,  0.34924381,
        0.36231363, -0.11884492,  0.00692991, -0.0107976 , -0.12244551,
       -0.46051388,  0.28813432,  0.41673704, -0.20920895, -0.17685408,
        0.36030614, -0.38503138, -0.30201223, -0.02772127, -0.26079881,
       -0.27958352,  0.26539293, -0.18772664,  0.14730168,  0.11646947,
       -0.44497262,  0.07271034,  0.12009371,  0.35575352, -0.20896071,
        0.16576247,  0.34150698, -0.43129091, -0.45124765, -0.31441975,
        0.28399458,  0.2329405 ,  0.35151293, -0.24176466, -0.16115884,
       -0.32544179,  0.21879718, -0.0233981 ,  0.47632375, -0.09486545,
        0.22597603,  0.1355883 , -0.10377061,  0.301049  ,  0.12539297,
       -0.22281573, -0.09146717, -0.36761362,  0.20908263]) 

Generation: 32 
 - Generation Avg Fit: 8.973854454997623 
 - Best Fitness: 58.19691746866319 
 - Worst Fitness: 0.0
 - Best Solution: array([-0.44531631,  0.00826167, -0.47912717, -0.45126226,  0.36208154,
       -0.44610318, -0.27805982,  0.03812425,  0.17870012, -0.25658341,
       -0.38493784, -0.21954394,  0.14543174,  0.11069262,  0.34924381,
        0.36231363, -0.11884492,  0.00692991, -0.0107976 , -0.12244551,
       -0.46051388,  0.28813432,  0.41673704, -0.20920895, -0.17685408,
        0.36030614, -0.38503138, -0.30201223, -0.02772127, -0.26079881,
       -0.27958352,  0.26539293, -0.18772664,  0.14730168,  0.11646947,
       -0.44497262,  0.07271034,  0.12009371,  0.35575352, -0.20896071,
        0.16576247,  0.34150698, -0.43129091, -0.45124765, -0.31441975,
        0.28399458,  0.2329405 ,  0.35151293, -0.24176466, -0.16115884,
       -0.32544179,  0.21879718, -0.0233981 ,  0.47632375, -0.09486545,
        0.22597603,  0.1355883 , -0.10377061,  0.301049  ,  0.12539297,
       -0.22281573, -0.09146717, -0.36761362,  0.20908263]) 

Generation: 33 
 - Generation Avg Fit: 9.12554013368695 
 - Best Fitness: 58.19691746866319 
 - Worst Fitness: 0.0
 - Best Solution: array([-0.44531631,  0.00826167, -0.47912717, -0.45126226,  0.36208154,
       -0.44610318, -0.27805982,  0.03812425,  0.17870012, -0.25658341,
       -0.38493784, -0.21954394,  0.14543174,  0.11069262,  0.34924381,
        0.36231363, -0.11884492,  0.00692991, -0.0107976 , -0.12244551,
       -0.46051388,  0.28813432,  0.41673704, -0.20920895, -0.17685408,
        0.36030614, -0.38503138, -0.30201223, -0.02772127, -0.26079881,
       -0.27958352,  0.26539293, -0.18772664,  0.14730168,  0.11646947,
       -0.44497262,  0.07271034,  0.12009371,  0.35575352, -0.20896071,
        0.16576247,  0.34150698, -0.43129091, -0.45124765, -0.31441975,
        0.28399458,  0.2329405 ,  0.35151293, -0.24176466, -0.16115884,
       -0.32544179,  0.21879718, -0.0233981 ,  0.47632375, -0.09486545,
        0.22597603,  0.1355883 , -0.10377061,  0.301049  ,  0.12539297,
       -0.22281573, -0.09146717, -0.36761362,  0.20908263]) 

Generation: 34 
 - Generation Avg Fit: 9.307832815432846 
 - Best Fitness: 58.19691746866319 
 - Worst Fitness: 0.0
 - Best Solution: array([-0.44531631,  0.00826167, -0.47912717, -0.45126226,  0.36208154,
       -0.44610318, -0.27805982,  0.03812425,  0.17870012, -0.25658341,
       -0.38493784, -0.21954394,  0.14543174,  0.11069262,  0.34924381,
        0.36231363, -0.11884492,  0.00692991, -0.0107976 , -0.12244551,
       -0.46051388,  0.28813432,  0.41673704, -0.20920895, -0.17685408,
        0.36030614, -0.38503138, -0.30201223, -0.02772127, -0.26079881,
       -0.27958352,  0.26539293, -0.18772664,  0.14730168,  0.11646947,
       -0.44497262,  0.07271034,  0.12009371,  0.35575352, -0.20896071,
        0.16576247,  0.34150698, -0.43129091, -0.45124765, -0.31441975,
        0.28399458,  0.2329405 ,  0.35151293, -0.24176466, -0.16115884,
       -0.32544179,  0.21879718, -0.0233981 ,  0.47632375, -0.09486545,
        0.22597603,  0.1355883 , -0.10377061,  0.301049  ,  0.12539297,
       -0.22281573, -0.09146717, -0.36761362,  0.20908263]) 

Generation: 35 
 - Generation Avg Fit: 9.563911769119319 
 - Best Fitness: 58.19691746866319 
 - Worst Fitness: 0.0
 - Best Solution: array([-0.44531631,  0.00826167, -0.47912717, -0.45126226,  0.36208154,
       -0.44610318, -0.27805982,  0.03812425,  0.17870012, -0.25658341,
       -0.38493784, -0.21954394,  0.14543174,  0.11069262,  0.34924381,
        0.36231363, -0.11884492,  0.00692991, -0.0107976 , -0.12244551,
       -0.46051388,  0.28813432,  0.41673704, -0.20920895, -0.17685408,
        0.36030614, -0.38503138, -0.30201223, -0.02772127, -0.26079881,
       -0.27958352,  0.26539293, -0.18772664,  0.14730168,  0.11646947,
       -0.44497262,  0.07271034,  0.12009371,  0.35575352, -0.20896071,
        0.16576247,  0.34150698, -0.43129091, -0.45124765, -0.31441975,
        0.28399458,  0.2329405 ,  0.35151293, -0.24176466, -0.16115884,
       -0.32544179,  0.21879718, -0.0233981 ,  0.47632375, -0.09486545,
        0.22597603,  0.1355883 , -0.10377061,  0.301049  ,  0.12539297,
       -0.22281573, -0.09146717, -0.36761362,  0.20908263]) 

Generation: 36 
 - Generation Avg Fit: 9.961885718048572 
 - Best Fitness: 58.19691746866319 
 - Worst Fitness: 0.0
 - Best Solution: array([-0.44531631,  0.00826167, -0.47912717, -0.45126226,  0.36208154,
       -0.44610318, -0.27805982,  0.03812425,  0.17870012, -0.25658341,
       -0.38493784, -0.21954394,  0.14543174,  0.11069262,  0.34924381,
        0.36231363, -0.11884492,  0.00692991, -0.0107976 , -0.12244551,
       -0.46051388,  0.28813432,  0.41673704, -0.20920895, -0.17685408,
        0.36030614, -0.38503138, -0.30201223, -0.02772127, -0.26079881,
       -0.27958352,  0.26539293, -0.18772664,  0.14730168,  0.11646947,
       -0.44497262,  0.07271034,  0.12009371,  0.35575352, -0.20896071,
        0.16576247,  0.34150698, -0.43129091, -0.45124765, -0.31441975,
        0.28399458,  0.2329405 ,  0.35151293, -0.24176466, -0.16115884,
       -0.32544179,  0.21879718, -0.0233981 ,  0.47632375, -0.09486545,
        0.22597603,  0.1355883 , -0.10377061,  0.301049  ,  0.12539297,
       -0.22281573, -0.09146717, -0.36761362,  0.20908263]) 

Generation: 37 
 - Generation Avg Fit: 9.816339135702012 
 - Best Fitness: 58.19691746866319 
 - Worst Fitness: 0.0
 - Best Solution: array([-0.44531631,  0.00826167, -0.47912717, -0.45126226,  0.36208154,
       -0.44610318, -0.27805982,  0.03812425,  0.17870012, -0.25658341,
       -0.38493784, -0.21954394,  0.14543174,  0.11069262,  0.34924381,
        0.36231363, -0.11884492,  0.00692991, -0.0107976 , -0.12244551,
       -0.46051388,  0.28813432,  0.41673704, -0.20920895, -0.17685408,
        0.36030614, -0.38503138, -0.30201223, -0.02772127, -0.26079881,
       -0.27958352,  0.26539293, -0.18772664,  0.14730168,  0.11646947,
       -0.44497262,  0.07271034,  0.12009371,  0.35575352, -0.20896071,
        0.16576247,  0.34150698, -0.43129091, -0.45124765, -0.31441975,
        0.28399458,  0.2329405 ,  0.35151293, -0.24176466, -0.16115884,
       -0.32544179,  0.21879718, -0.0233981 ,  0.47632375, -0.09486545,
        0.22597603,  0.1355883 , -0.10377061,  0.301049  ,  0.12539297,
       -0.22281573, -0.09146717, -0.36761362,  0.20908263]) 

Generation: 38 
 - Generation Avg Fit: 10.328979167720345 
 - Best Fitness: 58.19691746866319 
 - Worst Fitness: 0.0
 - Best Solution: array([-0.44531631,  0.00826167, -0.47912717, -0.45126226,  0.36208154,
       -0.44610318, -0.27805982,  0.03812425,  0.17870012, -0.25658341,
       -0.38493784, -0.21954394,  0.14543174,  0.11069262,  0.34924381,
        0.36231363, -0.11884492,  0.00692991, -0.0107976 , -0.12244551,
       -0.46051388,  0.28813432,  0.41673704, -0.20920895, -0.17685408,
        0.36030614, -0.38503138, -0.30201223, -0.02772127, -0.26079881,
       -0.27958352,  0.26539293, -0.18772664,  0.14730168,  0.11646947,
       -0.44497262,  0.07271034,  0.12009371,  0.35575352, -0.20896071,
        0.16576247,  0.34150698, -0.43129091, -0.45124765, -0.31441975,
        0.28399458,  0.2329405 ,  0.35151293, -0.24176466, -0.16115884,
       -0.32544179,  0.21879718, -0.0233981 ,  0.47632375, -0.09486545,
        0.22597603,  0.1355883 , -0.10377061,  0.301049  ,  0.12539297,
       -0.22281573, -0.09146717, -0.36761362,  0.20908263]) 

Generation: 39 
 - Generation Avg Fit: 10.23492296184034 
 - Best Fitness: 58.19691746866319 
 - Worst Fitness: 0.0
 - Best Solution: array([-0.44531631,  0.00826167, -0.47912717, -0.45126226,  0.36208154,
       -0.44610318, -0.27805982,  0.03812425,  0.17870012, -0.25658341,
       -0.38493784, -0.21954394,  0.14543174,  0.11069262,  0.34924381,
        0.36231363, -0.11884492,  0.00692991, -0.0107976 , -0.12244551,
       -0.46051388,  0.28813432,  0.41673704, -0.20920895, -0.17685408,
        0.36030614, -0.38503138, -0.30201223, -0.02772127, -0.26079881,
       -0.27958352,  0.26539293, -0.18772664,  0.14730168,  0.11646947,
       -0.44497262,  0.07271034,  0.12009371,  0.35575352, -0.20896071,
        0.16576247,  0.34150698, -0.43129091, -0.45124765, -0.31441975,
        0.28399458,  0.2329405 ,  0.35151293, -0.24176466, -0.16115884,
       -0.32544179,  0.21879718, -0.0233981 ,  0.47632375, -0.09486545,
        0.22597603,  0.1355883 , -0.10377061,  0.301049  ,  0.12539297,
       -0.22281573, -0.09146717, -0.36761362,  0.20908263]) 

Generation: 40 
 - Generation Avg Fit: 10.093784803399476 
 - Best Fitness: 58.19691746866319 
 - Worst Fitness: 0.0
 - Best Solution: array([-0.44531631,  0.00826167, -0.47912717, -0.45126226,  0.36208154,
       -0.44610318, -0.27805982,  0.03812425,  0.17870012, -0.25658341,
       -0.38493784, -0.21954394,  0.14543174,  0.11069262,  0.34924381,
        0.36231363, -0.11884492,  0.00692991, -0.0107976 , -0.12244551,
       -0.46051388,  0.28813432,  0.41673704, -0.20920895, -0.17685408,
        0.36030614, -0.38503138, -0.30201223, -0.02772127, -0.26079881,
       -0.27958352,  0.26539293, -0.18772664,  0.14730168,  0.11646947,
       -0.44497262,  0.07271034,  0.12009371,  0.35575352, -0.20896071,
        0.16576247,  0.34150698, -0.43129091, -0.45124765, -0.31441975,
        0.28399458,  0.2329405 ,  0.35151293, -0.24176466, -0.16115884,
       -0.32544179,  0.21879718, -0.0233981 ,  0.47632375, -0.09486545,
        0.22597603,  0.1355883 , -0.10377061,  0.301049  ,  0.12539297,
       -0.22281573, -0.09146717, -0.36761362,  0.20908263]) 

Generation: 41 
 - Generation Avg Fit: 10.253681025515684 
 - Best Fitness: 58.19691746866319 
 - Worst Fitness: 0.0
 - Best Solution: array([-0.44531631,  0.00826167, -0.47912717, -0.45126226,  0.36208154,
       -0.44610318, -0.27805982,  0.03812425,  0.17870012, -0.25658341,
       -0.38493784, -0.21954394,  0.14543174,  0.11069262,  0.34924381,
        0.36231363, -0.11884492,  0.00692991, -0.0107976 , -0.12244551,
       -0.46051388,  0.28813432,  0.41673704, -0.20920895, -0.17685408,
        0.36030614, -0.38503138, -0.30201223, -0.02772127, -0.26079881,
       -0.27958352,  0.26539293, -0.18772664,  0.14730168,  0.11646947,
       -0.44497262,  0.07271034,  0.12009371,  0.35575352, -0.20896071,
        0.16576247,  0.34150698, -0.43129091, -0.45124765, -0.31441975,
        0.28399458,  0.2329405 ,  0.35151293, -0.24176466, -0.16115884,
       -0.32544179,  0.21879718, -0.0233981 ,  0.47632375, -0.09486545,
        0.22597603,  0.1355883 , -0.10377061,  0.301049  ,  0.12539297,
       -0.22281573, -0.09146717, -0.36761362,  0.20908263]) 

Generation: 42 
 - Generation Avg Fit: 10.612085536843866 
 - Best Fitness: 58.19691746866319 
 - Worst Fitness: 0.0
 - Best Solution: array([-0.44531631,  0.00826167, -0.47912717, -0.45126226,  0.36208154,
       -0.44610318, -0.27805982,  0.03812425,  0.17870012, -0.25658341,
       -0.38493784, -0.21954394,  0.14543174,  0.11069262,  0.34924381,
        0.36231363, -0.11884492,  0.00692991, -0.0107976 , -0.12244551,
       -0.46051388,  0.28813432,  0.41673704, -0.20920895, -0.17685408,
        0.36030614, -0.38503138, -0.30201223, -0.02772127, -0.26079881,
       -0.27958352,  0.26539293, -0.18772664,  0.14730168,  0.11646947,
       -0.44497262,  0.07271034,  0.12009371,  0.35575352, -0.20896071,
        0.16576247,  0.34150698, -0.43129091, -0.45124765, -0.31441975,
        0.28399458,  0.2329405 ,  0.35151293, -0.24176466, -0.16115884,
       -0.32544179,  0.21879718, -0.0233981 ,  0.47632375, -0.09486545,
        0.22597603,  0.1355883 , -0.10377061,  0.301049  ,  0.12539297,
       -0.22281573, -0.09146717, -0.36761362,  0.20908263]) 

Generation: 43 
 - Generation Avg Fit: 10.695277737727906 
 - Best Fitness: 58.19691746866319 
 - Worst Fitness: 0.0
 - Best Solution: array([-0.44531631,  0.00826167, -0.47912717, -0.45126226,  0.36208154,
       -0.44610318, -0.27805982,  0.03812425,  0.17870012, -0.25658341,
       -0.38493784, -0.21954394,  0.14543174,  0.11069262,  0.34924381,
        0.36231363, -0.11884492,  0.00692991, -0.0107976 , -0.12244551,
       -0.46051388,  0.28813432,  0.41673704, -0.20920895, -0.17685408,
        0.36030614, -0.38503138, -0.30201223, -0.02772127, -0.26079881,
       -0.27958352,  0.26539293, -0.18772664,  0.14730168,  0.11646947,
       -0.44497262,  0.07271034,  0.12009371,  0.35575352, -0.20896071,
        0.16576247,  0.34150698, -0.43129091, -0.45124765, -0.31441975,
        0.28399458,  0.2329405 ,  0.35151293, -0.24176466, -0.16115884,
       -0.32544179,  0.21879718, -0.0233981 ,  0.47632375, -0.09486545,
        0.22597603,  0.1355883 , -0.10377061,  0.301049  ,  0.12539297,
       -0.22281573, -0.09146717, -0.36761362,  0.20908263]) 

Generation: 44 
 - Generation Avg Fit: 11.370426784606577 
 - Best Fitness: 58.19691746866319 
 - Worst Fitness: 0.0
 - Best Solution: array([-0.44531631,  0.00826167, -0.47912717, -0.45126226,  0.36208154,
       -0.44610318, -0.27805982,  0.03812425,  0.17870012, -0.25658341,
       -0.38493784, -0.21954394,  0.14543174,  0.11069262,  0.34924381,
        0.36231363, -0.11884492,  0.00692991, -0.0107976 , -0.12244551,
       -0.46051388,  0.28813432,  0.41673704, -0.20920895, -0.17685408,
        0.36030614, -0.38503138, -0.30201223, -0.02772127, -0.26079881,
       -0.27958352,  0.26539293, -0.18772664,  0.14730168,  0.11646947,
       -0.44497262,  0.07271034,  0.12009371,  0.35575352, -0.20896071,
        0.16576247,  0.34150698, -0.43129091, -0.45124765, -0.31441975,
        0.28399458,  0.2329405 ,  0.35151293, -0.24176466, -0.16115884,
       -0.32544179,  0.21879718, -0.0233981 ,  0.47632375, -0.09486545,
        0.22597603,  0.1355883 , -0.10377061,  0.301049  ,  0.12539297,
       -0.22281573, -0.09146717, -0.36761362,  0.20908263]) 

Generation: 45 
 - Generation Avg Fit: 10.864584489699057 
 - Best Fitness: 58.19691746866319 
 - Worst Fitness: 0.0
 - Best Solution: array([-0.44531631,  0.00826167, -0.47912717, -0.45126226,  0.36208154,
       -0.44610318, -0.27805982,  0.03812425,  0.17870012, -0.25658341,
       -0.38493784, -0.21954394,  0.14543174,  0.11069262,  0.34924381,
        0.36231363, -0.11884492,  0.00692991, -0.0107976 , -0.12244551,
       -0.46051388,  0.28813432,  0.41673704, -0.20920895, -0.17685408,
        0.36030614, -0.38503138, -0.30201223, -0.02772127, -0.26079881,
       -0.27958352,  0.26539293, -0.18772664,  0.14730168,  0.11646947,
       -0.44497262,  0.07271034,  0.12009371,  0.35575352, -0.20896071,
        0.16576247,  0.34150698, -0.43129091, -0.45124765, -0.31441975,
        0.28399458,  0.2329405 ,  0.35151293, -0.24176466, -0.16115884,
       -0.32544179,  0.21879718, -0.0233981 ,  0.47632375, -0.09486545,
        0.22597603,  0.1355883 , -0.10377061,  0.301049  ,  0.12539297,
       -0.22281573, -0.09146717, -0.36761362,  0.20908263]) 

Generation: 46 
 - Generation Avg Fit: 11.157565293973503 
 - Best Fitness: 58.19691746866319 
 - Worst Fitness: 0.0
 - Best Solution: array([-0.44531631,  0.00826167, -0.47912717, -0.45126226,  0.36208154,
       -0.44610318, -0.27805982,  0.03812425,  0.17870012, -0.25658341,
       -0.38493784, -0.21954394,  0.14543174,  0.11069262,  0.34924381,
        0.36231363, -0.11884492,  0.00692991, -0.0107976 , -0.12244551,
       -0.46051388,  0.28813432,  0.41673704, -0.20920895, -0.17685408,
        0.36030614, -0.38503138, -0.30201223, -0.02772127, -0.26079881,
       -0.27958352,  0.26539293, -0.18772664,  0.14730168,  0.11646947,
       -0.44497262,  0.07271034,  0.12009371,  0.35575352, -0.20896071,
        0.16576247,  0.34150698, -0.43129091, -0.45124765, -0.31441975,
        0.28399458,  0.2329405 ,  0.35151293, -0.24176466, -0.16115884,
       -0.32544179,  0.21879718, -0.0233981 ,  0.47632375, -0.09486545,
        0.22597603,  0.1355883 , -0.10377061,  0.301049  ,  0.12539297,
       -0.22281573, -0.09146717, -0.36761362,  0.20908263]) 

Generation: 47 
 - Generation Avg Fit: 11.070657658503597 
 - Best Fitness: 58.19691746866319 
 - Worst Fitness: 0.0
 - Best Solution: array([-0.44531631,  0.00826167, -0.47912717, -0.45126226,  0.36208154,
       -0.44610318, -0.27805982,  0.03812425,  0.17870012, -0.25658341,
       -0.38493784, -0.21954394,  0.14543174,  0.11069262,  0.34924381,
        0.36231363, -0.11884492,  0.00692991, -0.0107976 , -0.12244551,
       -0.46051388,  0.28813432,  0.41673704, -0.20920895, -0.17685408,
        0.36030614, -0.38503138, -0.30201223, -0.02772127, -0.26079881,
       -0.27958352,  0.26539293, -0.18772664,  0.14730168,  0.11646947,
       -0.44497262,  0.07271034,  0.12009371,  0.35575352, -0.20896071,
        0.16576247,  0.34150698, -0.43129091, -0.45124765, -0.31441975,
        0.28399458,  0.2329405 ,  0.35151293, -0.24176466, -0.16115884,
       -0.32544179,  0.21879718, -0.0233981 ,  0.47632375, -0.09486545,
        0.22597603,  0.1355883 , -0.10377061,  0.301049  ,  0.12539297,
       -0.22281573, -0.09146717, -0.36761362,  0.20908263]) 

Generation: 48 
 - Generation Avg Fit: 11.022940786439618 
 - Best Fitness: 58.19691746866319 
 - Worst Fitness: 0.0
 - Best Solution: array([-0.44531631,  0.00826167, -0.47912717, -0.45126226,  0.36208154,
       -0.44610318, -0.27805982,  0.03812425,  0.17870012, -0.25658341,
       -0.38493784, -0.21954394,  0.14543174,  0.11069262,  0.34924381,
        0.36231363, -0.11884492,  0.00692991, -0.0107976 , -0.12244551,
       -0.46051388,  0.28813432,  0.41673704, -0.20920895, -0.17685408,
        0.36030614, -0.38503138, -0.30201223, -0.02772127, -0.26079881,
       -0.27958352,  0.26539293, -0.18772664,  0.14730168,  0.11646947,
       -0.44497262,  0.07271034,  0.12009371,  0.35575352, -0.20896071,
        0.16576247,  0.34150698, -0.43129091, -0.45124765, -0.31441975,
        0.28399458,  0.2329405 ,  0.35151293, -0.24176466, -0.16115884,
       -0.32544179,  0.21879718, -0.0233981 ,  0.47632375, -0.09486545,
        0.22597603,  0.1355883 , -0.10377061,  0.301049  ,  0.12539297,
       -0.22281573, -0.09146717, -0.36761362,  0.20908263]) 

Generation: 49 
 - Generation Avg Fit: 11.576030995758725 
 - Best Fitness: 58.19691746866319 
 - Worst Fitness: 0.0
 - Best Solution: array([-0.44531631,  0.00826167, -0.47912717, -0.45126226,  0.36208154,
       -0.44610318, -0.27805982,  0.03812425,  0.17870012, -0.25658341,
       -0.38493784, -0.21954394,  0.14543174,  0.11069262,  0.34924381,
        0.36231363, -0.11884492,  0.00692991, -0.0107976 , -0.12244551,
       -0.46051388,  0.28813432,  0.41673704, -0.20920895, -0.17685408,
        0.36030614, -0.38503138, -0.30201223, -0.02772127, -0.26079881,
       -0.27958352,  0.26539293, -0.18772664,  0.14730168,  0.11646947,
       -0.44497262,  0.07271034,  0.12009371,  0.35575352, -0.20896071,
        0.16576247,  0.34150698, -0.43129091, -0.45124765, -0.31441975,
        0.28399458,  0.2329405 ,  0.35151293, -0.24176466, -0.16115884,
       -0.32544179,  0.21879718, -0.0233981 ,  0.47632375, -0.09486545,
        0.22597603,  0.1355883 , -0.10377061,  0.301049  ,  0.12539297,
       -0.22281573, -0.09146717, -0.36761362,  0.20908263]) 

Generation: 50 
 - Generation Avg Fit: 11.386578671133504 
 - Best Fitness: 58.19691746866319 
 - Worst Fitness: 0.0
 - Best Solution: array([-0.44531631,  0.00826167, -0.47912717, -0.45126226,  0.36208154,
       -0.44610318, -0.27805982,  0.03812425,  0.17870012, -0.25658341,
       -0.38493784, -0.21954394,  0.14543174,  0.11069262,  0.34924381,
        0.36231363, -0.11884492,  0.00692991, -0.0107976 , -0.12244551,
       -0.46051388,  0.28813432,  0.41673704, -0.20920895, -0.17685408,
        0.36030614, -0.38503138, -0.30201223, -0.02772127, -0.26079881,
       -0.27958352,  0.26539293, -0.18772664,  0.14730168,  0.11646947,
       -0.44497262,  0.07271034,  0.12009371,  0.35575352, -0.20896071,
        0.16576247,  0.34150698, -0.43129091, -0.45124765, -0.31441975,
        0.28399458,  0.2329405 ,  0.35151293, -0.24176466, -0.16115884,
       -0.32544179,  0.21879718, -0.0233981 ,  0.47632375, -0.09486545,
        0.22597603,  0.1355883 , -0.10377061,  0.301049  ,  0.12539297,
       -0.22281573, -0.09146717, -0.36761362,  0.20908263]) 

Generation: 51 
 - Generation Avg Fit: 12.171037383666745 
 - Best Fitness: 58.19691746866319 
 - Worst Fitness: 0.0
 - Best Solution: array([-0.44531631,  0.00826167, -0.47912717, -0.45126226,  0.36208154,
       -0.44610318, -0.27805982,  0.03812425,  0.17870012, -0.25658341,
       -0.38493784, -0.21954394,  0.14543174,  0.11069262,  0.34924381,
        0.36231363, -0.11884492,  0.00692991, -0.0107976 , -0.12244551,
       -0.46051388,  0.28813432,  0.41673704, -0.20920895, -0.17685408,
        0.36030614, -0.38503138, -0.30201223, -0.02772127, -0.26079881,
       -0.27958352,  0.26539293, -0.18772664,  0.14730168,  0.11646947,
       -0.44497262,  0.07271034,  0.12009371,  0.35575352, -0.20896071,
        0.16576247,  0.34150698, -0.43129091, -0.45124765, -0.31441975,
        0.28399458,  0.2329405 ,  0.35151293, -0.24176466, -0.16115884,
       -0.32544179,  0.21879718, -0.0233981 ,  0.47632375, -0.09486545,
        0.22597603,  0.1355883 , -0.10377061,  0.301049  ,  0.12539297,
       -0.22281573, -0.09146717, -0.36761362,  0.20908263]) 

Generation: 52 
 - Generation Avg Fit: 11.665825216078265 
 - Best Fitness: 58.19691746866319 
 - Worst Fitness: 0.0
 - Best Solution: array([-0.44531631,  0.00826167, -0.47912717, -0.45126226,  0.36208154,
       -0.44610318, -0.27805982,  0.03812425,  0.17870012, -0.25658341,
       -0.38493784, -0.21954394,  0.14543174,  0.11069262,  0.34924381,
        0.36231363, -0.11884492,  0.00692991, -0.0107976 , -0.12244551,
       -0.46051388,  0.28813432,  0.41673704, -0.20920895, -0.17685408,
        0.36030614, -0.38503138, -0.30201223, -0.02772127, -0.26079881,
       -0.27958352,  0.26539293, -0.18772664,  0.14730168,  0.11646947,
       -0.44497262,  0.07271034,  0.12009371,  0.35575352, -0.20896071,
        0.16576247,  0.34150698, -0.43129091, -0.45124765, -0.31441975,
        0.28399458,  0.2329405 ,  0.35151293, -0.24176466, -0.16115884,
       -0.32544179,  0.21879718, -0.0233981 ,  0.47632375, -0.09486545,
        0.22597603,  0.1355883 , -0.10377061,  0.301049  ,  0.12539297,
       -0.22281573, -0.09146717, -0.36761362,  0.20908263]) 

Generation: 53 
 - Generation Avg Fit: 11.953178598097365 
 - Best Fitness: 58.19691746866319 
 - Worst Fitness: 0.0
 - Best Solution: array([-0.44531631,  0.00826167, -0.47912717, -0.45126226,  0.36208154,
       -0.44610318, -0.27805982,  0.03812425,  0.17870012, -0.25658341,
       -0.38493784, -0.21954394,  0.14543174,  0.11069262,  0.34924381,
        0.36231363, -0.11884492,  0.00692991, -0.0107976 , -0.12244551,
       -0.46051388,  0.28813432,  0.41673704, -0.20920895, -0.17685408,
        0.36030614, -0.38503138, -0.30201223, -0.02772127, -0.26079881,
       -0.27958352,  0.26539293, -0.18772664,  0.14730168,  0.11646947,
       -0.44497262,  0.07271034,  0.12009371,  0.35575352, -0.20896071,
        0.16576247,  0.34150698, -0.43129091, -0.45124765, -0.31441975,
        0.28399458,  0.2329405 ,  0.35151293, -0.24176466, -0.16115884,
       -0.32544179,  0.21879718, -0.0233981 ,  0.47632375, -0.09486545,
        0.22597603,  0.1355883 , -0.10377061,  0.301049  ,  0.12539297,
       -0.22281573, -0.09146717, -0.36761362,  0.20908263]) 

Generation: 54 
 - Generation Avg Fit: 12.37698609431246 
 - Best Fitness: 58.19691746866319 
 - Worst Fitness: 0.0
 - Best Solution: array([-0.44531631,  0.00826167, -0.47912717, -0.45126226,  0.36208154,
       -0.44610318, -0.27805982,  0.03812425,  0.17870012, -0.25658341,
       -0.38493784, -0.21954394,  0.14543174,  0.11069262,  0.34924381,
        0.36231363, -0.11884492,  0.00692991, -0.0107976 , -0.12244551,
       -0.46051388,  0.28813432,  0.41673704, -0.20920895, -0.17685408,
        0.36030614, -0.38503138, -0.30201223, -0.02772127, -0.26079881,
       -0.27958352,  0.26539293, -0.18772664,  0.14730168,  0.11646947,
       -0.44497262,  0.07271034,  0.12009371,  0.35575352, -0.20896071,
        0.16576247,  0.34150698, -0.43129091, -0.45124765, -0.31441975,
        0.28399458,  0.2329405 ,  0.35151293, -0.24176466, -0.16115884,
       -0.32544179,  0.21879718, -0.0233981 ,  0.47632375, -0.09486545,
        0.22597603,  0.1355883 , -0.10377061,  0.301049  ,  0.12539297,
       -0.22281573, -0.09146717, -0.36761362,  0.20908263]) 

Generation: 55 
 - Generation Avg Fit: 11.72667884985587 
 - Best Fitness: 58.19691746866319 
 - Worst Fitness: 0.0
 - Best Solution: array([-0.44531631,  0.00826167, -0.47912717, -0.45126226,  0.36208154,
       -0.44610318, -0.27805982,  0.03812425,  0.17870012, -0.25658341,
       -0.38493784, -0.21954394,  0.14543174,  0.11069262,  0.34924381,
        0.36231363, -0.11884492,  0.00692991, -0.0107976 , -0.12244551,
       -0.46051388,  0.28813432,  0.41673704, -0.20920895, -0.17685408,
        0.36030614, -0.38503138, -0.30201223, -0.02772127, -0.26079881,
       -0.27958352,  0.26539293, -0.18772664,  0.14730168,  0.11646947,
       -0.44497262,  0.07271034,  0.12009371,  0.35575352, -0.20896071,
        0.16576247,  0.34150698, -0.43129091, -0.45124765, -0.31441975,
        0.28399458,  0.2329405 ,  0.35151293, -0.24176466, -0.16115884,
       -0.32544179,  0.21879718, -0.0233981 ,  0.47632375, -0.09486545,
        0.22597603,  0.1355883 , -0.10377061,  0.301049  ,  0.12539297,
       -0.22281573, -0.09146717, -0.36761362,  0.20908263]) 

Generation: 56 
 - Generation Avg Fit: 12.146140941557878 
 - Best Fitness: 58.19691746866319 
 - Worst Fitness: 0.0
 - Best Solution: array([-0.44531631,  0.00826167, -0.47912717, -0.45126226,  0.36208154,
       -0.44610318, -0.27805982,  0.03812425,  0.17870012, -0.25658341,
       -0.38493784, -0.21954394,  0.14543174,  0.11069262,  0.34924381,
        0.36231363, -0.11884492,  0.00692991, -0.0107976 , -0.12244551,
       -0.46051388,  0.28813432,  0.41673704, -0.20920895, -0.17685408,
        0.36030614, -0.38503138, -0.30201223, -0.02772127, -0.26079881,
       -0.27958352,  0.26539293, -0.18772664,  0.14730168,  0.11646947,
       -0.44497262,  0.07271034,  0.12009371,  0.35575352, -0.20896071,
        0.16576247,  0.34150698, -0.43129091, -0.45124765, -0.31441975,
        0.28399458,  0.2329405 ,  0.35151293, -0.24176466, -0.16115884,
       -0.32544179,  0.21879718, -0.0233981 ,  0.47632375, -0.09486545,
        0.22597603,  0.1355883 , -0.10377061,  0.301049  ,  0.12539297,
       -0.22281573, -0.09146717, -0.36761362,  0.20908263]) 

Generation: 57 
 - Generation Avg Fit: 11.925868325934323 
 - Best Fitness: 58.19691746866319 
 - Worst Fitness: 0.0
 - Best Solution: array([-0.44531631,  0.00826167, -0.47912717, -0.45126226,  0.36208154,
       -0.44610318, -0.27805982,  0.03812425,  0.17870012, -0.25658341,
       -0.38493784, -0.21954394,  0.14543174,  0.11069262,  0.34924381,
        0.36231363, -0.11884492,  0.00692991, -0.0107976 , -0.12244551,
       -0.46051388,  0.28813432,  0.41673704, -0.20920895, -0.17685408,
        0.36030614, -0.38503138, -0.30201223, -0.02772127, -0.26079881,
       -0.27958352,  0.26539293, -0.18772664,  0.14730168,  0.11646947,
       -0.44497262,  0.07271034,  0.12009371,  0.35575352, -0.20896071,
        0.16576247,  0.34150698, -0.43129091, -0.45124765, -0.31441975,
        0.28399458,  0.2329405 ,  0.35151293, -0.24176466, -0.16115884,
       -0.32544179,  0.21879718, -0.0233981 ,  0.47632375, -0.09486545,
        0.22597603,  0.1355883 , -0.10377061,  0.301049  ,  0.12539297,
       -0.22281573, -0.09146717, -0.36761362,  0.20908263]) 

Generation: 58 
 - Generation Avg Fit: 12.216493909622931 
 - Best Fitness: 58.19691746866319 
 - Worst Fitness: 0.0
 - Best Solution: array([-0.44531631,  0.00826167, -0.47912717, -0.45126226,  0.36208154,
       -0.44610318, -0.27805982,  0.03812425,  0.17870012, -0.25658341,
       -0.38493784, -0.21954394,  0.14543174,  0.11069262,  0.34924381,
        0.36231363, -0.11884492,  0.00692991, -0.0107976 , -0.12244551,
       -0.46051388,  0.28813432,  0.41673704, -0.20920895, -0.17685408,
        0.36030614, -0.38503138, -0.30201223, -0.02772127, -0.26079881,
       -0.27958352,  0.26539293, -0.18772664,  0.14730168,  0.11646947,
       -0.44497262,  0.07271034,  0.12009371,  0.35575352, -0.20896071,
        0.16576247,  0.34150698, -0.43129091, -0.45124765, -0.31441975,
        0.28399458,  0.2329405 ,  0.35151293, -0.24176466, -0.16115884,
       -0.32544179,  0.21879718, -0.0233981 ,  0.47632375, -0.09486545,
        0.22597603,  0.1355883 , -0.10377061,  0.301049  ,  0.12539297,
       -0.22281573, -0.09146717, -0.36761362,  0.20908263]) 

Generation: 59 
 - Generation Avg Fit: 12.2236414460805 
 - Best Fitness: 58.19691746866319 
 - Worst Fitness: 0.0
 - Best Solution: array([-0.44531631,  0.00826167, -0.47912717, -0.45126226,  0.36208154,
       -0.44610318, -0.27805982,  0.03812425,  0.17870012, -0.25658341,
       -0.38493784, -0.21954394,  0.14543174,  0.11069262,  0.34924381,
        0.36231363, -0.11884492,  0.00692991, -0.0107976 , -0.12244551,
       -0.46051388,  0.28813432,  0.41673704, -0.20920895, -0.17685408,
        0.36030614, -0.38503138, -0.30201223, -0.02772127, -0.26079881,
       -0.27958352,  0.26539293, -0.18772664,  0.14730168,  0.11646947,
       -0.44497262,  0.07271034,  0.12009371,  0.35575352, -0.20896071,
        0.16576247,  0.34150698, -0.43129091, -0.45124765, -0.31441975,
        0.28399458,  0.2329405 ,  0.35151293, -0.24176466, -0.16115884,
       -0.32544179,  0.21879718, -0.0233981 ,  0.47632375, -0.09486545,
        0.22597603,  0.1355883 , -0.10377061,  0.301049  ,  0.12539297,
       -0.22281573, -0.09146717, -0.36761362,  0.20908263]) 

Generation: 60 
 - Generation Avg Fit: 12.752529265347025 
 - Best Fitness: 58.19691746866319 
 - Worst Fitness: 0.0
 - Best Solution: array([-0.44531631,  0.00826167, -0.47912717, -0.45126226,  0.36208154,
       -0.44610318, -0.27805982,  0.03812425,  0.17870012, -0.25658341,
       -0.38493784, -0.21954394,  0.14543174,  0.11069262,  0.34924381,
        0.36231363, -0.11884492,  0.00692991, -0.0107976 , -0.12244551,
       -0.46051388,  0.28813432,  0.41673704, -0.20920895, -0.17685408,
        0.36030614, -0.38503138, -0.30201223, -0.02772127, -0.26079881,
       -0.27958352,  0.26539293, -0.18772664,  0.14730168,  0.11646947,
       -0.44497262,  0.07271034,  0.12009371,  0.35575352, -0.20896071,
        0.16576247,  0.34150698, -0.43129091, -0.45124765, -0.31441975,
        0.28399458,  0.2329405 ,  0.35151293, -0.24176466, -0.16115884,
       -0.32544179,  0.21879718, -0.0233981 ,  0.47632375, -0.09486545,
        0.22597603,  0.1355883 , -0.10377061,  0.301049  ,  0.12539297,
       -0.22281573, -0.09146717, -0.36761362,  0.20908263]) 

Generation: 61 
 - Generation Avg Fit: 12.837994153626033 
 - Best Fitness: 58.19691746866319 
 - Worst Fitness: 0.0
 - Best Solution: array([-0.44531631,  0.00826167, -0.47912717, -0.45126226,  0.36208154,
       -0.44610318, -0.27805982,  0.03812425,  0.17870012, -0.25658341,
       -0.38493784, -0.21954394,  0.14543174,  0.11069262,  0.34924381,
        0.36231363, -0.11884492,  0.00692991, -0.0107976 , -0.12244551,
       -0.46051388,  0.28813432,  0.41673704, -0.20920895, -0.17685408,
        0.36030614, -0.38503138, -0.30201223, -0.02772127, -0.26079881,
       -0.27958352,  0.26539293, -0.18772664,  0.14730168,  0.11646947,
       -0.44497262,  0.07271034,  0.12009371,  0.35575352, -0.20896071,
        0.16576247,  0.34150698, -0.43129091, -0.45124765, -0.31441975,
        0.28399458,  0.2329405 ,  0.35151293, -0.24176466, -0.16115884,
       -0.32544179,  0.21879718, -0.0233981 ,  0.47632375, -0.09486545,
        0.22597603,  0.1355883 , -0.10377061,  0.301049  ,  0.12539297,
       -0.22281573, -0.09146717, -0.36761362,  0.20908263]) 

Generation: 62 
 - Generation Avg Fit: 12.4595763662917 
 - Best Fitness: 58.19691746866319 
 - Worst Fitness: 0.0
 - Best Solution: array([-0.44531631,  0.00826167, -0.47912717, -0.45126226,  0.36208154,
       -0.44610318, -0.27805982,  0.03812425,  0.17870012, -0.25658341,
       -0.38493784, -0.21954394,  0.14543174,  0.11069262,  0.34924381,
        0.36231363, -0.11884492,  0.00692991, -0.0107976 , -0.12244551,
       -0.46051388,  0.28813432,  0.41673704, -0.20920895, -0.17685408,
        0.36030614, -0.38503138, -0.30201223, -0.02772127, -0.26079881,
       -0.27958352,  0.26539293, -0.18772664,  0.14730168,  0.11646947,
       -0.44497262,  0.07271034,  0.12009371,  0.35575352, -0.20896071,
        0.16576247,  0.34150698, -0.43129091, -0.45124765, -0.31441975,
        0.28399458,  0.2329405 ,  0.35151293, -0.24176466, -0.16115884,
       -0.32544179,  0.21879718, -0.0233981 ,  0.47632375, -0.09486545,
        0.22597603,  0.1355883 , -0.10377061,  0.301049  ,  0.12539297,
       -0.22281573, -0.09146717, -0.36761362,  0.20908263]) 

Generation: 63 
 - Generation Avg Fit: 12.486688638452595 
 - Best Fitness: 58.19691746866319 
 - Worst Fitness: 0.0
 - Best Solution: array([-0.44531631,  0.00826167, -0.47912717, -0.45126226,  0.36208154,
       -0.44610318, -0.27805982,  0.03812425,  0.17870012, -0.25658341,
       -0.38493784, -0.21954394,  0.14543174,  0.11069262,  0.34924381,
        0.36231363, -0.11884492,  0.00692991, -0.0107976 , -0.12244551,
       -0.46051388,  0.28813432,  0.41673704, -0.20920895, -0.17685408,
        0.36030614, -0.38503138, -0.30201223, -0.02772127, -0.26079881,
       -0.27958352,  0.26539293, -0.18772664,  0.14730168,  0.11646947,
       -0.44497262,  0.07271034,  0.12009371,  0.35575352, -0.20896071,
        0.16576247,  0.34150698, -0.43129091, -0.45124765, -0.31441975,
        0.28399458,  0.2329405 ,  0.35151293, -0.24176466, -0.16115884,
       -0.32544179,  0.21879718, -0.0233981 ,  0.47632375, -0.09486545,
        0.22597603,  0.1355883 , -0.10377061,  0.301049  ,  0.12539297,
       -0.22281573, -0.09146717, -0.36761362,  0.20908263]) 

Generation: 64 
 - Generation Avg Fit: 13.052987633019743 
 - Best Fitness: 58.19691746866319 
 - Worst Fitness: 0.0
 - Best Solution: array([-0.44531631,  0.00826167, -0.47912717, -0.45126226,  0.36208154,
       -0.44610318, -0.27805982,  0.03812425,  0.17870012, -0.25658341,
       -0.38493784, -0.21954394,  0.14543174,  0.11069262,  0.34924381,
        0.36231363, -0.11884492,  0.00692991, -0.0107976 , -0.12244551,
       -0.46051388,  0.28813432,  0.41673704, -0.20920895, -0.17685408,
        0.36030614, -0.38503138, -0.30201223, -0.02772127, -0.26079881,
       -0.27958352,  0.26539293, -0.18772664,  0.14730168,  0.11646947,
       -0.44497262,  0.07271034,  0.12009371,  0.35575352, -0.20896071,
        0.16576247,  0.34150698, -0.43129091, -0.45124765, -0.31441975,
        0.28399458,  0.2329405 ,  0.35151293, -0.24176466, -0.16115884,
       -0.32544179,  0.21879718, -0.0233981 ,  0.47632375, -0.09486545,
        0.22597603,  0.1355883 , -0.10377061,  0.301049  ,  0.12539297,
       -0.22281573, -0.09146717, -0.36761362,  0.20908263]) 

Generation: 65 
 - Generation Avg Fit: 12.789572144662301 
 - Best Fitness: 58.19691746866319 
 - Worst Fitness: 0.0
 - Best Solution: array([-0.44531631,  0.00826167, -0.47912717, -0.45126226,  0.36208154,
       -0.44610318, -0.27805982,  0.03812425,  0.17870012, -0.25658341,
       -0.38493784, -0.21954394,  0.14543174,  0.11069262,  0.34924381,
        0.36231363, -0.11884492,  0.00692991, -0.0107976 , -0.12244551,
       -0.46051388,  0.28813432,  0.41673704, -0.20920895, -0.17685408,
        0.36030614, -0.38503138, -0.30201223, -0.02772127, -0.26079881,
       -0.27958352,  0.26539293, -0.18772664,  0.14730168,  0.11646947,
       -0.44497262,  0.07271034,  0.12009371,  0.35575352, -0.20896071,
        0.16576247,  0.34150698, -0.43129091, -0.45124765, -0.31441975,
        0.28399458,  0.2329405 ,  0.35151293, -0.24176466, -0.16115884,
       -0.32544179,  0.21879718, -0.0233981 ,  0.47632375, -0.09486545,
        0.22597603,  0.1355883 , -0.10377061,  0.301049  ,  0.12539297,
       -0.22281573, -0.09146717, -0.36761362,  0.20908263]) 

Generation: 66 
 - Generation Avg Fit: 12.793619487145298 
 - Best Fitness: 58.19691746866319 
 - Worst Fitness: 0.0
 - Best Solution: array([-0.44531631,  0.00826167, -0.47912717, -0.45126226,  0.36208154,
       -0.44610318, -0.27805982,  0.03812425,  0.17870012, -0.25658341,
       -0.38493784, -0.21954394,  0.14543174,  0.11069262,  0.34924381,
        0.36231363, -0.11884492,  0.00692991, -0.0107976 , -0.12244551,
       -0.46051388,  0.28813432,  0.41673704, -0.20920895, -0.17685408,
        0.36030614, -0.38503138, -0.30201223, -0.02772127, -0.26079881,
       -0.27958352,  0.26539293, -0.18772664,  0.14730168,  0.11646947,
       -0.44497262,  0.07271034,  0.12009371,  0.35575352, -0.20896071,
        0.16576247,  0.34150698, -0.43129091, -0.45124765, -0.31441975,
        0.28399458,  0.2329405 ,  0.35151293, -0.24176466, -0.16115884,
       -0.32544179,  0.21879718, -0.0233981 ,  0.47632375, -0.09486545,
        0.22597603,  0.1355883 , -0.10377061,  0.301049  ,  0.12539297,
       -0.22281573, -0.09146717, -0.36761362,  0.20908263]) 

Generation: 67 
 - Generation Avg Fit: 13.339591965418467 
 - Best Fitness: 58.19691746866319 
 - Worst Fitness: 0.0
 - Best Solution: array([-0.44531631,  0.00826167, -0.47912717, -0.45126226,  0.36208154,
       -0.44610318, -0.27805982,  0.03812425,  0.17870012, -0.25658341,
       -0.38493784, -0.21954394,  0.14543174,  0.11069262,  0.34924381,
        0.36231363, -0.11884492,  0.00692991, -0.0107976 , -0.12244551,
       -0.46051388,  0.28813432,  0.41673704, -0.20920895, -0.17685408,
        0.36030614, -0.38503138, -0.30201223, -0.02772127, -0.26079881,
       -0.27958352,  0.26539293, -0.18772664,  0.14730168,  0.11646947,
       -0.44497262,  0.07271034,  0.12009371,  0.35575352, -0.20896071,
        0.16576247,  0.34150698, -0.43129091, -0.45124765, -0.31441975,
        0.28399458,  0.2329405 ,  0.35151293, -0.24176466, -0.16115884,
       -0.32544179,  0.21879718, -0.0233981 ,  0.47632375, -0.09486545,
        0.22597603,  0.1355883 , -0.10377061,  0.301049  ,  0.12539297,
       -0.22281573, -0.09146717, -0.36761362,  0.20908263]) 

Generation: 68 
 - Generation Avg Fit: 12.791548488733902 
 - Best Fitness: 58.19691746866319 
 - Worst Fitness: 0.0
 - Best Solution: array([-0.44531631,  0.00826167, -0.47912717, -0.45126226,  0.36208154,
       -0.44610318, -0.27805982,  0.03812425,  0.17870012, -0.25658341,
       -0.38493784, -0.21954394,  0.14543174,  0.11069262,  0.34924381,
        0.36231363, -0.11884492,  0.00692991, -0.0107976 , -0.12244551,
       -0.46051388,  0.28813432,  0.41673704, -0.20920895, -0.17685408,
        0.36030614, -0.38503138, -0.30201223, -0.02772127, -0.26079881,
       -0.27958352,  0.26539293, -0.18772664,  0.14730168,  0.11646947,
       -0.44497262,  0.07271034,  0.12009371,  0.35575352, -0.20896071,
        0.16576247,  0.34150698, -0.43129091, -0.45124765, -0.31441975,
        0.28399458,  0.2329405 ,  0.35151293, -0.24176466, -0.16115884,
       -0.32544179,  0.21879718, -0.0233981 ,  0.47632375, -0.09486545,
        0.22597603,  0.1355883 , -0.10377061,  0.301049  ,  0.12539297,
       -0.22281573, -0.09146717, -0.36761362,  0.20908263]) 

Generation: 69 
 - Generation Avg Fit: 13.292717200788253 
 - Best Fitness: 58.19691746866319 
 - Worst Fitness: 0.0
 - Best Solution: array([-0.44531631,  0.00826167, -0.47912717, -0.45126226,  0.36208154,
       -0.44610318, -0.27805982,  0.03812425,  0.17870012, -0.25658341,
       -0.38493784, -0.21954394,  0.14543174,  0.11069262,  0.34924381,
        0.36231363, -0.11884492,  0.00692991, -0.0107976 , -0.12244551,
       -0.46051388,  0.28813432,  0.41673704, -0.20920895, -0.17685408,
        0.36030614, -0.38503138, -0.30201223, -0.02772127, -0.26079881,
       -0.27958352,  0.26539293, -0.18772664,  0.14730168,  0.11646947,
       -0.44497262,  0.07271034,  0.12009371,  0.35575352, -0.20896071,
        0.16576247,  0.34150698, -0.43129091, -0.45124765, -0.31441975,
        0.28399458,  0.2329405 ,  0.35151293, -0.24176466, -0.16115884,
       -0.32544179,  0.21879718, -0.0233981 ,  0.47632375, -0.09486545,
        0.22597603,  0.1355883 , -0.10377061,  0.301049  ,  0.12539297,
       -0.22281573, -0.09146717, -0.36761362,  0.20908263]) 

Generation: 70 
 - Generation Avg Fit: 13.246997826693473 
 - Best Fitness: 58.19691746866319 
 - Worst Fitness: 0.0
 - Best Solution: array([-0.44531631,  0.00826167, -0.47912717, -0.45126226,  0.36208154,
       -0.44610318, -0.27805982,  0.03812425,  0.17870012, -0.25658341,
       -0.38493784, -0.21954394,  0.14543174,  0.11069262,  0.34924381,
        0.36231363, -0.11884492,  0.00692991, -0.0107976 , -0.12244551,
       -0.46051388,  0.28813432,  0.41673704, -0.20920895, -0.17685408,
        0.36030614, -0.38503138, -0.30201223, -0.02772127, -0.26079881,
       -0.27958352,  0.26539293, -0.18772664,  0.14730168,  0.11646947,
       -0.44497262,  0.07271034,  0.12009371,  0.35575352, -0.20896071,
        0.16576247,  0.34150698, -0.43129091, -0.45124765, -0.31441975,
        0.28399458,  0.2329405 ,  0.35151293, -0.24176466, -0.16115884,
       -0.32544179,  0.21879718, -0.0233981 ,  0.47632375, -0.09486545,
        0.22597603,  0.1355883 , -0.10377061,  0.301049  ,  0.12539297,
       -0.22281573, -0.09146717, -0.36761362,  0.20908263]) 

Generation: 71 
 - Generation Avg Fit: 13.204316101116897 
 - Best Fitness: 58.19691746866319 
 - Worst Fitness: 0.0
 - Best Solution: array([-0.44531631,  0.00826167, -0.47912717, -0.45126226,  0.36208154,
       -0.44610318, -0.27805982,  0.03812425,  0.17870012, -0.25658341,
       -0.38493784, -0.21954394,  0.14543174,  0.11069262,  0.34924381,
        0.36231363, -0.11884492,  0.00692991, -0.0107976 , -0.12244551,
       -0.46051388,  0.28813432,  0.41673704, -0.20920895, -0.17685408,
        0.36030614, -0.38503138, -0.30201223, -0.02772127, -0.26079881,
       -0.27958352,  0.26539293, -0.18772664,  0.14730168,  0.11646947,
       -0.44497262,  0.07271034,  0.12009371,  0.35575352, -0.20896071,
        0.16576247,  0.34150698, -0.43129091, -0.45124765, -0.31441975,
        0.28399458,  0.2329405 ,  0.35151293, -0.24176466, -0.16115884,
       -0.32544179,  0.21879718, -0.0233981 ,  0.47632375, -0.09486545,
        0.22597603,  0.1355883 , -0.10377061,  0.301049  ,  0.12539297,
       -0.22281573, -0.09146717, -0.36761362,  0.20908263]) 

Generation: 72 
 - Generation Avg Fit: 13.301527573464671 
 - Best Fitness: 58.19691746866319 
 - Worst Fitness: 0.0
 - Best Solution: array([-0.44531631,  0.00826167, -0.47912717, -0.45126226,  0.36208154,
       -0.44610318, -0.27805982,  0.03812425,  0.17870012, -0.25658341,
       -0.38493784, -0.21954394,  0.14543174,  0.11069262,  0.34924381,
        0.36231363, -0.11884492,  0.00692991, -0.0107976 , -0.12244551,
       -0.46051388,  0.28813432,  0.41673704, -0.20920895, -0.17685408,
        0.36030614, -0.38503138, -0.30201223, -0.02772127, -0.26079881,
       -0.27958352,  0.26539293, -0.18772664,  0.14730168,  0.11646947,
       -0.44497262,  0.07271034,  0.12009371,  0.35575352, -0.20896071,
        0.16576247,  0.34150698, -0.43129091, -0.45124765, -0.31441975,
        0.28399458,  0.2329405 ,  0.35151293, -0.24176466, -0.16115884,
       -0.32544179,  0.21879718, -0.0233981 ,  0.47632375, -0.09486545,
        0.22597603,  0.1355883 , -0.10377061,  0.301049  ,  0.12539297,
       -0.22281573, -0.09146717, -0.36761362,  0.20908263]) 

Generation: 73 
 - Generation Avg Fit: 13.01784582774004 
 - Best Fitness: 58.19691746866319 
 - Worst Fitness: 0.0
 - Best Solution: array([-0.44531631,  0.00826167, -0.47912717, -0.45126226,  0.36208154,
       -0.44610318, -0.27805982,  0.03812425,  0.17870012, -0.25658341,
       -0.38493784, -0.21954394,  0.14543174,  0.11069262,  0.34924381,
        0.36231363, -0.11884492,  0.00692991, -0.0107976 , -0.12244551,
       -0.46051388,  0.28813432,  0.41673704, -0.20920895, -0.17685408,
        0.36030614, -0.38503138, -0.30201223, -0.02772127, -0.26079881,
       -0.27958352,  0.26539293, -0.18772664,  0.14730168,  0.11646947,
       -0.44497262,  0.07271034,  0.12009371,  0.35575352, -0.20896071,
        0.16576247,  0.34150698, -0.43129091, -0.45124765, -0.31441975,
        0.28399458,  0.2329405 ,  0.35151293, -0.24176466, -0.16115884,
       -0.32544179,  0.21879718, -0.0233981 ,  0.47632375, -0.09486545,
        0.22597603,  0.1355883 , -0.10377061,  0.301049  ,  0.12539297,
       -0.22281573, -0.09146717, -0.36761362,  0.20908263]) 

Generation: 74 
 - Generation Avg Fit: 13.255667237667167 
 - Best Fitness: 58.19691746866319 
 - Worst Fitness: 0.0
 - Best Solution: array([-0.44531631,  0.00826167, -0.47912717, -0.45126226,  0.36208154,
       -0.44610318, -0.27805982,  0.03812425,  0.17870012, -0.25658341,
       -0.38493784, -0.21954394,  0.14543174,  0.11069262,  0.34924381,
        0.36231363, -0.11884492,  0.00692991, -0.0107976 , -0.12244551,
       -0.46051388,  0.28813432,  0.41673704, -0.20920895, -0.17685408,
        0.36030614, -0.38503138, -0.30201223, -0.02772127, -0.26079881,
       -0.27958352,  0.26539293, -0.18772664,  0.14730168,  0.11646947,
       -0.44497262,  0.07271034,  0.12009371,  0.35575352, -0.20896071,
        0.16576247,  0.34150698, -0.43129091, -0.45124765, -0.31441975,
        0.28399458,  0.2329405 ,  0.35151293, -0.24176466, -0.16115884,
       -0.32544179,  0.21879718, -0.0233981 ,  0.47632375, -0.09486545,
        0.22597603,  0.1355883 , -0.10377061,  0.301049  ,  0.12539297,
       -0.22281573, -0.09146717, -0.36761362,  0.20908263]) 

Generation: 75 
 - Generation Avg Fit: 13.669255156789182 
 - Best Fitness: 58.19691746866319 
 - Worst Fitness: 0.0
 - Best Solution: array([-0.44531631,  0.00826167, -0.47912717, -0.45126226,  0.36208154,
       -0.44610318, -0.27805982,  0.03812425,  0.17870012, -0.25658341,
       -0.38493784, -0.21954394,  0.14543174,  0.11069262,  0.34924381,
        0.36231363, -0.11884492,  0.00692991, -0.0107976 , -0.12244551,
       -0.46051388,  0.28813432,  0.41673704, -0.20920895, -0.17685408,
        0.36030614, -0.38503138, -0.30201223, -0.02772127, -0.26079881,
       -0.27958352,  0.26539293, -0.18772664,  0.14730168,  0.11646947,
       -0.44497262,  0.07271034,  0.12009371,  0.35575352, -0.20896071,
        0.16576247,  0.34150698, -0.43129091, -0.45124765, -0.31441975,
        0.28399458,  0.2329405 ,  0.35151293, -0.24176466, -0.16115884,
       -0.32544179,  0.21879718, -0.0233981 ,  0.47632375, -0.09486545,
        0.22597603,  0.1355883 , -0.10377061,  0.301049  ,  0.12539297,
       -0.22281573, -0.09146717, -0.36761362,  0.20908263]) 

Generation: 76 
 - Generation Avg Fit: 13.480999144600094 
 - Best Fitness: 58.19691746866319 
 - Worst Fitness: 0.0
 - Best Solution: array([-0.44531631,  0.00826167, -0.47912717, -0.45126226,  0.36208154,
       -0.44610318, -0.27805982,  0.03812425,  0.17870012, -0.25658341,
       -0.38493784, -0.21954394,  0.14543174,  0.11069262,  0.34924381,
        0.36231363, -0.11884492,  0.00692991, -0.0107976 , -0.12244551,
       -0.46051388,  0.28813432,  0.41673704, -0.20920895, -0.17685408,
        0.36030614, -0.38503138, -0.30201223, -0.02772127, -0.26079881,
       -0.27958352,  0.26539293, -0.18772664,  0.14730168,  0.11646947,
       -0.44497262,  0.07271034,  0.12009371,  0.35575352, -0.20896071,
        0.16576247,  0.34150698, -0.43129091, -0.45124765, -0.31441975,
        0.28399458,  0.2329405 ,  0.35151293, -0.24176466, -0.16115884,
       -0.32544179,  0.21879718, -0.0233981 ,  0.47632375, -0.09486545,
        0.22597603,  0.1355883 , -0.10377061,  0.301049  ,  0.12539297,
       -0.22281573, -0.09146717, -0.36761362,  0.20908263]) 

Generation: 77 
 - Generation Avg Fit: 13.443392551811103 
 - Best Fitness: 58.19691746866319 
 - Worst Fitness: 0.0
 - Best Solution: array([-0.44531631,  0.00826167, -0.47912717, -0.45126226,  0.36208154,
       -0.44610318, -0.27805982,  0.03812425,  0.17870012, -0.25658341,
       -0.38493784, -0.21954394,  0.14543174,  0.11069262,  0.34924381,
        0.36231363, -0.11884492,  0.00692991, -0.0107976 , -0.12244551,
       -0.46051388,  0.28813432,  0.41673704, -0.20920895, -0.17685408,
        0.36030614, -0.38503138, -0.30201223, -0.02772127, -0.26079881,
       -0.27958352,  0.26539293, -0.18772664,  0.14730168,  0.11646947,
       -0.44497262,  0.07271034,  0.12009371,  0.35575352, -0.20896071,
        0.16576247,  0.34150698, -0.43129091, -0.45124765, -0.31441975,
        0.28399458,  0.2329405 ,  0.35151293, -0.24176466, -0.16115884,
       -0.32544179,  0.21879718, -0.0233981 ,  0.47632375, -0.09486545,
        0.22597603,  0.1355883 , -0.10377061,  0.301049  ,  0.12539297,
       -0.22281573, -0.09146717, -0.36761362,  0.20908263]) 

Generation: 78 
 - Generation Avg Fit: 13.34936890061574 
 - Best Fitness: 58.19691746866319 
 - Worst Fitness: 0.0
 - Best Solution: array([-0.44531631,  0.00826167, -0.47912717, -0.45126226,  0.36208154,
       -0.44610318, -0.27805982,  0.03812425,  0.17870012, -0.25658341,
       -0.38493784, -0.21954394,  0.14543174,  0.11069262,  0.34924381,
        0.36231363, -0.11884492,  0.00692991, -0.0107976 , -0.12244551,
       -0.46051388,  0.28813432,  0.41673704, -0.20920895, -0.17685408,
        0.36030614, -0.38503138, -0.30201223, -0.02772127, -0.26079881,
       -0.27958352,  0.26539293, -0.18772664,  0.14730168,  0.11646947,
       -0.44497262,  0.07271034,  0.12009371,  0.35575352, -0.20896071,
        0.16576247,  0.34150698, -0.43129091, -0.45124765, -0.31441975,
        0.28399458,  0.2329405 ,  0.35151293, -0.24176466, -0.16115884,
       -0.32544179,  0.21879718, -0.0233981 ,  0.47632375, -0.09486545,
        0.22597603,  0.1355883 , -0.10377061,  0.301049  ,  0.12539297,
       -0.22281573, -0.09146717, -0.36761362,  0.20908263]) 

Generation: 79 
 - Generation Avg Fit: 13.602559998021512 
 - Best Fitness: 58.19691746866319 
 - Worst Fitness: 0.0
 - Best Solution: array([-0.44531631,  0.00826167, -0.47912717, -0.45126226,  0.36208154,
       -0.44610318, -0.27805982,  0.03812425,  0.17870012, -0.25658341,
       -0.38493784, -0.21954394,  0.14543174,  0.11069262,  0.34924381,
        0.36231363, -0.11884492,  0.00692991, -0.0107976 , -0.12244551,
       -0.46051388,  0.28813432,  0.41673704, -0.20920895, -0.17685408,
        0.36030614, -0.38503138, -0.30201223, -0.02772127, -0.26079881,
       -0.27958352,  0.26539293, -0.18772664,  0.14730168,  0.11646947,
       -0.44497262,  0.07271034,  0.12009371,  0.35575352, -0.20896071,
        0.16576247,  0.34150698, -0.43129091, -0.45124765, -0.31441975,
        0.28399458,  0.2329405 ,  0.35151293, -0.24176466, -0.16115884,
       -0.32544179,  0.21879718, -0.0233981 ,  0.47632375, -0.09486545,
        0.22597603,  0.1355883 , -0.10377061,  0.301049  ,  0.12539297,
       -0.22281573, -0.09146717, -0.36761362,  0.20908263]) 

Generation: 80 
 - Generation Avg Fit: 13.916967152177428 
 - Best Fitness: 58.19691746866319 
 - Worst Fitness: 0.0
 - Best Solution: array([-0.44531631,  0.00826167, -0.47912717, -0.45126226,  0.36208154,
       -0.44610318, -0.27805982,  0.03812425,  0.17870012, -0.25658341,
       -0.38493784, -0.21954394,  0.14543174,  0.11069262,  0.34924381,
        0.36231363, -0.11884492,  0.00692991, -0.0107976 , -0.12244551,
       -0.46051388,  0.28813432,  0.41673704, -0.20920895, -0.17685408,
        0.36030614, -0.38503138, -0.30201223, -0.02772127, -0.26079881,
       -0.27958352,  0.26539293, -0.18772664,  0.14730168,  0.11646947,
       -0.44497262,  0.07271034,  0.12009371,  0.35575352, -0.20896071,
        0.16576247,  0.34150698, -0.43129091, -0.45124765, -0.31441975,
        0.28399458,  0.2329405 ,  0.35151293, -0.24176466, -0.16115884,
       -0.32544179,  0.21879718, -0.0233981 ,  0.47632375, -0.09486545,
        0.22597603,  0.1355883 , -0.10377061,  0.301049  ,  0.12539297,
       -0.22281573, -0.09146717, -0.36761362,  0.20908263]) 

Generation: 81 
 - Generation Avg Fit: 13.571839891584586 
 - Best Fitness: 58.19691746866319 
 - Worst Fitness: 0.0
 - Best Solution: array([-0.44531631,  0.00826167, -0.47912717, -0.45126226,  0.36208154,
       -0.44610318, -0.27805982,  0.03812425,  0.17870012, -0.25658341,
       -0.38493784, -0.21954394,  0.14543174,  0.11069262,  0.34924381,
        0.36231363, -0.11884492,  0.00692991, -0.0107976 , -0.12244551,
       -0.46051388,  0.28813432,  0.41673704, -0.20920895, -0.17685408,
        0.36030614, -0.38503138, -0.30201223, -0.02772127, -0.26079881,
       -0.27958352,  0.26539293, -0.18772664,  0.14730168,  0.11646947,
       -0.44497262,  0.07271034,  0.12009371,  0.35575352, -0.20896071,
        0.16576247,  0.34150698, -0.43129091, -0.45124765, -0.31441975,
        0.28399458,  0.2329405 ,  0.35151293, -0.24176466, -0.16115884,
       -0.32544179,  0.21879718, -0.0233981 ,  0.47632375, -0.09486545,
        0.22597603,  0.1355883 , -0.10377061,  0.301049  ,  0.12539297,
       -0.22281573, -0.09146717, -0.36761362,  0.20908263]) 

Generation: 82 
 - Generation Avg Fit: 13.727396502915504 
 - Best Fitness: 58.19691746866319 
 - Worst Fitness: 0.0
 - Best Solution: array([-0.44531631,  0.00826167, -0.47912717, -0.45126226,  0.36208154,
       -0.44610318, -0.27805982,  0.03812425,  0.17870012, -0.25658341,
       -0.38493784, -0.21954394,  0.14543174,  0.11069262,  0.34924381,
        0.36231363, -0.11884492,  0.00692991, -0.0107976 , -0.12244551,
       -0.46051388,  0.28813432,  0.41673704, -0.20920895, -0.17685408,
        0.36030614, -0.38503138, -0.30201223, -0.02772127, -0.26079881,
       -0.27958352,  0.26539293, -0.18772664,  0.14730168,  0.11646947,
       -0.44497262,  0.07271034,  0.12009371,  0.35575352, -0.20896071,
        0.16576247,  0.34150698, -0.43129091, -0.45124765, -0.31441975,
        0.28399458,  0.2329405 ,  0.35151293, -0.24176466, -0.16115884,
       -0.32544179,  0.21879718, -0.0233981 ,  0.47632375, -0.09486545,
        0.22597603,  0.1355883 , -0.10377061,  0.301049  ,  0.12539297,
       -0.22281573, -0.09146717, -0.36761362,  0.20908263]) 

Generation: 83 
 - Generation Avg Fit: 14.21320310451821 
 - Best Fitness: 58.19691746866319 
 - Worst Fitness: 0.0
 - Best Solution: array([-0.44531631,  0.00826167, -0.47912717, -0.45126226,  0.36208154,
       -0.44610318, -0.27805982,  0.03812425,  0.17870012, -0.25658341,
       -0.38493784, -0.21954394,  0.14543174,  0.11069262,  0.34924381,
        0.36231363, -0.11884492,  0.00692991, -0.0107976 , -0.12244551,
       -0.46051388,  0.28813432,  0.41673704, -0.20920895, -0.17685408,
        0.36030614, -0.38503138, -0.30201223, -0.02772127, -0.26079881,
       -0.27958352,  0.26539293, -0.18772664,  0.14730168,  0.11646947,
       -0.44497262,  0.07271034,  0.12009371,  0.35575352, -0.20896071,
        0.16576247,  0.34150698, -0.43129091, -0.45124765, -0.31441975,
        0.28399458,  0.2329405 ,  0.35151293, -0.24176466, -0.16115884,
       -0.32544179,  0.21879718, -0.0233981 ,  0.47632375, -0.09486545,
        0.22597603,  0.1355883 , -0.10377061,  0.301049  ,  0.12539297,
       -0.22281573, -0.09146717, -0.36761362,  0.20908263]) 

Generation: 84 
 - Generation Avg Fit: 14.10612465218257 
 - Best Fitness: 58.19691746866319 
 - Worst Fitness: 0.0
 - Best Solution: array([-0.44531631,  0.00826167, -0.47912717, -0.45126226,  0.36208154,
       -0.44610318, -0.27805982,  0.03812425,  0.17870012, -0.25658341,
       -0.38493784, -0.21954394,  0.14543174,  0.11069262,  0.34924381,
        0.36231363, -0.11884492,  0.00692991, -0.0107976 , -0.12244551,
       -0.46051388,  0.28813432,  0.41673704, -0.20920895, -0.17685408,
        0.36030614, -0.38503138, -0.30201223, -0.02772127, -0.26079881,
       -0.27958352,  0.26539293, -0.18772664,  0.14730168,  0.11646947,
       -0.44497262,  0.07271034,  0.12009371,  0.35575352, -0.20896071,
        0.16576247,  0.34150698, -0.43129091, -0.45124765, -0.31441975,
        0.28399458,  0.2329405 ,  0.35151293, -0.24176466, -0.16115884,
       -0.32544179,  0.21879718, -0.0233981 ,  0.47632375, -0.09486545,
        0.22597603,  0.1355883 , -0.10377061,  0.301049  ,  0.12539297,
       -0.22281573, -0.09146717, -0.36761362,  0.20908263]) 

Generation: 85 
 - Generation Avg Fit: 13.651664768172541 
 - Best Fitness: 58.19691746866319 
 - Worst Fitness: 0.0
 - Best Solution: array([-0.44531631,  0.00826167, -0.47912717, -0.45126226,  0.36208154,
       -0.44610318, -0.27805982,  0.03812425,  0.17870012, -0.25658341,
       -0.38493784, -0.21954394,  0.14543174,  0.11069262,  0.34924381,
        0.36231363, -0.11884492,  0.00692991, -0.0107976 , -0.12244551,
       -0.46051388,  0.28813432,  0.41673704, -0.20920895, -0.17685408,
        0.36030614, -0.38503138, -0.30201223, -0.02772127, -0.26079881,
       -0.27958352,  0.26539293, -0.18772664,  0.14730168,  0.11646947,
       -0.44497262,  0.07271034,  0.12009371,  0.35575352, -0.20896071,
        0.16576247,  0.34150698, -0.43129091, -0.45124765, -0.31441975,
        0.28399458,  0.2329405 ,  0.35151293, -0.24176466, -0.16115884,
       -0.32544179,  0.21879718, -0.0233981 ,  0.47632375, -0.09486545,
        0.22597603,  0.1355883 , -0.10377061,  0.301049  ,  0.12539297,
       -0.22281573, -0.09146717, -0.36761362,  0.20908263]) 

Generation: 86 
 - Generation Avg Fit: 14.332737535413349 
 - Best Fitness: 58.19691746866319 
 - Worst Fitness: 0.0
 - Best Solution: array([-0.44531631,  0.00826167, -0.47912717, -0.45126226,  0.36208154,
       -0.44610318, -0.27805982,  0.03812425,  0.17870012, -0.25658341,
       -0.38493784, -0.21954394,  0.14543174,  0.11069262,  0.34924381,
        0.36231363, -0.11884492,  0.00692991, -0.0107976 , -0.12244551,
       -0.46051388,  0.28813432,  0.41673704, -0.20920895, -0.17685408,
        0.36030614, -0.38503138, -0.30201223, -0.02772127, -0.26079881,
       -0.27958352,  0.26539293, -0.18772664,  0.14730168,  0.11646947,
       -0.44497262,  0.07271034,  0.12009371,  0.35575352, -0.20896071,
        0.16576247,  0.34150698, -0.43129091, -0.45124765, -0.31441975,
        0.28399458,  0.2329405 ,  0.35151293, -0.24176466, -0.16115884,
       -0.32544179,  0.21879718, -0.0233981 ,  0.47632375, -0.09486545,
        0.22597603,  0.1355883 , -0.10377061,  0.301049  ,  0.12539297,
       -0.22281573, -0.09146717, -0.36761362,  0.20908263]) 

Generation: 87 
 - Generation Avg Fit: 14.058908014720116 
 - Best Fitness: 58.19691746866319 
 - Worst Fitness: 0.0
 - Best Solution: array([-0.44531631,  0.00826167, -0.47912717, -0.45126226,  0.36208154,
       -0.44610318, -0.27805982,  0.03812425,  0.17870012, -0.25658341,
       -0.38493784, -0.21954394,  0.14543174,  0.11069262,  0.34924381,
        0.36231363, -0.11884492,  0.00692991, -0.0107976 , -0.12244551,
       -0.46051388,  0.28813432,  0.41673704, -0.20920895, -0.17685408,
        0.36030614, -0.38503138, -0.30201223, -0.02772127, -0.26079881,
       -0.27958352,  0.26539293, -0.18772664,  0.14730168,  0.11646947,
       -0.44497262,  0.07271034,  0.12009371,  0.35575352, -0.20896071,
        0.16576247,  0.34150698, -0.43129091, -0.45124765, -0.31441975,
        0.28399458,  0.2329405 ,  0.35151293, -0.24176466, -0.16115884,
       -0.32544179,  0.21879718, -0.0233981 ,  0.47632375, -0.09486545,
        0.22597603,  0.1355883 , -0.10377061,  0.301049  ,  0.12539297,
       -0.22281573, -0.09146717, -0.36761362,  0.20908263]) 

Generation: 88 
 - Generation Avg Fit: 14.435119446602664 
 - Best Fitness: 58.19691746866319 
 - Worst Fitness: 0.0
 - Best Solution: array([-0.44531631,  0.00826167, -0.47912717, -0.45126226,  0.36208154,
       -0.44610318, -0.27805982,  0.03812425,  0.17870012, -0.25658341,
       -0.38493784, -0.21954394,  0.14543174,  0.11069262,  0.34924381,
        0.36231363, -0.11884492,  0.00692991, -0.0107976 , -0.12244551,
       -0.46051388,  0.28813432,  0.41673704, -0.20920895, -0.17685408,
        0.36030614, -0.38503138, -0.30201223, -0.02772127, -0.26079881,
       -0.27958352,  0.26539293, -0.18772664,  0.14730168,  0.11646947,
       -0.44497262,  0.07271034,  0.12009371,  0.35575352, -0.20896071,
        0.16576247,  0.34150698, -0.43129091, -0.45124765, -0.31441975,
        0.28399458,  0.2329405 ,  0.35151293, -0.24176466, -0.16115884,
       -0.32544179,  0.21879718, -0.0233981 ,  0.47632375, -0.09486545,
        0.22597603,  0.1355883 , -0.10377061,  0.301049  ,  0.12539297,
       -0.22281573, -0.09146717, -0.36761362,  0.20908263]) 

Generation: 89 
 - Generation Avg Fit: 14.151951620991104 
 - Best Fitness: 58.19691746866319 
 - Worst Fitness: 0.0
 - Best Solution: array([-0.44531631,  0.00826167, -0.47912717, -0.45126226,  0.36208154,
       -0.44610318, -0.27805982,  0.03812425,  0.17870012, -0.25658341,
       -0.38493784, -0.21954394,  0.14543174,  0.11069262,  0.34924381,
        0.36231363, -0.11884492,  0.00692991, -0.0107976 , -0.12244551,
       -0.46051388,  0.28813432,  0.41673704, -0.20920895, -0.17685408,
        0.36030614, -0.38503138, -0.30201223, -0.02772127, -0.26079881,
       -0.27958352,  0.26539293, -0.18772664,  0.14730168,  0.11646947,
       -0.44497262,  0.07271034,  0.12009371,  0.35575352, -0.20896071,
        0.16576247,  0.34150698, -0.43129091, -0.45124765, -0.31441975,
        0.28399458,  0.2329405 ,  0.35151293, -0.24176466, -0.16115884,
       -0.32544179,  0.21879718, -0.0233981 ,  0.47632375, -0.09486545,
        0.22597603,  0.1355883 , -0.10377061,  0.301049  ,  0.12539297,
       -0.22281573, -0.09146717, -0.36761362,  0.20908263]) 

Generation: 90 
 - Generation Avg Fit: 14.498960920842805 
 - Best Fitness: 58.19691746866319 
 - Worst Fitness: 0.0
 - Best Solution: array([-0.44531631,  0.00826167, -0.47912717, -0.45126226,  0.36208154,
       -0.44610318, -0.27805982,  0.03812425,  0.17870012, -0.25658341,
       -0.38493784, -0.21954394,  0.14543174,  0.11069262,  0.34924381,
        0.36231363, -0.11884492,  0.00692991, -0.0107976 , -0.12244551,
       -0.46051388,  0.28813432,  0.41673704, -0.20920895, -0.17685408,
        0.36030614, -0.38503138, -0.30201223, -0.02772127, -0.26079881,
       -0.27958352,  0.26539293, -0.18772664,  0.14730168,  0.11646947,
       -0.44497262,  0.07271034,  0.12009371,  0.35575352, -0.20896071,
        0.16576247,  0.34150698, -0.43129091, -0.45124765, -0.31441975,
        0.28399458,  0.2329405 ,  0.35151293, -0.24176466, -0.16115884,
       -0.32544179,  0.21879718, -0.0233981 ,  0.47632375, -0.09486545,
        0.22597603,  0.1355883 , -0.10377061,  0.301049  ,  0.12539297,
       -0.22281573, -0.09146717, -0.36761362,  0.20908263]) 

Generation: 91 
 - Generation Avg Fit: 14.943061479106404 
 - Best Fitness: 58.19691746866319 
 - Worst Fitness: 0.0
 - Best Solution: array([-0.44531631,  0.00826167, -0.47912717, -0.45126226,  0.36208154,
       -0.44610318, -0.27805982,  0.03812425,  0.17870012, -0.25658341,
       -0.38493784, -0.21954394,  0.14543174,  0.11069262,  0.34924381,
        0.36231363, -0.11884492,  0.00692991, -0.0107976 , -0.12244551,
       -0.46051388,  0.28813432,  0.41673704, -0.20920895, -0.17685408,
        0.36030614, -0.38503138, -0.30201223, -0.02772127, -0.26079881,
       -0.27958352,  0.26539293, -0.18772664,  0.14730168,  0.11646947,
       -0.44497262,  0.07271034,  0.12009371,  0.35575352, -0.20896071,
        0.16576247,  0.34150698, -0.43129091, -0.45124765, -0.31441975,
        0.28399458,  0.2329405 ,  0.35151293, -0.24176466, -0.16115884,
       -0.32544179,  0.21879718, -0.0233981 ,  0.47632375, -0.09486545,
        0.22597603,  0.1355883 , -0.10377061,  0.301049  ,  0.12539297,
       -0.22281573, -0.09146717, -0.36761362,  0.20908263]) 

Generation: 92 
 - Generation Avg Fit: 14.156941032577672 
 - Best Fitness: 58.19691746866319 
 - Worst Fitness: 0.0
 - Best Solution: array([-0.44531631,  0.00826167, -0.47912717, -0.45126226,  0.36208154,
       -0.44610318, -0.27805982,  0.03812425,  0.17870012, -0.25658341,
       -0.38493784, -0.21954394,  0.14543174,  0.11069262,  0.34924381,
        0.36231363, -0.11884492,  0.00692991, -0.0107976 , -0.12244551,
       -0.46051388,  0.28813432,  0.41673704, -0.20920895, -0.17685408,
        0.36030614, -0.38503138, -0.30201223, -0.02772127, -0.26079881,
       -0.27958352,  0.26539293, -0.18772664,  0.14730168,  0.11646947,
       -0.44497262,  0.07271034,  0.12009371,  0.35575352, -0.20896071,
        0.16576247,  0.34150698, -0.43129091, -0.45124765, -0.31441975,
        0.28399458,  0.2329405 ,  0.35151293, -0.24176466, -0.16115884,
       -0.32544179,  0.21879718, -0.0233981 ,  0.47632375, -0.09486545,
        0.22597603,  0.1355883 , -0.10377061,  0.301049  ,  0.12539297,
       -0.22281573, -0.09146717, -0.36761362,  0.20908263]) 

Generation: 93 
 - Generation Avg Fit: 14.497841858157177 
 - Best Fitness: 58.19691746866319 
 - Worst Fitness: 0.0
 - Best Solution: array([-0.44531631,  0.00826167, -0.47912717, -0.45126226,  0.36208154,
       -0.44610318, -0.27805982,  0.03812425,  0.17870012, -0.25658341,
       -0.38493784, -0.21954394,  0.14543174,  0.11069262,  0.34924381,
        0.36231363, -0.11884492,  0.00692991, -0.0107976 , -0.12244551,
       -0.46051388,  0.28813432,  0.41673704, -0.20920895, -0.17685408,
        0.36030614, -0.38503138, -0.30201223, -0.02772127, -0.26079881,
       -0.27958352,  0.26539293, -0.18772664,  0.14730168,  0.11646947,
       -0.44497262,  0.07271034,  0.12009371,  0.35575352, -0.20896071,
        0.16576247,  0.34150698, -0.43129091, -0.45124765, -0.31441975,
        0.28399458,  0.2329405 ,  0.35151293, -0.24176466, -0.16115884,
       -0.32544179,  0.21879718, -0.0233981 ,  0.47632375, -0.09486545,
        0.22597603,  0.1355883 , -0.10377061,  0.301049  ,  0.12539297,
       -0.22281573, -0.09146717, -0.36761362,  0.20908263]) 

Generation: 94 
 - Generation Avg Fit: 14.774994773552335 
 - Best Fitness: 58.19691746866319 
 - Worst Fitness: 0.0
 - Best Solution: array([-0.44531631,  0.00826167, -0.47912717, -0.45126226,  0.36208154,
       -0.44610318, -0.27805982,  0.03812425,  0.17870012, -0.25658341,
       -0.38493784, -0.21954394,  0.14543174,  0.11069262,  0.34924381,
        0.36231363, -0.11884492,  0.00692991, -0.0107976 , -0.12244551,
       -0.46051388,  0.28813432,  0.41673704, -0.20920895, -0.17685408,
        0.36030614, -0.38503138, -0.30201223, -0.02772127, -0.26079881,
       -0.27958352,  0.26539293, -0.18772664,  0.14730168,  0.11646947,
       -0.44497262,  0.07271034,  0.12009371,  0.35575352, -0.20896071,
        0.16576247,  0.34150698, -0.43129091, -0.45124765, -0.31441975,
        0.28399458,  0.2329405 ,  0.35151293, -0.24176466, -0.16115884,
       -0.32544179,  0.21879718, -0.0233981 ,  0.47632375, -0.09486545,
        0.22597603,  0.1355883 , -0.10377061,  0.301049  ,  0.12539297,
       -0.22281573, -0.09146717, -0.36761362,  0.20908263]) 

Generation: 95 
 - Generation Avg Fit: 14.584885185676798 
 - Best Fitness: 58.19691746866319 
 - Worst Fitness: 0.0
 - Best Solution: array([-0.44531631,  0.00826167, -0.47912717, -0.45126226,  0.36208154,
       -0.44610318, -0.27805982,  0.03812425,  0.17870012, -0.25658341,
       -0.38493784, -0.21954394,  0.14543174,  0.11069262,  0.34924381,
        0.36231363, -0.11884492,  0.00692991, -0.0107976 , -0.12244551,
       -0.46051388,  0.28813432,  0.41673704, -0.20920895, -0.17685408,
        0.36030614, -0.38503138, -0.30201223, -0.02772127, -0.26079881,
       -0.27958352,  0.26539293, -0.18772664,  0.14730168,  0.11646947,
       -0.44497262,  0.07271034,  0.12009371,  0.35575352, -0.20896071,
        0.16576247,  0.34150698, -0.43129091, -0.45124765, -0.31441975,
        0.28399458,  0.2329405 ,  0.35151293, -0.24176466, -0.16115884,
       -0.32544179,  0.21879718, -0.0233981 ,  0.47632375, -0.09486545,
        0.22597603,  0.1355883 , -0.10377061,  0.301049  ,  0.12539297,
       -0.22281573, -0.09146717, -0.36761362,  0.20908263]) 

Generation: 96 
 - Generation Avg Fit: 14.995988516411884 
 - Best Fitness: 58.19691746866319 
 - Worst Fitness: 0.0
 - Best Solution: array([-0.44531631,  0.00826167, -0.47912717, -0.45126226,  0.36208154,
       -0.44610318, -0.27805982,  0.03812425,  0.17870012, -0.25658341,
       -0.38493784, -0.21954394,  0.14543174,  0.11069262,  0.34924381,
        0.36231363, -0.11884492,  0.00692991, -0.0107976 , -0.12244551,
       -0.46051388,  0.28813432,  0.41673704, -0.20920895, -0.17685408,
        0.36030614, -0.38503138, -0.30201223, -0.02772127, -0.26079881,
       -0.27958352,  0.26539293, -0.18772664,  0.14730168,  0.11646947,
       -0.44497262,  0.07271034,  0.12009371,  0.35575352, -0.20896071,
        0.16576247,  0.34150698, -0.43129091, -0.45124765, -0.31441975,
        0.28399458,  0.2329405 ,  0.35151293, -0.24176466, -0.16115884,
       -0.32544179,  0.21879718, -0.0233981 ,  0.47632375, -0.09486545,
        0.22597603,  0.1355883 , -0.10377061,  0.301049  ,  0.12539297,
       -0.22281573, -0.09146717, -0.36761362,  0.20908263]) 

Generation: 97 
 - Generation Avg Fit: 15.057386571029012 
 - Best Fitness: 58.19691746866319 
 - Worst Fitness: 0.0
 - Best Solution: array([-0.44531631,  0.00826167, -0.47912717, -0.45126226,  0.36208154,
       -0.44610318, -0.27805982,  0.03812425,  0.17870012, -0.25658341,
       -0.38493784, -0.21954394,  0.14543174,  0.11069262,  0.34924381,
        0.36231363, -0.11884492,  0.00692991, -0.0107976 , -0.12244551,
       -0.46051388,  0.28813432,  0.41673704, -0.20920895, -0.17685408,
        0.36030614, -0.38503138, -0.30201223, -0.02772127, -0.26079881,
       -0.27958352,  0.26539293, -0.18772664,  0.14730168,  0.11646947,
       -0.44497262,  0.07271034,  0.12009371,  0.35575352, -0.20896071,
        0.16576247,  0.34150698, -0.43129091, -0.45124765, -0.31441975,
        0.28399458,  0.2329405 ,  0.35151293, -0.24176466, -0.16115884,
       -0.32544179,  0.21879718, -0.0233981 ,  0.47632375, -0.09486545,
        0.22597603,  0.1355883 , -0.10377061,  0.301049  ,  0.12539297,
       -0.22281573, -0.09146717, -0.36761362,  0.20908263]) 

Generation: 98 
 - Generation Avg Fit: 14.539958759371467 
 - Best Fitness: 58.19691746866319 
 - Worst Fitness: 0.0
 - Best Solution: array([-0.44531631,  0.00826167, -0.47912717, -0.45126226,  0.36208154,
       -0.44610318, -0.27805982,  0.03812425,  0.17870012, -0.25658341,
       -0.38493784, -0.21954394,  0.14543174,  0.11069262,  0.34924381,
        0.36231363, -0.11884492,  0.00692991, -0.0107976 , -0.12244551,
       -0.46051388,  0.28813432,  0.41673704, -0.20920895, -0.17685408,
        0.36030614, -0.38503138, -0.30201223, -0.02772127, -0.26079881,
       -0.27958352,  0.26539293, -0.18772664,  0.14730168,  0.11646947,
       -0.44497262,  0.07271034,  0.12009371,  0.35575352, -0.20896071,
        0.16576247,  0.34150698, -0.43129091, -0.45124765, -0.31441975,
        0.28399458,  0.2329405 ,  0.35151293, -0.24176466, -0.16115884,
       -0.32544179,  0.21879718, -0.0233981 ,  0.47632375, -0.09486545,
        0.22597603,  0.1355883 , -0.10377061,  0.301049  ,  0.12539297,
       -0.22281573, -0.09146717, -0.36761362,  0.20908263]) 

Generation: 99 
 - Generation Avg Fit: 14.99648597029001 
 - Best Fitness: 58.19691746866319 
 - Worst Fitness: 0.0
 - Best Solution: array([-0.44531631,  0.00826167, -0.47912717, -0.45126226,  0.36208154,
       -0.44610318, -0.27805982,  0.03812425,  0.17870012, -0.25658341,
       -0.38493784, -0.21954394,  0.14543174,  0.11069262,  0.34924381,
        0.36231363, -0.11884492,  0.00692991, -0.0107976 , -0.12244551,
       -0.46051388,  0.28813432,  0.41673704, -0.20920895, -0.17685408,
        0.36030614, -0.38503138, -0.30201223, -0.02772127, -0.26079881,
       -0.27958352,  0.26539293, -0.18772664,  0.14730168,  0.11646947,
       -0.44497262,  0.07271034,  0.12009371,  0.35575352, -0.20896071,
        0.16576247,  0.34150698, -0.43129091, -0.45124765, -0.31441975,
        0.28399458,  0.2329405 ,  0.35151293, -0.24176466, -0.16115884,
       -0.32544179,  0.21879718, -0.0233981 ,  0.47632375, -0.09486545,
        0.22597603,  0.1355883 , -0.10377061,  0.301049  ,  0.12539297,
       -0.22281573, -0.09146717, -0.36761362,  0.20908263]) 

Generation: 100 
 - Generation Avg Fit: 14.924154289118382 
 - Best Fitness: 58.19691746866319 
 - Worst Fitness: 0.0
 - Best Solution: array([-0.44531631,  0.00826167, -0.47912717, -0.45126226,  0.36208154,
       -0.44610318, -0.27805982,  0.03812425,  0.17870012, -0.25658341,
       -0.38493784, -0.21954394,  0.14543174,  0.11069262,  0.34924381,
        0.36231363, -0.11884492,  0.00692991, -0.0107976 , -0.12244551,
       -0.46051388,  0.28813432,  0.41673704, -0.20920895, -0.17685408,
        0.36030614, -0.38503138, -0.30201223, -0.02772127, -0.26079881,
       -0.27958352,  0.26539293, -0.18772664,  0.14730168,  0.11646947,
       -0.44497262,  0.07271034,  0.12009371,  0.35575352, -0.20896071,
        0.16576247,  0.34150698, -0.43129091, -0.45124765, -0.31441975,
        0.28399458,  0.2329405 ,  0.35151293, -0.24176466, -0.16115884,
       -0.32544179,  0.21879718, -0.0233981 ,  0.47632375, -0.09486545,
        0.22597603,  0.1355883 , -0.10377061,  0.301049  ,  0.12539297,
       -0.22281573, -0.09146717, -0.36761362,  0.20908263]) 
