
-------------------------------------------------------------------------------------------------------
                                --- Method Parameters ---                                            
-------------------------------------------------------------------------------------------------------

method: PyGAD, entity: hydrostat_reservoir, volume: 0.01, sim_duration: 100, dt: 0.05, 
fitness_func: pygad_fitness, pop_size: 200, gen_size: 100, weight_search: 0.5, 

-------------------------------------------------------------------------------------------------------
                                --- Pygad  Parameters ---                                            
-------------------------------------------------------------------------------------------------------

parent_selection_type: rank, parents mating: 100, keep parents: 100, crossover type: uniform, 
mutation type: random, mutation prob: 0.5, mutation_max_val: 0.01, mutation_min_val: -0.01, 

=======================================================================================================


Generation: 1 
 - Generation Avg Fit: 2.261844030016285 
 - Best Fitness: 24.66229333913902 
 - Worst Fitness: 0.0
 - Best Solution: array([-0.25602731, -0.15229386, -0.34982154, -0.39787031,  0.1025579 ,
        0.4125565 , -0.14294025,  0.32151605, -0.15179054, -0.17642252,
       -0.11539292, -0.39941763, -0.3234897 ,  0.40829246, -0.1424159 ,
       -0.44308444, -0.39391503, -0.266665  , -0.09037387, -0.2043794 ,
       -0.25352794,  0.08433083,  0.22579694, -0.22518917, -0.39742463,
       -0.20816305,  0.30754655, -0.35447698,  0.26608937, -0.48168552,
        0.21760424,  0.16582975,  0.1456772 ,  0.24345869,  0.41768451,
       -0.21422523, -0.13862754,  0.2813879 ,  0.35649948,  0.27598597,
       -0.35524106, -0.05956274, -0.35846231,  0.38072428, -0.46955379,
        0.34561177, -0.26119226,  0.25747594,  0.13529837,  0.16023798,
       -0.49607303, -0.07907975, -0.07660612,  0.24326624,  0.28412332,
        0.06839723,  0.15942833,  0.391912  ,  0.32399043,  0.16753626,
       -0.44057072,  0.17006118, -0.02997153,  0.19723841]) 

Generation: 2 
 - Generation Avg Fit: 3.00860451153553 
 - Best Fitness: 32.370344663673116 
 - Worst Fitness: 0.0
 - Best Solution: array([ 0.09165708,  0.23055681, -0.35616269,  0.32557026, -0.01755512,
       -0.41564566, -0.37631519, -0.01867079,  0.28999049, -0.14802928,
        0.43021241, -0.36625824,  0.04984177, -0.37592613,  0.08717638,
       -0.44893257,  0.18018339, -0.17165809, -0.03592317, -0.02038843,
       -0.15938814,  0.12540363, -0.38852929, -0.48174883, -0.35915668,
        0.08235734, -0.07005794,  0.17796343, -0.22338357, -0.02090897,
       -0.45556416, -0.24776317, -0.06991457, -0.11501629,  0.48666414,
       -0.2003956 , -0.23730568,  0.34018065,  0.33522283,  0.48807328,
        0.15159706,  0.25231061, -0.13805715, -0.01617119,  0.1549596 ,
       -0.45717933, -0.33463489, -0.20162556, -0.48144866, -0.32294393,
        0.09046288, -0.19314252, -0.15611024, -0.05782923, -0.28014401,
       -0.27596864, -0.28458741, -0.3584571 , -0.19866642, -0.01526525,
        0.19816539,  0.138027  ,  0.28385818,  0.2661989 ]) 

Generation: 3 
 - Generation Avg Fit: 3.50192412384193 
 - Best Fitness: 32.370344663673116 
 - Worst Fitness: 0.0
 - Best Solution: array([-0.25602731, -0.15229386, -0.34982154, -0.39787031,  0.1025579 ,
        0.4125565 , -0.14294025,  0.32151605, -0.15179054, -0.17642252,
       -0.11539292, -0.39941763, -0.3234897 ,  0.40829246, -0.1424159 ,
       -0.44308444, -0.39391503, -0.266665  , -0.09037387, -0.2043794 ,
       -0.25352794,  0.08433083,  0.22579694, -0.22518917, -0.39742463,
       -0.20816305,  0.30754655, -0.35447698,  0.26608937, -0.48168552,
        0.21760424,  0.16582975,  0.1456772 ,  0.24345869,  0.41768451,
       -0.21422523, -0.13862754,  0.2813879 ,  0.35649948,  0.27598597,
       -0.35524106, -0.05956274, -0.35846231,  0.38072428, -0.46955379,
        0.34561177, -0.26119226,  0.25747594,  0.13529837,  0.16023798,
       -0.49607303, -0.07907975, -0.07660612,  0.24326624,  0.28412332,
        0.06839723,  0.15942833,  0.391912  ,  0.32399043,  0.16753626,
       -0.44057072,  0.17006118, -0.02997153,  0.19723841]) 

Generation: 4 
 - Generation Avg Fit: 3.8291613361049923 
 - Best Fitness: 32.370344663673116 
 - Worst Fitness: 0.0
 - Best Solution: array([ 0.09165708,  0.23055681, -0.35616269,  0.32557026, -0.01755512,
       -0.41564566, -0.37631519, -0.01867079,  0.28999049, -0.14802928,
        0.43021241, -0.36625824,  0.04984177, -0.37592613,  0.08717638,
       -0.44893257,  0.18018339, -0.17165809, -0.03592317, -0.02038843,
       -0.15938814,  0.12540363, -0.38852929, -0.48174883, -0.35915668,
        0.08235734, -0.07005794,  0.17796343, -0.22338357, -0.02090897,
       -0.45556416, -0.24776317, -0.06991457, -0.11501629,  0.48666414,
       -0.2003956 , -0.23730568,  0.34018065,  0.33522283,  0.48807328,
        0.15159706,  0.25231061, -0.13805715, -0.01617119,  0.1549596 ,
       -0.45717933, -0.33463489, -0.20162556, -0.48144866, -0.32294393,
        0.09046288, -0.19314252, -0.15611024, -0.05782923, -0.28014401,
       -0.27596864, -0.28458741, -0.3584571 , -0.19866642, -0.01526525,
        0.19816539,  0.138027  ,  0.28385818,  0.2661989 ]) 

Generation: 5 
 - Generation Avg Fit: 3.5973019965667903 
 - Best Fitness: 32.370344663673116 
 - Worst Fitness: 0.0
 - Best Solution: array([ 0.09165708,  0.23055681, -0.35616269,  0.32557026, -0.01755512,
       -0.41564566, -0.37631519, -0.01867079,  0.28999049, -0.14802928,
        0.43021241, -0.36625824,  0.04984177, -0.37592613,  0.08717638,
       -0.44893257,  0.18018339, -0.17165809, -0.03592317, -0.02038843,
       -0.15938814,  0.12540363, -0.38852929, -0.48174883, -0.35915668,
        0.08235734, -0.07005794,  0.17796343, -0.22338357, -0.02090897,
       -0.45556416, -0.24776317, -0.06991457, -0.11501629,  0.48666414,
       -0.2003956 , -0.23730568,  0.34018065,  0.33522283,  0.48807328,
        0.15159706,  0.25231061, -0.13805715, -0.01617119,  0.1549596 ,
       -0.45717933, -0.33463489, -0.20162556, -0.48144866, -0.32294393,
        0.09046288, -0.19314252, -0.15611024, -0.05782923, -0.28014401,
       -0.27596864, -0.28458741, -0.3584571 , -0.19866642, -0.01526525,
        0.19816539,  0.138027  ,  0.28385818,  0.2661989 ]) 

Generation: 6 
 - Generation Avg Fit: 3.743488798466899 
 - Best Fitness: 32.370344663673116 
 - Worst Fitness: 0.0
 - Best Solution: array([ 0.09165708,  0.23055681, -0.35616269,  0.32557026, -0.01755512,
       -0.41564566, -0.37631519, -0.01867079,  0.28999049, -0.14802928,
        0.43021241, -0.36625824,  0.04984177, -0.37592613,  0.08717638,
       -0.44893257,  0.18018339, -0.17165809, -0.03592317, -0.02038843,
       -0.15938814,  0.12540363, -0.38852929, -0.48174883, -0.35915668,
        0.08235734, -0.07005794,  0.17796343, -0.22338357, -0.02090897,
       -0.45556416, -0.24776317, -0.06991457, -0.11501629,  0.48666414,
       -0.2003956 , -0.23730568,  0.34018065,  0.33522283,  0.48807328,
        0.15159706,  0.25231061, -0.13805715, -0.01617119,  0.1549596 ,
       -0.45717933, -0.33463489, -0.20162556, -0.48144866, -0.32294393,
        0.09046288, -0.19314252, -0.15611024, -0.05782923, -0.28014401,
       -0.27596864, -0.28458741, -0.3584571 , -0.19866642, -0.01526525,
        0.19816539,  0.138027  ,  0.28385818,  0.2661989 ]) 

Generation: 7 
 - Generation Avg Fit: 3.840850601749653 
 - Best Fitness: 32.370344663673116 
 - Worst Fitness: 0.0
 - Best Solution: array([ 0.09165708,  0.23055681, -0.35616269,  0.32557026, -0.01755512,
       -0.41564566, -0.37631519, -0.01867079,  0.28999049, -0.14802928,
        0.43021241, -0.36625824,  0.04984177, -0.37592613,  0.08717638,
       -0.44893257,  0.18018339, -0.17165809, -0.03592317, -0.02038843,
       -0.15938814,  0.12540363, -0.38852929, -0.48174883, -0.35915668,
        0.08235734, -0.07005794,  0.17796343, -0.22338357, -0.02090897,
       -0.45556416, -0.24776317, -0.06991457, -0.11501629,  0.48666414,
       -0.2003956 , -0.23730568,  0.34018065,  0.33522283,  0.48807328,
        0.15159706,  0.25231061, -0.13805715, -0.01617119,  0.1549596 ,
       -0.45717933, -0.33463489, -0.20162556, -0.48144866, -0.32294393,
        0.09046288, -0.19314252, -0.15611024, -0.05782923, -0.28014401,
       -0.27596864, -0.28458741, -0.3584571 , -0.19866642, -0.01526525,
        0.19816539,  0.138027  ,  0.28385818,  0.2661989 ]) 

Generation: 8 
 - Generation Avg Fit: 3.779548252973926 
 - Best Fitness: 32.370344663673116 
 - Worst Fitness: 0.0
 - Best Solution: array([ 0.09165708,  0.23055681, -0.35616269,  0.32557026, -0.01755512,
       -0.41564566, -0.37631519, -0.01867079,  0.28999049, -0.14802928,
        0.43021241, -0.36625824,  0.04984177, -0.37592613,  0.08717638,
       -0.44893257,  0.18018339, -0.17165809, -0.03592317, -0.02038843,
       -0.15938814,  0.12540363, -0.38852929, -0.48174883, -0.35915668,
        0.08235734, -0.07005794,  0.17796343, -0.22338357, -0.02090897,
       -0.45556416, -0.24776317, -0.06991457, -0.11501629,  0.48666414,
       -0.2003956 , -0.23730568,  0.34018065,  0.33522283,  0.48807328,
        0.15159706,  0.25231061, -0.13805715, -0.01617119,  0.1549596 ,
       -0.45717933, -0.33463489, -0.20162556, -0.48144866, -0.32294393,
        0.09046288, -0.19314252, -0.15611024, -0.05782923, -0.28014401,
       -0.27596864, -0.28458741, -0.3584571 , -0.19866642, -0.01526525,
        0.19816539,  0.138027  ,  0.28385818,  0.2661989 ]) 

Generation: 9 
 - Generation Avg Fit: 3.9166949984562405 
 - Best Fitness: 32.370344663673116 
 - Worst Fitness: 0.0
 - Best Solution: array([ 0.09165708,  0.23055681, -0.35616269,  0.32557026, -0.01755512,
       -0.41564566, -0.37631519, -0.01867079,  0.28999049, -0.14802928,
        0.43021241, -0.36625824,  0.04984177, -0.37592613,  0.08717638,
       -0.44893257,  0.18018339, -0.17165809, -0.03592317, -0.02038843,
       -0.15938814,  0.12540363, -0.38852929, -0.48174883, -0.35915668,
        0.08235734, -0.07005794,  0.17796343, -0.22338357, -0.02090897,
       -0.45556416, -0.24776317, -0.06991457, -0.11501629,  0.48666414,
       -0.2003956 , -0.23730568,  0.34018065,  0.33522283,  0.48807328,
        0.15159706,  0.25231061, -0.13805715, -0.01617119,  0.1549596 ,
       -0.45717933, -0.33463489, -0.20162556, -0.48144866, -0.32294393,
        0.09046288, -0.19314252, -0.15611024, -0.05782923, -0.28014401,
       -0.27596864, -0.28458741, -0.3584571 , -0.19866642, -0.01526525,
        0.19816539,  0.138027  ,  0.28385818,  0.2661989 ]) 

Generation: 10 
 - Generation Avg Fit: 3.9436847121091465 
 - Best Fitness: 32.370344663673116 
 - Worst Fitness: 0.0
 - Best Solution: array([ 0.09165708,  0.23055681, -0.35616269,  0.32557026, -0.01755512,
       -0.41564566, -0.37631519, -0.01867079,  0.28999049, -0.14802928,
        0.43021241, -0.36625824,  0.04984177, -0.37592613,  0.08717638,
       -0.44893257,  0.18018339, -0.17165809, -0.03592317, -0.02038843,
       -0.15938814,  0.12540363, -0.38852929, -0.48174883, -0.35915668,
        0.08235734, -0.07005794,  0.17796343, -0.22338357, -0.02090897,
       -0.45556416, -0.24776317, -0.06991457, -0.11501629,  0.48666414,
       -0.2003956 , -0.23730568,  0.34018065,  0.33522283,  0.48807328,
        0.15159706,  0.25231061, -0.13805715, -0.01617119,  0.1549596 ,
       -0.45717933, -0.33463489, -0.20162556, -0.48144866, -0.32294393,
        0.09046288, -0.19314252, -0.15611024, -0.05782923, -0.28014401,
       -0.27596864, -0.28458741, -0.3584571 , -0.19866642, -0.01526525,
        0.19816539,  0.138027  ,  0.28385818,  0.2661989 ]) 

Generation: 11 
 - Generation Avg Fit: 3.925715268423115 
 - Best Fitness: 32.370344663673116 
 - Worst Fitness: 0.0
 - Best Solution: array([ 0.09165708,  0.23055681, -0.35616269,  0.32557026, -0.01755512,
       -0.41564566, -0.37631519, -0.01867079,  0.28999049, -0.14802928,
        0.43021241, -0.36625824,  0.04984177, -0.37592613,  0.08717638,
       -0.44893257,  0.18018339, -0.17165809, -0.03592317, -0.02038843,
       -0.15938814,  0.12540363, -0.38852929, -0.48174883, -0.35915668,
        0.08235734, -0.07005794,  0.17796343, -0.22338357, -0.02090897,
       -0.45556416, -0.24776317, -0.06991457, -0.11501629,  0.48666414,
       -0.2003956 , -0.23730568,  0.34018065,  0.33522283,  0.48807328,
        0.15159706,  0.25231061, -0.13805715, -0.01617119,  0.1549596 ,
       -0.45717933, -0.33463489, -0.20162556, -0.48144866, -0.32294393,
        0.09046288, -0.19314252, -0.15611024, -0.05782923, -0.28014401,
       -0.27596864, -0.28458741, -0.3584571 , -0.19866642, -0.01526525,
        0.19816539,  0.138027  ,  0.28385818,  0.2661989 ]) 

Generation: 12 
 - Generation Avg Fit: 3.891016841878137 
 - Best Fitness: 32.370344663673116 
 - Worst Fitness: 0.0
 - Best Solution: array([ 0.09165708,  0.23055681, -0.35616269,  0.32557026, -0.01755512,
       -0.41564566, -0.37631519, -0.01867079,  0.28999049, -0.14802928,
        0.43021241, -0.36625824,  0.04984177, -0.37592613,  0.08717638,
       -0.44893257,  0.18018339, -0.17165809, -0.03592317, -0.02038843,
       -0.15938814,  0.12540363, -0.38852929, -0.48174883, -0.35915668,
        0.08235734, -0.07005794,  0.17796343, -0.22338357, -0.02090897,
       -0.45556416, -0.24776317, -0.06991457, -0.11501629,  0.48666414,
       -0.2003956 , -0.23730568,  0.34018065,  0.33522283,  0.48807328,
        0.15159706,  0.25231061, -0.13805715, -0.01617119,  0.1549596 ,
       -0.45717933, -0.33463489, -0.20162556, -0.48144866, -0.32294393,
        0.09046288, -0.19314252, -0.15611024, -0.05782923, -0.28014401,
       -0.27596864, -0.28458741, -0.3584571 , -0.19866642, -0.01526525,
        0.19816539,  0.138027  ,  0.28385818,  0.2661989 ]) 

Generation: 13 
 - Generation Avg Fit: 3.931732533709939 
 - Best Fitness: 32.370344663673116 
 - Worst Fitness: 0.0
 - Best Solution: array([ 0.09165708,  0.23055681, -0.35616269,  0.32557026, -0.01755512,
       -0.41564566, -0.37631519, -0.01867079,  0.28999049, -0.14802928,
        0.43021241, -0.36625824,  0.04984177, -0.37592613,  0.08717638,
       -0.44893257,  0.18018339, -0.17165809, -0.03592317, -0.02038843,
       -0.15938814,  0.12540363, -0.38852929, -0.48174883, -0.35915668,
        0.08235734, -0.07005794,  0.17796343, -0.22338357, -0.02090897,
       -0.45556416, -0.24776317, -0.06991457, -0.11501629,  0.48666414,
       -0.2003956 , -0.23730568,  0.34018065,  0.33522283,  0.48807328,
        0.15159706,  0.25231061, -0.13805715, -0.01617119,  0.1549596 ,
       -0.45717933, -0.33463489, -0.20162556, -0.48144866, -0.32294393,
        0.09046288, -0.19314252, -0.15611024, -0.05782923, -0.28014401,
       -0.27596864, -0.28458741, -0.3584571 , -0.19866642, -0.01526525,
        0.19816539,  0.138027  ,  0.28385818,  0.2661989 ]) 

Generation: 14 
 - Generation Avg Fit: 3.9476821335072607 
 - Best Fitness: 32.370344663673116 
 - Worst Fitness: 0.0
 - Best Solution: array([ 0.09165708,  0.23055681, -0.35616269,  0.32557026, -0.01755512,
       -0.41564566, -0.37631519, -0.01867079,  0.28999049, -0.14802928,
        0.43021241, -0.36625824,  0.04984177, -0.37592613,  0.08717638,
       -0.44893257,  0.18018339, -0.17165809, -0.03592317, -0.02038843,
       -0.15938814,  0.12540363, -0.38852929, -0.48174883, -0.35915668,
        0.08235734, -0.07005794,  0.17796343, -0.22338357, -0.02090897,
       -0.45556416, -0.24776317, -0.06991457, -0.11501629,  0.48666414,
       -0.2003956 , -0.23730568,  0.34018065,  0.33522283,  0.48807328,
        0.15159706,  0.25231061, -0.13805715, -0.01617119,  0.1549596 ,
       -0.45717933, -0.33463489, -0.20162556, -0.48144866, -0.32294393,
        0.09046288, -0.19314252, -0.15611024, -0.05782923, -0.28014401,
       -0.27596864, -0.28458741, -0.3584571 , -0.19866642, -0.01526525,
        0.19816539,  0.138027  ,  0.28385818,  0.2661989 ]) 

Generation: 15 
 - Generation Avg Fit: 3.923281041517305 
 - Best Fitness: 32.370344663673116 
 - Worst Fitness: 0.0
 - Best Solution: array([ 0.09165708,  0.23055681, -0.35616269,  0.32557026, -0.01755512,
       -0.41564566, -0.37631519, -0.01867079,  0.28999049, -0.14802928,
        0.43021241, -0.36625824,  0.04984177, -0.37592613,  0.08717638,
       -0.44893257,  0.18018339, -0.17165809, -0.03592317, -0.02038843,
       -0.15938814,  0.12540363, -0.38852929, -0.48174883, -0.35915668,
        0.08235734, -0.07005794,  0.17796343, -0.22338357, -0.02090897,
       -0.45556416, -0.24776317, -0.06991457, -0.11501629,  0.48666414,
       -0.2003956 , -0.23730568,  0.34018065,  0.33522283,  0.48807328,
        0.15159706,  0.25231061, -0.13805715, -0.01617119,  0.1549596 ,
       -0.45717933, -0.33463489, -0.20162556, -0.48144866, -0.32294393,
        0.09046288, -0.19314252, -0.15611024, -0.05782923, -0.28014401,
       -0.27596864, -0.28458741, -0.3584571 , -0.19866642, -0.01526525,
        0.19816539,  0.138027  ,  0.28385818,  0.2661989 ]) 

Generation: 16 
 - Generation Avg Fit: 4.002290818528513 
 - Best Fitness: 32.370344663673116 
 - Worst Fitness: 0.0
 - Best Solution: array([ 0.09165708,  0.23055681, -0.35616269,  0.32557026, -0.01755512,
       -0.41564566, -0.37631519, -0.01867079,  0.28999049, -0.14802928,
        0.43021241, -0.36625824,  0.04984177, -0.37592613,  0.08717638,
       -0.44893257,  0.18018339, -0.17165809, -0.03592317, -0.02038843,
       -0.15938814,  0.12540363, -0.38852929, -0.48174883, -0.35915668,
        0.08235734, -0.07005794,  0.17796343, -0.22338357, -0.02090897,
       -0.45556416, -0.24776317, -0.06991457, -0.11501629,  0.48666414,
       -0.2003956 , -0.23730568,  0.34018065,  0.33522283,  0.48807328,
        0.15159706,  0.25231061, -0.13805715, -0.01617119,  0.1549596 ,
       -0.45717933, -0.33463489, -0.20162556, -0.48144866, -0.32294393,
        0.09046288, -0.19314252, -0.15611024, -0.05782923, -0.28014401,
       -0.27596864, -0.28458741, -0.3584571 , -0.19866642, -0.01526525,
        0.19816539,  0.138027  ,  0.28385818,  0.2661989 ]) 

Generation: 17 
 - Generation Avg Fit: 4.0588199222109 
 - Best Fitness: 32.370344663673116 
 - Worst Fitness: 0.0
 - Best Solution: array([ 0.09165708,  0.23055681, -0.35616269,  0.32557026, -0.01755512,
       -0.41564566, -0.37631519, -0.01867079,  0.28999049, -0.14802928,
        0.43021241, -0.36625824,  0.04984177, -0.37592613,  0.08717638,
       -0.44893257,  0.18018339, -0.17165809, -0.03592317, -0.02038843,
       -0.15938814,  0.12540363, -0.38852929, -0.48174883, -0.35915668,
        0.08235734, -0.07005794,  0.17796343, -0.22338357, -0.02090897,
       -0.45556416, -0.24776317, -0.06991457, -0.11501629,  0.48666414,
       -0.2003956 , -0.23730568,  0.34018065,  0.33522283,  0.48807328,
        0.15159706,  0.25231061, -0.13805715, -0.01617119,  0.1549596 ,
       -0.45717933, -0.33463489, -0.20162556, -0.48144866, -0.32294393,
        0.09046288, -0.19314252, -0.15611024, -0.05782923, -0.28014401,
       -0.27596864, -0.28458741, -0.3584571 , -0.19866642, -0.01526525,
        0.19816539,  0.138027  ,  0.28385818,  0.2661989 ]) 

Generation: 18 
 - Generation Avg Fit: 4.022401501372073 
 - Best Fitness: 32.370344663673116 
 - Worst Fitness: 0.0
 - Best Solution: array([ 0.09165708,  0.23055681, -0.35616269,  0.32557026, -0.01755512,
       -0.41564566, -0.37631519, -0.01867079,  0.28999049, -0.14802928,
        0.43021241, -0.36625824,  0.04984177, -0.37592613,  0.08717638,
       -0.44893257,  0.18018339, -0.17165809, -0.03592317, -0.02038843,
       -0.15938814,  0.12540363, -0.38852929, -0.48174883, -0.35915668,
        0.08235734, -0.07005794,  0.17796343, -0.22338357, -0.02090897,
       -0.45556416, -0.24776317, -0.06991457, -0.11501629,  0.48666414,
       -0.2003956 , -0.23730568,  0.34018065,  0.33522283,  0.48807328,
        0.15159706,  0.25231061, -0.13805715, -0.01617119,  0.1549596 ,
       -0.45717933, -0.33463489, -0.20162556, -0.48144866, -0.32294393,
        0.09046288, -0.19314252, -0.15611024, -0.05782923, -0.28014401,
       -0.27596864, -0.28458741, -0.3584571 , -0.19866642, -0.01526525,
        0.19816539,  0.138027  ,  0.28385818,  0.2661989 ]) 

Generation: 19 
 - Generation Avg Fit: 4.130657919942287 
 - Best Fitness: 32.370344663673116 
 - Worst Fitness: 0.0
 - Best Solution: array([ 0.09165708,  0.23055681, -0.35616269,  0.32557026, -0.01755512,
       -0.41564566, -0.37631519, -0.01867079,  0.28999049, -0.14802928,
        0.43021241, -0.36625824,  0.04984177, -0.37592613,  0.08717638,
       -0.44893257,  0.18018339, -0.17165809, -0.03592317, -0.02038843,
       -0.15938814,  0.12540363, -0.38852929, -0.48174883, -0.35915668,
        0.08235734, -0.07005794,  0.17796343, -0.22338357, -0.02090897,
       -0.45556416, -0.24776317, -0.06991457, -0.11501629,  0.48666414,
       -0.2003956 , -0.23730568,  0.34018065,  0.33522283,  0.48807328,
        0.15159706,  0.25231061, -0.13805715, -0.01617119,  0.1549596 ,
       -0.45717933, -0.33463489, -0.20162556, -0.48144866, -0.32294393,
        0.09046288, -0.19314252, -0.15611024, -0.05782923, -0.28014401,
       -0.27596864, -0.28458741, -0.3584571 , -0.19866642, -0.01526525,
        0.19816539,  0.138027  ,  0.28385818,  0.2661989 ]) 

Generation: 20 
 - Generation Avg Fit: 4.224617310126144 
 - Best Fitness: 32.370344663673116 
 - Worst Fitness: 0.0
 - Best Solution: array([ 0.09165708,  0.23055681, -0.35616269,  0.32557026, -0.01755512,
       -0.41564566, -0.37631519, -0.01867079,  0.28999049, -0.14802928,
        0.43021241, -0.36625824,  0.04984177, -0.37592613,  0.08717638,
       -0.44893257,  0.18018339, -0.17165809, -0.03592317, -0.02038843,
       -0.15938814,  0.12540363, -0.38852929, -0.48174883, -0.35915668,
        0.08235734, -0.07005794,  0.17796343, -0.22338357, -0.02090897,
       -0.45556416, -0.24776317, -0.06991457, -0.11501629,  0.48666414,
       -0.2003956 , -0.23730568,  0.34018065,  0.33522283,  0.48807328,
        0.15159706,  0.25231061, -0.13805715, -0.01617119,  0.1549596 ,
       -0.45717933, -0.33463489, -0.20162556, -0.48144866, -0.32294393,
        0.09046288, -0.19314252, -0.15611024, -0.05782923, -0.28014401,
       -0.27596864, -0.28458741, -0.3584571 , -0.19866642, -0.01526525,
        0.19816539,  0.138027  ,  0.28385818,  0.2661989 ]) 

Generation: 21 
 - Generation Avg Fit: 4.266795797244801 
 - Best Fitness: 32.370344663673116 
 - Worst Fitness: 0.0
 - Best Solution: array([ 0.09165708,  0.23055681, -0.35616269,  0.32557026, -0.01755512,
       -0.41564566, -0.37631519, -0.01867079,  0.28999049, -0.14802928,
        0.43021241, -0.36625824,  0.04984177, -0.37592613,  0.08717638,
       -0.44893257,  0.18018339, -0.17165809, -0.03592317, -0.02038843,
       -0.15938814,  0.12540363, -0.38852929, -0.48174883, -0.35915668,
        0.08235734, -0.07005794,  0.17796343, -0.22338357, -0.02090897,
       -0.45556416, -0.24776317, -0.06991457, -0.11501629,  0.48666414,
       -0.2003956 , -0.23730568,  0.34018065,  0.33522283,  0.48807328,
        0.15159706,  0.25231061, -0.13805715, -0.01617119,  0.1549596 ,
       -0.45717933, -0.33463489, -0.20162556, -0.48144866, -0.32294393,
        0.09046288, -0.19314252, -0.15611024, -0.05782923, -0.28014401,
       -0.27596864, -0.28458741, -0.3584571 , -0.19866642, -0.01526525,
        0.19816539,  0.138027  ,  0.28385818,  0.2661989 ]) 

Generation: 22 
 - Generation Avg Fit: 4.402811823030491 
 - Best Fitness: 32.370344663673116 
 - Worst Fitness: 0.0
 - Best Solution: array([ 0.09165708,  0.23055681, -0.35616269,  0.32557026, -0.01755512,
       -0.41564566, -0.37631519, -0.01867079,  0.28999049, -0.14802928,
        0.43021241, -0.36625824,  0.04984177, -0.37592613,  0.08717638,
       -0.44893257,  0.18018339, -0.17165809, -0.03592317, -0.02038843,
       -0.15938814,  0.12540363, -0.38852929, -0.48174883, -0.35915668,
        0.08235734, -0.07005794,  0.17796343, -0.22338357, -0.02090897,
       -0.45556416, -0.24776317, -0.06991457, -0.11501629,  0.48666414,
       -0.2003956 , -0.23730568,  0.34018065,  0.33522283,  0.48807328,
        0.15159706,  0.25231061, -0.13805715, -0.01617119,  0.1549596 ,
       -0.45717933, -0.33463489, -0.20162556, -0.48144866, -0.32294393,
        0.09046288, -0.19314252, -0.15611024, -0.05782923, -0.28014401,
       -0.27596864, -0.28458741, -0.3584571 , -0.19866642, -0.01526525,
        0.19816539,  0.138027  ,  0.28385818,  0.2661989 ]) 

Generation: 23 
 - Generation Avg Fit: 4.365692449552254 
 - Best Fitness: 32.370344663673116 
 - Worst Fitness: 0.0
 - Best Solution: array([ 0.09165708,  0.23055681, -0.35616269,  0.32557026, -0.01755512,
       -0.41564566, -0.37631519, -0.01867079,  0.28999049, -0.14802928,
        0.43021241, -0.36625824,  0.04984177, -0.37592613,  0.08717638,
       -0.44893257,  0.18018339, -0.17165809, -0.03592317, -0.02038843,
       -0.15938814,  0.12540363, -0.38852929, -0.48174883, -0.35915668,
        0.08235734, -0.07005794,  0.17796343, -0.22338357, -0.02090897,
       -0.45556416, -0.24776317, -0.06991457, -0.11501629,  0.48666414,
       -0.2003956 , -0.23730568,  0.34018065,  0.33522283,  0.48807328,
        0.15159706,  0.25231061, -0.13805715, -0.01617119,  0.1549596 ,
       -0.45717933, -0.33463489, -0.20162556, -0.48144866, -0.32294393,
        0.09046288, -0.19314252, -0.15611024, -0.05782923, -0.28014401,
       -0.27596864, -0.28458741, -0.3584571 , -0.19866642, -0.01526525,
        0.19816539,  0.138027  ,  0.28385818,  0.2661989 ]) 

Generation: 24 
 - Generation Avg Fit: 4.500771324826456 
 - Best Fitness: 32.370344663673116 
 - Worst Fitness: 0.0
 - Best Solution: array([ 0.09165708,  0.23055681, -0.35616269,  0.32557026, -0.01755512,
       -0.41564566, -0.37631519, -0.01867079,  0.28999049, -0.14802928,
        0.43021241, -0.36625824,  0.04984177, -0.37592613,  0.08717638,
       -0.44893257,  0.18018339, -0.17165809, -0.03592317, -0.02038843,
       -0.15938814,  0.12540363, -0.38852929, -0.48174883, -0.35915668,
        0.08235734, -0.07005794,  0.17796343, -0.22338357, -0.02090897,
       -0.45556416, -0.24776317, -0.06991457, -0.11501629,  0.48666414,
       -0.2003956 , -0.23730568,  0.34018065,  0.33522283,  0.48807328,
        0.15159706,  0.25231061, -0.13805715, -0.01617119,  0.1549596 ,
       -0.45717933, -0.33463489, -0.20162556, -0.48144866, -0.32294393,
        0.09046288, -0.19314252, -0.15611024, -0.05782923, -0.28014401,
       -0.27596864, -0.28458741, -0.3584571 , -0.19866642, -0.01526525,
        0.19816539,  0.138027  ,  0.28385818,  0.2661989 ]) 

Generation: 25 
 - Generation Avg Fit: 4.506692661438293 
 - Best Fitness: 32.370344663673116 
 - Worst Fitness: 0.0
 - Best Solution: array([ 0.09165708,  0.23055681, -0.35616269,  0.32557026, -0.01755512,
       -0.41564566, -0.37631519, -0.01867079,  0.28999049, -0.14802928,
        0.43021241, -0.36625824,  0.04984177, -0.37592613,  0.08717638,
       -0.44893257,  0.18018339, -0.17165809, -0.03592317, -0.02038843,
       -0.15938814,  0.12540363, -0.38852929, -0.48174883, -0.35915668,
        0.08235734, -0.07005794,  0.17796343, -0.22338357, -0.02090897,
       -0.45556416, -0.24776317, -0.06991457, -0.11501629,  0.48666414,
       -0.2003956 , -0.23730568,  0.34018065,  0.33522283,  0.48807328,
        0.15159706,  0.25231061, -0.13805715, -0.01617119,  0.1549596 ,
       -0.45717933, -0.33463489, -0.20162556, -0.48144866, -0.32294393,
        0.09046288, -0.19314252, -0.15611024, -0.05782923, -0.28014401,
       -0.27596864, -0.28458741, -0.3584571 , -0.19866642, -0.01526525,
        0.19816539,  0.138027  ,  0.28385818,  0.2661989 ]) 

Generation: 26 
 - Generation Avg Fit: 4.691573230134939 
 - Best Fitness: 32.370344663673116 
 - Worst Fitness: 0.0
 - Best Solution: array([ 0.09165708,  0.23055681, -0.35616269,  0.32557026, -0.01755512,
       -0.41564566, -0.37631519, -0.01867079,  0.28999049, -0.14802928,
        0.43021241, -0.36625824,  0.04984177, -0.37592613,  0.08717638,
       -0.44893257,  0.18018339, -0.17165809, -0.03592317, -0.02038843,
       -0.15938814,  0.12540363, -0.38852929, -0.48174883, -0.35915668,
        0.08235734, -0.07005794,  0.17796343, -0.22338357, -0.02090897,
       -0.45556416, -0.24776317, -0.06991457, -0.11501629,  0.48666414,
       -0.2003956 , -0.23730568,  0.34018065,  0.33522283,  0.48807328,
        0.15159706,  0.25231061, -0.13805715, -0.01617119,  0.1549596 ,
       -0.45717933, -0.33463489, -0.20162556, -0.48144866, -0.32294393,
        0.09046288, -0.19314252, -0.15611024, -0.05782923, -0.28014401,
       -0.27596864, -0.28458741, -0.3584571 , -0.19866642, -0.01526525,
        0.19816539,  0.138027  ,  0.28385818,  0.2661989 ]) 

Generation: 27 
 - Generation Avg Fit: 4.726507322059542 
 - Best Fitness: 32.370344663673116 
 - Worst Fitness: 0.0
 - Best Solution: array([ 0.09165708,  0.23055681, -0.35616269,  0.32557026, -0.01755512,
       -0.41564566, -0.37631519, -0.01867079,  0.28999049, -0.14802928,
        0.43021241, -0.36625824,  0.04984177, -0.37592613,  0.08717638,
       -0.44893257,  0.18018339, -0.17165809, -0.03592317, -0.02038843,
       -0.15938814,  0.12540363, -0.38852929, -0.48174883, -0.35915668,
        0.08235734, -0.07005794,  0.17796343, -0.22338357, -0.02090897,
       -0.45556416, -0.24776317, -0.06991457, -0.11501629,  0.48666414,
       -0.2003956 , -0.23730568,  0.34018065,  0.33522283,  0.48807328,
        0.15159706,  0.25231061, -0.13805715, -0.01617119,  0.1549596 ,
       -0.45717933, -0.33463489, -0.20162556, -0.48144866, -0.32294393,
        0.09046288, -0.19314252, -0.15611024, -0.05782923, -0.28014401,
       -0.27596864, -0.28458741, -0.3584571 , -0.19866642, -0.01526525,
        0.19816539,  0.138027  ,  0.28385818,  0.2661989 ]) 

Generation: 28 
 - Generation Avg Fit: 4.678326995661802 
 - Best Fitness: 32.370344663673116 
 - Worst Fitness: 0.0
 - Best Solution: array([ 0.09165708,  0.23055681, -0.35616269,  0.32557026, -0.01755512,
       -0.41564566, -0.37631519, -0.01867079,  0.28999049, -0.14802928,
        0.43021241, -0.36625824,  0.04984177, -0.37592613,  0.08717638,
       -0.44893257,  0.18018339, -0.17165809, -0.03592317, -0.02038843,
       -0.15938814,  0.12540363, -0.38852929, -0.48174883, -0.35915668,
        0.08235734, -0.07005794,  0.17796343, -0.22338357, -0.02090897,
       -0.45556416, -0.24776317, -0.06991457, -0.11501629,  0.48666414,
       -0.2003956 , -0.23730568,  0.34018065,  0.33522283,  0.48807328,
        0.15159706,  0.25231061, -0.13805715, -0.01617119,  0.1549596 ,
       -0.45717933, -0.33463489, -0.20162556, -0.48144866, -0.32294393,
        0.09046288, -0.19314252, -0.15611024, -0.05782923, -0.28014401,
       -0.27596864, -0.28458741, -0.3584571 , -0.19866642, -0.01526525,
        0.19816539,  0.138027  ,  0.28385818,  0.2661989 ]) 

Generation: 29 
 - Generation Avg Fit: 4.659825636755036 
 - Best Fitness: 32.370344663673116 
 - Worst Fitness: 0.0
 - Best Solution: array([ 0.09165708,  0.23055681, -0.35616269,  0.32557026, -0.01755512,
       -0.41564566, -0.37631519, -0.01867079,  0.28999049, -0.14802928,
        0.43021241, -0.36625824,  0.04984177, -0.37592613,  0.08717638,
       -0.44893257,  0.18018339, -0.17165809, -0.03592317, -0.02038843,
       -0.15938814,  0.12540363, -0.38852929, -0.48174883, -0.35915668,
        0.08235734, -0.07005794,  0.17796343, -0.22338357, -0.02090897,
       -0.45556416, -0.24776317, -0.06991457, -0.11501629,  0.48666414,
       -0.2003956 , -0.23730568,  0.34018065,  0.33522283,  0.48807328,
        0.15159706,  0.25231061, -0.13805715, -0.01617119,  0.1549596 ,
       -0.45717933, -0.33463489, -0.20162556, -0.48144866, -0.32294393,
        0.09046288, -0.19314252, -0.15611024, -0.05782923, -0.28014401,
       -0.27596864, -0.28458741, -0.3584571 , -0.19866642, -0.01526525,
        0.19816539,  0.138027  ,  0.28385818,  0.2661989 ]) 

Generation: 30 
 - Generation Avg Fit: 4.647779296293201 
 - Best Fitness: 32.370344663673116 
 - Worst Fitness: 0.0
 - Best Solution: array([ 0.09165708,  0.23055681, -0.35616269,  0.32557026, -0.01755512,
       -0.41564566, -0.37631519, -0.01867079,  0.28999049, -0.14802928,
        0.43021241, -0.36625824,  0.04984177, -0.37592613,  0.08717638,
       -0.44893257,  0.18018339, -0.17165809, -0.03592317, -0.02038843,
       -0.15938814,  0.12540363, -0.38852929, -0.48174883, -0.35915668,
        0.08235734, -0.07005794,  0.17796343, -0.22338357, -0.02090897,
       -0.45556416, -0.24776317, -0.06991457, -0.11501629,  0.48666414,
       -0.2003956 , -0.23730568,  0.34018065,  0.33522283,  0.48807328,
        0.15159706,  0.25231061, -0.13805715, -0.01617119,  0.1549596 ,
       -0.45717933, -0.33463489, -0.20162556, -0.48144866, -0.32294393,
        0.09046288, -0.19314252, -0.15611024, -0.05782923, -0.28014401,
       -0.27596864, -0.28458741, -0.3584571 , -0.19866642, -0.01526525,
        0.19816539,  0.138027  ,  0.28385818,  0.2661989 ]) 

Generation: 31 
 - Generation Avg Fit: 4.701512075421206 
 - Best Fitness: 32.370344663673116 
 - Worst Fitness: 0.0
 - Best Solution: array([ 0.09165708,  0.23055681, -0.35616269,  0.32557026, -0.01755512,
       -0.41564566, -0.37631519, -0.01867079,  0.28999049, -0.14802928,
        0.43021241, -0.36625824,  0.04984177, -0.37592613,  0.08717638,
       -0.44893257,  0.18018339, -0.17165809, -0.03592317, -0.02038843,
       -0.15938814,  0.12540363, -0.38852929, -0.48174883, -0.35915668,
        0.08235734, -0.07005794,  0.17796343, -0.22338357, -0.02090897,
       -0.45556416, -0.24776317, -0.06991457, -0.11501629,  0.48666414,
       -0.2003956 , -0.23730568,  0.34018065,  0.33522283,  0.48807328,
        0.15159706,  0.25231061, -0.13805715, -0.01617119,  0.1549596 ,
       -0.45717933, -0.33463489, -0.20162556, -0.48144866, -0.32294393,
        0.09046288, -0.19314252, -0.15611024, -0.05782923, -0.28014401,
       -0.27596864, -0.28458741, -0.3584571 , -0.19866642, -0.01526525,
        0.19816539,  0.138027  ,  0.28385818,  0.2661989 ]) 

Generation: 32 
 - Generation Avg Fit: 4.727073154990571 
 - Best Fitness: 32.370344663673116 
 - Worst Fitness: 0.0
 - Best Solution: array([ 0.09165708,  0.23055681, -0.35616269,  0.32557026, -0.01755512,
       -0.41564566, -0.37631519, -0.01867079,  0.28999049, -0.14802928,
        0.43021241, -0.36625824,  0.04984177, -0.37592613,  0.08717638,
       -0.44893257,  0.18018339, -0.17165809, -0.03592317, -0.02038843,
       -0.15938814,  0.12540363, -0.38852929, -0.48174883, -0.35915668,
        0.08235734, -0.07005794,  0.17796343, -0.22338357, -0.02090897,
       -0.45556416, -0.24776317, -0.06991457, -0.11501629,  0.48666414,
       -0.2003956 , -0.23730568,  0.34018065,  0.33522283,  0.48807328,
        0.15159706,  0.25231061, -0.13805715, -0.01617119,  0.1549596 ,
       -0.45717933, -0.33463489, -0.20162556, -0.48144866, -0.32294393,
        0.09046288, -0.19314252, -0.15611024, -0.05782923, -0.28014401,
       -0.27596864, -0.28458741, -0.3584571 , -0.19866642, -0.01526525,
        0.19816539,  0.138027  ,  0.28385818,  0.2661989 ]) 

Generation: 33 
 - Generation Avg Fit: 4.729096876815527 
 - Best Fitness: 32.370344663673116 
 - Worst Fitness: 0.0
 - Best Solution: array([ 0.09165708,  0.23055681, -0.35616269,  0.32557026, -0.01755512,
       -0.41564566, -0.37631519, -0.01867079,  0.28999049, -0.14802928,
        0.43021241, -0.36625824,  0.04984177, -0.37592613,  0.08717638,
       -0.44893257,  0.18018339, -0.17165809, -0.03592317, -0.02038843,
       -0.15938814,  0.12540363, -0.38852929, -0.48174883, -0.35915668,
        0.08235734, -0.07005794,  0.17796343, -0.22338357, -0.02090897,
       -0.45556416, -0.24776317, -0.06991457, -0.11501629,  0.48666414,
       -0.2003956 , -0.23730568,  0.34018065,  0.33522283,  0.48807328,
        0.15159706,  0.25231061, -0.13805715, -0.01617119,  0.1549596 ,
       -0.45717933, -0.33463489, -0.20162556, -0.48144866, -0.32294393,
        0.09046288, -0.19314252, -0.15611024, -0.05782923, -0.28014401,
       -0.27596864, -0.28458741, -0.3584571 , -0.19866642, -0.01526525,
        0.19816539,  0.138027  ,  0.28385818,  0.2661989 ]) 

Generation: 34 
 - Generation Avg Fit: 4.859369913389022 
 - Best Fitness: 32.370344663673116 
 - Worst Fitness: 0.0
 - Best Solution: array([ 0.09165708,  0.23055681, -0.35616269,  0.32557026, -0.01755512,
       -0.41564566, -0.37631519, -0.01867079,  0.28999049, -0.14802928,
        0.43021241, -0.36625824,  0.04984177, -0.37592613,  0.08717638,
       -0.44893257,  0.18018339, -0.17165809, -0.03592317, -0.02038843,
       -0.15938814,  0.12540363, -0.38852929, -0.48174883, -0.35915668,
        0.08235734, -0.07005794,  0.17796343, -0.22338357, -0.02090897,
       -0.45556416, -0.24776317, -0.06991457, -0.11501629,  0.48666414,
       -0.2003956 , -0.23730568,  0.34018065,  0.33522283,  0.48807328,
        0.15159706,  0.25231061, -0.13805715, -0.01617119,  0.1549596 ,
       -0.45717933, -0.33463489, -0.20162556, -0.48144866, -0.32294393,
        0.09046288, -0.19314252, -0.15611024, -0.05782923, -0.28014401,
       -0.27596864, -0.28458741, -0.3584571 , -0.19866642, -0.01526525,
        0.19816539,  0.138027  ,  0.28385818,  0.2661989 ]) 

Generation: 35 
 - Generation Avg Fit: 4.858006776280835 
 - Best Fitness: 32.370344663673116 
 - Worst Fitness: 0.0
 - Best Solution: array([ 0.09165708,  0.23055681, -0.35616269,  0.32557026, -0.01755512,
       -0.41564566, -0.37631519, -0.01867079,  0.28999049, -0.14802928,
        0.43021241, -0.36625824,  0.04984177, -0.37592613,  0.08717638,
       -0.44893257,  0.18018339, -0.17165809, -0.03592317, -0.02038843,
       -0.15938814,  0.12540363, -0.38852929, -0.48174883, -0.35915668,
        0.08235734, -0.07005794,  0.17796343, -0.22338357, -0.02090897,
       -0.45556416, -0.24776317, -0.06991457, -0.11501629,  0.48666414,
       -0.2003956 , -0.23730568,  0.34018065,  0.33522283,  0.48807328,
        0.15159706,  0.25231061, -0.13805715, -0.01617119,  0.1549596 ,
       -0.45717933, -0.33463489, -0.20162556, -0.48144866, -0.32294393,
        0.09046288, -0.19314252, -0.15611024, -0.05782923, -0.28014401,
       -0.27596864, -0.28458741, -0.3584571 , -0.19866642, -0.01526525,
        0.19816539,  0.138027  ,  0.28385818,  0.2661989 ]) 

Generation: 36 
 - Generation Avg Fit: 4.883651416725252 
 - Best Fitness: 32.370344663673116 
 - Worst Fitness: 0.0
 - Best Solution: array([ 0.09165708,  0.23055681, -0.35616269,  0.32557026, -0.01755512,
       -0.41564566, -0.37631519, -0.01867079,  0.28999049, -0.14802928,
        0.43021241, -0.36625824,  0.04984177, -0.37592613,  0.08717638,
       -0.44893257,  0.18018339, -0.17165809, -0.03592317, -0.02038843,
       -0.15938814,  0.12540363, -0.38852929, -0.48174883, -0.35915668,
        0.08235734, -0.07005794,  0.17796343, -0.22338357, -0.02090897,
       -0.45556416, -0.24776317, -0.06991457, -0.11501629,  0.48666414,
       -0.2003956 , -0.23730568,  0.34018065,  0.33522283,  0.48807328,
        0.15159706,  0.25231061, -0.13805715, -0.01617119,  0.1549596 ,
       -0.45717933, -0.33463489, -0.20162556, -0.48144866, -0.32294393,
        0.09046288, -0.19314252, -0.15611024, -0.05782923, -0.28014401,
       -0.27596864, -0.28458741, -0.3584571 , -0.19866642, -0.01526525,
        0.19816539,  0.138027  ,  0.28385818,  0.2661989 ]) 

Generation: 37 
 - Generation Avg Fit: 4.918224145262577 
 - Best Fitness: 32.370344663673116 
 - Worst Fitness: 0.0
 - Best Solution: array([ 0.09165708,  0.23055681, -0.35616269,  0.32557026, -0.01755512,
       -0.41564566, -0.37631519, -0.01867079,  0.28999049, -0.14802928,
        0.43021241, -0.36625824,  0.04984177, -0.37592613,  0.08717638,
       -0.44893257,  0.18018339, -0.17165809, -0.03592317, -0.02038843,
       -0.15938814,  0.12540363, -0.38852929, -0.48174883, -0.35915668,
        0.08235734, -0.07005794,  0.17796343, -0.22338357, -0.02090897,
       -0.45556416, -0.24776317, -0.06991457, -0.11501629,  0.48666414,
       -0.2003956 , -0.23730568,  0.34018065,  0.33522283,  0.48807328,
        0.15159706,  0.25231061, -0.13805715, -0.01617119,  0.1549596 ,
       -0.45717933, -0.33463489, -0.20162556, -0.48144866, -0.32294393,
        0.09046288, -0.19314252, -0.15611024, -0.05782923, -0.28014401,
       -0.27596864, -0.28458741, -0.3584571 , -0.19866642, -0.01526525,
        0.19816539,  0.138027  ,  0.28385818,  0.2661989 ]) 

Generation: 38 
 - Generation Avg Fit: 5.13907947704314 
 - Best Fitness: 32.370344663673116 
 - Worst Fitness: 0.0
 - Best Solution: array([ 0.09165708,  0.23055681, -0.35616269,  0.32557026, -0.01755512,
       -0.41564566, -0.37631519, -0.01867079,  0.28999049, -0.14802928,
        0.43021241, -0.36625824,  0.04984177, -0.37592613,  0.08717638,
       -0.44893257,  0.18018339, -0.17165809, -0.03592317, -0.02038843,
       -0.15938814,  0.12540363, -0.38852929, -0.48174883, -0.35915668,
        0.08235734, -0.07005794,  0.17796343, -0.22338357, -0.02090897,
       -0.45556416, -0.24776317, -0.06991457, -0.11501629,  0.48666414,
       -0.2003956 , -0.23730568,  0.34018065,  0.33522283,  0.48807328,
        0.15159706,  0.25231061, -0.13805715, -0.01617119,  0.1549596 ,
       -0.45717933, -0.33463489, -0.20162556, -0.48144866, -0.32294393,
        0.09046288, -0.19314252, -0.15611024, -0.05782923, -0.28014401,
       -0.27596864, -0.28458741, -0.3584571 , -0.19866642, -0.01526525,
        0.19816539,  0.138027  ,  0.28385818,  0.2661989 ]) 

Generation: 39 
 - Generation Avg Fit: 5.142423161367005 
 - Best Fitness: 32.370344663673116 
 - Worst Fitness: 0.0
 - Best Solution: array([ 0.09165708,  0.23055681, -0.35616269,  0.32557026, -0.01755512,
       -0.41564566, -0.37631519, -0.01867079,  0.28999049, -0.14802928,
        0.43021241, -0.36625824,  0.04984177, -0.37592613,  0.08717638,
       -0.44893257,  0.18018339, -0.17165809, -0.03592317, -0.02038843,
       -0.15938814,  0.12540363, -0.38852929, -0.48174883, -0.35915668,
        0.08235734, -0.07005794,  0.17796343, -0.22338357, -0.02090897,
       -0.45556416, -0.24776317, -0.06991457, -0.11501629,  0.48666414,
       -0.2003956 , -0.23730568,  0.34018065,  0.33522283,  0.48807328,
        0.15159706,  0.25231061, -0.13805715, -0.01617119,  0.1549596 ,
       -0.45717933, -0.33463489, -0.20162556, -0.48144866, -0.32294393,
        0.09046288, -0.19314252, -0.15611024, -0.05782923, -0.28014401,
       -0.27596864, -0.28458741, -0.3584571 , -0.19866642, -0.01526525,
        0.19816539,  0.138027  ,  0.28385818,  0.2661989 ]) 

Generation: 40 
 - Generation Avg Fit: 5.254518831129414 
 - Best Fitness: 32.370344663673116 
 - Worst Fitness: 0.0
 - Best Solution: array([ 0.09165708,  0.23055681, -0.35616269,  0.32557026, -0.01755512,
       -0.41564566, -0.37631519, -0.01867079,  0.28999049, -0.14802928,
        0.43021241, -0.36625824,  0.04984177, -0.37592613,  0.08717638,
       -0.44893257,  0.18018339, -0.17165809, -0.03592317, -0.02038843,
       -0.15938814,  0.12540363, -0.38852929, -0.48174883, -0.35915668,
        0.08235734, -0.07005794,  0.17796343, -0.22338357, -0.02090897,
       -0.45556416, -0.24776317, -0.06991457, -0.11501629,  0.48666414,
       -0.2003956 , -0.23730568,  0.34018065,  0.33522283,  0.48807328,
        0.15159706,  0.25231061, -0.13805715, -0.01617119,  0.1549596 ,
       -0.45717933, -0.33463489, -0.20162556, -0.48144866, -0.32294393,
        0.09046288, -0.19314252, -0.15611024, -0.05782923, -0.28014401,
       -0.27596864, -0.28458741, -0.3584571 , -0.19866642, -0.01526525,
        0.19816539,  0.138027  ,  0.28385818,  0.2661989 ]) 

Generation: 41 
 - Generation Avg Fit: 5.4437556348717315 
 - Best Fitness: 32.370344663673116 
 - Worst Fitness: 0.0
 - Best Solution: array([ 0.09165708,  0.23055681, -0.35616269,  0.32557026, -0.01755512,
       -0.41564566, -0.37631519, -0.01867079,  0.28999049, -0.14802928,
        0.43021241, -0.36625824,  0.04984177, -0.37592613,  0.08717638,
       -0.44893257,  0.18018339, -0.17165809, -0.03592317, -0.02038843,
       -0.15938814,  0.12540363, -0.38852929, -0.48174883, -0.35915668,
        0.08235734, -0.07005794,  0.17796343, -0.22338357, -0.02090897,
       -0.45556416, -0.24776317, -0.06991457, -0.11501629,  0.48666414,
       -0.2003956 , -0.23730568,  0.34018065,  0.33522283,  0.48807328,
        0.15159706,  0.25231061, -0.13805715, -0.01617119,  0.1549596 ,
       -0.45717933, -0.33463489, -0.20162556, -0.48144866, -0.32294393,
        0.09046288, -0.19314252, -0.15611024, -0.05782923, -0.28014401,
       -0.27596864, -0.28458741, -0.3584571 , -0.19866642, -0.01526525,
        0.19816539,  0.138027  ,  0.28385818,  0.2661989 ]) 

Generation: 42 
 - Generation Avg Fit: 5.45455656799421 
 - Best Fitness: 32.370344663673116 
 - Worst Fitness: 0.0
 - Best Solution: array([ 0.09165708,  0.23055681, -0.35616269,  0.32557026, -0.01755512,
       -0.41564566, -0.37631519, -0.01867079,  0.28999049, -0.14802928,
        0.43021241, -0.36625824,  0.04984177, -0.37592613,  0.08717638,
       -0.44893257,  0.18018339, -0.17165809, -0.03592317, -0.02038843,
       -0.15938814,  0.12540363, -0.38852929, -0.48174883, -0.35915668,
        0.08235734, -0.07005794,  0.17796343, -0.22338357, -0.02090897,
       -0.45556416, -0.24776317, -0.06991457, -0.11501629,  0.48666414,
       -0.2003956 , -0.23730568,  0.34018065,  0.33522283,  0.48807328,
        0.15159706,  0.25231061, -0.13805715, -0.01617119,  0.1549596 ,
       -0.45717933, -0.33463489, -0.20162556, -0.48144866, -0.32294393,
        0.09046288, -0.19314252, -0.15611024, -0.05782923, -0.28014401,
       -0.27596864, -0.28458741, -0.3584571 , -0.19866642, -0.01526525,
        0.19816539,  0.138027  ,  0.28385818,  0.2661989 ]) 

Generation: 43 
 - Generation Avg Fit: 5.511304799221226 
 - Best Fitness: 32.370344663673116 
 - Worst Fitness: 0.0
 - Best Solution: array([ 0.09165708,  0.23055681, -0.35616269,  0.32557026, -0.01755512,
       -0.41564566, -0.37631519, -0.01867079,  0.28999049, -0.14802928,
        0.43021241, -0.36625824,  0.04984177, -0.37592613,  0.08717638,
       -0.44893257,  0.18018339, -0.17165809, -0.03592317, -0.02038843,
       -0.15938814,  0.12540363, -0.38852929, -0.48174883, -0.35915668,
        0.08235734, -0.07005794,  0.17796343, -0.22338357, -0.02090897,
       -0.45556416, -0.24776317, -0.06991457, -0.11501629,  0.48666414,
       -0.2003956 , -0.23730568,  0.34018065,  0.33522283,  0.48807328,
        0.15159706,  0.25231061, -0.13805715, -0.01617119,  0.1549596 ,
       -0.45717933, -0.33463489, -0.20162556, -0.48144866, -0.32294393,
        0.09046288, -0.19314252, -0.15611024, -0.05782923, -0.28014401,
       -0.27596864, -0.28458741, -0.3584571 , -0.19866642, -0.01526525,
        0.19816539,  0.138027  ,  0.28385818,  0.2661989 ]) 

Generation: 44 
 - Generation Avg Fit: 5.513043647389988 
 - Best Fitness: 32.370344663673116 
 - Worst Fitness: 0.0
 - Best Solution: array([ 0.09165708,  0.23055681, -0.35616269,  0.32557026, -0.01755512,
       -0.41564566, -0.37631519, -0.01867079,  0.28999049, -0.14802928,
        0.43021241, -0.36625824,  0.04984177, -0.37592613,  0.08717638,
       -0.44893257,  0.18018339, -0.17165809, -0.03592317, -0.02038843,
       -0.15938814,  0.12540363, -0.38852929, -0.48174883, -0.35915668,
        0.08235734, -0.07005794,  0.17796343, -0.22338357, -0.02090897,
       -0.45556416, -0.24776317, -0.06991457, -0.11501629,  0.48666414,
       -0.2003956 , -0.23730568,  0.34018065,  0.33522283,  0.48807328,
        0.15159706,  0.25231061, -0.13805715, -0.01617119,  0.1549596 ,
       -0.45717933, -0.33463489, -0.20162556, -0.48144866, -0.32294393,
        0.09046288, -0.19314252, -0.15611024, -0.05782923, -0.28014401,
       -0.27596864, -0.28458741, -0.3584571 , -0.19866642, -0.01526525,
        0.19816539,  0.138027  ,  0.28385818,  0.2661989 ]) 

Generation: 45 
 - Generation Avg Fit: 5.526219262071029 
 - Best Fitness: 32.370344663673116 
 - Worst Fitness: 0.0
 - Best Solution: array([ 0.09165708,  0.23055681, -0.35616269,  0.32557026, -0.01755512,
       -0.41564566, -0.37631519, -0.01867079,  0.28999049, -0.14802928,
        0.43021241, -0.36625824,  0.04984177, -0.37592613,  0.08717638,
       -0.44893257,  0.18018339, -0.17165809, -0.03592317, -0.02038843,
       -0.15938814,  0.12540363, -0.38852929, -0.48174883, -0.35915668,
        0.08235734, -0.07005794,  0.17796343, -0.22338357, -0.02090897,
       -0.45556416, -0.24776317, -0.06991457, -0.11501629,  0.48666414,
       -0.2003956 , -0.23730568,  0.34018065,  0.33522283,  0.48807328,
        0.15159706,  0.25231061, -0.13805715, -0.01617119,  0.1549596 ,
       -0.45717933, -0.33463489, -0.20162556, -0.48144866, -0.32294393,
        0.09046288, -0.19314252, -0.15611024, -0.05782923, -0.28014401,
       -0.27596864, -0.28458741, -0.3584571 , -0.19866642, -0.01526525,
        0.19816539,  0.138027  ,  0.28385818,  0.2661989 ]) 

Generation: 46 
 - Generation Avg Fit: 5.638693622336677 
 - Best Fitness: 32.370344663673116 
 - Worst Fitness: 0.0
 - Best Solution: array([ 0.09165708,  0.23055681, -0.35616269,  0.32557026, -0.01755512,
       -0.41564566, -0.37631519, -0.01867079,  0.28999049, -0.14802928,
        0.43021241, -0.36625824,  0.04984177, -0.37592613,  0.08717638,
       -0.44893257,  0.18018339, -0.17165809, -0.03592317, -0.02038843,
       -0.15938814,  0.12540363, -0.38852929, -0.48174883, -0.35915668,
        0.08235734, -0.07005794,  0.17796343, -0.22338357, -0.02090897,
       -0.45556416, -0.24776317, -0.06991457, -0.11501629,  0.48666414,
       -0.2003956 , -0.23730568,  0.34018065,  0.33522283,  0.48807328,
        0.15159706,  0.25231061, -0.13805715, -0.01617119,  0.1549596 ,
       -0.45717933, -0.33463489, -0.20162556, -0.48144866, -0.32294393,
        0.09046288, -0.19314252, -0.15611024, -0.05782923, -0.28014401,
       -0.27596864, -0.28458741, -0.3584571 , -0.19866642, -0.01526525,
        0.19816539,  0.138027  ,  0.28385818,  0.2661989 ]) 

Generation: 47 
 - Generation Avg Fit: 5.622134476258806 
 - Best Fitness: 32.370344663673116 
 - Worst Fitness: 0.0
 - Best Solution: array([ 0.09165708,  0.23055681, -0.35616269,  0.32557026, -0.01755512,
       -0.41564566, -0.37631519, -0.01867079,  0.28999049, -0.14802928,
        0.43021241, -0.36625824,  0.04984177, -0.37592613,  0.08717638,
       -0.44893257,  0.18018339, -0.17165809, -0.03592317, -0.02038843,
       -0.15938814,  0.12540363, -0.38852929, -0.48174883, -0.35915668,
        0.08235734, -0.07005794,  0.17796343, -0.22338357, -0.02090897,
       -0.45556416, -0.24776317, -0.06991457, -0.11501629,  0.48666414,
       -0.2003956 , -0.23730568,  0.34018065,  0.33522283,  0.48807328,
        0.15159706,  0.25231061, -0.13805715, -0.01617119,  0.1549596 ,
       -0.45717933, -0.33463489, -0.20162556, -0.48144866, -0.32294393,
        0.09046288, -0.19314252, -0.15611024, -0.05782923, -0.28014401,
       -0.27596864, -0.28458741, -0.3584571 , -0.19866642, -0.01526525,
        0.19816539,  0.138027  ,  0.28385818,  0.2661989 ]) 

Generation: 48 
 - Generation Avg Fit: 5.678551677071118 
 - Best Fitness: 32.370344663673116 
 - Worst Fitness: 0.0
 - Best Solution: array([ 0.09165708,  0.23055681, -0.35616269,  0.32557026, -0.01755512,
       -0.41564566, -0.37631519, -0.01867079,  0.28999049, -0.14802928,
        0.43021241, -0.36625824,  0.04984177, -0.37592613,  0.08717638,
       -0.44893257,  0.18018339, -0.17165809, -0.03592317, -0.02038843,
       -0.15938814,  0.12540363, -0.38852929, -0.48174883, -0.35915668,
        0.08235734, -0.07005794,  0.17796343, -0.22338357, -0.02090897,
       -0.45556416, -0.24776317, -0.06991457, -0.11501629,  0.48666414,
       -0.2003956 , -0.23730568,  0.34018065,  0.33522283,  0.48807328,
        0.15159706,  0.25231061, -0.13805715, -0.01617119,  0.1549596 ,
       -0.45717933, -0.33463489, -0.20162556, -0.48144866, -0.32294393,
        0.09046288, -0.19314252, -0.15611024, -0.05782923, -0.28014401,
       -0.27596864, -0.28458741, -0.3584571 , -0.19866642, -0.01526525,
        0.19816539,  0.138027  ,  0.28385818,  0.2661989 ]) 

Generation: 49 
 - Generation Avg Fit: 5.842209738986189 
 - Best Fitness: 32.71034255574754 
 - Worst Fitness: 0.0
 - Best Solution: array([ 0.24093751,  0.24803279, -0.35601973, -0.38719711, -0.03345184,
        0.33390023,  0.26497894,  0.20054912,  0.30901986, -0.14813854,
       -0.15642628,  0.33323577,  0.05025471,  0.20021331, -0.31794049,
        0.17305939, -0.38653367,  0.41040013, -0.02783902, -0.37983522,
       -0.15940954,  0.09025705, -0.38786581,  0.16396006, -0.35585034,
       -0.0455386 , -0.16039151,  0.17681996,  0.12661493, -0.47742632,
       -0.06072352,  0.28795216, -0.06151973, -0.11020472,  0.02916524,
        0.28006758,  0.38489254,  0.3325394 , -0.46737994, -0.21575305,
        0.24561136, -0.08037171, -0.1404392 , -0.21847428, -0.46288299,
       -0.4171379 , -0.4839772 , -0.44302672,  0.37091701, -0.32310981,
       -0.44310591,  0.28457212, -0.12634137, -0.48487062,  0.08116406,
       -0.2372882 , -0.28401236, -0.18267507,  0.15403042,  0.02630903,
        0.00438892, -0.4547709 ,  0.30098242,  0.49044542]) 

Generation: 50 
 - Generation Avg Fit: 5.884756657129051 
 - Best Fitness: 32.71034255574754 
 - Worst Fitness: 0.0
 - Best Solution: array([ 0.09165708,  0.23055681, -0.35616269,  0.32557026, -0.01755512,
       -0.41564566, -0.37631519, -0.01867079,  0.28999049, -0.14802928,
        0.43021241, -0.36625824,  0.04984177, -0.37592613,  0.08717638,
       -0.44893257,  0.18018339, -0.17165809, -0.03592317, -0.02038843,
       -0.15938814,  0.12540363, -0.38852929, -0.48174883, -0.35915668,
        0.08235734, -0.07005794,  0.17796343, -0.22338357, -0.02090897,
       -0.45556416, -0.24776317, -0.06991457, -0.11501629,  0.48666414,
       -0.2003956 , -0.23730568,  0.34018065,  0.33522283,  0.48807328,
        0.15159706,  0.25231061, -0.13805715, -0.01617119,  0.1549596 ,
       -0.45717933, -0.33463489, -0.20162556, -0.48144866, -0.32294393,
        0.09046288, -0.19314252, -0.15611024, -0.05782923, -0.28014401,
       -0.27596864, -0.28458741, -0.3584571 , -0.19866642, -0.01526525,
        0.19816539,  0.138027  ,  0.28385818,  0.2661989 ]) 

Generation: 51 
 - Generation Avg Fit: 5.961312804478289 
 - Best Fitness: 32.71034255574754 
 - Worst Fitness: 0.0
 - Best Solution: array([ 0.24093751,  0.24803279, -0.35601973, -0.38719711, -0.03345184,
        0.33390023,  0.26497894,  0.20054912,  0.30901986, -0.14813854,
       -0.15642628,  0.33323577,  0.05025471,  0.20021331, -0.31794049,
        0.17305939, -0.38653367,  0.41040013, -0.02783902, -0.37983522,
       -0.15940954,  0.09025705, -0.38786581,  0.16396006, -0.35585034,
       -0.0455386 , -0.16039151,  0.17681996,  0.12661493, -0.47742632,
       -0.06072352,  0.28795216, -0.06151973, -0.11020472,  0.02916524,
        0.28006758,  0.38489254,  0.3325394 , -0.46737994, -0.21575305,
        0.24561136, -0.08037171, -0.1404392 , -0.21847428, -0.46288299,
       -0.4171379 , -0.4839772 , -0.44302672,  0.37091701, -0.32310981,
       -0.44310591,  0.28457212, -0.12634137, -0.48487062,  0.08116406,
       -0.2372882 , -0.28401236, -0.18267507,  0.15403042,  0.02630903,
        0.00438892, -0.4547709 ,  0.30098242,  0.49044542]) 

Generation: 52 
 - Generation Avg Fit: 5.919145006045926 
 - Best Fitness: 32.71034255574754 
 - Worst Fitness: 0.0
 - Best Solution: array([ 0.24093751,  0.24803279, -0.35601973, -0.38719711, -0.03345184,
        0.33390023,  0.26497894,  0.20054912,  0.30901986, -0.14813854,
       -0.15642628,  0.33323577,  0.05025471,  0.20021331, -0.31794049,
        0.17305939, -0.38653367,  0.41040013, -0.02783902, -0.37983522,
       -0.15940954,  0.09025705, -0.38786581,  0.16396006, -0.35585034,
       -0.0455386 , -0.16039151,  0.17681996,  0.12661493, -0.47742632,
       -0.06072352,  0.28795216, -0.06151973, -0.11020472,  0.02916524,
        0.28006758,  0.38489254,  0.3325394 , -0.46737994, -0.21575305,
        0.24561136, -0.08037171, -0.1404392 , -0.21847428, -0.46288299,
       -0.4171379 , -0.4839772 , -0.44302672,  0.37091701, -0.32310981,
       -0.44310591,  0.28457212, -0.12634137, -0.48487062,  0.08116406,
       -0.2372882 , -0.28401236, -0.18267507,  0.15403042,  0.02630903,
        0.00438892, -0.4547709 ,  0.30098242,  0.49044542]) 

Generation: 53 
 - Generation Avg Fit: 5.983991399182587 
 - Best Fitness: 32.71034255574754 
 - Worst Fitness: 0.0
 - Best Solution: array([ 0.24093751,  0.24803279, -0.35601973, -0.38719711, -0.03345184,
        0.33390023,  0.26497894,  0.20054912,  0.30901986, -0.14813854,
       -0.15642628,  0.33323577,  0.05025471,  0.20021331, -0.31794049,
        0.17305939, -0.38653367,  0.41040013, -0.02783902, -0.37983522,
       -0.15940954,  0.09025705, -0.38786581,  0.16396006, -0.35585034,
       -0.0455386 , -0.16039151,  0.17681996,  0.12661493, -0.47742632,
       -0.06072352,  0.28795216, -0.06151973, -0.11020472,  0.02916524,
        0.28006758,  0.38489254,  0.3325394 , -0.46737994, -0.21575305,
        0.24561136, -0.08037171, -0.1404392 , -0.21847428, -0.46288299,
       -0.4171379 , -0.4839772 , -0.44302672,  0.37091701, -0.32310981,
       -0.44310591,  0.28457212, -0.12634137, -0.48487062,  0.08116406,
       -0.2372882 , -0.28401236, -0.18267507,  0.15403042,  0.02630903,
        0.00438892, -0.4547709 ,  0.30098242,  0.49044542]) 

Generation: 54 
 - Generation Avg Fit: 6.110579668029268 
 - Best Fitness: 32.71034255574754 
 - Worst Fitness: 0.0
 - Best Solution: array([ 0.24093751,  0.24803279, -0.35601973, -0.38719711, -0.03345184,
        0.33390023,  0.26497894,  0.20054912,  0.30901986, -0.14813854,
       -0.15642628,  0.33323577,  0.05025471,  0.20021331, -0.31794049,
        0.17305939, -0.38653367,  0.41040013, -0.02783902, -0.37983522,
       -0.15940954,  0.09025705, -0.38786581,  0.16396006, -0.35585034,
       -0.0455386 , -0.16039151,  0.17681996,  0.12661493, -0.47742632,
       -0.06072352,  0.28795216, -0.06151973, -0.11020472,  0.02916524,
        0.28006758,  0.38489254,  0.3325394 , -0.46737994, -0.21575305,
        0.24561136, -0.08037171, -0.1404392 , -0.21847428, -0.46288299,
       -0.4171379 , -0.4839772 , -0.44302672,  0.37091701, -0.32310981,
       -0.44310591,  0.28457212, -0.12634137, -0.48487062,  0.08116406,
       -0.2372882 , -0.28401236, -0.18267507,  0.15403042,  0.02630903,
        0.00438892, -0.4547709 ,  0.30098242,  0.49044542]) 

Generation: 55 
 - Generation Avg Fit: 6.098200487579763 
 - Best Fitness: 32.71034255574754 
 - Worst Fitness: 0.0
 - Best Solution: array([ 0.24093751,  0.24803279, -0.35601973, -0.38719711, -0.03345184,
        0.33390023,  0.26497894,  0.20054912,  0.30901986, -0.14813854,
       -0.15642628,  0.33323577,  0.05025471,  0.20021331, -0.31794049,
        0.17305939, -0.38653367,  0.41040013, -0.02783902, -0.37983522,
       -0.15940954,  0.09025705, -0.38786581,  0.16396006, -0.35585034,
       -0.0455386 , -0.16039151,  0.17681996,  0.12661493, -0.47742632,
       -0.06072352,  0.28795216, -0.06151973, -0.11020472,  0.02916524,
        0.28006758,  0.38489254,  0.3325394 , -0.46737994, -0.21575305,
        0.24561136, -0.08037171, -0.1404392 , -0.21847428, -0.46288299,
       -0.4171379 , -0.4839772 , -0.44302672,  0.37091701, -0.32310981,
       -0.44310591,  0.28457212, -0.12634137, -0.48487062,  0.08116406,
       -0.2372882 , -0.28401236, -0.18267507,  0.15403042,  0.02630903,
        0.00438892, -0.4547709 ,  0.30098242,  0.49044542]) 

Generation: 56 
 - Generation Avg Fit: 6.267380704938677 
 - Best Fitness: 32.71034255574754 
 - Worst Fitness: 0.0
 - Best Solution: array([ 0.24093751,  0.24803279, -0.35601973, -0.38719711, -0.03345184,
        0.33390023,  0.26497894,  0.20054912,  0.30901986, -0.14813854,
       -0.15642628,  0.33323577,  0.05025471,  0.20021331, -0.31794049,
        0.17305939, -0.38653367,  0.41040013, -0.02783902, -0.37983522,
       -0.15940954,  0.09025705, -0.38786581,  0.16396006, -0.35585034,
       -0.0455386 , -0.16039151,  0.17681996,  0.12661493, -0.47742632,
       -0.06072352,  0.28795216, -0.06151973, -0.11020472,  0.02916524,
        0.28006758,  0.38489254,  0.3325394 , -0.46737994, -0.21575305,
        0.24561136, -0.08037171, -0.1404392 , -0.21847428, -0.46288299,
       -0.4171379 , -0.4839772 , -0.44302672,  0.37091701, -0.32310981,
       -0.44310591,  0.28457212, -0.12634137, -0.48487062,  0.08116406,
       -0.2372882 , -0.28401236, -0.18267507,  0.15403042,  0.02630903,
        0.00438892, -0.4547709 ,  0.30098242,  0.49044542]) 

Generation: 57 
 - Generation Avg Fit: 6.217638946285573 
 - Best Fitness: 32.71034255574754 
 - Worst Fitness: 0.0
 - Best Solution: array([ 0.24093751,  0.24803279, -0.35601973, -0.38719711, -0.03345184,
        0.33390023,  0.26497894,  0.20054912,  0.30901986, -0.14813854,
       -0.15642628,  0.33323577,  0.05025471,  0.20021331, -0.31794049,
        0.17305939, -0.38653367,  0.41040013, -0.02783902, -0.37983522,
       -0.15940954,  0.09025705, -0.38786581,  0.16396006, -0.35585034,
       -0.0455386 , -0.16039151,  0.17681996,  0.12661493, -0.47742632,
       -0.06072352,  0.28795216, -0.06151973, -0.11020472,  0.02916524,
        0.28006758,  0.38489254,  0.3325394 , -0.46737994, -0.21575305,
        0.24561136, -0.08037171, -0.1404392 , -0.21847428, -0.46288299,
       -0.4171379 , -0.4839772 , -0.44302672,  0.37091701, -0.32310981,
       -0.44310591,  0.28457212, -0.12634137, -0.48487062,  0.08116406,
       -0.2372882 , -0.28401236, -0.18267507,  0.15403042,  0.02630903,
        0.00438892, -0.4547709 ,  0.30098242,  0.49044542]) 

Generation: 58 
 - Generation Avg Fit: 6.34670947903891 
 - Best Fitness: 32.71034255574754 
 - Worst Fitness: 0.0
 - Best Solution: array([ 0.24093751,  0.24803279, -0.35601973, -0.38719711, -0.03345184,
        0.33390023,  0.26497894,  0.20054912,  0.30901986, -0.14813854,
       -0.15642628,  0.33323577,  0.05025471,  0.20021331, -0.31794049,
        0.17305939, -0.38653367,  0.41040013, -0.02783902, -0.37983522,
       -0.15940954,  0.09025705, -0.38786581,  0.16396006, -0.35585034,
       -0.0455386 , -0.16039151,  0.17681996,  0.12661493, -0.47742632,
       -0.06072352,  0.28795216, -0.06151973, -0.11020472,  0.02916524,
        0.28006758,  0.38489254,  0.3325394 , -0.46737994, -0.21575305,
        0.24561136, -0.08037171, -0.1404392 , -0.21847428, -0.46288299,
       -0.4171379 , -0.4839772 , -0.44302672,  0.37091701, -0.32310981,
       -0.44310591,  0.28457212, -0.12634137, -0.48487062,  0.08116406,
       -0.2372882 , -0.28401236, -0.18267507,  0.15403042,  0.02630903,
        0.00438892, -0.4547709 ,  0.30098242,  0.49044542]) 

Generation: 59 
 - Generation Avg Fit: 6.383303397446899 
 - Best Fitness: 32.71034255574754 
 - Worst Fitness: 0.0
 - Best Solution: array([ 0.24093751,  0.24803279, -0.35601973, -0.38719711, -0.03345184,
        0.33390023,  0.26497894,  0.20054912,  0.30901986, -0.14813854,
       -0.15642628,  0.33323577,  0.05025471,  0.20021331, -0.31794049,
        0.17305939, -0.38653367,  0.41040013, -0.02783902, -0.37983522,
       -0.15940954,  0.09025705, -0.38786581,  0.16396006, -0.35585034,
       -0.0455386 , -0.16039151,  0.17681996,  0.12661493, -0.47742632,
       -0.06072352,  0.28795216, -0.06151973, -0.11020472,  0.02916524,
        0.28006758,  0.38489254,  0.3325394 , -0.46737994, -0.21575305,
        0.24561136, -0.08037171, -0.1404392 , -0.21847428, -0.46288299,
       -0.4171379 , -0.4839772 , -0.44302672,  0.37091701, -0.32310981,
       -0.44310591,  0.28457212, -0.12634137, -0.48487062,  0.08116406,
       -0.2372882 , -0.28401236, -0.18267507,  0.15403042,  0.02630903,
        0.00438892, -0.4547709 ,  0.30098242,  0.49044542]) 

Generation: 60 
 - Generation Avg Fit: 6.423811030644473 
 - Best Fitness: 32.71034255574754 
 - Worst Fitness: 0.0
 - Best Solution: array([ 0.24093751,  0.24803279, -0.35601973, -0.38719711, -0.03345184,
        0.33390023,  0.26497894,  0.20054912,  0.30901986, -0.14813854,
       -0.15642628,  0.33323577,  0.05025471,  0.20021331, -0.31794049,
        0.17305939, -0.38653367,  0.41040013, -0.02783902, -0.37983522,
       -0.15940954,  0.09025705, -0.38786581,  0.16396006, -0.35585034,
       -0.0455386 , -0.16039151,  0.17681996,  0.12661493, -0.47742632,
       -0.06072352,  0.28795216, -0.06151973, -0.11020472,  0.02916524,
        0.28006758,  0.38489254,  0.3325394 , -0.46737994, -0.21575305,
        0.24561136, -0.08037171, -0.1404392 , -0.21847428, -0.46288299,
       -0.4171379 , -0.4839772 , -0.44302672,  0.37091701, -0.32310981,
       -0.44310591,  0.28457212, -0.12634137, -0.48487062,  0.08116406,
       -0.2372882 , -0.28401236, -0.18267507,  0.15403042,  0.02630903,
        0.00438892, -0.4547709 ,  0.30098242,  0.49044542]) 

Generation: 61 
 - Generation Avg Fit: 6.767380363559986 
 - Best Fitness: 57.61468103454948 
 - Worst Fitness: 0.0
 - Best Solution: array([ 0.38737076, -0.49157773, -0.35446517,  0.34022242, -0.23624127,
       -0.41879131, -0.37631519, -0.01739386,  0.28300997, -0.12904186,
       -0.05807029,  0.22546356,  0.05094263, -0.27720685, -0.32693747,
       -0.29588834, -0.1107852 , -0.18904314, -0.46002399, -0.38005866,
       -0.15938814,  0.26232175, -0.37736036, -0.48972061, -0.35318485,
        0.08235734, -0.10888719,  0.16864448, -0.17224078,  0.04128028,
       -0.45001321, -0.2906581 , -0.43623803,  0.00551994,  0.02195855,
       -0.43469224, -0.23372452,  0.3418752 ,  0.3515654 , -0.22522371,
        0.15073847,  0.2616162 , -0.4344026 , -0.03947209,  0.17702794,
        0.20150213, -0.4904383 , -0.43415234, -0.47880912, -0.3238755 ,
        0.08128191, -0.19638704,  0.17154427, -0.06396122,  0.06880257,
        0.48463388, -0.25954472, -0.17402431, -0.20029866, -0.0153682 ,
       -0.24895803,  0.14116165,  0.28527648, -0.16185132]) 

Generation: 62 
 - Generation Avg Fit: 6.846294225366068 
 - Best Fitness: 57.61468103454948 
 - Worst Fitness: 0.0
 - Best Solution: array([ 0.24093751,  0.24803279, -0.35601973, -0.38719711, -0.03345184,
        0.33390023,  0.26497894,  0.20054912,  0.30901986, -0.14813854,
       -0.15642628,  0.33323577,  0.05025471,  0.20021331, -0.31794049,
        0.17305939, -0.38653367,  0.41040013, -0.02783902, -0.37983522,
       -0.15940954,  0.09025705, -0.38786581,  0.16396006, -0.35585034,
       -0.0455386 , -0.16039151,  0.17681996,  0.12661493, -0.47742632,
       -0.06072352,  0.28795216, -0.06151973, -0.11020472,  0.02916524,
        0.28006758,  0.38489254,  0.3325394 , -0.46737994, -0.21575305,
        0.24561136, -0.08037171, -0.1404392 , -0.21847428, -0.46288299,
       -0.4171379 , -0.4839772 , -0.44302672,  0.37091701, -0.32310981,
       -0.44310591,  0.28457212, -0.12634137, -0.48487062,  0.08116406,
       -0.2372882 , -0.28401236, -0.18267507,  0.15403042,  0.02630903,
        0.00438892, -0.4547709 ,  0.30098242,  0.49044542]) 

Generation: 63 
 - Generation Avg Fit: 6.803917623570534 
 - Best Fitness: 57.61468103454948 
 - Worst Fitness: 0.0
 - Best Solution: array([ 0.38737076, -0.49157773, -0.35446517,  0.34022242, -0.23624127,
       -0.41879131, -0.37631519, -0.01739386,  0.28300997, -0.12904186,
       -0.05807029,  0.22546356,  0.05094263, -0.27720685, -0.32693747,
       -0.29588834, -0.1107852 , -0.18904314, -0.46002399, -0.38005866,
       -0.15938814,  0.26232175, -0.37736036, -0.48972061, -0.35318485,
        0.08235734, -0.10888719,  0.16864448, -0.17224078,  0.04128028,
       -0.45001321, -0.2906581 , -0.43623803,  0.00551994,  0.02195855,
       -0.43469224, -0.23372452,  0.3418752 ,  0.3515654 , -0.22522371,
        0.15073847,  0.2616162 , -0.4344026 , -0.03947209,  0.17702794,
        0.20150213, -0.4904383 , -0.43415234, -0.47880912, -0.3238755 ,
        0.08128191, -0.19638704,  0.17154427, -0.06396122,  0.06880257,
        0.48463388, -0.25954472, -0.17402431, -0.20029866, -0.0153682 ,
       -0.24895803,  0.14116165,  0.28527648, -0.16185132]) 

Generation: 64 
 - Generation Avg Fit: 6.783209716329114 
 - Best Fitness: 57.61468103454948 
 - Worst Fitness: 0.0
 - Best Solution: array([ 0.38737076, -0.49157773, -0.35446517,  0.34022242, -0.23624127,
       -0.41879131, -0.37631519, -0.01739386,  0.28300997, -0.12904186,
       -0.05807029,  0.22546356,  0.05094263, -0.27720685, -0.32693747,
       -0.29588834, -0.1107852 , -0.18904314, -0.46002399, -0.38005866,
       -0.15938814,  0.26232175, -0.37736036, -0.48972061, -0.35318485,
        0.08235734, -0.10888719,  0.16864448, -0.17224078,  0.04128028,
       -0.45001321, -0.2906581 , -0.43623803,  0.00551994,  0.02195855,
       -0.43469224, -0.23372452,  0.3418752 ,  0.3515654 , -0.22522371,
        0.15073847,  0.2616162 , -0.4344026 , -0.03947209,  0.17702794,
        0.20150213, -0.4904383 , -0.43415234, -0.47880912, -0.3238755 ,
        0.08128191, -0.19638704,  0.17154427, -0.06396122,  0.06880257,
        0.48463388, -0.25954472, -0.17402431, -0.20029866, -0.0153682 ,
       -0.24895803,  0.14116165,  0.28527648, -0.16185132]) 

Generation: 65 
 - Generation Avg Fit: 6.996446953570334 
 - Best Fitness: 57.61468103454948 
 - Worst Fitness: 0.0
 - Best Solution: array([ 0.38737076, -0.49157773, -0.35446517,  0.34022242, -0.23624127,
       -0.41879131, -0.37631519, -0.01739386,  0.28300997, -0.12904186,
       -0.05807029,  0.22546356,  0.05094263, -0.27720685, -0.32693747,
       -0.29588834, -0.1107852 , -0.18904314, -0.46002399, -0.38005866,
       -0.15938814,  0.26232175, -0.37736036, -0.48972061, -0.35318485,
        0.08235734, -0.10888719,  0.16864448, -0.17224078,  0.04128028,
       -0.45001321, -0.2906581 , -0.43623803,  0.00551994,  0.02195855,
       -0.43469224, -0.23372452,  0.3418752 ,  0.3515654 , -0.22522371,
        0.15073847,  0.2616162 , -0.4344026 , -0.03947209,  0.17702794,
        0.20150213, -0.4904383 , -0.43415234, -0.47880912, -0.3238755 ,
        0.08128191, -0.19638704,  0.17154427, -0.06396122,  0.06880257,
        0.48463388, -0.25954472, -0.17402431, -0.20029866, -0.0153682 ,
       -0.24895803,  0.14116165,  0.28527648, -0.16185132]) 

Generation: 66 
 - Generation Avg Fit: 6.898230223787863 
 - Best Fitness: 57.61468103454948 
 - Worst Fitness: 0.0
 - Best Solution: array([ 0.38737076, -0.49157773, -0.35446517,  0.34022242, -0.23624127,
       -0.41879131, -0.37631519, -0.01739386,  0.28300997, -0.12904186,
       -0.05807029,  0.22546356,  0.05094263, -0.27720685, -0.32693747,
       -0.29588834, -0.1107852 , -0.18904314, -0.46002399, -0.38005866,
       -0.15938814,  0.26232175, -0.37736036, -0.48972061, -0.35318485,
        0.08235734, -0.10888719,  0.16864448, -0.17224078,  0.04128028,
       -0.45001321, -0.2906581 , -0.43623803,  0.00551994,  0.02195855,
       -0.43469224, -0.23372452,  0.3418752 ,  0.3515654 , -0.22522371,
        0.15073847,  0.2616162 , -0.4344026 , -0.03947209,  0.17702794,
        0.20150213, -0.4904383 , -0.43415234, -0.47880912, -0.3238755 ,
        0.08128191, -0.19638704,  0.17154427, -0.06396122,  0.06880257,
        0.48463388, -0.25954472, -0.17402431, -0.20029866, -0.0153682 ,
       -0.24895803,  0.14116165,  0.28527648, -0.16185132]) 

Generation: 67 
 - Generation Avg Fit: 7.123359017763529 
 - Best Fitness: 57.61468103454948 
 - Worst Fitness: 0.0
 - Best Solution: array([ 0.38737076, -0.49157773, -0.35446517,  0.34022242, -0.23624127,
       -0.41879131, -0.37631519, -0.01739386,  0.28300997, -0.12904186,
       -0.05807029,  0.22546356,  0.05094263, -0.27720685, -0.32693747,
       -0.29588834, -0.1107852 , -0.18904314, -0.46002399, -0.38005866,
       -0.15938814,  0.26232175, -0.37736036, -0.48972061, -0.35318485,
        0.08235734, -0.10888719,  0.16864448, -0.17224078,  0.04128028,
       -0.45001321, -0.2906581 , -0.43623803,  0.00551994,  0.02195855,
       -0.43469224, -0.23372452,  0.3418752 ,  0.3515654 , -0.22522371,
        0.15073847,  0.2616162 , -0.4344026 , -0.03947209,  0.17702794,
        0.20150213, -0.4904383 , -0.43415234, -0.47880912, -0.3238755 ,
        0.08128191, -0.19638704,  0.17154427, -0.06396122,  0.06880257,
        0.48463388, -0.25954472, -0.17402431, -0.20029866, -0.0153682 ,
       -0.24895803,  0.14116165,  0.28527648, -0.16185132]) 

Generation: 68 
 - Generation Avg Fit: 7.165223657013228 
 - Best Fitness: 57.61468103454948 
 - Worst Fitness: 0.0
 - Best Solution: array([ 0.38737076, -0.49157773, -0.35446517,  0.34022242, -0.23624127,
       -0.41879131, -0.37631519, -0.01739386,  0.28300997, -0.12904186,
       -0.05807029,  0.22546356,  0.05094263, -0.27720685, -0.32693747,
       -0.29588834, -0.1107852 , -0.18904314, -0.46002399, -0.38005866,
       -0.15938814,  0.26232175, -0.37736036, -0.48972061, -0.35318485,
        0.08235734, -0.10888719,  0.16864448, -0.17224078,  0.04128028,
       -0.45001321, -0.2906581 , -0.43623803,  0.00551994,  0.02195855,
       -0.43469224, -0.23372452,  0.3418752 ,  0.3515654 , -0.22522371,
        0.15073847,  0.2616162 , -0.4344026 , -0.03947209,  0.17702794,
        0.20150213, -0.4904383 , -0.43415234, -0.47880912, -0.3238755 ,
        0.08128191, -0.19638704,  0.17154427, -0.06396122,  0.06880257,
        0.48463388, -0.25954472, -0.17402431, -0.20029866, -0.0153682 ,
       -0.24895803,  0.14116165,  0.28527648, -0.16185132]) 

Generation: 69 
 - Generation Avg Fit: 7.198910501407371 
 - Best Fitness: 57.61468103454948 
 - Worst Fitness: 0.0
 - Best Solution: array([ 0.38737076, -0.49157773, -0.35446517,  0.34022242, -0.23624127,
       -0.41879131, -0.37631519, -0.01739386,  0.28300997, -0.12904186,
       -0.05807029,  0.22546356,  0.05094263, -0.27720685, -0.32693747,
       -0.29588834, -0.1107852 , -0.18904314, -0.46002399, -0.38005866,
       -0.15938814,  0.26232175, -0.37736036, -0.48972061, -0.35318485,
        0.08235734, -0.10888719,  0.16864448, -0.17224078,  0.04128028,
       -0.45001321, -0.2906581 , -0.43623803,  0.00551994,  0.02195855,
       -0.43469224, -0.23372452,  0.3418752 ,  0.3515654 , -0.22522371,
        0.15073847,  0.2616162 , -0.4344026 , -0.03947209,  0.17702794,
        0.20150213, -0.4904383 , -0.43415234, -0.47880912, -0.3238755 ,
        0.08128191, -0.19638704,  0.17154427, -0.06396122,  0.06880257,
        0.48463388, -0.25954472, -0.17402431, -0.20029866, -0.0153682 ,
       -0.24895803,  0.14116165,  0.28527648, -0.16185132]) 

Generation: 70 
 - Generation Avg Fit: 7.041434724285833 
 - Best Fitness: 57.61468103454948 
 - Worst Fitness: 0.0
 - Best Solution: array([ 0.38737076, -0.49157773, -0.35446517,  0.34022242, -0.23624127,
       -0.41879131, -0.37631519, -0.01739386,  0.28300997, -0.12904186,
       -0.05807029,  0.22546356,  0.05094263, -0.27720685, -0.32693747,
       -0.29588834, -0.1107852 , -0.18904314, -0.46002399, -0.38005866,
       -0.15938814,  0.26232175, -0.37736036, -0.48972061, -0.35318485,
        0.08235734, -0.10888719,  0.16864448, -0.17224078,  0.04128028,
       -0.45001321, -0.2906581 , -0.43623803,  0.00551994,  0.02195855,
       -0.43469224, -0.23372452,  0.3418752 ,  0.3515654 , -0.22522371,
        0.15073847,  0.2616162 , -0.4344026 , -0.03947209,  0.17702794,
        0.20150213, -0.4904383 , -0.43415234, -0.47880912, -0.3238755 ,
        0.08128191, -0.19638704,  0.17154427, -0.06396122,  0.06880257,
        0.48463388, -0.25954472, -0.17402431, -0.20029866, -0.0153682 ,
       -0.24895803,  0.14116165,  0.28527648, -0.16185132]) 

Generation: 71 
 - Generation Avg Fit: 7.188116739894632 
 - Best Fitness: 57.61468103454948 
 - Worst Fitness: 0.0
 - Best Solution: array([ 0.38737076, -0.49157773, -0.35446517,  0.34022242, -0.23624127,
       -0.41879131, -0.37631519, -0.01739386,  0.28300997, -0.12904186,
       -0.05807029,  0.22546356,  0.05094263, -0.27720685, -0.32693747,
       -0.29588834, -0.1107852 , -0.18904314, -0.46002399, -0.38005866,
       -0.15938814,  0.26232175, -0.37736036, -0.48972061, -0.35318485,
        0.08235734, -0.10888719,  0.16864448, -0.17224078,  0.04128028,
       -0.45001321, -0.2906581 , -0.43623803,  0.00551994,  0.02195855,
       -0.43469224, -0.23372452,  0.3418752 ,  0.3515654 , -0.22522371,
        0.15073847,  0.2616162 , -0.4344026 , -0.03947209,  0.17702794,
        0.20150213, -0.4904383 , -0.43415234, -0.47880912, -0.3238755 ,
        0.08128191, -0.19638704,  0.17154427, -0.06396122,  0.06880257,
        0.48463388, -0.25954472, -0.17402431, -0.20029866, -0.0153682 ,
       -0.24895803,  0.14116165,  0.28527648, -0.16185132]) 

Generation: 72 
 - Generation Avg Fit: 7.312400881325166 
 - Best Fitness: 57.61468103454948 
 - Worst Fitness: 0.0
 - Best Solution: array([ 0.38737076, -0.49157773, -0.35446517,  0.34022242, -0.23624127,
       -0.41879131, -0.37631519, -0.01739386,  0.28300997, -0.12904186,
       -0.05807029,  0.22546356,  0.05094263, -0.27720685, -0.32693747,
       -0.29588834, -0.1107852 , -0.18904314, -0.46002399, -0.38005866,
       -0.15938814,  0.26232175, -0.37736036, -0.48972061, -0.35318485,
        0.08235734, -0.10888719,  0.16864448, -0.17224078,  0.04128028,
       -0.45001321, -0.2906581 , -0.43623803,  0.00551994,  0.02195855,
       -0.43469224, -0.23372452,  0.3418752 ,  0.3515654 , -0.22522371,
        0.15073847,  0.2616162 , -0.4344026 , -0.03947209,  0.17702794,
        0.20150213, -0.4904383 , -0.43415234, -0.47880912, -0.3238755 ,
        0.08128191, -0.19638704,  0.17154427, -0.06396122,  0.06880257,
        0.48463388, -0.25954472, -0.17402431, -0.20029866, -0.0153682 ,
       -0.24895803,  0.14116165,  0.28527648, -0.16185132]) 

Generation: 73 
 - Generation Avg Fit: 7.757512512263722 
 - Best Fitness: 57.61468103454948 
 - Worst Fitness: 0.0
 - Best Solution: array([ 0.38737076, -0.49157773, -0.35446517,  0.34022242, -0.23624127,
       -0.41879131, -0.37631519, -0.01739386,  0.28300997, -0.12904186,
       -0.05807029,  0.22546356,  0.05094263, -0.27720685, -0.32693747,
       -0.29588834, -0.1107852 , -0.18904314, -0.46002399, -0.38005866,
       -0.15938814,  0.26232175, -0.37736036, -0.48972061, -0.35318485,
        0.08235734, -0.10888719,  0.16864448, -0.17224078,  0.04128028,
       -0.45001321, -0.2906581 , -0.43623803,  0.00551994,  0.02195855,
       -0.43469224, -0.23372452,  0.3418752 ,  0.3515654 , -0.22522371,
        0.15073847,  0.2616162 , -0.4344026 , -0.03947209,  0.17702794,
        0.20150213, -0.4904383 , -0.43415234, -0.47880912, -0.3238755 ,
        0.08128191, -0.19638704,  0.17154427, -0.06396122,  0.06880257,
        0.48463388, -0.25954472, -0.17402431, -0.20029866, -0.0153682 ,
       -0.24895803,  0.14116165,  0.28527648, -0.16185132]) 

Generation: 74 
 - Generation Avg Fit: 7.658593580895706 
 - Best Fitness: 57.61468103454948 
 - Worst Fitness: 0.0
 - Best Solution: array([ 0.38737076, -0.49157773, -0.35446517,  0.34022242, -0.23624127,
       -0.41879131, -0.37631519, -0.01739386,  0.28300997, -0.12904186,
       -0.05807029,  0.22546356,  0.05094263, -0.27720685, -0.32693747,
       -0.29588834, -0.1107852 , -0.18904314, -0.46002399, -0.38005866,
       -0.15938814,  0.26232175, -0.37736036, -0.48972061, -0.35318485,
        0.08235734, -0.10888719,  0.16864448, -0.17224078,  0.04128028,
       -0.45001321, -0.2906581 , -0.43623803,  0.00551994,  0.02195855,
       -0.43469224, -0.23372452,  0.3418752 ,  0.3515654 , -0.22522371,
        0.15073847,  0.2616162 , -0.4344026 , -0.03947209,  0.17702794,
        0.20150213, -0.4904383 , -0.43415234, -0.47880912, -0.3238755 ,
        0.08128191, -0.19638704,  0.17154427, -0.06396122,  0.06880257,
        0.48463388, -0.25954472, -0.17402431, -0.20029866, -0.0153682 ,
       -0.24895803,  0.14116165,  0.28527648, -0.16185132]) 

Generation: 75 
 - Generation Avg Fit: 7.795726596199414 
 - Best Fitness: 57.61468103454948 
 - Worst Fitness: 0.0
 - Best Solution: array([ 0.38737076, -0.49157773, -0.35446517,  0.34022242, -0.23624127,
       -0.41879131, -0.37631519, -0.01739386,  0.28300997, -0.12904186,
       -0.05807029,  0.22546356,  0.05094263, -0.27720685, -0.32693747,
       -0.29588834, -0.1107852 , -0.18904314, -0.46002399, -0.38005866,
       -0.15938814,  0.26232175, -0.37736036, -0.48972061, -0.35318485,
        0.08235734, -0.10888719,  0.16864448, -0.17224078,  0.04128028,
       -0.45001321, -0.2906581 , -0.43623803,  0.00551994,  0.02195855,
       -0.43469224, -0.23372452,  0.3418752 ,  0.3515654 , -0.22522371,
        0.15073847,  0.2616162 , -0.4344026 , -0.03947209,  0.17702794,
        0.20150213, -0.4904383 , -0.43415234, -0.47880912, -0.3238755 ,
        0.08128191, -0.19638704,  0.17154427, -0.06396122,  0.06880257,
        0.48463388, -0.25954472, -0.17402431, -0.20029866, -0.0153682 ,
       -0.24895803,  0.14116165,  0.28527648, -0.16185132]) 

Generation: 76 
 - Generation Avg Fit: 7.776869430371879 
 - Best Fitness: 57.61468103454948 
 - Worst Fitness: 0.0
 - Best Solution: array([ 0.38737076, -0.49157773, -0.35446517,  0.34022242, -0.23624127,
       -0.41879131, -0.37631519, -0.01739386,  0.28300997, -0.12904186,
       -0.05807029,  0.22546356,  0.05094263, -0.27720685, -0.32693747,
       -0.29588834, -0.1107852 , -0.18904314, -0.46002399, -0.38005866,
       -0.15938814,  0.26232175, -0.37736036, -0.48972061, -0.35318485,
        0.08235734, -0.10888719,  0.16864448, -0.17224078,  0.04128028,
       -0.45001321, -0.2906581 , -0.43623803,  0.00551994,  0.02195855,
       -0.43469224, -0.23372452,  0.3418752 ,  0.3515654 , -0.22522371,
        0.15073847,  0.2616162 , -0.4344026 , -0.03947209,  0.17702794,
        0.20150213, -0.4904383 , -0.43415234, -0.47880912, -0.3238755 ,
        0.08128191, -0.19638704,  0.17154427, -0.06396122,  0.06880257,
        0.48463388, -0.25954472, -0.17402431, -0.20029866, -0.0153682 ,
       -0.24895803,  0.14116165,  0.28527648, -0.16185132]) 

Generation: 77 
 - Generation Avg Fit: 7.917638572882653 
 - Best Fitness: 57.61468103454948 
 - Worst Fitness: 0.0
 - Best Solution: array([ 0.38737076, -0.49157773, -0.35446517,  0.34022242, -0.23624127,
       -0.41879131, -0.37631519, -0.01739386,  0.28300997, -0.12904186,
       -0.05807029,  0.22546356,  0.05094263, -0.27720685, -0.32693747,
       -0.29588834, -0.1107852 , -0.18904314, -0.46002399, -0.38005866,
       -0.15938814,  0.26232175, -0.37736036, -0.48972061, -0.35318485,
        0.08235734, -0.10888719,  0.16864448, -0.17224078,  0.04128028,
       -0.45001321, -0.2906581 , -0.43623803,  0.00551994,  0.02195855,
       -0.43469224, -0.23372452,  0.3418752 ,  0.3515654 , -0.22522371,
        0.15073847,  0.2616162 , -0.4344026 , -0.03947209,  0.17702794,
        0.20150213, -0.4904383 , -0.43415234, -0.47880912, -0.3238755 ,
        0.08128191, -0.19638704,  0.17154427, -0.06396122,  0.06880257,
        0.48463388, -0.25954472, -0.17402431, -0.20029866, -0.0153682 ,
       -0.24895803,  0.14116165,  0.28527648, -0.16185132]) 

Generation: 78 
 - Generation Avg Fit: 7.89030866407063 
 - Best Fitness: 57.61468103454948 
 - Worst Fitness: 0.0
 - Best Solution: array([ 0.38737076, -0.49157773, -0.35446517,  0.34022242, -0.23624127,
       -0.41879131, -0.37631519, -0.01739386,  0.28300997, -0.12904186,
       -0.05807029,  0.22546356,  0.05094263, -0.27720685, -0.32693747,
       -0.29588834, -0.1107852 , -0.18904314, -0.46002399, -0.38005866,
       -0.15938814,  0.26232175, -0.37736036, -0.48972061, -0.35318485,
        0.08235734, -0.10888719,  0.16864448, -0.17224078,  0.04128028,
       -0.45001321, -0.2906581 , -0.43623803,  0.00551994,  0.02195855,
       -0.43469224, -0.23372452,  0.3418752 ,  0.3515654 , -0.22522371,
        0.15073847,  0.2616162 , -0.4344026 , -0.03947209,  0.17702794,
        0.20150213, -0.4904383 , -0.43415234, -0.47880912, -0.3238755 ,
        0.08128191, -0.19638704,  0.17154427, -0.06396122,  0.06880257,
        0.48463388, -0.25954472, -0.17402431, -0.20029866, -0.0153682 ,
       -0.24895803,  0.14116165,  0.28527648, -0.16185132]) 

Generation: 79 
 - Generation Avg Fit: 8.295888793002366 
 - Best Fitness: 57.61468103454948 
 - Worst Fitness: 0.0
 - Best Solution: array([ 0.38737076, -0.49157773, -0.35446517,  0.34022242, -0.23624127,
       -0.41879131, -0.37631519, -0.01739386,  0.28300997, -0.12904186,
       -0.05807029,  0.22546356,  0.05094263, -0.27720685, -0.32693747,
       -0.29588834, -0.1107852 , -0.18904314, -0.46002399, -0.38005866,
       -0.15938814,  0.26232175, -0.37736036, -0.48972061, -0.35318485,
        0.08235734, -0.10888719,  0.16864448, -0.17224078,  0.04128028,
       -0.45001321, -0.2906581 , -0.43623803,  0.00551994,  0.02195855,
       -0.43469224, -0.23372452,  0.3418752 ,  0.3515654 , -0.22522371,
        0.15073847,  0.2616162 , -0.4344026 , -0.03947209,  0.17702794,
        0.20150213, -0.4904383 , -0.43415234, -0.47880912, -0.3238755 ,
        0.08128191, -0.19638704,  0.17154427, -0.06396122,  0.06880257,
        0.48463388, -0.25954472, -0.17402431, -0.20029866, -0.0153682 ,
       -0.24895803,  0.14116165,  0.28527648, -0.16185132]) 

Generation: 80 
 - Generation Avg Fit: 8.638292305000636 
 - Best Fitness: 57.61468103454948 
 - Worst Fitness: 0.0
 - Best Solution: array([ 0.38737076, -0.49157773, -0.35446517,  0.34022242, -0.23624127,
       -0.41879131, -0.37631519, -0.01739386,  0.28300997, -0.12904186,
       -0.05807029,  0.22546356,  0.05094263, -0.27720685, -0.32693747,
       -0.29588834, -0.1107852 , -0.18904314, -0.46002399, -0.38005866,
       -0.15938814,  0.26232175, -0.37736036, -0.48972061, -0.35318485,
        0.08235734, -0.10888719,  0.16864448, -0.17224078,  0.04128028,
       -0.45001321, -0.2906581 , -0.43623803,  0.00551994,  0.02195855,
       -0.43469224, -0.23372452,  0.3418752 ,  0.3515654 , -0.22522371,
        0.15073847,  0.2616162 , -0.4344026 , -0.03947209,  0.17702794,
        0.20150213, -0.4904383 , -0.43415234, -0.47880912, -0.3238755 ,
        0.08128191, -0.19638704,  0.17154427, -0.06396122,  0.06880257,
        0.48463388, -0.25954472, -0.17402431, -0.20029866, -0.0153682 ,
       -0.24895803,  0.14116165,  0.28527648, -0.16185132]) 

Generation: 81 
 - Generation Avg Fit: 9.084265284768898 
 - Best Fitness: 63.172421433876906 
 - Worst Fitness: 0.0
 - Best Solution: array([ 8.11514868e-02, -4.21266139e-01, -6.78900711e-02,  3.44816823e-01,
        9.66085564e-02, -4.27374667e-01, -3.76238361e-01, -1.49030749e-01,
       -4.54892169e-01, -1.12776839e-01, -6.18761034e-03, -1.35462857e-01,
        4.57250426e-02, -3.35778188e-01, -8.63217851e-03,  2.04097337e-01,
       -2.19275513e-01, -1.84105530e-01,  2.68936033e-01, -4.60104386e-02,
        1.55686354e-01,  1.47510328e-01, -3.85152817e-01,  1.75695443e-01,
       -3.62194296e-01, -2.43536794e-01, -3.06863543e-04, -1.91710462e-01,
       -2.19544760e-01, -1.29296337e-02, -4.63477090e-01, -4.34393312e-01,
        4.69097828e-01, -2.68071456e-01,  4.83438791e-01, -1.39628080e-01,
        3.98188431e-02,  3.33512568e-01,  3.50749030e-01, -2.95394253e-02,
        2.03813141e-01,  3.30004064e-01, -5.99211157e-02, -4.28155810e-02,
       -4.04849117e-02,  2.10285967e-01, -4.88247582e-01, -2.16692471e-02,
       -3.40414837e-01, -4.41019019e-01, -6.88440842e-02, -1.87270465e-01,
        1.90678111e-01, -2.24567251e-01, -4.54154770e-01,  4.81586415e-01,
       -1.98849127e-01, -3.80809717e-01, -1.92407471e-01,  2.36159468e-01,
        1.93161600e-01, -2.93658427e-01, -2.91674074e-01,  2.65377183e-01]) 

Generation: 82 
 - Generation Avg Fit: 9.044423978070405 
 - Best Fitness: 63.172421433876906 
 - Worst Fitness: 0.0
 - Best Solution: array([ 0.38737076, -0.49157773, -0.35446517,  0.34022242, -0.23624127,
       -0.41879131, -0.37631519, -0.01739386,  0.28300997, -0.12904186,
       -0.05807029,  0.22546356,  0.05094263, -0.27720685, -0.32693747,
       -0.29588834, -0.1107852 , -0.18904314, -0.46002399, -0.38005866,
       -0.15938814,  0.26232175, -0.37736036, -0.48972061, -0.35318485,
        0.08235734, -0.10888719,  0.16864448, -0.17224078,  0.04128028,
       -0.45001321, -0.2906581 , -0.43623803,  0.00551994,  0.02195855,
       -0.43469224, -0.23372452,  0.3418752 ,  0.3515654 , -0.22522371,
        0.15073847,  0.2616162 , -0.4344026 , -0.03947209,  0.17702794,
        0.20150213, -0.4904383 , -0.43415234, -0.47880912, -0.3238755 ,
        0.08128191, -0.19638704,  0.17154427, -0.06396122,  0.06880257,
        0.48463388, -0.25954472, -0.17402431, -0.20029866, -0.0153682 ,
       -0.24895803,  0.14116165,  0.28527648, -0.16185132]) 

Generation: 83 
 - Generation Avg Fit: 9.180754298234366 
 - Best Fitness: 63.172421433876906 
 - Worst Fitness: 0.0
 - Best Solution: array([ 8.11514868e-02, -4.21266139e-01, -6.78900711e-02,  3.44816823e-01,
        9.66085564e-02, -4.27374667e-01, -3.76238361e-01, -1.49030749e-01,
       -4.54892169e-01, -1.12776839e-01, -6.18761034e-03, -1.35462857e-01,
        4.57250426e-02, -3.35778188e-01, -8.63217851e-03,  2.04097337e-01,
       -2.19275513e-01, -1.84105530e-01,  2.68936033e-01, -4.60104386e-02,
        1.55686354e-01,  1.47510328e-01, -3.85152817e-01,  1.75695443e-01,
       -3.62194296e-01, -2.43536794e-01, -3.06863543e-04, -1.91710462e-01,
       -2.19544760e-01, -1.29296337e-02, -4.63477090e-01, -4.34393312e-01,
        4.69097828e-01, -2.68071456e-01,  4.83438791e-01, -1.39628080e-01,
        3.98188431e-02,  3.33512568e-01,  3.50749030e-01, -2.95394253e-02,
        2.03813141e-01,  3.30004064e-01, -5.99211157e-02, -4.28155810e-02,
       -4.04849117e-02,  2.10285967e-01, -4.88247582e-01, -2.16692471e-02,
       -3.40414837e-01, -4.41019019e-01, -6.88440842e-02, -1.87270465e-01,
        1.90678111e-01, -2.24567251e-01, -4.54154770e-01,  4.81586415e-01,
       -1.98849127e-01, -3.80809717e-01, -1.92407471e-01,  2.36159468e-01,
        1.93161600e-01, -2.93658427e-01, -2.91674074e-01,  2.65377183e-01]) 

Generation: 84 
 - Generation Avg Fit: 9.27968001120948 
 - Best Fitness: 63.172421433876906 
 - Worst Fitness: 0.0
 - Best Solution: array([ 8.11514868e-02, -4.21266139e-01, -6.78900711e-02,  3.44816823e-01,
        9.66085564e-02, -4.27374667e-01, -3.76238361e-01, -1.49030749e-01,
       -4.54892169e-01, -1.12776839e-01, -6.18761034e-03, -1.35462857e-01,
        4.57250426e-02, -3.35778188e-01, -8.63217851e-03,  2.04097337e-01,
       -2.19275513e-01, -1.84105530e-01,  2.68936033e-01, -4.60104386e-02,
        1.55686354e-01,  1.47510328e-01, -3.85152817e-01,  1.75695443e-01,
       -3.62194296e-01, -2.43536794e-01, -3.06863543e-04, -1.91710462e-01,
       -2.19544760e-01, -1.29296337e-02, -4.63477090e-01, -4.34393312e-01,
        4.69097828e-01, -2.68071456e-01,  4.83438791e-01, -1.39628080e-01,
        3.98188431e-02,  3.33512568e-01,  3.50749030e-01, -2.95394253e-02,
        2.03813141e-01,  3.30004064e-01, -5.99211157e-02, -4.28155810e-02,
       -4.04849117e-02,  2.10285967e-01, -4.88247582e-01, -2.16692471e-02,
       -3.40414837e-01, -4.41019019e-01, -6.88440842e-02, -1.87270465e-01,
        1.90678111e-01, -2.24567251e-01, -4.54154770e-01,  4.81586415e-01,
       -1.98849127e-01, -3.80809717e-01, -1.92407471e-01,  2.36159468e-01,
        1.93161600e-01, -2.93658427e-01, -2.91674074e-01,  2.65377183e-01]) 

Generation: 85 
 - Generation Avg Fit: 9.204533285394813 
 - Best Fitness: 63.172421433876906 
 - Worst Fitness: 0.0
 - Best Solution: array([ 8.11514868e-02, -4.21266139e-01, -6.78900711e-02,  3.44816823e-01,
        9.66085564e-02, -4.27374667e-01, -3.76238361e-01, -1.49030749e-01,
       -4.54892169e-01, -1.12776839e-01, -6.18761034e-03, -1.35462857e-01,
        4.57250426e-02, -3.35778188e-01, -8.63217851e-03,  2.04097337e-01,
       -2.19275513e-01, -1.84105530e-01,  2.68936033e-01, -4.60104386e-02,
        1.55686354e-01,  1.47510328e-01, -3.85152817e-01,  1.75695443e-01,
       -3.62194296e-01, -2.43536794e-01, -3.06863543e-04, -1.91710462e-01,
       -2.19544760e-01, -1.29296337e-02, -4.63477090e-01, -4.34393312e-01,
        4.69097828e-01, -2.68071456e-01,  4.83438791e-01, -1.39628080e-01,
        3.98188431e-02,  3.33512568e-01,  3.50749030e-01, -2.95394253e-02,
        2.03813141e-01,  3.30004064e-01, -5.99211157e-02, -4.28155810e-02,
       -4.04849117e-02,  2.10285967e-01, -4.88247582e-01, -2.16692471e-02,
       -3.40414837e-01, -4.41019019e-01, -6.88440842e-02, -1.87270465e-01,
        1.90678111e-01, -2.24567251e-01, -4.54154770e-01,  4.81586415e-01,
       -1.98849127e-01, -3.80809717e-01, -1.92407471e-01,  2.36159468e-01,
        1.93161600e-01, -2.93658427e-01, -2.91674074e-01,  2.65377183e-01]) 

Generation: 86 
 - Generation Avg Fit: 9.358154766028436 
 - Best Fitness: 63.172421433876906 
 - Worst Fitness: 0.0
 - Best Solution: array([ 8.11514868e-02, -4.21266139e-01, -6.78900711e-02,  3.44816823e-01,
        9.66085564e-02, -4.27374667e-01, -3.76238361e-01, -1.49030749e-01,
       -4.54892169e-01, -1.12776839e-01, -6.18761034e-03, -1.35462857e-01,
        4.57250426e-02, -3.35778188e-01, -8.63217851e-03,  2.04097337e-01,
       -2.19275513e-01, -1.84105530e-01,  2.68936033e-01, -4.60104386e-02,
        1.55686354e-01,  1.47510328e-01, -3.85152817e-01,  1.75695443e-01,
       -3.62194296e-01, -2.43536794e-01, -3.06863543e-04, -1.91710462e-01,
       -2.19544760e-01, -1.29296337e-02, -4.63477090e-01, -4.34393312e-01,
        4.69097828e-01, -2.68071456e-01,  4.83438791e-01, -1.39628080e-01,
        3.98188431e-02,  3.33512568e-01,  3.50749030e-01, -2.95394253e-02,
        2.03813141e-01,  3.30004064e-01, -5.99211157e-02, -4.28155810e-02,
       -4.04849117e-02,  2.10285967e-01, -4.88247582e-01, -2.16692471e-02,
       -3.40414837e-01, -4.41019019e-01, -6.88440842e-02, -1.87270465e-01,
        1.90678111e-01, -2.24567251e-01, -4.54154770e-01,  4.81586415e-01,
       -1.98849127e-01, -3.80809717e-01, -1.92407471e-01,  2.36159468e-01,
        1.93161600e-01, -2.93658427e-01, -2.91674074e-01,  2.65377183e-01]) 

Generation: 87 
 - Generation Avg Fit: 9.375198406676938 
 - Best Fitness: 63.172421433876906 
 - Worst Fitness: 0.0
 - Best Solution: array([ 8.11514868e-02, -4.21266139e-01, -6.78900711e-02,  3.44816823e-01,
        9.66085564e-02, -4.27374667e-01, -3.76238361e-01, -1.49030749e-01,
       -4.54892169e-01, -1.12776839e-01, -6.18761034e-03, -1.35462857e-01,
        4.57250426e-02, -3.35778188e-01, -8.63217851e-03,  2.04097337e-01,
       -2.19275513e-01, -1.84105530e-01,  2.68936033e-01, -4.60104386e-02,
        1.55686354e-01,  1.47510328e-01, -3.85152817e-01,  1.75695443e-01,
       -3.62194296e-01, -2.43536794e-01, -3.06863543e-04, -1.91710462e-01,
       -2.19544760e-01, -1.29296337e-02, -4.63477090e-01, -4.34393312e-01,
        4.69097828e-01, -2.68071456e-01,  4.83438791e-01, -1.39628080e-01,
        3.98188431e-02,  3.33512568e-01,  3.50749030e-01, -2.95394253e-02,
        2.03813141e-01,  3.30004064e-01, -5.99211157e-02, -4.28155810e-02,
       -4.04849117e-02,  2.10285967e-01, -4.88247582e-01, -2.16692471e-02,
       -3.40414837e-01, -4.41019019e-01, -6.88440842e-02, -1.87270465e-01,
        1.90678111e-01, -2.24567251e-01, -4.54154770e-01,  4.81586415e-01,
       -1.98849127e-01, -3.80809717e-01, -1.92407471e-01,  2.36159468e-01,
        1.93161600e-01, -2.93658427e-01, -2.91674074e-01,  2.65377183e-01]) 

Generation: 88 
 - Generation Avg Fit: 9.468952319316926 
 - Best Fitness: 63.172421433876906 
 - Worst Fitness: 0.0
 - Best Solution: array([ 8.11514868e-02, -4.21266139e-01, -6.78900711e-02,  3.44816823e-01,
        9.66085564e-02, -4.27374667e-01, -3.76238361e-01, -1.49030749e-01,
       -4.54892169e-01, -1.12776839e-01, -6.18761034e-03, -1.35462857e-01,
        4.57250426e-02, -3.35778188e-01, -8.63217851e-03,  2.04097337e-01,
       -2.19275513e-01, -1.84105530e-01,  2.68936033e-01, -4.60104386e-02,
        1.55686354e-01,  1.47510328e-01, -3.85152817e-01,  1.75695443e-01,
       -3.62194296e-01, -2.43536794e-01, -3.06863543e-04, -1.91710462e-01,
       -2.19544760e-01, -1.29296337e-02, -4.63477090e-01, -4.34393312e-01,
        4.69097828e-01, -2.68071456e-01,  4.83438791e-01, -1.39628080e-01,
        3.98188431e-02,  3.33512568e-01,  3.50749030e-01, -2.95394253e-02,
        2.03813141e-01,  3.30004064e-01, -5.99211157e-02, -4.28155810e-02,
       -4.04849117e-02,  2.10285967e-01, -4.88247582e-01, -2.16692471e-02,
       -3.40414837e-01, -4.41019019e-01, -6.88440842e-02, -1.87270465e-01,
        1.90678111e-01, -2.24567251e-01, -4.54154770e-01,  4.81586415e-01,
       -1.98849127e-01, -3.80809717e-01, -1.92407471e-01,  2.36159468e-01,
        1.93161600e-01, -2.93658427e-01, -2.91674074e-01,  2.65377183e-01]) 

Generation: 89 
 - Generation Avg Fit: 9.716792051161294 
 - Best Fitness: 63.172421433876906 
 - Worst Fitness: 0.0
 - Best Solution: array([ 8.11514868e-02, -4.21266139e-01, -6.78900711e-02,  3.44816823e-01,
        9.66085564e-02, -4.27374667e-01, -3.76238361e-01, -1.49030749e-01,
       -4.54892169e-01, -1.12776839e-01, -6.18761034e-03, -1.35462857e-01,
        4.57250426e-02, -3.35778188e-01, -8.63217851e-03,  2.04097337e-01,
       -2.19275513e-01, -1.84105530e-01,  2.68936033e-01, -4.60104386e-02,
        1.55686354e-01,  1.47510328e-01, -3.85152817e-01,  1.75695443e-01,
       -3.62194296e-01, -2.43536794e-01, -3.06863543e-04, -1.91710462e-01,
       -2.19544760e-01, -1.29296337e-02, -4.63477090e-01, -4.34393312e-01,
        4.69097828e-01, -2.68071456e-01,  4.83438791e-01, -1.39628080e-01,
        3.98188431e-02,  3.33512568e-01,  3.50749030e-01, -2.95394253e-02,
        2.03813141e-01,  3.30004064e-01, -5.99211157e-02, -4.28155810e-02,
       -4.04849117e-02,  2.10285967e-01, -4.88247582e-01, -2.16692471e-02,
       -3.40414837e-01, -4.41019019e-01, -6.88440842e-02, -1.87270465e-01,
        1.90678111e-01, -2.24567251e-01, -4.54154770e-01,  4.81586415e-01,
       -1.98849127e-01, -3.80809717e-01, -1.92407471e-01,  2.36159468e-01,
        1.93161600e-01, -2.93658427e-01, -2.91674074e-01,  2.65377183e-01]) 

Generation: 90 
 - Generation Avg Fit: 9.674711112983221 
 - Best Fitness: 63.172421433876906 
 - Worst Fitness: 0.0
 - Best Solution: array([ 8.11514868e-02, -4.21266139e-01, -6.78900711e-02,  3.44816823e-01,
        9.66085564e-02, -4.27374667e-01, -3.76238361e-01, -1.49030749e-01,
       -4.54892169e-01, -1.12776839e-01, -6.18761034e-03, -1.35462857e-01,
        4.57250426e-02, -3.35778188e-01, -8.63217851e-03,  2.04097337e-01,
       -2.19275513e-01, -1.84105530e-01,  2.68936033e-01, -4.60104386e-02,
        1.55686354e-01,  1.47510328e-01, -3.85152817e-01,  1.75695443e-01,
       -3.62194296e-01, -2.43536794e-01, -3.06863543e-04, -1.91710462e-01,
       -2.19544760e-01, -1.29296337e-02, -4.63477090e-01, -4.34393312e-01,
        4.69097828e-01, -2.68071456e-01,  4.83438791e-01, -1.39628080e-01,
        3.98188431e-02,  3.33512568e-01,  3.50749030e-01, -2.95394253e-02,
        2.03813141e-01,  3.30004064e-01, -5.99211157e-02, -4.28155810e-02,
       -4.04849117e-02,  2.10285967e-01, -4.88247582e-01, -2.16692471e-02,
       -3.40414837e-01, -4.41019019e-01, -6.88440842e-02, -1.87270465e-01,
        1.90678111e-01, -2.24567251e-01, -4.54154770e-01,  4.81586415e-01,
       -1.98849127e-01, -3.80809717e-01, -1.92407471e-01,  2.36159468e-01,
        1.93161600e-01, -2.93658427e-01, -2.91674074e-01,  2.65377183e-01]) 

Generation: 91 
 - Generation Avg Fit: 9.888356743039129 
 - Best Fitness: 63.172421433876906 
 - Worst Fitness: 0.0
 - Best Solution: array([ 8.11514868e-02, -4.21266139e-01, -6.78900711e-02,  3.44816823e-01,
        9.66085564e-02, -4.27374667e-01, -3.76238361e-01, -1.49030749e-01,
       -4.54892169e-01, -1.12776839e-01, -6.18761034e-03, -1.35462857e-01,
        4.57250426e-02, -3.35778188e-01, -8.63217851e-03,  2.04097337e-01,
       -2.19275513e-01, -1.84105530e-01,  2.68936033e-01, -4.60104386e-02,
        1.55686354e-01,  1.47510328e-01, -3.85152817e-01,  1.75695443e-01,
       -3.62194296e-01, -2.43536794e-01, -3.06863543e-04, -1.91710462e-01,
       -2.19544760e-01, -1.29296337e-02, -4.63477090e-01, -4.34393312e-01,
        4.69097828e-01, -2.68071456e-01,  4.83438791e-01, -1.39628080e-01,
        3.98188431e-02,  3.33512568e-01,  3.50749030e-01, -2.95394253e-02,
        2.03813141e-01,  3.30004064e-01, -5.99211157e-02, -4.28155810e-02,
       -4.04849117e-02,  2.10285967e-01, -4.88247582e-01, -2.16692471e-02,
       -3.40414837e-01, -4.41019019e-01, -6.88440842e-02, -1.87270465e-01,
        1.90678111e-01, -2.24567251e-01, -4.54154770e-01,  4.81586415e-01,
       -1.98849127e-01, -3.80809717e-01, -1.92407471e-01,  2.36159468e-01,
        1.93161600e-01, -2.93658427e-01, -2.91674074e-01,  2.65377183e-01]) 

Generation: 92 
 - Generation Avg Fit: 9.894641816695842 
 - Best Fitness: 63.172421433876906 
 - Worst Fitness: 0.0
 - Best Solution: array([ 8.11514868e-02, -4.21266139e-01, -6.78900711e-02,  3.44816823e-01,
        9.66085564e-02, -4.27374667e-01, -3.76238361e-01, -1.49030749e-01,
       -4.54892169e-01, -1.12776839e-01, -6.18761034e-03, -1.35462857e-01,
        4.57250426e-02, -3.35778188e-01, -8.63217851e-03,  2.04097337e-01,
       -2.19275513e-01, -1.84105530e-01,  2.68936033e-01, -4.60104386e-02,
        1.55686354e-01,  1.47510328e-01, -3.85152817e-01,  1.75695443e-01,
       -3.62194296e-01, -2.43536794e-01, -3.06863543e-04, -1.91710462e-01,
       -2.19544760e-01, -1.29296337e-02, -4.63477090e-01, -4.34393312e-01,
        4.69097828e-01, -2.68071456e-01,  4.83438791e-01, -1.39628080e-01,
        3.98188431e-02,  3.33512568e-01,  3.50749030e-01, -2.95394253e-02,
        2.03813141e-01,  3.30004064e-01, -5.99211157e-02, -4.28155810e-02,
       -4.04849117e-02,  2.10285967e-01, -4.88247582e-01, -2.16692471e-02,
       -3.40414837e-01, -4.41019019e-01, -6.88440842e-02, -1.87270465e-01,
        1.90678111e-01, -2.24567251e-01, -4.54154770e-01,  4.81586415e-01,
       -1.98849127e-01, -3.80809717e-01, -1.92407471e-01,  2.36159468e-01,
        1.93161600e-01, -2.93658427e-01, -2.91674074e-01,  2.65377183e-01]) 

Generation: 93 
 - Generation Avg Fit: 10.339642928196982 
 - Best Fitness: 63.172421433876906 
 - Worst Fitness: 0.0
 - Best Solution: array([ 8.11514868e-02, -4.21266139e-01, -6.78900711e-02,  3.44816823e-01,
        9.66085564e-02, -4.27374667e-01, -3.76238361e-01, -1.49030749e-01,
       -4.54892169e-01, -1.12776839e-01, -6.18761034e-03, -1.35462857e-01,
        4.57250426e-02, -3.35778188e-01, -8.63217851e-03,  2.04097337e-01,
       -2.19275513e-01, -1.84105530e-01,  2.68936033e-01, -4.60104386e-02,
        1.55686354e-01,  1.47510328e-01, -3.85152817e-01,  1.75695443e-01,
       -3.62194296e-01, -2.43536794e-01, -3.06863543e-04, -1.91710462e-01,
       -2.19544760e-01, -1.29296337e-02, -4.63477090e-01, -4.34393312e-01,
        4.69097828e-01, -2.68071456e-01,  4.83438791e-01, -1.39628080e-01,
        3.98188431e-02,  3.33512568e-01,  3.50749030e-01, -2.95394253e-02,
        2.03813141e-01,  3.30004064e-01, -5.99211157e-02, -4.28155810e-02,
       -4.04849117e-02,  2.10285967e-01, -4.88247582e-01, -2.16692471e-02,
       -3.40414837e-01, -4.41019019e-01, -6.88440842e-02, -1.87270465e-01,
        1.90678111e-01, -2.24567251e-01, -4.54154770e-01,  4.81586415e-01,
       -1.98849127e-01, -3.80809717e-01, -1.92407471e-01,  2.36159468e-01,
        1.93161600e-01, -2.93658427e-01, -2.91674074e-01,  2.65377183e-01]) 

Generation: 94 
 - Generation Avg Fit: 10.436248774095954 
 - Best Fitness: 63.172421433876906 
 - Worst Fitness: 0.0
 - Best Solution: array([ 8.11514868e-02, -4.21266139e-01, -6.78900711e-02,  3.44816823e-01,
        9.66085564e-02, -4.27374667e-01, -3.76238361e-01, -1.49030749e-01,
       -4.54892169e-01, -1.12776839e-01, -6.18761034e-03, -1.35462857e-01,
        4.57250426e-02, -3.35778188e-01, -8.63217851e-03,  2.04097337e-01,
       -2.19275513e-01, -1.84105530e-01,  2.68936033e-01, -4.60104386e-02,
        1.55686354e-01,  1.47510328e-01, -3.85152817e-01,  1.75695443e-01,
       -3.62194296e-01, -2.43536794e-01, -3.06863543e-04, -1.91710462e-01,
       -2.19544760e-01, -1.29296337e-02, -4.63477090e-01, -4.34393312e-01,
        4.69097828e-01, -2.68071456e-01,  4.83438791e-01, -1.39628080e-01,
        3.98188431e-02,  3.33512568e-01,  3.50749030e-01, -2.95394253e-02,
        2.03813141e-01,  3.30004064e-01, -5.99211157e-02, -4.28155810e-02,
       -4.04849117e-02,  2.10285967e-01, -4.88247582e-01, -2.16692471e-02,
       -3.40414837e-01, -4.41019019e-01, -6.88440842e-02, -1.87270465e-01,
        1.90678111e-01, -2.24567251e-01, -4.54154770e-01,  4.81586415e-01,
       -1.98849127e-01, -3.80809717e-01, -1.92407471e-01,  2.36159468e-01,
        1.93161600e-01, -2.93658427e-01, -2.91674074e-01,  2.65377183e-01]) 

Generation: 95 
 - Generation Avg Fit: 10.52341660631387 
 - Best Fitness: 63.172421433876906 
 - Worst Fitness: 0.0
 - Best Solution: array([ 8.11514868e-02, -4.21266139e-01, -6.78900711e-02,  3.44816823e-01,
        9.66085564e-02, -4.27374667e-01, -3.76238361e-01, -1.49030749e-01,
       -4.54892169e-01, -1.12776839e-01, -6.18761034e-03, -1.35462857e-01,
        4.57250426e-02, -3.35778188e-01, -8.63217851e-03,  2.04097337e-01,
       -2.19275513e-01, -1.84105530e-01,  2.68936033e-01, -4.60104386e-02,
        1.55686354e-01,  1.47510328e-01, -3.85152817e-01,  1.75695443e-01,
       -3.62194296e-01, -2.43536794e-01, -3.06863543e-04, -1.91710462e-01,
       -2.19544760e-01, -1.29296337e-02, -4.63477090e-01, -4.34393312e-01,
        4.69097828e-01, -2.68071456e-01,  4.83438791e-01, -1.39628080e-01,
        3.98188431e-02,  3.33512568e-01,  3.50749030e-01, -2.95394253e-02,
        2.03813141e-01,  3.30004064e-01, -5.99211157e-02, -4.28155810e-02,
       -4.04849117e-02,  2.10285967e-01, -4.88247582e-01, -2.16692471e-02,
       -3.40414837e-01, -4.41019019e-01, -6.88440842e-02, -1.87270465e-01,
        1.90678111e-01, -2.24567251e-01, -4.54154770e-01,  4.81586415e-01,
       -1.98849127e-01, -3.80809717e-01, -1.92407471e-01,  2.36159468e-01,
        1.93161600e-01, -2.93658427e-01, -2.91674074e-01,  2.65377183e-01]) 

Generation: 96 
 - Generation Avg Fit: 10.717612914977474 
 - Best Fitness: 63.172421433876906 
 - Worst Fitness: 0.0
 - Best Solution: array([ 8.11514868e-02, -4.21266139e-01, -6.78900711e-02,  3.44816823e-01,
        9.66085564e-02, -4.27374667e-01, -3.76238361e-01, -1.49030749e-01,
       -4.54892169e-01, -1.12776839e-01, -6.18761034e-03, -1.35462857e-01,
        4.57250426e-02, -3.35778188e-01, -8.63217851e-03,  2.04097337e-01,
       -2.19275513e-01, -1.84105530e-01,  2.68936033e-01, -4.60104386e-02,
        1.55686354e-01,  1.47510328e-01, -3.85152817e-01,  1.75695443e-01,
       -3.62194296e-01, -2.43536794e-01, -3.06863543e-04, -1.91710462e-01,
       -2.19544760e-01, -1.29296337e-02, -4.63477090e-01, -4.34393312e-01,
        4.69097828e-01, -2.68071456e-01,  4.83438791e-01, -1.39628080e-01,
        3.98188431e-02,  3.33512568e-01,  3.50749030e-01, -2.95394253e-02,
        2.03813141e-01,  3.30004064e-01, -5.99211157e-02, -4.28155810e-02,
       -4.04849117e-02,  2.10285967e-01, -4.88247582e-01, -2.16692471e-02,
       -3.40414837e-01, -4.41019019e-01, -6.88440842e-02, -1.87270465e-01,
        1.90678111e-01, -2.24567251e-01, -4.54154770e-01,  4.81586415e-01,
       -1.98849127e-01, -3.80809717e-01, -1.92407471e-01,  2.36159468e-01,
        1.93161600e-01, -2.93658427e-01, -2.91674074e-01,  2.65377183e-01]) 

Generation: 97 
 - Generation Avg Fit: 10.501747184855658 
 - Best Fitness: 63.172421433876906 
 - Worst Fitness: 0.0
 - Best Solution: array([ 8.11514868e-02, -4.21266139e-01, -6.78900711e-02,  3.44816823e-01,
        9.66085564e-02, -4.27374667e-01, -3.76238361e-01, -1.49030749e-01,
       -4.54892169e-01, -1.12776839e-01, -6.18761034e-03, -1.35462857e-01,
        4.57250426e-02, -3.35778188e-01, -8.63217851e-03,  2.04097337e-01,
       -2.19275513e-01, -1.84105530e-01,  2.68936033e-01, -4.60104386e-02,
        1.55686354e-01,  1.47510328e-01, -3.85152817e-01,  1.75695443e-01,
       -3.62194296e-01, -2.43536794e-01, -3.06863543e-04, -1.91710462e-01,
       -2.19544760e-01, -1.29296337e-02, -4.63477090e-01, -4.34393312e-01,
        4.69097828e-01, -2.68071456e-01,  4.83438791e-01, -1.39628080e-01,
        3.98188431e-02,  3.33512568e-01,  3.50749030e-01, -2.95394253e-02,
        2.03813141e-01,  3.30004064e-01, -5.99211157e-02, -4.28155810e-02,
       -4.04849117e-02,  2.10285967e-01, -4.88247582e-01, -2.16692471e-02,
       -3.40414837e-01, -4.41019019e-01, -6.88440842e-02, -1.87270465e-01,
        1.90678111e-01, -2.24567251e-01, -4.54154770e-01,  4.81586415e-01,
       -1.98849127e-01, -3.80809717e-01, -1.92407471e-01,  2.36159468e-01,
        1.93161600e-01, -2.93658427e-01, -2.91674074e-01,  2.65377183e-01]) 

Generation: 98 
 - Generation Avg Fit: 10.487860533667963 
 - Best Fitness: 63.172421433876906 
 - Worst Fitness: 0.0
 - Best Solution: array([ 8.11514868e-02, -4.21266139e-01, -6.78900711e-02,  3.44816823e-01,
        9.66085564e-02, -4.27374667e-01, -3.76238361e-01, -1.49030749e-01,
       -4.54892169e-01, -1.12776839e-01, -6.18761034e-03, -1.35462857e-01,
        4.57250426e-02, -3.35778188e-01, -8.63217851e-03,  2.04097337e-01,
       -2.19275513e-01, -1.84105530e-01,  2.68936033e-01, -4.60104386e-02,
        1.55686354e-01,  1.47510328e-01, -3.85152817e-01,  1.75695443e-01,
       -3.62194296e-01, -2.43536794e-01, -3.06863543e-04, -1.91710462e-01,
       -2.19544760e-01, -1.29296337e-02, -4.63477090e-01, -4.34393312e-01,
        4.69097828e-01, -2.68071456e-01,  4.83438791e-01, -1.39628080e-01,
        3.98188431e-02,  3.33512568e-01,  3.50749030e-01, -2.95394253e-02,
        2.03813141e-01,  3.30004064e-01, -5.99211157e-02, -4.28155810e-02,
       -4.04849117e-02,  2.10285967e-01, -4.88247582e-01, -2.16692471e-02,
       -3.40414837e-01, -4.41019019e-01, -6.88440842e-02, -1.87270465e-01,
        1.90678111e-01, -2.24567251e-01, -4.54154770e-01,  4.81586415e-01,
       -1.98849127e-01, -3.80809717e-01, -1.92407471e-01,  2.36159468e-01,
        1.93161600e-01, -2.93658427e-01, -2.91674074e-01,  2.65377183e-01]) 

Generation: 99 
 - Generation Avg Fit: 10.596197419422854 
 - Best Fitness: 63.172421433876906 
 - Worst Fitness: 0.0
 - Best Solution: array([ 8.11514868e-02, -4.21266139e-01, -6.78900711e-02,  3.44816823e-01,
        9.66085564e-02, -4.27374667e-01, -3.76238361e-01, -1.49030749e-01,
       -4.54892169e-01, -1.12776839e-01, -6.18761034e-03, -1.35462857e-01,
        4.57250426e-02, -3.35778188e-01, -8.63217851e-03,  2.04097337e-01,
       -2.19275513e-01, -1.84105530e-01,  2.68936033e-01, -4.60104386e-02,
        1.55686354e-01,  1.47510328e-01, -3.85152817e-01,  1.75695443e-01,
       -3.62194296e-01, -2.43536794e-01, -3.06863543e-04, -1.91710462e-01,
       -2.19544760e-01, -1.29296337e-02, -4.63477090e-01, -4.34393312e-01,
        4.69097828e-01, -2.68071456e-01,  4.83438791e-01, -1.39628080e-01,
        3.98188431e-02,  3.33512568e-01,  3.50749030e-01, -2.95394253e-02,
        2.03813141e-01,  3.30004064e-01, -5.99211157e-02, -4.28155810e-02,
       -4.04849117e-02,  2.10285967e-01, -4.88247582e-01, -2.16692471e-02,
       -3.40414837e-01, -4.41019019e-01, -6.88440842e-02, -1.87270465e-01,
        1.90678111e-01, -2.24567251e-01, -4.54154770e-01,  4.81586415e-01,
       -1.98849127e-01, -3.80809717e-01, -1.92407471e-01,  2.36159468e-01,
        1.93161600e-01, -2.93658427e-01, -2.91674074e-01,  2.65377183e-01]) 

Generation: 100 
 - Generation Avg Fit: 10.60137653481925 
 - Best Fitness: 63.172421433876906 
 - Worst Fitness: 0.0
 - Best Solution: array([ 8.11514868e-02, -4.21266139e-01, -6.78900711e-02,  3.44816823e-01,
        9.66085564e-02, -4.27374667e-01, -3.76238361e-01, -1.49030749e-01,
       -4.54892169e-01, -1.12776839e-01, -6.18761034e-03, -1.35462857e-01,
        4.57250426e-02, -3.35778188e-01, -8.63217851e-03,  2.04097337e-01,
       -2.19275513e-01, -1.84105530e-01,  2.68936033e-01, -4.60104386e-02,
        1.55686354e-01,  1.47510328e-01, -3.85152817e-01,  1.75695443e-01,
       -3.62194296e-01, -2.43536794e-01, -3.06863543e-04, -1.91710462e-01,
       -2.19544760e-01, -1.29296337e-02, -4.63477090e-01, -4.34393312e-01,
        4.69097828e-01, -2.68071456e-01,  4.83438791e-01, -1.39628080e-01,
        3.98188431e-02,  3.33512568e-01,  3.50749030e-01, -2.95394253e-02,
        2.03813141e-01,  3.30004064e-01, -5.99211157e-02, -4.28155810e-02,
       -4.04849117e-02,  2.10285967e-01, -4.88247582e-01, -2.16692471e-02,
       -3.40414837e-01, -4.41019019e-01, -6.88440842e-02, -1.87270465e-01,
        1.90678111e-01, -2.24567251e-01, -4.54154770e-01,  4.81586415e-01,
       -1.98849127e-01, -3.80809717e-01, -1.92407471e-01,  2.36159468e-01,
        1.93161600e-01, -2.93658427e-01, -2.91674074e-01,  2.65377183e-01]) 
