
-------------------------------------------------------------------------------------------------------
                                --- Method Parameters ---                                            
-------------------------------------------------------------------------------------------------------

method: PyGAD, sim_duration: 25, fitness_func: pygad_fitness, pop_size: 200, gen_size: 1000, weight_search: 0.5, 

-------------------------------------------------------------------------------------------------------
                                --- Pygad  Parameters ---                                            
-------------------------------------------------------------------------------------------------------

parent_selection_type: sss, parents mating: 200, keep parents: -1, crossover type: uniform, 
mutation type: random, mutation prob: 0.5, mutation_max_val: 0.01, mutation_min_val: -0.01, 

=======================================================================================================


Generation: 1 
 - Generation Avg Fit: 0.5134555596229665 
 - Best Fitness: 34.8407203543787
 - Best Solution: array([ 0.39803714,  0.00914718,  0.1500078 , -0.38611251,  0.41685062,
        0.00391305,  0.46670877,  0.36150358, -0.43278976,  0.14746209,
       -0.16166249,  0.11581155,  0.26025891, -0.40120317, -0.32832799,
        0.00709017, -0.01506968, -0.16408635,  0.42180661,  0.3738667 ,
        0.36403733,  0.43931295,  0.15180423,  0.14149314, -0.24320341,
       -0.06265801,  0.30394548,  0.28134214, -0.20638621, -0.20013465,
        0.4661868 , -0.4916331 , -0.08052372,  0.50322551, -0.46058362,
        0.01557552]) 

Generation: 2 
 - Generation Avg Fit: 0.5134555596229665 
 - Best Fitness: 34.8407203543787
 - Best Solution: array([-0.03652435,  0.43557232, -0.34378842,  0.33950269,  0.35941164,
       -0.12422433,  0.36262979, -0.18102567, -0.19470047,  0.29105356,
       -0.34310094, -0.18805526, -0.16267104,  0.473271  ,  0.22564147,
        0.0081811 ,  0.12932816, -0.45692438, -0.39604867, -0.11061318,
       -0.22657866,  0.35143755, -0.4962326 ,  0.24206744, -0.24773128,
       -0.1561457 ,  0.06308472, -0.06220185,  0.01363499, -0.00497033,
       -0.11777813, -0.15147358,  0.09323308, -0.19993818, -0.37825237,
        0.39470021]) 

Generation: 3 
 - Generation Avg Fit: 0.5134555596229665 
 - Best Fitness: 34.8407203543787
 - Best Solution: array([-0.03652435,  0.43557232, -0.34378842,  0.33950269,  0.35941164,
       -0.12422433,  0.36262979, -0.18102567, -0.19470047,  0.29105356,
       -0.34310094, -0.18805526, -0.16267104,  0.473271  ,  0.22564147,
        0.0081811 ,  0.12932816, -0.45692438, -0.39604867, -0.11061318,
       -0.22657866,  0.35143755, -0.4962326 ,  0.24206744, -0.24773128,
       -0.1561457 ,  0.06308472, -0.06220185,  0.01363499, -0.00497033,
       -0.11777813, -0.15147358,  0.09323308, -0.19993818, -0.37825237,
        0.39470021]) 

Generation: 4 
 - Generation Avg Fit: 0.5134555596229665 
 - Best Fitness: 34.8407203543787
 - Best Solution: array([-0.03652435,  0.43557232, -0.34378842,  0.33950269,  0.35941164,
       -0.12422433,  0.36262979, -0.18102567, -0.19470047,  0.29105356,
       -0.34310094, -0.18805526, -0.16267104,  0.473271  ,  0.22564147,
        0.0081811 ,  0.12932816, -0.45692438, -0.39604867, -0.11061318,
       -0.22657866,  0.35143755, -0.4962326 ,  0.24206744, -0.24773128,
       -0.1561457 ,  0.06308472, -0.06220185,  0.01363499, -0.00497033,
       -0.11777813, -0.15147358,  0.09323308, -0.19993818, -0.37825237,
        0.39470021]) 

Generation: 5 
 - Generation Avg Fit: 0.5134555596229665 
 - Best Fitness: 34.8407203543787
 - Best Solution: array([-0.03652435,  0.43557232, -0.34378842,  0.33950269,  0.35941164,
       -0.12422433,  0.36262979, -0.18102567, -0.19470047,  0.29105356,
       -0.34310094, -0.18805526, -0.16267104,  0.473271  ,  0.22564147,
        0.0081811 ,  0.12932816, -0.45692438, -0.39604867, -0.11061318,
       -0.22657866,  0.35143755, -0.4962326 ,  0.24206744, -0.24773128,
       -0.1561457 ,  0.06308472, -0.06220185,  0.01363499, -0.00497033,
       -0.11777813, -0.15147358,  0.09323308, -0.19993818, -0.37825237,
        0.39470021]) 

Generation: 6 
 - Generation Avg Fit: 0.5134555596229665 
 - Best Fitness: 34.8407203543787
 - Best Solution: array([-0.03652435,  0.43557232, -0.34378842,  0.33950269,  0.35941164,
       -0.12422433,  0.36262979, -0.18102567, -0.19470047,  0.29105356,
       -0.34310094, -0.18805526, -0.16267104,  0.473271  ,  0.22564147,
        0.0081811 ,  0.12932816, -0.45692438, -0.39604867, -0.11061318,
       -0.22657866,  0.35143755, -0.4962326 ,  0.24206744, -0.24773128,
       -0.1561457 ,  0.06308472, -0.06220185,  0.01363499, -0.00497033,
       -0.11777813, -0.15147358,  0.09323308, -0.19993818, -0.37825237,
        0.39470021]) 

Generation: 7 
 - Generation Avg Fit: 0.5134555596229665 
 - Best Fitness: 34.8407203543787
 - Best Solution: array([-0.03652435,  0.43557232, -0.34378842,  0.33950269,  0.35941164,
       -0.12422433,  0.36262979, -0.18102567, -0.19470047,  0.29105356,
       -0.34310094, -0.18805526, -0.16267104,  0.473271  ,  0.22564147,
        0.0081811 ,  0.12932816, -0.45692438, -0.39604867, -0.11061318,
       -0.22657866,  0.35143755, -0.4962326 ,  0.24206744, -0.24773128,
       -0.1561457 ,  0.06308472, -0.06220185,  0.01363499, -0.00497033,
       -0.11777813, -0.15147358,  0.09323308, -0.19993818, -0.37825237,
        0.39470021]) 

Generation: 8 
 - Generation Avg Fit: 0.5134555596229665 
 - Best Fitness: 34.8407203543787
 - Best Solution: array([-0.03652435,  0.43557232, -0.34378842,  0.33950269,  0.35941164,
       -0.12422433,  0.36262979, -0.18102567, -0.19470047,  0.29105356,
       -0.34310094, -0.18805526, -0.16267104,  0.473271  ,  0.22564147,
        0.0081811 ,  0.12932816, -0.45692438, -0.39604867, -0.11061318,
       -0.22657866,  0.35143755, -0.4962326 ,  0.24206744, -0.24773128,
       -0.1561457 ,  0.06308472, -0.06220185,  0.01363499, -0.00497033,
       -0.11777813, -0.15147358,  0.09323308, -0.19993818, -0.37825237,
        0.39470021]) 

Generation: 9 
 - Generation Avg Fit: 0.5134555596229665 
 - Best Fitness: 34.8407203543787
 - Best Solution: array([-0.03652435,  0.43557232, -0.34378842,  0.33950269,  0.35941164,
       -0.12422433,  0.36262979, -0.18102567, -0.19470047,  0.29105356,
       -0.34310094, -0.18805526, -0.16267104,  0.473271  ,  0.22564147,
        0.0081811 ,  0.12932816, -0.45692438, -0.39604867, -0.11061318,
       -0.22657866,  0.35143755, -0.4962326 ,  0.24206744, -0.24773128,
       -0.1561457 ,  0.06308472, -0.06220185,  0.01363499, -0.00497033,
       -0.11777813, -0.15147358,  0.09323308, -0.19993818, -0.37825237,
        0.39470021]) 

Generation: 10 
 - Generation Avg Fit: 0.5134555596229665 
 - Best Fitness: 34.8407203543787
 - Best Solution: array([-0.03652435,  0.43557232, -0.34378842,  0.33950269,  0.35941164,
       -0.12422433,  0.36262979, -0.18102567, -0.19470047,  0.29105356,
       -0.34310094, -0.18805526, -0.16267104,  0.473271  ,  0.22564147,
        0.0081811 ,  0.12932816, -0.45692438, -0.39604867, -0.11061318,
       -0.22657866,  0.35143755, -0.4962326 ,  0.24206744, -0.24773128,
       -0.1561457 ,  0.06308472, -0.06220185,  0.01363499, -0.00497033,
       -0.11777813, -0.15147358,  0.09323308, -0.19993818, -0.37825237,
        0.39470021]) 

Generation: 11 
 - Generation Avg Fit: 0.5134555596229665 
 - Best Fitness: 34.8407203543787
 - Best Solution: array([-0.03652435,  0.43557232, -0.34378842,  0.33950269,  0.35941164,
       -0.12422433,  0.36262979, -0.18102567, -0.19470047,  0.29105356,
       -0.34310094, -0.18805526, -0.16267104,  0.473271  ,  0.22564147,
        0.0081811 ,  0.12932816, -0.45692438, -0.39604867, -0.11061318,
       -0.22657866,  0.35143755, -0.4962326 ,  0.24206744, -0.24773128,
       -0.1561457 ,  0.06308472, -0.06220185,  0.01363499, -0.00497033,
       -0.11777813, -0.15147358,  0.09323308, -0.19993818, -0.37825237,
        0.39470021]) 

Generation: 12 
 - Generation Avg Fit: 0.5134555596229665 
 - Best Fitness: 34.8407203543787
 - Best Solution: array([-0.03652435,  0.43557232, -0.34378842,  0.33950269,  0.35941164,
       -0.12422433,  0.36262979, -0.18102567, -0.19470047,  0.29105356,
       -0.34310094, -0.18805526, -0.16267104,  0.473271  ,  0.22564147,
        0.0081811 ,  0.12932816, -0.45692438, -0.39604867, -0.11061318,
       -0.22657866,  0.35143755, -0.4962326 ,  0.24206744, -0.24773128,
       -0.1561457 ,  0.06308472, -0.06220185,  0.01363499, -0.00497033,
       -0.11777813, -0.15147358,  0.09323308, -0.19993818, -0.37825237,
        0.39470021]) 

Generation: 13 
 - Generation Avg Fit: 0.5134555596229665 
 - Best Fitness: 34.8407203543787
 - Best Solution: array([-0.03652435,  0.43557232, -0.34378842,  0.33950269,  0.35941164,
       -0.12422433,  0.36262979, -0.18102567, -0.19470047,  0.29105356,
       -0.34310094, -0.18805526, -0.16267104,  0.473271  ,  0.22564147,
        0.0081811 ,  0.12932816, -0.45692438, -0.39604867, -0.11061318,
       -0.22657866,  0.35143755, -0.4962326 ,  0.24206744, -0.24773128,
       -0.1561457 ,  0.06308472, -0.06220185,  0.01363499, -0.00497033,
       -0.11777813, -0.15147358,  0.09323308, -0.19993818, -0.37825237,
        0.39470021]) 

Generation: 14 
 - Generation Avg Fit: 0.5134555596229665 
 - Best Fitness: 34.8407203543787
 - Best Solution: array([-0.03652435,  0.43557232, -0.34378842,  0.33950269,  0.35941164,
       -0.12422433,  0.36262979, -0.18102567, -0.19470047,  0.29105356,
       -0.34310094, -0.18805526, -0.16267104,  0.473271  ,  0.22564147,
        0.0081811 ,  0.12932816, -0.45692438, -0.39604867, -0.11061318,
       -0.22657866,  0.35143755, -0.4962326 ,  0.24206744, -0.24773128,
       -0.1561457 ,  0.06308472, -0.06220185,  0.01363499, -0.00497033,
       -0.11777813, -0.15147358,  0.09323308, -0.19993818, -0.37825237,
        0.39470021]) 

Generation: 15 
 - Generation Avg Fit: 0.5134555596229665 
 - Best Fitness: 34.8407203543787
 - Best Solution: array([-0.03652435,  0.43557232, -0.34378842,  0.33950269,  0.35941164,
       -0.12422433,  0.36262979, -0.18102567, -0.19470047,  0.29105356,
       -0.34310094, -0.18805526, -0.16267104,  0.473271  ,  0.22564147,
        0.0081811 ,  0.12932816, -0.45692438, -0.39604867, -0.11061318,
       -0.22657866,  0.35143755, -0.4962326 ,  0.24206744, -0.24773128,
       -0.1561457 ,  0.06308472, -0.06220185,  0.01363499, -0.00497033,
       -0.11777813, -0.15147358,  0.09323308, -0.19993818, -0.37825237,
        0.39470021]) 

Generation: 16 
 - Generation Avg Fit: 0.5134555596229665 
 - Best Fitness: 34.8407203543787
 - Best Solution: array([-0.03652435,  0.43557232, -0.34378842,  0.33950269,  0.35941164,
       -0.12422433,  0.36262979, -0.18102567, -0.19470047,  0.29105356,
       -0.34310094, -0.18805526, -0.16267104,  0.473271  ,  0.22564147,
        0.0081811 ,  0.12932816, -0.45692438, -0.39604867, -0.11061318,
       -0.22657866,  0.35143755, -0.4962326 ,  0.24206744, -0.24773128,
       -0.1561457 ,  0.06308472, -0.06220185,  0.01363499, -0.00497033,
       -0.11777813, -0.15147358,  0.09323308, -0.19993818, -0.37825237,
        0.39470021]) 

Generation: 17 
 - Generation Avg Fit: 0.5134555596229665 
 - Best Fitness: 34.8407203543787
 - Best Solution: array([-0.03652435,  0.43557232, -0.34378842,  0.33950269,  0.35941164,
       -0.12422433,  0.36262979, -0.18102567, -0.19470047,  0.29105356,
       -0.34310094, -0.18805526, -0.16267104,  0.473271  ,  0.22564147,
        0.0081811 ,  0.12932816, -0.45692438, -0.39604867, -0.11061318,
       -0.22657866,  0.35143755, -0.4962326 ,  0.24206744, -0.24773128,
       -0.1561457 ,  0.06308472, -0.06220185,  0.01363499, -0.00497033,
       -0.11777813, -0.15147358,  0.09323308, -0.19993818, -0.37825237,
        0.39470021]) 

Generation: 18 
 - Generation Avg Fit: 0.5134555596229665 
 - Best Fitness: 34.8407203543787
 - Best Solution: array([-0.03652435,  0.43557232, -0.34378842,  0.33950269,  0.35941164,
       -0.12422433,  0.36262979, -0.18102567, -0.19470047,  0.29105356,
       -0.34310094, -0.18805526, -0.16267104,  0.473271  ,  0.22564147,
        0.0081811 ,  0.12932816, -0.45692438, -0.39604867, -0.11061318,
       -0.22657866,  0.35143755, -0.4962326 ,  0.24206744, -0.24773128,
       -0.1561457 ,  0.06308472, -0.06220185,  0.01363499, -0.00497033,
       -0.11777813, -0.15147358,  0.09323308, -0.19993818, -0.37825237,
        0.39470021]) 

Generation: 19 
 - Generation Avg Fit: 0.5134555596229665 
 - Best Fitness: 34.8407203543787
 - Best Solution: array([-0.03652435,  0.43557232, -0.34378842,  0.33950269,  0.35941164,
       -0.12422433,  0.36262979, -0.18102567, -0.19470047,  0.29105356,
       -0.34310094, -0.18805526, -0.16267104,  0.473271  ,  0.22564147,
        0.0081811 ,  0.12932816, -0.45692438, -0.39604867, -0.11061318,
       -0.22657866,  0.35143755, -0.4962326 ,  0.24206744, -0.24773128,
       -0.1561457 ,  0.06308472, -0.06220185,  0.01363499, -0.00497033,
       -0.11777813, -0.15147358,  0.09323308, -0.19993818, -0.37825237,
        0.39470021]) 

Generation: 20 
 - Generation Avg Fit: 0.5134555596229665 
 - Best Fitness: 34.8407203543787
 - Best Solution: array([-0.03652435,  0.43557232, -0.34378842,  0.33950269,  0.35941164,
       -0.12422433,  0.36262979, -0.18102567, -0.19470047,  0.29105356,
       -0.34310094, -0.18805526, -0.16267104,  0.473271  ,  0.22564147,
        0.0081811 ,  0.12932816, -0.45692438, -0.39604867, -0.11061318,
       -0.22657866,  0.35143755, -0.4962326 ,  0.24206744, -0.24773128,
       -0.1561457 ,  0.06308472, -0.06220185,  0.01363499, -0.00497033,
       -0.11777813, -0.15147358,  0.09323308, -0.19993818, -0.37825237,
        0.39470021]) 

Generation: 21 
 - Generation Avg Fit: 0.5134555596229665 
 - Best Fitness: 34.8407203543787
 - Best Solution: array([-0.03652435,  0.43557232, -0.34378842,  0.33950269,  0.35941164,
       -0.12422433,  0.36262979, -0.18102567, -0.19470047,  0.29105356,
       -0.34310094, -0.18805526, -0.16267104,  0.473271  ,  0.22564147,
        0.0081811 ,  0.12932816, -0.45692438, -0.39604867, -0.11061318,
       -0.22657866,  0.35143755, -0.4962326 ,  0.24206744, -0.24773128,
       -0.1561457 ,  0.06308472, -0.06220185,  0.01363499, -0.00497033,
       -0.11777813, -0.15147358,  0.09323308, -0.19993818, -0.37825237,
        0.39470021]) 

Generation: 22 
 - Generation Avg Fit: 0.5134555596229665 
 - Best Fitness: 34.8407203543787
 - Best Solution: array([-0.03652435,  0.43557232, -0.34378842,  0.33950269,  0.35941164,
       -0.12422433,  0.36262979, -0.18102567, -0.19470047,  0.29105356,
       -0.34310094, -0.18805526, -0.16267104,  0.473271  ,  0.22564147,
        0.0081811 ,  0.12932816, -0.45692438, -0.39604867, -0.11061318,
       -0.22657866,  0.35143755, -0.4962326 ,  0.24206744, -0.24773128,
       -0.1561457 ,  0.06308472, -0.06220185,  0.01363499, -0.00497033,
       -0.11777813, -0.15147358,  0.09323308, -0.19993818, -0.37825237,
        0.39470021]) 

Generation: 23 
 - Generation Avg Fit: 0.5134555596229665 
 - Best Fitness: 34.8407203543787
 - Best Solution: array([-0.03652435,  0.43557232, -0.34378842,  0.33950269,  0.35941164,
       -0.12422433,  0.36262979, -0.18102567, -0.19470047,  0.29105356,
       -0.34310094, -0.18805526, -0.16267104,  0.473271  ,  0.22564147,
        0.0081811 ,  0.12932816, -0.45692438, -0.39604867, -0.11061318,
       -0.22657866,  0.35143755, -0.4962326 ,  0.24206744, -0.24773128,
       -0.1561457 ,  0.06308472, -0.06220185,  0.01363499, -0.00497033,
       -0.11777813, -0.15147358,  0.09323308, -0.19993818, -0.37825237,
        0.39470021]) 

Generation: 24 
 - Generation Avg Fit: 0.5134555596229665 
 - Best Fitness: 34.8407203543787
 - Best Solution: array([-0.03652435,  0.43557232, -0.34378842,  0.33950269,  0.35941164,
       -0.12422433,  0.36262979, -0.18102567, -0.19470047,  0.29105356,
       -0.34310094, -0.18805526, -0.16267104,  0.473271  ,  0.22564147,
        0.0081811 ,  0.12932816, -0.45692438, -0.39604867, -0.11061318,
       -0.22657866,  0.35143755, -0.4962326 ,  0.24206744, -0.24773128,
       -0.1561457 ,  0.06308472, -0.06220185,  0.01363499, -0.00497033,
       -0.11777813, -0.15147358,  0.09323308, -0.19993818, -0.37825237,
        0.39470021]) 

Generation: 25 
 - Generation Avg Fit: 0.5134555596229665 
 - Best Fitness: 34.8407203543787
 - Best Solution: array([-0.03652435,  0.43557232, -0.34378842,  0.33950269,  0.35941164,
       -0.12422433,  0.36262979, -0.18102567, -0.19470047,  0.29105356,
       -0.34310094, -0.18805526, -0.16267104,  0.473271  ,  0.22564147,
        0.0081811 ,  0.12932816, -0.45692438, -0.39604867, -0.11061318,
       -0.22657866,  0.35143755, -0.4962326 ,  0.24206744, -0.24773128,
       -0.1561457 ,  0.06308472, -0.06220185,  0.01363499, -0.00497033,
       -0.11777813, -0.15147358,  0.09323308, -0.19993818, -0.37825237,
        0.39470021]) 

Generation: 26 
 - Generation Avg Fit: 0.5134555596229665 
 - Best Fitness: 34.8407203543787
 - Best Solution: array([-0.03652435,  0.43557232, -0.34378842,  0.33950269,  0.35941164,
       -0.12422433,  0.36262979, -0.18102567, -0.19470047,  0.29105356,
       -0.34310094, -0.18805526, -0.16267104,  0.473271  ,  0.22564147,
        0.0081811 ,  0.12932816, -0.45692438, -0.39604867, -0.11061318,
       -0.22657866,  0.35143755, -0.4962326 ,  0.24206744, -0.24773128,
       -0.1561457 ,  0.06308472, -0.06220185,  0.01363499, -0.00497033,
       -0.11777813, -0.15147358,  0.09323308, -0.19993818, -0.37825237,
        0.39470021]) 

Generation: 27 
 - Generation Avg Fit: 0.5134555596229665 
 - Best Fitness: 34.8407203543787
 - Best Solution: array([-0.03652435,  0.43557232, -0.34378842,  0.33950269,  0.35941164,
       -0.12422433,  0.36262979, -0.18102567, -0.19470047,  0.29105356,
       -0.34310094, -0.18805526, -0.16267104,  0.473271  ,  0.22564147,
        0.0081811 ,  0.12932816, -0.45692438, -0.39604867, -0.11061318,
       -0.22657866,  0.35143755, -0.4962326 ,  0.24206744, -0.24773128,
       -0.1561457 ,  0.06308472, -0.06220185,  0.01363499, -0.00497033,
       -0.11777813, -0.15147358,  0.09323308, -0.19993818, -0.37825237,
        0.39470021]) 

Generation: 28 
 - Generation Avg Fit: 0.5134555596229665 
 - Best Fitness: 34.8407203543787
 - Best Solution: array([-0.03652435,  0.43557232, -0.34378842,  0.33950269,  0.35941164,
       -0.12422433,  0.36262979, -0.18102567, -0.19470047,  0.29105356,
       -0.34310094, -0.18805526, -0.16267104,  0.473271  ,  0.22564147,
        0.0081811 ,  0.12932816, -0.45692438, -0.39604867, -0.11061318,
       -0.22657866,  0.35143755, -0.4962326 ,  0.24206744, -0.24773128,
       -0.1561457 ,  0.06308472, -0.06220185,  0.01363499, -0.00497033,
       -0.11777813, -0.15147358,  0.09323308, -0.19993818, -0.37825237,
        0.39470021]) 

Generation: 29 
 - Generation Avg Fit: 0.5134555596229665 
 - Best Fitness: 34.8407203543787
 - Best Solution: array([-0.03652435,  0.43557232, -0.34378842,  0.33950269,  0.35941164,
       -0.12422433,  0.36262979, -0.18102567, -0.19470047,  0.29105356,
       -0.34310094, -0.18805526, -0.16267104,  0.473271  ,  0.22564147,
        0.0081811 ,  0.12932816, -0.45692438, -0.39604867, -0.11061318,
       -0.22657866,  0.35143755, -0.4962326 ,  0.24206744, -0.24773128,
       -0.1561457 ,  0.06308472, -0.06220185,  0.01363499, -0.00497033,
       -0.11777813, -0.15147358,  0.09323308, -0.19993818, -0.37825237,
        0.39470021]) 

Generation: 30 
 - Generation Avg Fit: 0.5134555596229665 
 - Best Fitness: 34.8407203543787
 - Best Solution: array([-0.03652435,  0.43557232, -0.34378842,  0.33950269,  0.35941164,
       -0.12422433,  0.36262979, -0.18102567, -0.19470047,  0.29105356,
       -0.34310094, -0.18805526, -0.16267104,  0.473271  ,  0.22564147,
        0.0081811 ,  0.12932816, -0.45692438, -0.39604867, -0.11061318,
       -0.22657866,  0.35143755, -0.4962326 ,  0.24206744, -0.24773128,
       -0.1561457 ,  0.06308472, -0.06220185,  0.01363499, -0.00497033,
       -0.11777813, -0.15147358,  0.09323308, -0.19993818, -0.37825237,
        0.39470021]) 

Generation: 31 
 - Generation Avg Fit: 0.5134555596229665 
 - Best Fitness: 34.8407203543787
 - Best Solution: array([-0.03652435,  0.43557232, -0.34378842,  0.33950269,  0.35941164,
       -0.12422433,  0.36262979, -0.18102567, -0.19470047,  0.29105356,
       -0.34310094, -0.18805526, -0.16267104,  0.473271  ,  0.22564147,
        0.0081811 ,  0.12932816, -0.45692438, -0.39604867, -0.11061318,
       -0.22657866,  0.35143755, -0.4962326 ,  0.24206744, -0.24773128,
       -0.1561457 ,  0.06308472, -0.06220185,  0.01363499, -0.00497033,
       -0.11777813, -0.15147358,  0.09323308, -0.19993818, -0.37825237,
        0.39470021]) 

Generation: 32 
 - Generation Avg Fit: 0.5134555596229665 
 - Best Fitness: 34.8407203543787
 - Best Solution: array([-0.03652435,  0.43557232, -0.34378842,  0.33950269,  0.35941164,
       -0.12422433,  0.36262979, -0.18102567, -0.19470047,  0.29105356,
       -0.34310094, -0.18805526, -0.16267104,  0.473271  ,  0.22564147,
        0.0081811 ,  0.12932816, -0.45692438, -0.39604867, -0.11061318,
       -0.22657866,  0.35143755, -0.4962326 ,  0.24206744, -0.24773128,
       -0.1561457 ,  0.06308472, -0.06220185,  0.01363499, -0.00497033,
       -0.11777813, -0.15147358,  0.09323308, -0.19993818, -0.37825237,
        0.39470021]) 

Generation: 33 
 - Generation Avg Fit: 0.5134555596229665 
 - Best Fitness: 34.8407203543787
 - Best Solution: array([-0.03652435,  0.43557232, -0.34378842,  0.33950269,  0.35941164,
       -0.12422433,  0.36262979, -0.18102567, -0.19470047,  0.29105356,
       -0.34310094, -0.18805526, -0.16267104,  0.473271  ,  0.22564147,
        0.0081811 ,  0.12932816, -0.45692438, -0.39604867, -0.11061318,
       -0.22657866,  0.35143755, -0.4962326 ,  0.24206744, -0.24773128,
       -0.1561457 ,  0.06308472, -0.06220185,  0.01363499, -0.00497033,
       -0.11777813, -0.15147358,  0.09323308, -0.19993818, -0.37825237,
        0.39470021]) 

Generation: 34 
 - Generation Avg Fit: 0.5134555596229665 
 - Best Fitness: 34.8407203543787
 - Best Solution: array([-0.03652435,  0.43557232, -0.34378842,  0.33950269,  0.35941164,
       -0.12422433,  0.36262979, -0.18102567, -0.19470047,  0.29105356,
       -0.34310094, -0.18805526, -0.16267104,  0.473271  ,  0.22564147,
        0.0081811 ,  0.12932816, -0.45692438, -0.39604867, -0.11061318,
       -0.22657866,  0.35143755, -0.4962326 ,  0.24206744, -0.24773128,
       -0.1561457 ,  0.06308472, -0.06220185,  0.01363499, -0.00497033,
       -0.11777813, -0.15147358,  0.09323308, -0.19993818, -0.37825237,
        0.39470021]) 

Generation: 35 
 - Generation Avg Fit: 0.5134555596229665 
 - Best Fitness: 34.8407203543787
 - Best Solution: array([-0.03652435,  0.43557232, -0.34378842,  0.33950269,  0.35941164,
       -0.12422433,  0.36262979, -0.18102567, -0.19470047,  0.29105356,
       -0.34310094, -0.18805526, -0.16267104,  0.473271  ,  0.22564147,
        0.0081811 ,  0.12932816, -0.45692438, -0.39604867, -0.11061318,
       -0.22657866,  0.35143755, -0.4962326 ,  0.24206744, -0.24773128,
       -0.1561457 ,  0.06308472, -0.06220185,  0.01363499, -0.00497033,
       -0.11777813, -0.15147358,  0.09323308, -0.19993818, -0.37825237,
        0.39470021]) 

Generation: 36 
 - Generation Avg Fit: 0.5134555596229665 
 - Best Fitness: 34.8407203543787
 - Best Solution: array([-0.03652435,  0.43557232, -0.34378842,  0.33950269,  0.35941164,
       -0.12422433,  0.36262979, -0.18102567, -0.19470047,  0.29105356,
       -0.34310094, -0.18805526, -0.16267104,  0.473271  ,  0.22564147,
        0.0081811 ,  0.12932816, -0.45692438, -0.39604867, -0.11061318,
       -0.22657866,  0.35143755, -0.4962326 ,  0.24206744, -0.24773128,
       -0.1561457 ,  0.06308472, -0.06220185,  0.01363499, -0.00497033,
       -0.11777813, -0.15147358,  0.09323308, -0.19993818, -0.37825237,
        0.39470021]) 

Generation: 37 
 - Generation Avg Fit: 0.5134555596229665 
 - Best Fitness: 34.8407203543787
 - Best Solution: array([-0.03652435,  0.43557232, -0.34378842,  0.33950269,  0.35941164,
       -0.12422433,  0.36262979, -0.18102567, -0.19470047,  0.29105356,
       -0.34310094, -0.18805526, -0.16267104,  0.473271  ,  0.22564147,
        0.0081811 ,  0.12932816, -0.45692438, -0.39604867, -0.11061318,
       -0.22657866,  0.35143755, -0.4962326 ,  0.24206744, -0.24773128,
       -0.1561457 ,  0.06308472, -0.06220185,  0.01363499, -0.00497033,
       -0.11777813, -0.15147358,  0.09323308, -0.19993818, -0.37825237,
        0.39470021]) 

Generation: 38 
 - Generation Avg Fit: 0.5134555596229665 
 - Best Fitness: 34.8407203543787
 - Best Solution: array([-0.03652435,  0.43557232, -0.34378842,  0.33950269,  0.35941164,
       -0.12422433,  0.36262979, -0.18102567, -0.19470047,  0.29105356,
       -0.34310094, -0.18805526, -0.16267104,  0.473271  ,  0.22564147,
        0.0081811 ,  0.12932816, -0.45692438, -0.39604867, -0.11061318,
       -0.22657866,  0.35143755, -0.4962326 ,  0.24206744, -0.24773128,
       -0.1561457 ,  0.06308472, -0.06220185,  0.01363499, -0.00497033,
       -0.11777813, -0.15147358,  0.09323308, -0.19993818, -0.37825237,
        0.39470021]) 

Generation: 39 
 - Generation Avg Fit: 0.5134555596229665 
 - Best Fitness: 34.8407203543787
 - Best Solution: array([-0.03652435,  0.43557232, -0.34378842,  0.33950269,  0.35941164,
       -0.12422433,  0.36262979, -0.18102567, -0.19470047,  0.29105356,
       -0.34310094, -0.18805526, -0.16267104,  0.473271  ,  0.22564147,
        0.0081811 ,  0.12932816, -0.45692438, -0.39604867, -0.11061318,
       -0.22657866,  0.35143755, -0.4962326 ,  0.24206744, -0.24773128,
       -0.1561457 ,  0.06308472, -0.06220185,  0.01363499, -0.00497033,
       -0.11777813, -0.15147358,  0.09323308, -0.19993818, -0.37825237,
        0.39470021]) 

Generation: 40 
 - Generation Avg Fit: 0.5134555596229665 
 - Best Fitness: 34.8407203543787
 - Best Solution: array([-0.03652435,  0.43557232, -0.34378842,  0.33950269,  0.35941164,
       -0.12422433,  0.36262979, -0.18102567, -0.19470047,  0.29105356,
       -0.34310094, -0.18805526, -0.16267104,  0.473271  ,  0.22564147,
        0.0081811 ,  0.12932816, -0.45692438, -0.39604867, -0.11061318,
       -0.22657866,  0.35143755, -0.4962326 ,  0.24206744, -0.24773128,
       -0.1561457 ,  0.06308472, -0.06220185,  0.01363499, -0.00497033,
       -0.11777813, -0.15147358,  0.09323308, -0.19993818, -0.37825237,
        0.39470021]) 

Generation: 41 
 - Generation Avg Fit: 0.5134555596229665 
 - Best Fitness: 34.8407203543787
 - Best Solution: array([-0.03652435,  0.43557232, -0.34378842,  0.33950269,  0.35941164,
       -0.12422433,  0.36262979, -0.18102567, -0.19470047,  0.29105356,
       -0.34310094, -0.18805526, -0.16267104,  0.473271  ,  0.22564147,
        0.0081811 ,  0.12932816, -0.45692438, -0.39604867, -0.11061318,
       -0.22657866,  0.35143755, -0.4962326 ,  0.24206744, -0.24773128,
       -0.1561457 ,  0.06308472, -0.06220185,  0.01363499, -0.00497033,
       -0.11777813, -0.15147358,  0.09323308, -0.19993818, -0.37825237,
        0.39470021]) 

Generation: 42 
 - Generation Avg Fit: 0.5134555596229665 
 - Best Fitness: 34.8407203543787
 - Best Solution: array([-0.03652435,  0.43557232, -0.34378842,  0.33950269,  0.35941164,
       -0.12422433,  0.36262979, -0.18102567, -0.19470047,  0.29105356,
       -0.34310094, -0.18805526, -0.16267104,  0.473271  ,  0.22564147,
        0.0081811 ,  0.12932816, -0.45692438, -0.39604867, -0.11061318,
       -0.22657866,  0.35143755, -0.4962326 ,  0.24206744, -0.24773128,
       -0.1561457 ,  0.06308472, -0.06220185,  0.01363499, -0.00497033,
       -0.11777813, -0.15147358,  0.09323308, -0.19993818, -0.37825237,
        0.39470021]) 

Generation: 43 
 - Generation Avg Fit: 0.5134555596229665 
 - Best Fitness: 34.8407203543787
 - Best Solution: array([-0.03652435,  0.43557232, -0.34378842,  0.33950269,  0.35941164,
       -0.12422433,  0.36262979, -0.18102567, -0.19470047,  0.29105356,
       -0.34310094, -0.18805526, -0.16267104,  0.473271  ,  0.22564147,
        0.0081811 ,  0.12932816, -0.45692438, -0.39604867, -0.11061318,
       -0.22657866,  0.35143755, -0.4962326 ,  0.24206744, -0.24773128,
       -0.1561457 ,  0.06308472, -0.06220185,  0.01363499, -0.00497033,
       -0.11777813, -0.15147358,  0.09323308, -0.19993818, -0.37825237,
        0.39470021]) 

Generation: 44 
 - Generation Avg Fit: 0.5134555596229665 
 - Best Fitness: 34.8407203543787
 - Best Solution: array([-0.03652435,  0.43557232, -0.34378842,  0.33950269,  0.35941164,
       -0.12422433,  0.36262979, -0.18102567, -0.19470047,  0.29105356,
       -0.34310094, -0.18805526, -0.16267104,  0.473271  ,  0.22564147,
        0.0081811 ,  0.12932816, -0.45692438, -0.39604867, -0.11061318,
       -0.22657866,  0.35143755, -0.4962326 ,  0.24206744, -0.24773128,
       -0.1561457 ,  0.06308472, -0.06220185,  0.01363499, -0.00497033,
       -0.11777813, -0.15147358,  0.09323308, -0.19993818, -0.37825237,
        0.39470021]) 

Generation: 45 
 - Generation Avg Fit: 0.5134555596229665 
 - Best Fitness: 34.8407203543787
 - Best Solution: array([-0.03652435,  0.43557232, -0.34378842,  0.33950269,  0.35941164,
       -0.12422433,  0.36262979, -0.18102567, -0.19470047,  0.29105356,
       -0.34310094, -0.18805526, -0.16267104,  0.473271  ,  0.22564147,
        0.0081811 ,  0.12932816, -0.45692438, -0.39604867, -0.11061318,
       -0.22657866,  0.35143755, -0.4962326 ,  0.24206744, -0.24773128,
       -0.1561457 ,  0.06308472, -0.06220185,  0.01363499, -0.00497033,
       -0.11777813, -0.15147358,  0.09323308, -0.19993818, -0.37825237,
        0.39470021]) 

Generation: 46 
 - Generation Avg Fit: 0.5134555596229665 
 - Best Fitness: 34.8407203543787
 - Best Solution: array([-0.03652435,  0.43557232, -0.34378842,  0.33950269,  0.35941164,
       -0.12422433,  0.36262979, -0.18102567, -0.19470047,  0.29105356,
       -0.34310094, -0.18805526, -0.16267104,  0.473271  ,  0.22564147,
        0.0081811 ,  0.12932816, -0.45692438, -0.39604867, -0.11061318,
       -0.22657866,  0.35143755, -0.4962326 ,  0.24206744, -0.24773128,
       -0.1561457 ,  0.06308472, -0.06220185,  0.01363499, -0.00497033,
       -0.11777813, -0.15147358,  0.09323308, -0.19993818, -0.37825237,
        0.39470021]) 

Generation: 47 
 - Generation Avg Fit: 0.5134555596229665 
 - Best Fitness: 34.8407203543787
 - Best Solution: array([-0.03652435,  0.43557232, -0.34378842,  0.33950269,  0.35941164,
       -0.12422433,  0.36262979, -0.18102567, -0.19470047,  0.29105356,
       -0.34310094, -0.18805526, -0.16267104,  0.473271  ,  0.22564147,
        0.0081811 ,  0.12932816, -0.45692438, -0.39604867, -0.11061318,
       -0.22657866,  0.35143755, -0.4962326 ,  0.24206744, -0.24773128,
       -0.1561457 ,  0.06308472, -0.06220185,  0.01363499, -0.00497033,
       -0.11777813, -0.15147358,  0.09323308, -0.19993818, -0.37825237,
        0.39470021]) 

Generation: 48 
 - Generation Avg Fit: 0.5134555596229665 
 - Best Fitness: 34.8407203543787
 - Best Solution: array([-0.03652435,  0.43557232, -0.34378842,  0.33950269,  0.35941164,
       -0.12422433,  0.36262979, -0.18102567, -0.19470047,  0.29105356,
       -0.34310094, -0.18805526, -0.16267104,  0.473271  ,  0.22564147,
        0.0081811 ,  0.12932816, -0.45692438, -0.39604867, -0.11061318,
       -0.22657866,  0.35143755, -0.4962326 ,  0.24206744, -0.24773128,
       -0.1561457 ,  0.06308472, -0.06220185,  0.01363499, -0.00497033,
       -0.11777813, -0.15147358,  0.09323308, -0.19993818, -0.37825237,
        0.39470021]) 

Generation: 49 
 - Generation Avg Fit: 0.5134555596229665 
 - Best Fitness: 34.8407203543787
 - Best Solution: array([-0.03652435,  0.43557232, -0.34378842,  0.33950269,  0.35941164,
       -0.12422433,  0.36262979, -0.18102567, -0.19470047,  0.29105356,
       -0.34310094, -0.18805526, -0.16267104,  0.473271  ,  0.22564147,
        0.0081811 ,  0.12932816, -0.45692438, -0.39604867, -0.11061318,
       -0.22657866,  0.35143755, -0.4962326 ,  0.24206744, -0.24773128,
       -0.1561457 ,  0.06308472, -0.06220185,  0.01363499, -0.00497033,
       -0.11777813, -0.15147358,  0.09323308, -0.19993818, -0.37825237,
        0.39470021]) 

Generation: 50 
 - Generation Avg Fit: 0.5134555596229665 
 - Best Fitness: 34.8407203543787
 - Best Solution: array([-0.03652435,  0.43557232, -0.34378842,  0.33950269,  0.35941164,
       -0.12422433,  0.36262979, -0.18102567, -0.19470047,  0.29105356,
       -0.34310094, -0.18805526, -0.16267104,  0.473271  ,  0.22564147,
        0.0081811 ,  0.12932816, -0.45692438, -0.39604867, -0.11061318,
       -0.22657866,  0.35143755, -0.4962326 ,  0.24206744, -0.24773128,
       -0.1561457 ,  0.06308472, -0.06220185,  0.01363499, -0.00497033,
       -0.11777813, -0.15147358,  0.09323308, -0.19993818, -0.37825237,
        0.39470021]) 

Generation: 51 
 - Generation Avg Fit: 0.5134555596229665 
 - Best Fitness: 34.8407203543787
 - Best Solution: array([-0.03652435,  0.43557232, -0.34378842,  0.33950269,  0.35941164,
       -0.12422433,  0.36262979, -0.18102567, -0.19470047,  0.29105356,
       -0.34310094, -0.18805526, -0.16267104,  0.473271  ,  0.22564147,
        0.0081811 ,  0.12932816, -0.45692438, -0.39604867, -0.11061318,
       -0.22657866,  0.35143755, -0.4962326 ,  0.24206744, -0.24773128,
       -0.1561457 ,  0.06308472, -0.06220185,  0.01363499, -0.00497033,
       -0.11777813, -0.15147358,  0.09323308, -0.19993818, -0.37825237,
        0.39470021]) 

Generation: 52 
 - Generation Avg Fit: 0.5134555596229665 
 - Best Fitness: 34.8407203543787
 - Best Solution: array([-0.03652435,  0.43557232, -0.34378842,  0.33950269,  0.35941164,
       -0.12422433,  0.36262979, -0.18102567, -0.19470047,  0.29105356,
       -0.34310094, -0.18805526, -0.16267104,  0.473271  ,  0.22564147,
        0.0081811 ,  0.12932816, -0.45692438, -0.39604867, -0.11061318,
       -0.22657866,  0.35143755, -0.4962326 ,  0.24206744, -0.24773128,
       -0.1561457 ,  0.06308472, -0.06220185,  0.01363499, -0.00497033,
       -0.11777813, -0.15147358,  0.09323308, -0.19993818, -0.37825237,
        0.39470021]) 

Generation: 53 
 - Generation Avg Fit: 0.5134555596229665 
 - Best Fitness: 34.8407203543787
 - Best Solution: array([-0.03652435,  0.43557232, -0.34378842,  0.33950269,  0.35941164,
       -0.12422433,  0.36262979, -0.18102567, -0.19470047,  0.29105356,
       -0.34310094, -0.18805526, -0.16267104,  0.473271  ,  0.22564147,
        0.0081811 ,  0.12932816, -0.45692438, -0.39604867, -0.11061318,
       -0.22657866,  0.35143755, -0.4962326 ,  0.24206744, -0.24773128,
       -0.1561457 ,  0.06308472, -0.06220185,  0.01363499, -0.00497033,
       -0.11777813, -0.15147358,  0.09323308, -0.19993818, -0.37825237,
        0.39470021]) 

Generation: 54 
 - Generation Avg Fit: 0.5134555596229665 
 - Best Fitness: 34.8407203543787
 - Best Solution: array([-0.03652435,  0.43557232, -0.34378842,  0.33950269,  0.35941164,
       -0.12422433,  0.36262979, -0.18102567, -0.19470047,  0.29105356,
       -0.34310094, -0.18805526, -0.16267104,  0.473271  ,  0.22564147,
        0.0081811 ,  0.12932816, -0.45692438, -0.39604867, -0.11061318,
       -0.22657866,  0.35143755, -0.4962326 ,  0.24206744, -0.24773128,
       -0.1561457 ,  0.06308472, -0.06220185,  0.01363499, -0.00497033,
       -0.11777813, -0.15147358,  0.09323308, -0.19993818, -0.37825237,
        0.39470021]) 

Generation: 55 
 - Generation Avg Fit: 0.5134555596229665 
 - Best Fitness: 34.8407203543787
 - Best Solution: array([-0.03652435,  0.43557232, -0.34378842,  0.33950269,  0.35941164,
       -0.12422433,  0.36262979, -0.18102567, -0.19470047,  0.29105356,
       -0.34310094, -0.18805526, -0.16267104,  0.473271  ,  0.22564147,
        0.0081811 ,  0.12932816, -0.45692438, -0.39604867, -0.11061318,
       -0.22657866,  0.35143755, -0.4962326 ,  0.24206744, -0.24773128,
       -0.1561457 ,  0.06308472, -0.06220185,  0.01363499, -0.00497033,
       -0.11777813, -0.15147358,  0.09323308, -0.19993818, -0.37825237,
        0.39470021]) 

Generation: 56 
 - Generation Avg Fit: 0.5134555596229665 
 - Best Fitness: 34.8407203543787
 - Best Solution: array([-0.03652435,  0.43557232, -0.34378842,  0.33950269,  0.35941164,
       -0.12422433,  0.36262979, -0.18102567, -0.19470047,  0.29105356,
       -0.34310094, -0.18805526, -0.16267104,  0.473271  ,  0.22564147,
        0.0081811 ,  0.12932816, -0.45692438, -0.39604867, -0.11061318,
       -0.22657866,  0.35143755, -0.4962326 ,  0.24206744, -0.24773128,
       -0.1561457 ,  0.06308472, -0.06220185,  0.01363499, -0.00497033,
       -0.11777813, -0.15147358,  0.09323308, -0.19993818, -0.37825237,
        0.39470021]) 

Generation: 57 
 - Generation Avg Fit: 0.5134555596229665 
 - Best Fitness: 34.8407203543787
 - Best Solution: array([-0.03652435,  0.43557232, -0.34378842,  0.33950269,  0.35941164,
       -0.12422433,  0.36262979, -0.18102567, -0.19470047,  0.29105356,
       -0.34310094, -0.18805526, -0.16267104,  0.473271  ,  0.22564147,
        0.0081811 ,  0.12932816, -0.45692438, -0.39604867, -0.11061318,
       -0.22657866,  0.35143755, -0.4962326 ,  0.24206744, -0.24773128,
       -0.1561457 ,  0.06308472, -0.06220185,  0.01363499, -0.00497033,
       -0.11777813, -0.15147358,  0.09323308, -0.19993818, -0.37825237,
        0.39470021]) 

Generation: 58 
 - Generation Avg Fit: 0.5134555596229665 
 - Best Fitness: 34.8407203543787
 - Best Solution: array([-0.03652435,  0.43557232, -0.34378842,  0.33950269,  0.35941164,
       -0.12422433,  0.36262979, -0.18102567, -0.19470047,  0.29105356,
       -0.34310094, -0.18805526, -0.16267104,  0.473271  ,  0.22564147,
        0.0081811 ,  0.12932816, -0.45692438, -0.39604867, -0.11061318,
       -0.22657866,  0.35143755, -0.4962326 ,  0.24206744, -0.24773128,
       -0.1561457 ,  0.06308472, -0.06220185,  0.01363499, -0.00497033,
       -0.11777813, -0.15147358,  0.09323308, -0.19993818, -0.37825237,
        0.39470021]) 

Generation: 59 
 - Generation Avg Fit: 0.5134555596229665 
 - Best Fitness: 34.8407203543787
 - Best Solution: array([-0.03652435,  0.43557232, -0.34378842,  0.33950269,  0.35941164,
       -0.12422433,  0.36262979, -0.18102567, -0.19470047,  0.29105356,
       -0.34310094, -0.18805526, -0.16267104,  0.473271  ,  0.22564147,
        0.0081811 ,  0.12932816, -0.45692438, -0.39604867, -0.11061318,
       -0.22657866,  0.35143755, -0.4962326 ,  0.24206744, -0.24773128,
       -0.1561457 ,  0.06308472, -0.06220185,  0.01363499, -0.00497033,
       -0.11777813, -0.15147358,  0.09323308, -0.19993818, -0.37825237,
        0.39470021]) 

Generation: 60 
 - Generation Avg Fit: 0.5134555596229665 
 - Best Fitness: 34.8407203543787
 - Best Solution: array([-0.03652435,  0.43557232, -0.34378842,  0.33950269,  0.35941164,
       -0.12422433,  0.36262979, -0.18102567, -0.19470047,  0.29105356,
       -0.34310094, -0.18805526, -0.16267104,  0.473271  ,  0.22564147,
        0.0081811 ,  0.12932816, -0.45692438, -0.39604867, -0.11061318,
       -0.22657866,  0.35143755, -0.4962326 ,  0.24206744, -0.24773128,
       -0.1561457 ,  0.06308472, -0.06220185,  0.01363499, -0.00497033,
       -0.11777813, -0.15147358,  0.09323308, -0.19993818, -0.37825237,
        0.39470021]) 

Generation: 61 
 - Generation Avg Fit: 0.5134555596229665 
 - Best Fitness: 34.8407203543787
 - Best Solution: array([-0.03652435,  0.43557232, -0.34378842,  0.33950269,  0.35941164,
       -0.12422433,  0.36262979, -0.18102567, -0.19470047,  0.29105356,
       -0.34310094, -0.18805526, -0.16267104,  0.473271  ,  0.22564147,
        0.0081811 ,  0.12932816, -0.45692438, -0.39604867, -0.11061318,
       -0.22657866,  0.35143755, -0.4962326 ,  0.24206744, -0.24773128,
       -0.1561457 ,  0.06308472, -0.06220185,  0.01363499, -0.00497033,
       -0.11777813, -0.15147358,  0.09323308, -0.19993818, -0.37825237,
        0.39470021]) 

Generation: 62 
 - Generation Avg Fit: 0.5134555596229665 
 - Best Fitness: 34.8407203543787
 - Best Solution: array([-0.03652435,  0.43557232, -0.34378842,  0.33950269,  0.35941164,
       -0.12422433,  0.36262979, -0.18102567, -0.19470047,  0.29105356,
       -0.34310094, -0.18805526, -0.16267104,  0.473271  ,  0.22564147,
        0.0081811 ,  0.12932816, -0.45692438, -0.39604867, -0.11061318,
       -0.22657866,  0.35143755, -0.4962326 ,  0.24206744, -0.24773128,
       -0.1561457 ,  0.06308472, -0.06220185,  0.01363499, -0.00497033,
       -0.11777813, -0.15147358,  0.09323308, -0.19993818, -0.37825237,
        0.39470021]) 

Generation: 63 
 - Generation Avg Fit: 0.5134555596229665 
 - Best Fitness: 34.8407203543787
 - Best Solution: array([-0.03652435,  0.43557232, -0.34378842,  0.33950269,  0.35941164,
       -0.12422433,  0.36262979, -0.18102567, -0.19470047,  0.29105356,
       -0.34310094, -0.18805526, -0.16267104,  0.473271  ,  0.22564147,
        0.0081811 ,  0.12932816, -0.45692438, -0.39604867, -0.11061318,
       -0.22657866,  0.35143755, -0.4962326 ,  0.24206744, -0.24773128,
       -0.1561457 ,  0.06308472, -0.06220185,  0.01363499, -0.00497033,
       -0.11777813, -0.15147358,  0.09323308, -0.19993818, -0.37825237,
        0.39470021]) 

Generation: 64 
 - Generation Avg Fit: 0.5134555596229665 
 - Best Fitness: 34.8407203543787
 - Best Solution: array([-0.03652435,  0.43557232, -0.34378842,  0.33950269,  0.35941164,
       -0.12422433,  0.36262979, -0.18102567, -0.19470047,  0.29105356,
       -0.34310094, -0.18805526, -0.16267104,  0.473271  ,  0.22564147,
        0.0081811 ,  0.12932816, -0.45692438, -0.39604867, -0.11061318,
       -0.22657866,  0.35143755, -0.4962326 ,  0.24206744, -0.24773128,
       -0.1561457 ,  0.06308472, -0.06220185,  0.01363499, -0.00497033,
       -0.11777813, -0.15147358,  0.09323308, -0.19993818, -0.37825237,
        0.39470021]) 

Generation: 65 
 - Generation Avg Fit: 0.5134555596229665 
 - Best Fitness: 34.8407203543787
 - Best Solution: array([-0.03652435,  0.43557232, -0.34378842,  0.33950269,  0.35941164,
       -0.12422433,  0.36262979, -0.18102567, -0.19470047,  0.29105356,
       -0.34310094, -0.18805526, -0.16267104,  0.473271  ,  0.22564147,
        0.0081811 ,  0.12932816, -0.45692438, -0.39604867, -0.11061318,
       -0.22657866,  0.35143755, -0.4962326 ,  0.24206744, -0.24773128,
       -0.1561457 ,  0.06308472, -0.06220185,  0.01363499, -0.00497033,
       -0.11777813, -0.15147358,  0.09323308, -0.19993818, -0.37825237,
        0.39470021]) 

Generation: 66 
 - Generation Avg Fit: 0.5134555596229665 
 - Best Fitness: 34.8407203543787
 - Best Solution: array([-0.03652435,  0.43557232, -0.34378842,  0.33950269,  0.35941164,
       -0.12422433,  0.36262979, -0.18102567, -0.19470047,  0.29105356,
       -0.34310094, -0.18805526, -0.16267104,  0.473271  ,  0.22564147,
        0.0081811 ,  0.12932816, -0.45692438, -0.39604867, -0.11061318,
       -0.22657866,  0.35143755, -0.4962326 ,  0.24206744, -0.24773128,
       -0.1561457 ,  0.06308472, -0.06220185,  0.01363499, -0.00497033,
       -0.11777813, -0.15147358,  0.09323308, -0.19993818, -0.37825237,
        0.39470021]) 

Generation: 67 
 - Generation Avg Fit: 0.5134555596229665 
 - Best Fitness: 34.8407203543787
 - Best Solution: array([-0.03652435,  0.43557232, -0.34378842,  0.33950269,  0.35941164,
       -0.12422433,  0.36262979, -0.18102567, -0.19470047,  0.29105356,
       -0.34310094, -0.18805526, -0.16267104,  0.473271  ,  0.22564147,
        0.0081811 ,  0.12932816, -0.45692438, -0.39604867, -0.11061318,
       -0.22657866,  0.35143755, -0.4962326 ,  0.24206744, -0.24773128,
       -0.1561457 ,  0.06308472, -0.06220185,  0.01363499, -0.00497033,
       -0.11777813, -0.15147358,  0.09323308, -0.19993818, -0.37825237,
        0.39470021]) 

Generation: 68 
 - Generation Avg Fit: 0.5134555596229665 
 - Best Fitness: 34.8407203543787
 - Best Solution: array([-0.03652435,  0.43557232, -0.34378842,  0.33950269,  0.35941164,
       -0.12422433,  0.36262979, -0.18102567, -0.19470047,  0.29105356,
       -0.34310094, -0.18805526, -0.16267104,  0.473271  ,  0.22564147,
        0.0081811 ,  0.12932816, -0.45692438, -0.39604867, -0.11061318,
       -0.22657866,  0.35143755, -0.4962326 ,  0.24206744, -0.24773128,
       -0.1561457 ,  0.06308472, -0.06220185,  0.01363499, -0.00497033,
       -0.11777813, -0.15147358,  0.09323308, -0.19993818, -0.37825237,
        0.39470021]) 

Generation: 69 
 - Generation Avg Fit: 0.5134555596229665 
 - Best Fitness: 34.8407203543787
 - Best Solution: array([-0.03652435,  0.43557232, -0.34378842,  0.33950269,  0.35941164,
       -0.12422433,  0.36262979, -0.18102567, -0.19470047,  0.29105356,
       -0.34310094, -0.18805526, -0.16267104,  0.473271  ,  0.22564147,
        0.0081811 ,  0.12932816, -0.45692438, -0.39604867, -0.11061318,
       -0.22657866,  0.35143755, -0.4962326 ,  0.24206744, -0.24773128,
       -0.1561457 ,  0.06308472, -0.06220185,  0.01363499, -0.00497033,
       -0.11777813, -0.15147358,  0.09323308, -0.19993818, -0.37825237,
        0.39470021]) 

Generation: 70 
 - Generation Avg Fit: 0.5134555596229665 
 - Best Fitness: 34.8407203543787
 - Best Solution: array([-0.03652435,  0.43557232, -0.34378842,  0.33950269,  0.35941164,
       -0.12422433,  0.36262979, -0.18102567, -0.19470047,  0.29105356,
       -0.34310094, -0.18805526, -0.16267104,  0.473271  ,  0.22564147,
        0.0081811 ,  0.12932816, -0.45692438, -0.39604867, -0.11061318,
       -0.22657866,  0.35143755, -0.4962326 ,  0.24206744, -0.24773128,
       -0.1561457 ,  0.06308472, -0.06220185,  0.01363499, -0.00497033,
       -0.11777813, -0.15147358,  0.09323308, -0.19993818, -0.37825237,
        0.39470021]) 

Generation: 71 
 - Generation Avg Fit: 0.5134555596229665 
 - Best Fitness: 34.8407203543787
 - Best Solution: array([-0.03652435,  0.43557232, -0.34378842,  0.33950269,  0.35941164,
       -0.12422433,  0.36262979, -0.18102567, -0.19470047,  0.29105356,
       -0.34310094, -0.18805526, -0.16267104,  0.473271  ,  0.22564147,
        0.0081811 ,  0.12932816, -0.45692438, -0.39604867, -0.11061318,
       -0.22657866,  0.35143755, -0.4962326 ,  0.24206744, -0.24773128,
       -0.1561457 ,  0.06308472, -0.06220185,  0.01363499, -0.00497033,
       -0.11777813, -0.15147358,  0.09323308, -0.19993818, -0.37825237,
        0.39470021]) 

Generation: 72 
 - Generation Avg Fit: 0.5134555596229665 
 - Best Fitness: 34.8407203543787
 - Best Solution: array([-0.03652435,  0.43557232, -0.34378842,  0.33950269,  0.35941164,
       -0.12422433,  0.36262979, -0.18102567, -0.19470047,  0.29105356,
       -0.34310094, -0.18805526, -0.16267104,  0.473271  ,  0.22564147,
        0.0081811 ,  0.12932816, -0.45692438, -0.39604867, -0.11061318,
       -0.22657866,  0.35143755, -0.4962326 ,  0.24206744, -0.24773128,
       -0.1561457 ,  0.06308472, -0.06220185,  0.01363499, -0.00497033,
       -0.11777813, -0.15147358,  0.09323308, -0.19993818, -0.37825237,
        0.39470021]) 

Generation: 73 
 - Generation Avg Fit: 0.5134555596229665 
 - Best Fitness: 34.8407203543787
 - Best Solution: array([-0.03652435,  0.43557232, -0.34378842,  0.33950269,  0.35941164,
       -0.12422433,  0.36262979, -0.18102567, -0.19470047,  0.29105356,
       -0.34310094, -0.18805526, -0.16267104,  0.473271  ,  0.22564147,
        0.0081811 ,  0.12932816, -0.45692438, -0.39604867, -0.11061318,
       -0.22657866,  0.35143755, -0.4962326 ,  0.24206744, -0.24773128,
       -0.1561457 ,  0.06308472, -0.06220185,  0.01363499, -0.00497033,
       -0.11777813, -0.15147358,  0.09323308, -0.19993818, -0.37825237,
        0.39470021]) 

Generation: 74 
 - Generation Avg Fit: 0.5134555596229665 
 - Best Fitness: 34.8407203543787
 - Best Solution: array([-0.03652435,  0.43557232, -0.34378842,  0.33950269,  0.35941164,
       -0.12422433,  0.36262979, -0.18102567, -0.19470047,  0.29105356,
       -0.34310094, -0.18805526, -0.16267104,  0.473271  ,  0.22564147,
        0.0081811 ,  0.12932816, -0.45692438, -0.39604867, -0.11061318,
       -0.22657866,  0.35143755, -0.4962326 ,  0.24206744, -0.24773128,
       -0.1561457 ,  0.06308472, -0.06220185,  0.01363499, -0.00497033,
       -0.11777813, -0.15147358,  0.09323308, -0.19993818, -0.37825237,
        0.39470021]) 

Generation: 75 
 - Generation Avg Fit: 0.5134555596229665 
 - Best Fitness: 34.8407203543787
 - Best Solution: array([-0.03652435,  0.43557232, -0.34378842,  0.33950269,  0.35941164,
       -0.12422433,  0.36262979, -0.18102567, -0.19470047,  0.29105356,
       -0.34310094, -0.18805526, -0.16267104,  0.473271  ,  0.22564147,
        0.0081811 ,  0.12932816, -0.45692438, -0.39604867, -0.11061318,
       -0.22657866,  0.35143755, -0.4962326 ,  0.24206744, -0.24773128,
       -0.1561457 ,  0.06308472, -0.06220185,  0.01363499, -0.00497033,
       -0.11777813, -0.15147358,  0.09323308, -0.19993818, -0.37825237,
        0.39470021]) 

Generation: 76 
 - Generation Avg Fit: 0.5134555596229665 
 - Best Fitness: 34.8407203543787
 - Best Solution: array([-0.03652435,  0.43557232, -0.34378842,  0.33950269,  0.35941164,
       -0.12422433,  0.36262979, -0.18102567, -0.19470047,  0.29105356,
       -0.34310094, -0.18805526, -0.16267104,  0.473271  ,  0.22564147,
        0.0081811 ,  0.12932816, -0.45692438, -0.39604867, -0.11061318,
       -0.22657866,  0.35143755, -0.4962326 ,  0.24206744, -0.24773128,
       -0.1561457 ,  0.06308472, -0.06220185,  0.01363499, -0.00497033,
       -0.11777813, -0.15147358,  0.09323308, -0.19993818, -0.37825237,
        0.39470021]) 

Generation: 77 
 - Generation Avg Fit: 0.5134555596229665 
 - Best Fitness: 34.8407203543787
 - Best Solution: array([-0.03652435,  0.43557232, -0.34378842,  0.33950269,  0.35941164,
       -0.12422433,  0.36262979, -0.18102567, -0.19470047,  0.29105356,
       -0.34310094, -0.18805526, -0.16267104,  0.473271  ,  0.22564147,
        0.0081811 ,  0.12932816, -0.45692438, -0.39604867, -0.11061318,
       -0.22657866,  0.35143755, -0.4962326 ,  0.24206744, -0.24773128,
       -0.1561457 ,  0.06308472, -0.06220185,  0.01363499, -0.00497033,
       -0.11777813, -0.15147358,  0.09323308, -0.19993818, -0.37825237,
        0.39470021]) 

Generation: 78 
 - Generation Avg Fit: 0.5134555596229665 
 - Best Fitness: 34.8407203543787
 - Best Solution: array([-0.03652435,  0.43557232, -0.34378842,  0.33950269,  0.35941164,
       -0.12422433,  0.36262979, -0.18102567, -0.19470047,  0.29105356,
       -0.34310094, -0.18805526, -0.16267104,  0.473271  ,  0.22564147,
        0.0081811 ,  0.12932816, -0.45692438, -0.39604867, -0.11061318,
       -0.22657866,  0.35143755, -0.4962326 ,  0.24206744, -0.24773128,
       -0.1561457 ,  0.06308472, -0.06220185,  0.01363499, -0.00497033,
       -0.11777813, -0.15147358,  0.09323308, -0.19993818, -0.37825237,
        0.39470021]) 

Generation: 79 
 - Generation Avg Fit: 0.5134555596229665 
 - Best Fitness: 34.8407203543787
 - Best Solution: array([-0.03652435,  0.43557232, -0.34378842,  0.33950269,  0.35941164,
       -0.12422433,  0.36262979, -0.18102567, -0.19470047,  0.29105356,
       -0.34310094, -0.18805526, -0.16267104,  0.473271  ,  0.22564147,
        0.0081811 ,  0.12932816, -0.45692438, -0.39604867, -0.11061318,
       -0.22657866,  0.35143755, -0.4962326 ,  0.24206744, -0.24773128,
       -0.1561457 ,  0.06308472, -0.06220185,  0.01363499, -0.00497033,
       -0.11777813, -0.15147358,  0.09323308, -0.19993818, -0.37825237,
        0.39470021]) 

Generation: 80 
 - Generation Avg Fit: 0.5134555596229665 
 - Best Fitness: 34.8407203543787
 - Best Solution: array([-0.03652435,  0.43557232, -0.34378842,  0.33950269,  0.35941164,
       -0.12422433,  0.36262979, -0.18102567, -0.19470047,  0.29105356,
       -0.34310094, -0.18805526, -0.16267104,  0.473271  ,  0.22564147,
        0.0081811 ,  0.12932816, -0.45692438, -0.39604867, -0.11061318,
       -0.22657866,  0.35143755, -0.4962326 ,  0.24206744, -0.24773128,
       -0.1561457 ,  0.06308472, -0.06220185,  0.01363499, -0.00497033,
       -0.11777813, -0.15147358,  0.09323308, -0.19993818, -0.37825237,
        0.39470021]) 

Generation: 81 
 - Generation Avg Fit: 0.5134555596229665 
 - Best Fitness: 34.8407203543787
 - Best Solution: array([-0.03652435,  0.43557232, -0.34378842,  0.33950269,  0.35941164,
       -0.12422433,  0.36262979, -0.18102567, -0.19470047,  0.29105356,
       -0.34310094, -0.18805526, -0.16267104,  0.473271  ,  0.22564147,
        0.0081811 ,  0.12932816, -0.45692438, -0.39604867, -0.11061318,
       -0.22657866,  0.35143755, -0.4962326 ,  0.24206744, -0.24773128,
       -0.1561457 ,  0.06308472, -0.06220185,  0.01363499, -0.00497033,
       -0.11777813, -0.15147358,  0.09323308, -0.19993818, -0.37825237,
        0.39470021]) 

Generation: 82 
 - Generation Avg Fit: 0.5134555596229665 
 - Best Fitness: 34.8407203543787
 - Best Solution: array([-0.03652435,  0.43557232, -0.34378842,  0.33950269,  0.35941164,
       -0.12422433,  0.36262979, -0.18102567, -0.19470047,  0.29105356,
       -0.34310094, -0.18805526, -0.16267104,  0.473271  ,  0.22564147,
        0.0081811 ,  0.12932816, -0.45692438, -0.39604867, -0.11061318,
       -0.22657866,  0.35143755, -0.4962326 ,  0.24206744, -0.24773128,
       -0.1561457 ,  0.06308472, -0.06220185,  0.01363499, -0.00497033,
       -0.11777813, -0.15147358,  0.09323308, -0.19993818, -0.37825237,
        0.39470021]) 

Generation: 83 
 - Generation Avg Fit: 0.5134555596229665 
 - Best Fitness: 34.8407203543787
 - Best Solution: array([-0.03652435,  0.43557232, -0.34378842,  0.33950269,  0.35941164,
       -0.12422433,  0.36262979, -0.18102567, -0.19470047,  0.29105356,
       -0.34310094, -0.18805526, -0.16267104,  0.473271  ,  0.22564147,
        0.0081811 ,  0.12932816, -0.45692438, -0.39604867, -0.11061318,
       -0.22657866,  0.35143755, -0.4962326 ,  0.24206744, -0.24773128,
       -0.1561457 ,  0.06308472, -0.06220185,  0.01363499, -0.00497033,
       -0.11777813, -0.15147358,  0.09323308, -0.19993818, -0.37825237,
        0.39470021]) 

Generation: 84 
 - Generation Avg Fit: 0.5134555596229665 
 - Best Fitness: 34.8407203543787
 - Best Solution: array([-0.03652435,  0.43557232, -0.34378842,  0.33950269,  0.35941164,
       -0.12422433,  0.36262979, -0.18102567, -0.19470047,  0.29105356,
       -0.34310094, -0.18805526, -0.16267104,  0.473271  ,  0.22564147,
        0.0081811 ,  0.12932816, -0.45692438, -0.39604867, -0.11061318,
       -0.22657866,  0.35143755, -0.4962326 ,  0.24206744, -0.24773128,
       -0.1561457 ,  0.06308472, -0.06220185,  0.01363499, -0.00497033,
       -0.11777813, -0.15147358,  0.09323308, -0.19993818, -0.37825237,
        0.39470021]) 

Generation: 85 
 - Generation Avg Fit: 0.5134555596229665 
 - Best Fitness: 34.8407203543787
 - Best Solution: array([-0.03652435,  0.43557232, -0.34378842,  0.33950269,  0.35941164,
       -0.12422433,  0.36262979, -0.18102567, -0.19470047,  0.29105356,
       -0.34310094, -0.18805526, -0.16267104,  0.473271  ,  0.22564147,
        0.0081811 ,  0.12932816, -0.45692438, -0.39604867, -0.11061318,
       -0.22657866,  0.35143755, -0.4962326 ,  0.24206744, -0.24773128,
       -0.1561457 ,  0.06308472, -0.06220185,  0.01363499, -0.00497033,
       -0.11777813, -0.15147358,  0.09323308, -0.19993818, -0.37825237,
        0.39470021]) 

Generation: 86 
 - Generation Avg Fit: 0.5134555596229665 
 - Best Fitness: 34.8407203543787
 - Best Solution: array([-0.03652435,  0.43557232, -0.34378842,  0.33950269,  0.35941164,
       -0.12422433,  0.36262979, -0.18102567, -0.19470047,  0.29105356,
       -0.34310094, -0.18805526, -0.16267104,  0.473271  ,  0.22564147,
        0.0081811 ,  0.12932816, -0.45692438, -0.39604867, -0.11061318,
       -0.22657866,  0.35143755, -0.4962326 ,  0.24206744, -0.24773128,
       -0.1561457 ,  0.06308472, -0.06220185,  0.01363499, -0.00497033,
       -0.11777813, -0.15147358,  0.09323308, -0.19993818, -0.37825237,
        0.39470021]) 

Generation: 87 
 - Generation Avg Fit: 0.5134555596229665 
 - Best Fitness: 34.8407203543787
 - Best Solution: array([-0.03652435,  0.43557232, -0.34378842,  0.33950269,  0.35941164,
       -0.12422433,  0.36262979, -0.18102567, -0.19470047,  0.29105356,
       -0.34310094, -0.18805526, -0.16267104,  0.473271  ,  0.22564147,
        0.0081811 ,  0.12932816, -0.45692438, -0.39604867, -0.11061318,
       -0.22657866,  0.35143755, -0.4962326 ,  0.24206744, -0.24773128,
       -0.1561457 ,  0.06308472, -0.06220185,  0.01363499, -0.00497033,
       -0.11777813, -0.15147358,  0.09323308, -0.19993818, -0.37825237,
        0.39470021]) 

Generation: 88 
 - Generation Avg Fit: 0.5134555596229665 
 - Best Fitness: 34.8407203543787
 - Best Solution: array([-0.03652435,  0.43557232, -0.34378842,  0.33950269,  0.35941164,
       -0.12422433,  0.36262979, -0.18102567, -0.19470047,  0.29105356,
       -0.34310094, -0.18805526, -0.16267104,  0.473271  ,  0.22564147,
        0.0081811 ,  0.12932816, -0.45692438, -0.39604867, -0.11061318,
       -0.22657866,  0.35143755, -0.4962326 ,  0.24206744, -0.24773128,
       -0.1561457 ,  0.06308472, -0.06220185,  0.01363499, -0.00497033,
       -0.11777813, -0.15147358,  0.09323308, -0.19993818, -0.37825237,
        0.39470021]) 

Generation: 89 
 - Generation Avg Fit: 0.5134555596229665 
 - Best Fitness: 34.8407203543787
 - Best Solution: array([-0.03652435,  0.43557232, -0.34378842,  0.33950269,  0.35941164,
       -0.12422433,  0.36262979, -0.18102567, -0.19470047,  0.29105356,
       -0.34310094, -0.18805526, -0.16267104,  0.473271  ,  0.22564147,
        0.0081811 ,  0.12932816, -0.45692438, -0.39604867, -0.11061318,
       -0.22657866,  0.35143755, -0.4962326 ,  0.24206744, -0.24773128,
       -0.1561457 ,  0.06308472, -0.06220185,  0.01363499, -0.00497033,
       -0.11777813, -0.15147358,  0.09323308, -0.19993818, -0.37825237,
        0.39470021]) 

Generation: 90 
 - Generation Avg Fit: 0.5134555596229665 
 - Best Fitness: 34.8407203543787
 - Best Solution: array([-0.03652435,  0.43557232, -0.34378842,  0.33950269,  0.35941164,
       -0.12422433,  0.36262979, -0.18102567, -0.19470047,  0.29105356,
       -0.34310094, -0.18805526, -0.16267104,  0.473271  ,  0.22564147,
        0.0081811 ,  0.12932816, -0.45692438, -0.39604867, -0.11061318,
       -0.22657866,  0.35143755, -0.4962326 ,  0.24206744, -0.24773128,
       -0.1561457 ,  0.06308472, -0.06220185,  0.01363499, -0.00497033,
       -0.11777813, -0.15147358,  0.09323308, -0.19993818, -0.37825237,
        0.39470021]) 

Generation: 91 
 - Generation Avg Fit: 0.5134555596229665 
 - Best Fitness: 34.8407203543787
 - Best Solution: array([-0.03652435,  0.43557232, -0.34378842,  0.33950269,  0.35941164,
       -0.12422433,  0.36262979, -0.18102567, -0.19470047,  0.29105356,
       -0.34310094, -0.18805526, -0.16267104,  0.473271  ,  0.22564147,
        0.0081811 ,  0.12932816, -0.45692438, -0.39604867, -0.11061318,
       -0.22657866,  0.35143755, -0.4962326 ,  0.24206744, -0.24773128,
       -0.1561457 ,  0.06308472, -0.06220185,  0.01363499, -0.00497033,
       -0.11777813, -0.15147358,  0.09323308, -0.19993818, -0.37825237,
        0.39470021]) 

Generation: 92 
 - Generation Avg Fit: 0.5134555596229665 
 - Best Fitness: 34.8407203543787
 - Best Solution: array([-0.03652435,  0.43557232, -0.34378842,  0.33950269,  0.35941164,
       -0.12422433,  0.36262979, -0.18102567, -0.19470047,  0.29105356,
       -0.34310094, -0.18805526, -0.16267104,  0.473271  ,  0.22564147,
        0.0081811 ,  0.12932816, -0.45692438, -0.39604867, -0.11061318,
       -0.22657866,  0.35143755, -0.4962326 ,  0.24206744, -0.24773128,
       -0.1561457 ,  0.06308472, -0.06220185,  0.01363499, -0.00497033,
       -0.11777813, -0.15147358,  0.09323308, -0.19993818, -0.37825237,
        0.39470021]) 

Generation: 93 
 - Generation Avg Fit: 0.5134555596229665 
 - Best Fitness: 34.8407203543787
 - Best Solution: array([-0.03652435,  0.43557232, -0.34378842,  0.33950269,  0.35941164,
       -0.12422433,  0.36262979, -0.18102567, -0.19470047,  0.29105356,
       -0.34310094, -0.18805526, -0.16267104,  0.473271  ,  0.22564147,
        0.0081811 ,  0.12932816, -0.45692438, -0.39604867, -0.11061318,
       -0.22657866,  0.35143755, -0.4962326 ,  0.24206744, -0.24773128,
       -0.1561457 ,  0.06308472, -0.06220185,  0.01363499, -0.00497033,
       -0.11777813, -0.15147358,  0.09323308, -0.19993818, -0.37825237,
        0.39470021]) 

Generation: 94 
 - Generation Avg Fit: 0.5134555596229665 
 - Best Fitness: 34.8407203543787
 - Best Solution: array([-0.03652435,  0.43557232, -0.34378842,  0.33950269,  0.35941164,
       -0.12422433,  0.36262979, -0.18102567, -0.19470047,  0.29105356,
       -0.34310094, -0.18805526, -0.16267104,  0.473271  ,  0.22564147,
        0.0081811 ,  0.12932816, -0.45692438, -0.39604867, -0.11061318,
       -0.22657866,  0.35143755, -0.4962326 ,  0.24206744, -0.24773128,
       -0.1561457 ,  0.06308472, -0.06220185,  0.01363499, -0.00497033,
       -0.11777813, -0.15147358,  0.09323308, -0.19993818, -0.37825237,
        0.39470021]) 

Generation: 95 
 - Generation Avg Fit: 0.5134555596229665 
 - Best Fitness: 34.8407203543787
 - Best Solution: array([-0.03652435,  0.43557232, -0.34378842,  0.33950269,  0.35941164,
       -0.12422433,  0.36262979, -0.18102567, -0.19470047,  0.29105356,
       -0.34310094, -0.18805526, -0.16267104,  0.473271  ,  0.22564147,
        0.0081811 ,  0.12932816, -0.45692438, -0.39604867, -0.11061318,
       -0.22657866,  0.35143755, -0.4962326 ,  0.24206744, -0.24773128,
       -0.1561457 ,  0.06308472, -0.06220185,  0.01363499, -0.00497033,
       -0.11777813, -0.15147358,  0.09323308, -0.19993818, -0.37825237,
        0.39470021]) 

Generation: 96 
 - Generation Avg Fit: 0.5134555596229665 
 - Best Fitness: 34.8407203543787
 - Best Solution: array([-0.03652435,  0.43557232, -0.34378842,  0.33950269,  0.35941164,
       -0.12422433,  0.36262979, -0.18102567, -0.19470047,  0.29105356,
       -0.34310094, -0.18805526, -0.16267104,  0.473271  ,  0.22564147,
        0.0081811 ,  0.12932816, -0.45692438, -0.39604867, -0.11061318,
       -0.22657866,  0.35143755, -0.4962326 ,  0.24206744, -0.24773128,
       -0.1561457 ,  0.06308472, -0.06220185,  0.01363499, -0.00497033,
       -0.11777813, -0.15147358,  0.09323308, -0.19993818, -0.37825237,
        0.39470021]) 

Generation: 97 
 - Generation Avg Fit: 0.5134555596229665 
 - Best Fitness: 34.8407203543787
 - Best Solution: array([-0.03652435,  0.43557232, -0.34378842,  0.33950269,  0.35941164,
       -0.12422433,  0.36262979, -0.18102567, -0.19470047,  0.29105356,
       -0.34310094, -0.18805526, -0.16267104,  0.473271  ,  0.22564147,
        0.0081811 ,  0.12932816, -0.45692438, -0.39604867, -0.11061318,
       -0.22657866,  0.35143755, -0.4962326 ,  0.24206744, -0.24773128,
       -0.1561457 ,  0.06308472, -0.06220185,  0.01363499, -0.00497033,
       -0.11777813, -0.15147358,  0.09323308, -0.19993818, -0.37825237,
        0.39470021]) 

Generation: 98 
 - Generation Avg Fit: 0.5134555596229665 
 - Best Fitness: 34.8407203543787
 - Best Solution: array([-0.03652435,  0.43557232, -0.34378842,  0.33950269,  0.35941164,
       -0.12422433,  0.36262979, -0.18102567, -0.19470047,  0.29105356,
       -0.34310094, -0.18805526, -0.16267104,  0.473271  ,  0.22564147,
        0.0081811 ,  0.12932816, -0.45692438, -0.39604867, -0.11061318,
       -0.22657866,  0.35143755, -0.4962326 ,  0.24206744, -0.24773128,
       -0.1561457 ,  0.06308472, -0.06220185,  0.01363499, -0.00497033,
       -0.11777813, -0.15147358,  0.09323308, -0.19993818, -0.37825237,
        0.39470021]) 

Generation: 99 
 - Generation Avg Fit: 0.5134555596229665 
 - Best Fitness: 34.8407203543787
 - Best Solution: array([-0.03652435,  0.43557232, -0.34378842,  0.33950269,  0.35941164,
       -0.12422433,  0.36262979, -0.18102567, -0.19470047,  0.29105356,
       -0.34310094, -0.18805526, -0.16267104,  0.473271  ,  0.22564147,
        0.0081811 ,  0.12932816, -0.45692438, -0.39604867, -0.11061318,
       -0.22657866,  0.35143755, -0.4962326 ,  0.24206744, -0.24773128,
       -0.1561457 ,  0.06308472, -0.06220185,  0.01363499, -0.00497033,
       -0.11777813, -0.15147358,  0.09323308, -0.19993818, -0.37825237,
        0.39470021]) 

Generation: 100 
 - Generation Avg Fit: 0.5134555596229665 
 - Best Fitness: 34.8407203543787
 - Best Solution: array([-0.03652435,  0.43557232, -0.34378842,  0.33950269,  0.35941164,
       -0.12422433,  0.36262979, -0.18102567, -0.19470047,  0.29105356,
       -0.34310094, -0.18805526, -0.16267104,  0.473271  ,  0.22564147,
        0.0081811 ,  0.12932816, -0.45692438, -0.39604867, -0.11061318,
       -0.22657866,  0.35143755, -0.4962326 ,  0.24206744, -0.24773128,
       -0.1561457 ,  0.06308472, -0.06220185,  0.01363499, -0.00497033,
       -0.11777813, -0.15147358,  0.09323308, -0.19993818, -0.37825237,
        0.39470021]) 

Generation: 101 
 - Generation Avg Fit: 0.5134555596229665 
 - Best Fitness: 34.8407203543787
 - Best Solution: array([-0.03652435,  0.43557232, -0.34378842,  0.33950269,  0.35941164,
       -0.12422433,  0.36262979, -0.18102567, -0.19470047,  0.29105356,
       -0.34310094, -0.18805526, -0.16267104,  0.473271  ,  0.22564147,
        0.0081811 ,  0.12932816, -0.45692438, -0.39604867, -0.11061318,
       -0.22657866,  0.35143755, -0.4962326 ,  0.24206744, -0.24773128,
       -0.1561457 ,  0.06308472, -0.06220185,  0.01363499, -0.00497033,
       -0.11777813, -0.15147358,  0.09323308, -0.19993818, -0.37825237,
        0.39470021]) 

Generation: 102 
 - Generation Avg Fit: 0.5134555596229665 
 - Best Fitness: 34.8407203543787
 - Best Solution: array([-0.03652435,  0.43557232, -0.34378842,  0.33950269,  0.35941164,
       -0.12422433,  0.36262979, -0.18102567, -0.19470047,  0.29105356,
       -0.34310094, -0.18805526, -0.16267104,  0.473271  ,  0.22564147,
        0.0081811 ,  0.12932816, -0.45692438, -0.39604867, -0.11061318,
       -0.22657866,  0.35143755, -0.4962326 ,  0.24206744, -0.24773128,
       -0.1561457 ,  0.06308472, -0.06220185,  0.01363499, -0.00497033,
       -0.11777813, -0.15147358,  0.09323308, -0.19993818, -0.37825237,
        0.39470021]) 

Generation: 103 
 - Generation Avg Fit: 0.5134555596229665 
 - Best Fitness: 34.8407203543787
 - Best Solution: array([-0.03652435,  0.43557232, -0.34378842,  0.33950269,  0.35941164,
       -0.12422433,  0.36262979, -0.18102567, -0.19470047,  0.29105356,
       -0.34310094, -0.18805526, -0.16267104,  0.473271  ,  0.22564147,
        0.0081811 ,  0.12932816, -0.45692438, -0.39604867, -0.11061318,
       -0.22657866,  0.35143755, -0.4962326 ,  0.24206744, -0.24773128,
       -0.1561457 ,  0.06308472, -0.06220185,  0.01363499, -0.00497033,
       -0.11777813, -0.15147358,  0.09323308, -0.19993818, -0.37825237,
        0.39470021]) 

Generation: 104 
 - Generation Avg Fit: 0.5134555596229665 
 - Best Fitness: 34.8407203543787
 - Best Solution: array([-0.03652435,  0.43557232, -0.34378842,  0.33950269,  0.35941164,
       -0.12422433,  0.36262979, -0.18102567, -0.19470047,  0.29105356,
       -0.34310094, -0.18805526, -0.16267104,  0.473271  ,  0.22564147,
        0.0081811 ,  0.12932816, -0.45692438, -0.39604867, -0.11061318,
       -0.22657866,  0.35143755, -0.4962326 ,  0.24206744, -0.24773128,
       -0.1561457 ,  0.06308472, -0.06220185,  0.01363499, -0.00497033,
       -0.11777813, -0.15147358,  0.09323308, -0.19993818, -0.37825237,
        0.39470021]) 

Generation: 105 
 - Generation Avg Fit: 0.5134555596229665 
 - Best Fitness: 34.8407203543787
 - Best Solution: array([-0.03652435,  0.43557232, -0.34378842,  0.33950269,  0.35941164,
       -0.12422433,  0.36262979, -0.18102567, -0.19470047,  0.29105356,
       -0.34310094, -0.18805526, -0.16267104,  0.473271  ,  0.22564147,
        0.0081811 ,  0.12932816, -0.45692438, -0.39604867, -0.11061318,
       -0.22657866,  0.35143755, -0.4962326 ,  0.24206744, -0.24773128,
       -0.1561457 ,  0.06308472, -0.06220185,  0.01363499, -0.00497033,
       -0.11777813, -0.15147358,  0.09323308, -0.19993818, -0.37825237,
        0.39470021]) 

Generation: 106 
 - Generation Avg Fit: 0.5134555596229665 
 - Best Fitness: 34.8407203543787
 - Best Solution: array([-0.03652435,  0.43557232, -0.34378842,  0.33950269,  0.35941164,
       -0.12422433,  0.36262979, -0.18102567, -0.19470047,  0.29105356,
       -0.34310094, -0.18805526, -0.16267104,  0.473271  ,  0.22564147,
        0.0081811 ,  0.12932816, -0.45692438, -0.39604867, -0.11061318,
       -0.22657866,  0.35143755, -0.4962326 ,  0.24206744, -0.24773128,
       -0.1561457 ,  0.06308472, -0.06220185,  0.01363499, -0.00497033,
       -0.11777813, -0.15147358,  0.09323308, -0.19993818, -0.37825237,
        0.39470021]) 

Generation: 107 
 - Generation Avg Fit: 0.5134555596229665 
 - Best Fitness: 34.8407203543787
 - Best Solution: array([-0.03652435,  0.43557232, -0.34378842,  0.33950269,  0.35941164,
       -0.12422433,  0.36262979, -0.18102567, -0.19470047,  0.29105356,
       -0.34310094, -0.18805526, -0.16267104,  0.473271  ,  0.22564147,
        0.0081811 ,  0.12932816, -0.45692438, -0.39604867, -0.11061318,
       -0.22657866,  0.35143755, -0.4962326 ,  0.24206744, -0.24773128,
       -0.1561457 ,  0.06308472, -0.06220185,  0.01363499, -0.00497033,
       -0.11777813, -0.15147358,  0.09323308, -0.19993818, -0.37825237,
        0.39470021]) 

Generation: 108 
 - Generation Avg Fit: 0.5134555596229665 
 - Best Fitness: 34.8407203543787
 - Best Solution: array([-0.03652435,  0.43557232, -0.34378842,  0.33950269,  0.35941164,
       -0.12422433,  0.36262979, -0.18102567, -0.19470047,  0.29105356,
       -0.34310094, -0.18805526, -0.16267104,  0.473271  ,  0.22564147,
        0.0081811 ,  0.12932816, -0.45692438, -0.39604867, -0.11061318,
       -0.22657866,  0.35143755, -0.4962326 ,  0.24206744, -0.24773128,
       -0.1561457 ,  0.06308472, -0.06220185,  0.01363499, -0.00497033,
       -0.11777813, -0.15147358,  0.09323308, -0.19993818, -0.37825237,
        0.39470021]) 

Generation: 109 
 - Generation Avg Fit: 0.5134555596229665 
 - Best Fitness: 34.8407203543787
 - Best Solution: array([-0.03652435,  0.43557232, -0.34378842,  0.33950269,  0.35941164,
       -0.12422433,  0.36262979, -0.18102567, -0.19470047,  0.29105356,
       -0.34310094, -0.18805526, -0.16267104,  0.473271  ,  0.22564147,
        0.0081811 ,  0.12932816, -0.45692438, -0.39604867, -0.11061318,
       -0.22657866,  0.35143755, -0.4962326 ,  0.24206744, -0.24773128,
       -0.1561457 ,  0.06308472, -0.06220185,  0.01363499, -0.00497033,
       -0.11777813, -0.15147358,  0.09323308, -0.19993818, -0.37825237,
        0.39470021]) 

Generation: 110 
 - Generation Avg Fit: 0.5134555596229665 
 - Best Fitness: 34.8407203543787
 - Best Solution: array([-0.03652435,  0.43557232, -0.34378842,  0.33950269,  0.35941164,
       -0.12422433,  0.36262979, -0.18102567, -0.19470047,  0.29105356,
       -0.34310094, -0.18805526, -0.16267104,  0.473271  ,  0.22564147,
        0.0081811 ,  0.12932816, -0.45692438, -0.39604867, -0.11061318,
       -0.22657866,  0.35143755, -0.4962326 ,  0.24206744, -0.24773128,
       -0.1561457 ,  0.06308472, -0.06220185,  0.01363499, -0.00497033,
       -0.11777813, -0.15147358,  0.09323308, -0.19993818, -0.37825237,
        0.39470021]) 

Generation: 111 
 - Generation Avg Fit: 0.5134555596229665 
 - Best Fitness: 34.8407203543787
 - Best Solution: array([-0.03652435,  0.43557232, -0.34378842,  0.33950269,  0.35941164,
       -0.12422433,  0.36262979, -0.18102567, -0.19470047,  0.29105356,
       -0.34310094, -0.18805526, -0.16267104,  0.473271  ,  0.22564147,
        0.0081811 ,  0.12932816, -0.45692438, -0.39604867, -0.11061318,
       -0.22657866,  0.35143755, -0.4962326 ,  0.24206744, -0.24773128,
       -0.1561457 ,  0.06308472, -0.06220185,  0.01363499, -0.00497033,
       -0.11777813, -0.15147358,  0.09323308, -0.19993818, -0.37825237,
        0.39470021]) 

Generation: 112 
 - Generation Avg Fit: 0.5134555596229665 
 - Best Fitness: 34.8407203543787
 - Best Solution: array([-0.03652435,  0.43557232, -0.34378842,  0.33950269,  0.35941164,
       -0.12422433,  0.36262979, -0.18102567, -0.19470047,  0.29105356,
       -0.34310094, -0.18805526, -0.16267104,  0.473271  ,  0.22564147,
        0.0081811 ,  0.12932816, -0.45692438, -0.39604867, -0.11061318,
       -0.22657866,  0.35143755, -0.4962326 ,  0.24206744, -0.24773128,
       -0.1561457 ,  0.06308472, -0.06220185,  0.01363499, -0.00497033,
       -0.11777813, -0.15147358,  0.09323308, -0.19993818, -0.37825237,
        0.39470021]) 

Generation: 113 
 - Generation Avg Fit: 0.5134555596229665 
 - Best Fitness: 34.8407203543787
 - Best Solution: array([-0.03652435,  0.43557232, -0.34378842,  0.33950269,  0.35941164,
       -0.12422433,  0.36262979, -0.18102567, -0.19470047,  0.29105356,
       -0.34310094, -0.18805526, -0.16267104,  0.473271  ,  0.22564147,
        0.0081811 ,  0.12932816, -0.45692438, -0.39604867, -0.11061318,
       -0.22657866,  0.35143755, -0.4962326 ,  0.24206744, -0.24773128,
       -0.1561457 ,  0.06308472, -0.06220185,  0.01363499, -0.00497033,
       -0.11777813, -0.15147358,  0.09323308, -0.19993818, -0.37825237,
        0.39470021]) 

Generation: 114 
 - Generation Avg Fit: 0.5134555596229665 
 - Best Fitness: 34.8407203543787
 - Best Solution: array([-0.03652435,  0.43557232, -0.34378842,  0.33950269,  0.35941164,
       -0.12422433,  0.36262979, -0.18102567, -0.19470047,  0.29105356,
       -0.34310094, -0.18805526, -0.16267104,  0.473271  ,  0.22564147,
        0.0081811 ,  0.12932816, -0.45692438, -0.39604867, -0.11061318,
       -0.22657866,  0.35143755, -0.4962326 ,  0.24206744, -0.24773128,
       -0.1561457 ,  0.06308472, -0.06220185,  0.01363499, -0.00497033,
       -0.11777813, -0.15147358,  0.09323308, -0.19993818, -0.37825237,
        0.39470021]) 

Generation: 115 
 - Generation Avg Fit: 0.5134555596229665 
 - Best Fitness: 34.8407203543787
 - Best Solution: array([-0.03652435,  0.43557232, -0.34378842,  0.33950269,  0.35941164,
       -0.12422433,  0.36262979, -0.18102567, -0.19470047,  0.29105356,
       -0.34310094, -0.18805526, -0.16267104,  0.473271  ,  0.22564147,
        0.0081811 ,  0.12932816, -0.45692438, -0.39604867, -0.11061318,
       -0.22657866,  0.35143755, -0.4962326 ,  0.24206744, -0.24773128,
       -0.1561457 ,  0.06308472, -0.06220185,  0.01363499, -0.00497033,
       -0.11777813, -0.15147358,  0.09323308, -0.19993818, -0.37825237,
        0.39470021]) 

Generation: 116 
 - Generation Avg Fit: 0.5134555596229665 
 - Best Fitness: 34.8407203543787
 - Best Solution: array([-0.03652435,  0.43557232, -0.34378842,  0.33950269,  0.35941164,
       -0.12422433,  0.36262979, -0.18102567, -0.19470047,  0.29105356,
       -0.34310094, -0.18805526, -0.16267104,  0.473271  ,  0.22564147,
        0.0081811 ,  0.12932816, -0.45692438, -0.39604867, -0.11061318,
       -0.22657866,  0.35143755, -0.4962326 ,  0.24206744, -0.24773128,
       -0.1561457 ,  0.06308472, -0.06220185,  0.01363499, -0.00497033,
       -0.11777813, -0.15147358,  0.09323308, -0.19993818, -0.37825237,
        0.39470021]) 

Generation: 117 
 - Generation Avg Fit: 0.5134555596229665 
 - Best Fitness: 34.8407203543787
 - Best Solution: array([-0.03652435,  0.43557232, -0.34378842,  0.33950269,  0.35941164,
       -0.12422433,  0.36262979, -0.18102567, -0.19470047,  0.29105356,
       -0.34310094, -0.18805526, -0.16267104,  0.473271  ,  0.22564147,
        0.0081811 ,  0.12932816, -0.45692438, -0.39604867, -0.11061318,
       -0.22657866,  0.35143755, -0.4962326 ,  0.24206744, -0.24773128,
       -0.1561457 ,  0.06308472, -0.06220185,  0.01363499, -0.00497033,
       -0.11777813, -0.15147358,  0.09323308, -0.19993818, -0.37825237,
        0.39470021]) 

Generation: 118 
 - Generation Avg Fit: 0.5134555596229665 
 - Best Fitness: 34.8407203543787
 - Best Solution: array([-0.03652435,  0.43557232, -0.34378842,  0.33950269,  0.35941164,
       -0.12422433,  0.36262979, -0.18102567, -0.19470047,  0.29105356,
       -0.34310094, -0.18805526, -0.16267104,  0.473271  ,  0.22564147,
        0.0081811 ,  0.12932816, -0.45692438, -0.39604867, -0.11061318,
       -0.22657866,  0.35143755, -0.4962326 ,  0.24206744, -0.24773128,
       -0.1561457 ,  0.06308472, -0.06220185,  0.01363499, -0.00497033,
       -0.11777813, -0.15147358,  0.09323308, -0.19993818, -0.37825237,
        0.39470021]) 

Generation: 119 
 - Generation Avg Fit: 0.5134555596229665 
 - Best Fitness: 34.8407203543787
 - Best Solution: array([-0.03652435,  0.43557232, -0.34378842,  0.33950269,  0.35941164,
       -0.12422433,  0.36262979, -0.18102567, -0.19470047,  0.29105356,
       -0.34310094, -0.18805526, -0.16267104,  0.473271  ,  0.22564147,
        0.0081811 ,  0.12932816, -0.45692438, -0.39604867, -0.11061318,
       -0.22657866,  0.35143755, -0.4962326 ,  0.24206744, -0.24773128,
       -0.1561457 ,  0.06308472, -0.06220185,  0.01363499, -0.00497033,
       -0.11777813, -0.15147358,  0.09323308, -0.19993818, -0.37825237,
        0.39470021]) 

Generation: 120 
 - Generation Avg Fit: 0.5134555596229665 
 - Best Fitness: 34.8407203543787
 - Best Solution: array([-0.03652435,  0.43557232, -0.34378842,  0.33950269,  0.35941164,
       -0.12422433,  0.36262979, -0.18102567, -0.19470047,  0.29105356,
       -0.34310094, -0.18805526, -0.16267104,  0.473271  ,  0.22564147,
        0.0081811 ,  0.12932816, -0.45692438, -0.39604867, -0.11061318,
       -0.22657866,  0.35143755, -0.4962326 ,  0.24206744, -0.24773128,
       -0.1561457 ,  0.06308472, -0.06220185,  0.01363499, -0.00497033,
       -0.11777813, -0.15147358,  0.09323308, -0.19993818, -0.37825237,
        0.39470021]) 

Generation: 121 
 - Generation Avg Fit: 0.5134555596229665 
 - Best Fitness: 34.8407203543787
 - Best Solution: array([-0.03652435,  0.43557232, -0.34378842,  0.33950269,  0.35941164,
       -0.12422433,  0.36262979, -0.18102567, -0.19470047,  0.29105356,
       -0.34310094, -0.18805526, -0.16267104,  0.473271  ,  0.22564147,
        0.0081811 ,  0.12932816, -0.45692438, -0.39604867, -0.11061318,
       -0.22657866,  0.35143755, -0.4962326 ,  0.24206744, -0.24773128,
       -0.1561457 ,  0.06308472, -0.06220185,  0.01363499, -0.00497033,
       -0.11777813, -0.15147358,  0.09323308, -0.19993818, -0.37825237,
        0.39470021]) 

Generation: 122 
 - Generation Avg Fit: 0.5134555596229665 
 - Best Fitness: 34.8407203543787
 - Best Solution: array([-0.03652435,  0.43557232, -0.34378842,  0.33950269,  0.35941164,
       -0.12422433,  0.36262979, -0.18102567, -0.19470047,  0.29105356,
       -0.34310094, -0.18805526, -0.16267104,  0.473271  ,  0.22564147,
        0.0081811 ,  0.12932816, -0.45692438, -0.39604867, -0.11061318,
       -0.22657866,  0.35143755, -0.4962326 ,  0.24206744, -0.24773128,
       -0.1561457 ,  0.06308472, -0.06220185,  0.01363499, -0.00497033,
       -0.11777813, -0.15147358,  0.09323308, -0.19993818, -0.37825237,
        0.39470021]) 

Generation: 123 
 - Generation Avg Fit: 0.5134555596229665 
 - Best Fitness: 34.8407203543787
 - Best Solution: array([-0.03652435,  0.43557232, -0.34378842,  0.33950269,  0.35941164,
       -0.12422433,  0.36262979, -0.18102567, -0.19470047,  0.29105356,
       -0.34310094, -0.18805526, -0.16267104,  0.473271  ,  0.22564147,
        0.0081811 ,  0.12932816, -0.45692438, -0.39604867, -0.11061318,
       -0.22657866,  0.35143755, -0.4962326 ,  0.24206744, -0.24773128,
       -0.1561457 ,  0.06308472, -0.06220185,  0.01363499, -0.00497033,
       -0.11777813, -0.15147358,  0.09323308, -0.19993818, -0.37825237,
        0.39470021]) 

Generation: 124 
 - Generation Avg Fit: 0.5134555596229665 
 - Best Fitness: 34.8407203543787
 - Best Solution: array([-0.03652435,  0.43557232, -0.34378842,  0.33950269,  0.35941164,
       -0.12422433,  0.36262979, -0.18102567, -0.19470047,  0.29105356,
       -0.34310094, -0.18805526, -0.16267104,  0.473271  ,  0.22564147,
        0.0081811 ,  0.12932816, -0.45692438, -0.39604867, -0.11061318,
       -0.22657866,  0.35143755, -0.4962326 ,  0.24206744, -0.24773128,
       -0.1561457 ,  0.06308472, -0.06220185,  0.01363499, -0.00497033,
       -0.11777813, -0.15147358,  0.09323308, -0.19993818, -0.37825237,
        0.39470021]) 

Generation: 125 
 - Generation Avg Fit: 0.5134555596229665 
 - Best Fitness: 34.8407203543787
 - Best Solution: array([-0.03652435,  0.43557232, -0.34378842,  0.33950269,  0.35941164,
       -0.12422433,  0.36262979, -0.18102567, -0.19470047,  0.29105356,
       -0.34310094, -0.18805526, -0.16267104,  0.473271  ,  0.22564147,
        0.0081811 ,  0.12932816, -0.45692438, -0.39604867, -0.11061318,
       -0.22657866,  0.35143755, -0.4962326 ,  0.24206744, -0.24773128,
       -0.1561457 ,  0.06308472, -0.06220185,  0.01363499, -0.00497033,
       -0.11777813, -0.15147358,  0.09323308, -0.19993818, -0.37825237,
        0.39470021]) 

Generation: 126 
 - Generation Avg Fit: 0.5134555596229665 
 - Best Fitness: 34.8407203543787
 - Best Solution: array([-0.03652435,  0.43557232, -0.34378842,  0.33950269,  0.35941164,
       -0.12422433,  0.36262979, -0.18102567, -0.19470047,  0.29105356,
       -0.34310094, -0.18805526, -0.16267104,  0.473271  ,  0.22564147,
        0.0081811 ,  0.12932816, -0.45692438, -0.39604867, -0.11061318,
       -0.22657866,  0.35143755, -0.4962326 ,  0.24206744, -0.24773128,
       -0.1561457 ,  0.06308472, -0.06220185,  0.01363499, -0.00497033,
       -0.11777813, -0.15147358,  0.09323308, -0.19993818, -0.37825237,
        0.39470021]) 

Generation: 127 
 - Generation Avg Fit: 0.5134555596229665 
 - Best Fitness: 34.8407203543787
 - Best Solution: array([-0.03652435,  0.43557232, -0.34378842,  0.33950269,  0.35941164,
       -0.12422433,  0.36262979, -0.18102567, -0.19470047,  0.29105356,
       -0.34310094, -0.18805526, -0.16267104,  0.473271  ,  0.22564147,
        0.0081811 ,  0.12932816, -0.45692438, -0.39604867, -0.11061318,
       -0.22657866,  0.35143755, -0.4962326 ,  0.24206744, -0.24773128,
       -0.1561457 ,  0.06308472, -0.06220185,  0.01363499, -0.00497033,
       -0.11777813, -0.15147358,  0.09323308, -0.19993818, -0.37825237,
        0.39470021]) 

Generation: 128 
 - Generation Avg Fit: 0.5134555596229665 
 - Best Fitness: 34.8407203543787
 - Best Solution: array([-0.03652435,  0.43557232, -0.34378842,  0.33950269,  0.35941164,
       -0.12422433,  0.36262979, -0.18102567, -0.19470047,  0.29105356,
       -0.34310094, -0.18805526, -0.16267104,  0.473271  ,  0.22564147,
        0.0081811 ,  0.12932816, -0.45692438, -0.39604867, -0.11061318,
       -0.22657866,  0.35143755, -0.4962326 ,  0.24206744, -0.24773128,
       -0.1561457 ,  0.06308472, -0.06220185,  0.01363499, -0.00497033,
       -0.11777813, -0.15147358,  0.09323308, -0.19993818, -0.37825237,
        0.39470021]) 

Generation: 129 
 - Generation Avg Fit: 0.5134555596229665 
 - Best Fitness: 34.8407203543787
 - Best Solution: array([-0.03652435,  0.43557232, -0.34378842,  0.33950269,  0.35941164,
       -0.12422433,  0.36262979, -0.18102567, -0.19470047,  0.29105356,
       -0.34310094, -0.18805526, -0.16267104,  0.473271  ,  0.22564147,
        0.0081811 ,  0.12932816, -0.45692438, -0.39604867, -0.11061318,
       -0.22657866,  0.35143755, -0.4962326 ,  0.24206744, -0.24773128,
       -0.1561457 ,  0.06308472, -0.06220185,  0.01363499, -0.00497033,
       -0.11777813, -0.15147358,  0.09323308, -0.19993818, -0.37825237,
        0.39470021]) 

Generation: 130 
 - Generation Avg Fit: 0.5134555596229665 
 - Best Fitness: 34.8407203543787
 - Best Solution: array([-0.03652435,  0.43557232, -0.34378842,  0.33950269,  0.35941164,
       -0.12422433,  0.36262979, -0.18102567, -0.19470047,  0.29105356,
       -0.34310094, -0.18805526, -0.16267104,  0.473271  ,  0.22564147,
        0.0081811 ,  0.12932816, -0.45692438, -0.39604867, -0.11061318,
       -0.22657866,  0.35143755, -0.4962326 ,  0.24206744, -0.24773128,
       -0.1561457 ,  0.06308472, -0.06220185,  0.01363499, -0.00497033,
       -0.11777813, -0.15147358,  0.09323308, -0.19993818, -0.37825237,
        0.39470021]) 

Generation: 131 
 - Generation Avg Fit: 0.5134555596229665 
 - Best Fitness: 34.8407203543787
 - Best Solution: array([-0.03652435,  0.43557232, -0.34378842,  0.33950269,  0.35941164,
       -0.12422433,  0.36262979, -0.18102567, -0.19470047,  0.29105356,
       -0.34310094, -0.18805526, -0.16267104,  0.473271  ,  0.22564147,
        0.0081811 ,  0.12932816, -0.45692438, -0.39604867, -0.11061318,
       -0.22657866,  0.35143755, -0.4962326 ,  0.24206744, -0.24773128,
       -0.1561457 ,  0.06308472, -0.06220185,  0.01363499, -0.00497033,
       -0.11777813, -0.15147358,  0.09323308, -0.19993818, -0.37825237,
        0.39470021]) 

Generation: 132 
 - Generation Avg Fit: 0.5134555596229665 
 - Best Fitness: 34.8407203543787
 - Best Solution: array([-0.03652435,  0.43557232, -0.34378842,  0.33950269,  0.35941164,
       -0.12422433,  0.36262979, -0.18102567, -0.19470047,  0.29105356,
       -0.34310094, -0.18805526, -0.16267104,  0.473271  ,  0.22564147,
        0.0081811 ,  0.12932816, -0.45692438, -0.39604867, -0.11061318,
       -0.22657866,  0.35143755, -0.4962326 ,  0.24206744, -0.24773128,
       -0.1561457 ,  0.06308472, -0.06220185,  0.01363499, -0.00497033,
       -0.11777813, -0.15147358,  0.09323308, -0.19993818, -0.37825237,
        0.39470021]) 

Generation: 133 
 - Generation Avg Fit: 0.5134555596229665 
 - Best Fitness: 34.8407203543787
 - Best Solution: array([-0.03652435,  0.43557232, -0.34378842,  0.33950269,  0.35941164,
       -0.12422433,  0.36262979, -0.18102567, -0.19470047,  0.29105356,
       -0.34310094, -0.18805526, -0.16267104,  0.473271  ,  0.22564147,
        0.0081811 ,  0.12932816, -0.45692438, -0.39604867, -0.11061318,
       -0.22657866,  0.35143755, -0.4962326 ,  0.24206744, -0.24773128,
       -0.1561457 ,  0.06308472, -0.06220185,  0.01363499, -0.00497033,
       -0.11777813, -0.15147358,  0.09323308, -0.19993818, -0.37825237,
        0.39470021]) 

Generation: 134 
 - Generation Avg Fit: 0.5134555596229665 
 - Best Fitness: 34.8407203543787
 - Best Solution: array([-0.03652435,  0.43557232, -0.34378842,  0.33950269,  0.35941164,
       -0.12422433,  0.36262979, -0.18102567, -0.19470047,  0.29105356,
       -0.34310094, -0.18805526, -0.16267104,  0.473271  ,  0.22564147,
        0.0081811 ,  0.12932816, -0.45692438, -0.39604867, -0.11061318,
       -0.22657866,  0.35143755, -0.4962326 ,  0.24206744, -0.24773128,
       -0.1561457 ,  0.06308472, -0.06220185,  0.01363499, -0.00497033,
       -0.11777813, -0.15147358,  0.09323308, -0.19993818, -0.37825237,
        0.39470021]) 

Generation: 135 
 - Generation Avg Fit: 0.5134555596229665 
 - Best Fitness: 34.8407203543787
 - Best Solution: array([-0.03652435,  0.43557232, -0.34378842,  0.33950269,  0.35941164,
       -0.12422433,  0.36262979, -0.18102567, -0.19470047,  0.29105356,
       -0.34310094, -0.18805526, -0.16267104,  0.473271  ,  0.22564147,
        0.0081811 ,  0.12932816, -0.45692438, -0.39604867, -0.11061318,
       -0.22657866,  0.35143755, -0.4962326 ,  0.24206744, -0.24773128,
       -0.1561457 ,  0.06308472, -0.06220185,  0.01363499, -0.00497033,
       -0.11777813, -0.15147358,  0.09323308, -0.19993818, -0.37825237,
        0.39470021]) 

Generation: 136 
 - Generation Avg Fit: 0.5134555596229665 
 - Best Fitness: 34.8407203543787
 - Best Solution: array([-0.03652435,  0.43557232, -0.34378842,  0.33950269,  0.35941164,
       -0.12422433,  0.36262979, -0.18102567, -0.19470047,  0.29105356,
       -0.34310094, -0.18805526, -0.16267104,  0.473271  ,  0.22564147,
        0.0081811 ,  0.12932816, -0.45692438, -0.39604867, -0.11061318,
       -0.22657866,  0.35143755, -0.4962326 ,  0.24206744, -0.24773128,
       -0.1561457 ,  0.06308472, -0.06220185,  0.01363499, -0.00497033,
       -0.11777813, -0.15147358,  0.09323308, -0.19993818, -0.37825237,
        0.39470021]) 

Generation: 137 
 - Generation Avg Fit: 0.5134555596229665 
 - Best Fitness: 34.8407203543787
 - Best Solution: array([-0.03652435,  0.43557232, -0.34378842,  0.33950269,  0.35941164,
       -0.12422433,  0.36262979, -0.18102567, -0.19470047,  0.29105356,
       -0.34310094, -0.18805526, -0.16267104,  0.473271  ,  0.22564147,
        0.0081811 ,  0.12932816, -0.45692438, -0.39604867, -0.11061318,
       -0.22657866,  0.35143755, -0.4962326 ,  0.24206744, -0.24773128,
       -0.1561457 ,  0.06308472, -0.06220185,  0.01363499, -0.00497033,
       -0.11777813, -0.15147358,  0.09323308, -0.19993818, -0.37825237,
        0.39470021]) 

Generation: 138 
 - Generation Avg Fit: 0.5134555596229665 
 - Best Fitness: 34.8407203543787
 - Best Solution: array([-0.03652435,  0.43557232, -0.34378842,  0.33950269,  0.35941164,
       -0.12422433,  0.36262979, -0.18102567, -0.19470047,  0.29105356,
       -0.34310094, -0.18805526, -0.16267104,  0.473271  ,  0.22564147,
        0.0081811 ,  0.12932816, -0.45692438, -0.39604867, -0.11061318,
       -0.22657866,  0.35143755, -0.4962326 ,  0.24206744, -0.24773128,
       -0.1561457 ,  0.06308472, -0.06220185,  0.01363499, -0.00497033,
       -0.11777813, -0.15147358,  0.09323308, -0.19993818, -0.37825237,
        0.39470021]) 

Generation: 139 
 - Generation Avg Fit: 0.5134555596229665 
 - Best Fitness: 34.8407203543787
 - Best Solution: array([-0.03652435,  0.43557232, -0.34378842,  0.33950269,  0.35941164,
       -0.12422433,  0.36262979, -0.18102567, -0.19470047,  0.29105356,
       -0.34310094, -0.18805526, -0.16267104,  0.473271  ,  0.22564147,
        0.0081811 ,  0.12932816, -0.45692438, -0.39604867, -0.11061318,
       -0.22657866,  0.35143755, -0.4962326 ,  0.24206744, -0.24773128,
       -0.1561457 ,  0.06308472, -0.06220185,  0.01363499, -0.00497033,
       -0.11777813, -0.15147358,  0.09323308, -0.19993818, -0.37825237,
        0.39470021]) 

Generation: 140 
 - Generation Avg Fit: 0.5134555596229665 
 - Best Fitness: 34.8407203543787
 - Best Solution: array([-0.03652435,  0.43557232, -0.34378842,  0.33950269,  0.35941164,
       -0.12422433,  0.36262979, -0.18102567, -0.19470047,  0.29105356,
       -0.34310094, -0.18805526, -0.16267104,  0.473271  ,  0.22564147,
        0.0081811 ,  0.12932816, -0.45692438, -0.39604867, -0.11061318,
       -0.22657866,  0.35143755, -0.4962326 ,  0.24206744, -0.24773128,
       -0.1561457 ,  0.06308472, -0.06220185,  0.01363499, -0.00497033,
       -0.11777813, -0.15147358,  0.09323308, -0.19993818, -0.37825237,
        0.39470021]) 

Generation: 141 
 - Generation Avg Fit: 0.5134555596229665 
 - Best Fitness: 34.8407203543787
 - Best Solution: array([-0.03652435,  0.43557232, -0.34378842,  0.33950269,  0.35941164,
       -0.12422433,  0.36262979, -0.18102567, -0.19470047,  0.29105356,
       -0.34310094, -0.18805526, -0.16267104,  0.473271  ,  0.22564147,
        0.0081811 ,  0.12932816, -0.45692438, -0.39604867, -0.11061318,
       -0.22657866,  0.35143755, -0.4962326 ,  0.24206744, -0.24773128,
       -0.1561457 ,  0.06308472, -0.06220185,  0.01363499, -0.00497033,
       -0.11777813, -0.15147358,  0.09323308, -0.19993818, -0.37825237,
        0.39470021]) 

Generation: 142 
 - Generation Avg Fit: 0.5134555596229665 
 - Best Fitness: 34.8407203543787
 - Best Solution: array([-0.03652435,  0.43557232, -0.34378842,  0.33950269,  0.35941164,
       -0.12422433,  0.36262979, -0.18102567, -0.19470047,  0.29105356,
       -0.34310094, -0.18805526, -0.16267104,  0.473271  ,  0.22564147,
        0.0081811 ,  0.12932816, -0.45692438, -0.39604867, -0.11061318,
       -0.22657866,  0.35143755, -0.4962326 ,  0.24206744, -0.24773128,
       -0.1561457 ,  0.06308472, -0.06220185,  0.01363499, -0.00497033,
       -0.11777813, -0.15147358,  0.09323308, -0.19993818, -0.37825237,
        0.39470021]) 

Generation: 143 
 - Generation Avg Fit: 0.5134555596229665 
 - Best Fitness: 34.8407203543787
 - Best Solution: array([-0.03652435,  0.43557232, -0.34378842,  0.33950269,  0.35941164,
       -0.12422433,  0.36262979, -0.18102567, -0.19470047,  0.29105356,
       -0.34310094, -0.18805526, -0.16267104,  0.473271  ,  0.22564147,
        0.0081811 ,  0.12932816, -0.45692438, -0.39604867, -0.11061318,
       -0.22657866,  0.35143755, -0.4962326 ,  0.24206744, -0.24773128,
       -0.1561457 ,  0.06308472, -0.06220185,  0.01363499, -0.00497033,
       -0.11777813, -0.15147358,  0.09323308, -0.19993818, -0.37825237,
        0.39470021]) 

Generation: 144 
 - Generation Avg Fit: 0.5134555596229665 
 - Best Fitness: 34.8407203543787
 - Best Solution: array([-0.03652435,  0.43557232, -0.34378842,  0.33950269,  0.35941164,
       -0.12422433,  0.36262979, -0.18102567, -0.19470047,  0.29105356,
       -0.34310094, -0.18805526, -0.16267104,  0.473271  ,  0.22564147,
        0.0081811 ,  0.12932816, -0.45692438, -0.39604867, -0.11061318,
       -0.22657866,  0.35143755, -0.4962326 ,  0.24206744, -0.24773128,
       -0.1561457 ,  0.06308472, -0.06220185,  0.01363499, -0.00497033,
       -0.11777813, -0.15147358,  0.09323308, -0.19993818, -0.37825237,
        0.39470021]) 

Generation: 145 
 - Generation Avg Fit: 0.5134555596229665 
 - Best Fitness: 34.8407203543787
 - Best Solution: array([-0.03652435,  0.43557232, -0.34378842,  0.33950269,  0.35941164,
       -0.12422433,  0.36262979, -0.18102567, -0.19470047,  0.29105356,
       -0.34310094, -0.18805526, -0.16267104,  0.473271  ,  0.22564147,
        0.0081811 ,  0.12932816, -0.45692438, -0.39604867, -0.11061318,
       -0.22657866,  0.35143755, -0.4962326 ,  0.24206744, -0.24773128,
       -0.1561457 ,  0.06308472, -0.06220185,  0.01363499, -0.00497033,
       -0.11777813, -0.15147358,  0.09323308, -0.19993818, -0.37825237,
        0.39470021]) 

Generation: 146 
 - Generation Avg Fit: 0.5134555596229665 
 - Best Fitness: 34.8407203543787
 - Best Solution: array([-0.03652435,  0.43557232, -0.34378842,  0.33950269,  0.35941164,
       -0.12422433,  0.36262979, -0.18102567, -0.19470047,  0.29105356,
       -0.34310094, -0.18805526, -0.16267104,  0.473271  ,  0.22564147,
        0.0081811 ,  0.12932816, -0.45692438, -0.39604867, -0.11061318,
       -0.22657866,  0.35143755, -0.4962326 ,  0.24206744, -0.24773128,
       -0.1561457 ,  0.06308472, -0.06220185,  0.01363499, -0.00497033,
       -0.11777813, -0.15147358,  0.09323308, -0.19993818, -0.37825237,
        0.39470021]) 

Generation: 147 
 - Generation Avg Fit: 0.5134555596229665 
 - Best Fitness: 34.8407203543787
 - Best Solution: array([-0.03652435,  0.43557232, -0.34378842,  0.33950269,  0.35941164,
       -0.12422433,  0.36262979, -0.18102567, -0.19470047,  0.29105356,
       -0.34310094, -0.18805526, -0.16267104,  0.473271  ,  0.22564147,
        0.0081811 ,  0.12932816, -0.45692438, -0.39604867, -0.11061318,
       -0.22657866,  0.35143755, -0.4962326 ,  0.24206744, -0.24773128,
       -0.1561457 ,  0.06308472, -0.06220185,  0.01363499, -0.00497033,
       -0.11777813, -0.15147358,  0.09323308, -0.19993818, -0.37825237,
        0.39470021]) 

Generation: 148 
 - Generation Avg Fit: 0.5134555596229665 
 - Best Fitness: 34.8407203543787
 - Best Solution: array([-0.03652435,  0.43557232, -0.34378842,  0.33950269,  0.35941164,
       -0.12422433,  0.36262979, -0.18102567, -0.19470047,  0.29105356,
       -0.34310094, -0.18805526, -0.16267104,  0.473271  ,  0.22564147,
        0.0081811 ,  0.12932816, -0.45692438, -0.39604867, -0.11061318,
       -0.22657866,  0.35143755, -0.4962326 ,  0.24206744, -0.24773128,
       -0.1561457 ,  0.06308472, -0.06220185,  0.01363499, -0.00497033,
       -0.11777813, -0.15147358,  0.09323308, -0.19993818, -0.37825237,
        0.39470021]) 

Generation: 149 
 - Generation Avg Fit: 0.5134555596229665 
 - Best Fitness: 34.8407203543787
 - Best Solution: array([-0.03652435,  0.43557232, -0.34378842,  0.33950269,  0.35941164,
       -0.12422433,  0.36262979, -0.18102567, -0.19470047,  0.29105356,
       -0.34310094, -0.18805526, -0.16267104,  0.473271  ,  0.22564147,
        0.0081811 ,  0.12932816, -0.45692438, -0.39604867, -0.11061318,
       -0.22657866,  0.35143755, -0.4962326 ,  0.24206744, -0.24773128,
       -0.1561457 ,  0.06308472, -0.06220185,  0.01363499, -0.00497033,
       -0.11777813, -0.15147358,  0.09323308, -0.19993818, -0.37825237,
        0.39470021]) 

Generation: 150 
 - Generation Avg Fit: 0.5134555596229665 
 - Best Fitness: 34.8407203543787
 - Best Solution: array([-0.03652435,  0.43557232, -0.34378842,  0.33950269,  0.35941164,
       -0.12422433,  0.36262979, -0.18102567, -0.19470047,  0.29105356,
       -0.34310094, -0.18805526, -0.16267104,  0.473271  ,  0.22564147,
        0.0081811 ,  0.12932816, -0.45692438, -0.39604867, -0.11061318,
       -0.22657866,  0.35143755, -0.4962326 ,  0.24206744, -0.24773128,
       -0.1561457 ,  0.06308472, -0.06220185,  0.01363499, -0.00497033,
       -0.11777813, -0.15147358,  0.09323308, -0.19993818, -0.37825237,
        0.39470021]) 

Generation: 151 
 - Generation Avg Fit: 0.5134555596229665 
 - Best Fitness: 34.8407203543787
 - Best Solution: array([-0.03652435,  0.43557232, -0.34378842,  0.33950269,  0.35941164,
       -0.12422433,  0.36262979, -0.18102567, -0.19470047,  0.29105356,
       -0.34310094, -0.18805526, -0.16267104,  0.473271  ,  0.22564147,
        0.0081811 ,  0.12932816, -0.45692438, -0.39604867, -0.11061318,
       -0.22657866,  0.35143755, -0.4962326 ,  0.24206744, -0.24773128,
       -0.1561457 ,  0.06308472, -0.06220185,  0.01363499, -0.00497033,
       -0.11777813, -0.15147358,  0.09323308, -0.19993818, -0.37825237,
        0.39470021]) 

Generation: 152 
 - Generation Avg Fit: 0.5134555596229665 
 - Best Fitness: 34.8407203543787
 - Best Solution: array([-0.03652435,  0.43557232, -0.34378842,  0.33950269,  0.35941164,
       -0.12422433,  0.36262979, -0.18102567, -0.19470047,  0.29105356,
       -0.34310094, -0.18805526, -0.16267104,  0.473271  ,  0.22564147,
        0.0081811 ,  0.12932816, -0.45692438, -0.39604867, -0.11061318,
       -0.22657866,  0.35143755, -0.4962326 ,  0.24206744, -0.24773128,
       -0.1561457 ,  0.06308472, -0.06220185,  0.01363499, -0.00497033,
       -0.11777813, -0.15147358,  0.09323308, -0.19993818, -0.37825237,
        0.39470021]) 

Generation: 153 
 - Generation Avg Fit: 0.5134555596229665 
 - Best Fitness: 34.8407203543787
 - Best Solution: array([-0.03652435,  0.43557232, -0.34378842,  0.33950269,  0.35941164,
       -0.12422433,  0.36262979, -0.18102567, -0.19470047,  0.29105356,
       -0.34310094, -0.18805526, -0.16267104,  0.473271  ,  0.22564147,
        0.0081811 ,  0.12932816, -0.45692438, -0.39604867, -0.11061318,
       -0.22657866,  0.35143755, -0.4962326 ,  0.24206744, -0.24773128,
       -0.1561457 ,  0.06308472, -0.06220185,  0.01363499, -0.00497033,
       -0.11777813, -0.15147358,  0.09323308, -0.19993818, -0.37825237,
        0.39470021]) 

Generation: 154 
 - Generation Avg Fit: 0.5134555596229665 
 - Best Fitness: 34.8407203543787
 - Best Solution: array([-0.03652435,  0.43557232, -0.34378842,  0.33950269,  0.35941164,
       -0.12422433,  0.36262979, -0.18102567, -0.19470047,  0.29105356,
       -0.34310094, -0.18805526, -0.16267104,  0.473271  ,  0.22564147,
        0.0081811 ,  0.12932816, -0.45692438, -0.39604867, -0.11061318,
       -0.22657866,  0.35143755, -0.4962326 ,  0.24206744, -0.24773128,
       -0.1561457 ,  0.06308472, -0.06220185,  0.01363499, -0.00497033,
       -0.11777813, -0.15147358,  0.09323308, -0.19993818, -0.37825237,
        0.39470021]) 

Generation: 155 
 - Generation Avg Fit: 0.5134555596229665 
 - Best Fitness: 34.8407203543787
 - Best Solution: array([-0.03652435,  0.43557232, -0.34378842,  0.33950269,  0.35941164,
       -0.12422433,  0.36262979, -0.18102567, -0.19470047,  0.29105356,
       -0.34310094, -0.18805526, -0.16267104,  0.473271  ,  0.22564147,
        0.0081811 ,  0.12932816, -0.45692438, -0.39604867, -0.11061318,
       -0.22657866,  0.35143755, -0.4962326 ,  0.24206744, -0.24773128,
       -0.1561457 ,  0.06308472, -0.06220185,  0.01363499, -0.00497033,
       -0.11777813, -0.15147358,  0.09323308, -0.19993818, -0.37825237,
        0.39470021]) 

Generation: 156 
 - Generation Avg Fit: 0.5134555596229665 
 - Best Fitness: 34.8407203543787
 - Best Solution: array([-0.03652435,  0.43557232, -0.34378842,  0.33950269,  0.35941164,
       -0.12422433,  0.36262979, -0.18102567, -0.19470047,  0.29105356,
       -0.34310094, -0.18805526, -0.16267104,  0.473271  ,  0.22564147,
        0.0081811 ,  0.12932816, -0.45692438, -0.39604867, -0.11061318,
       -0.22657866,  0.35143755, -0.4962326 ,  0.24206744, -0.24773128,
       -0.1561457 ,  0.06308472, -0.06220185,  0.01363499, -0.00497033,
       -0.11777813, -0.15147358,  0.09323308, -0.19993818, -0.37825237,
        0.39470021]) 

Generation: 157 
 - Generation Avg Fit: 0.5134555596229665 
 - Best Fitness: 34.8407203543787
 - Best Solution: array([-0.03652435,  0.43557232, -0.34378842,  0.33950269,  0.35941164,
       -0.12422433,  0.36262979, -0.18102567, -0.19470047,  0.29105356,
       -0.34310094, -0.18805526, -0.16267104,  0.473271  ,  0.22564147,
        0.0081811 ,  0.12932816, -0.45692438, -0.39604867, -0.11061318,
       -0.22657866,  0.35143755, -0.4962326 ,  0.24206744, -0.24773128,
       -0.1561457 ,  0.06308472, -0.06220185,  0.01363499, -0.00497033,
       -0.11777813, -0.15147358,  0.09323308, -0.19993818, -0.37825237,
        0.39470021]) 

Generation: 158 
 - Generation Avg Fit: 0.5134555596229665 
 - Best Fitness: 34.8407203543787
 - Best Solution: array([-0.03652435,  0.43557232, -0.34378842,  0.33950269,  0.35941164,
       -0.12422433,  0.36262979, -0.18102567, -0.19470047,  0.29105356,
       -0.34310094, -0.18805526, -0.16267104,  0.473271  ,  0.22564147,
        0.0081811 ,  0.12932816, -0.45692438, -0.39604867, -0.11061318,
       -0.22657866,  0.35143755, -0.4962326 ,  0.24206744, -0.24773128,
       -0.1561457 ,  0.06308472, -0.06220185,  0.01363499, -0.00497033,
       -0.11777813, -0.15147358,  0.09323308, -0.19993818, -0.37825237,
        0.39470021]) 

Generation: 159 
 - Generation Avg Fit: 0.5134555596229665 
 - Best Fitness: 34.8407203543787
 - Best Solution: array([-0.03652435,  0.43557232, -0.34378842,  0.33950269,  0.35941164,
       -0.12422433,  0.36262979, -0.18102567, -0.19470047,  0.29105356,
       -0.34310094, -0.18805526, -0.16267104,  0.473271  ,  0.22564147,
        0.0081811 ,  0.12932816, -0.45692438, -0.39604867, -0.11061318,
       -0.22657866,  0.35143755, -0.4962326 ,  0.24206744, -0.24773128,
       -0.1561457 ,  0.06308472, -0.06220185,  0.01363499, -0.00497033,
       -0.11777813, -0.15147358,  0.09323308, -0.19993818, -0.37825237,
        0.39470021]) 

Generation: 160 
 - Generation Avg Fit: 0.5134555596229665 
 - Best Fitness: 34.8407203543787
 - Best Solution: array([-0.03652435,  0.43557232, -0.34378842,  0.33950269,  0.35941164,
       -0.12422433,  0.36262979, -0.18102567, -0.19470047,  0.29105356,
       -0.34310094, -0.18805526, -0.16267104,  0.473271  ,  0.22564147,
        0.0081811 ,  0.12932816, -0.45692438, -0.39604867, -0.11061318,
       -0.22657866,  0.35143755, -0.4962326 ,  0.24206744, -0.24773128,
       -0.1561457 ,  0.06308472, -0.06220185,  0.01363499, -0.00497033,
       -0.11777813, -0.15147358,  0.09323308, -0.19993818, -0.37825237,
        0.39470021]) 

Generation: 161 
 - Generation Avg Fit: 0.5134555596229665 
 - Best Fitness: 34.8407203543787
 - Best Solution: array([-0.03652435,  0.43557232, -0.34378842,  0.33950269,  0.35941164,
       -0.12422433,  0.36262979, -0.18102567, -0.19470047,  0.29105356,
       -0.34310094, -0.18805526, -0.16267104,  0.473271  ,  0.22564147,
        0.0081811 ,  0.12932816, -0.45692438, -0.39604867, -0.11061318,
       -0.22657866,  0.35143755, -0.4962326 ,  0.24206744, -0.24773128,
       -0.1561457 ,  0.06308472, -0.06220185,  0.01363499, -0.00497033,
       -0.11777813, -0.15147358,  0.09323308, -0.19993818, -0.37825237,
        0.39470021]) 

Generation: 162 
 - Generation Avg Fit: 0.5134555596229665 
 - Best Fitness: 34.8407203543787
 - Best Solution: array([-0.03652435,  0.43557232, -0.34378842,  0.33950269,  0.35941164,
       -0.12422433,  0.36262979, -0.18102567, -0.19470047,  0.29105356,
       -0.34310094, -0.18805526, -0.16267104,  0.473271  ,  0.22564147,
        0.0081811 ,  0.12932816, -0.45692438, -0.39604867, -0.11061318,
       -0.22657866,  0.35143755, -0.4962326 ,  0.24206744, -0.24773128,
       -0.1561457 ,  0.06308472, -0.06220185,  0.01363499, -0.00497033,
       -0.11777813, -0.15147358,  0.09323308, -0.19993818, -0.37825237,
        0.39470021]) 

Generation: 163 
 - Generation Avg Fit: 0.5134555596229665 
 - Best Fitness: 34.8407203543787
 - Best Solution: array([-0.03652435,  0.43557232, -0.34378842,  0.33950269,  0.35941164,
       -0.12422433,  0.36262979, -0.18102567, -0.19470047,  0.29105356,
       -0.34310094, -0.18805526, -0.16267104,  0.473271  ,  0.22564147,
        0.0081811 ,  0.12932816, -0.45692438, -0.39604867, -0.11061318,
       -0.22657866,  0.35143755, -0.4962326 ,  0.24206744, -0.24773128,
       -0.1561457 ,  0.06308472, -0.06220185,  0.01363499, -0.00497033,
       -0.11777813, -0.15147358,  0.09323308, -0.19993818, -0.37825237,
        0.39470021]) 

Generation: 164 
 - Generation Avg Fit: 0.5134555596229665 
 - Best Fitness: 34.8407203543787
 - Best Solution: array([-0.03652435,  0.43557232, -0.34378842,  0.33950269,  0.35941164,
       -0.12422433,  0.36262979, -0.18102567, -0.19470047,  0.29105356,
       -0.34310094, -0.18805526, -0.16267104,  0.473271  ,  0.22564147,
        0.0081811 ,  0.12932816, -0.45692438, -0.39604867, -0.11061318,
       -0.22657866,  0.35143755, -0.4962326 ,  0.24206744, -0.24773128,
       -0.1561457 ,  0.06308472, -0.06220185,  0.01363499, -0.00497033,
       -0.11777813, -0.15147358,  0.09323308, -0.19993818, -0.37825237,
        0.39470021]) 

Generation: 165 
 - Generation Avg Fit: 0.5134555596229665 
 - Best Fitness: 34.8407203543787
 - Best Solution: array([-0.03652435,  0.43557232, -0.34378842,  0.33950269,  0.35941164,
       -0.12422433,  0.36262979, -0.18102567, -0.19470047,  0.29105356,
       -0.34310094, -0.18805526, -0.16267104,  0.473271  ,  0.22564147,
        0.0081811 ,  0.12932816, -0.45692438, -0.39604867, -0.11061318,
       -0.22657866,  0.35143755, -0.4962326 ,  0.24206744, -0.24773128,
       -0.1561457 ,  0.06308472, -0.06220185,  0.01363499, -0.00497033,
       -0.11777813, -0.15147358,  0.09323308, -0.19993818, -0.37825237,
        0.39470021]) 

Generation: 166 
 - Generation Avg Fit: 0.5134555596229665 
 - Best Fitness: 34.8407203543787
 - Best Solution: array([-0.03652435,  0.43557232, -0.34378842,  0.33950269,  0.35941164,
       -0.12422433,  0.36262979, -0.18102567, -0.19470047,  0.29105356,
       -0.34310094, -0.18805526, -0.16267104,  0.473271  ,  0.22564147,
        0.0081811 ,  0.12932816, -0.45692438, -0.39604867, -0.11061318,
       -0.22657866,  0.35143755, -0.4962326 ,  0.24206744, -0.24773128,
       -0.1561457 ,  0.06308472, -0.06220185,  0.01363499, -0.00497033,
       -0.11777813, -0.15147358,  0.09323308, -0.19993818, -0.37825237,
        0.39470021]) 

Generation: 167 
 - Generation Avg Fit: 0.5134555596229665 
 - Best Fitness: 34.8407203543787
 - Best Solution: array([-0.03652435,  0.43557232, -0.34378842,  0.33950269,  0.35941164,
       -0.12422433,  0.36262979, -0.18102567, -0.19470047,  0.29105356,
       -0.34310094, -0.18805526, -0.16267104,  0.473271  ,  0.22564147,
        0.0081811 ,  0.12932816, -0.45692438, -0.39604867, -0.11061318,
       -0.22657866,  0.35143755, -0.4962326 ,  0.24206744, -0.24773128,
       -0.1561457 ,  0.06308472, -0.06220185,  0.01363499, -0.00497033,
       -0.11777813, -0.15147358,  0.09323308, -0.19993818, -0.37825237,
        0.39470021]) 

Generation: 168 
 - Generation Avg Fit: 0.5134555596229665 
 - Best Fitness: 34.8407203543787
 - Best Solution: array([-0.03652435,  0.43557232, -0.34378842,  0.33950269,  0.35941164,
       -0.12422433,  0.36262979, -0.18102567, -0.19470047,  0.29105356,
       -0.34310094, -0.18805526, -0.16267104,  0.473271  ,  0.22564147,
        0.0081811 ,  0.12932816, -0.45692438, -0.39604867, -0.11061318,
       -0.22657866,  0.35143755, -0.4962326 ,  0.24206744, -0.24773128,
       -0.1561457 ,  0.06308472, -0.06220185,  0.01363499, -0.00497033,
       -0.11777813, -0.15147358,  0.09323308, -0.19993818, -0.37825237,
        0.39470021]) 

Generation: 169 
 - Generation Avg Fit: 0.5134555596229665 
 - Best Fitness: 34.8407203543787
 - Best Solution: array([-0.03652435,  0.43557232, -0.34378842,  0.33950269,  0.35941164,
       -0.12422433,  0.36262979, -0.18102567, -0.19470047,  0.29105356,
       -0.34310094, -0.18805526, -0.16267104,  0.473271  ,  0.22564147,
        0.0081811 ,  0.12932816, -0.45692438, -0.39604867, -0.11061318,
       -0.22657866,  0.35143755, -0.4962326 ,  0.24206744, -0.24773128,
       -0.1561457 ,  0.06308472, -0.06220185,  0.01363499, -0.00497033,
       -0.11777813, -0.15147358,  0.09323308, -0.19993818, -0.37825237,
        0.39470021]) 

Generation: 170 
 - Generation Avg Fit: 0.5134555596229665 
 - Best Fitness: 34.8407203543787
 - Best Solution: array([-0.03652435,  0.43557232, -0.34378842,  0.33950269,  0.35941164,
       -0.12422433,  0.36262979, -0.18102567, -0.19470047,  0.29105356,
       -0.34310094, -0.18805526, -0.16267104,  0.473271  ,  0.22564147,
        0.0081811 ,  0.12932816, -0.45692438, -0.39604867, -0.11061318,
       -0.22657866,  0.35143755, -0.4962326 ,  0.24206744, -0.24773128,
       -0.1561457 ,  0.06308472, -0.06220185,  0.01363499, -0.00497033,
       -0.11777813, -0.15147358,  0.09323308, -0.19993818, -0.37825237,
        0.39470021]) 

Generation: 171 
 - Generation Avg Fit: 0.5134555596229665 
 - Best Fitness: 34.8407203543787
 - Best Solution: array([-0.03652435,  0.43557232, -0.34378842,  0.33950269,  0.35941164,
       -0.12422433,  0.36262979, -0.18102567, -0.19470047,  0.29105356,
       -0.34310094, -0.18805526, -0.16267104,  0.473271  ,  0.22564147,
        0.0081811 ,  0.12932816, -0.45692438, -0.39604867, -0.11061318,
       -0.22657866,  0.35143755, -0.4962326 ,  0.24206744, -0.24773128,
       -0.1561457 ,  0.06308472, -0.06220185,  0.01363499, -0.00497033,
       -0.11777813, -0.15147358,  0.09323308, -0.19993818, -0.37825237,
        0.39470021]) 

Generation: 172 
 - Generation Avg Fit: 0.5134555596229665 
 - Best Fitness: 34.8407203543787
 - Best Solution: array([-0.03652435,  0.43557232, -0.34378842,  0.33950269,  0.35941164,
       -0.12422433,  0.36262979, -0.18102567, -0.19470047,  0.29105356,
       -0.34310094, -0.18805526, -0.16267104,  0.473271  ,  0.22564147,
        0.0081811 ,  0.12932816, -0.45692438, -0.39604867, -0.11061318,
       -0.22657866,  0.35143755, -0.4962326 ,  0.24206744, -0.24773128,
       -0.1561457 ,  0.06308472, -0.06220185,  0.01363499, -0.00497033,
       -0.11777813, -0.15147358,  0.09323308, -0.19993818, -0.37825237,
        0.39470021]) 

Generation: 173 
 - Generation Avg Fit: 0.5134555596229665 
 - Best Fitness: 34.8407203543787
 - Best Solution: array([-0.03652435,  0.43557232, -0.34378842,  0.33950269,  0.35941164,
       -0.12422433,  0.36262979, -0.18102567, -0.19470047,  0.29105356,
       -0.34310094, -0.18805526, -0.16267104,  0.473271  ,  0.22564147,
        0.0081811 ,  0.12932816, -0.45692438, -0.39604867, -0.11061318,
       -0.22657866,  0.35143755, -0.4962326 ,  0.24206744, -0.24773128,
       -0.1561457 ,  0.06308472, -0.06220185,  0.01363499, -0.00497033,
       -0.11777813, -0.15147358,  0.09323308, -0.19993818, -0.37825237,
        0.39470021]) 

Generation: 174 
 - Generation Avg Fit: 0.5134555596229665 
 - Best Fitness: 34.8407203543787
 - Best Solution: array([-0.03652435,  0.43557232, -0.34378842,  0.33950269,  0.35941164,
       -0.12422433,  0.36262979, -0.18102567, -0.19470047,  0.29105356,
       -0.34310094, -0.18805526, -0.16267104,  0.473271  ,  0.22564147,
        0.0081811 ,  0.12932816, -0.45692438, -0.39604867, -0.11061318,
       -0.22657866,  0.35143755, -0.4962326 ,  0.24206744, -0.24773128,
       -0.1561457 ,  0.06308472, -0.06220185,  0.01363499, -0.00497033,
       -0.11777813, -0.15147358,  0.09323308, -0.19993818, -0.37825237,
        0.39470021]) 

Generation: 175 
 - Generation Avg Fit: 0.5134555596229665 
 - Best Fitness: 34.8407203543787
 - Best Solution: array([-0.03652435,  0.43557232, -0.34378842,  0.33950269,  0.35941164,
       -0.12422433,  0.36262979, -0.18102567, -0.19470047,  0.29105356,
       -0.34310094, -0.18805526, -0.16267104,  0.473271  ,  0.22564147,
        0.0081811 ,  0.12932816, -0.45692438, -0.39604867, -0.11061318,
       -0.22657866,  0.35143755, -0.4962326 ,  0.24206744, -0.24773128,
       -0.1561457 ,  0.06308472, -0.06220185,  0.01363499, -0.00497033,
       -0.11777813, -0.15147358,  0.09323308, -0.19993818, -0.37825237,
        0.39470021]) 

Generation: 176 
 - Generation Avg Fit: 0.5134555596229665 
 - Best Fitness: 34.8407203543787
 - Best Solution: array([-0.03652435,  0.43557232, -0.34378842,  0.33950269,  0.35941164,
       -0.12422433,  0.36262979, -0.18102567, -0.19470047,  0.29105356,
       -0.34310094, -0.18805526, -0.16267104,  0.473271  ,  0.22564147,
        0.0081811 ,  0.12932816, -0.45692438, -0.39604867, -0.11061318,
       -0.22657866,  0.35143755, -0.4962326 ,  0.24206744, -0.24773128,
       -0.1561457 ,  0.06308472, -0.06220185,  0.01363499, -0.00497033,
       -0.11777813, -0.15147358,  0.09323308, -0.19993818, -0.37825237,
        0.39470021]) 

Generation: 177 
 - Generation Avg Fit: 0.5134555596229665 
 - Best Fitness: 34.8407203543787
 - Best Solution: array([-0.03652435,  0.43557232, -0.34378842,  0.33950269,  0.35941164,
       -0.12422433,  0.36262979, -0.18102567, -0.19470047,  0.29105356,
       -0.34310094, -0.18805526, -0.16267104,  0.473271  ,  0.22564147,
        0.0081811 ,  0.12932816, -0.45692438, -0.39604867, -0.11061318,
       -0.22657866,  0.35143755, -0.4962326 ,  0.24206744, -0.24773128,
       -0.1561457 ,  0.06308472, -0.06220185,  0.01363499, -0.00497033,
       -0.11777813, -0.15147358,  0.09323308, -0.19993818, -0.37825237,
        0.39470021]) 

Generation: 178 
 - Generation Avg Fit: 0.5134555596229665 
 - Best Fitness: 34.8407203543787
 - Best Solution: array([-0.03652435,  0.43557232, -0.34378842,  0.33950269,  0.35941164,
       -0.12422433,  0.36262979, -0.18102567, -0.19470047,  0.29105356,
       -0.34310094, -0.18805526, -0.16267104,  0.473271  ,  0.22564147,
        0.0081811 ,  0.12932816, -0.45692438, -0.39604867, -0.11061318,
       -0.22657866,  0.35143755, -0.4962326 ,  0.24206744, -0.24773128,
       -0.1561457 ,  0.06308472, -0.06220185,  0.01363499, -0.00497033,
       -0.11777813, -0.15147358,  0.09323308, -0.19993818, -0.37825237,
        0.39470021]) 

Generation: 179 
 - Generation Avg Fit: 0.5134555596229665 
 - Best Fitness: 34.8407203543787
 - Best Solution: array([-0.03652435,  0.43557232, -0.34378842,  0.33950269,  0.35941164,
       -0.12422433,  0.36262979, -0.18102567, -0.19470047,  0.29105356,
       -0.34310094, -0.18805526, -0.16267104,  0.473271  ,  0.22564147,
        0.0081811 ,  0.12932816, -0.45692438, -0.39604867, -0.11061318,
       -0.22657866,  0.35143755, -0.4962326 ,  0.24206744, -0.24773128,
       -0.1561457 ,  0.06308472, -0.06220185,  0.01363499, -0.00497033,
       -0.11777813, -0.15147358,  0.09323308, -0.19993818, -0.37825237,
        0.39470021]) 

Generation: 180 
 - Generation Avg Fit: 0.5134555596229665 
 - Best Fitness: 34.8407203543787
 - Best Solution: array([-0.03652435,  0.43557232, -0.34378842,  0.33950269,  0.35941164,
       -0.12422433,  0.36262979, -0.18102567, -0.19470047,  0.29105356,
       -0.34310094, -0.18805526, -0.16267104,  0.473271  ,  0.22564147,
        0.0081811 ,  0.12932816, -0.45692438, -0.39604867, -0.11061318,
       -0.22657866,  0.35143755, -0.4962326 ,  0.24206744, -0.24773128,
       -0.1561457 ,  0.06308472, -0.06220185,  0.01363499, -0.00497033,
       -0.11777813, -0.15147358,  0.09323308, -0.19993818, -0.37825237,
        0.39470021]) 

Generation: 181 
 - Generation Avg Fit: 0.5134555596229665 
 - Best Fitness: 34.8407203543787
 - Best Solution: array([-0.03652435,  0.43557232, -0.34378842,  0.33950269,  0.35941164,
       -0.12422433,  0.36262979, -0.18102567, -0.19470047,  0.29105356,
       -0.34310094, -0.18805526, -0.16267104,  0.473271  ,  0.22564147,
        0.0081811 ,  0.12932816, -0.45692438, -0.39604867, -0.11061318,
       -0.22657866,  0.35143755, -0.4962326 ,  0.24206744, -0.24773128,
       -0.1561457 ,  0.06308472, -0.06220185,  0.01363499, -0.00497033,
       -0.11777813, -0.15147358,  0.09323308, -0.19993818, -0.37825237,
        0.39470021]) 

Generation: 182 
 - Generation Avg Fit: 0.5134555596229665 
 - Best Fitness: 34.8407203543787
 - Best Solution: array([-0.03652435,  0.43557232, -0.34378842,  0.33950269,  0.35941164,
       -0.12422433,  0.36262979, -0.18102567, -0.19470047,  0.29105356,
       -0.34310094, -0.18805526, -0.16267104,  0.473271  ,  0.22564147,
        0.0081811 ,  0.12932816, -0.45692438, -0.39604867, -0.11061318,
       -0.22657866,  0.35143755, -0.4962326 ,  0.24206744, -0.24773128,
       -0.1561457 ,  0.06308472, -0.06220185,  0.01363499, -0.00497033,
       -0.11777813, -0.15147358,  0.09323308, -0.19993818, -0.37825237,
        0.39470021]) 

Generation: 183 
 - Generation Avg Fit: 0.5134555596229665 
 - Best Fitness: 34.8407203543787
 - Best Solution: array([-0.03652435,  0.43557232, -0.34378842,  0.33950269,  0.35941164,
       -0.12422433,  0.36262979, -0.18102567, -0.19470047,  0.29105356,
       -0.34310094, -0.18805526, -0.16267104,  0.473271  ,  0.22564147,
        0.0081811 ,  0.12932816, -0.45692438, -0.39604867, -0.11061318,
       -0.22657866,  0.35143755, -0.4962326 ,  0.24206744, -0.24773128,
       -0.1561457 ,  0.06308472, -0.06220185,  0.01363499, -0.00497033,
       -0.11777813, -0.15147358,  0.09323308, -0.19993818, -0.37825237,
        0.39470021]) 

Generation: 184 
 - Generation Avg Fit: 0.5134555596229665 
 - Best Fitness: 34.8407203543787
 - Best Solution: array([-0.03652435,  0.43557232, -0.34378842,  0.33950269,  0.35941164,
       -0.12422433,  0.36262979, -0.18102567, -0.19470047,  0.29105356,
       -0.34310094, -0.18805526, -0.16267104,  0.473271  ,  0.22564147,
        0.0081811 ,  0.12932816, -0.45692438, -0.39604867, -0.11061318,
       -0.22657866,  0.35143755, -0.4962326 ,  0.24206744, -0.24773128,
       -0.1561457 ,  0.06308472, -0.06220185,  0.01363499, -0.00497033,
       -0.11777813, -0.15147358,  0.09323308, -0.19993818, -0.37825237,
        0.39470021]) 

Generation: 185 
 - Generation Avg Fit: 0.5134555596229665 
 - Best Fitness: 34.8407203543787
 - Best Solution: array([-0.03652435,  0.43557232, -0.34378842,  0.33950269,  0.35941164,
       -0.12422433,  0.36262979, -0.18102567, -0.19470047,  0.29105356,
       -0.34310094, -0.18805526, -0.16267104,  0.473271  ,  0.22564147,
        0.0081811 ,  0.12932816, -0.45692438, -0.39604867, -0.11061318,
       -0.22657866,  0.35143755, -0.4962326 ,  0.24206744, -0.24773128,
       -0.1561457 ,  0.06308472, -0.06220185,  0.01363499, -0.00497033,
       -0.11777813, -0.15147358,  0.09323308, -0.19993818, -0.37825237,
        0.39470021]) 

Generation: 186 
 - Generation Avg Fit: 0.5134555596229665 
 - Best Fitness: 34.8407203543787
 - Best Solution: array([-0.03652435,  0.43557232, -0.34378842,  0.33950269,  0.35941164,
       -0.12422433,  0.36262979, -0.18102567, -0.19470047,  0.29105356,
       -0.34310094, -0.18805526, -0.16267104,  0.473271  ,  0.22564147,
        0.0081811 ,  0.12932816, -0.45692438, -0.39604867, -0.11061318,
       -0.22657866,  0.35143755, -0.4962326 ,  0.24206744, -0.24773128,
       -0.1561457 ,  0.06308472, -0.06220185,  0.01363499, -0.00497033,
       -0.11777813, -0.15147358,  0.09323308, -0.19993818, -0.37825237,
        0.39470021]) 

Generation: 187 
 - Generation Avg Fit: 0.5134555596229665 
 - Best Fitness: 34.8407203543787
 - Best Solution: array([-0.03652435,  0.43557232, -0.34378842,  0.33950269,  0.35941164,
       -0.12422433,  0.36262979, -0.18102567, -0.19470047,  0.29105356,
       -0.34310094, -0.18805526, -0.16267104,  0.473271  ,  0.22564147,
        0.0081811 ,  0.12932816, -0.45692438, -0.39604867, -0.11061318,
       -0.22657866,  0.35143755, -0.4962326 ,  0.24206744, -0.24773128,
       -0.1561457 ,  0.06308472, -0.06220185,  0.01363499, -0.00497033,
       -0.11777813, -0.15147358,  0.09323308, -0.19993818, -0.37825237,
        0.39470021]) 

Generation: 188 
 - Generation Avg Fit: 0.5134555596229665 
 - Best Fitness: 34.8407203543787
 - Best Solution: array([-0.03652435,  0.43557232, -0.34378842,  0.33950269,  0.35941164,
       -0.12422433,  0.36262979, -0.18102567, -0.19470047,  0.29105356,
       -0.34310094, -0.18805526, -0.16267104,  0.473271  ,  0.22564147,
        0.0081811 ,  0.12932816, -0.45692438, -0.39604867, -0.11061318,
       -0.22657866,  0.35143755, -0.4962326 ,  0.24206744, -0.24773128,
       -0.1561457 ,  0.06308472, -0.06220185,  0.01363499, -0.00497033,
       -0.11777813, -0.15147358,  0.09323308, -0.19993818, -0.37825237,
        0.39470021]) 

Generation: 189 
 - Generation Avg Fit: 0.5134555596229665 
 - Best Fitness: 34.8407203543787
 - Best Solution: array([-0.03652435,  0.43557232, -0.34378842,  0.33950269,  0.35941164,
       -0.12422433,  0.36262979, -0.18102567, -0.19470047,  0.29105356,
       -0.34310094, -0.18805526, -0.16267104,  0.473271  ,  0.22564147,
        0.0081811 ,  0.12932816, -0.45692438, -0.39604867, -0.11061318,
       -0.22657866,  0.35143755, -0.4962326 ,  0.24206744, -0.24773128,
       -0.1561457 ,  0.06308472, -0.06220185,  0.01363499, -0.00497033,
       -0.11777813, -0.15147358,  0.09323308, -0.19993818, -0.37825237,
        0.39470021]) 

Generation: 190 
 - Generation Avg Fit: 0.5134555596229665 
 - Best Fitness: 34.8407203543787
 - Best Solution: array([-0.03652435,  0.43557232, -0.34378842,  0.33950269,  0.35941164,
       -0.12422433,  0.36262979, -0.18102567, -0.19470047,  0.29105356,
       -0.34310094, -0.18805526, -0.16267104,  0.473271  ,  0.22564147,
        0.0081811 ,  0.12932816, -0.45692438, -0.39604867, -0.11061318,
       -0.22657866,  0.35143755, -0.4962326 ,  0.24206744, -0.24773128,
       -0.1561457 ,  0.06308472, -0.06220185,  0.01363499, -0.00497033,
       -0.11777813, -0.15147358,  0.09323308, -0.19993818, -0.37825237,
        0.39470021]) 

Generation: 191 
 - Generation Avg Fit: 0.5134555596229665 
 - Best Fitness: 34.8407203543787
 - Best Solution: array([-0.03652435,  0.43557232, -0.34378842,  0.33950269,  0.35941164,
       -0.12422433,  0.36262979, -0.18102567, -0.19470047,  0.29105356,
       -0.34310094, -0.18805526, -0.16267104,  0.473271  ,  0.22564147,
        0.0081811 ,  0.12932816, -0.45692438, -0.39604867, -0.11061318,
       -0.22657866,  0.35143755, -0.4962326 ,  0.24206744, -0.24773128,
       -0.1561457 ,  0.06308472, -0.06220185,  0.01363499, -0.00497033,
       -0.11777813, -0.15147358,  0.09323308, -0.19993818, -0.37825237,
        0.39470021]) 

Generation: 192 
 - Generation Avg Fit: 0.5134555596229665 
 - Best Fitness: 34.8407203543787
 - Best Solution: array([-0.03652435,  0.43557232, -0.34378842,  0.33950269,  0.35941164,
       -0.12422433,  0.36262979, -0.18102567, -0.19470047,  0.29105356,
       -0.34310094, -0.18805526, -0.16267104,  0.473271  ,  0.22564147,
        0.0081811 ,  0.12932816, -0.45692438, -0.39604867, -0.11061318,
       -0.22657866,  0.35143755, -0.4962326 ,  0.24206744, -0.24773128,
       -0.1561457 ,  0.06308472, -0.06220185,  0.01363499, -0.00497033,
       -0.11777813, -0.15147358,  0.09323308, -0.19993818, -0.37825237,
        0.39470021]) 

Generation: 193 
 - Generation Avg Fit: 0.5134555596229665 
 - Best Fitness: 34.8407203543787
 - Best Solution: array([-0.03652435,  0.43557232, -0.34378842,  0.33950269,  0.35941164,
       -0.12422433,  0.36262979, -0.18102567, -0.19470047,  0.29105356,
       -0.34310094, -0.18805526, -0.16267104,  0.473271  ,  0.22564147,
        0.0081811 ,  0.12932816, -0.45692438, -0.39604867, -0.11061318,
       -0.22657866,  0.35143755, -0.4962326 ,  0.24206744, -0.24773128,
       -0.1561457 ,  0.06308472, -0.06220185,  0.01363499, -0.00497033,
       -0.11777813, -0.15147358,  0.09323308, -0.19993818, -0.37825237,
        0.39470021]) 

Generation: 194 
 - Generation Avg Fit: 0.5134555596229665 
 - Best Fitness: 34.8407203543787
 - Best Solution: array([-0.03652435,  0.43557232, -0.34378842,  0.33950269,  0.35941164,
       -0.12422433,  0.36262979, -0.18102567, -0.19470047,  0.29105356,
       -0.34310094, -0.18805526, -0.16267104,  0.473271  ,  0.22564147,
        0.0081811 ,  0.12932816, -0.45692438, -0.39604867, -0.11061318,
       -0.22657866,  0.35143755, -0.4962326 ,  0.24206744, -0.24773128,
       -0.1561457 ,  0.06308472, -0.06220185,  0.01363499, -0.00497033,
       -0.11777813, -0.15147358,  0.09323308, -0.19993818, -0.37825237,
        0.39470021]) 

Generation: 195 
 - Generation Avg Fit: 0.5134555596229665 
 - Best Fitness: 34.8407203543787
 - Best Solution: array([-0.03652435,  0.43557232, -0.34378842,  0.33950269,  0.35941164,
       -0.12422433,  0.36262979, -0.18102567, -0.19470047,  0.29105356,
       -0.34310094, -0.18805526, -0.16267104,  0.473271  ,  0.22564147,
        0.0081811 ,  0.12932816, -0.45692438, -0.39604867, -0.11061318,
       -0.22657866,  0.35143755, -0.4962326 ,  0.24206744, -0.24773128,
       -0.1561457 ,  0.06308472, -0.06220185,  0.01363499, -0.00497033,
       -0.11777813, -0.15147358,  0.09323308, -0.19993818, -0.37825237,
        0.39470021]) 

Generation: 196 
 - Generation Avg Fit: 0.5134555596229665 
 - Best Fitness: 34.8407203543787
 - Best Solution: array([-0.03652435,  0.43557232, -0.34378842,  0.33950269,  0.35941164,
       -0.12422433,  0.36262979, -0.18102567, -0.19470047,  0.29105356,
       -0.34310094, -0.18805526, -0.16267104,  0.473271  ,  0.22564147,
        0.0081811 ,  0.12932816, -0.45692438, -0.39604867, -0.11061318,
       -0.22657866,  0.35143755, -0.4962326 ,  0.24206744, -0.24773128,
       -0.1561457 ,  0.06308472, -0.06220185,  0.01363499, -0.00497033,
       -0.11777813, -0.15147358,  0.09323308, -0.19993818, -0.37825237,
        0.39470021]) 

Generation: 197 
 - Generation Avg Fit: 0.5134555596229665 
 - Best Fitness: 34.8407203543787
 - Best Solution: array([-0.03652435,  0.43557232, -0.34378842,  0.33950269,  0.35941164,
       -0.12422433,  0.36262979, -0.18102567, -0.19470047,  0.29105356,
       -0.34310094, -0.18805526, -0.16267104,  0.473271  ,  0.22564147,
        0.0081811 ,  0.12932816, -0.45692438, -0.39604867, -0.11061318,
       -0.22657866,  0.35143755, -0.4962326 ,  0.24206744, -0.24773128,
       -0.1561457 ,  0.06308472, -0.06220185,  0.01363499, -0.00497033,
       -0.11777813, -0.15147358,  0.09323308, -0.19993818, -0.37825237,
        0.39470021]) 

Generation: 198 
 - Generation Avg Fit: 0.5134555596229665 
 - Best Fitness: 34.8407203543787
 - Best Solution: array([-0.03652435,  0.43557232, -0.34378842,  0.33950269,  0.35941164,
       -0.12422433,  0.36262979, -0.18102567, -0.19470047,  0.29105356,
       -0.34310094, -0.18805526, -0.16267104,  0.473271  ,  0.22564147,
        0.0081811 ,  0.12932816, -0.45692438, -0.39604867, -0.11061318,
       -0.22657866,  0.35143755, -0.4962326 ,  0.24206744, -0.24773128,
       -0.1561457 ,  0.06308472, -0.06220185,  0.01363499, -0.00497033,
       -0.11777813, -0.15147358,  0.09323308, -0.19993818, -0.37825237,
        0.39470021]) 

Generation: 199 
 - Generation Avg Fit: 0.5134555596229665 
 - Best Fitness: 34.8407203543787
 - Best Solution: array([-0.03652435,  0.43557232, -0.34378842,  0.33950269,  0.35941164,
       -0.12422433,  0.36262979, -0.18102567, -0.19470047,  0.29105356,
       -0.34310094, -0.18805526, -0.16267104,  0.473271  ,  0.22564147,
        0.0081811 ,  0.12932816, -0.45692438, -0.39604867, -0.11061318,
       -0.22657866,  0.35143755, -0.4962326 ,  0.24206744, -0.24773128,
       -0.1561457 ,  0.06308472, -0.06220185,  0.01363499, -0.00497033,
       -0.11777813, -0.15147358,  0.09323308, -0.19993818, -0.37825237,
        0.39470021]) 

Generation: 200 
 - Generation Avg Fit: 0.5134555596229665 
 - Best Fitness: 34.8407203543787
 - Best Solution: array([-0.03652435,  0.43557232, -0.34378842,  0.33950269,  0.35941164,
       -0.12422433,  0.36262979, -0.18102567, -0.19470047,  0.29105356,
       -0.34310094, -0.18805526, -0.16267104,  0.473271  ,  0.22564147,
        0.0081811 ,  0.12932816, -0.45692438, -0.39604867, -0.11061318,
       -0.22657866,  0.35143755, -0.4962326 ,  0.24206744, -0.24773128,
       -0.1561457 ,  0.06308472, -0.06220185,  0.01363499, -0.00497033,
       -0.11777813, -0.15147358,  0.09323308, -0.19993818, -0.37825237,
        0.39470021]) 

Generation: 201 
 - Generation Avg Fit: 0.5134555596229665 
 - Best Fitness: 34.8407203543787
 - Best Solution: array([-0.03652435,  0.43557232, -0.34378842,  0.33950269,  0.35941164,
       -0.12422433,  0.36262979, -0.18102567, -0.19470047,  0.29105356,
       -0.34310094, -0.18805526, -0.16267104,  0.473271  ,  0.22564147,
        0.0081811 ,  0.12932816, -0.45692438, -0.39604867, -0.11061318,
       -0.22657866,  0.35143755, -0.4962326 ,  0.24206744, -0.24773128,
       -0.1561457 ,  0.06308472, -0.06220185,  0.01363499, -0.00497033,
       -0.11777813, -0.15147358,  0.09323308, -0.19993818, -0.37825237,
        0.39470021]) 

Generation: 202 
 - Generation Avg Fit: 0.5134555596229665 
 - Best Fitness: 34.8407203543787
 - Best Solution: array([-0.03652435,  0.43557232, -0.34378842,  0.33950269,  0.35941164,
       -0.12422433,  0.36262979, -0.18102567, -0.19470047,  0.29105356,
       -0.34310094, -0.18805526, -0.16267104,  0.473271  ,  0.22564147,
        0.0081811 ,  0.12932816, -0.45692438, -0.39604867, -0.11061318,
       -0.22657866,  0.35143755, -0.4962326 ,  0.24206744, -0.24773128,
       -0.1561457 ,  0.06308472, -0.06220185,  0.01363499, -0.00497033,
       -0.11777813, -0.15147358,  0.09323308, -0.19993818, -0.37825237,
        0.39470021]) 

Generation: 203 
 - Generation Avg Fit: 0.5134555596229665 
 - Best Fitness: 34.8407203543787
 - Best Solution: array([-0.03652435,  0.43557232, -0.34378842,  0.33950269,  0.35941164,
       -0.12422433,  0.36262979, -0.18102567, -0.19470047,  0.29105356,
       -0.34310094, -0.18805526, -0.16267104,  0.473271  ,  0.22564147,
        0.0081811 ,  0.12932816, -0.45692438, -0.39604867, -0.11061318,
       -0.22657866,  0.35143755, -0.4962326 ,  0.24206744, -0.24773128,
       -0.1561457 ,  0.06308472, -0.06220185,  0.01363499, -0.00497033,
       -0.11777813, -0.15147358,  0.09323308, -0.19993818, -0.37825237,
        0.39470021]) 

Generation: 204 
 - Generation Avg Fit: 0.5134555596229665 
 - Best Fitness: 34.8407203543787
 - Best Solution: array([-0.03652435,  0.43557232, -0.34378842,  0.33950269,  0.35941164,
       -0.12422433,  0.36262979, -0.18102567, -0.19470047,  0.29105356,
       -0.34310094, -0.18805526, -0.16267104,  0.473271  ,  0.22564147,
        0.0081811 ,  0.12932816, -0.45692438, -0.39604867, -0.11061318,
       -0.22657866,  0.35143755, -0.4962326 ,  0.24206744, -0.24773128,
       -0.1561457 ,  0.06308472, -0.06220185,  0.01363499, -0.00497033,
       -0.11777813, -0.15147358,  0.09323308, -0.19993818, -0.37825237,
        0.39470021]) 

Generation: 205 
 - Generation Avg Fit: 0.5134555596229665 
 - Best Fitness: 34.8407203543787
 - Best Solution: array([-0.03652435,  0.43557232, -0.34378842,  0.33950269,  0.35941164,
       -0.12422433,  0.36262979, -0.18102567, -0.19470047,  0.29105356,
       -0.34310094, -0.18805526, -0.16267104,  0.473271  ,  0.22564147,
        0.0081811 ,  0.12932816, -0.45692438, -0.39604867, -0.11061318,
       -0.22657866,  0.35143755, -0.4962326 ,  0.24206744, -0.24773128,
       -0.1561457 ,  0.06308472, -0.06220185,  0.01363499, -0.00497033,
       -0.11777813, -0.15147358,  0.09323308, -0.19993818, -0.37825237,
        0.39470021]) 

Generation: 206 
 - Generation Avg Fit: 0.5134555596229665 
 - Best Fitness: 34.8407203543787
 - Best Solution: array([-0.03652435,  0.43557232, -0.34378842,  0.33950269,  0.35941164,
       -0.12422433,  0.36262979, -0.18102567, -0.19470047,  0.29105356,
       -0.34310094, -0.18805526, -0.16267104,  0.473271  ,  0.22564147,
        0.0081811 ,  0.12932816, -0.45692438, -0.39604867, -0.11061318,
       -0.22657866,  0.35143755, -0.4962326 ,  0.24206744, -0.24773128,
       -0.1561457 ,  0.06308472, -0.06220185,  0.01363499, -0.00497033,
       -0.11777813, -0.15147358,  0.09323308, -0.19993818, -0.37825237,
        0.39470021]) 

Generation: 207 
 - Generation Avg Fit: 0.5134555596229665 
 - Best Fitness: 34.8407203543787
 - Best Solution: array([-0.03652435,  0.43557232, -0.34378842,  0.33950269,  0.35941164,
       -0.12422433,  0.36262979, -0.18102567, -0.19470047,  0.29105356,
       -0.34310094, -0.18805526, -0.16267104,  0.473271  ,  0.22564147,
        0.0081811 ,  0.12932816, -0.45692438, -0.39604867, -0.11061318,
       -0.22657866,  0.35143755, -0.4962326 ,  0.24206744, -0.24773128,
       -0.1561457 ,  0.06308472, -0.06220185,  0.01363499, -0.00497033,
       -0.11777813, -0.15147358,  0.09323308, -0.19993818, -0.37825237,
        0.39470021]) 

Generation: 208 
 - Generation Avg Fit: 0.5134555596229665 
 - Best Fitness: 34.8407203543787
 - Best Solution: array([-0.03652435,  0.43557232, -0.34378842,  0.33950269,  0.35941164,
       -0.12422433,  0.36262979, -0.18102567, -0.19470047,  0.29105356,
       -0.34310094, -0.18805526, -0.16267104,  0.473271  ,  0.22564147,
        0.0081811 ,  0.12932816, -0.45692438, -0.39604867, -0.11061318,
       -0.22657866,  0.35143755, -0.4962326 ,  0.24206744, -0.24773128,
       -0.1561457 ,  0.06308472, -0.06220185,  0.01363499, -0.00497033,
       -0.11777813, -0.15147358,  0.09323308, -0.19993818, -0.37825237,
        0.39470021]) 

Generation: 209 
 - Generation Avg Fit: 0.5134555596229665 
 - Best Fitness: 34.8407203543787
 - Best Solution: array([-0.03652435,  0.43557232, -0.34378842,  0.33950269,  0.35941164,
       -0.12422433,  0.36262979, -0.18102567, -0.19470047,  0.29105356,
       -0.34310094, -0.18805526, -0.16267104,  0.473271  ,  0.22564147,
        0.0081811 ,  0.12932816, -0.45692438, -0.39604867, -0.11061318,
       -0.22657866,  0.35143755, -0.4962326 ,  0.24206744, -0.24773128,
       -0.1561457 ,  0.06308472, -0.06220185,  0.01363499, -0.00497033,
       -0.11777813, -0.15147358,  0.09323308, -0.19993818, -0.37825237,
        0.39470021]) 

Generation: 210 
 - Generation Avg Fit: 0.5134555596229665 
 - Best Fitness: 34.8407203543787
 - Best Solution: array([-0.03652435,  0.43557232, -0.34378842,  0.33950269,  0.35941164,
       -0.12422433,  0.36262979, -0.18102567, -0.19470047,  0.29105356,
       -0.34310094, -0.18805526, -0.16267104,  0.473271  ,  0.22564147,
        0.0081811 ,  0.12932816, -0.45692438, -0.39604867, -0.11061318,
       -0.22657866,  0.35143755, -0.4962326 ,  0.24206744, -0.24773128,
       -0.1561457 ,  0.06308472, -0.06220185,  0.01363499, -0.00497033,
       -0.11777813, -0.15147358,  0.09323308, -0.19993818, -0.37825237,
        0.39470021]) 

Generation: 211 
 - Generation Avg Fit: 0.5134555596229665 
 - Best Fitness: 34.8407203543787
 - Best Solution: array([-0.03652435,  0.43557232, -0.34378842,  0.33950269,  0.35941164,
       -0.12422433,  0.36262979, -0.18102567, -0.19470047,  0.29105356,
       -0.34310094, -0.18805526, -0.16267104,  0.473271  ,  0.22564147,
        0.0081811 ,  0.12932816, -0.45692438, -0.39604867, -0.11061318,
       -0.22657866,  0.35143755, -0.4962326 ,  0.24206744, -0.24773128,
       -0.1561457 ,  0.06308472, -0.06220185,  0.01363499, -0.00497033,
       -0.11777813, -0.15147358,  0.09323308, -0.19993818, -0.37825237,
        0.39470021]) 

Generation: 212 
 - Generation Avg Fit: 0.5134555596229665 
 - Best Fitness: 34.8407203543787
 - Best Solution: array([-0.03652435,  0.43557232, -0.34378842,  0.33950269,  0.35941164,
       -0.12422433,  0.36262979, -0.18102567, -0.19470047,  0.29105356,
       -0.34310094, -0.18805526, -0.16267104,  0.473271  ,  0.22564147,
        0.0081811 ,  0.12932816, -0.45692438, -0.39604867, -0.11061318,
       -0.22657866,  0.35143755, -0.4962326 ,  0.24206744, -0.24773128,
       -0.1561457 ,  0.06308472, -0.06220185,  0.01363499, -0.00497033,
       -0.11777813, -0.15147358,  0.09323308, -0.19993818, -0.37825237,
        0.39470021]) 

Generation: 213 
 - Generation Avg Fit: 0.5134555596229665 
 - Best Fitness: 34.8407203543787
 - Best Solution: array([-0.03652435,  0.43557232, -0.34378842,  0.33950269,  0.35941164,
       -0.12422433,  0.36262979, -0.18102567, -0.19470047,  0.29105356,
       -0.34310094, -0.18805526, -0.16267104,  0.473271  ,  0.22564147,
        0.0081811 ,  0.12932816, -0.45692438, -0.39604867, -0.11061318,
       -0.22657866,  0.35143755, -0.4962326 ,  0.24206744, -0.24773128,
       -0.1561457 ,  0.06308472, -0.06220185,  0.01363499, -0.00497033,
       -0.11777813, -0.15147358,  0.09323308, -0.19993818, -0.37825237,
        0.39470021]) 

Generation: 214 
 - Generation Avg Fit: 0.5134555596229665 
 - Best Fitness: 34.8407203543787
 - Best Solution: array([-0.03652435,  0.43557232, -0.34378842,  0.33950269,  0.35941164,
       -0.12422433,  0.36262979, -0.18102567, -0.19470047,  0.29105356,
       -0.34310094, -0.18805526, -0.16267104,  0.473271  ,  0.22564147,
        0.0081811 ,  0.12932816, -0.45692438, -0.39604867, -0.11061318,
       -0.22657866,  0.35143755, -0.4962326 ,  0.24206744, -0.24773128,
       -0.1561457 ,  0.06308472, -0.06220185,  0.01363499, -0.00497033,
       -0.11777813, -0.15147358,  0.09323308, -0.19993818, -0.37825237,
        0.39470021]) 

Generation: 215 
 - Generation Avg Fit: 0.5134555596229665 
 - Best Fitness: 34.8407203543787
 - Best Solution: array([-0.03652435,  0.43557232, -0.34378842,  0.33950269,  0.35941164,
       -0.12422433,  0.36262979, -0.18102567, -0.19470047,  0.29105356,
       -0.34310094, -0.18805526, -0.16267104,  0.473271  ,  0.22564147,
        0.0081811 ,  0.12932816, -0.45692438, -0.39604867, -0.11061318,
       -0.22657866,  0.35143755, -0.4962326 ,  0.24206744, -0.24773128,
       -0.1561457 ,  0.06308472, -0.06220185,  0.01363499, -0.00497033,
       -0.11777813, -0.15147358,  0.09323308, -0.19993818, -0.37825237,
        0.39470021]) 

Generation: 216 
 - Generation Avg Fit: 0.5134555596229665 
 - Best Fitness: 34.8407203543787
 - Best Solution: array([-0.03652435,  0.43557232, -0.34378842,  0.33950269,  0.35941164,
       -0.12422433,  0.36262979, -0.18102567, -0.19470047,  0.29105356,
       -0.34310094, -0.18805526, -0.16267104,  0.473271  ,  0.22564147,
        0.0081811 ,  0.12932816, -0.45692438, -0.39604867, -0.11061318,
       -0.22657866,  0.35143755, -0.4962326 ,  0.24206744, -0.24773128,
       -0.1561457 ,  0.06308472, -0.06220185,  0.01363499, -0.00497033,
       -0.11777813, -0.15147358,  0.09323308, -0.19993818, -0.37825237,
        0.39470021]) 

Generation: 217 
 - Generation Avg Fit: 0.5134555596229665 
 - Best Fitness: 34.8407203543787
 - Best Solution: array([-0.03652435,  0.43557232, -0.34378842,  0.33950269,  0.35941164,
       -0.12422433,  0.36262979, -0.18102567, -0.19470047,  0.29105356,
       -0.34310094, -0.18805526, -0.16267104,  0.473271  ,  0.22564147,
        0.0081811 ,  0.12932816, -0.45692438, -0.39604867, -0.11061318,
       -0.22657866,  0.35143755, -0.4962326 ,  0.24206744, -0.24773128,
       -0.1561457 ,  0.06308472, -0.06220185,  0.01363499, -0.00497033,
       -0.11777813, -0.15147358,  0.09323308, -0.19993818, -0.37825237,
        0.39470021]) 

Generation: 218 
 - Generation Avg Fit: 0.5134555596229665 
 - Best Fitness: 34.8407203543787
 - Best Solution: array([-0.03652435,  0.43557232, -0.34378842,  0.33950269,  0.35941164,
       -0.12422433,  0.36262979, -0.18102567, -0.19470047,  0.29105356,
       -0.34310094, -0.18805526, -0.16267104,  0.473271  ,  0.22564147,
        0.0081811 ,  0.12932816, -0.45692438, -0.39604867, -0.11061318,
       -0.22657866,  0.35143755, -0.4962326 ,  0.24206744, -0.24773128,
       -0.1561457 ,  0.06308472, -0.06220185,  0.01363499, -0.00497033,
       -0.11777813, -0.15147358,  0.09323308, -0.19993818, -0.37825237,
        0.39470021]) 

Generation: 219 
 - Generation Avg Fit: 0.5134555596229665 
 - Best Fitness: 34.8407203543787
 - Best Solution: array([-0.03652435,  0.43557232, -0.34378842,  0.33950269,  0.35941164,
       -0.12422433,  0.36262979, -0.18102567, -0.19470047,  0.29105356,
       -0.34310094, -0.18805526, -0.16267104,  0.473271  ,  0.22564147,
        0.0081811 ,  0.12932816, -0.45692438, -0.39604867, -0.11061318,
       -0.22657866,  0.35143755, -0.4962326 ,  0.24206744, -0.24773128,
       -0.1561457 ,  0.06308472, -0.06220185,  0.01363499, -0.00497033,
       -0.11777813, -0.15147358,  0.09323308, -0.19993818, -0.37825237,
        0.39470021]) 

Generation: 220 
 - Generation Avg Fit: 0.5134555596229665 
 - Best Fitness: 34.8407203543787
 - Best Solution: array([-0.03652435,  0.43557232, -0.34378842,  0.33950269,  0.35941164,
       -0.12422433,  0.36262979, -0.18102567, -0.19470047,  0.29105356,
       -0.34310094, -0.18805526, -0.16267104,  0.473271  ,  0.22564147,
        0.0081811 ,  0.12932816, -0.45692438, -0.39604867, -0.11061318,
       -0.22657866,  0.35143755, -0.4962326 ,  0.24206744, -0.24773128,
       -0.1561457 ,  0.06308472, -0.06220185,  0.01363499, -0.00497033,
       -0.11777813, -0.15147358,  0.09323308, -0.19993818, -0.37825237,
        0.39470021]) 

Generation: 221 
 - Generation Avg Fit: 0.5134555596229665 
 - Best Fitness: 34.8407203543787
 - Best Solution: array([-0.03652435,  0.43557232, -0.34378842,  0.33950269,  0.35941164,
       -0.12422433,  0.36262979, -0.18102567, -0.19470047,  0.29105356,
       -0.34310094, -0.18805526, -0.16267104,  0.473271  ,  0.22564147,
        0.0081811 ,  0.12932816, -0.45692438, -0.39604867, -0.11061318,
       -0.22657866,  0.35143755, -0.4962326 ,  0.24206744, -0.24773128,
       -0.1561457 ,  0.06308472, -0.06220185,  0.01363499, -0.00497033,
       -0.11777813, -0.15147358,  0.09323308, -0.19993818, -0.37825237,
        0.39470021]) 

Generation: 222 
 - Generation Avg Fit: 0.5134555596229665 
 - Best Fitness: 34.8407203543787
 - Best Solution: array([-0.03652435,  0.43557232, -0.34378842,  0.33950269,  0.35941164,
       -0.12422433,  0.36262979, -0.18102567, -0.19470047,  0.29105356,
       -0.34310094, -0.18805526, -0.16267104,  0.473271  ,  0.22564147,
        0.0081811 ,  0.12932816, -0.45692438, -0.39604867, -0.11061318,
       -0.22657866,  0.35143755, -0.4962326 ,  0.24206744, -0.24773128,
       -0.1561457 ,  0.06308472, -0.06220185,  0.01363499, -0.00497033,
       -0.11777813, -0.15147358,  0.09323308, -0.19993818, -0.37825237,
        0.39470021]) 

Generation: 223 
 - Generation Avg Fit: 0.5134555596229665 
 - Best Fitness: 34.8407203543787
 - Best Solution: array([-0.03652435,  0.43557232, -0.34378842,  0.33950269,  0.35941164,
       -0.12422433,  0.36262979, -0.18102567, -0.19470047,  0.29105356,
       -0.34310094, -0.18805526, -0.16267104,  0.473271  ,  0.22564147,
        0.0081811 ,  0.12932816, -0.45692438, -0.39604867, -0.11061318,
       -0.22657866,  0.35143755, -0.4962326 ,  0.24206744, -0.24773128,
       -0.1561457 ,  0.06308472, -0.06220185,  0.01363499, -0.00497033,
       -0.11777813, -0.15147358,  0.09323308, -0.19993818, -0.37825237,
        0.39470021]) 

Generation: 224 
 - Generation Avg Fit: 0.5134555596229665 
 - Best Fitness: 34.8407203543787
 - Best Solution: array([-0.03652435,  0.43557232, -0.34378842,  0.33950269,  0.35941164,
       -0.12422433,  0.36262979, -0.18102567, -0.19470047,  0.29105356,
       -0.34310094, -0.18805526, -0.16267104,  0.473271  ,  0.22564147,
        0.0081811 ,  0.12932816, -0.45692438, -0.39604867, -0.11061318,
       -0.22657866,  0.35143755, -0.4962326 ,  0.24206744, -0.24773128,
       -0.1561457 ,  0.06308472, -0.06220185,  0.01363499, -0.00497033,
       -0.11777813, -0.15147358,  0.09323308, -0.19993818, -0.37825237,
        0.39470021]) 

Generation: 225 
 - Generation Avg Fit: 0.5134555596229665 
 - Best Fitness: 34.8407203543787
 - Best Solution: array([-0.03652435,  0.43557232, -0.34378842,  0.33950269,  0.35941164,
       -0.12422433,  0.36262979, -0.18102567, -0.19470047,  0.29105356,
       -0.34310094, -0.18805526, -0.16267104,  0.473271  ,  0.22564147,
        0.0081811 ,  0.12932816, -0.45692438, -0.39604867, -0.11061318,
       -0.22657866,  0.35143755, -0.4962326 ,  0.24206744, -0.24773128,
       -0.1561457 ,  0.06308472, -0.06220185,  0.01363499, -0.00497033,
       -0.11777813, -0.15147358,  0.09323308, -0.19993818, -0.37825237,
        0.39470021]) 

Generation: 226 
 - Generation Avg Fit: 0.5134555596229665 
 - Best Fitness: 34.8407203543787
 - Best Solution: array([-0.03652435,  0.43557232, -0.34378842,  0.33950269,  0.35941164,
       -0.12422433,  0.36262979, -0.18102567, -0.19470047,  0.29105356,
       -0.34310094, -0.18805526, -0.16267104,  0.473271  ,  0.22564147,
        0.0081811 ,  0.12932816, -0.45692438, -0.39604867, -0.11061318,
       -0.22657866,  0.35143755, -0.4962326 ,  0.24206744, -0.24773128,
       -0.1561457 ,  0.06308472, -0.06220185,  0.01363499, -0.00497033,
       -0.11777813, -0.15147358,  0.09323308, -0.19993818, -0.37825237,
        0.39470021]) 

Generation: 227 
 - Generation Avg Fit: 0.5134555596229665 
 - Best Fitness: 34.8407203543787
 - Best Solution: array([-0.03652435,  0.43557232, -0.34378842,  0.33950269,  0.35941164,
       -0.12422433,  0.36262979, -0.18102567, -0.19470047,  0.29105356,
       -0.34310094, -0.18805526, -0.16267104,  0.473271  ,  0.22564147,
        0.0081811 ,  0.12932816, -0.45692438, -0.39604867, -0.11061318,
       -0.22657866,  0.35143755, -0.4962326 ,  0.24206744, -0.24773128,
       -0.1561457 ,  0.06308472, -0.06220185,  0.01363499, -0.00497033,
       -0.11777813, -0.15147358,  0.09323308, -0.19993818, -0.37825237,
        0.39470021]) 

Generation: 228 
 - Generation Avg Fit: 0.5134555596229665 
 - Best Fitness: 34.8407203543787
 - Best Solution: array([-0.03652435,  0.43557232, -0.34378842,  0.33950269,  0.35941164,
       -0.12422433,  0.36262979, -0.18102567, -0.19470047,  0.29105356,
       -0.34310094, -0.18805526, -0.16267104,  0.473271  ,  0.22564147,
        0.0081811 ,  0.12932816, -0.45692438, -0.39604867, -0.11061318,
       -0.22657866,  0.35143755, -0.4962326 ,  0.24206744, -0.24773128,
       -0.1561457 ,  0.06308472, -0.06220185,  0.01363499, -0.00497033,
       -0.11777813, -0.15147358,  0.09323308, -0.19993818, -0.37825237,
        0.39470021]) 

Generation: 229 
 - Generation Avg Fit: 0.5134555596229665 
 - Best Fitness: 34.8407203543787
 - Best Solution: array([-0.03652435,  0.43557232, -0.34378842,  0.33950269,  0.35941164,
       -0.12422433,  0.36262979, -0.18102567, -0.19470047,  0.29105356,
       -0.34310094, -0.18805526, -0.16267104,  0.473271  ,  0.22564147,
        0.0081811 ,  0.12932816, -0.45692438, -0.39604867, -0.11061318,
       -0.22657866,  0.35143755, -0.4962326 ,  0.24206744, -0.24773128,
       -0.1561457 ,  0.06308472, -0.06220185,  0.01363499, -0.00497033,
       -0.11777813, -0.15147358,  0.09323308, -0.19993818, -0.37825237,
        0.39470021]) 

Generation: 230 
 - Generation Avg Fit: 0.5134555596229665 
 - Best Fitness: 34.8407203543787
 - Best Solution: array([-0.03652435,  0.43557232, -0.34378842,  0.33950269,  0.35941164,
       -0.12422433,  0.36262979, -0.18102567, -0.19470047,  0.29105356,
       -0.34310094, -0.18805526, -0.16267104,  0.473271  ,  0.22564147,
        0.0081811 ,  0.12932816, -0.45692438, -0.39604867, -0.11061318,
       -0.22657866,  0.35143755, -0.4962326 ,  0.24206744, -0.24773128,
       -0.1561457 ,  0.06308472, -0.06220185,  0.01363499, -0.00497033,
       -0.11777813, -0.15147358,  0.09323308, -0.19993818, -0.37825237,
        0.39470021]) 

Generation: 231 
 - Generation Avg Fit: 0.5134555596229665 
 - Best Fitness: 34.8407203543787
 - Best Solution: array([-0.03652435,  0.43557232, -0.34378842,  0.33950269,  0.35941164,
       -0.12422433,  0.36262979, -0.18102567, -0.19470047,  0.29105356,
       -0.34310094, -0.18805526, -0.16267104,  0.473271  ,  0.22564147,
        0.0081811 ,  0.12932816, -0.45692438, -0.39604867, -0.11061318,
       -0.22657866,  0.35143755, -0.4962326 ,  0.24206744, -0.24773128,
       -0.1561457 ,  0.06308472, -0.06220185,  0.01363499, -0.00497033,
       -0.11777813, -0.15147358,  0.09323308, -0.19993818, -0.37825237,
        0.39470021]) 

Generation: 232 
 - Generation Avg Fit: 0.5134555596229665 
 - Best Fitness: 34.8407203543787
 - Best Solution: array([-0.03652435,  0.43557232, -0.34378842,  0.33950269,  0.35941164,
       -0.12422433,  0.36262979, -0.18102567, -0.19470047,  0.29105356,
       -0.34310094, -0.18805526, -0.16267104,  0.473271  ,  0.22564147,
        0.0081811 ,  0.12932816, -0.45692438, -0.39604867, -0.11061318,
       -0.22657866,  0.35143755, -0.4962326 ,  0.24206744, -0.24773128,
       -0.1561457 ,  0.06308472, -0.06220185,  0.01363499, -0.00497033,
       -0.11777813, -0.15147358,  0.09323308, -0.19993818, -0.37825237,
        0.39470021]) 

Generation: 233 
 - Generation Avg Fit: 0.5134555596229665 
 - Best Fitness: 34.8407203543787
 - Best Solution: array([-0.03652435,  0.43557232, -0.34378842,  0.33950269,  0.35941164,
       -0.12422433,  0.36262979, -0.18102567, -0.19470047,  0.29105356,
       -0.34310094, -0.18805526, -0.16267104,  0.473271  ,  0.22564147,
        0.0081811 ,  0.12932816, -0.45692438, -0.39604867, -0.11061318,
       -0.22657866,  0.35143755, -0.4962326 ,  0.24206744, -0.24773128,
       -0.1561457 ,  0.06308472, -0.06220185,  0.01363499, -0.00497033,
       -0.11777813, -0.15147358,  0.09323308, -0.19993818, -0.37825237,
        0.39470021]) 

Generation: 234 
 - Generation Avg Fit: 0.5134555596229665 
 - Best Fitness: 34.8407203543787
 - Best Solution: array([-0.03652435,  0.43557232, -0.34378842,  0.33950269,  0.35941164,
       -0.12422433,  0.36262979, -0.18102567, -0.19470047,  0.29105356,
       -0.34310094, -0.18805526, -0.16267104,  0.473271  ,  0.22564147,
        0.0081811 ,  0.12932816, -0.45692438, -0.39604867, -0.11061318,
       -0.22657866,  0.35143755, -0.4962326 ,  0.24206744, -0.24773128,
       -0.1561457 ,  0.06308472, -0.06220185,  0.01363499, -0.00497033,
       -0.11777813, -0.15147358,  0.09323308, -0.19993818, -0.37825237,
        0.39470021]) 

Generation: 235 
 - Generation Avg Fit: 0.5134555596229665 
 - Best Fitness: 34.8407203543787
 - Best Solution: array([-0.03652435,  0.43557232, -0.34378842,  0.33950269,  0.35941164,
       -0.12422433,  0.36262979, -0.18102567, -0.19470047,  0.29105356,
       -0.34310094, -0.18805526, -0.16267104,  0.473271  ,  0.22564147,
        0.0081811 ,  0.12932816, -0.45692438, -0.39604867, -0.11061318,
       -0.22657866,  0.35143755, -0.4962326 ,  0.24206744, -0.24773128,
       -0.1561457 ,  0.06308472, -0.06220185,  0.01363499, -0.00497033,
       -0.11777813, -0.15147358,  0.09323308, -0.19993818, -0.37825237,
        0.39470021]) 

Generation: 236 
 - Generation Avg Fit: 0.5134555596229665 
 - Best Fitness: 34.8407203543787
 - Best Solution: array([-0.03652435,  0.43557232, -0.34378842,  0.33950269,  0.35941164,
       -0.12422433,  0.36262979, -0.18102567, -0.19470047,  0.29105356,
       -0.34310094, -0.18805526, -0.16267104,  0.473271  ,  0.22564147,
        0.0081811 ,  0.12932816, -0.45692438, -0.39604867, -0.11061318,
       -0.22657866,  0.35143755, -0.4962326 ,  0.24206744, -0.24773128,
       -0.1561457 ,  0.06308472, -0.06220185,  0.01363499, -0.00497033,
       -0.11777813, -0.15147358,  0.09323308, -0.19993818, -0.37825237,
        0.39470021]) 

Generation: 237 
 - Generation Avg Fit: 0.5134555596229665 
 - Best Fitness: 34.8407203543787
 - Best Solution: array([-0.03652435,  0.43557232, -0.34378842,  0.33950269,  0.35941164,
       -0.12422433,  0.36262979, -0.18102567, -0.19470047,  0.29105356,
       -0.34310094, -0.18805526, -0.16267104,  0.473271  ,  0.22564147,
        0.0081811 ,  0.12932816, -0.45692438, -0.39604867, -0.11061318,
       -0.22657866,  0.35143755, -0.4962326 ,  0.24206744, -0.24773128,
       -0.1561457 ,  0.06308472, -0.06220185,  0.01363499, -0.00497033,
       -0.11777813, -0.15147358,  0.09323308, -0.19993818, -0.37825237,
        0.39470021]) 

Generation: 238 
 - Generation Avg Fit: 0.5134555596229665 
 - Best Fitness: 34.8407203543787
 - Best Solution: array([-0.03652435,  0.43557232, -0.34378842,  0.33950269,  0.35941164,
       -0.12422433,  0.36262979, -0.18102567, -0.19470047,  0.29105356,
       -0.34310094, -0.18805526, -0.16267104,  0.473271  ,  0.22564147,
        0.0081811 ,  0.12932816, -0.45692438, -0.39604867, -0.11061318,
       -0.22657866,  0.35143755, -0.4962326 ,  0.24206744, -0.24773128,
       -0.1561457 ,  0.06308472, -0.06220185,  0.01363499, -0.00497033,
       -0.11777813, -0.15147358,  0.09323308, -0.19993818, -0.37825237,
        0.39470021]) 

Generation: 239 
 - Generation Avg Fit: 0.5134555596229665 
 - Best Fitness: 34.8407203543787
 - Best Solution: array([-0.03652435,  0.43557232, -0.34378842,  0.33950269,  0.35941164,
       -0.12422433,  0.36262979, -0.18102567, -0.19470047,  0.29105356,
       -0.34310094, -0.18805526, -0.16267104,  0.473271  ,  0.22564147,
        0.0081811 ,  0.12932816, -0.45692438, -0.39604867, -0.11061318,
       -0.22657866,  0.35143755, -0.4962326 ,  0.24206744, -0.24773128,
       -0.1561457 ,  0.06308472, -0.06220185,  0.01363499, -0.00497033,
       -0.11777813, -0.15147358,  0.09323308, -0.19993818, -0.37825237,
        0.39470021]) 

Generation: 240 
 - Generation Avg Fit: 0.5134555596229665 
 - Best Fitness: 34.8407203543787
 - Best Solution: array([-0.03652435,  0.43557232, -0.34378842,  0.33950269,  0.35941164,
       -0.12422433,  0.36262979, -0.18102567, -0.19470047,  0.29105356,
       -0.34310094, -0.18805526, -0.16267104,  0.473271  ,  0.22564147,
        0.0081811 ,  0.12932816, -0.45692438, -0.39604867, -0.11061318,
       -0.22657866,  0.35143755, -0.4962326 ,  0.24206744, -0.24773128,
       -0.1561457 ,  0.06308472, -0.06220185,  0.01363499, -0.00497033,
       -0.11777813, -0.15147358,  0.09323308, -0.19993818, -0.37825237,
        0.39470021]) 

Generation: 241 
 - Generation Avg Fit: 0.5134555596229665 
 - Best Fitness: 34.8407203543787
 - Best Solution: array([-0.03652435,  0.43557232, -0.34378842,  0.33950269,  0.35941164,
       -0.12422433,  0.36262979, -0.18102567, -0.19470047,  0.29105356,
       -0.34310094, -0.18805526, -0.16267104,  0.473271  ,  0.22564147,
        0.0081811 ,  0.12932816, -0.45692438, -0.39604867, -0.11061318,
       -0.22657866,  0.35143755, -0.4962326 ,  0.24206744, -0.24773128,
       -0.1561457 ,  0.06308472, -0.06220185,  0.01363499, -0.00497033,
       -0.11777813, -0.15147358,  0.09323308, -0.19993818, -0.37825237,
        0.39470021]) 

Generation: 242 
 - Generation Avg Fit: 0.5134555596229665 
 - Best Fitness: 34.8407203543787
 - Best Solution: array([-0.03652435,  0.43557232, -0.34378842,  0.33950269,  0.35941164,
       -0.12422433,  0.36262979, -0.18102567, -0.19470047,  0.29105356,
       -0.34310094, -0.18805526, -0.16267104,  0.473271  ,  0.22564147,
        0.0081811 ,  0.12932816, -0.45692438, -0.39604867, -0.11061318,
       -0.22657866,  0.35143755, -0.4962326 ,  0.24206744, -0.24773128,
       -0.1561457 ,  0.06308472, -0.06220185,  0.01363499, -0.00497033,
       -0.11777813, -0.15147358,  0.09323308, -0.19993818, -0.37825237,
        0.39470021]) 

Generation: 243 
 - Generation Avg Fit: 0.5134555596229665 
 - Best Fitness: 34.8407203543787
 - Best Solution: array([-0.03652435,  0.43557232, -0.34378842,  0.33950269,  0.35941164,
       -0.12422433,  0.36262979, -0.18102567, -0.19470047,  0.29105356,
       -0.34310094, -0.18805526, -0.16267104,  0.473271  ,  0.22564147,
        0.0081811 ,  0.12932816, -0.45692438, -0.39604867, -0.11061318,
       -0.22657866,  0.35143755, -0.4962326 ,  0.24206744, -0.24773128,
       -0.1561457 ,  0.06308472, -0.06220185,  0.01363499, -0.00497033,
       -0.11777813, -0.15147358,  0.09323308, -0.19993818, -0.37825237,
        0.39470021]) 

Generation: 244 
 - Generation Avg Fit: 0.5134555596229665 
 - Best Fitness: 34.8407203543787
 - Best Solution: array([-0.03652435,  0.43557232, -0.34378842,  0.33950269,  0.35941164,
       -0.12422433,  0.36262979, -0.18102567, -0.19470047,  0.29105356,
       -0.34310094, -0.18805526, -0.16267104,  0.473271  ,  0.22564147,
        0.0081811 ,  0.12932816, -0.45692438, -0.39604867, -0.11061318,
       -0.22657866,  0.35143755, -0.4962326 ,  0.24206744, -0.24773128,
       -0.1561457 ,  0.06308472, -0.06220185,  0.01363499, -0.00497033,
       -0.11777813, -0.15147358,  0.09323308, -0.19993818, -0.37825237,
        0.39470021]) 

Generation: 245 
 - Generation Avg Fit: 0.5134555596229665 
 - Best Fitness: 34.8407203543787
 - Best Solution: array([-0.03652435,  0.43557232, -0.34378842,  0.33950269,  0.35941164,
       -0.12422433,  0.36262979, -0.18102567, -0.19470047,  0.29105356,
       -0.34310094, -0.18805526, -0.16267104,  0.473271  ,  0.22564147,
        0.0081811 ,  0.12932816, -0.45692438, -0.39604867, -0.11061318,
       -0.22657866,  0.35143755, -0.4962326 ,  0.24206744, -0.24773128,
       -0.1561457 ,  0.06308472, -0.06220185,  0.01363499, -0.00497033,
       -0.11777813, -0.15147358,  0.09323308, -0.19993818, -0.37825237,
        0.39470021]) 

Generation: 246 
 - Generation Avg Fit: 0.5134555596229665 
 - Best Fitness: 34.8407203543787
 - Best Solution: array([-0.03652435,  0.43557232, -0.34378842,  0.33950269,  0.35941164,
       -0.12422433,  0.36262979, -0.18102567, -0.19470047,  0.29105356,
       -0.34310094, -0.18805526, -0.16267104,  0.473271  ,  0.22564147,
        0.0081811 ,  0.12932816, -0.45692438, -0.39604867, -0.11061318,
       -0.22657866,  0.35143755, -0.4962326 ,  0.24206744, -0.24773128,
       -0.1561457 ,  0.06308472, -0.06220185,  0.01363499, -0.00497033,
       -0.11777813, -0.15147358,  0.09323308, -0.19993818, -0.37825237,
        0.39470021]) 

Generation: 247 
 - Generation Avg Fit: 0.5134555596229665 
 - Best Fitness: 34.8407203543787
 - Best Solution: array([-0.03652435,  0.43557232, -0.34378842,  0.33950269,  0.35941164,
       -0.12422433,  0.36262979, -0.18102567, -0.19470047,  0.29105356,
       -0.34310094, -0.18805526, -0.16267104,  0.473271  ,  0.22564147,
        0.0081811 ,  0.12932816, -0.45692438, -0.39604867, -0.11061318,
       -0.22657866,  0.35143755, -0.4962326 ,  0.24206744, -0.24773128,
       -0.1561457 ,  0.06308472, -0.06220185,  0.01363499, -0.00497033,
       -0.11777813, -0.15147358,  0.09323308, -0.19993818, -0.37825237,
        0.39470021]) 

Generation: 248 
 - Generation Avg Fit: 0.5134555596229665 
 - Best Fitness: 34.8407203543787
 - Best Solution: array([-0.03652435,  0.43557232, -0.34378842,  0.33950269,  0.35941164,
       -0.12422433,  0.36262979, -0.18102567, -0.19470047,  0.29105356,
       -0.34310094, -0.18805526, -0.16267104,  0.473271  ,  0.22564147,
        0.0081811 ,  0.12932816, -0.45692438, -0.39604867, -0.11061318,
       -0.22657866,  0.35143755, -0.4962326 ,  0.24206744, -0.24773128,
       -0.1561457 ,  0.06308472, -0.06220185,  0.01363499, -0.00497033,
       -0.11777813, -0.15147358,  0.09323308, -0.19993818, -0.37825237,
        0.39470021]) 

Generation: 249 
 - Generation Avg Fit: 0.5134555596229665 
 - Best Fitness: 34.8407203543787
 - Best Solution: array([-0.03652435,  0.43557232, -0.34378842,  0.33950269,  0.35941164,
       -0.12422433,  0.36262979, -0.18102567, -0.19470047,  0.29105356,
       -0.34310094, -0.18805526, -0.16267104,  0.473271  ,  0.22564147,
        0.0081811 ,  0.12932816, -0.45692438, -0.39604867, -0.11061318,
       -0.22657866,  0.35143755, -0.4962326 ,  0.24206744, -0.24773128,
       -0.1561457 ,  0.06308472, -0.06220185,  0.01363499, -0.00497033,
       -0.11777813, -0.15147358,  0.09323308, -0.19993818, -0.37825237,
        0.39470021]) 

Generation: 250 
 - Generation Avg Fit: 0.5134555596229665 
 - Best Fitness: 34.8407203543787
 - Best Solution: array([-0.03652435,  0.43557232, -0.34378842,  0.33950269,  0.35941164,
       -0.12422433,  0.36262979, -0.18102567, -0.19470047,  0.29105356,
       -0.34310094, -0.18805526, -0.16267104,  0.473271  ,  0.22564147,
        0.0081811 ,  0.12932816, -0.45692438, -0.39604867, -0.11061318,
       -0.22657866,  0.35143755, -0.4962326 ,  0.24206744, -0.24773128,
       -0.1561457 ,  0.06308472, -0.06220185,  0.01363499, -0.00497033,
       -0.11777813, -0.15147358,  0.09323308, -0.19993818, -0.37825237,
        0.39470021]) 

Generation: 251 
 - Generation Avg Fit: 0.5134555596229665 
 - Best Fitness: 34.8407203543787
 - Best Solution: array([-0.03652435,  0.43557232, -0.34378842,  0.33950269,  0.35941164,
       -0.12422433,  0.36262979, -0.18102567, -0.19470047,  0.29105356,
       -0.34310094, -0.18805526, -0.16267104,  0.473271  ,  0.22564147,
        0.0081811 ,  0.12932816, -0.45692438, -0.39604867, -0.11061318,
       -0.22657866,  0.35143755, -0.4962326 ,  0.24206744, -0.24773128,
       -0.1561457 ,  0.06308472, -0.06220185,  0.01363499, -0.00497033,
       -0.11777813, -0.15147358,  0.09323308, -0.19993818, -0.37825237,
        0.39470021]) 

Generation: 252 
 - Generation Avg Fit: 0.5134555596229665 
 - Best Fitness: 34.8407203543787
 - Best Solution: array([-0.03652435,  0.43557232, -0.34378842,  0.33950269,  0.35941164,
       -0.12422433,  0.36262979, -0.18102567, -0.19470047,  0.29105356,
       -0.34310094, -0.18805526, -0.16267104,  0.473271  ,  0.22564147,
        0.0081811 ,  0.12932816, -0.45692438, -0.39604867, -0.11061318,
       -0.22657866,  0.35143755, -0.4962326 ,  0.24206744, -0.24773128,
       -0.1561457 ,  0.06308472, -0.06220185,  0.01363499, -0.00497033,
       -0.11777813, -0.15147358,  0.09323308, -0.19993818, -0.37825237,
        0.39470021]) 

Generation: 253 
 - Generation Avg Fit: 0.5134555596229665 
 - Best Fitness: 34.8407203543787
 - Best Solution: array([-0.03652435,  0.43557232, -0.34378842,  0.33950269,  0.35941164,
       -0.12422433,  0.36262979, -0.18102567, -0.19470047,  0.29105356,
       -0.34310094, -0.18805526, -0.16267104,  0.473271  ,  0.22564147,
        0.0081811 ,  0.12932816, -0.45692438, -0.39604867, -0.11061318,
       -0.22657866,  0.35143755, -0.4962326 ,  0.24206744, -0.24773128,
       -0.1561457 ,  0.06308472, -0.06220185,  0.01363499, -0.00497033,
       -0.11777813, -0.15147358,  0.09323308, -0.19993818, -0.37825237,
        0.39470021]) 

Generation: 254 
 - Generation Avg Fit: 0.5134555596229665 
 - Best Fitness: 34.8407203543787
 - Best Solution: array([-0.03652435,  0.43557232, -0.34378842,  0.33950269,  0.35941164,
       -0.12422433,  0.36262979, -0.18102567, -0.19470047,  0.29105356,
       -0.34310094, -0.18805526, -0.16267104,  0.473271  ,  0.22564147,
        0.0081811 ,  0.12932816, -0.45692438, -0.39604867, -0.11061318,
       -0.22657866,  0.35143755, -0.4962326 ,  0.24206744, -0.24773128,
       -0.1561457 ,  0.06308472, -0.06220185,  0.01363499, -0.00497033,
       -0.11777813, -0.15147358,  0.09323308, -0.19993818, -0.37825237,
        0.39470021]) 

Generation: 255 
 - Generation Avg Fit: 0.5134555596229665 
 - Best Fitness: 34.8407203543787
 - Best Solution: array([-0.03652435,  0.43557232, -0.34378842,  0.33950269,  0.35941164,
       -0.12422433,  0.36262979, -0.18102567, -0.19470047,  0.29105356,
       -0.34310094, -0.18805526, -0.16267104,  0.473271  ,  0.22564147,
        0.0081811 ,  0.12932816, -0.45692438, -0.39604867, -0.11061318,
       -0.22657866,  0.35143755, -0.4962326 ,  0.24206744, -0.24773128,
       -0.1561457 ,  0.06308472, -0.06220185,  0.01363499, -0.00497033,
       -0.11777813, -0.15147358,  0.09323308, -0.19993818, -0.37825237,
        0.39470021]) 

Generation: 256 
 - Generation Avg Fit: 0.5134555596229665 
 - Best Fitness: 34.8407203543787
 - Best Solution: array([-0.03652435,  0.43557232, -0.34378842,  0.33950269,  0.35941164,
       -0.12422433,  0.36262979, -0.18102567, -0.19470047,  0.29105356,
       -0.34310094, -0.18805526, -0.16267104,  0.473271  ,  0.22564147,
        0.0081811 ,  0.12932816, -0.45692438, -0.39604867, -0.11061318,
       -0.22657866,  0.35143755, -0.4962326 ,  0.24206744, -0.24773128,
       -0.1561457 ,  0.06308472, -0.06220185,  0.01363499, -0.00497033,
       -0.11777813, -0.15147358,  0.09323308, -0.19993818, -0.37825237,
        0.39470021]) 

Generation: 257 
 - Generation Avg Fit: 0.5134555596229665 
 - Best Fitness: 34.8407203543787
 - Best Solution: array([-0.03652435,  0.43557232, -0.34378842,  0.33950269,  0.35941164,
       -0.12422433,  0.36262979, -0.18102567, -0.19470047,  0.29105356,
       -0.34310094, -0.18805526, -0.16267104,  0.473271  ,  0.22564147,
        0.0081811 ,  0.12932816, -0.45692438, -0.39604867, -0.11061318,
       -0.22657866,  0.35143755, -0.4962326 ,  0.24206744, -0.24773128,
       -0.1561457 ,  0.06308472, -0.06220185,  0.01363499, -0.00497033,
       -0.11777813, -0.15147358,  0.09323308, -0.19993818, -0.37825237,
        0.39470021]) 

Generation: 258 
 - Generation Avg Fit: 0.5134555596229665 
 - Best Fitness: 34.8407203543787
 - Best Solution: array([-0.03652435,  0.43557232, -0.34378842,  0.33950269,  0.35941164,
       -0.12422433,  0.36262979, -0.18102567, -0.19470047,  0.29105356,
       -0.34310094, -0.18805526, -0.16267104,  0.473271  ,  0.22564147,
        0.0081811 ,  0.12932816, -0.45692438, -0.39604867, -0.11061318,
       -0.22657866,  0.35143755, -0.4962326 ,  0.24206744, -0.24773128,
       -0.1561457 ,  0.06308472, -0.06220185,  0.01363499, -0.00497033,
       -0.11777813, -0.15147358,  0.09323308, -0.19993818, -0.37825237,
        0.39470021]) 

Generation: 259 
 - Generation Avg Fit: 0.5134555596229665 
 - Best Fitness: 34.8407203543787
 - Best Solution: array([-0.03652435,  0.43557232, -0.34378842,  0.33950269,  0.35941164,
       -0.12422433,  0.36262979, -0.18102567, -0.19470047,  0.29105356,
       -0.34310094, -0.18805526, -0.16267104,  0.473271  ,  0.22564147,
        0.0081811 ,  0.12932816, -0.45692438, -0.39604867, -0.11061318,
       -0.22657866,  0.35143755, -0.4962326 ,  0.24206744, -0.24773128,
       -0.1561457 ,  0.06308472, -0.06220185,  0.01363499, -0.00497033,
       -0.11777813, -0.15147358,  0.09323308, -0.19993818, -0.37825237,
        0.39470021]) 

Generation: 260 
 - Generation Avg Fit: 0.5134555596229665 
 - Best Fitness: 34.8407203543787
 - Best Solution: array([-0.03652435,  0.43557232, -0.34378842,  0.33950269,  0.35941164,
       -0.12422433,  0.36262979, -0.18102567, -0.19470047,  0.29105356,
       -0.34310094, -0.18805526, -0.16267104,  0.473271  ,  0.22564147,
        0.0081811 ,  0.12932816, -0.45692438, -0.39604867, -0.11061318,
       -0.22657866,  0.35143755, -0.4962326 ,  0.24206744, -0.24773128,
       -0.1561457 ,  0.06308472, -0.06220185,  0.01363499, -0.00497033,
       -0.11777813, -0.15147358,  0.09323308, -0.19993818, -0.37825237,
        0.39470021]) 

Generation: 261 
 - Generation Avg Fit: 0.5134555596229665 
 - Best Fitness: 34.8407203543787
 - Best Solution: array([-0.03652435,  0.43557232, -0.34378842,  0.33950269,  0.35941164,
       -0.12422433,  0.36262979, -0.18102567, -0.19470047,  0.29105356,
       -0.34310094, -0.18805526, -0.16267104,  0.473271  ,  0.22564147,
        0.0081811 ,  0.12932816, -0.45692438, -0.39604867, -0.11061318,
       -0.22657866,  0.35143755, -0.4962326 ,  0.24206744, -0.24773128,
       -0.1561457 ,  0.06308472, -0.06220185,  0.01363499, -0.00497033,
       -0.11777813, -0.15147358,  0.09323308, -0.19993818, -0.37825237,
        0.39470021]) 

Generation: 262 
 - Generation Avg Fit: 0.5134555596229665 
 - Best Fitness: 34.8407203543787
 - Best Solution: array([-0.03652435,  0.43557232, -0.34378842,  0.33950269,  0.35941164,
       -0.12422433,  0.36262979, -0.18102567, -0.19470047,  0.29105356,
       -0.34310094, -0.18805526, -0.16267104,  0.473271  ,  0.22564147,
        0.0081811 ,  0.12932816, -0.45692438, -0.39604867, -0.11061318,
       -0.22657866,  0.35143755, -0.4962326 ,  0.24206744, -0.24773128,
       -0.1561457 ,  0.06308472, -0.06220185,  0.01363499, -0.00497033,
       -0.11777813, -0.15147358,  0.09323308, -0.19993818, -0.37825237,
        0.39470021]) 

Generation: 263 
 - Generation Avg Fit: 0.5134555596229665 
 - Best Fitness: 34.8407203543787
 - Best Solution: array([-0.03652435,  0.43557232, -0.34378842,  0.33950269,  0.35941164,
       -0.12422433,  0.36262979, -0.18102567, -0.19470047,  0.29105356,
       -0.34310094, -0.18805526, -0.16267104,  0.473271  ,  0.22564147,
        0.0081811 ,  0.12932816, -0.45692438, -0.39604867, -0.11061318,
       -0.22657866,  0.35143755, -0.4962326 ,  0.24206744, -0.24773128,
       -0.1561457 ,  0.06308472, -0.06220185,  0.01363499, -0.00497033,
       -0.11777813, -0.15147358,  0.09323308, -0.19993818, -0.37825237,
        0.39470021]) 

Generation: 264 
 - Generation Avg Fit: 0.5134555596229665 
 - Best Fitness: 34.8407203543787
 - Best Solution: array([-0.03652435,  0.43557232, -0.34378842,  0.33950269,  0.35941164,
       -0.12422433,  0.36262979, -0.18102567, -0.19470047,  0.29105356,
       -0.34310094, -0.18805526, -0.16267104,  0.473271  ,  0.22564147,
        0.0081811 ,  0.12932816, -0.45692438, -0.39604867, -0.11061318,
       -0.22657866,  0.35143755, -0.4962326 ,  0.24206744, -0.24773128,
       -0.1561457 ,  0.06308472, -0.06220185,  0.01363499, -0.00497033,
       -0.11777813, -0.15147358,  0.09323308, -0.19993818, -0.37825237,
        0.39470021]) 

Generation: 265 
 - Generation Avg Fit: 0.5134555596229665 
 - Best Fitness: 34.8407203543787
 - Best Solution: array([-0.03652435,  0.43557232, -0.34378842,  0.33950269,  0.35941164,
       -0.12422433,  0.36262979, -0.18102567, -0.19470047,  0.29105356,
       -0.34310094, -0.18805526, -0.16267104,  0.473271  ,  0.22564147,
        0.0081811 ,  0.12932816, -0.45692438, -0.39604867, -0.11061318,
       -0.22657866,  0.35143755, -0.4962326 ,  0.24206744, -0.24773128,
       -0.1561457 ,  0.06308472, -0.06220185,  0.01363499, -0.00497033,
       -0.11777813, -0.15147358,  0.09323308, -0.19993818, -0.37825237,
        0.39470021]) 

Generation: 266 
 - Generation Avg Fit: 0.5134555596229665 
 - Best Fitness: 34.8407203543787
 - Best Solution: array([-0.03652435,  0.43557232, -0.34378842,  0.33950269,  0.35941164,
       -0.12422433,  0.36262979, -0.18102567, -0.19470047,  0.29105356,
       -0.34310094, -0.18805526, -0.16267104,  0.473271  ,  0.22564147,
        0.0081811 ,  0.12932816, -0.45692438, -0.39604867, -0.11061318,
       -0.22657866,  0.35143755, -0.4962326 ,  0.24206744, -0.24773128,
       -0.1561457 ,  0.06308472, -0.06220185,  0.01363499, -0.00497033,
       -0.11777813, -0.15147358,  0.09323308, -0.19993818, -0.37825237,
        0.39470021]) 

Generation: 267 
 - Generation Avg Fit: 0.5134555596229665 
 - Best Fitness: 34.8407203543787
 - Best Solution: array([-0.03652435,  0.43557232, -0.34378842,  0.33950269,  0.35941164,
       -0.12422433,  0.36262979, -0.18102567, -0.19470047,  0.29105356,
       -0.34310094, -0.18805526, -0.16267104,  0.473271  ,  0.22564147,
        0.0081811 ,  0.12932816, -0.45692438, -0.39604867, -0.11061318,
       -0.22657866,  0.35143755, -0.4962326 ,  0.24206744, -0.24773128,
       -0.1561457 ,  0.06308472, -0.06220185,  0.01363499, -0.00497033,
       -0.11777813, -0.15147358,  0.09323308, -0.19993818, -0.37825237,
        0.39470021]) 

Generation: 268 
 - Generation Avg Fit: 0.5134555596229665 
 - Best Fitness: 34.8407203543787
 - Best Solution: array([-0.03652435,  0.43557232, -0.34378842,  0.33950269,  0.35941164,
       -0.12422433,  0.36262979, -0.18102567, -0.19470047,  0.29105356,
       -0.34310094, -0.18805526, -0.16267104,  0.473271  ,  0.22564147,
        0.0081811 ,  0.12932816, -0.45692438, -0.39604867, -0.11061318,
       -0.22657866,  0.35143755, -0.4962326 ,  0.24206744, -0.24773128,
       -0.1561457 ,  0.06308472, -0.06220185,  0.01363499, -0.00497033,
       -0.11777813, -0.15147358,  0.09323308, -0.19993818, -0.37825237,
        0.39470021]) 

Generation: 269 
 - Generation Avg Fit: 0.5134555596229665 
 - Best Fitness: 34.8407203543787
 - Best Solution: array([-0.03652435,  0.43557232, -0.34378842,  0.33950269,  0.35941164,
       -0.12422433,  0.36262979, -0.18102567, -0.19470047,  0.29105356,
       -0.34310094, -0.18805526, -0.16267104,  0.473271  ,  0.22564147,
        0.0081811 ,  0.12932816, -0.45692438, -0.39604867, -0.11061318,
       -0.22657866,  0.35143755, -0.4962326 ,  0.24206744, -0.24773128,
       -0.1561457 ,  0.06308472, -0.06220185,  0.01363499, -0.00497033,
       -0.11777813, -0.15147358,  0.09323308, -0.19993818, -0.37825237,
        0.39470021]) 

Generation: 270 
 - Generation Avg Fit: 0.5134555596229665 
 - Best Fitness: 34.8407203543787
 - Best Solution: array([-0.03652435,  0.43557232, -0.34378842,  0.33950269,  0.35941164,
       -0.12422433,  0.36262979, -0.18102567, -0.19470047,  0.29105356,
       -0.34310094, -0.18805526, -0.16267104,  0.473271  ,  0.22564147,
        0.0081811 ,  0.12932816, -0.45692438, -0.39604867, -0.11061318,
       -0.22657866,  0.35143755, -0.4962326 ,  0.24206744, -0.24773128,
       -0.1561457 ,  0.06308472, -0.06220185,  0.01363499, -0.00497033,
       -0.11777813, -0.15147358,  0.09323308, -0.19993818, -0.37825237,
        0.39470021]) 

Generation: 271 
 - Generation Avg Fit: 0.5134555596229665 
 - Best Fitness: 34.8407203543787
 - Best Solution: array([-0.03652435,  0.43557232, -0.34378842,  0.33950269,  0.35941164,
       -0.12422433,  0.36262979, -0.18102567, -0.19470047,  0.29105356,
       -0.34310094, -0.18805526, -0.16267104,  0.473271  ,  0.22564147,
        0.0081811 ,  0.12932816, -0.45692438, -0.39604867, -0.11061318,
       -0.22657866,  0.35143755, -0.4962326 ,  0.24206744, -0.24773128,
       -0.1561457 ,  0.06308472, -0.06220185,  0.01363499, -0.00497033,
       -0.11777813, -0.15147358,  0.09323308, -0.19993818, -0.37825237,
        0.39470021]) 

Generation: 272 
 - Generation Avg Fit: 0.5134555596229665 
 - Best Fitness: 34.8407203543787
 - Best Solution: array([-0.03652435,  0.43557232, -0.34378842,  0.33950269,  0.35941164,
       -0.12422433,  0.36262979, -0.18102567, -0.19470047,  0.29105356,
       -0.34310094, -0.18805526, -0.16267104,  0.473271  ,  0.22564147,
        0.0081811 ,  0.12932816, -0.45692438, -0.39604867, -0.11061318,
       -0.22657866,  0.35143755, -0.4962326 ,  0.24206744, -0.24773128,
       -0.1561457 ,  0.06308472, -0.06220185,  0.01363499, -0.00497033,
       -0.11777813, -0.15147358,  0.09323308, -0.19993818, -0.37825237,
        0.39470021]) 

Generation: 273 
 - Generation Avg Fit: 0.5134555596229665 
 - Best Fitness: 34.8407203543787
 - Best Solution: array([-0.03652435,  0.43557232, -0.34378842,  0.33950269,  0.35941164,
       -0.12422433,  0.36262979, -0.18102567, -0.19470047,  0.29105356,
       -0.34310094, -0.18805526, -0.16267104,  0.473271  ,  0.22564147,
        0.0081811 ,  0.12932816, -0.45692438, -0.39604867, -0.11061318,
       -0.22657866,  0.35143755, -0.4962326 ,  0.24206744, -0.24773128,
       -0.1561457 ,  0.06308472, -0.06220185,  0.01363499, -0.00497033,
       -0.11777813, -0.15147358,  0.09323308, -0.19993818, -0.37825237,
        0.39470021]) 

Generation: 274 
 - Generation Avg Fit: 0.5134555596229665 
 - Best Fitness: 34.8407203543787
 - Best Solution: array([-0.03652435,  0.43557232, -0.34378842,  0.33950269,  0.35941164,
       -0.12422433,  0.36262979, -0.18102567, -0.19470047,  0.29105356,
       -0.34310094, -0.18805526, -0.16267104,  0.473271  ,  0.22564147,
        0.0081811 ,  0.12932816, -0.45692438, -0.39604867, -0.11061318,
       -0.22657866,  0.35143755, -0.4962326 ,  0.24206744, -0.24773128,
       -0.1561457 ,  0.06308472, -0.06220185,  0.01363499, -0.00497033,
       -0.11777813, -0.15147358,  0.09323308, -0.19993818, -0.37825237,
        0.39470021]) 

Generation: 275 
 - Generation Avg Fit: 0.5134555596229665 
 - Best Fitness: 34.8407203543787
 - Best Solution: array([-0.03652435,  0.43557232, -0.34378842,  0.33950269,  0.35941164,
       -0.12422433,  0.36262979, -0.18102567, -0.19470047,  0.29105356,
       -0.34310094, -0.18805526, -0.16267104,  0.473271  ,  0.22564147,
        0.0081811 ,  0.12932816, -0.45692438, -0.39604867, -0.11061318,
       -0.22657866,  0.35143755, -0.4962326 ,  0.24206744, -0.24773128,
       -0.1561457 ,  0.06308472, -0.06220185,  0.01363499, -0.00497033,
       -0.11777813, -0.15147358,  0.09323308, -0.19993818, -0.37825237,
        0.39470021]) 

Generation: 276 
 - Generation Avg Fit: 0.5134555596229665 
 - Best Fitness: 34.8407203543787
 - Best Solution: array([-0.03652435,  0.43557232, -0.34378842,  0.33950269,  0.35941164,
       -0.12422433,  0.36262979, -0.18102567, -0.19470047,  0.29105356,
       -0.34310094, -0.18805526, -0.16267104,  0.473271  ,  0.22564147,
        0.0081811 ,  0.12932816, -0.45692438, -0.39604867, -0.11061318,
       -0.22657866,  0.35143755, -0.4962326 ,  0.24206744, -0.24773128,
       -0.1561457 ,  0.06308472, -0.06220185,  0.01363499, -0.00497033,
       -0.11777813, -0.15147358,  0.09323308, -0.19993818, -0.37825237,
        0.39470021]) 

Generation: 277 
 - Generation Avg Fit: 0.5134555596229665 
 - Best Fitness: 34.8407203543787
 - Best Solution: array([-0.03652435,  0.43557232, -0.34378842,  0.33950269,  0.35941164,
       -0.12422433,  0.36262979, -0.18102567, -0.19470047,  0.29105356,
       -0.34310094, -0.18805526, -0.16267104,  0.473271  ,  0.22564147,
        0.0081811 ,  0.12932816, -0.45692438, -0.39604867, -0.11061318,
       -0.22657866,  0.35143755, -0.4962326 ,  0.24206744, -0.24773128,
       -0.1561457 ,  0.06308472, -0.06220185,  0.01363499, -0.00497033,
       -0.11777813, -0.15147358,  0.09323308, -0.19993818, -0.37825237,
        0.39470021]) 

Generation: 278 
 - Generation Avg Fit: 0.5134555596229665 
 - Best Fitness: 34.8407203543787
 - Best Solution: array([-0.03652435,  0.43557232, -0.34378842,  0.33950269,  0.35941164,
       -0.12422433,  0.36262979, -0.18102567, -0.19470047,  0.29105356,
       -0.34310094, -0.18805526, -0.16267104,  0.473271  ,  0.22564147,
        0.0081811 ,  0.12932816, -0.45692438, -0.39604867, -0.11061318,
       -0.22657866,  0.35143755, -0.4962326 ,  0.24206744, -0.24773128,
       -0.1561457 ,  0.06308472, -0.06220185,  0.01363499, -0.00497033,
       -0.11777813, -0.15147358,  0.09323308, -0.19993818, -0.37825237,
        0.39470021]) 

Generation: 279 
 - Generation Avg Fit: 0.5134555596229665 
 - Best Fitness: 34.8407203543787
 - Best Solution: array([-0.03652435,  0.43557232, -0.34378842,  0.33950269,  0.35941164,
       -0.12422433,  0.36262979, -0.18102567, -0.19470047,  0.29105356,
       -0.34310094, -0.18805526, -0.16267104,  0.473271  ,  0.22564147,
        0.0081811 ,  0.12932816, -0.45692438, -0.39604867, -0.11061318,
       -0.22657866,  0.35143755, -0.4962326 ,  0.24206744, -0.24773128,
       -0.1561457 ,  0.06308472, -0.06220185,  0.01363499, -0.00497033,
       -0.11777813, -0.15147358,  0.09323308, -0.19993818, -0.37825237,
        0.39470021]) 

Generation: 280 
 - Generation Avg Fit: 0.5134555596229665 
 - Best Fitness: 34.8407203543787
 - Best Solution: array([-0.03652435,  0.43557232, -0.34378842,  0.33950269,  0.35941164,
       -0.12422433,  0.36262979, -0.18102567, -0.19470047,  0.29105356,
       -0.34310094, -0.18805526, -0.16267104,  0.473271  ,  0.22564147,
        0.0081811 ,  0.12932816, -0.45692438, -0.39604867, -0.11061318,
       -0.22657866,  0.35143755, -0.4962326 ,  0.24206744, -0.24773128,
       -0.1561457 ,  0.06308472, -0.06220185,  0.01363499, -0.00497033,
       -0.11777813, -0.15147358,  0.09323308, -0.19993818, -0.37825237,
        0.39470021]) 

Generation: 281 
 - Generation Avg Fit: 0.5134555596229665 
 - Best Fitness: 34.8407203543787
 - Best Solution: array([-0.03652435,  0.43557232, -0.34378842,  0.33950269,  0.35941164,
       -0.12422433,  0.36262979, -0.18102567, -0.19470047,  0.29105356,
       -0.34310094, -0.18805526, -0.16267104,  0.473271  ,  0.22564147,
        0.0081811 ,  0.12932816, -0.45692438, -0.39604867, -0.11061318,
       -0.22657866,  0.35143755, -0.4962326 ,  0.24206744, -0.24773128,
       -0.1561457 ,  0.06308472, -0.06220185,  0.01363499, -0.00497033,
       -0.11777813, -0.15147358,  0.09323308, -0.19993818, -0.37825237,
        0.39470021]) 

Generation: 282 
 - Generation Avg Fit: 0.5134555596229665 
 - Best Fitness: 34.8407203543787
 - Best Solution: array([-0.03652435,  0.43557232, -0.34378842,  0.33950269,  0.35941164,
       -0.12422433,  0.36262979, -0.18102567, -0.19470047,  0.29105356,
       -0.34310094, -0.18805526, -0.16267104,  0.473271  ,  0.22564147,
        0.0081811 ,  0.12932816, -0.45692438, -0.39604867, -0.11061318,
       -0.22657866,  0.35143755, -0.4962326 ,  0.24206744, -0.24773128,
       -0.1561457 ,  0.06308472, -0.06220185,  0.01363499, -0.00497033,
       -0.11777813, -0.15147358,  0.09323308, -0.19993818, -0.37825237,
        0.39470021]) 

Generation: 283 
 - Generation Avg Fit: 0.5134555596229665 
 - Best Fitness: 34.8407203543787
 - Best Solution: array([-0.03652435,  0.43557232, -0.34378842,  0.33950269,  0.35941164,
       -0.12422433,  0.36262979, -0.18102567, -0.19470047,  0.29105356,
       -0.34310094, -0.18805526, -0.16267104,  0.473271  ,  0.22564147,
        0.0081811 ,  0.12932816, -0.45692438, -0.39604867, -0.11061318,
       -0.22657866,  0.35143755, -0.4962326 ,  0.24206744, -0.24773128,
       -0.1561457 ,  0.06308472, -0.06220185,  0.01363499, -0.00497033,
       -0.11777813, -0.15147358,  0.09323308, -0.19993818, -0.37825237,
        0.39470021]) 

Generation: 284 
 - Generation Avg Fit: 0.5134555596229665 
 - Best Fitness: 34.8407203543787
 - Best Solution: array([-0.03652435,  0.43557232, -0.34378842,  0.33950269,  0.35941164,
       -0.12422433,  0.36262979, -0.18102567, -0.19470047,  0.29105356,
       -0.34310094, -0.18805526, -0.16267104,  0.473271  ,  0.22564147,
        0.0081811 ,  0.12932816, -0.45692438, -0.39604867, -0.11061318,
       -0.22657866,  0.35143755, -0.4962326 ,  0.24206744, -0.24773128,
       -0.1561457 ,  0.06308472, -0.06220185,  0.01363499, -0.00497033,
       -0.11777813, -0.15147358,  0.09323308, -0.19993818, -0.37825237,
        0.39470021]) 

Generation: 285 
 - Generation Avg Fit: 0.5134555596229665 
 - Best Fitness: 34.8407203543787
 - Best Solution: array([-0.03652435,  0.43557232, -0.34378842,  0.33950269,  0.35941164,
       -0.12422433,  0.36262979, -0.18102567, -0.19470047,  0.29105356,
       -0.34310094, -0.18805526, -0.16267104,  0.473271  ,  0.22564147,
        0.0081811 ,  0.12932816, -0.45692438, -0.39604867, -0.11061318,
       -0.22657866,  0.35143755, -0.4962326 ,  0.24206744, -0.24773128,
       -0.1561457 ,  0.06308472, -0.06220185,  0.01363499, -0.00497033,
       -0.11777813, -0.15147358,  0.09323308, -0.19993818, -0.37825237,
        0.39470021]) 

Generation: 286 
 - Generation Avg Fit: 0.5134555596229665 
 - Best Fitness: 34.8407203543787
 - Best Solution: array([-0.03652435,  0.43557232, -0.34378842,  0.33950269,  0.35941164,
       -0.12422433,  0.36262979, -0.18102567, -0.19470047,  0.29105356,
       -0.34310094, -0.18805526, -0.16267104,  0.473271  ,  0.22564147,
        0.0081811 ,  0.12932816, -0.45692438, -0.39604867, -0.11061318,
       -0.22657866,  0.35143755, -0.4962326 ,  0.24206744, -0.24773128,
       -0.1561457 ,  0.06308472, -0.06220185,  0.01363499, -0.00497033,
       -0.11777813, -0.15147358,  0.09323308, -0.19993818, -0.37825237,
        0.39470021]) 

Generation: 287 
 - Generation Avg Fit: 0.5134555596229665 
 - Best Fitness: 34.8407203543787
 - Best Solution: array([-0.03652435,  0.43557232, -0.34378842,  0.33950269,  0.35941164,
       -0.12422433,  0.36262979, -0.18102567, -0.19470047,  0.29105356,
       -0.34310094, -0.18805526, -0.16267104,  0.473271  ,  0.22564147,
        0.0081811 ,  0.12932816, -0.45692438, -0.39604867, -0.11061318,
       -0.22657866,  0.35143755, -0.4962326 ,  0.24206744, -0.24773128,
       -0.1561457 ,  0.06308472, -0.06220185,  0.01363499, -0.00497033,
       -0.11777813, -0.15147358,  0.09323308, -0.19993818, -0.37825237,
        0.39470021]) 

Generation: 288 
 - Generation Avg Fit: 0.5134555596229665 
 - Best Fitness: 34.8407203543787
 - Best Solution: array([-0.03652435,  0.43557232, -0.34378842,  0.33950269,  0.35941164,
       -0.12422433,  0.36262979, -0.18102567, -0.19470047,  0.29105356,
       -0.34310094, -0.18805526, -0.16267104,  0.473271  ,  0.22564147,
        0.0081811 ,  0.12932816, -0.45692438, -0.39604867, -0.11061318,
       -0.22657866,  0.35143755, -0.4962326 ,  0.24206744, -0.24773128,
       -0.1561457 ,  0.06308472, -0.06220185,  0.01363499, -0.00497033,
       -0.11777813, -0.15147358,  0.09323308, -0.19993818, -0.37825237,
        0.39470021]) 

Generation: 289 
 - Generation Avg Fit: 0.5134555596229665 
 - Best Fitness: 34.8407203543787
 - Best Solution: array([-0.03652435,  0.43557232, -0.34378842,  0.33950269,  0.35941164,
       -0.12422433,  0.36262979, -0.18102567, -0.19470047,  0.29105356,
       -0.34310094, -0.18805526, -0.16267104,  0.473271  ,  0.22564147,
        0.0081811 ,  0.12932816, -0.45692438, -0.39604867, -0.11061318,
       -0.22657866,  0.35143755, -0.4962326 ,  0.24206744, -0.24773128,
       -0.1561457 ,  0.06308472, -0.06220185,  0.01363499, -0.00497033,
       -0.11777813, -0.15147358,  0.09323308, -0.19993818, -0.37825237,
        0.39470021]) 

Generation: 290 
 - Generation Avg Fit: 0.5134555596229665 
 - Best Fitness: 34.8407203543787
 - Best Solution: array([-0.03652435,  0.43557232, -0.34378842,  0.33950269,  0.35941164,
       -0.12422433,  0.36262979, -0.18102567, -0.19470047,  0.29105356,
       -0.34310094, -0.18805526, -0.16267104,  0.473271  ,  0.22564147,
        0.0081811 ,  0.12932816, -0.45692438, -0.39604867, -0.11061318,
       -0.22657866,  0.35143755, -0.4962326 ,  0.24206744, -0.24773128,
       -0.1561457 ,  0.06308472, -0.06220185,  0.01363499, -0.00497033,
       -0.11777813, -0.15147358,  0.09323308, -0.19993818, -0.37825237,
        0.39470021]) 

Generation: 291 
 - Generation Avg Fit: 0.5134555596229665 
 - Best Fitness: 34.8407203543787
 - Best Solution: array([-0.03652435,  0.43557232, -0.34378842,  0.33950269,  0.35941164,
       -0.12422433,  0.36262979, -0.18102567, -0.19470047,  0.29105356,
       -0.34310094, -0.18805526, -0.16267104,  0.473271  ,  0.22564147,
        0.0081811 ,  0.12932816, -0.45692438, -0.39604867, -0.11061318,
       -0.22657866,  0.35143755, -0.4962326 ,  0.24206744, -0.24773128,
       -0.1561457 ,  0.06308472, -0.06220185,  0.01363499, -0.00497033,
       -0.11777813, -0.15147358,  0.09323308, -0.19993818, -0.37825237,
        0.39470021]) 

Generation: 292 
 - Generation Avg Fit: 0.5134555596229665 
 - Best Fitness: 34.8407203543787
 - Best Solution: array([-0.03652435,  0.43557232, -0.34378842,  0.33950269,  0.35941164,
       -0.12422433,  0.36262979, -0.18102567, -0.19470047,  0.29105356,
       -0.34310094, -0.18805526, -0.16267104,  0.473271  ,  0.22564147,
        0.0081811 ,  0.12932816, -0.45692438, -0.39604867, -0.11061318,
       -0.22657866,  0.35143755, -0.4962326 ,  0.24206744, -0.24773128,
       -0.1561457 ,  0.06308472, -0.06220185,  0.01363499, -0.00497033,
       -0.11777813, -0.15147358,  0.09323308, -0.19993818, -0.37825237,
        0.39470021]) 

Generation: 293 
 - Generation Avg Fit: 0.5134555596229665 
 - Best Fitness: 34.8407203543787
 - Best Solution: array([-0.03652435,  0.43557232, -0.34378842,  0.33950269,  0.35941164,
       -0.12422433,  0.36262979, -0.18102567, -0.19470047,  0.29105356,
       -0.34310094, -0.18805526, -0.16267104,  0.473271  ,  0.22564147,
        0.0081811 ,  0.12932816, -0.45692438, -0.39604867, -0.11061318,
       -0.22657866,  0.35143755, -0.4962326 ,  0.24206744, -0.24773128,
       -0.1561457 ,  0.06308472, -0.06220185,  0.01363499, -0.00497033,
       -0.11777813, -0.15147358,  0.09323308, -0.19993818, -0.37825237,
        0.39470021]) 

Generation: 294 
 - Generation Avg Fit: 0.5134555596229665 
 - Best Fitness: 34.8407203543787
 - Best Solution: array([-0.03652435,  0.43557232, -0.34378842,  0.33950269,  0.35941164,
       -0.12422433,  0.36262979, -0.18102567, -0.19470047,  0.29105356,
       -0.34310094, -0.18805526, -0.16267104,  0.473271  ,  0.22564147,
        0.0081811 ,  0.12932816, -0.45692438, -0.39604867, -0.11061318,
       -0.22657866,  0.35143755, -0.4962326 ,  0.24206744, -0.24773128,
       -0.1561457 ,  0.06308472, -0.06220185,  0.01363499, -0.00497033,
       -0.11777813, -0.15147358,  0.09323308, -0.19993818, -0.37825237,
        0.39470021]) 

Generation: 295 
 - Generation Avg Fit: 0.5134555596229665 
 - Best Fitness: 34.8407203543787
 - Best Solution: array([-0.03652435,  0.43557232, -0.34378842,  0.33950269,  0.35941164,
       -0.12422433,  0.36262979, -0.18102567, -0.19470047,  0.29105356,
       -0.34310094, -0.18805526, -0.16267104,  0.473271  ,  0.22564147,
        0.0081811 ,  0.12932816, -0.45692438, -0.39604867, -0.11061318,
       -0.22657866,  0.35143755, -0.4962326 ,  0.24206744, -0.24773128,
       -0.1561457 ,  0.06308472, -0.06220185,  0.01363499, -0.00497033,
       -0.11777813, -0.15147358,  0.09323308, -0.19993818, -0.37825237,
        0.39470021]) 

Generation: 296 
 - Generation Avg Fit: 0.5134555596229665 
 - Best Fitness: 34.8407203543787
 - Best Solution: array([-0.03652435,  0.43557232, -0.34378842,  0.33950269,  0.35941164,
       -0.12422433,  0.36262979, -0.18102567, -0.19470047,  0.29105356,
       -0.34310094, -0.18805526, -0.16267104,  0.473271  ,  0.22564147,
        0.0081811 ,  0.12932816, -0.45692438, -0.39604867, -0.11061318,
       -0.22657866,  0.35143755, -0.4962326 ,  0.24206744, -0.24773128,
       -0.1561457 ,  0.06308472, -0.06220185,  0.01363499, -0.00497033,
       -0.11777813, -0.15147358,  0.09323308, -0.19993818, -0.37825237,
        0.39470021]) 

Generation: 297 
 - Generation Avg Fit: 0.5134555596229665 
 - Best Fitness: 34.8407203543787
 - Best Solution: array([-0.03652435,  0.43557232, -0.34378842,  0.33950269,  0.35941164,
       -0.12422433,  0.36262979, -0.18102567, -0.19470047,  0.29105356,
       -0.34310094, -0.18805526, -0.16267104,  0.473271  ,  0.22564147,
        0.0081811 ,  0.12932816, -0.45692438, -0.39604867, -0.11061318,
       -0.22657866,  0.35143755, -0.4962326 ,  0.24206744, -0.24773128,
       -0.1561457 ,  0.06308472, -0.06220185,  0.01363499, -0.00497033,
       -0.11777813, -0.15147358,  0.09323308, -0.19993818, -0.37825237,
        0.39470021]) 

Generation: 298 
 - Generation Avg Fit: 0.5134555596229665 
 - Best Fitness: 34.8407203543787
 - Best Solution: array([-0.03652435,  0.43557232, -0.34378842,  0.33950269,  0.35941164,
       -0.12422433,  0.36262979, -0.18102567, -0.19470047,  0.29105356,
       -0.34310094, -0.18805526, -0.16267104,  0.473271  ,  0.22564147,
        0.0081811 ,  0.12932816, -0.45692438, -0.39604867, -0.11061318,
       -0.22657866,  0.35143755, -0.4962326 ,  0.24206744, -0.24773128,
       -0.1561457 ,  0.06308472, -0.06220185,  0.01363499, -0.00497033,
       -0.11777813, -0.15147358,  0.09323308, -0.19993818, -0.37825237,
        0.39470021]) 

Generation: 299 
 - Generation Avg Fit: 0.5134555596229665 
 - Best Fitness: 34.8407203543787
 - Best Solution: array([-0.03652435,  0.43557232, -0.34378842,  0.33950269,  0.35941164,
       -0.12422433,  0.36262979, -0.18102567, -0.19470047,  0.29105356,
       -0.34310094, -0.18805526, -0.16267104,  0.473271  ,  0.22564147,
        0.0081811 ,  0.12932816, -0.45692438, -0.39604867, -0.11061318,
       -0.22657866,  0.35143755, -0.4962326 ,  0.24206744, -0.24773128,
       -0.1561457 ,  0.06308472, -0.06220185,  0.01363499, -0.00497033,
       -0.11777813, -0.15147358,  0.09323308, -0.19993818, -0.37825237,
        0.39470021]) 

Generation: 300 
 - Generation Avg Fit: 0.5134555596229665 
 - Best Fitness: 34.8407203543787
 - Best Solution: array([-0.03652435,  0.43557232, -0.34378842,  0.33950269,  0.35941164,
       -0.12422433,  0.36262979, -0.18102567, -0.19470047,  0.29105356,
       -0.34310094, -0.18805526, -0.16267104,  0.473271  ,  0.22564147,
        0.0081811 ,  0.12932816, -0.45692438, -0.39604867, -0.11061318,
       -0.22657866,  0.35143755, -0.4962326 ,  0.24206744, -0.24773128,
       -0.1561457 ,  0.06308472, -0.06220185,  0.01363499, -0.00497033,
       -0.11777813, -0.15147358,  0.09323308, -0.19993818, -0.37825237,
        0.39470021]) 

Generation: 301 
 - Generation Avg Fit: 0.5134555596229665 
 - Best Fitness: 34.8407203543787
 - Best Solution: array([-0.03652435,  0.43557232, -0.34378842,  0.33950269,  0.35941164,
       -0.12422433,  0.36262979, -0.18102567, -0.19470047,  0.29105356,
       -0.34310094, -0.18805526, -0.16267104,  0.473271  ,  0.22564147,
        0.0081811 ,  0.12932816, -0.45692438, -0.39604867, -0.11061318,
       -0.22657866,  0.35143755, -0.4962326 ,  0.24206744, -0.24773128,
       -0.1561457 ,  0.06308472, -0.06220185,  0.01363499, -0.00497033,
       -0.11777813, -0.15147358,  0.09323308, -0.19993818, -0.37825237,
        0.39470021]) 

Generation: 302 
 - Generation Avg Fit: 0.5134555596229665 
 - Best Fitness: 34.8407203543787
 - Best Solution: array([-0.03652435,  0.43557232, -0.34378842,  0.33950269,  0.35941164,
       -0.12422433,  0.36262979, -0.18102567, -0.19470047,  0.29105356,
       -0.34310094, -0.18805526, -0.16267104,  0.473271  ,  0.22564147,
        0.0081811 ,  0.12932816, -0.45692438, -0.39604867, -0.11061318,
       -0.22657866,  0.35143755, -0.4962326 ,  0.24206744, -0.24773128,
       -0.1561457 ,  0.06308472, -0.06220185,  0.01363499, -0.00497033,
       -0.11777813, -0.15147358,  0.09323308, -0.19993818, -0.37825237,
        0.39470021]) 

Generation: 303 
 - Generation Avg Fit: 0.5134555596229665 
 - Best Fitness: 34.8407203543787
 - Best Solution: array([-0.03652435,  0.43557232, -0.34378842,  0.33950269,  0.35941164,
       -0.12422433,  0.36262979, -0.18102567, -0.19470047,  0.29105356,
       -0.34310094, -0.18805526, -0.16267104,  0.473271  ,  0.22564147,
        0.0081811 ,  0.12932816, -0.45692438, -0.39604867, -0.11061318,
       -0.22657866,  0.35143755, -0.4962326 ,  0.24206744, -0.24773128,
       -0.1561457 ,  0.06308472, -0.06220185,  0.01363499, -0.00497033,
       -0.11777813, -0.15147358,  0.09323308, -0.19993818, -0.37825237,
        0.39470021]) 

Generation: 304 
 - Generation Avg Fit: 0.5134555596229665 
 - Best Fitness: 34.8407203543787
 - Best Solution: array([-0.03652435,  0.43557232, -0.34378842,  0.33950269,  0.35941164,
       -0.12422433,  0.36262979, -0.18102567, -0.19470047,  0.29105356,
       -0.34310094, -0.18805526, -0.16267104,  0.473271  ,  0.22564147,
        0.0081811 ,  0.12932816, -0.45692438, -0.39604867, -0.11061318,
       -0.22657866,  0.35143755, -0.4962326 ,  0.24206744, -0.24773128,
       -0.1561457 ,  0.06308472, -0.06220185,  0.01363499, -0.00497033,
       -0.11777813, -0.15147358,  0.09323308, -0.19993818, -0.37825237,
        0.39470021]) 

Generation: 305 
 - Generation Avg Fit: 0.5134555596229665 
 - Best Fitness: 34.8407203543787
 - Best Solution: array([-0.03652435,  0.43557232, -0.34378842,  0.33950269,  0.35941164,
       -0.12422433,  0.36262979, -0.18102567, -0.19470047,  0.29105356,
       -0.34310094, -0.18805526, -0.16267104,  0.473271  ,  0.22564147,
        0.0081811 ,  0.12932816, -0.45692438, -0.39604867, -0.11061318,
       -0.22657866,  0.35143755, -0.4962326 ,  0.24206744, -0.24773128,
       -0.1561457 ,  0.06308472, -0.06220185,  0.01363499, -0.00497033,
       -0.11777813, -0.15147358,  0.09323308, -0.19993818, -0.37825237,
        0.39470021]) 

Generation: 306 
 - Generation Avg Fit: 0.5134555596229665 
 - Best Fitness: 34.8407203543787
 - Best Solution: array([-0.03652435,  0.43557232, -0.34378842,  0.33950269,  0.35941164,
       -0.12422433,  0.36262979, -0.18102567, -0.19470047,  0.29105356,
       -0.34310094, -0.18805526, -0.16267104,  0.473271  ,  0.22564147,
        0.0081811 ,  0.12932816, -0.45692438, -0.39604867, -0.11061318,
       -0.22657866,  0.35143755, -0.4962326 ,  0.24206744, -0.24773128,
       -0.1561457 ,  0.06308472, -0.06220185,  0.01363499, -0.00497033,
       -0.11777813, -0.15147358,  0.09323308, -0.19993818, -0.37825237,
        0.39470021]) 

Generation: 307 
 - Generation Avg Fit: 0.5134555596229665 
 - Best Fitness: 34.8407203543787
 - Best Solution: array([-0.03652435,  0.43557232, -0.34378842,  0.33950269,  0.35941164,
       -0.12422433,  0.36262979, -0.18102567, -0.19470047,  0.29105356,
       -0.34310094, -0.18805526, -0.16267104,  0.473271  ,  0.22564147,
        0.0081811 ,  0.12932816, -0.45692438, -0.39604867, -0.11061318,
       -0.22657866,  0.35143755, -0.4962326 ,  0.24206744, -0.24773128,
       -0.1561457 ,  0.06308472, -0.06220185,  0.01363499, -0.00497033,
       -0.11777813, -0.15147358,  0.09323308, -0.19993818, -0.37825237,
        0.39470021]) 

Generation: 308 
 - Generation Avg Fit: 0.5134555596229665 
 - Best Fitness: 34.8407203543787
 - Best Solution: array([-0.03652435,  0.43557232, -0.34378842,  0.33950269,  0.35941164,
       -0.12422433,  0.36262979, -0.18102567, -0.19470047,  0.29105356,
       -0.34310094, -0.18805526, -0.16267104,  0.473271  ,  0.22564147,
        0.0081811 ,  0.12932816, -0.45692438, -0.39604867, -0.11061318,
       -0.22657866,  0.35143755, -0.4962326 ,  0.24206744, -0.24773128,
       -0.1561457 ,  0.06308472, -0.06220185,  0.01363499, -0.00497033,
       -0.11777813, -0.15147358,  0.09323308, -0.19993818, -0.37825237,
        0.39470021]) 

Generation: 309 
 - Generation Avg Fit: 0.5134555596229665 
 - Best Fitness: 34.8407203543787
 - Best Solution: array([-0.03652435,  0.43557232, -0.34378842,  0.33950269,  0.35941164,
       -0.12422433,  0.36262979, -0.18102567, -0.19470047,  0.29105356,
       -0.34310094, -0.18805526, -0.16267104,  0.473271  ,  0.22564147,
        0.0081811 ,  0.12932816, -0.45692438, -0.39604867, -0.11061318,
       -0.22657866,  0.35143755, -0.4962326 ,  0.24206744, -0.24773128,
       -0.1561457 ,  0.06308472, -0.06220185,  0.01363499, -0.00497033,
       -0.11777813, -0.15147358,  0.09323308, -0.19993818, -0.37825237,
        0.39470021]) 

Generation: 310 
 - Generation Avg Fit: 0.5134555596229665 
 - Best Fitness: 34.8407203543787
 - Best Solution: array([-0.03652435,  0.43557232, -0.34378842,  0.33950269,  0.35941164,
       -0.12422433,  0.36262979, -0.18102567, -0.19470047,  0.29105356,
       -0.34310094, -0.18805526, -0.16267104,  0.473271  ,  0.22564147,
        0.0081811 ,  0.12932816, -0.45692438, -0.39604867, -0.11061318,
       -0.22657866,  0.35143755, -0.4962326 ,  0.24206744, -0.24773128,
       -0.1561457 ,  0.06308472, -0.06220185,  0.01363499, -0.00497033,
       -0.11777813, -0.15147358,  0.09323308, -0.19993818, -0.37825237,
        0.39470021]) 

Generation: 311 
 - Generation Avg Fit: 0.5134555596229665 
 - Best Fitness: 34.8407203543787
 - Best Solution: array([-0.03652435,  0.43557232, -0.34378842,  0.33950269,  0.35941164,
       -0.12422433,  0.36262979, -0.18102567, -0.19470047,  0.29105356,
       -0.34310094, -0.18805526, -0.16267104,  0.473271  ,  0.22564147,
        0.0081811 ,  0.12932816, -0.45692438, -0.39604867, -0.11061318,
       -0.22657866,  0.35143755, -0.4962326 ,  0.24206744, -0.24773128,
       -0.1561457 ,  0.06308472, -0.06220185,  0.01363499, -0.00497033,
       -0.11777813, -0.15147358,  0.09323308, -0.19993818, -0.37825237,
        0.39470021]) 

Generation: 312 
 - Generation Avg Fit: 0.5134555596229665 
 - Best Fitness: 34.8407203543787
 - Best Solution: array([-0.03652435,  0.43557232, -0.34378842,  0.33950269,  0.35941164,
       -0.12422433,  0.36262979, -0.18102567, -0.19470047,  0.29105356,
       -0.34310094, -0.18805526, -0.16267104,  0.473271  ,  0.22564147,
        0.0081811 ,  0.12932816, -0.45692438, -0.39604867, -0.11061318,
       -0.22657866,  0.35143755, -0.4962326 ,  0.24206744, -0.24773128,
       -0.1561457 ,  0.06308472, -0.06220185,  0.01363499, -0.00497033,
       -0.11777813, -0.15147358,  0.09323308, -0.19993818, -0.37825237,
        0.39470021]) 

Generation: 313 
 - Generation Avg Fit: 0.5134555596229665 
 - Best Fitness: 34.8407203543787
 - Best Solution: array([-0.03652435,  0.43557232, -0.34378842,  0.33950269,  0.35941164,
       -0.12422433,  0.36262979, -0.18102567, -0.19470047,  0.29105356,
       -0.34310094, -0.18805526, -0.16267104,  0.473271  ,  0.22564147,
        0.0081811 ,  0.12932816, -0.45692438, -0.39604867, -0.11061318,
       -0.22657866,  0.35143755, -0.4962326 ,  0.24206744, -0.24773128,
       -0.1561457 ,  0.06308472, -0.06220185,  0.01363499, -0.00497033,
       -0.11777813, -0.15147358,  0.09323308, -0.19993818, -0.37825237,
        0.39470021]) 

Generation: 314 
 - Generation Avg Fit: 0.5134555596229665 
 - Best Fitness: 34.8407203543787
 - Best Solution: array([-0.03652435,  0.43557232, -0.34378842,  0.33950269,  0.35941164,
       -0.12422433,  0.36262979, -0.18102567, -0.19470047,  0.29105356,
       -0.34310094, -0.18805526, -0.16267104,  0.473271  ,  0.22564147,
        0.0081811 ,  0.12932816, -0.45692438, -0.39604867, -0.11061318,
       -0.22657866,  0.35143755, -0.4962326 ,  0.24206744, -0.24773128,
       -0.1561457 ,  0.06308472, -0.06220185,  0.01363499, -0.00497033,
       -0.11777813, -0.15147358,  0.09323308, -0.19993818, -0.37825237,
        0.39470021]) 

Generation: 315 
 - Generation Avg Fit: 0.5134555596229665 
 - Best Fitness: 34.8407203543787
 - Best Solution: array([-0.03652435,  0.43557232, -0.34378842,  0.33950269,  0.35941164,
       -0.12422433,  0.36262979, -0.18102567, -0.19470047,  0.29105356,
       -0.34310094, -0.18805526, -0.16267104,  0.473271  ,  0.22564147,
        0.0081811 ,  0.12932816, -0.45692438, -0.39604867, -0.11061318,
       -0.22657866,  0.35143755, -0.4962326 ,  0.24206744, -0.24773128,
       -0.1561457 ,  0.06308472, -0.06220185,  0.01363499, -0.00497033,
       -0.11777813, -0.15147358,  0.09323308, -0.19993818, -0.37825237,
        0.39470021]) 

Generation: 316 
 - Generation Avg Fit: 0.5134555596229665 
 - Best Fitness: 34.8407203543787
 - Best Solution: array([-0.03652435,  0.43557232, -0.34378842,  0.33950269,  0.35941164,
       -0.12422433,  0.36262979, -0.18102567, -0.19470047,  0.29105356,
       -0.34310094, -0.18805526, -0.16267104,  0.473271  ,  0.22564147,
        0.0081811 ,  0.12932816, -0.45692438, -0.39604867, -0.11061318,
       -0.22657866,  0.35143755, -0.4962326 ,  0.24206744, -0.24773128,
       -0.1561457 ,  0.06308472, -0.06220185,  0.01363499, -0.00497033,
       -0.11777813, -0.15147358,  0.09323308, -0.19993818, -0.37825237,
        0.39470021]) 

Generation: 317 
 - Generation Avg Fit: 0.5134555596229665 
 - Best Fitness: 34.8407203543787
 - Best Solution: array([-0.03652435,  0.43557232, -0.34378842,  0.33950269,  0.35941164,
       -0.12422433,  0.36262979, -0.18102567, -0.19470047,  0.29105356,
       -0.34310094, -0.18805526, -0.16267104,  0.473271  ,  0.22564147,
        0.0081811 ,  0.12932816, -0.45692438, -0.39604867, -0.11061318,
       -0.22657866,  0.35143755, -0.4962326 ,  0.24206744, -0.24773128,
       -0.1561457 ,  0.06308472, -0.06220185,  0.01363499, -0.00497033,
       -0.11777813, -0.15147358,  0.09323308, -0.19993818, -0.37825237,
        0.39470021]) 

Generation: 318 
 - Generation Avg Fit: 0.5134555596229665 
 - Best Fitness: 34.8407203543787
 - Best Solution: array([-0.03652435,  0.43557232, -0.34378842,  0.33950269,  0.35941164,
       -0.12422433,  0.36262979, -0.18102567, -0.19470047,  0.29105356,
       -0.34310094, -0.18805526, -0.16267104,  0.473271  ,  0.22564147,
        0.0081811 ,  0.12932816, -0.45692438, -0.39604867, -0.11061318,
       -0.22657866,  0.35143755, -0.4962326 ,  0.24206744, -0.24773128,
       -0.1561457 ,  0.06308472, -0.06220185,  0.01363499, -0.00497033,
       -0.11777813, -0.15147358,  0.09323308, -0.19993818, -0.37825237,
        0.39470021]) 

Generation: 319 
 - Generation Avg Fit: 0.5134555596229665 
 - Best Fitness: 34.8407203543787
 - Best Solution: array([-0.03652435,  0.43557232, -0.34378842,  0.33950269,  0.35941164,
       -0.12422433,  0.36262979, -0.18102567, -0.19470047,  0.29105356,
       -0.34310094, -0.18805526, -0.16267104,  0.473271  ,  0.22564147,
        0.0081811 ,  0.12932816, -0.45692438, -0.39604867, -0.11061318,
       -0.22657866,  0.35143755, -0.4962326 ,  0.24206744, -0.24773128,
       -0.1561457 ,  0.06308472, -0.06220185,  0.01363499, -0.00497033,
       -0.11777813, -0.15147358,  0.09323308, -0.19993818, -0.37825237,
        0.39470021]) 

Generation: 320 
 - Generation Avg Fit: 0.5134555596229665 
 - Best Fitness: 34.8407203543787
 - Best Solution: array([-0.03652435,  0.43557232, -0.34378842,  0.33950269,  0.35941164,
       -0.12422433,  0.36262979, -0.18102567, -0.19470047,  0.29105356,
       -0.34310094, -0.18805526, -0.16267104,  0.473271  ,  0.22564147,
        0.0081811 ,  0.12932816, -0.45692438, -0.39604867, -0.11061318,
       -0.22657866,  0.35143755, -0.4962326 ,  0.24206744, -0.24773128,
       -0.1561457 ,  0.06308472, -0.06220185,  0.01363499, -0.00497033,
       -0.11777813, -0.15147358,  0.09323308, -0.19993818, -0.37825237,
        0.39470021]) 

Generation: 321 
 - Generation Avg Fit: 0.5134555596229665 
 - Best Fitness: 34.8407203543787
 - Best Solution: array([-0.03652435,  0.43557232, -0.34378842,  0.33950269,  0.35941164,
       -0.12422433,  0.36262979, -0.18102567, -0.19470047,  0.29105356,
       -0.34310094, -0.18805526, -0.16267104,  0.473271  ,  0.22564147,
        0.0081811 ,  0.12932816, -0.45692438, -0.39604867, -0.11061318,
       -0.22657866,  0.35143755, -0.4962326 ,  0.24206744, -0.24773128,
       -0.1561457 ,  0.06308472, -0.06220185,  0.01363499, -0.00497033,
       -0.11777813, -0.15147358,  0.09323308, -0.19993818, -0.37825237,
        0.39470021]) 

Generation: 322 
 - Generation Avg Fit: 0.5134555596229665 
 - Best Fitness: 34.8407203543787
 - Best Solution: array([-0.03652435,  0.43557232, -0.34378842,  0.33950269,  0.35941164,
       -0.12422433,  0.36262979, -0.18102567, -0.19470047,  0.29105356,
       -0.34310094, -0.18805526, -0.16267104,  0.473271  ,  0.22564147,
        0.0081811 ,  0.12932816, -0.45692438, -0.39604867, -0.11061318,
       -0.22657866,  0.35143755, -0.4962326 ,  0.24206744, -0.24773128,
       -0.1561457 ,  0.06308472, -0.06220185,  0.01363499, -0.00497033,
       -0.11777813, -0.15147358,  0.09323308, -0.19993818, -0.37825237,
        0.39470021]) 

Generation: 323 
 - Generation Avg Fit: 0.5134555596229665 
 - Best Fitness: 34.8407203543787
 - Best Solution: array([-0.03652435,  0.43557232, -0.34378842,  0.33950269,  0.35941164,
       -0.12422433,  0.36262979, -0.18102567, -0.19470047,  0.29105356,
       -0.34310094, -0.18805526, -0.16267104,  0.473271  ,  0.22564147,
        0.0081811 ,  0.12932816, -0.45692438, -0.39604867, -0.11061318,
       -0.22657866,  0.35143755, -0.4962326 ,  0.24206744, -0.24773128,
       -0.1561457 ,  0.06308472, -0.06220185,  0.01363499, -0.00497033,
       -0.11777813, -0.15147358,  0.09323308, -0.19993818, -0.37825237,
        0.39470021]) 

Generation: 324 
 - Generation Avg Fit: 0.5134555596229665 
 - Best Fitness: 34.8407203543787
 - Best Solution: array([-0.03652435,  0.43557232, -0.34378842,  0.33950269,  0.35941164,
       -0.12422433,  0.36262979, -0.18102567, -0.19470047,  0.29105356,
       -0.34310094, -0.18805526, -0.16267104,  0.473271  ,  0.22564147,
        0.0081811 ,  0.12932816, -0.45692438, -0.39604867, -0.11061318,
       -0.22657866,  0.35143755, -0.4962326 ,  0.24206744, -0.24773128,
       -0.1561457 ,  0.06308472, -0.06220185,  0.01363499, -0.00497033,
       -0.11777813, -0.15147358,  0.09323308, -0.19993818, -0.37825237,
        0.39470021]) 

Generation: 325 
 - Generation Avg Fit: 0.5134555596229665 
 - Best Fitness: 34.8407203543787
 - Best Solution: array([-0.03652435,  0.43557232, -0.34378842,  0.33950269,  0.35941164,
       -0.12422433,  0.36262979, -0.18102567, -0.19470047,  0.29105356,
       -0.34310094, -0.18805526, -0.16267104,  0.473271  ,  0.22564147,
        0.0081811 ,  0.12932816, -0.45692438, -0.39604867, -0.11061318,
       -0.22657866,  0.35143755, -0.4962326 ,  0.24206744, -0.24773128,
       -0.1561457 ,  0.06308472, -0.06220185,  0.01363499, -0.00497033,
       -0.11777813, -0.15147358,  0.09323308, -0.19993818, -0.37825237,
        0.39470021]) 

Generation: 326 
 - Generation Avg Fit: 0.5134555596229665 
 - Best Fitness: 34.8407203543787
 - Best Solution: array([-0.03652435,  0.43557232, -0.34378842,  0.33950269,  0.35941164,
       -0.12422433,  0.36262979, -0.18102567, -0.19470047,  0.29105356,
       -0.34310094, -0.18805526, -0.16267104,  0.473271  ,  0.22564147,
        0.0081811 ,  0.12932816, -0.45692438, -0.39604867, -0.11061318,
       -0.22657866,  0.35143755, -0.4962326 ,  0.24206744, -0.24773128,
       -0.1561457 ,  0.06308472, -0.06220185,  0.01363499, -0.00497033,
       -0.11777813, -0.15147358,  0.09323308, -0.19993818, -0.37825237,
        0.39470021]) 

Generation: 327 
 - Generation Avg Fit: 0.5134555596229665 
 - Best Fitness: 34.8407203543787
 - Best Solution: array([-0.03652435,  0.43557232, -0.34378842,  0.33950269,  0.35941164,
       -0.12422433,  0.36262979, -0.18102567, -0.19470047,  0.29105356,
       -0.34310094, -0.18805526, -0.16267104,  0.473271  ,  0.22564147,
        0.0081811 ,  0.12932816, -0.45692438, -0.39604867, -0.11061318,
       -0.22657866,  0.35143755, -0.4962326 ,  0.24206744, -0.24773128,
       -0.1561457 ,  0.06308472, -0.06220185,  0.01363499, -0.00497033,
       -0.11777813, -0.15147358,  0.09323308, -0.19993818, -0.37825237,
        0.39470021]) 

Generation: 328 
 - Generation Avg Fit: 0.5134555596229665 
 - Best Fitness: 34.8407203543787
 - Best Solution: array([-0.03652435,  0.43557232, -0.34378842,  0.33950269,  0.35941164,
       -0.12422433,  0.36262979, -0.18102567, -0.19470047,  0.29105356,
       -0.34310094, -0.18805526, -0.16267104,  0.473271  ,  0.22564147,
        0.0081811 ,  0.12932816, -0.45692438, -0.39604867, -0.11061318,
       -0.22657866,  0.35143755, -0.4962326 ,  0.24206744, -0.24773128,
       -0.1561457 ,  0.06308472, -0.06220185,  0.01363499, -0.00497033,
       -0.11777813, -0.15147358,  0.09323308, -0.19993818, -0.37825237,
        0.39470021]) 

Generation: 329 
 - Generation Avg Fit: 0.5134555596229665 
 - Best Fitness: 34.8407203543787
 - Best Solution: array([-0.03652435,  0.43557232, -0.34378842,  0.33950269,  0.35941164,
       -0.12422433,  0.36262979, -0.18102567, -0.19470047,  0.29105356,
       -0.34310094, -0.18805526, -0.16267104,  0.473271  ,  0.22564147,
        0.0081811 ,  0.12932816, -0.45692438, -0.39604867, -0.11061318,
       -0.22657866,  0.35143755, -0.4962326 ,  0.24206744, -0.24773128,
       -0.1561457 ,  0.06308472, -0.06220185,  0.01363499, -0.00497033,
       -0.11777813, -0.15147358,  0.09323308, -0.19993818, -0.37825237,
        0.39470021]) 

Generation: 330 
 - Generation Avg Fit: 0.5134555596229665 
 - Best Fitness: 34.8407203543787
 - Best Solution: array([-0.03652435,  0.43557232, -0.34378842,  0.33950269,  0.35941164,
       -0.12422433,  0.36262979, -0.18102567, -0.19470047,  0.29105356,
       -0.34310094, -0.18805526, -0.16267104,  0.473271  ,  0.22564147,
        0.0081811 ,  0.12932816, -0.45692438, -0.39604867, -0.11061318,
       -0.22657866,  0.35143755, -0.4962326 ,  0.24206744, -0.24773128,
       -0.1561457 ,  0.06308472, -0.06220185,  0.01363499, -0.00497033,
       -0.11777813, -0.15147358,  0.09323308, -0.19993818, -0.37825237,
        0.39470021]) 

Generation: 331 
 - Generation Avg Fit: 0.5134555596229665 
 - Best Fitness: 34.8407203543787
 - Best Solution: array([-0.03652435,  0.43557232, -0.34378842,  0.33950269,  0.35941164,
       -0.12422433,  0.36262979, -0.18102567, -0.19470047,  0.29105356,
       -0.34310094, -0.18805526, -0.16267104,  0.473271  ,  0.22564147,
        0.0081811 ,  0.12932816, -0.45692438, -0.39604867, -0.11061318,
       -0.22657866,  0.35143755, -0.4962326 ,  0.24206744, -0.24773128,
       -0.1561457 ,  0.06308472, -0.06220185,  0.01363499, -0.00497033,
       -0.11777813, -0.15147358,  0.09323308, -0.19993818, -0.37825237,
        0.39470021]) 

Generation: 332 
 - Generation Avg Fit: 0.5134555596229665 
 - Best Fitness: 34.8407203543787
 - Best Solution: array([-0.03652435,  0.43557232, -0.34378842,  0.33950269,  0.35941164,
       -0.12422433,  0.36262979, -0.18102567, -0.19470047,  0.29105356,
       -0.34310094, -0.18805526, -0.16267104,  0.473271  ,  0.22564147,
        0.0081811 ,  0.12932816, -0.45692438, -0.39604867, -0.11061318,
       -0.22657866,  0.35143755, -0.4962326 ,  0.24206744, -0.24773128,
       -0.1561457 ,  0.06308472, -0.06220185,  0.01363499, -0.00497033,
       -0.11777813, -0.15147358,  0.09323308, -0.19993818, -0.37825237,
        0.39470021]) 

Generation: 333 
 - Generation Avg Fit: 0.5134555596229665 
 - Best Fitness: 34.8407203543787
 - Best Solution: array([-0.03652435,  0.43557232, -0.34378842,  0.33950269,  0.35941164,
       -0.12422433,  0.36262979, -0.18102567, -0.19470047,  0.29105356,
       -0.34310094, -0.18805526, -0.16267104,  0.473271  ,  0.22564147,
        0.0081811 ,  0.12932816, -0.45692438, -0.39604867, -0.11061318,
       -0.22657866,  0.35143755, -0.4962326 ,  0.24206744, -0.24773128,
       -0.1561457 ,  0.06308472, -0.06220185,  0.01363499, -0.00497033,
       -0.11777813, -0.15147358,  0.09323308, -0.19993818, -0.37825237,
        0.39470021]) 

Generation: 334 
 - Generation Avg Fit: 0.5134555596229665 
 - Best Fitness: 34.8407203543787
 - Best Solution: array([-0.03652435,  0.43557232, -0.34378842,  0.33950269,  0.35941164,
       -0.12422433,  0.36262979, -0.18102567, -0.19470047,  0.29105356,
       -0.34310094, -0.18805526, -0.16267104,  0.473271  ,  0.22564147,
        0.0081811 ,  0.12932816, -0.45692438, -0.39604867, -0.11061318,
       -0.22657866,  0.35143755, -0.4962326 ,  0.24206744, -0.24773128,
       -0.1561457 ,  0.06308472, -0.06220185,  0.01363499, -0.00497033,
       -0.11777813, -0.15147358,  0.09323308, -0.19993818, -0.37825237,
        0.39470021]) 

Generation: 335 
 - Generation Avg Fit: 0.5134555596229665 
 - Best Fitness: 34.8407203543787
 - Best Solution: array([-0.03652435,  0.43557232, -0.34378842,  0.33950269,  0.35941164,
       -0.12422433,  0.36262979, -0.18102567, -0.19470047,  0.29105356,
       -0.34310094, -0.18805526, -0.16267104,  0.473271  ,  0.22564147,
        0.0081811 ,  0.12932816, -0.45692438, -0.39604867, -0.11061318,
       -0.22657866,  0.35143755, -0.4962326 ,  0.24206744, -0.24773128,
       -0.1561457 ,  0.06308472, -0.06220185,  0.01363499, -0.00497033,
       -0.11777813, -0.15147358,  0.09323308, -0.19993818, -0.37825237,
        0.39470021]) 

Generation: 336 
 - Generation Avg Fit: 0.5134555596229665 
 - Best Fitness: 34.8407203543787
 - Best Solution: array([-0.03652435,  0.43557232, -0.34378842,  0.33950269,  0.35941164,
       -0.12422433,  0.36262979, -0.18102567, -0.19470047,  0.29105356,
       -0.34310094, -0.18805526, -0.16267104,  0.473271  ,  0.22564147,
        0.0081811 ,  0.12932816, -0.45692438, -0.39604867, -0.11061318,
       -0.22657866,  0.35143755, -0.4962326 ,  0.24206744, -0.24773128,
       -0.1561457 ,  0.06308472, -0.06220185,  0.01363499, -0.00497033,
       -0.11777813, -0.15147358,  0.09323308, -0.19993818, -0.37825237,
        0.39470021]) 

Generation: 337 
 - Generation Avg Fit: 0.5134555596229665 
 - Best Fitness: 34.8407203543787
 - Best Solution: array([-0.03652435,  0.43557232, -0.34378842,  0.33950269,  0.35941164,
       -0.12422433,  0.36262979, -0.18102567, -0.19470047,  0.29105356,
       -0.34310094, -0.18805526, -0.16267104,  0.473271  ,  0.22564147,
        0.0081811 ,  0.12932816, -0.45692438, -0.39604867, -0.11061318,
       -0.22657866,  0.35143755, -0.4962326 ,  0.24206744, -0.24773128,
       -0.1561457 ,  0.06308472, -0.06220185,  0.01363499, -0.00497033,
       -0.11777813, -0.15147358,  0.09323308, -0.19993818, -0.37825237,
        0.39470021]) 

Generation: 338 
 - Generation Avg Fit: 0.5134555596229665 
 - Best Fitness: 34.8407203543787
 - Best Solution: array([-0.03652435,  0.43557232, -0.34378842,  0.33950269,  0.35941164,
       -0.12422433,  0.36262979, -0.18102567, -0.19470047,  0.29105356,
       -0.34310094, -0.18805526, -0.16267104,  0.473271  ,  0.22564147,
        0.0081811 ,  0.12932816, -0.45692438, -0.39604867, -0.11061318,
       -0.22657866,  0.35143755, -0.4962326 ,  0.24206744, -0.24773128,
       -0.1561457 ,  0.06308472, -0.06220185,  0.01363499, -0.00497033,
       -0.11777813, -0.15147358,  0.09323308, -0.19993818, -0.37825237,
        0.39470021]) 

Generation: 339 
 - Generation Avg Fit: 0.5134555596229665 
 - Best Fitness: 34.8407203543787
 - Best Solution: array([-0.03652435,  0.43557232, -0.34378842,  0.33950269,  0.35941164,
       -0.12422433,  0.36262979, -0.18102567, -0.19470047,  0.29105356,
       -0.34310094, -0.18805526, -0.16267104,  0.473271  ,  0.22564147,
        0.0081811 ,  0.12932816, -0.45692438, -0.39604867, -0.11061318,
       -0.22657866,  0.35143755, -0.4962326 ,  0.24206744, -0.24773128,
       -0.1561457 ,  0.06308472, -0.06220185,  0.01363499, -0.00497033,
       -0.11777813, -0.15147358,  0.09323308, -0.19993818, -0.37825237,
        0.39470021]) 

Generation: 340 
 - Generation Avg Fit: 0.5134555596229665 
 - Best Fitness: 34.8407203543787
 - Best Solution: array([-0.03652435,  0.43557232, -0.34378842,  0.33950269,  0.35941164,
       -0.12422433,  0.36262979, -0.18102567, -0.19470047,  0.29105356,
       -0.34310094, -0.18805526, -0.16267104,  0.473271  ,  0.22564147,
        0.0081811 ,  0.12932816, -0.45692438, -0.39604867, -0.11061318,
       -0.22657866,  0.35143755, -0.4962326 ,  0.24206744, -0.24773128,
       -0.1561457 ,  0.06308472, -0.06220185,  0.01363499, -0.00497033,
       -0.11777813, -0.15147358,  0.09323308, -0.19993818, -0.37825237,
        0.39470021]) 

Generation: 341 
 - Generation Avg Fit: 0.5134555596229665 
 - Best Fitness: 34.8407203543787
 - Best Solution: array([-0.03652435,  0.43557232, -0.34378842,  0.33950269,  0.35941164,
       -0.12422433,  0.36262979, -0.18102567, -0.19470047,  0.29105356,
       -0.34310094, -0.18805526, -0.16267104,  0.473271  ,  0.22564147,
        0.0081811 ,  0.12932816, -0.45692438, -0.39604867, -0.11061318,
       -0.22657866,  0.35143755, -0.4962326 ,  0.24206744, -0.24773128,
       -0.1561457 ,  0.06308472, -0.06220185,  0.01363499, -0.00497033,
       -0.11777813, -0.15147358,  0.09323308, -0.19993818, -0.37825237,
        0.39470021]) 

Generation: 342 
 - Generation Avg Fit: 0.5134555596229665 
 - Best Fitness: 34.8407203543787
 - Best Solution: array([-0.03652435,  0.43557232, -0.34378842,  0.33950269,  0.35941164,
       -0.12422433,  0.36262979, -0.18102567, -0.19470047,  0.29105356,
       -0.34310094, -0.18805526, -0.16267104,  0.473271  ,  0.22564147,
        0.0081811 ,  0.12932816, -0.45692438, -0.39604867, -0.11061318,
       -0.22657866,  0.35143755, -0.4962326 ,  0.24206744, -0.24773128,
       -0.1561457 ,  0.06308472, -0.06220185,  0.01363499, -0.00497033,
       -0.11777813, -0.15147358,  0.09323308, -0.19993818, -0.37825237,
        0.39470021]) 

Generation: 343 
 - Generation Avg Fit: 0.5134555596229665 
 - Best Fitness: 34.8407203543787
 - Best Solution: array([-0.03652435,  0.43557232, -0.34378842,  0.33950269,  0.35941164,
       -0.12422433,  0.36262979, -0.18102567, -0.19470047,  0.29105356,
       -0.34310094, -0.18805526, -0.16267104,  0.473271  ,  0.22564147,
        0.0081811 ,  0.12932816, -0.45692438, -0.39604867, -0.11061318,
       -0.22657866,  0.35143755, -0.4962326 ,  0.24206744, -0.24773128,
       -0.1561457 ,  0.06308472, -0.06220185,  0.01363499, -0.00497033,
       -0.11777813, -0.15147358,  0.09323308, -0.19993818, -0.37825237,
        0.39470021]) 

Generation: 344 
 - Generation Avg Fit: 0.5134555596229665 
 - Best Fitness: 34.8407203543787
 - Best Solution: array([-0.03652435,  0.43557232, -0.34378842,  0.33950269,  0.35941164,
       -0.12422433,  0.36262979, -0.18102567, -0.19470047,  0.29105356,
       -0.34310094, -0.18805526, -0.16267104,  0.473271  ,  0.22564147,
        0.0081811 ,  0.12932816, -0.45692438, -0.39604867, -0.11061318,
       -0.22657866,  0.35143755, -0.4962326 ,  0.24206744, -0.24773128,
       -0.1561457 ,  0.06308472, -0.06220185,  0.01363499, -0.00497033,
       -0.11777813, -0.15147358,  0.09323308, -0.19993818, -0.37825237,
        0.39470021]) 

Generation: 345 
 - Generation Avg Fit: 0.5134555596229665 
 - Best Fitness: 34.8407203543787
 - Best Solution: array([-0.03652435,  0.43557232, -0.34378842,  0.33950269,  0.35941164,
       -0.12422433,  0.36262979, -0.18102567, -0.19470047,  0.29105356,
       -0.34310094, -0.18805526, -0.16267104,  0.473271  ,  0.22564147,
        0.0081811 ,  0.12932816, -0.45692438, -0.39604867, -0.11061318,
       -0.22657866,  0.35143755, -0.4962326 ,  0.24206744, -0.24773128,
       -0.1561457 ,  0.06308472, -0.06220185,  0.01363499, -0.00497033,
       -0.11777813, -0.15147358,  0.09323308, -0.19993818, -0.37825237,
        0.39470021]) 

Generation: 346 
 - Generation Avg Fit: 0.5134555596229665 
 - Best Fitness: 34.8407203543787
 - Best Solution: array([-0.03652435,  0.43557232, -0.34378842,  0.33950269,  0.35941164,
       -0.12422433,  0.36262979, -0.18102567, -0.19470047,  0.29105356,
       -0.34310094, -0.18805526, -0.16267104,  0.473271  ,  0.22564147,
        0.0081811 ,  0.12932816, -0.45692438, -0.39604867, -0.11061318,
       -0.22657866,  0.35143755, -0.4962326 ,  0.24206744, -0.24773128,
       -0.1561457 ,  0.06308472, -0.06220185,  0.01363499, -0.00497033,
       -0.11777813, -0.15147358,  0.09323308, -0.19993818, -0.37825237,
        0.39470021]) 

Generation: 347 
 - Generation Avg Fit: 0.5134555596229665 
 - Best Fitness: 34.8407203543787
 - Best Solution: array([-0.03652435,  0.43557232, -0.34378842,  0.33950269,  0.35941164,
       -0.12422433,  0.36262979, -0.18102567, -0.19470047,  0.29105356,
       -0.34310094, -0.18805526, -0.16267104,  0.473271  ,  0.22564147,
        0.0081811 ,  0.12932816, -0.45692438, -0.39604867, -0.11061318,
       -0.22657866,  0.35143755, -0.4962326 ,  0.24206744, -0.24773128,
       -0.1561457 ,  0.06308472, -0.06220185,  0.01363499, -0.00497033,
       -0.11777813, -0.15147358,  0.09323308, -0.19993818, -0.37825237,
        0.39470021]) 

Generation: 348 
 - Generation Avg Fit: 0.5134555596229665 
 - Best Fitness: 34.8407203543787
 - Best Solution: array([-0.03652435,  0.43557232, -0.34378842,  0.33950269,  0.35941164,
       -0.12422433,  0.36262979, -0.18102567, -0.19470047,  0.29105356,
       -0.34310094, -0.18805526, -0.16267104,  0.473271  ,  0.22564147,
        0.0081811 ,  0.12932816, -0.45692438, -0.39604867, -0.11061318,
       -0.22657866,  0.35143755, -0.4962326 ,  0.24206744, -0.24773128,
       -0.1561457 ,  0.06308472, -0.06220185,  0.01363499, -0.00497033,
       -0.11777813, -0.15147358,  0.09323308, -0.19993818, -0.37825237,
        0.39470021]) 

Generation: 349 
 - Generation Avg Fit: 0.5134555596229665 
 - Best Fitness: 34.8407203543787
 - Best Solution: array([-0.03652435,  0.43557232, -0.34378842,  0.33950269,  0.35941164,
       -0.12422433,  0.36262979, -0.18102567, -0.19470047,  0.29105356,
       -0.34310094, -0.18805526, -0.16267104,  0.473271  ,  0.22564147,
        0.0081811 ,  0.12932816, -0.45692438, -0.39604867, -0.11061318,
       -0.22657866,  0.35143755, -0.4962326 ,  0.24206744, -0.24773128,
       -0.1561457 ,  0.06308472, -0.06220185,  0.01363499, -0.00497033,
       -0.11777813, -0.15147358,  0.09323308, -0.19993818, -0.37825237,
        0.39470021]) 

Generation: 350 
 - Generation Avg Fit: 0.5134555596229665 
 - Best Fitness: 34.8407203543787
 - Best Solution: array([-0.03652435,  0.43557232, -0.34378842,  0.33950269,  0.35941164,
       -0.12422433,  0.36262979, -0.18102567, -0.19470047,  0.29105356,
       -0.34310094, -0.18805526, -0.16267104,  0.473271  ,  0.22564147,
        0.0081811 ,  0.12932816, -0.45692438, -0.39604867, -0.11061318,
       -0.22657866,  0.35143755, -0.4962326 ,  0.24206744, -0.24773128,
       -0.1561457 ,  0.06308472, -0.06220185,  0.01363499, -0.00497033,
       -0.11777813, -0.15147358,  0.09323308, -0.19993818, -0.37825237,
        0.39470021]) 

Generation: 351 
 - Generation Avg Fit: 0.5134555596229665 
 - Best Fitness: 34.8407203543787
 - Best Solution: array([-0.03652435,  0.43557232, -0.34378842,  0.33950269,  0.35941164,
       -0.12422433,  0.36262979, -0.18102567, -0.19470047,  0.29105356,
       -0.34310094, -0.18805526, -0.16267104,  0.473271  ,  0.22564147,
        0.0081811 ,  0.12932816, -0.45692438, -0.39604867, -0.11061318,
       -0.22657866,  0.35143755, -0.4962326 ,  0.24206744, -0.24773128,
       -0.1561457 ,  0.06308472, -0.06220185,  0.01363499, -0.00497033,
       -0.11777813, -0.15147358,  0.09323308, -0.19993818, -0.37825237,
        0.39470021]) 

Generation: 352 
 - Generation Avg Fit: 0.5134555596229665 
 - Best Fitness: 34.8407203543787
 - Best Solution: array([-0.03652435,  0.43557232, -0.34378842,  0.33950269,  0.35941164,
       -0.12422433,  0.36262979, -0.18102567, -0.19470047,  0.29105356,
       -0.34310094, -0.18805526, -0.16267104,  0.473271  ,  0.22564147,
        0.0081811 ,  0.12932816, -0.45692438, -0.39604867, -0.11061318,
       -0.22657866,  0.35143755, -0.4962326 ,  0.24206744, -0.24773128,
       -0.1561457 ,  0.06308472, -0.06220185,  0.01363499, -0.00497033,
       -0.11777813, -0.15147358,  0.09323308, -0.19993818, -0.37825237,
        0.39470021]) 

Generation: 353 
 - Generation Avg Fit: 0.5134555596229665 
 - Best Fitness: 34.8407203543787
 - Best Solution: array([-0.03652435,  0.43557232, -0.34378842,  0.33950269,  0.35941164,
       -0.12422433,  0.36262979, -0.18102567, -0.19470047,  0.29105356,
       -0.34310094, -0.18805526, -0.16267104,  0.473271  ,  0.22564147,
        0.0081811 ,  0.12932816, -0.45692438, -0.39604867, -0.11061318,
       -0.22657866,  0.35143755, -0.4962326 ,  0.24206744, -0.24773128,
       -0.1561457 ,  0.06308472, -0.06220185,  0.01363499, -0.00497033,
       -0.11777813, -0.15147358,  0.09323308, -0.19993818, -0.37825237,
        0.39470021]) 

Generation: 354 
 - Generation Avg Fit: 0.5134555596229665 
 - Best Fitness: 34.8407203543787
 - Best Solution: array([-0.03652435,  0.43557232, -0.34378842,  0.33950269,  0.35941164,
       -0.12422433,  0.36262979, -0.18102567, -0.19470047,  0.29105356,
       -0.34310094, -0.18805526, -0.16267104,  0.473271  ,  0.22564147,
        0.0081811 ,  0.12932816, -0.45692438, -0.39604867, -0.11061318,
       -0.22657866,  0.35143755, -0.4962326 ,  0.24206744, -0.24773128,
       -0.1561457 ,  0.06308472, -0.06220185,  0.01363499, -0.00497033,
       -0.11777813, -0.15147358,  0.09323308, -0.19993818, -0.37825237,
        0.39470021]) 

Generation: 355 
 - Generation Avg Fit: 0.5134555596229665 
 - Best Fitness: 34.8407203543787
 - Best Solution: array([-0.03652435,  0.43557232, -0.34378842,  0.33950269,  0.35941164,
       -0.12422433,  0.36262979, -0.18102567, -0.19470047,  0.29105356,
       -0.34310094, -0.18805526, -0.16267104,  0.473271  ,  0.22564147,
        0.0081811 ,  0.12932816, -0.45692438, -0.39604867, -0.11061318,
       -0.22657866,  0.35143755, -0.4962326 ,  0.24206744, -0.24773128,
       -0.1561457 ,  0.06308472, -0.06220185,  0.01363499, -0.00497033,
       -0.11777813, -0.15147358,  0.09323308, -0.19993818, -0.37825237,
        0.39470021]) 

Generation: 356 
 - Generation Avg Fit: 0.5134555596229665 
 - Best Fitness: 34.8407203543787
 - Best Solution: array([-0.03652435,  0.43557232, -0.34378842,  0.33950269,  0.35941164,
       -0.12422433,  0.36262979, -0.18102567, -0.19470047,  0.29105356,
       -0.34310094, -0.18805526, -0.16267104,  0.473271  ,  0.22564147,
        0.0081811 ,  0.12932816, -0.45692438, -0.39604867, -0.11061318,
       -0.22657866,  0.35143755, -0.4962326 ,  0.24206744, -0.24773128,
       -0.1561457 ,  0.06308472, -0.06220185,  0.01363499, -0.00497033,
       -0.11777813, -0.15147358,  0.09323308, -0.19993818, -0.37825237,
        0.39470021]) 

Generation: 357 
 - Generation Avg Fit: 0.5134555596229665 
 - Best Fitness: 34.8407203543787
 - Best Solution: array([-0.03652435,  0.43557232, -0.34378842,  0.33950269,  0.35941164,
       -0.12422433,  0.36262979, -0.18102567, -0.19470047,  0.29105356,
       -0.34310094, -0.18805526, -0.16267104,  0.473271  ,  0.22564147,
        0.0081811 ,  0.12932816, -0.45692438, -0.39604867, -0.11061318,
       -0.22657866,  0.35143755, -0.4962326 ,  0.24206744, -0.24773128,
       -0.1561457 ,  0.06308472, -0.06220185,  0.01363499, -0.00497033,
       -0.11777813, -0.15147358,  0.09323308, -0.19993818, -0.37825237,
        0.39470021]) 

Generation: 358 
 - Generation Avg Fit: 0.5134555596229665 
 - Best Fitness: 34.8407203543787
 - Best Solution: array([-0.03652435,  0.43557232, -0.34378842,  0.33950269,  0.35941164,
       -0.12422433,  0.36262979, -0.18102567, -0.19470047,  0.29105356,
       -0.34310094, -0.18805526, -0.16267104,  0.473271  ,  0.22564147,
        0.0081811 ,  0.12932816, -0.45692438, -0.39604867, -0.11061318,
       -0.22657866,  0.35143755, -0.4962326 ,  0.24206744, -0.24773128,
       -0.1561457 ,  0.06308472, -0.06220185,  0.01363499, -0.00497033,
       -0.11777813, -0.15147358,  0.09323308, -0.19993818, -0.37825237,
        0.39470021]) 

Generation: 359 
 - Generation Avg Fit: 0.5134555596229665 
 - Best Fitness: 34.8407203543787
 - Best Solution: array([-0.03652435,  0.43557232, -0.34378842,  0.33950269,  0.35941164,
       -0.12422433,  0.36262979, -0.18102567, -0.19470047,  0.29105356,
       -0.34310094, -0.18805526, -0.16267104,  0.473271  ,  0.22564147,
        0.0081811 ,  0.12932816, -0.45692438, -0.39604867, -0.11061318,
       -0.22657866,  0.35143755, -0.4962326 ,  0.24206744, -0.24773128,
       -0.1561457 ,  0.06308472, -0.06220185,  0.01363499, -0.00497033,
       -0.11777813, -0.15147358,  0.09323308, -0.19993818, -0.37825237,
        0.39470021]) 

Generation: 360 
 - Generation Avg Fit: 0.5134555596229665 
 - Best Fitness: 34.8407203543787
 - Best Solution: array([-0.03652435,  0.43557232, -0.34378842,  0.33950269,  0.35941164,
       -0.12422433,  0.36262979, -0.18102567, -0.19470047,  0.29105356,
       -0.34310094, -0.18805526, -0.16267104,  0.473271  ,  0.22564147,
        0.0081811 ,  0.12932816, -0.45692438, -0.39604867, -0.11061318,
       -0.22657866,  0.35143755, -0.4962326 ,  0.24206744, -0.24773128,
       -0.1561457 ,  0.06308472, -0.06220185,  0.01363499, -0.00497033,
       -0.11777813, -0.15147358,  0.09323308, -0.19993818, -0.37825237,
        0.39470021]) 

Generation: 361 
 - Generation Avg Fit: 0.5134555596229665 
 - Best Fitness: 34.8407203543787
 - Best Solution: array([-0.03652435,  0.43557232, -0.34378842,  0.33950269,  0.35941164,
       -0.12422433,  0.36262979, -0.18102567, -0.19470047,  0.29105356,
       -0.34310094, -0.18805526, -0.16267104,  0.473271  ,  0.22564147,
        0.0081811 ,  0.12932816, -0.45692438, -0.39604867, -0.11061318,
       -0.22657866,  0.35143755, -0.4962326 ,  0.24206744, -0.24773128,
       -0.1561457 ,  0.06308472, -0.06220185,  0.01363499, -0.00497033,
       -0.11777813, -0.15147358,  0.09323308, -0.19993818, -0.37825237,
        0.39470021]) 

Generation: 362 
 - Generation Avg Fit: 0.5134555596229665 
 - Best Fitness: 34.8407203543787
 - Best Solution: array([-0.03652435,  0.43557232, -0.34378842,  0.33950269,  0.35941164,
       -0.12422433,  0.36262979, -0.18102567, -0.19470047,  0.29105356,
       -0.34310094, -0.18805526, -0.16267104,  0.473271  ,  0.22564147,
        0.0081811 ,  0.12932816, -0.45692438, -0.39604867, -0.11061318,
       -0.22657866,  0.35143755, -0.4962326 ,  0.24206744, -0.24773128,
       -0.1561457 ,  0.06308472, -0.06220185,  0.01363499, -0.00497033,
       -0.11777813, -0.15147358,  0.09323308, -0.19993818, -0.37825237,
        0.39470021]) 

Generation: 363 
 - Generation Avg Fit: 0.5134555596229665 
 - Best Fitness: 34.8407203543787
 - Best Solution: array([-0.03652435,  0.43557232, -0.34378842,  0.33950269,  0.35941164,
       -0.12422433,  0.36262979, -0.18102567, -0.19470047,  0.29105356,
       -0.34310094, -0.18805526, -0.16267104,  0.473271  ,  0.22564147,
        0.0081811 ,  0.12932816, -0.45692438, -0.39604867, -0.11061318,
       -0.22657866,  0.35143755, -0.4962326 ,  0.24206744, -0.24773128,
       -0.1561457 ,  0.06308472, -0.06220185,  0.01363499, -0.00497033,
       -0.11777813, -0.15147358,  0.09323308, -0.19993818, -0.37825237,
        0.39470021]) 

Generation: 364 
 - Generation Avg Fit: 0.5134555596229665 
 - Best Fitness: 34.8407203543787
 - Best Solution: array([-0.03652435,  0.43557232, -0.34378842,  0.33950269,  0.35941164,
       -0.12422433,  0.36262979, -0.18102567, -0.19470047,  0.29105356,
       -0.34310094, -0.18805526, -0.16267104,  0.473271  ,  0.22564147,
        0.0081811 ,  0.12932816, -0.45692438, -0.39604867, -0.11061318,
       -0.22657866,  0.35143755, -0.4962326 ,  0.24206744, -0.24773128,
       -0.1561457 ,  0.06308472, -0.06220185,  0.01363499, -0.00497033,
       -0.11777813, -0.15147358,  0.09323308, -0.19993818, -0.37825237,
        0.39470021]) 

Generation: 365 
 - Generation Avg Fit: 0.5134555596229665 
 - Best Fitness: 34.8407203543787
 - Best Solution: array([-0.03652435,  0.43557232, -0.34378842,  0.33950269,  0.35941164,
       -0.12422433,  0.36262979, -0.18102567, -0.19470047,  0.29105356,
       -0.34310094, -0.18805526, -0.16267104,  0.473271  ,  0.22564147,
        0.0081811 ,  0.12932816, -0.45692438, -0.39604867, -0.11061318,
       -0.22657866,  0.35143755, -0.4962326 ,  0.24206744, -0.24773128,
       -0.1561457 ,  0.06308472, -0.06220185,  0.01363499, -0.00497033,
       -0.11777813, -0.15147358,  0.09323308, -0.19993818, -0.37825237,
        0.39470021]) 

Generation: 366 
 - Generation Avg Fit: 0.5134555596229665 
 - Best Fitness: 34.8407203543787
 - Best Solution: array([-0.03652435,  0.43557232, -0.34378842,  0.33950269,  0.35941164,
       -0.12422433,  0.36262979, -0.18102567, -0.19470047,  0.29105356,
       -0.34310094, -0.18805526, -0.16267104,  0.473271  ,  0.22564147,
        0.0081811 ,  0.12932816, -0.45692438, -0.39604867, -0.11061318,
       -0.22657866,  0.35143755, -0.4962326 ,  0.24206744, -0.24773128,
       -0.1561457 ,  0.06308472, -0.06220185,  0.01363499, -0.00497033,
       -0.11777813, -0.15147358,  0.09323308, -0.19993818, -0.37825237,
        0.39470021]) 

Generation: 367 
 - Generation Avg Fit: 0.5134555596229665 
 - Best Fitness: 34.8407203543787
 - Best Solution: array([-0.03652435,  0.43557232, -0.34378842,  0.33950269,  0.35941164,
       -0.12422433,  0.36262979, -0.18102567, -0.19470047,  0.29105356,
       -0.34310094, -0.18805526, -0.16267104,  0.473271  ,  0.22564147,
        0.0081811 ,  0.12932816, -0.45692438, -0.39604867, -0.11061318,
       -0.22657866,  0.35143755, -0.4962326 ,  0.24206744, -0.24773128,
       -0.1561457 ,  0.06308472, -0.06220185,  0.01363499, -0.00497033,
       -0.11777813, -0.15147358,  0.09323308, -0.19993818, -0.37825237,
        0.39470021]) 

Generation: 368 
 - Generation Avg Fit: 0.5134555596229665 
 - Best Fitness: 34.8407203543787
 - Best Solution: array([-0.03652435,  0.43557232, -0.34378842,  0.33950269,  0.35941164,
       -0.12422433,  0.36262979, -0.18102567, -0.19470047,  0.29105356,
       -0.34310094, -0.18805526, -0.16267104,  0.473271  ,  0.22564147,
        0.0081811 ,  0.12932816, -0.45692438, -0.39604867, -0.11061318,
       -0.22657866,  0.35143755, -0.4962326 ,  0.24206744, -0.24773128,
       -0.1561457 ,  0.06308472, -0.06220185,  0.01363499, -0.00497033,
       -0.11777813, -0.15147358,  0.09323308, -0.19993818, -0.37825237,
        0.39470021]) 

Generation: 369 
 - Generation Avg Fit: 0.5134555596229665 
 - Best Fitness: 34.8407203543787
 - Best Solution: array([-0.03652435,  0.43557232, -0.34378842,  0.33950269,  0.35941164,
       -0.12422433,  0.36262979, -0.18102567, -0.19470047,  0.29105356,
       -0.34310094, -0.18805526, -0.16267104,  0.473271  ,  0.22564147,
        0.0081811 ,  0.12932816, -0.45692438, -0.39604867, -0.11061318,
       -0.22657866,  0.35143755, -0.4962326 ,  0.24206744, -0.24773128,
       -0.1561457 ,  0.06308472, -0.06220185,  0.01363499, -0.00497033,
       -0.11777813, -0.15147358,  0.09323308, -0.19993818, -0.37825237,
        0.39470021]) 

Generation: 370 
 - Generation Avg Fit: 0.5134555596229665 
 - Best Fitness: 34.8407203543787
 - Best Solution: array([-0.03652435,  0.43557232, -0.34378842,  0.33950269,  0.35941164,
       -0.12422433,  0.36262979, -0.18102567, -0.19470047,  0.29105356,
       -0.34310094, -0.18805526, -0.16267104,  0.473271  ,  0.22564147,
        0.0081811 ,  0.12932816, -0.45692438, -0.39604867, -0.11061318,
       -0.22657866,  0.35143755, -0.4962326 ,  0.24206744, -0.24773128,
       -0.1561457 ,  0.06308472, -0.06220185,  0.01363499, -0.00497033,
       -0.11777813, -0.15147358,  0.09323308, -0.19993818, -0.37825237,
        0.39470021]) 

Generation: 371 
 - Generation Avg Fit: 0.5134555596229665 
 - Best Fitness: 34.8407203543787
 - Best Solution: array([-0.03652435,  0.43557232, -0.34378842,  0.33950269,  0.35941164,
       -0.12422433,  0.36262979, -0.18102567, -0.19470047,  0.29105356,
       -0.34310094, -0.18805526, -0.16267104,  0.473271  ,  0.22564147,
        0.0081811 ,  0.12932816, -0.45692438, -0.39604867, -0.11061318,
       -0.22657866,  0.35143755, -0.4962326 ,  0.24206744, -0.24773128,
       -0.1561457 ,  0.06308472, -0.06220185,  0.01363499, -0.00497033,
       -0.11777813, -0.15147358,  0.09323308, -0.19993818, -0.37825237,
        0.39470021]) 

Generation: 372 
 - Generation Avg Fit: 0.5134555596229665 
 - Best Fitness: 34.8407203543787
 - Best Solution: array([-0.03652435,  0.43557232, -0.34378842,  0.33950269,  0.35941164,
       -0.12422433,  0.36262979, -0.18102567, -0.19470047,  0.29105356,
       -0.34310094, -0.18805526, -0.16267104,  0.473271  ,  0.22564147,
        0.0081811 ,  0.12932816, -0.45692438, -0.39604867, -0.11061318,
       -0.22657866,  0.35143755, -0.4962326 ,  0.24206744, -0.24773128,
       -0.1561457 ,  0.06308472, -0.06220185,  0.01363499, -0.00497033,
       -0.11777813, -0.15147358,  0.09323308, -0.19993818, -0.37825237,
        0.39470021]) 

Generation: 373 
 - Generation Avg Fit: 0.5134555596229665 
 - Best Fitness: 34.8407203543787
 - Best Solution: array([-0.03652435,  0.43557232, -0.34378842,  0.33950269,  0.35941164,
       -0.12422433,  0.36262979, -0.18102567, -0.19470047,  0.29105356,
       -0.34310094, -0.18805526, -0.16267104,  0.473271  ,  0.22564147,
        0.0081811 ,  0.12932816, -0.45692438, -0.39604867, -0.11061318,
       -0.22657866,  0.35143755, -0.4962326 ,  0.24206744, -0.24773128,
       -0.1561457 ,  0.06308472, -0.06220185,  0.01363499, -0.00497033,
       -0.11777813, -0.15147358,  0.09323308, -0.19993818, -0.37825237,
        0.39470021]) 

Generation: 374 
 - Generation Avg Fit: 0.5134555596229665 
 - Best Fitness: 34.8407203543787
 - Best Solution: array([-0.03652435,  0.43557232, -0.34378842,  0.33950269,  0.35941164,
       -0.12422433,  0.36262979, -0.18102567, -0.19470047,  0.29105356,
       -0.34310094, -0.18805526, -0.16267104,  0.473271  ,  0.22564147,
        0.0081811 ,  0.12932816, -0.45692438, -0.39604867, -0.11061318,
       -0.22657866,  0.35143755, -0.4962326 ,  0.24206744, -0.24773128,
       -0.1561457 ,  0.06308472, -0.06220185,  0.01363499, -0.00497033,
       -0.11777813, -0.15147358,  0.09323308, -0.19993818, -0.37825237,
        0.39470021]) 

Generation: 375 
 - Generation Avg Fit: 0.5134555596229665 
 - Best Fitness: 34.8407203543787
 - Best Solution: array([-0.03652435,  0.43557232, -0.34378842,  0.33950269,  0.35941164,
       -0.12422433,  0.36262979, -0.18102567, -0.19470047,  0.29105356,
       -0.34310094, -0.18805526, -0.16267104,  0.473271  ,  0.22564147,
        0.0081811 ,  0.12932816, -0.45692438, -0.39604867, -0.11061318,
       -0.22657866,  0.35143755, -0.4962326 ,  0.24206744, -0.24773128,
       -0.1561457 ,  0.06308472, -0.06220185,  0.01363499, -0.00497033,
       -0.11777813, -0.15147358,  0.09323308, -0.19993818, -0.37825237,
        0.39470021]) 

Generation: 376 
 - Generation Avg Fit: 0.5134555596229665 
 - Best Fitness: 34.8407203543787
 - Best Solution: array([-0.03652435,  0.43557232, -0.34378842,  0.33950269,  0.35941164,
       -0.12422433,  0.36262979, -0.18102567, -0.19470047,  0.29105356,
       -0.34310094, -0.18805526, -0.16267104,  0.473271  ,  0.22564147,
        0.0081811 ,  0.12932816, -0.45692438, -0.39604867, -0.11061318,
       -0.22657866,  0.35143755, -0.4962326 ,  0.24206744, -0.24773128,
       -0.1561457 ,  0.06308472, -0.06220185,  0.01363499, -0.00497033,
       -0.11777813, -0.15147358,  0.09323308, -0.19993818, -0.37825237,
        0.39470021]) 

Generation: 377 
 - Generation Avg Fit: 0.5134555596229665 
 - Best Fitness: 34.8407203543787
 - Best Solution: array([-0.03652435,  0.43557232, -0.34378842,  0.33950269,  0.35941164,
       -0.12422433,  0.36262979, -0.18102567, -0.19470047,  0.29105356,
       -0.34310094, -0.18805526, -0.16267104,  0.473271  ,  0.22564147,
        0.0081811 ,  0.12932816, -0.45692438, -0.39604867, -0.11061318,
       -0.22657866,  0.35143755, -0.4962326 ,  0.24206744, -0.24773128,
       -0.1561457 ,  0.06308472, -0.06220185,  0.01363499, -0.00497033,
       -0.11777813, -0.15147358,  0.09323308, -0.19993818, -0.37825237,
        0.39470021]) 

Generation: 378 
 - Generation Avg Fit: 0.5134555596229665 
 - Best Fitness: 34.8407203543787
 - Best Solution: array([-0.03652435,  0.43557232, -0.34378842,  0.33950269,  0.35941164,
       -0.12422433,  0.36262979, -0.18102567, -0.19470047,  0.29105356,
       -0.34310094, -0.18805526, -0.16267104,  0.473271  ,  0.22564147,
        0.0081811 ,  0.12932816, -0.45692438, -0.39604867, -0.11061318,
       -0.22657866,  0.35143755, -0.4962326 ,  0.24206744, -0.24773128,
       -0.1561457 ,  0.06308472, -0.06220185,  0.01363499, -0.00497033,
       -0.11777813, -0.15147358,  0.09323308, -0.19993818, -0.37825237,
        0.39470021]) 

Generation: 379 
 - Generation Avg Fit: 0.5134555596229665 
 - Best Fitness: 34.8407203543787
 - Best Solution: array([-0.03652435,  0.43557232, -0.34378842,  0.33950269,  0.35941164,
       -0.12422433,  0.36262979, -0.18102567, -0.19470047,  0.29105356,
       -0.34310094, -0.18805526, -0.16267104,  0.473271  ,  0.22564147,
        0.0081811 ,  0.12932816, -0.45692438, -0.39604867, -0.11061318,
       -0.22657866,  0.35143755, -0.4962326 ,  0.24206744, -0.24773128,
       -0.1561457 ,  0.06308472, -0.06220185,  0.01363499, -0.00497033,
       -0.11777813, -0.15147358,  0.09323308, -0.19993818, -0.37825237,
        0.39470021]) 

Generation: 380 
 - Generation Avg Fit: 0.5134555596229665 
 - Best Fitness: 34.8407203543787
 - Best Solution: array([-0.03652435,  0.43557232, -0.34378842,  0.33950269,  0.35941164,
       -0.12422433,  0.36262979, -0.18102567, -0.19470047,  0.29105356,
       -0.34310094, -0.18805526, -0.16267104,  0.473271  ,  0.22564147,
        0.0081811 ,  0.12932816, -0.45692438, -0.39604867, -0.11061318,
       -0.22657866,  0.35143755, -0.4962326 ,  0.24206744, -0.24773128,
       -0.1561457 ,  0.06308472, -0.06220185,  0.01363499, -0.00497033,
       -0.11777813, -0.15147358,  0.09323308, -0.19993818, -0.37825237,
        0.39470021]) 

Generation: 381 
 - Generation Avg Fit: 0.5134555596229665 
 - Best Fitness: 34.8407203543787
 - Best Solution: array([-0.03652435,  0.43557232, -0.34378842,  0.33950269,  0.35941164,
       -0.12422433,  0.36262979, -0.18102567, -0.19470047,  0.29105356,
       -0.34310094, -0.18805526, -0.16267104,  0.473271  ,  0.22564147,
        0.0081811 ,  0.12932816, -0.45692438, -0.39604867, -0.11061318,
       -0.22657866,  0.35143755, -0.4962326 ,  0.24206744, -0.24773128,
       -0.1561457 ,  0.06308472, -0.06220185,  0.01363499, -0.00497033,
       -0.11777813, -0.15147358,  0.09323308, -0.19993818, -0.37825237,
        0.39470021]) 

Generation: 382 
 - Generation Avg Fit: 0.5134555596229665 
 - Best Fitness: 34.8407203543787
 - Best Solution: array([-0.03652435,  0.43557232, -0.34378842,  0.33950269,  0.35941164,
       -0.12422433,  0.36262979, -0.18102567, -0.19470047,  0.29105356,
       -0.34310094, -0.18805526, -0.16267104,  0.473271  ,  0.22564147,
        0.0081811 ,  0.12932816, -0.45692438, -0.39604867, -0.11061318,
       -0.22657866,  0.35143755, -0.4962326 ,  0.24206744, -0.24773128,
       -0.1561457 ,  0.06308472, -0.06220185,  0.01363499, -0.00497033,
       -0.11777813, -0.15147358,  0.09323308, -0.19993818, -0.37825237,
        0.39470021]) 

Generation: 383 
 - Generation Avg Fit: 0.5134555596229665 
 - Best Fitness: 34.8407203543787
 - Best Solution: array([-0.03652435,  0.43557232, -0.34378842,  0.33950269,  0.35941164,
       -0.12422433,  0.36262979, -0.18102567, -0.19470047,  0.29105356,
       -0.34310094, -0.18805526, -0.16267104,  0.473271  ,  0.22564147,
        0.0081811 ,  0.12932816, -0.45692438, -0.39604867, -0.11061318,
       -0.22657866,  0.35143755, -0.4962326 ,  0.24206744, -0.24773128,
       -0.1561457 ,  0.06308472, -0.06220185,  0.01363499, -0.00497033,
       -0.11777813, -0.15147358,  0.09323308, -0.19993818, -0.37825237,
        0.39470021]) 

Generation: 384 
 - Generation Avg Fit: 0.5134555596229665 
 - Best Fitness: 34.8407203543787
 - Best Solution: array([-0.03652435,  0.43557232, -0.34378842,  0.33950269,  0.35941164,
       -0.12422433,  0.36262979, -0.18102567, -0.19470047,  0.29105356,
       -0.34310094, -0.18805526, -0.16267104,  0.473271  ,  0.22564147,
        0.0081811 ,  0.12932816, -0.45692438, -0.39604867, -0.11061318,
       -0.22657866,  0.35143755, -0.4962326 ,  0.24206744, -0.24773128,
       -0.1561457 ,  0.06308472, -0.06220185,  0.01363499, -0.00497033,
       -0.11777813, -0.15147358,  0.09323308, -0.19993818, -0.37825237,
        0.39470021]) 

Generation: 385 
 - Generation Avg Fit: 0.5134555596229665 
 - Best Fitness: 34.8407203543787
 - Best Solution: array([-0.03652435,  0.43557232, -0.34378842,  0.33950269,  0.35941164,
       -0.12422433,  0.36262979, -0.18102567, -0.19470047,  0.29105356,
       -0.34310094, -0.18805526, -0.16267104,  0.473271  ,  0.22564147,
        0.0081811 ,  0.12932816, -0.45692438, -0.39604867, -0.11061318,
       -0.22657866,  0.35143755, -0.4962326 ,  0.24206744, -0.24773128,
       -0.1561457 ,  0.06308472, -0.06220185,  0.01363499, -0.00497033,
       -0.11777813, -0.15147358,  0.09323308, -0.19993818, -0.37825237,
        0.39470021]) 

Generation: 386 
 - Generation Avg Fit: 0.5134555596229665 
 - Best Fitness: 34.8407203543787
 - Best Solution: array([-0.03652435,  0.43557232, -0.34378842,  0.33950269,  0.35941164,
       -0.12422433,  0.36262979, -0.18102567, -0.19470047,  0.29105356,
       -0.34310094, -0.18805526, -0.16267104,  0.473271  ,  0.22564147,
        0.0081811 ,  0.12932816, -0.45692438, -0.39604867, -0.11061318,
       -0.22657866,  0.35143755, -0.4962326 ,  0.24206744, -0.24773128,
       -0.1561457 ,  0.06308472, -0.06220185,  0.01363499, -0.00497033,
       -0.11777813, -0.15147358,  0.09323308, -0.19993818, -0.37825237,
        0.39470021]) 

Generation: 387 
 - Generation Avg Fit: 0.5134555596229665 
 - Best Fitness: 34.8407203543787
 - Best Solution: array([-0.03652435,  0.43557232, -0.34378842,  0.33950269,  0.35941164,
       -0.12422433,  0.36262979, -0.18102567, -0.19470047,  0.29105356,
       -0.34310094, -0.18805526, -0.16267104,  0.473271  ,  0.22564147,
        0.0081811 ,  0.12932816, -0.45692438, -0.39604867, -0.11061318,
       -0.22657866,  0.35143755, -0.4962326 ,  0.24206744, -0.24773128,
       -0.1561457 ,  0.06308472, -0.06220185,  0.01363499, -0.00497033,
       -0.11777813, -0.15147358,  0.09323308, -0.19993818, -0.37825237,
        0.39470021]) 

Generation: 388 
 - Generation Avg Fit: 0.5134555596229665 
 - Best Fitness: 34.8407203543787
 - Best Solution: array([-0.03652435,  0.43557232, -0.34378842,  0.33950269,  0.35941164,
       -0.12422433,  0.36262979, -0.18102567, -0.19470047,  0.29105356,
       -0.34310094, -0.18805526, -0.16267104,  0.473271  ,  0.22564147,
        0.0081811 ,  0.12932816, -0.45692438, -0.39604867, -0.11061318,
       -0.22657866,  0.35143755, -0.4962326 ,  0.24206744, -0.24773128,
       -0.1561457 ,  0.06308472, -0.06220185,  0.01363499, -0.00497033,
       -0.11777813, -0.15147358,  0.09323308, -0.19993818, -0.37825237,
        0.39470021]) 

Generation: 389 
 - Generation Avg Fit: 0.5134555596229665 
 - Best Fitness: 34.8407203543787
 - Best Solution: array([-0.03652435,  0.43557232, -0.34378842,  0.33950269,  0.35941164,
       -0.12422433,  0.36262979, -0.18102567, -0.19470047,  0.29105356,
       -0.34310094, -0.18805526, -0.16267104,  0.473271  ,  0.22564147,
        0.0081811 ,  0.12932816, -0.45692438, -0.39604867, -0.11061318,
       -0.22657866,  0.35143755, -0.4962326 ,  0.24206744, -0.24773128,
       -0.1561457 ,  0.06308472, -0.06220185,  0.01363499, -0.00497033,
       -0.11777813, -0.15147358,  0.09323308, -0.19993818, -0.37825237,
        0.39470021]) 

Generation: 390 
 - Generation Avg Fit: 0.5134555596229665 
 - Best Fitness: 34.8407203543787
 - Best Solution: array([-0.03652435,  0.43557232, -0.34378842,  0.33950269,  0.35941164,
       -0.12422433,  0.36262979, -0.18102567, -0.19470047,  0.29105356,
       -0.34310094, -0.18805526, -0.16267104,  0.473271  ,  0.22564147,
        0.0081811 ,  0.12932816, -0.45692438, -0.39604867, -0.11061318,
       -0.22657866,  0.35143755, -0.4962326 ,  0.24206744, -0.24773128,
       -0.1561457 ,  0.06308472, -0.06220185,  0.01363499, -0.00497033,
       -0.11777813, -0.15147358,  0.09323308, -0.19993818, -0.37825237,
        0.39470021]) 

Generation: 391 
 - Generation Avg Fit: 0.5134555596229665 
 - Best Fitness: 34.8407203543787
 - Best Solution: array([-0.03652435,  0.43557232, -0.34378842,  0.33950269,  0.35941164,
       -0.12422433,  0.36262979, -0.18102567, -0.19470047,  0.29105356,
       -0.34310094, -0.18805526, -0.16267104,  0.473271  ,  0.22564147,
        0.0081811 ,  0.12932816, -0.45692438, -0.39604867, -0.11061318,
       -0.22657866,  0.35143755, -0.4962326 ,  0.24206744, -0.24773128,
       -0.1561457 ,  0.06308472, -0.06220185,  0.01363499, -0.00497033,
       -0.11777813, -0.15147358,  0.09323308, -0.19993818, -0.37825237,
        0.39470021]) 

Generation: 392 
 - Generation Avg Fit: 0.5134555596229665 
 - Best Fitness: 34.8407203543787
 - Best Solution: array([-0.03652435,  0.43557232, -0.34378842,  0.33950269,  0.35941164,
       -0.12422433,  0.36262979, -0.18102567, -0.19470047,  0.29105356,
       -0.34310094, -0.18805526, -0.16267104,  0.473271  ,  0.22564147,
        0.0081811 ,  0.12932816, -0.45692438, -0.39604867, -0.11061318,
       -0.22657866,  0.35143755, -0.4962326 ,  0.24206744, -0.24773128,
       -0.1561457 ,  0.06308472, -0.06220185,  0.01363499, -0.00497033,
       -0.11777813, -0.15147358,  0.09323308, -0.19993818, -0.37825237,
        0.39470021]) 

Generation: 393 
 - Generation Avg Fit: 0.5134555596229665 
 - Best Fitness: 34.8407203543787
 - Best Solution: array([-0.03652435,  0.43557232, -0.34378842,  0.33950269,  0.35941164,
       -0.12422433,  0.36262979, -0.18102567, -0.19470047,  0.29105356,
       -0.34310094, -0.18805526, -0.16267104,  0.473271  ,  0.22564147,
        0.0081811 ,  0.12932816, -0.45692438, -0.39604867, -0.11061318,
       -0.22657866,  0.35143755, -0.4962326 ,  0.24206744, -0.24773128,
       -0.1561457 ,  0.06308472, -0.06220185,  0.01363499, -0.00497033,
       -0.11777813, -0.15147358,  0.09323308, -0.19993818, -0.37825237,
        0.39470021]) 

Generation: 394 
 - Generation Avg Fit: 0.5134555596229665 
 - Best Fitness: 34.8407203543787
 - Best Solution: array([-0.03652435,  0.43557232, -0.34378842,  0.33950269,  0.35941164,
       -0.12422433,  0.36262979, -0.18102567, -0.19470047,  0.29105356,
       -0.34310094, -0.18805526, -0.16267104,  0.473271  ,  0.22564147,
        0.0081811 ,  0.12932816, -0.45692438, -0.39604867, -0.11061318,
       -0.22657866,  0.35143755, -0.4962326 ,  0.24206744, -0.24773128,
       -0.1561457 ,  0.06308472, -0.06220185,  0.01363499, -0.00497033,
       -0.11777813, -0.15147358,  0.09323308, -0.19993818, -0.37825237,
        0.39470021]) 

Generation: 395 
 - Generation Avg Fit: 0.5134555596229665 
 - Best Fitness: 34.8407203543787
 - Best Solution: array([-0.03652435,  0.43557232, -0.34378842,  0.33950269,  0.35941164,
       -0.12422433,  0.36262979, -0.18102567, -0.19470047,  0.29105356,
       -0.34310094, -0.18805526, -0.16267104,  0.473271  ,  0.22564147,
        0.0081811 ,  0.12932816, -0.45692438, -0.39604867, -0.11061318,
       -0.22657866,  0.35143755, -0.4962326 ,  0.24206744, -0.24773128,
       -0.1561457 ,  0.06308472, -0.06220185,  0.01363499, -0.00497033,
       -0.11777813, -0.15147358,  0.09323308, -0.19993818, -0.37825237,
        0.39470021]) 

Generation: 396 
 - Generation Avg Fit: 0.5134555596229665 
 - Best Fitness: 34.8407203543787
 - Best Solution: array([-0.03652435,  0.43557232, -0.34378842,  0.33950269,  0.35941164,
       -0.12422433,  0.36262979, -0.18102567, -0.19470047,  0.29105356,
       -0.34310094, -0.18805526, -0.16267104,  0.473271  ,  0.22564147,
        0.0081811 ,  0.12932816, -0.45692438, -0.39604867, -0.11061318,
       -0.22657866,  0.35143755, -0.4962326 ,  0.24206744, -0.24773128,
       -0.1561457 ,  0.06308472, -0.06220185,  0.01363499, -0.00497033,
       -0.11777813, -0.15147358,  0.09323308, -0.19993818, -0.37825237,
        0.39470021]) 

Generation: 397 
 - Generation Avg Fit: 0.5134555596229665 
 - Best Fitness: 34.8407203543787
 - Best Solution: array([-0.03652435,  0.43557232, -0.34378842,  0.33950269,  0.35941164,
       -0.12422433,  0.36262979, -0.18102567, -0.19470047,  0.29105356,
       -0.34310094, -0.18805526, -0.16267104,  0.473271  ,  0.22564147,
        0.0081811 ,  0.12932816, -0.45692438, -0.39604867, -0.11061318,
       -0.22657866,  0.35143755, -0.4962326 ,  0.24206744, -0.24773128,
       -0.1561457 ,  0.06308472, -0.06220185,  0.01363499, -0.00497033,
       -0.11777813, -0.15147358,  0.09323308, -0.19993818, -0.37825237,
        0.39470021]) 

Generation: 398 
 - Generation Avg Fit: 0.5134555596229665 
 - Best Fitness: 34.8407203543787
 - Best Solution: array([-0.03652435,  0.43557232, -0.34378842,  0.33950269,  0.35941164,
       -0.12422433,  0.36262979, -0.18102567, -0.19470047,  0.29105356,
       -0.34310094, -0.18805526, -0.16267104,  0.473271  ,  0.22564147,
        0.0081811 ,  0.12932816, -0.45692438, -0.39604867, -0.11061318,
       -0.22657866,  0.35143755, -0.4962326 ,  0.24206744, -0.24773128,
       -0.1561457 ,  0.06308472, -0.06220185,  0.01363499, -0.00497033,
       -0.11777813, -0.15147358,  0.09323308, -0.19993818, -0.37825237,
        0.39470021]) 

Generation: 399 
 - Generation Avg Fit: 0.5134555596229665 
 - Best Fitness: 34.8407203543787
 - Best Solution: array([-0.03652435,  0.43557232, -0.34378842,  0.33950269,  0.35941164,
       -0.12422433,  0.36262979, -0.18102567, -0.19470047,  0.29105356,
       -0.34310094, -0.18805526, -0.16267104,  0.473271  ,  0.22564147,
        0.0081811 ,  0.12932816, -0.45692438, -0.39604867, -0.11061318,
       -0.22657866,  0.35143755, -0.4962326 ,  0.24206744, -0.24773128,
       -0.1561457 ,  0.06308472, -0.06220185,  0.01363499, -0.00497033,
       -0.11777813, -0.15147358,  0.09323308, -0.19993818, -0.37825237,
        0.39470021]) 

Generation: 400 
 - Generation Avg Fit: 0.5134555596229665 
 - Best Fitness: 34.8407203543787
 - Best Solution: array([-0.03652435,  0.43557232, -0.34378842,  0.33950269,  0.35941164,
       -0.12422433,  0.36262979, -0.18102567, -0.19470047,  0.29105356,
       -0.34310094, -0.18805526, -0.16267104,  0.473271  ,  0.22564147,
        0.0081811 ,  0.12932816, -0.45692438, -0.39604867, -0.11061318,
       -0.22657866,  0.35143755, -0.4962326 ,  0.24206744, -0.24773128,
       -0.1561457 ,  0.06308472, -0.06220185,  0.01363499, -0.00497033,
       -0.11777813, -0.15147358,  0.09323308, -0.19993818, -0.37825237,
        0.39470021]) 

Generation: 401 
 - Generation Avg Fit: 0.5134555596229665 
 - Best Fitness: 34.8407203543787
 - Best Solution: array([-0.03652435,  0.43557232, -0.34378842,  0.33950269,  0.35941164,
       -0.12422433,  0.36262979, -0.18102567, -0.19470047,  0.29105356,
       -0.34310094, -0.18805526, -0.16267104,  0.473271  ,  0.22564147,
        0.0081811 ,  0.12932816, -0.45692438, -0.39604867, -0.11061318,
       -0.22657866,  0.35143755, -0.4962326 ,  0.24206744, -0.24773128,
       -0.1561457 ,  0.06308472, -0.06220185,  0.01363499, -0.00497033,
       -0.11777813, -0.15147358,  0.09323308, -0.19993818, -0.37825237,
        0.39470021]) 

Generation: 402 
 - Generation Avg Fit: 0.5134555596229665 
 - Best Fitness: 34.8407203543787
 - Best Solution: array([-0.03652435,  0.43557232, -0.34378842,  0.33950269,  0.35941164,
       -0.12422433,  0.36262979, -0.18102567, -0.19470047,  0.29105356,
       -0.34310094, -0.18805526, -0.16267104,  0.473271  ,  0.22564147,
        0.0081811 ,  0.12932816, -0.45692438, -0.39604867, -0.11061318,
       -0.22657866,  0.35143755, -0.4962326 ,  0.24206744, -0.24773128,
       -0.1561457 ,  0.06308472, -0.06220185,  0.01363499, -0.00497033,
       -0.11777813, -0.15147358,  0.09323308, -0.19993818, -0.37825237,
        0.39470021]) 

Generation: 403 
 - Generation Avg Fit: 0.5134555596229665 
 - Best Fitness: 34.8407203543787
 - Best Solution: array([-0.03652435,  0.43557232, -0.34378842,  0.33950269,  0.35941164,
       -0.12422433,  0.36262979, -0.18102567, -0.19470047,  0.29105356,
       -0.34310094, -0.18805526, -0.16267104,  0.473271  ,  0.22564147,
        0.0081811 ,  0.12932816, -0.45692438, -0.39604867, -0.11061318,
       -0.22657866,  0.35143755, -0.4962326 ,  0.24206744, -0.24773128,
       -0.1561457 ,  0.06308472, -0.06220185,  0.01363499, -0.00497033,
       -0.11777813, -0.15147358,  0.09323308, -0.19993818, -0.37825237,
        0.39470021]) 

Generation: 404 
 - Generation Avg Fit: 0.5134555596229665 
 - Best Fitness: 34.8407203543787
 - Best Solution: array([-0.03652435,  0.43557232, -0.34378842,  0.33950269,  0.35941164,
       -0.12422433,  0.36262979, -0.18102567, -0.19470047,  0.29105356,
       -0.34310094, -0.18805526, -0.16267104,  0.473271  ,  0.22564147,
        0.0081811 ,  0.12932816, -0.45692438, -0.39604867, -0.11061318,
       -0.22657866,  0.35143755, -0.4962326 ,  0.24206744, -0.24773128,
       -0.1561457 ,  0.06308472, -0.06220185,  0.01363499, -0.00497033,
       -0.11777813, -0.15147358,  0.09323308, -0.19993818, -0.37825237,
        0.39470021]) 

Generation: 405 
 - Generation Avg Fit: 0.5134555596229665 
 - Best Fitness: 34.8407203543787
 - Best Solution: array([-0.03652435,  0.43557232, -0.34378842,  0.33950269,  0.35941164,
       -0.12422433,  0.36262979, -0.18102567, -0.19470047,  0.29105356,
       -0.34310094, -0.18805526, -0.16267104,  0.473271  ,  0.22564147,
        0.0081811 ,  0.12932816, -0.45692438, -0.39604867, -0.11061318,
       -0.22657866,  0.35143755, -0.4962326 ,  0.24206744, -0.24773128,
       -0.1561457 ,  0.06308472, -0.06220185,  0.01363499, -0.00497033,
       -0.11777813, -0.15147358,  0.09323308, -0.19993818, -0.37825237,
        0.39470021]) 

Generation: 406 
 - Generation Avg Fit: 0.5134555596229665 
 - Best Fitness: 34.8407203543787
 - Best Solution: array([-0.03652435,  0.43557232, -0.34378842,  0.33950269,  0.35941164,
       -0.12422433,  0.36262979, -0.18102567, -0.19470047,  0.29105356,
       -0.34310094, -0.18805526, -0.16267104,  0.473271  ,  0.22564147,
        0.0081811 ,  0.12932816, -0.45692438, -0.39604867, -0.11061318,
       -0.22657866,  0.35143755, -0.4962326 ,  0.24206744, -0.24773128,
       -0.1561457 ,  0.06308472, -0.06220185,  0.01363499, -0.00497033,
       -0.11777813, -0.15147358,  0.09323308, -0.19993818, -0.37825237,
        0.39470021]) 

Generation: 407 
 - Generation Avg Fit: 0.5134555596229665 
 - Best Fitness: 34.8407203543787
 - Best Solution: array([-0.03652435,  0.43557232, -0.34378842,  0.33950269,  0.35941164,
       -0.12422433,  0.36262979, -0.18102567, -0.19470047,  0.29105356,
       -0.34310094, -0.18805526, -0.16267104,  0.473271  ,  0.22564147,
        0.0081811 ,  0.12932816, -0.45692438, -0.39604867, -0.11061318,
       -0.22657866,  0.35143755, -0.4962326 ,  0.24206744, -0.24773128,
       -0.1561457 ,  0.06308472, -0.06220185,  0.01363499, -0.00497033,
       -0.11777813, -0.15147358,  0.09323308, -0.19993818, -0.37825237,
        0.39470021]) 

Generation: 408 
 - Generation Avg Fit: 0.5134555596229665 
 - Best Fitness: 34.8407203543787
 - Best Solution: array([-0.03652435,  0.43557232, -0.34378842,  0.33950269,  0.35941164,
       -0.12422433,  0.36262979, -0.18102567, -0.19470047,  0.29105356,
       -0.34310094, -0.18805526, -0.16267104,  0.473271  ,  0.22564147,
        0.0081811 ,  0.12932816, -0.45692438, -0.39604867, -0.11061318,
       -0.22657866,  0.35143755, -0.4962326 ,  0.24206744, -0.24773128,
       -0.1561457 ,  0.06308472, -0.06220185,  0.01363499, -0.00497033,
       -0.11777813, -0.15147358,  0.09323308, -0.19993818, -0.37825237,
        0.39470021]) 

Generation: 409 
 - Generation Avg Fit: 0.5134555596229665 
 - Best Fitness: 34.8407203543787
 - Best Solution: array([-0.03652435,  0.43557232, -0.34378842,  0.33950269,  0.35941164,
       -0.12422433,  0.36262979, -0.18102567, -0.19470047,  0.29105356,
       -0.34310094, -0.18805526, -0.16267104,  0.473271  ,  0.22564147,
        0.0081811 ,  0.12932816, -0.45692438, -0.39604867, -0.11061318,
       -0.22657866,  0.35143755, -0.4962326 ,  0.24206744, -0.24773128,
       -0.1561457 ,  0.06308472, -0.06220185,  0.01363499, -0.00497033,
       -0.11777813, -0.15147358,  0.09323308, -0.19993818, -0.37825237,
        0.39470021]) 

Generation: 410 
 - Generation Avg Fit: 0.5134555596229665 
 - Best Fitness: 34.8407203543787
 - Best Solution: array([-0.03652435,  0.43557232, -0.34378842,  0.33950269,  0.35941164,
       -0.12422433,  0.36262979, -0.18102567, -0.19470047,  0.29105356,
       -0.34310094, -0.18805526, -0.16267104,  0.473271  ,  0.22564147,
        0.0081811 ,  0.12932816, -0.45692438, -0.39604867, -0.11061318,
       -0.22657866,  0.35143755, -0.4962326 ,  0.24206744, -0.24773128,
       -0.1561457 ,  0.06308472, -0.06220185,  0.01363499, -0.00497033,
       -0.11777813, -0.15147358,  0.09323308, -0.19993818, -0.37825237,
        0.39470021]) 

Generation: 411 
 - Generation Avg Fit: 0.5134555596229665 
 - Best Fitness: 34.8407203543787
 - Best Solution: array([-0.03652435,  0.43557232, -0.34378842,  0.33950269,  0.35941164,
       -0.12422433,  0.36262979, -0.18102567, -0.19470047,  0.29105356,
       -0.34310094, -0.18805526, -0.16267104,  0.473271  ,  0.22564147,
        0.0081811 ,  0.12932816, -0.45692438, -0.39604867, -0.11061318,
       -0.22657866,  0.35143755, -0.4962326 ,  0.24206744, -0.24773128,
       -0.1561457 ,  0.06308472, -0.06220185,  0.01363499, -0.00497033,
       -0.11777813, -0.15147358,  0.09323308, -0.19993818, -0.37825237,
        0.39470021]) 

Generation: 412 
 - Generation Avg Fit: 0.5134555596229665 
 - Best Fitness: 34.8407203543787
 - Best Solution: array([-0.03652435,  0.43557232, -0.34378842,  0.33950269,  0.35941164,
       -0.12422433,  0.36262979, -0.18102567, -0.19470047,  0.29105356,
       -0.34310094, -0.18805526, -0.16267104,  0.473271  ,  0.22564147,
        0.0081811 ,  0.12932816, -0.45692438, -0.39604867, -0.11061318,
       -0.22657866,  0.35143755, -0.4962326 ,  0.24206744, -0.24773128,
       -0.1561457 ,  0.06308472, -0.06220185,  0.01363499, -0.00497033,
       -0.11777813, -0.15147358,  0.09323308, -0.19993818, -0.37825237,
        0.39470021]) 

Generation: 413 
 - Generation Avg Fit: 0.5134555596229665 
 - Best Fitness: 34.8407203543787
 - Best Solution: array([-0.03652435,  0.43557232, -0.34378842,  0.33950269,  0.35941164,
       -0.12422433,  0.36262979, -0.18102567, -0.19470047,  0.29105356,
       -0.34310094, -0.18805526, -0.16267104,  0.473271  ,  0.22564147,
        0.0081811 ,  0.12932816, -0.45692438, -0.39604867, -0.11061318,
       -0.22657866,  0.35143755, -0.4962326 ,  0.24206744, -0.24773128,
       -0.1561457 ,  0.06308472, -0.06220185,  0.01363499, -0.00497033,
       -0.11777813, -0.15147358,  0.09323308, -0.19993818, -0.37825237,
        0.39470021]) 

Generation: 414 
 - Generation Avg Fit: 0.5134555596229665 
 - Best Fitness: 34.8407203543787
 - Best Solution: array([-0.03652435,  0.43557232, -0.34378842,  0.33950269,  0.35941164,
       -0.12422433,  0.36262979, -0.18102567, -0.19470047,  0.29105356,
       -0.34310094, -0.18805526, -0.16267104,  0.473271  ,  0.22564147,
        0.0081811 ,  0.12932816, -0.45692438, -0.39604867, -0.11061318,
       -0.22657866,  0.35143755, -0.4962326 ,  0.24206744, -0.24773128,
       -0.1561457 ,  0.06308472, -0.06220185,  0.01363499, -0.00497033,
       -0.11777813, -0.15147358,  0.09323308, -0.19993818, -0.37825237,
        0.39470021]) 

Generation: 415 
 - Generation Avg Fit: 0.5134555596229665 
 - Best Fitness: 34.8407203543787
 - Best Solution: array([-0.03652435,  0.43557232, -0.34378842,  0.33950269,  0.35941164,
       -0.12422433,  0.36262979, -0.18102567, -0.19470047,  0.29105356,
       -0.34310094, -0.18805526, -0.16267104,  0.473271  ,  0.22564147,
        0.0081811 ,  0.12932816, -0.45692438, -0.39604867, -0.11061318,
       -0.22657866,  0.35143755, -0.4962326 ,  0.24206744, -0.24773128,
       -0.1561457 ,  0.06308472, -0.06220185,  0.01363499, -0.00497033,
       -0.11777813, -0.15147358,  0.09323308, -0.19993818, -0.37825237,
        0.39470021]) 

Generation: 416 
 - Generation Avg Fit: 0.5134555596229665 
 - Best Fitness: 34.8407203543787
 - Best Solution: array([-0.03652435,  0.43557232, -0.34378842,  0.33950269,  0.35941164,
       -0.12422433,  0.36262979, -0.18102567, -0.19470047,  0.29105356,
       -0.34310094, -0.18805526, -0.16267104,  0.473271  ,  0.22564147,
        0.0081811 ,  0.12932816, -0.45692438, -0.39604867, -0.11061318,
       -0.22657866,  0.35143755, -0.4962326 ,  0.24206744, -0.24773128,
       -0.1561457 ,  0.06308472, -0.06220185,  0.01363499, -0.00497033,
       -0.11777813, -0.15147358,  0.09323308, -0.19993818, -0.37825237,
        0.39470021]) 

Generation: 417 
 - Generation Avg Fit: 0.5134555596229665 
 - Best Fitness: 34.8407203543787
 - Best Solution: array([-0.03652435,  0.43557232, -0.34378842,  0.33950269,  0.35941164,
       -0.12422433,  0.36262979, -0.18102567, -0.19470047,  0.29105356,
       -0.34310094, -0.18805526, -0.16267104,  0.473271  ,  0.22564147,
        0.0081811 ,  0.12932816, -0.45692438, -0.39604867, -0.11061318,
       -0.22657866,  0.35143755, -0.4962326 ,  0.24206744, -0.24773128,
       -0.1561457 ,  0.06308472, -0.06220185,  0.01363499, -0.00497033,
       -0.11777813, -0.15147358,  0.09323308, -0.19993818, -0.37825237,
        0.39470021]) 

Generation: 418 
 - Generation Avg Fit: 0.5134555596229665 
 - Best Fitness: 34.8407203543787
 - Best Solution: array([-0.03652435,  0.43557232, -0.34378842,  0.33950269,  0.35941164,
       -0.12422433,  0.36262979, -0.18102567, -0.19470047,  0.29105356,
       -0.34310094, -0.18805526, -0.16267104,  0.473271  ,  0.22564147,
        0.0081811 ,  0.12932816, -0.45692438, -0.39604867, -0.11061318,
       -0.22657866,  0.35143755, -0.4962326 ,  0.24206744, -0.24773128,
       -0.1561457 ,  0.06308472, -0.06220185,  0.01363499, -0.00497033,
       -0.11777813, -0.15147358,  0.09323308, -0.19993818, -0.37825237,
        0.39470021]) 

Generation: 419 
 - Generation Avg Fit: 0.5134555596229665 
 - Best Fitness: 34.8407203543787
 - Best Solution: array([-0.03652435,  0.43557232, -0.34378842,  0.33950269,  0.35941164,
       -0.12422433,  0.36262979, -0.18102567, -0.19470047,  0.29105356,
       -0.34310094, -0.18805526, -0.16267104,  0.473271  ,  0.22564147,
        0.0081811 ,  0.12932816, -0.45692438, -0.39604867, -0.11061318,
       -0.22657866,  0.35143755, -0.4962326 ,  0.24206744, -0.24773128,
       -0.1561457 ,  0.06308472, -0.06220185,  0.01363499, -0.00497033,
       -0.11777813, -0.15147358,  0.09323308, -0.19993818, -0.37825237,
        0.39470021]) 

Generation: 420 
 - Generation Avg Fit: 0.5134555596229665 
 - Best Fitness: 34.8407203543787
 - Best Solution: array([-0.03652435,  0.43557232, -0.34378842,  0.33950269,  0.35941164,
       -0.12422433,  0.36262979, -0.18102567, -0.19470047,  0.29105356,
       -0.34310094, -0.18805526, -0.16267104,  0.473271  ,  0.22564147,
        0.0081811 ,  0.12932816, -0.45692438, -0.39604867, -0.11061318,
       -0.22657866,  0.35143755, -0.4962326 ,  0.24206744, -0.24773128,
       -0.1561457 ,  0.06308472, -0.06220185,  0.01363499, -0.00497033,
       -0.11777813, -0.15147358,  0.09323308, -0.19993818, -0.37825237,
        0.39470021]) 

Generation: 421 
 - Generation Avg Fit: 0.5134555596229665 
 - Best Fitness: 34.8407203543787
 - Best Solution: array([-0.03652435,  0.43557232, -0.34378842,  0.33950269,  0.35941164,
       -0.12422433,  0.36262979, -0.18102567, -0.19470047,  0.29105356,
       -0.34310094, -0.18805526, -0.16267104,  0.473271  ,  0.22564147,
        0.0081811 ,  0.12932816, -0.45692438, -0.39604867, -0.11061318,
       -0.22657866,  0.35143755, -0.4962326 ,  0.24206744, -0.24773128,
       -0.1561457 ,  0.06308472, -0.06220185,  0.01363499, -0.00497033,
       -0.11777813, -0.15147358,  0.09323308, -0.19993818, -0.37825237,
        0.39470021]) 

Generation: 422 
 - Generation Avg Fit: 0.5134555596229665 
 - Best Fitness: 34.8407203543787
 - Best Solution: array([-0.03652435,  0.43557232, -0.34378842,  0.33950269,  0.35941164,
       -0.12422433,  0.36262979, -0.18102567, -0.19470047,  0.29105356,
       -0.34310094, -0.18805526, -0.16267104,  0.473271  ,  0.22564147,
        0.0081811 ,  0.12932816, -0.45692438, -0.39604867, -0.11061318,
       -0.22657866,  0.35143755, -0.4962326 ,  0.24206744, -0.24773128,
       -0.1561457 ,  0.06308472, -0.06220185,  0.01363499, -0.00497033,
       -0.11777813, -0.15147358,  0.09323308, -0.19993818, -0.37825237,
        0.39470021]) 

Generation: 423 
 - Generation Avg Fit: 0.5134555596229665 
 - Best Fitness: 34.8407203543787
 - Best Solution: array([-0.03652435,  0.43557232, -0.34378842,  0.33950269,  0.35941164,
       -0.12422433,  0.36262979, -0.18102567, -0.19470047,  0.29105356,
       -0.34310094, -0.18805526, -0.16267104,  0.473271  ,  0.22564147,
        0.0081811 ,  0.12932816, -0.45692438, -0.39604867, -0.11061318,
       -0.22657866,  0.35143755, -0.4962326 ,  0.24206744, -0.24773128,
       -0.1561457 ,  0.06308472, -0.06220185,  0.01363499, -0.00497033,
       -0.11777813, -0.15147358,  0.09323308, -0.19993818, -0.37825237,
        0.39470021]) 

Generation: 424 
 - Generation Avg Fit: 0.5134555596229665 
 - Best Fitness: 34.8407203543787
 - Best Solution: array([-0.03652435,  0.43557232, -0.34378842,  0.33950269,  0.35941164,
       -0.12422433,  0.36262979, -0.18102567, -0.19470047,  0.29105356,
       -0.34310094, -0.18805526, -0.16267104,  0.473271  ,  0.22564147,
        0.0081811 ,  0.12932816, -0.45692438, -0.39604867, -0.11061318,
       -0.22657866,  0.35143755, -0.4962326 ,  0.24206744, -0.24773128,
       -0.1561457 ,  0.06308472, -0.06220185,  0.01363499, -0.00497033,
       -0.11777813, -0.15147358,  0.09323308, -0.19993818, -0.37825237,
        0.39470021]) 

Generation: 425 
 - Generation Avg Fit: 0.5134555596229665 
 - Best Fitness: 34.8407203543787
 - Best Solution: array([-0.03652435,  0.43557232, -0.34378842,  0.33950269,  0.35941164,
       -0.12422433,  0.36262979, -0.18102567, -0.19470047,  0.29105356,
       -0.34310094, -0.18805526, -0.16267104,  0.473271  ,  0.22564147,
        0.0081811 ,  0.12932816, -0.45692438, -0.39604867, -0.11061318,
       -0.22657866,  0.35143755, -0.4962326 ,  0.24206744, -0.24773128,
       -0.1561457 ,  0.06308472, -0.06220185,  0.01363499, -0.00497033,
       -0.11777813, -0.15147358,  0.09323308, -0.19993818, -0.37825237,
        0.39470021]) 

Generation: 426 
 - Generation Avg Fit: 0.5134555596229665 
 - Best Fitness: 34.8407203543787
 - Best Solution: array([-0.03652435,  0.43557232, -0.34378842,  0.33950269,  0.35941164,
       -0.12422433,  0.36262979, -0.18102567, -0.19470047,  0.29105356,
       -0.34310094, -0.18805526, -0.16267104,  0.473271  ,  0.22564147,
        0.0081811 ,  0.12932816, -0.45692438, -0.39604867, -0.11061318,
       -0.22657866,  0.35143755, -0.4962326 ,  0.24206744, -0.24773128,
       -0.1561457 ,  0.06308472, -0.06220185,  0.01363499, -0.00497033,
       -0.11777813, -0.15147358,  0.09323308, -0.19993818, -0.37825237,
        0.39470021]) 

Generation: 427 
 - Generation Avg Fit: 0.5134555596229665 
 - Best Fitness: 34.8407203543787
 - Best Solution: array([-0.03652435,  0.43557232, -0.34378842,  0.33950269,  0.35941164,
       -0.12422433,  0.36262979, -0.18102567, -0.19470047,  0.29105356,
       -0.34310094, -0.18805526, -0.16267104,  0.473271  ,  0.22564147,
        0.0081811 ,  0.12932816, -0.45692438, -0.39604867, -0.11061318,
       -0.22657866,  0.35143755, -0.4962326 ,  0.24206744, -0.24773128,
       -0.1561457 ,  0.06308472, -0.06220185,  0.01363499, -0.00497033,
       -0.11777813, -0.15147358,  0.09323308, -0.19993818, -0.37825237,
        0.39470021]) 

Generation: 428 
 - Generation Avg Fit: 0.5134555596229665 
 - Best Fitness: 34.8407203543787
 - Best Solution: array([-0.03652435,  0.43557232, -0.34378842,  0.33950269,  0.35941164,
       -0.12422433,  0.36262979, -0.18102567, -0.19470047,  0.29105356,
       -0.34310094, -0.18805526, -0.16267104,  0.473271  ,  0.22564147,
        0.0081811 ,  0.12932816, -0.45692438, -0.39604867, -0.11061318,
       -0.22657866,  0.35143755, -0.4962326 ,  0.24206744, -0.24773128,
       -0.1561457 ,  0.06308472, -0.06220185,  0.01363499, -0.00497033,
       -0.11777813, -0.15147358,  0.09323308, -0.19993818, -0.37825237,
        0.39470021]) 

Generation: 429 
 - Generation Avg Fit: 0.5134555596229665 
 - Best Fitness: 34.8407203543787
 - Best Solution: array([-0.03652435,  0.43557232, -0.34378842,  0.33950269,  0.35941164,
       -0.12422433,  0.36262979, -0.18102567, -0.19470047,  0.29105356,
       -0.34310094, -0.18805526, -0.16267104,  0.473271  ,  0.22564147,
        0.0081811 ,  0.12932816, -0.45692438, -0.39604867, -0.11061318,
       -0.22657866,  0.35143755, -0.4962326 ,  0.24206744, -0.24773128,
       -0.1561457 ,  0.06308472, -0.06220185,  0.01363499, -0.00497033,
       -0.11777813, -0.15147358,  0.09323308, -0.19993818, -0.37825237,
        0.39470021]) 

Generation: 430 
 - Generation Avg Fit: 0.5134555596229665 
 - Best Fitness: 34.8407203543787
 - Best Solution: array([-0.03652435,  0.43557232, -0.34378842,  0.33950269,  0.35941164,
       -0.12422433,  0.36262979, -0.18102567, -0.19470047,  0.29105356,
       -0.34310094, -0.18805526, -0.16267104,  0.473271  ,  0.22564147,
        0.0081811 ,  0.12932816, -0.45692438, -0.39604867, -0.11061318,
       -0.22657866,  0.35143755, -0.4962326 ,  0.24206744, -0.24773128,
       -0.1561457 ,  0.06308472, -0.06220185,  0.01363499, -0.00497033,
       -0.11777813, -0.15147358,  0.09323308, -0.19993818, -0.37825237,
        0.39470021]) 

Generation: 431 
 - Generation Avg Fit: 0.5134555596229665 
 - Best Fitness: 34.8407203543787
 - Best Solution: array([-0.03652435,  0.43557232, -0.34378842,  0.33950269,  0.35941164,
       -0.12422433,  0.36262979, -0.18102567, -0.19470047,  0.29105356,
       -0.34310094, -0.18805526, -0.16267104,  0.473271  ,  0.22564147,
        0.0081811 ,  0.12932816, -0.45692438, -0.39604867, -0.11061318,
       -0.22657866,  0.35143755, -0.4962326 ,  0.24206744, -0.24773128,
       -0.1561457 ,  0.06308472, -0.06220185,  0.01363499, -0.00497033,
       -0.11777813, -0.15147358,  0.09323308, -0.19993818, -0.37825237,
        0.39470021]) 

Generation: 432 
 - Generation Avg Fit: 0.5134555596229665 
 - Best Fitness: 34.8407203543787
 - Best Solution: array([-0.03652435,  0.43557232, -0.34378842,  0.33950269,  0.35941164,
       -0.12422433,  0.36262979, -0.18102567, -0.19470047,  0.29105356,
       -0.34310094, -0.18805526, -0.16267104,  0.473271  ,  0.22564147,
        0.0081811 ,  0.12932816, -0.45692438, -0.39604867, -0.11061318,
       -0.22657866,  0.35143755, -0.4962326 ,  0.24206744, -0.24773128,
       -0.1561457 ,  0.06308472, -0.06220185,  0.01363499, -0.00497033,
       -0.11777813, -0.15147358,  0.09323308, -0.19993818, -0.37825237,
        0.39470021]) 

Generation: 433 
 - Generation Avg Fit: 0.5134555596229665 
 - Best Fitness: 34.8407203543787
 - Best Solution: array([-0.03652435,  0.43557232, -0.34378842,  0.33950269,  0.35941164,
       -0.12422433,  0.36262979, -0.18102567, -0.19470047,  0.29105356,
       -0.34310094, -0.18805526, -0.16267104,  0.473271  ,  0.22564147,
        0.0081811 ,  0.12932816, -0.45692438, -0.39604867, -0.11061318,
       -0.22657866,  0.35143755, -0.4962326 ,  0.24206744, -0.24773128,
       -0.1561457 ,  0.06308472, -0.06220185,  0.01363499, -0.00497033,
       -0.11777813, -0.15147358,  0.09323308, -0.19993818, -0.37825237,
        0.39470021]) 

Generation: 434 
 - Generation Avg Fit: 0.5134555596229665 
 - Best Fitness: 34.8407203543787
 - Best Solution: array([-0.03652435,  0.43557232, -0.34378842,  0.33950269,  0.35941164,
       -0.12422433,  0.36262979, -0.18102567, -0.19470047,  0.29105356,
       -0.34310094, -0.18805526, -0.16267104,  0.473271  ,  0.22564147,
        0.0081811 ,  0.12932816, -0.45692438, -0.39604867, -0.11061318,
       -0.22657866,  0.35143755, -0.4962326 ,  0.24206744, -0.24773128,
       -0.1561457 ,  0.06308472, -0.06220185,  0.01363499, -0.00497033,
       -0.11777813, -0.15147358,  0.09323308, -0.19993818, -0.37825237,
        0.39470021]) 

Generation: 435 
 - Generation Avg Fit: 0.5134555596229665 
 - Best Fitness: 34.8407203543787
 - Best Solution: array([-0.03652435,  0.43557232, -0.34378842,  0.33950269,  0.35941164,
       -0.12422433,  0.36262979, -0.18102567, -0.19470047,  0.29105356,
       -0.34310094, -0.18805526, -0.16267104,  0.473271  ,  0.22564147,
        0.0081811 ,  0.12932816, -0.45692438, -0.39604867, -0.11061318,
       -0.22657866,  0.35143755, -0.4962326 ,  0.24206744, -0.24773128,
       -0.1561457 ,  0.06308472, -0.06220185,  0.01363499, -0.00497033,
       -0.11777813, -0.15147358,  0.09323308, -0.19993818, -0.37825237,
        0.39470021]) 

Generation: 436 
 - Generation Avg Fit: 0.5134555596229665 
 - Best Fitness: 34.8407203543787
 - Best Solution: array([-0.03652435,  0.43557232, -0.34378842,  0.33950269,  0.35941164,
       -0.12422433,  0.36262979, -0.18102567, -0.19470047,  0.29105356,
       -0.34310094, -0.18805526, -0.16267104,  0.473271  ,  0.22564147,
        0.0081811 ,  0.12932816, -0.45692438, -0.39604867, -0.11061318,
       -0.22657866,  0.35143755, -0.4962326 ,  0.24206744, -0.24773128,
       -0.1561457 ,  0.06308472, -0.06220185,  0.01363499, -0.00497033,
       -0.11777813, -0.15147358,  0.09323308, -0.19993818, -0.37825237,
        0.39470021]) 

Generation: 437 
 - Generation Avg Fit: 0.5134555596229665 
 - Best Fitness: 34.8407203543787
 - Best Solution: array([-0.03652435,  0.43557232, -0.34378842,  0.33950269,  0.35941164,
       -0.12422433,  0.36262979, -0.18102567, -0.19470047,  0.29105356,
       -0.34310094, -0.18805526, -0.16267104,  0.473271  ,  0.22564147,
        0.0081811 ,  0.12932816, -0.45692438, -0.39604867, -0.11061318,
       -0.22657866,  0.35143755, -0.4962326 ,  0.24206744, -0.24773128,
       -0.1561457 ,  0.06308472, -0.06220185,  0.01363499, -0.00497033,
       -0.11777813, -0.15147358,  0.09323308, -0.19993818, -0.37825237,
        0.39470021]) 

Generation: 438 
 - Generation Avg Fit: 0.5134555596229665 
 - Best Fitness: 34.8407203543787
 - Best Solution: array([-0.03652435,  0.43557232, -0.34378842,  0.33950269,  0.35941164,
       -0.12422433,  0.36262979, -0.18102567, -0.19470047,  0.29105356,
       -0.34310094, -0.18805526, -0.16267104,  0.473271  ,  0.22564147,
        0.0081811 ,  0.12932816, -0.45692438, -0.39604867, -0.11061318,
       -0.22657866,  0.35143755, -0.4962326 ,  0.24206744, -0.24773128,
       -0.1561457 ,  0.06308472, -0.06220185,  0.01363499, -0.00497033,
       -0.11777813, -0.15147358,  0.09323308, -0.19993818, -0.37825237,
        0.39470021]) 

Generation: 439 
 - Generation Avg Fit: 0.5134555596229665 
 - Best Fitness: 34.8407203543787
 - Best Solution: array([-0.03652435,  0.43557232, -0.34378842,  0.33950269,  0.35941164,
       -0.12422433,  0.36262979, -0.18102567, -0.19470047,  0.29105356,
       -0.34310094, -0.18805526, -0.16267104,  0.473271  ,  0.22564147,
        0.0081811 ,  0.12932816, -0.45692438, -0.39604867, -0.11061318,
       -0.22657866,  0.35143755, -0.4962326 ,  0.24206744, -0.24773128,
       -0.1561457 ,  0.06308472, -0.06220185,  0.01363499, -0.00497033,
       -0.11777813, -0.15147358,  0.09323308, -0.19993818, -0.37825237,
        0.39470021]) 

Generation: 440 
 - Generation Avg Fit: 0.5134555596229665 
 - Best Fitness: 34.8407203543787
 - Best Solution: array([-0.03652435,  0.43557232, -0.34378842,  0.33950269,  0.35941164,
       -0.12422433,  0.36262979, -0.18102567, -0.19470047,  0.29105356,
       -0.34310094, -0.18805526, -0.16267104,  0.473271  ,  0.22564147,
        0.0081811 ,  0.12932816, -0.45692438, -0.39604867, -0.11061318,
       -0.22657866,  0.35143755, -0.4962326 ,  0.24206744, -0.24773128,
       -0.1561457 ,  0.06308472, -0.06220185,  0.01363499, -0.00497033,
       -0.11777813, -0.15147358,  0.09323308, -0.19993818, -0.37825237,
        0.39470021]) 

Generation: 441 
 - Generation Avg Fit: 0.5134555596229665 
 - Best Fitness: 34.8407203543787
 - Best Solution: array([-0.03652435,  0.43557232, -0.34378842,  0.33950269,  0.35941164,
       -0.12422433,  0.36262979, -0.18102567, -0.19470047,  0.29105356,
       -0.34310094, -0.18805526, -0.16267104,  0.473271  ,  0.22564147,
        0.0081811 ,  0.12932816, -0.45692438, -0.39604867, -0.11061318,
       -0.22657866,  0.35143755, -0.4962326 ,  0.24206744, -0.24773128,
       -0.1561457 ,  0.06308472, -0.06220185,  0.01363499, -0.00497033,
       -0.11777813, -0.15147358,  0.09323308, -0.19993818, -0.37825237,
        0.39470021]) 

Generation: 442 
 - Generation Avg Fit: 0.5134555596229665 
 - Best Fitness: 34.8407203543787
 - Best Solution: array([-0.03652435,  0.43557232, -0.34378842,  0.33950269,  0.35941164,
       -0.12422433,  0.36262979, -0.18102567, -0.19470047,  0.29105356,
       -0.34310094, -0.18805526, -0.16267104,  0.473271  ,  0.22564147,
        0.0081811 ,  0.12932816, -0.45692438, -0.39604867, -0.11061318,
       -0.22657866,  0.35143755, -0.4962326 ,  0.24206744, -0.24773128,
       -0.1561457 ,  0.06308472, -0.06220185,  0.01363499, -0.00497033,
       -0.11777813, -0.15147358,  0.09323308, -0.19993818, -0.37825237,
        0.39470021]) 

Generation: 443 
 - Generation Avg Fit: 0.5134555596229665 
 - Best Fitness: 34.8407203543787
 - Best Solution: array([-0.03652435,  0.43557232, -0.34378842,  0.33950269,  0.35941164,
       -0.12422433,  0.36262979, -0.18102567, -0.19470047,  0.29105356,
       -0.34310094, -0.18805526, -0.16267104,  0.473271  ,  0.22564147,
        0.0081811 ,  0.12932816, -0.45692438, -0.39604867, -0.11061318,
       -0.22657866,  0.35143755, -0.4962326 ,  0.24206744, -0.24773128,
       -0.1561457 ,  0.06308472, -0.06220185,  0.01363499, -0.00497033,
       -0.11777813, -0.15147358,  0.09323308, -0.19993818, -0.37825237,
        0.39470021]) 

Generation: 444 
 - Generation Avg Fit: 0.5134555596229665 
 - Best Fitness: 34.8407203543787
 - Best Solution: array([-0.03652435,  0.43557232, -0.34378842,  0.33950269,  0.35941164,
       -0.12422433,  0.36262979, -0.18102567, -0.19470047,  0.29105356,
       -0.34310094, -0.18805526, -0.16267104,  0.473271  ,  0.22564147,
        0.0081811 ,  0.12932816, -0.45692438, -0.39604867, -0.11061318,
       -0.22657866,  0.35143755, -0.4962326 ,  0.24206744, -0.24773128,
       -0.1561457 ,  0.06308472, -0.06220185,  0.01363499, -0.00497033,
       -0.11777813, -0.15147358,  0.09323308, -0.19993818, -0.37825237,
        0.39470021]) 

Generation: 445 
 - Generation Avg Fit: 0.5134555596229665 
 - Best Fitness: 34.8407203543787
 - Best Solution: array([-0.03652435,  0.43557232, -0.34378842,  0.33950269,  0.35941164,
       -0.12422433,  0.36262979, -0.18102567, -0.19470047,  0.29105356,
       -0.34310094, -0.18805526, -0.16267104,  0.473271  ,  0.22564147,
        0.0081811 ,  0.12932816, -0.45692438, -0.39604867, -0.11061318,
       -0.22657866,  0.35143755, -0.4962326 ,  0.24206744, -0.24773128,
       -0.1561457 ,  0.06308472, -0.06220185,  0.01363499, -0.00497033,
       -0.11777813, -0.15147358,  0.09323308, -0.19993818, -0.37825237,
        0.39470021]) 

Generation: 446 
 - Generation Avg Fit: 0.5134555596229665 
 - Best Fitness: 34.8407203543787
 - Best Solution: array([-0.03652435,  0.43557232, -0.34378842,  0.33950269,  0.35941164,
       -0.12422433,  0.36262979, -0.18102567, -0.19470047,  0.29105356,
       -0.34310094, -0.18805526, -0.16267104,  0.473271  ,  0.22564147,
        0.0081811 ,  0.12932816, -0.45692438, -0.39604867, -0.11061318,
       -0.22657866,  0.35143755, -0.4962326 ,  0.24206744, -0.24773128,
       -0.1561457 ,  0.06308472, -0.06220185,  0.01363499, -0.00497033,
       -0.11777813, -0.15147358,  0.09323308, -0.19993818, -0.37825237,
        0.39470021]) 

Generation: 447 
 - Generation Avg Fit: 0.5134555596229665 
 - Best Fitness: 34.8407203543787
 - Best Solution: array([-0.03652435,  0.43557232, -0.34378842,  0.33950269,  0.35941164,
       -0.12422433,  0.36262979, -0.18102567, -0.19470047,  0.29105356,
       -0.34310094, -0.18805526, -0.16267104,  0.473271  ,  0.22564147,
        0.0081811 ,  0.12932816, -0.45692438, -0.39604867, -0.11061318,
       -0.22657866,  0.35143755, -0.4962326 ,  0.24206744, -0.24773128,
       -0.1561457 ,  0.06308472, -0.06220185,  0.01363499, -0.00497033,
       -0.11777813, -0.15147358,  0.09323308, -0.19993818, -0.37825237,
        0.39470021]) 

Generation: 448 
 - Generation Avg Fit: 0.5134555596229665 
 - Best Fitness: 34.8407203543787
 - Best Solution: array([-0.03652435,  0.43557232, -0.34378842,  0.33950269,  0.35941164,
       -0.12422433,  0.36262979, -0.18102567, -0.19470047,  0.29105356,
       -0.34310094, -0.18805526, -0.16267104,  0.473271  ,  0.22564147,
        0.0081811 ,  0.12932816, -0.45692438, -0.39604867, -0.11061318,
       -0.22657866,  0.35143755, -0.4962326 ,  0.24206744, -0.24773128,
       -0.1561457 ,  0.06308472, -0.06220185,  0.01363499, -0.00497033,
       -0.11777813, -0.15147358,  0.09323308, -0.19993818, -0.37825237,
        0.39470021]) 

Generation: 449 
 - Generation Avg Fit: 0.5134555596229665 
 - Best Fitness: 34.8407203543787
 - Best Solution: array([-0.03652435,  0.43557232, -0.34378842,  0.33950269,  0.35941164,
       -0.12422433,  0.36262979, -0.18102567, -0.19470047,  0.29105356,
       -0.34310094, -0.18805526, -0.16267104,  0.473271  ,  0.22564147,
        0.0081811 ,  0.12932816, -0.45692438, -0.39604867, -0.11061318,
       -0.22657866,  0.35143755, -0.4962326 ,  0.24206744, -0.24773128,
       -0.1561457 ,  0.06308472, -0.06220185,  0.01363499, -0.00497033,
       -0.11777813, -0.15147358,  0.09323308, -0.19993818, -0.37825237,
        0.39470021]) 

Generation: 450 
 - Generation Avg Fit: 0.5134555596229665 
 - Best Fitness: 34.8407203543787
 - Best Solution: array([-0.03652435,  0.43557232, -0.34378842,  0.33950269,  0.35941164,
       -0.12422433,  0.36262979, -0.18102567, -0.19470047,  0.29105356,
       -0.34310094, -0.18805526, -0.16267104,  0.473271  ,  0.22564147,
        0.0081811 ,  0.12932816, -0.45692438, -0.39604867, -0.11061318,
       -0.22657866,  0.35143755, -0.4962326 ,  0.24206744, -0.24773128,
       -0.1561457 ,  0.06308472, -0.06220185,  0.01363499, -0.00497033,
       -0.11777813, -0.15147358,  0.09323308, -0.19993818, -0.37825237,
        0.39470021]) 

Generation: 451 
 - Generation Avg Fit: 0.5134555596229665 
 - Best Fitness: 34.8407203543787
 - Best Solution: array([-0.03652435,  0.43557232, -0.34378842,  0.33950269,  0.35941164,
       -0.12422433,  0.36262979, -0.18102567, -0.19470047,  0.29105356,
       -0.34310094, -0.18805526, -0.16267104,  0.473271  ,  0.22564147,
        0.0081811 ,  0.12932816, -0.45692438, -0.39604867, -0.11061318,
       -0.22657866,  0.35143755, -0.4962326 ,  0.24206744, -0.24773128,
       -0.1561457 ,  0.06308472, -0.06220185,  0.01363499, -0.00497033,
       -0.11777813, -0.15147358,  0.09323308, -0.19993818, -0.37825237,
        0.39470021]) 

Generation: 452 
 - Generation Avg Fit: 0.5134555596229665 
 - Best Fitness: 34.8407203543787
 - Best Solution: array([-0.03652435,  0.43557232, -0.34378842,  0.33950269,  0.35941164,
       -0.12422433,  0.36262979, -0.18102567, -0.19470047,  0.29105356,
       -0.34310094, -0.18805526, -0.16267104,  0.473271  ,  0.22564147,
        0.0081811 ,  0.12932816, -0.45692438, -0.39604867, -0.11061318,
       -0.22657866,  0.35143755, -0.4962326 ,  0.24206744, -0.24773128,
       -0.1561457 ,  0.06308472, -0.06220185,  0.01363499, -0.00497033,
       -0.11777813, -0.15147358,  0.09323308, -0.19993818, -0.37825237,
        0.39470021]) 

Generation: 453 
 - Generation Avg Fit: 0.5134555596229665 
 - Best Fitness: 34.8407203543787
 - Best Solution: array([-0.03652435,  0.43557232, -0.34378842,  0.33950269,  0.35941164,
       -0.12422433,  0.36262979, -0.18102567, -0.19470047,  0.29105356,
       -0.34310094, -0.18805526, -0.16267104,  0.473271  ,  0.22564147,
        0.0081811 ,  0.12932816, -0.45692438, -0.39604867, -0.11061318,
       -0.22657866,  0.35143755, -0.4962326 ,  0.24206744, -0.24773128,
       -0.1561457 ,  0.06308472, -0.06220185,  0.01363499, -0.00497033,
       -0.11777813, -0.15147358,  0.09323308, -0.19993818, -0.37825237,
        0.39470021]) 

Generation: 454 
 - Generation Avg Fit: 0.5134555596229665 
 - Best Fitness: 34.8407203543787
 - Best Solution: array([-0.03652435,  0.43557232, -0.34378842,  0.33950269,  0.35941164,
       -0.12422433,  0.36262979, -0.18102567, -0.19470047,  0.29105356,
       -0.34310094, -0.18805526, -0.16267104,  0.473271  ,  0.22564147,
        0.0081811 ,  0.12932816, -0.45692438, -0.39604867, -0.11061318,
       -0.22657866,  0.35143755, -0.4962326 ,  0.24206744, -0.24773128,
       -0.1561457 ,  0.06308472, -0.06220185,  0.01363499, -0.00497033,
       -0.11777813, -0.15147358,  0.09323308, -0.19993818, -0.37825237,
        0.39470021]) 

Generation: 455 
 - Generation Avg Fit: 0.5134555596229665 
 - Best Fitness: 34.8407203543787
 - Best Solution: array([-0.03652435,  0.43557232, -0.34378842,  0.33950269,  0.35941164,
       -0.12422433,  0.36262979, -0.18102567, -0.19470047,  0.29105356,
       -0.34310094, -0.18805526, -0.16267104,  0.473271  ,  0.22564147,
        0.0081811 ,  0.12932816, -0.45692438, -0.39604867, -0.11061318,
       -0.22657866,  0.35143755, -0.4962326 ,  0.24206744, -0.24773128,
       -0.1561457 ,  0.06308472, -0.06220185,  0.01363499, -0.00497033,
       -0.11777813, -0.15147358,  0.09323308, -0.19993818, -0.37825237,
        0.39470021]) 

Generation: 456 
 - Generation Avg Fit: 0.5134555596229665 
 - Best Fitness: 34.8407203543787
 - Best Solution: array([-0.03652435,  0.43557232, -0.34378842,  0.33950269,  0.35941164,
       -0.12422433,  0.36262979, -0.18102567, -0.19470047,  0.29105356,
       -0.34310094, -0.18805526, -0.16267104,  0.473271  ,  0.22564147,
        0.0081811 ,  0.12932816, -0.45692438, -0.39604867, -0.11061318,
       -0.22657866,  0.35143755, -0.4962326 ,  0.24206744, -0.24773128,
       -0.1561457 ,  0.06308472, -0.06220185,  0.01363499, -0.00497033,
       -0.11777813, -0.15147358,  0.09323308, -0.19993818, -0.37825237,
        0.39470021]) 

Generation: 457 
 - Generation Avg Fit: 0.5134555596229665 
 - Best Fitness: 34.8407203543787
 - Best Solution: array([-0.03652435,  0.43557232, -0.34378842,  0.33950269,  0.35941164,
       -0.12422433,  0.36262979, -0.18102567, -0.19470047,  0.29105356,
       -0.34310094, -0.18805526, -0.16267104,  0.473271  ,  0.22564147,
        0.0081811 ,  0.12932816, -0.45692438, -0.39604867, -0.11061318,
       -0.22657866,  0.35143755, -0.4962326 ,  0.24206744, -0.24773128,
       -0.1561457 ,  0.06308472, -0.06220185,  0.01363499, -0.00497033,
       -0.11777813, -0.15147358,  0.09323308, -0.19993818, -0.37825237,
        0.39470021]) 

Generation: 458 
 - Generation Avg Fit: 0.5134555596229665 
 - Best Fitness: 34.8407203543787
 - Best Solution: array([-0.03652435,  0.43557232, -0.34378842,  0.33950269,  0.35941164,
       -0.12422433,  0.36262979, -0.18102567, -0.19470047,  0.29105356,
       -0.34310094, -0.18805526, -0.16267104,  0.473271  ,  0.22564147,
        0.0081811 ,  0.12932816, -0.45692438, -0.39604867, -0.11061318,
       -0.22657866,  0.35143755, -0.4962326 ,  0.24206744, -0.24773128,
       -0.1561457 ,  0.06308472, -0.06220185,  0.01363499, -0.00497033,
       -0.11777813, -0.15147358,  0.09323308, -0.19993818, -0.37825237,
        0.39470021]) 

Generation: 459 
 - Generation Avg Fit: 0.5134555596229665 
 - Best Fitness: 34.8407203543787
 - Best Solution: array([-0.03652435,  0.43557232, -0.34378842,  0.33950269,  0.35941164,
       -0.12422433,  0.36262979, -0.18102567, -0.19470047,  0.29105356,
       -0.34310094, -0.18805526, -0.16267104,  0.473271  ,  0.22564147,
        0.0081811 ,  0.12932816, -0.45692438, -0.39604867, -0.11061318,
       -0.22657866,  0.35143755, -0.4962326 ,  0.24206744, -0.24773128,
       -0.1561457 ,  0.06308472, -0.06220185,  0.01363499, -0.00497033,
       -0.11777813, -0.15147358,  0.09323308, -0.19993818, -0.37825237,
        0.39470021]) 

Generation: 460 
 - Generation Avg Fit: 0.5134555596229665 
 - Best Fitness: 34.8407203543787
 - Best Solution: array([-0.03652435,  0.43557232, -0.34378842,  0.33950269,  0.35941164,
       -0.12422433,  0.36262979, -0.18102567, -0.19470047,  0.29105356,
       -0.34310094, -0.18805526, -0.16267104,  0.473271  ,  0.22564147,
        0.0081811 ,  0.12932816, -0.45692438, -0.39604867, -0.11061318,
       -0.22657866,  0.35143755, -0.4962326 ,  0.24206744, -0.24773128,
       -0.1561457 ,  0.06308472, -0.06220185,  0.01363499, -0.00497033,
       -0.11777813, -0.15147358,  0.09323308, -0.19993818, -0.37825237,
        0.39470021]) 

Generation: 461 
 - Generation Avg Fit: 0.5134555596229665 
 - Best Fitness: 34.8407203543787
 - Best Solution: array([-0.03652435,  0.43557232, -0.34378842,  0.33950269,  0.35941164,
       -0.12422433,  0.36262979, -0.18102567, -0.19470047,  0.29105356,
       -0.34310094, -0.18805526, -0.16267104,  0.473271  ,  0.22564147,
        0.0081811 ,  0.12932816, -0.45692438, -0.39604867, -0.11061318,
       -0.22657866,  0.35143755, -0.4962326 ,  0.24206744, -0.24773128,
       -0.1561457 ,  0.06308472, -0.06220185,  0.01363499, -0.00497033,
       -0.11777813, -0.15147358,  0.09323308, -0.19993818, -0.37825237,
        0.39470021]) 

Generation: 462 
 - Generation Avg Fit: 0.5134555596229665 
 - Best Fitness: 34.8407203543787
 - Best Solution: array([-0.03652435,  0.43557232, -0.34378842,  0.33950269,  0.35941164,
       -0.12422433,  0.36262979, -0.18102567, -0.19470047,  0.29105356,
       -0.34310094, -0.18805526, -0.16267104,  0.473271  ,  0.22564147,
        0.0081811 ,  0.12932816, -0.45692438, -0.39604867, -0.11061318,
       -0.22657866,  0.35143755, -0.4962326 ,  0.24206744, -0.24773128,
       -0.1561457 ,  0.06308472, -0.06220185,  0.01363499, -0.00497033,
       -0.11777813, -0.15147358,  0.09323308, -0.19993818, -0.37825237,
        0.39470021]) 

Generation: 463 
 - Generation Avg Fit: 0.5134555596229665 
 - Best Fitness: 34.8407203543787
 - Best Solution: array([-0.03652435,  0.43557232, -0.34378842,  0.33950269,  0.35941164,
       -0.12422433,  0.36262979, -0.18102567, -0.19470047,  0.29105356,
       -0.34310094, -0.18805526, -0.16267104,  0.473271  ,  0.22564147,
        0.0081811 ,  0.12932816, -0.45692438, -0.39604867, -0.11061318,
       -0.22657866,  0.35143755, -0.4962326 ,  0.24206744, -0.24773128,
       -0.1561457 ,  0.06308472, -0.06220185,  0.01363499, -0.00497033,
       -0.11777813, -0.15147358,  0.09323308, -0.19993818, -0.37825237,
        0.39470021]) 

Generation: 464 
 - Generation Avg Fit: 0.5134555596229665 
 - Best Fitness: 34.8407203543787
 - Best Solution: array([-0.03652435,  0.43557232, -0.34378842,  0.33950269,  0.35941164,
       -0.12422433,  0.36262979, -0.18102567, -0.19470047,  0.29105356,
       -0.34310094, -0.18805526, -0.16267104,  0.473271  ,  0.22564147,
        0.0081811 ,  0.12932816, -0.45692438, -0.39604867, -0.11061318,
       -0.22657866,  0.35143755, -0.4962326 ,  0.24206744, -0.24773128,
       -0.1561457 ,  0.06308472, -0.06220185,  0.01363499, -0.00497033,
       -0.11777813, -0.15147358,  0.09323308, -0.19993818, -0.37825237,
        0.39470021]) 

Generation: 465 
 - Generation Avg Fit: 0.5134555596229665 
 - Best Fitness: 34.8407203543787
 - Best Solution: array([-0.03652435,  0.43557232, -0.34378842,  0.33950269,  0.35941164,
       -0.12422433,  0.36262979, -0.18102567, -0.19470047,  0.29105356,
       -0.34310094, -0.18805526, -0.16267104,  0.473271  ,  0.22564147,
        0.0081811 ,  0.12932816, -0.45692438, -0.39604867, -0.11061318,
       -0.22657866,  0.35143755, -0.4962326 ,  0.24206744, -0.24773128,
       -0.1561457 ,  0.06308472, -0.06220185,  0.01363499, -0.00497033,
       -0.11777813, -0.15147358,  0.09323308, -0.19993818, -0.37825237,
        0.39470021]) 

Generation: 466 
 - Generation Avg Fit: 0.5134555596229665 
 - Best Fitness: 34.8407203543787
 - Best Solution: array([-0.03652435,  0.43557232, -0.34378842,  0.33950269,  0.35941164,
       -0.12422433,  0.36262979, -0.18102567, -0.19470047,  0.29105356,
       -0.34310094, -0.18805526, -0.16267104,  0.473271  ,  0.22564147,
        0.0081811 ,  0.12932816, -0.45692438, -0.39604867, -0.11061318,
       -0.22657866,  0.35143755, -0.4962326 ,  0.24206744, -0.24773128,
       -0.1561457 ,  0.06308472, -0.06220185,  0.01363499, -0.00497033,
       -0.11777813, -0.15147358,  0.09323308, -0.19993818, -0.37825237,
        0.39470021]) 

Generation: 467 
 - Generation Avg Fit: 0.5134555596229665 
 - Best Fitness: 34.8407203543787
 - Best Solution: array([-0.03652435,  0.43557232, -0.34378842,  0.33950269,  0.35941164,
       -0.12422433,  0.36262979, -0.18102567, -0.19470047,  0.29105356,
       -0.34310094, -0.18805526, -0.16267104,  0.473271  ,  0.22564147,
        0.0081811 ,  0.12932816, -0.45692438, -0.39604867, -0.11061318,
       -0.22657866,  0.35143755, -0.4962326 ,  0.24206744, -0.24773128,
       -0.1561457 ,  0.06308472, -0.06220185,  0.01363499, -0.00497033,
       -0.11777813, -0.15147358,  0.09323308, -0.19993818, -0.37825237,
        0.39470021]) 

Generation: 468 
 - Generation Avg Fit: 0.5134555596229665 
 - Best Fitness: 34.8407203543787
 - Best Solution: array([-0.03652435,  0.43557232, -0.34378842,  0.33950269,  0.35941164,
       -0.12422433,  0.36262979, -0.18102567, -0.19470047,  0.29105356,
       -0.34310094, -0.18805526, -0.16267104,  0.473271  ,  0.22564147,
        0.0081811 ,  0.12932816, -0.45692438, -0.39604867, -0.11061318,
       -0.22657866,  0.35143755, -0.4962326 ,  0.24206744, -0.24773128,
       -0.1561457 ,  0.06308472, -0.06220185,  0.01363499, -0.00497033,
       -0.11777813, -0.15147358,  0.09323308, -0.19993818, -0.37825237,
        0.39470021]) 

Generation: 469 
 - Generation Avg Fit: 0.5134555596229665 
 - Best Fitness: 34.8407203543787
 - Best Solution: array([-0.03652435,  0.43557232, -0.34378842,  0.33950269,  0.35941164,
       -0.12422433,  0.36262979, -0.18102567, -0.19470047,  0.29105356,
       -0.34310094, -0.18805526, -0.16267104,  0.473271  ,  0.22564147,
        0.0081811 ,  0.12932816, -0.45692438, -0.39604867, -0.11061318,
       -0.22657866,  0.35143755, -0.4962326 ,  0.24206744, -0.24773128,
       -0.1561457 ,  0.06308472, -0.06220185,  0.01363499, -0.00497033,
       -0.11777813, -0.15147358,  0.09323308, -0.19993818, -0.37825237,
        0.39470021]) 

Generation: 470 
 - Generation Avg Fit: 0.5134555596229665 
 - Best Fitness: 34.8407203543787
 - Best Solution: array([-0.03652435,  0.43557232, -0.34378842,  0.33950269,  0.35941164,
       -0.12422433,  0.36262979, -0.18102567, -0.19470047,  0.29105356,
       -0.34310094, -0.18805526, -0.16267104,  0.473271  ,  0.22564147,
        0.0081811 ,  0.12932816, -0.45692438, -0.39604867, -0.11061318,
       -0.22657866,  0.35143755, -0.4962326 ,  0.24206744, -0.24773128,
       -0.1561457 ,  0.06308472, -0.06220185,  0.01363499, -0.00497033,
       -0.11777813, -0.15147358,  0.09323308, -0.19993818, -0.37825237,
        0.39470021]) 

Generation: 471 
 - Generation Avg Fit: 0.5134555596229665 
 - Best Fitness: 34.8407203543787
 - Best Solution: array([-0.03652435,  0.43557232, -0.34378842,  0.33950269,  0.35941164,
       -0.12422433,  0.36262979, -0.18102567, -0.19470047,  0.29105356,
       -0.34310094, -0.18805526, -0.16267104,  0.473271  ,  0.22564147,
        0.0081811 ,  0.12932816, -0.45692438, -0.39604867, -0.11061318,
       -0.22657866,  0.35143755, -0.4962326 ,  0.24206744, -0.24773128,
       -0.1561457 ,  0.06308472, -0.06220185,  0.01363499, -0.00497033,
       -0.11777813, -0.15147358,  0.09323308, -0.19993818, -0.37825237,
        0.39470021]) 

Generation: 472 
 - Generation Avg Fit: 0.5134555596229665 
 - Best Fitness: 34.8407203543787
 - Best Solution: array([-0.03652435,  0.43557232, -0.34378842,  0.33950269,  0.35941164,
       -0.12422433,  0.36262979, -0.18102567, -0.19470047,  0.29105356,
       -0.34310094, -0.18805526, -0.16267104,  0.473271  ,  0.22564147,
        0.0081811 ,  0.12932816, -0.45692438, -0.39604867, -0.11061318,
       -0.22657866,  0.35143755, -0.4962326 ,  0.24206744, -0.24773128,
       -0.1561457 ,  0.06308472, -0.06220185,  0.01363499, -0.00497033,
       -0.11777813, -0.15147358,  0.09323308, -0.19993818, -0.37825237,
        0.39470021]) 

Generation: 473 
 - Generation Avg Fit: 0.5134555596229665 
 - Best Fitness: 34.8407203543787
 - Best Solution: array([-0.03652435,  0.43557232, -0.34378842,  0.33950269,  0.35941164,
       -0.12422433,  0.36262979, -0.18102567, -0.19470047,  0.29105356,
       -0.34310094, -0.18805526, -0.16267104,  0.473271  ,  0.22564147,
        0.0081811 ,  0.12932816, -0.45692438, -0.39604867, -0.11061318,
       -0.22657866,  0.35143755, -0.4962326 ,  0.24206744, -0.24773128,
       -0.1561457 ,  0.06308472, -0.06220185,  0.01363499, -0.00497033,
       -0.11777813, -0.15147358,  0.09323308, -0.19993818, -0.37825237,
        0.39470021]) 

Generation: 474 
 - Generation Avg Fit: 0.5134555596229665 
 - Best Fitness: 34.8407203543787
 - Best Solution: array([-0.03652435,  0.43557232, -0.34378842,  0.33950269,  0.35941164,
       -0.12422433,  0.36262979, -0.18102567, -0.19470047,  0.29105356,
       -0.34310094, -0.18805526, -0.16267104,  0.473271  ,  0.22564147,
        0.0081811 ,  0.12932816, -0.45692438, -0.39604867, -0.11061318,
       -0.22657866,  0.35143755, -0.4962326 ,  0.24206744, -0.24773128,
       -0.1561457 ,  0.06308472, -0.06220185,  0.01363499, -0.00497033,
       -0.11777813, -0.15147358,  0.09323308, -0.19993818, -0.37825237,
        0.39470021]) 

Generation: 475 
 - Generation Avg Fit: 0.5134555596229665 
 - Best Fitness: 34.8407203543787
 - Best Solution: array([-0.03652435,  0.43557232, -0.34378842,  0.33950269,  0.35941164,
       -0.12422433,  0.36262979, -0.18102567, -0.19470047,  0.29105356,
       -0.34310094, -0.18805526, -0.16267104,  0.473271  ,  0.22564147,
        0.0081811 ,  0.12932816, -0.45692438, -0.39604867, -0.11061318,
       -0.22657866,  0.35143755, -0.4962326 ,  0.24206744, -0.24773128,
       -0.1561457 ,  0.06308472, -0.06220185,  0.01363499, -0.00497033,
       -0.11777813, -0.15147358,  0.09323308, -0.19993818, -0.37825237,
        0.39470021]) 

Generation: 476 
 - Generation Avg Fit: 0.5134555596229665 
 - Best Fitness: 34.8407203543787
 - Best Solution: array([-0.03652435,  0.43557232, -0.34378842,  0.33950269,  0.35941164,
       -0.12422433,  0.36262979, -0.18102567, -0.19470047,  0.29105356,
       -0.34310094, -0.18805526, -0.16267104,  0.473271  ,  0.22564147,
        0.0081811 ,  0.12932816, -0.45692438, -0.39604867, -0.11061318,
       -0.22657866,  0.35143755, -0.4962326 ,  0.24206744, -0.24773128,
       -0.1561457 ,  0.06308472, -0.06220185,  0.01363499, -0.00497033,
       -0.11777813, -0.15147358,  0.09323308, -0.19993818, -0.37825237,
        0.39470021]) 

Generation: 477 
 - Generation Avg Fit: 0.5134555596229665 
 - Best Fitness: 34.8407203543787
 - Best Solution: array([-0.03652435,  0.43557232, -0.34378842,  0.33950269,  0.35941164,
       -0.12422433,  0.36262979, -0.18102567, -0.19470047,  0.29105356,
       -0.34310094, -0.18805526, -0.16267104,  0.473271  ,  0.22564147,
        0.0081811 ,  0.12932816, -0.45692438, -0.39604867, -0.11061318,
       -0.22657866,  0.35143755, -0.4962326 ,  0.24206744, -0.24773128,
       -0.1561457 ,  0.06308472, -0.06220185,  0.01363499, -0.00497033,
       -0.11777813, -0.15147358,  0.09323308, -0.19993818, -0.37825237,
        0.39470021]) 

Generation: 478 
 - Generation Avg Fit: 0.5134555596229665 
 - Best Fitness: 34.8407203543787
 - Best Solution: array([-0.03652435,  0.43557232, -0.34378842,  0.33950269,  0.35941164,
       -0.12422433,  0.36262979, -0.18102567, -0.19470047,  0.29105356,
       -0.34310094, -0.18805526, -0.16267104,  0.473271  ,  0.22564147,
        0.0081811 ,  0.12932816, -0.45692438, -0.39604867, -0.11061318,
       -0.22657866,  0.35143755, -0.4962326 ,  0.24206744, -0.24773128,
       -0.1561457 ,  0.06308472, -0.06220185,  0.01363499, -0.00497033,
       -0.11777813, -0.15147358,  0.09323308, -0.19993818, -0.37825237,
        0.39470021]) 

Generation: 479 
 - Generation Avg Fit: 0.5134555596229665 
 - Best Fitness: 34.8407203543787
 - Best Solution: array([-0.03652435,  0.43557232, -0.34378842,  0.33950269,  0.35941164,
       -0.12422433,  0.36262979, -0.18102567, -0.19470047,  0.29105356,
       -0.34310094, -0.18805526, -0.16267104,  0.473271  ,  0.22564147,
        0.0081811 ,  0.12932816, -0.45692438, -0.39604867, -0.11061318,
       -0.22657866,  0.35143755, -0.4962326 ,  0.24206744, -0.24773128,
       -0.1561457 ,  0.06308472, -0.06220185,  0.01363499, -0.00497033,
       -0.11777813, -0.15147358,  0.09323308, -0.19993818, -0.37825237,
        0.39470021]) 

Generation: 480 
 - Generation Avg Fit: 0.5134555596229665 
 - Best Fitness: 34.8407203543787
 - Best Solution: array([-0.03652435,  0.43557232, -0.34378842,  0.33950269,  0.35941164,
       -0.12422433,  0.36262979, -0.18102567, -0.19470047,  0.29105356,
       -0.34310094, -0.18805526, -0.16267104,  0.473271  ,  0.22564147,
        0.0081811 ,  0.12932816, -0.45692438, -0.39604867, -0.11061318,
       -0.22657866,  0.35143755, -0.4962326 ,  0.24206744, -0.24773128,
       -0.1561457 ,  0.06308472, -0.06220185,  0.01363499, -0.00497033,
       -0.11777813, -0.15147358,  0.09323308, -0.19993818, -0.37825237,
        0.39470021]) 

Generation: 481 
 - Generation Avg Fit: 0.5134555596229665 
 - Best Fitness: 34.8407203543787
 - Best Solution: array([-0.03652435,  0.43557232, -0.34378842,  0.33950269,  0.35941164,
       -0.12422433,  0.36262979, -0.18102567, -0.19470047,  0.29105356,
       -0.34310094, -0.18805526, -0.16267104,  0.473271  ,  0.22564147,
        0.0081811 ,  0.12932816, -0.45692438, -0.39604867, -0.11061318,
       -0.22657866,  0.35143755, -0.4962326 ,  0.24206744, -0.24773128,
       -0.1561457 ,  0.06308472, -0.06220185,  0.01363499, -0.00497033,
       -0.11777813, -0.15147358,  0.09323308, -0.19993818, -0.37825237,
        0.39470021]) 

Generation: 482 
 - Generation Avg Fit: 0.5134555596229665 
 - Best Fitness: 34.8407203543787
 - Best Solution: array([-0.03652435,  0.43557232, -0.34378842,  0.33950269,  0.35941164,
       -0.12422433,  0.36262979, -0.18102567, -0.19470047,  0.29105356,
       -0.34310094, -0.18805526, -0.16267104,  0.473271  ,  0.22564147,
        0.0081811 ,  0.12932816, -0.45692438, -0.39604867, -0.11061318,
       -0.22657866,  0.35143755, -0.4962326 ,  0.24206744, -0.24773128,
       -0.1561457 ,  0.06308472, -0.06220185,  0.01363499, -0.00497033,
       -0.11777813, -0.15147358,  0.09323308, -0.19993818, -0.37825237,
        0.39470021]) 

Generation: 483 
 - Generation Avg Fit: 0.5134555596229665 
 - Best Fitness: 34.8407203543787
 - Best Solution: array([-0.03652435,  0.43557232, -0.34378842,  0.33950269,  0.35941164,
       -0.12422433,  0.36262979, -0.18102567, -0.19470047,  0.29105356,
       -0.34310094, -0.18805526, -0.16267104,  0.473271  ,  0.22564147,
        0.0081811 ,  0.12932816, -0.45692438, -0.39604867, -0.11061318,
       -0.22657866,  0.35143755, -0.4962326 ,  0.24206744, -0.24773128,
       -0.1561457 ,  0.06308472, -0.06220185,  0.01363499, -0.00497033,
       -0.11777813, -0.15147358,  0.09323308, -0.19993818, -0.37825237,
        0.39470021]) 

Generation: 484 
 - Generation Avg Fit: 0.5134555596229665 
 - Best Fitness: 34.8407203543787
 - Best Solution: array([-0.03652435,  0.43557232, -0.34378842,  0.33950269,  0.35941164,
       -0.12422433,  0.36262979, -0.18102567, -0.19470047,  0.29105356,
       -0.34310094, -0.18805526, -0.16267104,  0.473271  ,  0.22564147,
        0.0081811 ,  0.12932816, -0.45692438, -0.39604867, -0.11061318,
       -0.22657866,  0.35143755, -0.4962326 ,  0.24206744, -0.24773128,
       -0.1561457 ,  0.06308472, -0.06220185,  0.01363499, -0.00497033,
       -0.11777813, -0.15147358,  0.09323308, -0.19993818, -0.37825237,
        0.39470021]) 

Generation: 485 
 - Generation Avg Fit: 0.5134555596229665 
 - Best Fitness: 34.8407203543787
 - Best Solution: array([-0.03652435,  0.43557232, -0.34378842,  0.33950269,  0.35941164,
       -0.12422433,  0.36262979, -0.18102567, -0.19470047,  0.29105356,
       -0.34310094, -0.18805526, -0.16267104,  0.473271  ,  0.22564147,
        0.0081811 ,  0.12932816, -0.45692438, -0.39604867, -0.11061318,
       -0.22657866,  0.35143755, -0.4962326 ,  0.24206744, -0.24773128,
       -0.1561457 ,  0.06308472, -0.06220185,  0.01363499, -0.00497033,
       -0.11777813, -0.15147358,  0.09323308, -0.19993818, -0.37825237,
        0.39470021]) 

Generation: 486 
 - Generation Avg Fit: 0.5134555596229665 
 - Best Fitness: 34.8407203543787
 - Best Solution: array([-0.03652435,  0.43557232, -0.34378842,  0.33950269,  0.35941164,
       -0.12422433,  0.36262979, -0.18102567, -0.19470047,  0.29105356,
       -0.34310094, -0.18805526, -0.16267104,  0.473271  ,  0.22564147,
        0.0081811 ,  0.12932816, -0.45692438, -0.39604867, -0.11061318,
       -0.22657866,  0.35143755, -0.4962326 ,  0.24206744, -0.24773128,
       -0.1561457 ,  0.06308472, -0.06220185,  0.01363499, -0.00497033,
       -0.11777813, -0.15147358,  0.09323308, -0.19993818, -0.37825237,
        0.39470021]) 

Generation: 487 
 - Generation Avg Fit: 0.5134555596229665 
 - Best Fitness: 34.8407203543787
 - Best Solution: array([-0.03652435,  0.43557232, -0.34378842,  0.33950269,  0.35941164,
       -0.12422433,  0.36262979, -0.18102567, -0.19470047,  0.29105356,
       -0.34310094, -0.18805526, -0.16267104,  0.473271  ,  0.22564147,
        0.0081811 ,  0.12932816, -0.45692438, -0.39604867, -0.11061318,
       -0.22657866,  0.35143755, -0.4962326 ,  0.24206744, -0.24773128,
       -0.1561457 ,  0.06308472, -0.06220185,  0.01363499, -0.00497033,
       -0.11777813, -0.15147358,  0.09323308, -0.19993818, -0.37825237,
        0.39470021]) 

Generation: 488 
 - Generation Avg Fit: 0.5134555596229665 
 - Best Fitness: 34.8407203543787
 - Best Solution: array([-0.03652435,  0.43557232, -0.34378842,  0.33950269,  0.35941164,
       -0.12422433,  0.36262979, -0.18102567, -0.19470047,  0.29105356,
       -0.34310094, -0.18805526, -0.16267104,  0.473271  ,  0.22564147,
        0.0081811 ,  0.12932816, -0.45692438, -0.39604867, -0.11061318,
       -0.22657866,  0.35143755, -0.4962326 ,  0.24206744, -0.24773128,
       -0.1561457 ,  0.06308472, -0.06220185,  0.01363499, -0.00497033,
       -0.11777813, -0.15147358,  0.09323308, -0.19993818, -0.37825237,
        0.39470021]) 

Generation: 489 
 - Generation Avg Fit: 0.5134555596229665 
 - Best Fitness: 34.8407203543787
 - Best Solution: array([-0.03652435,  0.43557232, -0.34378842,  0.33950269,  0.35941164,
       -0.12422433,  0.36262979, -0.18102567, -0.19470047,  0.29105356,
       -0.34310094, -0.18805526, -0.16267104,  0.473271  ,  0.22564147,
        0.0081811 ,  0.12932816, -0.45692438, -0.39604867, -0.11061318,
       -0.22657866,  0.35143755, -0.4962326 ,  0.24206744, -0.24773128,
       -0.1561457 ,  0.06308472, -0.06220185,  0.01363499, -0.00497033,
       -0.11777813, -0.15147358,  0.09323308, -0.19993818, -0.37825237,
        0.39470021]) 

Generation: 490 
 - Generation Avg Fit: 0.5134555596229665 
 - Best Fitness: 34.8407203543787
 - Best Solution: array([-0.03652435,  0.43557232, -0.34378842,  0.33950269,  0.35941164,
       -0.12422433,  0.36262979, -0.18102567, -0.19470047,  0.29105356,
       -0.34310094, -0.18805526, -0.16267104,  0.473271  ,  0.22564147,
        0.0081811 ,  0.12932816, -0.45692438, -0.39604867, -0.11061318,
       -0.22657866,  0.35143755, -0.4962326 ,  0.24206744, -0.24773128,
       -0.1561457 ,  0.06308472, -0.06220185,  0.01363499, -0.00497033,
       -0.11777813, -0.15147358,  0.09323308, -0.19993818, -0.37825237,
        0.39470021]) 

Generation: 491 
 - Generation Avg Fit: 0.5134555596229665 
 - Best Fitness: 34.8407203543787
 - Best Solution: array([-0.03652435,  0.43557232, -0.34378842,  0.33950269,  0.35941164,
       -0.12422433,  0.36262979, -0.18102567, -0.19470047,  0.29105356,
       -0.34310094, -0.18805526, -0.16267104,  0.473271  ,  0.22564147,
        0.0081811 ,  0.12932816, -0.45692438, -0.39604867, -0.11061318,
       -0.22657866,  0.35143755, -0.4962326 ,  0.24206744, -0.24773128,
       -0.1561457 ,  0.06308472, -0.06220185,  0.01363499, -0.00497033,
       -0.11777813, -0.15147358,  0.09323308, -0.19993818, -0.37825237,
        0.39470021]) 

Generation: 492 
 - Generation Avg Fit: 0.5134555596229665 
 - Best Fitness: 34.8407203543787
 - Best Solution: array([-0.03652435,  0.43557232, -0.34378842,  0.33950269,  0.35941164,
       -0.12422433,  0.36262979, -0.18102567, -0.19470047,  0.29105356,
       -0.34310094, -0.18805526, -0.16267104,  0.473271  ,  0.22564147,
        0.0081811 ,  0.12932816, -0.45692438, -0.39604867, -0.11061318,
       -0.22657866,  0.35143755, -0.4962326 ,  0.24206744, -0.24773128,
       -0.1561457 ,  0.06308472, -0.06220185,  0.01363499, -0.00497033,
       -0.11777813, -0.15147358,  0.09323308, -0.19993818, -0.37825237,
        0.39470021]) 

Generation: 493 
 - Generation Avg Fit: 0.5134555596229665 
 - Best Fitness: 34.8407203543787
 - Best Solution: array([-0.03652435,  0.43557232, -0.34378842,  0.33950269,  0.35941164,
       -0.12422433,  0.36262979, -0.18102567, -0.19470047,  0.29105356,
       -0.34310094, -0.18805526, -0.16267104,  0.473271  ,  0.22564147,
        0.0081811 ,  0.12932816, -0.45692438, -0.39604867, -0.11061318,
       -0.22657866,  0.35143755, -0.4962326 ,  0.24206744, -0.24773128,
       -0.1561457 ,  0.06308472, -0.06220185,  0.01363499, -0.00497033,
       -0.11777813, -0.15147358,  0.09323308, -0.19993818, -0.37825237,
        0.39470021]) 

Generation: 494 
 - Generation Avg Fit: 0.5134555596229665 
 - Best Fitness: 34.8407203543787
 - Best Solution: array([-0.03652435,  0.43557232, -0.34378842,  0.33950269,  0.35941164,
       -0.12422433,  0.36262979, -0.18102567, -0.19470047,  0.29105356,
       -0.34310094, -0.18805526, -0.16267104,  0.473271  ,  0.22564147,
        0.0081811 ,  0.12932816, -0.45692438, -0.39604867, -0.11061318,
       -0.22657866,  0.35143755, -0.4962326 ,  0.24206744, -0.24773128,
       -0.1561457 ,  0.06308472, -0.06220185,  0.01363499, -0.00497033,
       -0.11777813, -0.15147358,  0.09323308, -0.19993818, -0.37825237,
        0.39470021]) 

Generation: 495 
 - Generation Avg Fit: 0.5134555596229665 
 - Best Fitness: 34.8407203543787
 - Best Solution: array([-0.03652435,  0.43557232, -0.34378842,  0.33950269,  0.35941164,
       -0.12422433,  0.36262979, -0.18102567, -0.19470047,  0.29105356,
       -0.34310094, -0.18805526, -0.16267104,  0.473271  ,  0.22564147,
        0.0081811 ,  0.12932816, -0.45692438, -0.39604867, -0.11061318,
       -0.22657866,  0.35143755, -0.4962326 ,  0.24206744, -0.24773128,
       -0.1561457 ,  0.06308472, -0.06220185,  0.01363499, -0.00497033,
       -0.11777813, -0.15147358,  0.09323308, -0.19993818, -0.37825237,
        0.39470021]) 

Generation: 496 
 - Generation Avg Fit: 0.5134555596229665 
 - Best Fitness: 34.8407203543787
 - Best Solution: array([-0.03652435,  0.43557232, -0.34378842,  0.33950269,  0.35941164,
       -0.12422433,  0.36262979, -0.18102567, -0.19470047,  0.29105356,
       -0.34310094, -0.18805526, -0.16267104,  0.473271  ,  0.22564147,
        0.0081811 ,  0.12932816, -0.45692438, -0.39604867, -0.11061318,
       -0.22657866,  0.35143755, -0.4962326 ,  0.24206744, -0.24773128,
       -0.1561457 ,  0.06308472, -0.06220185,  0.01363499, -0.00497033,
       -0.11777813, -0.15147358,  0.09323308, -0.19993818, -0.37825237,
        0.39470021]) 

Generation: 497 
 - Generation Avg Fit: 0.5134555596229665 
 - Best Fitness: 34.8407203543787
 - Best Solution: array([-0.03652435,  0.43557232, -0.34378842,  0.33950269,  0.35941164,
       -0.12422433,  0.36262979, -0.18102567, -0.19470047,  0.29105356,
       -0.34310094, -0.18805526, -0.16267104,  0.473271  ,  0.22564147,
        0.0081811 ,  0.12932816, -0.45692438, -0.39604867, -0.11061318,
       -0.22657866,  0.35143755, -0.4962326 ,  0.24206744, -0.24773128,
       -0.1561457 ,  0.06308472, -0.06220185,  0.01363499, -0.00497033,
       -0.11777813, -0.15147358,  0.09323308, -0.19993818, -0.37825237,
        0.39470021]) 

Generation: 498 
 - Generation Avg Fit: 0.5134555596229665 
 - Best Fitness: 34.8407203543787
 - Best Solution: array([-0.03652435,  0.43557232, -0.34378842,  0.33950269,  0.35941164,
       -0.12422433,  0.36262979, -0.18102567, -0.19470047,  0.29105356,
       -0.34310094, -0.18805526, -0.16267104,  0.473271  ,  0.22564147,
        0.0081811 ,  0.12932816, -0.45692438, -0.39604867, -0.11061318,
       -0.22657866,  0.35143755, -0.4962326 ,  0.24206744, -0.24773128,
       -0.1561457 ,  0.06308472, -0.06220185,  0.01363499, -0.00497033,
       -0.11777813, -0.15147358,  0.09323308, -0.19993818, -0.37825237,
        0.39470021]) 

Generation: 499 
 - Generation Avg Fit: 0.5134555596229665 
 - Best Fitness: 34.8407203543787
 - Best Solution: array([-0.03652435,  0.43557232, -0.34378842,  0.33950269,  0.35941164,
       -0.12422433,  0.36262979, -0.18102567, -0.19470047,  0.29105356,
       -0.34310094, -0.18805526, -0.16267104,  0.473271  ,  0.22564147,
        0.0081811 ,  0.12932816, -0.45692438, -0.39604867, -0.11061318,
       -0.22657866,  0.35143755, -0.4962326 ,  0.24206744, -0.24773128,
       -0.1561457 ,  0.06308472, -0.06220185,  0.01363499, -0.00497033,
       -0.11777813, -0.15147358,  0.09323308, -0.19993818, -0.37825237,
        0.39470021]) 

Generation: 500 
 - Generation Avg Fit: 0.5134555596229665 
 - Best Fitness: 34.8407203543787
 - Best Solution: array([-0.03652435,  0.43557232, -0.34378842,  0.33950269,  0.35941164,
       -0.12422433,  0.36262979, -0.18102567, -0.19470047,  0.29105356,
       -0.34310094, -0.18805526, -0.16267104,  0.473271  ,  0.22564147,
        0.0081811 ,  0.12932816, -0.45692438, -0.39604867, -0.11061318,
       -0.22657866,  0.35143755, -0.4962326 ,  0.24206744, -0.24773128,
       -0.1561457 ,  0.06308472, -0.06220185,  0.01363499, -0.00497033,
       -0.11777813, -0.15147358,  0.09323308, -0.19993818, -0.37825237,
        0.39470021]) 

Generation: 501 
 - Generation Avg Fit: 0.5134555596229665 
 - Best Fitness: 34.8407203543787
 - Best Solution: array([-0.03652435,  0.43557232, -0.34378842,  0.33950269,  0.35941164,
       -0.12422433,  0.36262979, -0.18102567, -0.19470047,  0.29105356,
       -0.34310094, -0.18805526, -0.16267104,  0.473271  ,  0.22564147,
        0.0081811 ,  0.12932816, -0.45692438, -0.39604867, -0.11061318,
       -0.22657866,  0.35143755, -0.4962326 ,  0.24206744, -0.24773128,
       -0.1561457 ,  0.06308472, -0.06220185,  0.01363499, -0.00497033,
       -0.11777813, -0.15147358,  0.09323308, -0.19993818, -0.37825237,
        0.39470021]) 

Generation: 502 
 - Generation Avg Fit: 0.5134555596229665 
 - Best Fitness: 34.8407203543787
 - Best Solution: array([-0.03652435,  0.43557232, -0.34378842,  0.33950269,  0.35941164,
       -0.12422433,  0.36262979, -0.18102567, -0.19470047,  0.29105356,
       -0.34310094, -0.18805526, -0.16267104,  0.473271  ,  0.22564147,
        0.0081811 ,  0.12932816, -0.45692438, -0.39604867, -0.11061318,
       -0.22657866,  0.35143755, -0.4962326 ,  0.24206744, -0.24773128,
       -0.1561457 ,  0.06308472, -0.06220185,  0.01363499, -0.00497033,
       -0.11777813, -0.15147358,  0.09323308, -0.19993818, -0.37825237,
        0.39470021]) 

Generation: 503 
 - Generation Avg Fit: 0.5134555596229665 
 - Best Fitness: 34.8407203543787
 - Best Solution: array([-0.03652435,  0.43557232, -0.34378842,  0.33950269,  0.35941164,
       -0.12422433,  0.36262979, -0.18102567, -0.19470047,  0.29105356,
       -0.34310094, -0.18805526, -0.16267104,  0.473271  ,  0.22564147,
        0.0081811 ,  0.12932816, -0.45692438, -0.39604867, -0.11061318,
       -0.22657866,  0.35143755, -0.4962326 ,  0.24206744, -0.24773128,
       -0.1561457 ,  0.06308472, -0.06220185,  0.01363499, -0.00497033,
       -0.11777813, -0.15147358,  0.09323308, -0.19993818, -0.37825237,
        0.39470021]) 

Generation: 504 
 - Generation Avg Fit: 0.5134555596229665 
 - Best Fitness: 34.8407203543787
 - Best Solution: array([-0.03652435,  0.43557232, -0.34378842,  0.33950269,  0.35941164,
       -0.12422433,  0.36262979, -0.18102567, -0.19470047,  0.29105356,
       -0.34310094, -0.18805526, -0.16267104,  0.473271  ,  0.22564147,
        0.0081811 ,  0.12932816, -0.45692438, -0.39604867, -0.11061318,
       -0.22657866,  0.35143755, -0.4962326 ,  0.24206744, -0.24773128,
       -0.1561457 ,  0.06308472, -0.06220185,  0.01363499, -0.00497033,
       -0.11777813, -0.15147358,  0.09323308, -0.19993818, -0.37825237,
        0.39470021]) 

Generation: 505 
 - Generation Avg Fit: 0.5134555596229665 
 - Best Fitness: 34.8407203543787
 - Best Solution: array([-0.03652435,  0.43557232, -0.34378842,  0.33950269,  0.35941164,
       -0.12422433,  0.36262979, -0.18102567, -0.19470047,  0.29105356,
       -0.34310094, -0.18805526, -0.16267104,  0.473271  ,  0.22564147,
        0.0081811 ,  0.12932816, -0.45692438, -0.39604867, -0.11061318,
       -0.22657866,  0.35143755, -0.4962326 ,  0.24206744, -0.24773128,
       -0.1561457 ,  0.06308472, -0.06220185,  0.01363499, -0.00497033,
       -0.11777813, -0.15147358,  0.09323308, -0.19993818, -0.37825237,
        0.39470021]) 

Generation: 506 
 - Generation Avg Fit: 0.5134555596229665 
 - Best Fitness: 34.8407203543787
 - Best Solution: array([-0.03652435,  0.43557232, -0.34378842,  0.33950269,  0.35941164,
       -0.12422433,  0.36262979, -0.18102567, -0.19470047,  0.29105356,
       -0.34310094, -0.18805526, -0.16267104,  0.473271  ,  0.22564147,
        0.0081811 ,  0.12932816, -0.45692438, -0.39604867, -0.11061318,
       -0.22657866,  0.35143755, -0.4962326 ,  0.24206744, -0.24773128,
       -0.1561457 ,  0.06308472, -0.06220185,  0.01363499, -0.00497033,
       -0.11777813, -0.15147358,  0.09323308, -0.19993818, -0.37825237,
        0.39470021]) 

Generation: 507 
 - Generation Avg Fit: 0.5134555596229665 
 - Best Fitness: 34.8407203543787
 - Best Solution: array([-0.03652435,  0.43557232, -0.34378842,  0.33950269,  0.35941164,
       -0.12422433,  0.36262979, -0.18102567, -0.19470047,  0.29105356,
       -0.34310094, -0.18805526, -0.16267104,  0.473271  ,  0.22564147,
        0.0081811 ,  0.12932816, -0.45692438, -0.39604867, -0.11061318,
       -0.22657866,  0.35143755, -0.4962326 ,  0.24206744, -0.24773128,
       -0.1561457 ,  0.06308472, -0.06220185,  0.01363499, -0.00497033,
       -0.11777813, -0.15147358,  0.09323308, -0.19993818, -0.37825237,
        0.39470021]) 

Generation: 508 
 - Generation Avg Fit: 0.5134555596229665 
 - Best Fitness: 34.8407203543787
 - Best Solution: array([-0.03652435,  0.43557232, -0.34378842,  0.33950269,  0.35941164,
       -0.12422433,  0.36262979, -0.18102567, -0.19470047,  0.29105356,
       -0.34310094, -0.18805526, -0.16267104,  0.473271  ,  0.22564147,
        0.0081811 ,  0.12932816, -0.45692438, -0.39604867, -0.11061318,
       -0.22657866,  0.35143755, -0.4962326 ,  0.24206744, -0.24773128,
       -0.1561457 ,  0.06308472, -0.06220185,  0.01363499, -0.00497033,
       -0.11777813, -0.15147358,  0.09323308, -0.19993818, -0.37825237,
        0.39470021]) 

Generation: 509 
 - Generation Avg Fit: 0.5134555596229665 
 - Best Fitness: 34.8407203543787
 - Best Solution: array([-0.03652435,  0.43557232, -0.34378842,  0.33950269,  0.35941164,
       -0.12422433,  0.36262979, -0.18102567, -0.19470047,  0.29105356,
       -0.34310094, -0.18805526, -0.16267104,  0.473271  ,  0.22564147,
        0.0081811 ,  0.12932816, -0.45692438, -0.39604867, -0.11061318,
       -0.22657866,  0.35143755, -0.4962326 ,  0.24206744, -0.24773128,
       -0.1561457 ,  0.06308472, -0.06220185,  0.01363499, -0.00497033,
       -0.11777813, -0.15147358,  0.09323308, -0.19993818, -0.37825237,
        0.39470021]) 

Generation: 510 
 - Generation Avg Fit: 0.5134555596229665 
 - Best Fitness: 34.8407203543787
 - Best Solution: array([-0.03652435,  0.43557232, -0.34378842,  0.33950269,  0.35941164,
       -0.12422433,  0.36262979, -0.18102567, -0.19470047,  0.29105356,
       -0.34310094, -0.18805526, -0.16267104,  0.473271  ,  0.22564147,
        0.0081811 ,  0.12932816, -0.45692438, -0.39604867, -0.11061318,
       -0.22657866,  0.35143755, -0.4962326 ,  0.24206744, -0.24773128,
       -0.1561457 ,  0.06308472, -0.06220185,  0.01363499, -0.00497033,
       -0.11777813, -0.15147358,  0.09323308, -0.19993818, -0.37825237,
        0.39470021]) 

Generation: 511 
 - Generation Avg Fit: 0.5134555596229665 
 - Best Fitness: 34.8407203543787
 - Best Solution: array([-0.03652435,  0.43557232, -0.34378842,  0.33950269,  0.35941164,
       -0.12422433,  0.36262979, -0.18102567, -0.19470047,  0.29105356,
       -0.34310094, -0.18805526, -0.16267104,  0.473271  ,  0.22564147,
        0.0081811 ,  0.12932816, -0.45692438, -0.39604867, -0.11061318,
       -0.22657866,  0.35143755, -0.4962326 ,  0.24206744, -0.24773128,
       -0.1561457 ,  0.06308472, -0.06220185,  0.01363499, -0.00497033,
       -0.11777813, -0.15147358,  0.09323308, -0.19993818, -0.37825237,
        0.39470021]) 

Generation: 512 
 - Generation Avg Fit: 0.5134555596229665 
 - Best Fitness: 34.8407203543787
 - Best Solution: array([-0.03652435,  0.43557232, -0.34378842,  0.33950269,  0.35941164,
       -0.12422433,  0.36262979, -0.18102567, -0.19470047,  0.29105356,
       -0.34310094, -0.18805526, -0.16267104,  0.473271  ,  0.22564147,
        0.0081811 ,  0.12932816, -0.45692438, -0.39604867, -0.11061318,
       -0.22657866,  0.35143755, -0.4962326 ,  0.24206744, -0.24773128,
       -0.1561457 ,  0.06308472, -0.06220185,  0.01363499, -0.00497033,
       -0.11777813, -0.15147358,  0.09323308, -0.19993818, -0.37825237,
        0.39470021]) 

Generation: 513 
 - Generation Avg Fit: 0.5134555596229665 
 - Best Fitness: 34.8407203543787
 - Best Solution: array([-0.03652435,  0.43557232, -0.34378842,  0.33950269,  0.35941164,
       -0.12422433,  0.36262979, -0.18102567, -0.19470047,  0.29105356,
       -0.34310094, -0.18805526, -0.16267104,  0.473271  ,  0.22564147,
        0.0081811 ,  0.12932816, -0.45692438, -0.39604867, -0.11061318,
       -0.22657866,  0.35143755, -0.4962326 ,  0.24206744, -0.24773128,
       -0.1561457 ,  0.06308472, -0.06220185,  0.01363499, -0.00497033,
       -0.11777813, -0.15147358,  0.09323308, -0.19993818, -0.37825237,
        0.39470021]) 

Generation: 514 
 - Generation Avg Fit: 0.5134555596229665 
 - Best Fitness: 34.8407203543787
 - Best Solution: array([-0.03652435,  0.43557232, -0.34378842,  0.33950269,  0.35941164,
       -0.12422433,  0.36262979, -0.18102567, -0.19470047,  0.29105356,
       -0.34310094, -0.18805526, -0.16267104,  0.473271  ,  0.22564147,
        0.0081811 ,  0.12932816, -0.45692438, -0.39604867, -0.11061318,
       -0.22657866,  0.35143755, -0.4962326 ,  0.24206744, -0.24773128,
       -0.1561457 ,  0.06308472, -0.06220185,  0.01363499, -0.00497033,
       -0.11777813, -0.15147358,  0.09323308, -0.19993818, -0.37825237,
        0.39470021]) 

Generation: 515 
 - Generation Avg Fit: 0.5134555596229665 
 - Best Fitness: 34.8407203543787
 - Best Solution: array([-0.03652435,  0.43557232, -0.34378842,  0.33950269,  0.35941164,
       -0.12422433,  0.36262979, -0.18102567, -0.19470047,  0.29105356,
       -0.34310094, -0.18805526, -0.16267104,  0.473271  ,  0.22564147,
        0.0081811 ,  0.12932816, -0.45692438, -0.39604867, -0.11061318,
       -0.22657866,  0.35143755, -0.4962326 ,  0.24206744, -0.24773128,
       -0.1561457 ,  0.06308472, -0.06220185,  0.01363499, -0.00497033,
       -0.11777813, -0.15147358,  0.09323308, -0.19993818, -0.37825237,
        0.39470021]) 

Generation: 516 
 - Generation Avg Fit: 0.5134555596229665 
 - Best Fitness: 34.8407203543787
 - Best Solution: array([-0.03652435,  0.43557232, -0.34378842,  0.33950269,  0.35941164,
       -0.12422433,  0.36262979, -0.18102567, -0.19470047,  0.29105356,
       -0.34310094, -0.18805526, -0.16267104,  0.473271  ,  0.22564147,
        0.0081811 ,  0.12932816, -0.45692438, -0.39604867, -0.11061318,
       -0.22657866,  0.35143755, -0.4962326 ,  0.24206744, -0.24773128,
       -0.1561457 ,  0.06308472, -0.06220185,  0.01363499, -0.00497033,
       -0.11777813, -0.15147358,  0.09323308, -0.19993818, -0.37825237,
        0.39470021]) 

Generation: 517 
 - Generation Avg Fit: 0.5134555596229665 
 - Best Fitness: 34.8407203543787
 - Best Solution: array([-0.03652435,  0.43557232, -0.34378842,  0.33950269,  0.35941164,
       -0.12422433,  0.36262979, -0.18102567, -0.19470047,  0.29105356,
       -0.34310094, -0.18805526, -0.16267104,  0.473271  ,  0.22564147,
        0.0081811 ,  0.12932816, -0.45692438, -0.39604867, -0.11061318,
       -0.22657866,  0.35143755, -0.4962326 ,  0.24206744, -0.24773128,
       -0.1561457 ,  0.06308472, -0.06220185,  0.01363499, -0.00497033,
       -0.11777813, -0.15147358,  0.09323308, -0.19993818, -0.37825237,
        0.39470021]) 

Generation: 518 
 - Generation Avg Fit: 0.5134555596229665 
 - Best Fitness: 34.8407203543787
 - Best Solution: array([-0.03652435,  0.43557232, -0.34378842,  0.33950269,  0.35941164,
       -0.12422433,  0.36262979, -0.18102567, -0.19470047,  0.29105356,
       -0.34310094, -0.18805526, -0.16267104,  0.473271  ,  0.22564147,
        0.0081811 ,  0.12932816, -0.45692438, -0.39604867, -0.11061318,
       -0.22657866,  0.35143755, -0.4962326 ,  0.24206744, -0.24773128,
       -0.1561457 ,  0.06308472, -0.06220185,  0.01363499, -0.00497033,
       -0.11777813, -0.15147358,  0.09323308, -0.19993818, -0.37825237,
        0.39470021]) 

Generation: 519 
 - Generation Avg Fit: 0.5134555596229665 
 - Best Fitness: 34.8407203543787
 - Best Solution: array([-0.03652435,  0.43557232, -0.34378842,  0.33950269,  0.35941164,
       -0.12422433,  0.36262979, -0.18102567, -0.19470047,  0.29105356,
       -0.34310094, -0.18805526, -0.16267104,  0.473271  ,  0.22564147,
        0.0081811 ,  0.12932816, -0.45692438, -0.39604867, -0.11061318,
       -0.22657866,  0.35143755, -0.4962326 ,  0.24206744, -0.24773128,
       -0.1561457 ,  0.06308472, -0.06220185,  0.01363499, -0.00497033,
       -0.11777813, -0.15147358,  0.09323308, -0.19993818, -0.37825237,
        0.39470021]) 

Generation: 520 
 - Generation Avg Fit: 0.5134555596229665 
 - Best Fitness: 34.8407203543787
 - Best Solution: array([-0.03652435,  0.43557232, -0.34378842,  0.33950269,  0.35941164,
       -0.12422433,  0.36262979, -0.18102567, -0.19470047,  0.29105356,
       -0.34310094, -0.18805526, -0.16267104,  0.473271  ,  0.22564147,
        0.0081811 ,  0.12932816, -0.45692438, -0.39604867, -0.11061318,
       -0.22657866,  0.35143755, -0.4962326 ,  0.24206744, -0.24773128,
       -0.1561457 ,  0.06308472, -0.06220185,  0.01363499, -0.00497033,
       -0.11777813, -0.15147358,  0.09323308, -0.19993818, -0.37825237,
        0.39470021]) 

Generation: 521 
 - Generation Avg Fit: 0.5134555596229665 
 - Best Fitness: 34.8407203543787
 - Best Solution: array([-0.03652435,  0.43557232, -0.34378842,  0.33950269,  0.35941164,
       -0.12422433,  0.36262979, -0.18102567, -0.19470047,  0.29105356,
       -0.34310094, -0.18805526, -0.16267104,  0.473271  ,  0.22564147,
        0.0081811 ,  0.12932816, -0.45692438, -0.39604867, -0.11061318,
       -0.22657866,  0.35143755, -0.4962326 ,  0.24206744, -0.24773128,
       -0.1561457 ,  0.06308472, -0.06220185,  0.01363499, -0.00497033,
       -0.11777813, -0.15147358,  0.09323308, -0.19993818, -0.37825237,
        0.39470021]) 

Generation: 522 
 - Generation Avg Fit: 0.5134555596229665 
 - Best Fitness: 34.8407203543787
 - Best Solution: array([-0.03652435,  0.43557232, -0.34378842,  0.33950269,  0.35941164,
       -0.12422433,  0.36262979, -0.18102567, -0.19470047,  0.29105356,
       -0.34310094, -0.18805526, -0.16267104,  0.473271  ,  0.22564147,
        0.0081811 ,  0.12932816, -0.45692438, -0.39604867, -0.11061318,
       -0.22657866,  0.35143755, -0.4962326 ,  0.24206744, -0.24773128,
       -0.1561457 ,  0.06308472, -0.06220185,  0.01363499, -0.00497033,
       -0.11777813, -0.15147358,  0.09323308, -0.19993818, -0.37825237,
        0.39470021]) 

Generation: 523 
 - Generation Avg Fit: 0.5134555596229665 
 - Best Fitness: 34.8407203543787
 - Best Solution: array([-0.03652435,  0.43557232, -0.34378842,  0.33950269,  0.35941164,
       -0.12422433,  0.36262979, -0.18102567, -0.19470047,  0.29105356,
       -0.34310094, -0.18805526, -0.16267104,  0.473271  ,  0.22564147,
        0.0081811 ,  0.12932816, -0.45692438, -0.39604867, -0.11061318,
       -0.22657866,  0.35143755, -0.4962326 ,  0.24206744, -0.24773128,
       -0.1561457 ,  0.06308472, -0.06220185,  0.01363499, -0.00497033,
       -0.11777813, -0.15147358,  0.09323308, -0.19993818, -0.37825237,
        0.39470021]) 

Generation: 524 
 - Generation Avg Fit: 0.5134555596229665 
 - Best Fitness: 34.8407203543787
 - Best Solution: array([-0.03652435,  0.43557232, -0.34378842,  0.33950269,  0.35941164,
       -0.12422433,  0.36262979, -0.18102567, -0.19470047,  0.29105356,
       -0.34310094, -0.18805526, -0.16267104,  0.473271  ,  0.22564147,
        0.0081811 ,  0.12932816, -0.45692438, -0.39604867, -0.11061318,
       -0.22657866,  0.35143755, -0.4962326 ,  0.24206744, -0.24773128,
       -0.1561457 ,  0.06308472, -0.06220185,  0.01363499, -0.00497033,
       -0.11777813, -0.15147358,  0.09323308, -0.19993818, -0.37825237,
        0.39470021]) 

Generation: 525 
 - Generation Avg Fit: 0.5134555596229665 
 - Best Fitness: 34.8407203543787
 - Best Solution: array([-0.03652435,  0.43557232, -0.34378842,  0.33950269,  0.35941164,
       -0.12422433,  0.36262979, -0.18102567, -0.19470047,  0.29105356,
       -0.34310094, -0.18805526, -0.16267104,  0.473271  ,  0.22564147,
        0.0081811 ,  0.12932816, -0.45692438, -0.39604867, -0.11061318,
       -0.22657866,  0.35143755, -0.4962326 ,  0.24206744, -0.24773128,
       -0.1561457 ,  0.06308472, -0.06220185,  0.01363499, -0.00497033,
       -0.11777813, -0.15147358,  0.09323308, -0.19993818, -0.37825237,
        0.39470021]) 

Generation: 526 
 - Generation Avg Fit: 0.5134555596229665 
 - Best Fitness: 34.8407203543787
 - Best Solution: array([-0.03652435,  0.43557232, -0.34378842,  0.33950269,  0.35941164,
       -0.12422433,  0.36262979, -0.18102567, -0.19470047,  0.29105356,
       -0.34310094, -0.18805526, -0.16267104,  0.473271  ,  0.22564147,
        0.0081811 ,  0.12932816, -0.45692438, -0.39604867, -0.11061318,
       -0.22657866,  0.35143755, -0.4962326 ,  0.24206744, -0.24773128,
       -0.1561457 ,  0.06308472, -0.06220185,  0.01363499, -0.00497033,
       -0.11777813, -0.15147358,  0.09323308, -0.19993818, -0.37825237,
        0.39470021]) 

Generation: 527 
 - Generation Avg Fit: 0.5134555596229665 
 - Best Fitness: 34.8407203543787
 - Best Solution: array([-0.03652435,  0.43557232, -0.34378842,  0.33950269,  0.35941164,
       -0.12422433,  0.36262979, -0.18102567, -0.19470047,  0.29105356,
       -0.34310094, -0.18805526, -0.16267104,  0.473271  ,  0.22564147,
        0.0081811 ,  0.12932816, -0.45692438, -0.39604867, -0.11061318,
       -0.22657866,  0.35143755, -0.4962326 ,  0.24206744, -0.24773128,
       -0.1561457 ,  0.06308472, -0.06220185,  0.01363499, -0.00497033,
       -0.11777813, -0.15147358,  0.09323308, -0.19993818, -0.37825237,
        0.39470021]) 

Generation: 528 
 - Generation Avg Fit: 0.5134555596229665 
 - Best Fitness: 34.8407203543787
 - Best Solution: array([-0.03652435,  0.43557232, -0.34378842,  0.33950269,  0.35941164,
       -0.12422433,  0.36262979, -0.18102567, -0.19470047,  0.29105356,
       -0.34310094, -0.18805526, -0.16267104,  0.473271  ,  0.22564147,
        0.0081811 ,  0.12932816, -0.45692438, -0.39604867, -0.11061318,
       -0.22657866,  0.35143755, -0.4962326 ,  0.24206744, -0.24773128,
       -0.1561457 ,  0.06308472, -0.06220185,  0.01363499, -0.00497033,
       -0.11777813, -0.15147358,  0.09323308, -0.19993818, -0.37825237,
        0.39470021]) 

Generation: 529 
 - Generation Avg Fit: 0.5134555596229665 
 - Best Fitness: 34.8407203543787
 - Best Solution: array([-0.03652435,  0.43557232, -0.34378842,  0.33950269,  0.35941164,
       -0.12422433,  0.36262979, -0.18102567, -0.19470047,  0.29105356,
       -0.34310094, -0.18805526, -0.16267104,  0.473271  ,  0.22564147,
        0.0081811 ,  0.12932816, -0.45692438, -0.39604867, -0.11061318,
       -0.22657866,  0.35143755, -0.4962326 ,  0.24206744, -0.24773128,
       -0.1561457 ,  0.06308472, -0.06220185,  0.01363499, -0.00497033,
       -0.11777813, -0.15147358,  0.09323308, -0.19993818, -0.37825237,
        0.39470021]) 

Generation: 530 
 - Generation Avg Fit: 0.5134555596229665 
 - Best Fitness: 34.8407203543787
 - Best Solution: array([-0.03652435,  0.43557232, -0.34378842,  0.33950269,  0.35941164,
       -0.12422433,  0.36262979, -0.18102567, -0.19470047,  0.29105356,
       -0.34310094, -0.18805526, -0.16267104,  0.473271  ,  0.22564147,
        0.0081811 ,  0.12932816, -0.45692438, -0.39604867, -0.11061318,
       -0.22657866,  0.35143755, -0.4962326 ,  0.24206744, -0.24773128,
       -0.1561457 ,  0.06308472, -0.06220185,  0.01363499, -0.00497033,
       -0.11777813, -0.15147358,  0.09323308, -0.19993818, -0.37825237,
        0.39470021]) 

Generation: 531 
 - Generation Avg Fit: 0.5134555596229665 
 - Best Fitness: 34.8407203543787
 - Best Solution: array([-0.03652435,  0.43557232, -0.34378842,  0.33950269,  0.35941164,
       -0.12422433,  0.36262979, -0.18102567, -0.19470047,  0.29105356,
       -0.34310094, -0.18805526, -0.16267104,  0.473271  ,  0.22564147,
        0.0081811 ,  0.12932816, -0.45692438, -0.39604867, -0.11061318,
       -0.22657866,  0.35143755, -0.4962326 ,  0.24206744, -0.24773128,
       -0.1561457 ,  0.06308472, -0.06220185,  0.01363499, -0.00497033,
       -0.11777813, -0.15147358,  0.09323308, -0.19993818, -0.37825237,
        0.39470021]) 

Generation: 532 
 - Generation Avg Fit: 0.5134555596229665 
 - Best Fitness: 34.8407203543787
 - Best Solution: array([-0.03652435,  0.43557232, -0.34378842,  0.33950269,  0.35941164,
       -0.12422433,  0.36262979, -0.18102567, -0.19470047,  0.29105356,
       -0.34310094, -0.18805526, -0.16267104,  0.473271  ,  0.22564147,
        0.0081811 ,  0.12932816, -0.45692438, -0.39604867, -0.11061318,
       -0.22657866,  0.35143755, -0.4962326 ,  0.24206744, -0.24773128,
       -0.1561457 ,  0.06308472, -0.06220185,  0.01363499, -0.00497033,
       -0.11777813, -0.15147358,  0.09323308, -0.19993818, -0.37825237,
        0.39470021]) 

Generation: 533 
 - Generation Avg Fit: 0.5134555596229665 
 - Best Fitness: 34.8407203543787
 - Best Solution: array([-0.03652435,  0.43557232, -0.34378842,  0.33950269,  0.35941164,
       -0.12422433,  0.36262979, -0.18102567, -0.19470047,  0.29105356,
       -0.34310094, -0.18805526, -0.16267104,  0.473271  ,  0.22564147,
        0.0081811 ,  0.12932816, -0.45692438, -0.39604867, -0.11061318,
       -0.22657866,  0.35143755, -0.4962326 ,  0.24206744, -0.24773128,
       -0.1561457 ,  0.06308472, -0.06220185,  0.01363499, -0.00497033,
       -0.11777813, -0.15147358,  0.09323308, -0.19993818, -0.37825237,
        0.39470021]) 

Generation: 534 
 - Generation Avg Fit: 0.5134555596229665 
 - Best Fitness: 34.8407203543787
 - Best Solution: array([-0.03652435,  0.43557232, -0.34378842,  0.33950269,  0.35941164,
       -0.12422433,  0.36262979, -0.18102567, -0.19470047,  0.29105356,
       -0.34310094, -0.18805526, -0.16267104,  0.473271  ,  0.22564147,
        0.0081811 ,  0.12932816, -0.45692438, -0.39604867, -0.11061318,
       -0.22657866,  0.35143755, -0.4962326 ,  0.24206744, -0.24773128,
       -0.1561457 ,  0.06308472, -0.06220185,  0.01363499, -0.00497033,
       -0.11777813, -0.15147358,  0.09323308, -0.19993818, -0.37825237,
        0.39470021]) 

Generation: 535 
 - Generation Avg Fit: 0.5134555596229665 
 - Best Fitness: 34.8407203543787
 - Best Solution: array([-0.03652435,  0.43557232, -0.34378842,  0.33950269,  0.35941164,
       -0.12422433,  0.36262979, -0.18102567, -0.19470047,  0.29105356,
       -0.34310094, -0.18805526, -0.16267104,  0.473271  ,  0.22564147,
        0.0081811 ,  0.12932816, -0.45692438, -0.39604867, -0.11061318,
       -0.22657866,  0.35143755, -0.4962326 ,  0.24206744, -0.24773128,
       -0.1561457 ,  0.06308472, -0.06220185,  0.01363499, -0.00497033,
       -0.11777813, -0.15147358,  0.09323308, -0.19993818, -0.37825237,
        0.39470021]) 

Generation: 536 
 - Generation Avg Fit: 0.5134555596229665 
 - Best Fitness: 34.8407203543787
 - Best Solution: array([-0.03652435,  0.43557232, -0.34378842,  0.33950269,  0.35941164,
       -0.12422433,  0.36262979, -0.18102567, -0.19470047,  0.29105356,
       -0.34310094, -0.18805526, -0.16267104,  0.473271  ,  0.22564147,
        0.0081811 ,  0.12932816, -0.45692438, -0.39604867, -0.11061318,
       -0.22657866,  0.35143755, -0.4962326 ,  0.24206744, -0.24773128,
       -0.1561457 ,  0.06308472, -0.06220185,  0.01363499, -0.00497033,
       -0.11777813, -0.15147358,  0.09323308, -0.19993818, -0.37825237,
        0.39470021]) 

Generation: 537 
 - Generation Avg Fit: 0.5134555596229665 
 - Best Fitness: 34.8407203543787
 - Best Solution: array([-0.03652435,  0.43557232, -0.34378842,  0.33950269,  0.35941164,
       -0.12422433,  0.36262979, -0.18102567, -0.19470047,  0.29105356,
       -0.34310094, -0.18805526, -0.16267104,  0.473271  ,  0.22564147,
        0.0081811 ,  0.12932816, -0.45692438, -0.39604867, -0.11061318,
       -0.22657866,  0.35143755, -0.4962326 ,  0.24206744, -0.24773128,
       -0.1561457 ,  0.06308472, -0.06220185,  0.01363499, -0.00497033,
       -0.11777813, -0.15147358,  0.09323308, -0.19993818, -0.37825237,
        0.39470021]) 

Generation: 538 
 - Generation Avg Fit: 0.5134555596229665 
 - Best Fitness: 34.8407203543787
 - Best Solution: array([-0.03652435,  0.43557232, -0.34378842,  0.33950269,  0.35941164,
       -0.12422433,  0.36262979, -0.18102567, -0.19470047,  0.29105356,
       -0.34310094, -0.18805526, -0.16267104,  0.473271  ,  0.22564147,
        0.0081811 ,  0.12932816, -0.45692438, -0.39604867, -0.11061318,
       -0.22657866,  0.35143755, -0.4962326 ,  0.24206744, -0.24773128,
       -0.1561457 ,  0.06308472, -0.06220185,  0.01363499, -0.00497033,
       -0.11777813, -0.15147358,  0.09323308, -0.19993818, -0.37825237,
        0.39470021]) 

Generation: 539 
 - Generation Avg Fit: 0.5134555596229665 
 - Best Fitness: 34.8407203543787
 - Best Solution: array([-0.03652435,  0.43557232, -0.34378842,  0.33950269,  0.35941164,
       -0.12422433,  0.36262979, -0.18102567, -0.19470047,  0.29105356,
       -0.34310094, -0.18805526, -0.16267104,  0.473271  ,  0.22564147,
        0.0081811 ,  0.12932816, -0.45692438, -0.39604867, -0.11061318,
       -0.22657866,  0.35143755, -0.4962326 ,  0.24206744, -0.24773128,
       -0.1561457 ,  0.06308472, -0.06220185,  0.01363499, -0.00497033,
       -0.11777813, -0.15147358,  0.09323308, -0.19993818, -0.37825237,
        0.39470021]) 

Generation: 540 
 - Generation Avg Fit: 0.5134555596229665 
 - Best Fitness: 34.8407203543787
 - Best Solution: array([-0.03652435,  0.43557232, -0.34378842,  0.33950269,  0.35941164,
       -0.12422433,  0.36262979, -0.18102567, -0.19470047,  0.29105356,
       -0.34310094, -0.18805526, -0.16267104,  0.473271  ,  0.22564147,
        0.0081811 ,  0.12932816, -0.45692438, -0.39604867, -0.11061318,
       -0.22657866,  0.35143755, -0.4962326 ,  0.24206744, -0.24773128,
       -0.1561457 ,  0.06308472, -0.06220185,  0.01363499, -0.00497033,
       -0.11777813, -0.15147358,  0.09323308, -0.19993818, -0.37825237,
        0.39470021]) 

Generation: 541 
 - Generation Avg Fit: 0.5134555596229665 
 - Best Fitness: 34.8407203543787
 - Best Solution: array([-0.03652435,  0.43557232, -0.34378842,  0.33950269,  0.35941164,
       -0.12422433,  0.36262979, -0.18102567, -0.19470047,  0.29105356,
       -0.34310094, -0.18805526, -0.16267104,  0.473271  ,  0.22564147,
        0.0081811 ,  0.12932816, -0.45692438, -0.39604867, -0.11061318,
       -0.22657866,  0.35143755, -0.4962326 ,  0.24206744, -0.24773128,
       -0.1561457 ,  0.06308472, -0.06220185,  0.01363499, -0.00497033,
       -0.11777813, -0.15147358,  0.09323308, -0.19993818, -0.37825237,
        0.39470021]) 

Generation: 542 
 - Generation Avg Fit: 0.5134555596229665 
 - Best Fitness: 34.8407203543787
 - Best Solution: array([-0.03652435,  0.43557232, -0.34378842,  0.33950269,  0.35941164,
       -0.12422433,  0.36262979, -0.18102567, -0.19470047,  0.29105356,
       -0.34310094, -0.18805526, -0.16267104,  0.473271  ,  0.22564147,
        0.0081811 ,  0.12932816, -0.45692438, -0.39604867, -0.11061318,
       -0.22657866,  0.35143755, -0.4962326 ,  0.24206744, -0.24773128,
       -0.1561457 ,  0.06308472, -0.06220185,  0.01363499, -0.00497033,
       -0.11777813, -0.15147358,  0.09323308, -0.19993818, -0.37825237,
        0.39470021]) 

Generation: 543 
 - Generation Avg Fit: 0.5134555596229665 
 - Best Fitness: 34.8407203543787
 - Best Solution: array([-0.03652435,  0.43557232, -0.34378842,  0.33950269,  0.35941164,
       -0.12422433,  0.36262979, -0.18102567, -0.19470047,  0.29105356,
       -0.34310094, -0.18805526, -0.16267104,  0.473271  ,  0.22564147,
        0.0081811 ,  0.12932816, -0.45692438, -0.39604867, -0.11061318,
       -0.22657866,  0.35143755, -0.4962326 ,  0.24206744, -0.24773128,
       -0.1561457 ,  0.06308472, -0.06220185,  0.01363499, -0.00497033,
       -0.11777813, -0.15147358,  0.09323308, -0.19993818, -0.37825237,
        0.39470021]) 

Generation: 544 
 - Generation Avg Fit: 0.5134555596229665 
 - Best Fitness: 34.8407203543787
 - Best Solution: array([-0.03652435,  0.43557232, -0.34378842,  0.33950269,  0.35941164,
       -0.12422433,  0.36262979, -0.18102567, -0.19470047,  0.29105356,
       -0.34310094, -0.18805526, -0.16267104,  0.473271  ,  0.22564147,
        0.0081811 ,  0.12932816, -0.45692438, -0.39604867, -0.11061318,
       -0.22657866,  0.35143755, -0.4962326 ,  0.24206744, -0.24773128,
       -0.1561457 ,  0.06308472, -0.06220185,  0.01363499, -0.00497033,
       -0.11777813, -0.15147358,  0.09323308, -0.19993818, -0.37825237,
        0.39470021]) 

Generation: 545 
 - Generation Avg Fit: 0.5134555596229665 
 - Best Fitness: 34.8407203543787
 - Best Solution: array([-0.03652435,  0.43557232, -0.34378842,  0.33950269,  0.35941164,
       -0.12422433,  0.36262979, -0.18102567, -0.19470047,  0.29105356,
       -0.34310094, -0.18805526, -0.16267104,  0.473271  ,  0.22564147,
        0.0081811 ,  0.12932816, -0.45692438, -0.39604867, -0.11061318,
       -0.22657866,  0.35143755, -0.4962326 ,  0.24206744, -0.24773128,
       -0.1561457 ,  0.06308472, -0.06220185,  0.01363499, -0.00497033,
       -0.11777813, -0.15147358,  0.09323308, -0.19993818, -0.37825237,
        0.39470021]) 

Generation: 546 
 - Generation Avg Fit: 0.5134555596229665 
 - Best Fitness: 34.8407203543787
 - Best Solution: array([-0.03652435,  0.43557232, -0.34378842,  0.33950269,  0.35941164,
       -0.12422433,  0.36262979, -0.18102567, -0.19470047,  0.29105356,
       -0.34310094, -0.18805526, -0.16267104,  0.473271  ,  0.22564147,
        0.0081811 ,  0.12932816, -0.45692438, -0.39604867, -0.11061318,
       -0.22657866,  0.35143755, -0.4962326 ,  0.24206744, -0.24773128,
       -0.1561457 ,  0.06308472, -0.06220185,  0.01363499, -0.00497033,
       -0.11777813, -0.15147358,  0.09323308, -0.19993818, -0.37825237,
        0.39470021]) 

Generation: 547 
 - Generation Avg Fit: 0.5134555596229665 
 - Best Fitness: 34.8407203543787
 - Best Solution: array([-0.03652435,  0.43557232, -0.34378842,  0.33950269,  0.35941164,
       -0.12422433,  0.36262979, -0.18102567, -0.19470047,  0.29105356,
       -0.34310094, -0.18805526, -0.16267104,  0.473271  ,  0.22564147,
        0.0081811 ,  0.12932816, -0.45692438, -0.39604867, -0.11061318,
       -0.22657866,  0.35143755, -0.4962326 ,  0.24206744, -0.24773128,
       -0.1561457 ,  0.06308472, -0.06220185,  0.01363499, -0.00497033,
       -0.11777813, -0.15147358,  0.09323308, -0.19993818, -0.37825237,
        0.39470021]) 

Generation: 548 
 - Generation Avg Fit: 0.5134555596229665 
 - Best Fitness: 34.8407203543787
 - Best Solution: array([-0.03652435,  0.43557232, -0.34378842,  0.33950269,  0.35941164,
       -0.12422433,  0.36262979, -0.18102567, -0.19470047,  0.29105356,
       -0.34310094, -0.18805526, -0.16267104,  0.473271  ,  0.22564147,
        0.0081811 ,  0.12932816, -0.45692438, -0.39604867, -0.11061318,
       -0.22657866,  0.35143755, -0.4962326 ,  0.24206744, -0.24773128,
       -0.1561457 ,  0.06308472, -0.06220185,  0.01363499, -0.00497033,
       -0.11777813, -0.15147358,  0.09323308, -0.19993818, -0.37825237,
        0.39470021]) 

Generation: 549 
 - Generation Avg Fit: 0.5134555596229665 
 - Best Fitness: 34.8407203543787
 - Best Solution: array([-0.03652435,  0.43557232, -0.34378842,  0.33950269,  0.35941164,
       -0.12422433,  0.36262979, -0.18102567, -0.19470047,  0.29105356,
       -0.34310094, -0.18805526, -0.16267104,  0.473271  ,  0.22564147,
        0.0081811 ,  0.12932816, -0.45692438, -0.39604867, -0.11061318,
       -0.22657866,  0.35143755, -0.4962326 ,  0.24206744, -0.24773128,
       -0.1561457 ,  0.06308472, -0.06220185,  0.01363499, -0.00497033,
       -0.11777813, -0.15147358,  0.09323308, -0.19993818, -0.37825237,
        0.39470021]) 

Generation: 550 
 - Generation Avg Fit: 0.5134555596229665 
 - Best Fitness: 34.8407203543787
 - Best Solution: array([-0.03652435,  0.43557232, -0.34378842,  0.33950269,  0.35941164,
       -0.12422433,  0.36262979, -0.18102567, -0.19470047,  0.29105356,
       -0.34310094, -0.18805526, -0.16267104,  0.473271  ,  0.22564147,
        0.0081811 ,  0.12932816, -0.45692438, -0.39604867, -0.11061318,
       -0.22657866,  0.35143755, -0.4962326 ,  0.24206744, -0.24773128,
       -0.1561457 ,  0.06308472, -0.06220185,  0.01363499, -0.00497033,
       -0.11777813, -0.15147358,  0.09323308, -0.19993818, -0.37825237,
        0.39470021]) 

Generation: 551 
 - Generation Avg Fit: 0.5134555596229665 
 - Best Fitness: 34.8407203543787
 - Best Solution: array([-0.03652435,  0.43557232, -0.34378842,  0.33950269,  0.35941164,
       -0.12422433,  0.36262979, -0.18102567, -0.19470047,  0.29105356,
       -0.34310094, -0.18805526, -0.16267104,  0.473271  ,  0.22564147,
        0.0081811 ,  0.12932816, -0.45692438, -0.39604867, -0.11061318,
       -0.22657866,  0.35143755, -0.4962326 ,  0.24206744, -0.24773128,
       -0.1561457 ,  0.06308472, -0.06220185,  0.01363499, -0.00497033,
       -0.11777813, -0.15147358,  0.09323308, -0.19993818, -0.37825237,
        0.39470021]) 

Generation: 552 
 - Generation Avg Fit: 0.5134555596229665 
 - Best Fitness: 34.8407203543787
 - Best Solution: array([-0.03652435,  0.43557232, -0.34378842,  0.33950269,  0.35941164,
       -0.12422433,  0.36262979, -0.18102567, -0.19470047,  0.29105356,
       -0.34310094, -0.18805526, -0.16267104,  0.473271  ,  0.22564147,
        0.0081811 ,  0.12932816, -0.45692438, -0.39604867, -0.11061318,
       -0.22657866,  0.35143755, -0.4962326 ,  0.24206744, -0.24773128,
       -0.1561457 ,  0.06308472, -0.06220185,  0.01363499, -0.00497033,
       -0.11777813, -0.15147358,  0.09323308, -0.19993818, -0.37825237,
        0.39470021]) 

Generation: 553 
 - Generation Avg Fit: 0.5134555596229665 
 - Best Fitness: 34.8407203543787
 - Best Solution: array([-0.03652435,  0.43557232, -0.34378842,  0.33950269,  0.35941164,
       -0.12422433,  0.36262979, -0.18102567, -0.19470047,  0.29105356,
       -0.34310094, -0.18805526, -0.16267104,  0.473271  ,  0.22564147,
        0.0081811 ,  0.12932816, -0.45692438, -0.39604867, -0.11061318,
       -0.22657866,  0.35143755, -0.4962326 ,  0.24206744, -0.24773128,
       -0.1561457 ,  0.06308472, -0.06220185,  0.01363499, -0.00497033,
       -0.11777813, -0.15147358,  0.09323308, -0.19993818, -0.37825237,
        0.39470021]) 

Generation: 554 
 - Generation Avg Fit: 0.5134555596229665 
 - Best Fitness: 34.8407203543787
 - Best Solution: array([-0.03652435,  0.43557232, -0.34378842,  0.33950269,  0.35941164,
       -0.12422433,  0.36262979, -0.18102567, -0.19470047,  0.29105356,
       -0.34310094, -0.18805526, -0.16267104,  0.473271  ,  0.22564147,
        0.0081811 ,  0.12932816, -0.45692438, -0.39604867, -0.11061318,
       -0.22657866,  0.35143755, -0.4962326 ,  0.24206744, -0.24773128,
       -0.1561457 ,  0.06308472, -0.06220185,  0.01363499, -0.00497033,
       -0.11777813, -0.15147358,  0.09323308, -0.19993818, -0.37825237,
        0.39470021]) 

Generation: 555 
 - Generation Avg Fit: 0.5134555596229665 
 - Best Fitness: 34.8407203543787
 - Best Solution: array([-0.03652435,  0.43557232, -0.34378842,  0.33950269,  0.35941164,
       -0.12422433,  0.36262979, -0.18102567, -0.19470047,  0.29105356,
       -0.34310094, -0.18805526, -0.16267104,  0.473271  ,  0.22564147,
        0.0081811 ,  0.12932816, -0.45692438, -0.39604867, -0.11061318,
       -0.22657866,  0.35143755, -0.4962326 ,  0.24206744, -0.24773128,
       -0.1561457 ,  0.06308472, -0.06220185,  0.01363499, -0.00497033,
       -0.11777813, -0.15147358,  0.09323308, -0.19993818, -0.37825237,
        0.39470021]) 

Generation: 556 
 - Generation Avg Fit: 0.5134555596229665 
 - Best Fitness: 34.8407203543787
 - Best Solution: array([-0.03652435,  0.43557232, -0.34378842,  0.33950269,  0.35941164,
       -0.12422433,  0.36262979, -0.18102567, -0.19470047,  0.29105356,
       -0.34310094, -0.18805526, -0.16267104,  0.473271  ,  0.22564147,
        0.0081811 ,  0.12932816, -0.45692438, -0.39604867, -0.11061318,
       -0.22657866,  0.35143755, -0.4962326 ,  0.24206744, -0.24773128,
       -0.1561457 ,  0.06308472, -0.06220185,  0.01363499, -0.00497033,
       -0.11777813, -0.15147358,  0.09323308, -0.19993818, -0.37825237,
        0.39470021]) 

Generation: 557 
 - Generation Avg Fit: 0.5134555596229665 
 - Best Fitness: 34.8407203543787
 - Best Solution: array([-0.03652435,  0.43557232, -0.34378842,  0.33950269,  0.35941164,
       -0.12422433,  0.36262979, -0.18102567, -0.19470047,  0.29105356,
       -0.34310094, -0.18805526, -0.16267104,  0.473271  ,  0.22564147,
        0.0081811 ,  0.12932816, -0.45692438, -0.39604867, -0.11061318,
       -0.22657866,  0.35143755, -0.4962326 ,  0.24206744, -0.24773128,
       -0.1561457 ,  0.06308472, -0.06220185,  0.01363499, -0.00497033,
       -0.11777813, -0.15147358,  0.09323308, -0.19993818, -0.37825237,
        0.39470021]) 

Generation: 558 
 - Generation Avg Fit: 0.5134555596229665 
 - Best Fitness: 34.8407203543787
 - Best Solution: array([-0.03652435,  0.43557232, -0.34378842,  0.33950269,  0.35941164,
       -0.12422433,  0.36262979, -0.18102567, -0.19470047,  0.29105356,
       -0.34310094, -0.18805526, -0.16267104,  0.473271  ,  0.22564147,
        0.0081811 ,  0.12932816, -0.45692438, -0.39604867, -0.11061318,
       -0.22657866,  0.35143755, -0.4962326 ,  0.24206744, -0.24773128,
       -0.1561457 ,  0.06308472, -0.06220185,  0.01363499, -0.00497033,
       -0.11777813, -0.15147358,  0.09323308, -0.19993818, -0.37825237,
        0.39470021]) 

Generation: 559 
 - Generation Avg Fit: 0.5134555596229665 
 - Best Fitness: 34.8407203543787
 - Best Solution: array([-0.03652435,  0.43557232, -0.34378842,  0.33950269,  0.35941164,
       -0.12422433,  0.36262979, -0.18102567, -0.19470047,  0.29105356,
       -0.34310094, -0.18805526, -0.16267104,  0.473271  ,  0.22564147,
        0.0081811 ,  0.12932816, -0.45692438, -0.39604867, -0.11061318,
       -0.22657866,  0.35143755, -0.4962326 ,  0.24206744, -0.24773128,
       -0.1561457 ,  0.06308472, -0.06220185,  0.01363499, -0.00497033,
       -0.11777813, -0.15147358,  0.09323308, -0.19993818, -0.37825237,
        0.39470021]) 

Generation: 560 
 - Generation Avg Fit: 0.5134555596229665 
 - Best Fitness: 34.8407203543787
 - Best Solution: array([-0.03652435,  0.43557232, -0.34378842,  0.33950269,  0.35941164,
       -0.12422433,  0.36262979, -0.18102567, -0.19470047,  0.29105356,
       -0.34310094, -0.18805526, -0.16267104,  0.473271  ,  0.22564147,
        0.0081811 ,  0.12932816, -0.45692438, -0.39604867, -0.11061318,
       -0.22657866,  0.35143755, -0.4962326 ,  0.24206744, -0.24773128,
       -0.1561457 ,  0.06308472, -0.06220185,  0.01363499, -0.00497033,
       -0.11777813, -0.15147358,  0.09323308, -0.19993818, -0.37825237,
        0.39470021]) 

Generation: 561 
 - Generation Avg Fit: 0.5134555596229665 
 - Best Fitness: 34.8407203543787
 - Best Solution: array([-0.03652435,  0.43557232, -0.34378842,  0.33950269,  0.35941164,
       -0.12422433,  0.36262979, -0.18102567, -0.19470047,  0.29105356,
       -0.34310094, -0.18805526, -0.16267104,  0.473271  ,  0.22564147,
        0.0081811 ,  0.12932816, -0.45692438, -0.39604867, -0.11061318,
       -0.22657866,  0.35143755, -0.4962326 ,  0.24206744, -0.24773128,
       -0.1561457 ,  0.06308472, -0.06220185,  0.01363499, -0.00497033,
       -0.11777813, -0.15147358,  0.09323308, -0.19993818, -0.37825237,
        0.39470021]) 

Generation: 562 
 - Generation Avg Fit: 0.5134555596229665 
 - Best Fitness: 34.8407203543787
 - Best Solution: array([-0.03652435,  0.43557232, -0.34378842,  0.33950269,  0.35941164,
       -0.12422433,  0.36262979, -0.18102567, -0.19470047,  0.29105356,
       -0.34310094, -0.18805526, -0.16267104,  0.473271  ,  0.22564147,
        0.0081811 ,  0.12932816, -0.45692438, -0.39604867, -0.11061318,
       -0.22657866,  0.35143755, -0.4962326 ,  0.24206744, -0.24773128,
       -0.1561457 ,  0.06308472, -0.06220185,  0.01363499, -0.00497033,
       -0.11777813, -0.15147358,  0.09323308, -0.19993818, -0.37825237,
        0.39470021]) 

Generation: 563 
 - Generation Avg Fit: 0.5134555596229665 
 - Best Fitness: 34.8407203543787
 - Best Solution: array([-0.03652435,  0.43557232, -0.34378842,  0.33950269,  0.35941164,
       -0.12422433,  0.36262979, -0.18102567, -0.19470047,  0.29105356,
       -0.34310094, -0.18805526, -0.16267104,  0.473271  ,  0.22564147,
        0.0081811 ,  0.12932816, -0.45692438, -0.39604867, -0.11061318,
       -0.22657866,  0.35143755, -0.4962326 ,  0.24206744, -0.24773128,
       -0.1561457 ,  0.06308472, -0.06220185,  0.01363499, -0.00497033,
       -0.11777813, -0.15147358,  0.09323308, -0.19993818, -0.37825237,
        0.39470021]) 

Generation: 564 
 - Generation Avg Fit: 0.5134555596229665 
 - Best Fitness: 34.8407203543787
 - Best Solution: array([-0.03652435,  0.43557232, -0.34378842,  0.33950269,  0.35941164,
       -0.12422433,  0.36262979, -0.18102567, -0.19470047,  0.29105356,
       -0.34310094, -0.18805526, -0.16267104,  0.473271  ,  0.22564147,
        0.0081811 ,  0.12932816, -0.45692438, -0.39604867, -0.11061318,
       -0.22657866,  0.35143755, -0.4962326 ,  0.24206744, -0.24773128,
       -0.1561457 ,  0.06308472, -0.06220185,  0.01363499, -0.00497033,
       -0.11777813, -0.15147358,  0.09323308, -0.19993818, -0.37825237,
        0.39470021]) 

Generation: 565 
 - Generation Avg Fit: 0.5134555596229665 
 - Best Fitness: 34.8407203543787
 - Best Solution: array([-0.03652435,  0.43557232, -0.34378842,  0.33950269,  0.35941164,
       -0.12422433,  0.36262979, -0.18102567, -0.19470047,  0.29105356,
       -0.34310094, -0.18805526, -0.16267104,  0.473271  ,  0.22564147,
        0.0081811 ,  0.12932816, -0.45692438, -0.39604867, -0.11061318,
       -0.22657866,  0.35143755, -0.4962326 ,  0.24206744, -0.24773128,
       -0.1561457 ,  0.06308472, -0.06220185,  0.01363499, -0.00497033,
       -0.11777813, -0.15147358,  0.09323308, -0.19993818, -0.37825237,
        0.39470021]) 

Generation: 566 
 - Generation Avg Fit: 0.5134555596229665 
 - Best Fitness: 34.8407203543787
 - Best Solution: array([-0.03652435,  0.43557232, -0.34378842,  0.33950269,  0.35941164,
       -0.12422433,  0.36262979, -0.18102567, -0.19470047,  0.29105356,
       -0.34310094, -0.18805526, -0.16267104,  0.473271  ,  0.22564147,
        0.0081811 ,  0.12932816, -0.45692438, -0.39604867, -0.11061318,
       -0.22657866,  0.35143755, -0.4962326 ,  0.24206744, -0.24773128,
       -0.1561457 ,  0.06308472, -0.06220185,  0.01363499, -0.00497033,
       -0.11777813, -0.15147358,  0.09323308, -0.19993818, -0.37825237,
        0.39470021]) 

Generation: 567 
 - Generation Avg Fit: 0.5134555596229665 
 - Best Fitness: 34.8407203543787
 - Best Solution: array([-0.03652435,  0.43557232, -0.34378842,  0.33950269,  0.35941164,
       -0.12422433,  0.36262979, -0.18102567, -0.19470047,  0.29105356,
       -0.34310094, -0.18805526, -0.16267104,  0.473271  ,  0.22564147,
        0.0081811 ,  0.12932816, -0.45692438, -0.39604867, -0.11061318,
       -0.22657866,  0.35143755, -0.4962326 ,  0.24206744, -0.24773128,
       -0.1561457 ,  0.06308472, -0.06220185,  0.01363499, -0.00497033,
       -0.11777813, -0.15147358,  0.09323308, -0.19993818, -0.37825237,
        0.39470021]) 

Generation: 568 
 - Generation Avg Fit: 0.5134555596229665 
 - Best Fitness: 34.8407203543787
 - Best Solution: array([-0.03652435,  0.43557232, -0.34378842,  0.33950269,  0.35941164,
       -0.12422433,  0.36262979, -0.18102567, -0.19470047,  0.29105356,
       -0.34310094, -0.18805526, -0.16267104,  0.473271  ,  0.22564147,
        0.0081811 ,  0.12932816, -0.45692438, -0.39604867, -0.11061318,
       -0.22657866,  0.35143755, -0.4962326 ,  0.24206744, -0.24773128,
       -0.1561457 ,  0.06308472, -0.06220185,  0.01363499, -0.00497033,
       -0.11777813, -0.15147358,  0.09323308, -0.19993818, -0.37825237,
        0.39470021]) 

Generation: 569 
 - Generation Avg Fit: 0.5134555596229665 
 - Best Fitness: 34.8407203543787
 - Best Solution: array([-0.03652435,  0.43557232, -0.34378842,  0.33950269,  0.35941164,
       -0.12422433,  0.36262979, -0.18102567, -0.19470047,  0.29105356,
       -0.34310094, -0.18805526, -0.16267104,  0.473271  ,  0.22564147,
        0.0081811 ,  0.12932816, -0.45692438, -0.39604867, -0.11061318,
       -0.22657866,  0.35143755, -0.4962326 ,  0.24206744, -0.24773128,
       -0.1561457 ,  0.06308472, -0.06220185,  0.01363499, -0.00497033,
       -0.11777813, -0.15147358,  0.09323308, -0.19993818, -0.37825237,
        0.39470021]) 

Generation: 570 
 - Generation Avg Fit: 0.5134555596229665 
 - Best Fitness: 34.8407203543787
 - Best Solution: array([-0.03652435,  0.43557232, -0.34378842,  0.33950269,  0.35941164,
       -0.12422433,  0.36262979, -0.18102567, -0.19470047,  0.29105356,
       -0.34310094, -0.18805526, -0.16267104,  0.473271  ,  0.22564147,
        0.0081811 ,  0.12932816, -0.45692438, -0.39604867, -0.11061318,
       -0.22657866,  0.35143755, -0.4962326 ,  0.24206744, -0.24773128,
       -0.1561457 ,  0.06308472, -0.06220185,  0.01363499, -0.00497033,
       -0.11777813, -0.15147358,  0.09323308, -0.19993818, -0.37825237,
        0.39470021]) 

Generation: 571 
 - Generation Avg Fit: 0.5134555596229665 
 - Best Fitness: 34.8407203543787
 - Best Solution: array([-0.03652435,  0.43557232, -0.34378842,  0.33950269,  0.35941164,
       -0.12422433,  0.36262979, -0.18102567, -0.19470047,  0.29105356,
       -0.34310094, -0.18805526, -0.16267104,  0.473271  ,  0.22564147,
        0.0081811 ,  0.12932816, -0.45692438, -0.39604867, -0.11061318,
       -0.22657866,  0.35143755, -0.4962326 ,  0.24206744, -0.24773128,
       -0.1561457 ,  0.06308472, -0.06220185,  0.01363499, -0.00497033,
       -0.11777813, -0.15147358,  0.09323308, -0.19993818, -0.37825237,
        0.39470021]) 

Generation: 572 
 - Generation Avg Fit: 0.5134555596229665 
 - Best Fitness: 34.8407203543787
 - Best Solution: array([-0.03652435,  0.43557232, -0.34378842,  0.33950269,  0.35941164,
       -0.12422433,  0.36262979, -0.18102567, -0.19470047,  0.29105356,
       -0.34310094, -0.18805526, -0.16267104,  0.473271  ,  0.22564147,
        0.0081811 ,  0.12932816, -0.45692438, -0.39604867, -0.11061318,
       -0.22657866,  0.35143755, -0.4962326 ,  0.24206744, -0.24773128,
       -0.1561457 ,  0.06308472, -0.06220185,  0.01363499, -0.00497033,
       -0.11777813, -0.15147358,  0.09323308, -0.19993818, -0.37825237,
        0.39470021]) 

Generation: 573 
 - Generation Avg Fit: 0.5134555596229665 
 - Best Fitness: 34.8407203543787
 - Best Solution: array([-0.03652435,  0.43557232, -0.34378842,  0.33950269,  0.35941164,
       -0.12422433,  0.36262979, -0.18102567, -0.19470047,  0.29105356,
       -0.34310094, -0.18805526, -0.16267104,  0.473271  ,  0.22564147,
        0.0081811 ,  0.12932816, -0.45692438, -0.39604867, -0.11061318,
       -0.22657866,  0.35143755, -0.4962326 ,  0.24206744, -0.24773128,
       -0.1561457 ,  0.06308472, -0.06220185,  0.01363499, -0.00497033,
       -0.11777813, -0.15147358,  0.09323308, -0.19993818, -0.37825237,
        0.39470021]) 

Generation: 574 
 - Generation Avg Fit: 0.5134555596229665 
 - Best Fitness: 34.8407203543787
 - Best Solution: array([-0.03652435,  0.43557232, -0.34378842,  0.33950269,  0.35941164,
       -0.12422433,  0.36262979, -0.18102567, -0.19470047,  0.29105356,
       -0.34310094, -0.18805526, -0.16267104,  0.473271  ,  0.22564147,
        0.0081811 ,  0.12932816, -0.45692438, -0.39604867, -0.11061318,
       -0.22657866,  0.35143755, -0.4962326 ,  0.24206744, -0.24773128,
       -0.1561457 ,  0.06308472, -0.06220185,  0.01363499, -0.00497033,
       -0.11777813, -0.15147358,  0.09323308, -0.19993818, -0.37825237,
        0.39470021]) 

Generation: 575 
 - Generation Avg Fit: 0.5134555596229665 
 - Best Fitness: 34.8407203543787
 - Best Solution: array([-0.03652435,  0.43557232, -0.34378842,  0.33950269,  0.35941164,
       -0.12422433,  0.36262979, -0.18102567, -0.19470047,  0.29105356,
       -0.34310094, -0.18805526, -0.16267104,  0.473271  ,  0.22564147,
        0.0081811 ,  0.12932816, -0.45692438, -0.39604867, -0.11061318,
       -0.22657866,  0.35143755, -0.4962326 ,  0.24206744, -0.24773128,
       -0.1561457 ,  0.06308472, -0.06220185,  0.01363499, -0.00497033,
       -0.11777813, -0.15147358,  0.09323308, -0.19993818, -0.37825237,
        0.39470021]) 

Generation: 576 
 - Generation Avg Fit: 0.5134555596229665 
 - Best Fitness: 34.8407203543787
 - Best Solution: array([-0.03652435,  0.43557232, -0.34378842,  0.33950269,  0.35941164,
       -0.12422433,  0.36262979, -0.18102567, -0.19470047,  0.29105356,
       -0.34310094, -0.18805526, -0.16267104,  0.473271  ,  0.22564147,
        0.0081811 ,  0.12932816, -0.45692438, -0.39604867, -0.11061318,
       -0.22657866,  0.35143755, -0.4962326 ,  0.24206744, -0.24773128,
       -0.1561457 ,  0.06308472, -0.06220185,  0.01363499, -0.00497033,
       -0.11777813, -0.15147358,  0.09323308, -0.19993818, -0.37825237,
        0.39470021]) 

Generation: 577 
 - Generation Avg Fit: 0.5134555596229665 
 - Best Fitness: 34.8407203543787
 - Best Solution: array([-0.03652435,  0.43557232, -0.34378842,  0.33950269,  0.35941164,
       -0.12422433,  0.36262979, -0.18102567, -0.19470047,  0.29105356,
       -0.34310094, -0.18805526, -0.16267104,  0.473271  ,  0.22564147,
        0.0081811 ,  0.12932816, -0.45692438, -0.39604867, -0.11061318,
       -0.22657866,  0.35143755, -0.4962326 ,  0.24206744, -0.24773128,
       -0.1561457 ,  0.06308472, -0.06220185,  0.01363499, -0.00497033,
       -0.11777813, -0.15147358,  0.09323308, -0.19993818, -0.37825237,
        0.39470021]) 

Generation: 578 
 - Generation Avg Fit: 0.5134555596229665 
 - Best Fitness: 34.8407203543787
 - Best Solution: array([-0.03652435,  0.43557232, -0.34378842,  0.33950269,  0.35941164,
       -0.12422433,  0.36262979, -0.18102567, -0.19470047,  0.29105356,
       -0.34310094, -0.18805526, -0.16267104,  0.473271  ,  0.22564147,
        0.0081811 ,  0.12932816, -0.45692438, -0.39604867, -0.11061318,
       -0.22657866,  0.35143755, -0.4962326 ,  0.24206744, -0.24773128,
       -0.1561457 ,  0.06308472, -0.06220185,  0.01363499, -0.00497033,
       -0.11777813, -0.15147358,  0.09323308, -0.19993818, -0.37825237,
        0.39470021]) 

Generation: 579 
 - Generation Avg Fit: 0.5134555596229665 
 - Best Fitness: 34.8407203543787
 - Best Solution: array([-0.03652435,  0.43557232, -0.34378842,  0.33950269,  0.35941164,
       -0.12422433,  0.36262979, -0.18102567, -0.19470047,  0.29105356,
       -0.34310094, -0.18805526, -0.16267104,  0.473271  ,  0.22564147,
        0.0081811 ,  0.12932816, -0.45692438, -0.39604867, -0.11061318,
       -0.22657866,  0.35143755, -0.4962326 ,  0.24206744, -0.24773128,
       -0.1561457 ,  0.06308472, -0.06220185,  0.01363499, -0.00497033,
       -0.11777813, -0.15147358,  0.09323308, -0.19993818, -0.37825237,
        0.39470021]) 

Generation: 580 
 - Generation Avg Fit: 0.5134555596229665 
 - Best Fitness: 34.8407203543787
 - Best Solution: array([-0.03652435,  0.43557232, -0.34378842,  0.33950269,  0.35941164,
       -0.12422433,  0.36262979, -0.18102567, -0.19470047,  0.29105356,
       -0.34310094, -0.18805526, -0.16267104,  0.473271  ,  0.22564147,
        0.0081811 ,  0.12932816, -0.45692438, -0.39604867, -0.11061318,
       -0.22657866,  0.35143755, -0.4962326 ,  0.24206744, -0.24773128,
       -0.1561457 ,  0.06308472, -0.06220185,  0.01363499, -0.00497033,
       -0.11777813, -0.15147358,  0.09323308, -0.19993818, -0.37825237,
        0.39470021]) 

Generation: 581 
 - Generation Avg Fit: 0.5134555596229665 
 - Best Fitness: 34.8407203543787
 - Best Solution: array([-0.03652435,  0.43557232, -0.34378842,  0.33950269,  0.35941164,
       -0.12422433,  0.36262979, -0.18102567, -0.19470047,  0.29105356,
       -0.34310094, -0.18805526, -0.16267104,  0.473271  ,  0.22564147,
        0.0081811 ,  0.12932816, -0.45692438, -0.39604867, -0.11061318,
       -0.22657866,  0.35143755, -0.4962326 ,  0.24206744, -0.24773128,
       -0.1561457 ,  0.06308472, -0.06220185,  0.01363499, -0.00497033,
       -0.11777813, -0.15147358,  0.09323308, -0.19993818, -0.37825237,
        0.39470021]) 

Generation: 582 
 - Generation Avg Fit: 0.5134555596229665 
 - Best Fitness: 34.8407203543787
 - Best Solution: array([-0.03652435,  0.43557232, -0.34378842,  0.33950269,  0.35941164,
       -0.12422433,  0.36262979, -0.18102567, -0.19470047,  0.29105356,
       -0.34310094, -0.18805526, -0.16267104,  0.473271  ,  0.22564147,
        0.0081811 ,  0.12932816, -0.45692438, -0.39604867, -0.11061318,
       -0.22657866,  0.35143755, -0.4962326 ,  0.24206744, -0.24773128,
       -0.1561457 ,  0.06308472, -0.06220185,  0.01363499, -0.00497033,
       -0.11777813, -0.15147358,  0.09323308, -0.19993818, -0.37825237,
        0.39470021]) 

Generation: 583 
 - Generation Avg Fit: 0.5134555596229665 
 - Best Fitness: 34.8407203543787
 - Best Solution: array([-0.03652435,  0.43557232, -0.34378842,  0.33950269,  0.35941164,
       -0.12422433,  0.36262979, -0.18102567, -0.19470047,  0.29105356,
       -0.34310094, -0.18805526, -0.16267104,  0.473271  ,  0.22564147,
        0.0081811 ,  0.12932816, -0.45692438, -0.39604867, -0.11061318,
       -0.22657866,  0.35143755, -0.4962326 ,  0.24206744, -0.24773128,
       -0.1561457 ,  0.06308472, -0.06220185,  0.01363499, -0.00497033,
       -0.11777813, -0.15147358,  0.09323308, -0.19993818, -0.37825237,
        0.39470021]) 

Generation: 584 
 - Generation Avg Fit: 0.5134555596229665 
 - Best Fitness: 34.8407203543787
 - Best Solution: array([-0.03652435,  0.43557232, -0.34378842,  0.33950269,  0.35941164,
       -0.12422433,  0.36262979, -0.18102567, -0.19470047,  0.29105356,
       -0.34310094, -0.18805526, -0.16267104,  0.473271  ,  0.22564147,
        0.0081811 ,  0.12932816, -0.45692438, -0.39604867, -0.11061318,
       -0.22657866,  0.35143755, -0.4962326 ,  0.24206744, -0.24773128,
       -0.1561457 ,  0.06308472, -0.06220185,  0.01363499, -0.00497033,
       -0.11777813, -0.15147358,  0.09323308, -0.19993818, -0.37825237,
        0.39470021]) 

Generation: 585 
 - Generation Avg Fit: 0.5134555596229665 
 - Best Fitness: 34.8407203543787
 - Best Solution: array([-0.03652435,  0.43557232, -0.34378842,  0.33950269,  0.35941164,
       -0.12422433,  0.36262979, -0.18102567, -0.19470047,  0.29105356,
       -0.34310094, -0.18805526, -0.16267104,  0.473271  ,  0.22564147,
        0.0081811 ,  0.12932816, -0.45692438, -0.39604867, -0.11061318,
       -0.22657866,  0.35143755, -0.4962326 ,  0.24206744, -0.24773128,
       -0.1561457 ,  0.06308472, -0.06220185,  0.01363499, -0.00497033,
       -0.11777813, -0.15147358,  0.09323308, -0.19993818, -0.37825237,
        0.39470021]) 

Generation: 586 
 - Generation Avg Fit: 0.5134555596229665 
 - Best Fitness: 34.8407203543787
 - Best Solution: array([-0.03652435,  0.43557232, -0.34378842,  0.33950269,  0.35941164,
       -0.12422433,  0.36262979, -0.18102567, -0.19470047,  0.29105356,
       -0.34310094, -0.18805526, -0.16267104,  0.473271  ,  0.22564147,
        0.0081811 ,  0.12932816, -0.45692438, -0.39604867, -0.11061318,
       -0.22657866,  0.35143755, -0.4962326 ,  0.24206744, -0.24773128,
       -0.1561457 ,  0.06308472, -0.06220185,  0.01363499, -0.00497033,
       -0.11777813, -0.15147358,  0.09323308, -0.19993818, -0.37825237,
        0.39470021]) 

Generation: 587 
 - Generation Avg Fit: 0.5134555596229665 
 - Best Fitness: 34.8407203543787
 - Best Solution: array([-0.03652435,  0.43557232, -0.34378842,  0.33950269,  0.35941164,
       -0.12422433,  0.36262979, -0.18102567, -0.19470047,  0.29105356,
       -0.34310094, -0.18805526, -0.16267104,  0.473271  ,  0.22564147,
        0.0081811 ,  0.12932816, -0.45692438, -0.39604867, -0.11061318,
       -0.22657866,  0.35143755, -0.4962326 ,  0.24206744, -0.24773128,
       -0.1561457 ,  0.06308472, -0.06220185,  0.01363499, -0.00497033,
       -0.11777813, -0.15147358,  0.09323308, -0.19993818, -0.37825237,
        0.39470021]) 

Generation: 588 
 - Generation Avg Fit: 0.5134555596229665 
 - Best Fitness: 34.8407203543787
 - Best Solution: array([-0.03652435,  0.43557232, -0.34378842,  0.33950269,  0.35941164,
       -0.12422433,  0.36262979, -0.18102567, -0.19470047,  0.29105356,
       -0.34310094, -0.18805526, -0.16267104,  0.473271  ,  0.22564147,
        0.0081811 ,  0.12932816, -0.45692438, -0.39604867, -0.11061318,
       -0.22657866,  0.35143755, -0.4962326 ,  0.24206744, -0.24773128,
       -0.1561457 ,  0.06308472, -0.06220185,  0.01363499, -0.00497033,
       -0.11777813, -0.15147358,  0.09323308, -0.19993818, -0.37825237,
        0.39470021]) 

Generation: 589 
 - Generation Avg Fit: 0.5134555596229665 
 - Best Fitness: 34.8407203543787
 - Best Solution: array([-0.03652435,  0.43557232, -0.34378842,  0.33950269,  0.35941164,
       -0.12422433,  0.36262979, -0.18102567, -0.19470047,  0.29105356,
       -0.34310094, -0.18805526, -0.16267104,  0.473271  ,  0.22564147,
        0.0081811 ,  0.12932816, -0.45692438, -0.39604867, -0.11061318,
       -0.22657866,  0.35143755, -0.4962326 ,  0.24206744, -0.24773128,
       -0.1561457 ,  0.06308472, -0.06220185,  0.01363499, -0.00497033,
       -0.11777813, -0.15147358,  0.09323308, -0.19993818, -0.37825237,
        0.39470021]) 

Generation: 590 
 - Generation Avg Fit: 0.5134555596229665 
 - Best Fitness: 34.8407203543787
 - Best Solution: array([-0.03652435,  0.43557232, -0.34378842,  0.33950269,  0.35941164,
       -0.12422433,  0.36262979, -0.18102567, -0.19470047,  0.29105356,
       -0.34310094, -0.18805526, -0.16267104,  0.473271  ,  0.22564147,
        0.0081811 ,  0.12932816, -0.45692438, -0.39604867, -0.11061318,
       -0.22657866,  0.35143755, -0.4962326 ,  0.24206744, -0.24773128,
       -0.1561457 ,  0.06308472, -0.06220185,  0.01363499, -0.00497033,
       -0.11777813, -0.15147358,  0.09323308, -0.19993818, -0.37825237,
        0.39470021]) 

Generation: 591 
 - Generation Avg Fit: 0.5134555596229665 
 - Best Fitness: 34.8407203543787
 - Best Solution: array([-0.03652435,  0.43557232, -0.34378842,  0.33950269,  0.35941164,
       -0.12422433,  0.36262979, -0.18102567, -0.19470047,  0.29105356,
       -0.34310094, -0.18805526, -0.16267104,  0.473271  ,  0.22564147,
        0.0081811 ,  0.12932816, -0.45692438, -0.39604867, -0.11061318,
       -0.22657866,  0.35143755, -0.4962326 ,  0.24206744, -0.24773128,
       -0.1561457 ,  0.06308472, -0.06220185,  0.01363499, -0.00497033,
       -0.11777813, -0.15147358,  0.09323308, -0.19993818, -0.37825237,
        0.39470021]) 

Generation: 592 
 - Generation Avg Fit: 0.5134555596229665 
 - Best Fitness: 34.8407203543787
 - Best Solution: array([-0.03652435,  0.43557232, -0.34378842,  0.33950269,  0.35941164,
       -0.12422433,  0.36262979, -0.18102567, -0.19470047,  0.29105356,
       -0.34310094, -0.18805526, -0.16267104,  0.473271  ,  0.22564147,
        0.0081811 ,  0.12932816, -0.45692438, -0.39604867, -0.11061318,
       -0.22657866,  0.35143755, -0.4962326 ,  0.24206744, -0.24773128,
       -0.1561457 ,  0.06308472, -0.06220185,  0.01363499, -0.00497033,
       -0.11777813, -0.15147358,  0.09323308, -0.19993818, -0.37825237,
        0.39470021]) 

Generation: 593 
 - Generation Avg Fit: 0.5134555596229665 
 - Best Fitness: 34.8407203543787
 - Best Solution: array([-0.03652435,  0.43557232, -0.34378842,  0.33950269,  0.35941164,
       -0.12422433,  0.36262979, -0.18102567, -0.19470047,  0.29105356,
       -0.34310094, -0.18805526, -0.16267104,  0.473271  ,  0.22564147,
        0.0081811 ,  0.12932816, -0.45692438, -0.39604867, -0.11061318,
       -0.22657866,  0.35143755, -0.4962326 ,  0.24206744, -0.24773128,
       -0.1561457 ,  0.06308472, -0.06220185,  0.01363499, -0.00497033,
       -0.11777813, -0.15147358,  0.09323308, -0.19993818, -0.37825237,
        0.39470021]) 

Generation: 594 
 - Generation Avg Fit: 0.5134555596229665 
 - Best Fitness: 34.8407203543787
 - Best Solution: array([-0.03652435,  0.43557232, -0.34378842,  0.33950269,  0.35941164,
       -0.12422433,  0.36262979, -0.18102567, -0.19470047,  0.29105356,
       -0.34310094, -0.18805526, -0.16267104,  0.473271  ,  0.22564147,
        0.0081811 ,  0.12932816, -0.45692438, -0.39604867, -0.11061318,
       -0.22657866,  0.35143755, -0.4962326 ,  0.24206744, -0.24773128,
       -0.1561457 ,  0.06308472, -0.06220185,  0.01363499, -0.00497033,
       -0.11777813, -0.15147358,  0.09323308, -0.19993818, -0.37825237,
        0.39470021]) 

Generation: 595 
 - Generation Avg Fit: 0.5134555596229665 
 - Best Fitness: 34.8407203543787
 - Best Solution: array([-0.03652435,  0.43557232, -0.34378842,  0.33950269,  0.35941164,
       -0.12422433,  0.36262979, -0.18102567, -0.19470047,  0.29105356,
       -0.34310094, -0.18805526, -0.16267104,  0.473271  ,  0.22564147,
        0.0081811 ,  0.12932816, -0.45692438, -0.39604867, -0.11061318,
       -0.22657866,  0.35143755, -0.4962326 ,  0.24206744, -0.24773128,
       -0.1561457 ,  0.06308472, -0.06220185,  0.01363499, -0.00497033,
       -0.11777813, -0.15147358,  0.09323308, -0.19993818, -0.37825237,
        0.39470021]) 

Generation: 596 
 - Generation Avg Fit: 0.5134555596229665 
 - Best Fitness: 34.8407203543787
 - Best Solution: array([-0.03652435,  0.43557232, -0.34378842,  0.33950269,  0.35941164,
       -0.12422433,  0.36262979, -0.18102567, -0.19470047,  0.29105356,
       -0.34310094, -0.18805526, -0.16267104,  0.473271  ,  0.22564147,
        0.0081811 ,  0.12932816, -0.45692438, -0.39604867, -0.11061318,
       -0.22657866,  0.35143755, -0.4962326 ,  0.24206744, -0.24773128,
       -0.1561457 ,  0.06308472, -0.06220185,  0.01363499, -0.00497033,
       -0.11777813, -0.15147358,  0.09323308, -0.19993818, -0.37825237,
        0.39470021]) 

Generation: 597 
 - Generation Avg Fit: 0.5134555596229665 
 - Best Fitness: 34.8407203543787
 - Best Solution: array([-0.03652435,  0.43557232, -0.34378842,  0.33950269,  0.35941164,
       -0.12422433,  0.36262979, -0.18102567, -0.19470047,  0.29105356,
       -0.34310094, -0.18805526, -0.16267104,  0.473271  ,  0.22564147,
        0.0081811 ,  0.12932816, -0.45692438, -0.39604867, -0.11061318,
       -0.22657866,  0.35143755, -0.4962326 ,  0.24206744, -0.24773128,
       -0.1561457 ,  0.06308472, -0.06220185,  0.01363499, -0.00497033,
       -0.11777813, -0.15147358,  0.09323308, -0.19993818, -0.37825237,
        0.39470021]) 

Generation: 598 
 - Generation Avg Fit: 0.5134555596229665 
 - Best Fitness: 34.8407203543787
 - Best Solution: array([-0.03652435,  0.43557232, -0.34378842,  0.33950269,  0.35941164,
       -0.12422433,  0.36262979, -0.18102567, -0.19470047,  0.29105356,
       -0.34310094, -0.18805526, -0.16267104,  0.473271  ,  0.22564147,
        0.0081811 ,  0.12932816, -0.45692438, -0.39604867, -0.11061318,
       -0.22657866,  0.35143755, -0.4962326 ,  0.24206744, -0.24773128,
       -0.1561457 ,  0.06308472, -0.06220185,  0.01363499, -0.00497033,
       -0.11777813, -0.15147358,  0.09323308, -0.19993818, -0.37825237,
        0.39470021]) 

Generation: 599 
 - Generation Avg Fit: 0.5134555596229665 
 - Best Fitness: 34.8407203543787
 - Best Solution: array([-0.03652435,  0.43557232, -0.34378842,  0.33950269,  0.35941164,
       -0.12422433,  0.36262979, -0.18102567, -0.19470047,  0.29105356,
       -0.34310094, -0.18805526, -0.16267104,  0.473271  ,  0.22564147,
        0.0081811 ,  0.12932816, -0.45692438, -0.39604867, -0.11061318,
       -0.22657866,  0.35143755, -0.4962326 ,  0.24206744, -0.24773128,
       -0.1561457 ,  0.06308472, -0.06220185,  0.01363499, -0.00497033,
       -0.11777813, -0.15147358,  0.09323308, -0.19993818, -0.37825237,
        0.39470021]) 

Generation: 600 
 - Generation Avg Fit: 0.5134555596229665 
 - Best Fitness: 34.8407203543787
 - Best Solution: array([-0.03652435,  0.43557232, -0.34378842,  0.33950269,  0.35941164,
       -0.12422433,  0.36262979, -0.18102567, -0.19470047,  0.29105356,
       -0.34310094, -0.18805526, -0.16267104,  0.473271  ,  0.22564147,
        0.0081811 ,  0.12932816, -0.45692438, -0.39604867, -0.11061318,
       -0.22657866,  0.35143755, -0.4962326 ,  0.24206744, -0.24773128,
       -0.1561457 ,  0.06308472, -0.06220185,  0.01363499, -0.00497033,
       -0.11777813, -0.15147358,  0.09323308, -0.19993818, -0.37825237,
        0.39470021]) 

Generation: 601 
 - Generation Avg Fit: 0.5134555596229665 
 - Best Fitness: 34.8407203543787
 - Best Solution: array([-0.03652435,  0.43557232, -0.34378842,  0.33950269,  0.35941164,
       -0.12422433,  0.36262979, -0.18102567, -0.19470047,  0.29105356,
       -0.34310094, -0.18805526, -0.16267104,  0.473271  ,  0.22564147,
        0.0081811 ,  0.12932816, -0.45692438, -0.39604867, -0.11061318,
       -0.22657866,  0.35143755, -0.4962326 ,  0.24206744, -0.24773128,
       -0.1561457 ,  0.06308472, -0.06220185,  0.01363499, -0.00497033,
       -0.11777813, -0.15147358,  0.09323308, -0.19993818, -0.37825237,
        0.39470021]) 

Generation: 602 
 - Generation Avg Fit: 0.5134555596229665 
 - Best Fitness: 34.8407203543787
 - Best Solution: array([-0.03652435,  0.43557232, -0.34378842,  0.33950269,  0.35941164,
       -0.12422433,  0.36262979, -0.18102567, -0.19470047,  0.29105356,
       -0.34310094, -0.18805526, -0.16267104,  0.473271  ,  0.22564147,
        0.0081811 ,  0.12932816, -0.45692438, -0.39604867, -0.11061318,
       -0.22657866,  0.35143755, -0.4962326 ,  0.24206744, -0.24773128,
       -0.1561457 ,  0.06308472, -0.06220185,  0.01363499, -0.00497033,
       -0.11777813, -0.15147358,  0.09323308, -0.19993818, -0.37825237,
        0.39470021]) 

Generation: 603 
 - Generation Avg Fit: 0.5134555596229665 
 - Best Fitness: 34.8407203543787
 - Best Solution: array([-0.03652435,  0.43557232, -0.34378842,  0.33950269,  0.35941164,
       -0.12422433,  0.36262979, -0.18102567, -0.19470047,  0.29105356,
       -0.34310094, -0.18805526, -0.16267104,  0.473271  ,  0.22564147,
        0.0081811 ,  0.12932816, -0.45692438, -0.39604867, -0.11061318,
       -0.22657866,  0.35143755, -0.4962326 ,  0.24206744, -0.24773128,
       -0.1561457 ,  0.06308472, -0.06220185,  0.01363499, -0.00497033,
       -0.11777813, -0.15147358,  0.09323308, -0.19993818, -0.37825237,
        0.39470021]) 

Generation: 604 
 - Generation Avg Fit: 0.5134555596229665 
 - Best Fitness: 34.8407203543787
 - Best Solution: array([-0.03652435,  0.43557232, -0.34378842,  0.33950269,  0.35941164,
       -0.12422433,  0.36262979, -0.18102567, -0.19470047,  0.29105356,
       -0.34310094, -0.18805526, -0.16267104,  0.473271  ,  0.22564147,
        0.0081811 ,  0.12932816, -0.45692438, -0.39604867, -0.11061318,
       -0.22657866,  0.35143755, -0.4962326 ,  0.24206744, -0.24773128,
       -0.1561457 ,  0.06308472, -0.06220185,  0.01363499, -0.00497033,
       -0.11777813, -0.15147358,  0.09323308, -0.19993818, -0.37825237,
        0.39470021]) 

Generation: 605 
 - Generation Avg Fit: 0.5134555596229665 
 - Best Fitness: 34.8407203543787
 - Best Solution: array([-0.03652435,  0.43557232, -0.34378842,  0.33950269,  0.35941164,
       -0.12422433,  0.36262979, -0.18102567, -0.19470047,  0.29105356,
       -0.34310094, -0.18805526, -0.16267104,  0.473271  ,  0.22564147,
        0.0081811 ,  0.12932816, -0.45692438, -0.39604867, -0.11061318,
       -0.22657866,  0.35143755, -0.4962326 ,  0.24206744, -0.24773128,
       -0.1561457 ,  0.06308472, -0.06220185,  0.01363499, -0.00497033,
       -0.11777813, -0.15147358,  0.09323308, -0.19993818, -0.37825237,
        0.39470021]) 

Generation: 606 
 - Generation Avg Fit: 0.5134555596229665 
 - Best Fitness: 34.8407203543787
 - Best Solution: array([-0.03652435,  0.43557232, -0.34378842,  0.33950269,  0.35941164,
       -0.12422433,  0.36262979, -0.18102567, -0.19470047,  0.29105356,
       -0.34310094, -0.18805526, -0.16267104,  0.473271  ,  0.22564147,
        0.0081811 ,  0.12932816, -0.45692438, -0.39604867, -0.11061318,
       -0.22657866,  0.35143755, -0.4962326 ,  0.24206744, -0.24773128,
       -0.1561457 ,  0.06308472, -0.06220185,  0.01363499, -0.00497033,
       -0.11777813, -0.15147358,  0.09323308, -0.19993818, -0.37825237,
        0.39470021]) 

Generation: 607 
 - Generation Avg Fit: 0.5134555596229665 
 - Best Fitness: 34.8407203543787
 - Best Solution: array([-0.03652435,  0.43557232, -0.34378842,  0.33950269,  0.35941164,
       -0.12422433,  0.36262979, -0.18102567, -0.19470047,  0.29105356,
       -0.34310094, -0.18805526, -0.16267104,  0.473271  ,  0.22564147,
        0.0081811 ,  0.12932816, -0.45692438, -0.39604867, -0.11061318,
       -0.22657866,  0.35143755, -0.4962326 ,  0.24206744, -0.24773128,
       -0.1561457 ,  0.06308472, -0.06220185,  0.01363499, -0.00497033,
       -0.11777813, -0.15147358,  0.09323308, -0.19993818, -0.37825237,
        0.39470021]) 

Generation: 608 
 - Generation Avg Fit: 0.5134555596229665 
 - Best Fitness: 34.8407203543787
 - Best Solution: array([-0.03652435,  0.43557232, -0.34378842,  0.33950269,  0.35941164,
       -0.12422433,  0.36262979, -0.18102567, -0.19470047,  0.29105356,
       -0.34310094, -0.18805526, -0.16267104,  0.473271  ,  0.22564147,
        0.0081811 ,  0.12932816, -0.45692438, -0.39604867, -0.11061318,
       -0.22657866,  0.35143755, -0.4962326 ,  0.24206744, -0.24773128,
       -0.1561457 ,  0.06308472, -0.06220185,  0.01363499, -0.00497033,
       -0.11777813, -0.15147358,  0.09323308, -0.19993818, -0.37825237,
        0.39470021]) 

Generation: 609 
 - Generation Avg Fit: 0.5134555596229665 
 - Best Fitness: 34.8407203543787
 - Best Solution: array([-0.03652435,  0.43557232, -0.34378842,  0.33950269,  0.35941164,
       -0.12422433,  0.36262979, -0.18102567, -0.19470047,  0.29105356,
       -0.34310094, -0.18805526, -0.16267104,  0.473271  ,  0.22564147,
        0.0081811 ,  0.12932816, -0.45692438, -0.39604867, -0.11061318,
       -0.22657866,  0.35143755, -0.4962326 ,  0.24206744, -0.24773128,
       -0.1561457 ,  0.06308472, -0.06220185,  0.01363499, -0.00497033,
       -0.11777813, -0.15147358,  0.09323308, -0.19993818, -0.37825237,
        0.39470021]) 

Generation: 610 
 - Generation Avg Fit: 0.5134555596229665 
 - Best Fitness: 34.8407203543787
 - Best Solution: array([-0.03652435,  0.43557232, -0.34378842,  0.33950269,  0.35941164,
       -0.12422433,  0.36262979, -0.18102567, -0.19470047,  0.29105356,
       -0.34310094, -0.18805526, -0.16267104,  0.473271  ,  0.22564147,
        0.0081811 ,  0.12932816, -0.45692438, -0.39604867, -0.11061318,
       -0.22657866,  0.35143755, -0.4962326 ,  0.24206744, -0.24773128,
       -0.1561457 ,  0.06308472, -0.06220185,  0.01363499, -0.00497033,
       -0.11777813, -0.15147358,  0.09323308, -0.19993818, -0.37825237,
        0.39470021]) 

Generation: 611 
 - Generation Avg Fit: 0.5134555596229665 
 - Best Fitness: 34.8407203543787
 - Best Solution: array([-0.03652435,  0.43557232, -0.34378842,  0.33950269,  0.35941164,
       -0.12422433,  0.36262979, -0.18102567, -0.19470047,  0.29105356,
       -0.34310094, -0.18805526, -0.16267104,  0.473271  ,  0.22564147,
        0.0081811 ,  0.12932816, -0.45692438, -0.39604867, -0.11061318,
       -0.22657866,  0.35143755, -0.4962326 ,  0.24206744, -0.24773128,
       -0.1561457 ,  0.06308472, -0.06220185,  0.01363499, -0.00497033,
       -0.11777813, -0.15147358,  0.09323308, -0.19993818, -0.37825237,
        0.39470021]) 

Generation: 612 
 - Generation Avg Fit: 0.5134555596229665 
 - Best Fitness: 34.8407203543787
 - Best Solution: array([-0.03652435,  0.43557232, -0.34378842,  0.33950269,  0.35941164,
       -0.12422433,  0.36262979, -0.18102567, -0.19470047,  0.29105356,
       -0.34310094, -0.18805526, -0.16267104,  0.473271  ,  0.22564147,
        0.0081811 ,  0.12932816, -0.45692438, -0.39604867, -0.11061318,
       -0.22657866,  0.35143755, -0.4962326 ,  0.24206744, -0.24773128,
       -0.1561457 ,  0.06308472, -0.06220185,  0.01363499, -0.00497033,
       -0.11777813, -0.15147358,  0.09323308, -0.19993818, -0.37825237,
        0.39470021]) 

Generation: 613 
 - Generation Avg Fit: 0.5134555596229665 
 - Best Fitness: 34.8407203543787
 - Best Solution: array([-0.03652435,  0.43557232, -0.34378842,  0.33950269,  0.35941164,
       -0.12422433,  0.36262979, -0.18102567, -0.19470047,  0.29105356,
       -0.34310094, -0.18805526, -0.16267104,  0.473271  ,  0.22564147,
        0.0081811 ,  0.12932816, -0.45692438, -0.39604867, -0.11061318,
       -0.22657866,  0.35143755, -0.4962326 ,  0.24206744, -0.24773128,
       -0.1561457 ,  0.06308472, -0.06220185,  0.01363499, -0.00497033,
       -0.11777813, -0.15147358,  0.09323308, -0.19993818, -0.37825237,
        0.39470021]) 

Generation: 614 
 - Generation Avg Fit: 0.5134555596229665 
 - Best Fitness: 34.8407203543787
 - Best Solution: array([-0.03652435,  0.43557232, -0.34378842,  0.33950269,  0.35941164,
       -0.12422433,  0.36262979, -0.18102567, -0.19470047,  0.29105356,
       -0.34310094, -0.18805526, -0.16267104,  0.473271  ,  0.22564147,
        0.0081811 ,  0.12932816, -0.45692438, -0.39604867, -0.11061318,
       -0.22657866,  0.35143755, -0.4962326 ,  0.24206744, -0.24773128,
       -0.1561457 ,  0.06308472, -0.06220185,  0.01363499, -0.00497033,
       -0.11777813, -0.15147358,  0.09323308, -0.19993818, -0.37825237,
        0.39470021]) 

Generation: 615 
 - Generation Avg Fit: 0.5134555596229665 
 - Best Fitness: 34.8407203543787
 - Best Solution: array([-0.03652435,  0.43557232, -0.34378842,  0.33950269,  0.35941164,
       -0.12422433,  0.36262979, -0.18102567, -0.19470047,  0.29105356,
       -0.34310094, -0.18805526, -0.16267104,  0.473271  ,  0.22564147,
        0.0081811 ,  0.12932816, -0.45692438, -0.39604867, -0.11061318,
       -0.22657866,  0.35143755, -0.4962326 ,  0.24206744, -0.24773128,
       -0.1561457 ,  0.06308472, -0.06220185,  0.01363499, -0.00497033,
       -0.11777813, -0.15147358,  0.09323308, -0.19993818, -0.37825237,
        0.39470021]) 

Generation: 616 
 - Generation Avg Fit: 0.5134555596229665 
 - Best Fitness: 34.8407203543787
 - Best Solution: array([-0.03652435,  0.43557232, -0.34378842,  0.33950269,  0.35941164,
       -0.12422433,  0.36262979, -0.18102567, -0.19470047,  0.29105356,
       -0.34310094, -0.18805526, -0.16267104,  0.473271  ,  0.22564147,
        0.0081811 ,  0.12932816, -0.45692438, -0.39604867, -0.11061318,
       -0.22657866,  0.35143755, -0.4962326 ,  0.24206744, -0.24773128,
       -0.1561457 ,  0.06308472, -0.06220185,  0.01363499, -0.00497033,
       -0.11777813, -0.15147358,  0.09323308, -0.19993818, -0.37825237,
        0.39470021]) 

Generation: 617 
 - Generation Avg Fit: 0.5134555596229665 
 - Best Fitness: 34.8407203543787
 - Best Solution: array([-0.03652435,  0.43557232, -0.34378842,  0.33950269,  0.35941164,
       -0.12422433,  0.36262979, -0.18102567, -0.19470047,  0.29105356,
       -0.34310094, -0.18805526, -0.16267104,  0.473271  ,  0.22564147,
        0.0081811 ,  0.12932816, -0.45692438, -0.39604867, -0.11061318,
       -0.22657866,  0.35143755, -0.4962326 ,  0.24206744, -0.24773128,
       -0.1561457 ,  0.06308472, -0.06220185,  0.01363499, -0.00497033,
       -0.11777813, -0.15147358,  0.09323308, -0.19993818, -0.37825237,
        0.39470021]) 

Generation: 618 
 - Generation Avg Fit: 0.5134555596229665 
 - Best Fitness: 34.8407203543787
 - Best Solution: array([-0.03652435,  0.43557232, -0.34378842,  0.33950269,  0.35941164,
       -0.12422433,  0.36262979, -0.18102567, -0.19470047,  0.29105356,
       -0.34310094, -0.18805526, -0.16267104,  0.473271  ,  0.22564147,
        0.0081811 ,  0.12932816, -0.45692438, -0.39604867, -0.11061318,
       -0.22657866,  0.35143755, -0.4962326 ,  0.24206744, -0.24773128,
       -0.1561457 ,  0.06308472, -0.06220185,  0.01363499, -0.00497033,
       -0.11777813, -0.15147358,  0.09323308, -0.19993818, -0.37825237,
        0.39470021]) 

Generation: 619 
 - Generation Avg Fit: 0.5134555596229665 
 - Best Fitness: 34.8407203543787
 - Best Solution: array([-0.03652435,  0.43557232, -0.34378842,  0.33950269,  0.35941164,
       -0.12422433,  0.36262979, -0.18102567, -0.19470047,  0.29105356,
       -0.34310094, -0.18805526, -0.16267104,  0.473271  ,  0.22564147,
        0.0081811 ,  0.12932816, -0.45692438, -0.39604867, -0.11061318,
       -0.22657866,  0.35143755, -0.4962326 ,  0.24206744, -0.24773128,
       -0.1561457 ,  0.06308472, -0.06220185,  0.01363499, -0.00497033,
       -0.11777813, -0.15147358,  0.09323308, -0.19993818, -0.37825237,
        0.39470021]) 

Generation: 620 
 - Generation Avg Fit: 0.5134555596229665 
 - Best Fitness: 34.8407203543787
 - Best Solution: array([-0.03652435,  0.43557232, -0.34378842,  0.33950269,  0.35941164,
       -0.12422433,  0.36262979, -0.18102567, -0.19470047,  0.29105356,
       -0.34310094, -0.18805526, -0.16267104,  0.473271  ,  0.22564147,
        0.0081811 ,  0.12932816, -0.45692438, -0.39604867, -0.11061318,
       -0.22657866,  0.35143755, -0.4962326 ,  0.24206744, -0.24773128,
       -0.1561457 ,  0.06308472, -0.06220185,  0.01363499, -0.00497033,
       -0.11777813, -0.15147358,  0.09323308, -0.19993818, -0.37825237,
        0.39470021]) 

Generation: 621 
 - Generation Avg Fit: 0.5134555596229665 
 - Best Fitness: 34.8407203543787
 - Best Solution: array([-0.03652435,  0.43557232, -0.34378842,  0.33950269,  0.35941164,
       -0.12422433,  0.36262979, -0.18102567, -0.19470047,  0.29105356,
       -0.34310094, -0.18805526, -0.16267104,  0.473271  ,  0.22564147,
        0.0081811 ,  0.12932816, -0.45692438, -0.39604867, -0.11061318,
       -0.22657866,  0.35143755, -0.4962326 ,  0.24206744, -0.24773128,
       -0.1561457 ,  0.06308472, -0.06220185,  0.01363499, -0.00497033,
       -0.11777813, -0.15147358,  0.09323308, -0.19993818, -0.37825237,
        0.39470021]) 

Generation: 622 
 - Generation Avg Fit: 0.5134555596229665 
 - Best Fitness: 34.8407203543787
 - Best Solution: array([-0.03652435,  0.43557232, -0.34378842,  0.33950269,  0.35941164,
       -0.12422433,  0.36262979, -0.18102567, -0.19470047,  0.29105356,
       -0.34310094, -0.18805526, -0.16267104,  0.473271  ,  0.22564147,
        0.0081811 ,  0.12932816, -0.45692438, -0.39604867, -0.11061318,
       -0.22657866,  0.35143755, -0.4962326 ,  0.24206744, -0.24773128,
       -0.1561457 ,  0.06308472, -0.06220185,  0.01363499, -0.00497033,
       -0.11777813, -0.15147358,  0.09323308, -0.19993818, -0.37825237,
        0.39470021]) 

Generation: 623 
 - Generation Avg Fit: 0.5134555596229665 
 - Best Fitness: 34.8407203543787
 - Best Solution: array([-0.03652435,  0.43557232, -0.34378842,  0.33950269,  0.35941164,
       -0.12422433,  0.36262979, -0.18102567, -0.19470047,  0.29105356,
       -0.34310094, -0.18805526, -0.16267104,  0.473271  ,  0.22564147,
        0.0081811 ,  0.12932816, -0.45692438, -0.39604867, -0.11061318,
       -0.22657866,  0.35143755, -0.4962326 ,  0.24206744, -0.24773128,
       -0.1561457 ,  0.06308472, -0.06220185,  0.01363499, -0.00497033,
       -0.11777813, -0.15147358,  0.09323308, -0.19993818, -0.37825237,
        0.39470021]) 

Generation: 624 
 - Generation Avg Fit: 0.5134555596229665 
 - Best Fitness: 34.8407203543787
 - Best Solution: array([-0.03652435,  0.43557232, -0.34378842,  0.33950269,  0.35941164,
       -0.12422433,  0.36262979, -0.18102567, -0.19470047,  0.29105356,
       -0.34310094, -0.18805526, -0.16267104,  0.473271  ,  0.22564147,
        0.0081811 ,  0.12932816, -0.45692438, -0.39604867, -0.11061318,
       -0.22657866,  0.35143755, -0.4962326 ,  0.24206744, -0.24773128,
       -0.1561457 ,  0.06308472, -0.06220185,  0.01363499, -0.00497033,
       -0.11777813, -0.15147358,  0.09323308, -0.19993818, -0.37825237,
        0.39470021]) 

Generation: 625 
 - Generation Avg Fit: 0.5134555596229665 
 - Best Fitness: 34.8407203543787
 - Best Solution: array([-0.03652435,  0.43557232, -0.34378842,  0.33950269,  0.35941164,
       -0.12422433,  0.36262979, -0.18102567, -0.19470047,  0.29105356,
       -0.34310094, -0.18805526, -0.16267104,  0.473271  ,  0.22564147,
        0.0081811 ,  0.12932816, -0.45692438, -0.39604867, -0.11061318,
       -0.22657866,  0.35143755, -0.4962326 ,  0.24206744, -0.24773128,
       -0.1561457 ,  0.06308472, -0.06220185,  0.01363499, -0.00497033,
       -0.11777813, -0.15147358,  0.09323308, -0.19993818, -0.37825237,
        0.39470021]) 

Generation: 626 
 - Generation Avg Fit: 0.5134555596229665 
 - Best Fitness: 34.8407203543787
 - Best Solution: array([-0.03652435,  0.43557232, -0.34378842,  0.33950269,  0.35941164,
       -0.12422433,  0.36262979, -0.18102567, -0.19470047,  0.29105356,
       -0.34310094, -0.18805526, -0.16267104,  0.473271  ,  0.22564147,
        0.0081811 ,  0.12932816, -0.45692438, -0.39604867, -0.11061318,
       -0.22657866,  0.35143755, -0.4962326 ,  0.24206744, -0.24773128,
       -0.1561457 ,  0.06308472, -0.06220185,  0.01363499, -0.00497033,
       -0.11777813, -0.15147358,  0.09323308, -0.19993818, -0.37825237,
        0.39470021]) 

Generation: 627 
 - Generation Avg Fit: 0.5134555596229665 
 - Best Fitness: 34.8407203543787
 - Best Solution: array([-0.03652435,  0.43557232, -0.34378842,  0.33950269,  0.35941164,
       -0.12422433,  0.36262979, -0.18102567, -0.19470047,  0.29105356,
       -0.34310094, -0.18805526, -0.16267104,  0.473271  ,  0.22564147,
        0.0081811 ,  0.12932816, -0.45692438, -0.39604867, -0.11061318,
       -0.22657866,  0.35143755, -0.4962326 ,  0.24206744, -0.24773128,
       -0.1561457 ,  0.06308472, -0.06220185,  0.01363499, -0.00497033,
       -0.11777813, -0.15147358,  0.09323308, -0.19993818, -0.37825237,
        0.39470021]) 

Generation: 628 
 - Generation Avg Fit: 0.5134555596229665 
 - Best Fitness: 34.8407203543787
 - Best Solution: array([-0.03652435,  0.43557232, -0.34378842,  0.33950269,  0.35941164,
       -0.12422433,  0.36262979, -0.18102567, -0.19470047,  0.29105356,
       -0.34310094, -0.18805526, -0.16267104,  0.473271  ,  0.22564147,
        0.0081811 ,  0.12932816, -0.45692438, -0.39604867, -0.11061318,
       -0.22657866,  0.35143755, -0.4962326 ,  0.24206744, -0.24773128,
       -0.1561457 ,  0.06308472, -0.06220185,  0.01363499, -0.00497033,
       -0.11777813, -0.15147358,  0.09323308, -0.19993818, -0.37825237,
        0.39470021]) 

Generation: 629 
 - Generation Avg Fit: 0.5134555596229665 
 - Best Fitness: 34.8407203543787
 - Best Solution: array([-0.03652435,  0.43557232, -0.34378842,  0.33950269,  0.35941164,
       -0.12422433,  0.36262979, -0.18102567, -0.19470047,  0.29105356,
       -0.34310094, -0.18805526, -0.16267104,  0.473271  ,  0.22564147,
        0.0081811 ,  0.12932816, -0.45692438, -0.39604867, -0.11061318,
       -0.22657866,  0.35143755, -0.4962326 ,  0.24206744, -0.24773128,
       -0.1561457 ,  0.06308472, -0.06220185,  0.01363499, -0.00497033,
       -0.11777813, -0.15147358,  0.09323308, -0.19993818, -0.37825237,
        0.39470021]) 

Generation: 630 
 - Generation Avg Fit: 0.5134555596229665 
 - Best Fitness: 34.8407203543787
 - Best Solution: array([-0.03652435,  0.43557232, -0.34378842,  0.33950269,  0.35941164,
       -0.12422433,  0.36262979, -0.18102567, -0.19470047,  0.29105356,
       -0.34310094, -0.18805526, -0.16267104,  0.473271  ,  0.22564147,
        0.0081811 ,  0.12932816, -0.45692438, -0.39604867, -0.11061318,
       -0.22657866,  0.35143755, -0.4962326 ,  0.24206744, -0.24773128,
       -0.1561457 ,  0.06308472, -0.06220185,  0.01363499, -0.00497033,
       -0.11777813, -0.15147358,  0.09323308, -0.19993818, -0.37825237,
        0.39470021]) 

Generation: 631 
 - Generation Avg Fit: 0.5134555596229665 
 - Best Fitness: 34.8407203543787
 - Best Solution: array([-0.03652435,  0.43557232, -0.34378842,  0.33950269,  0.35941164,
       -0.12422433,  0.36262979, -0.18102567, -0.19470047,  0.29105356,
       -0.34310094, -0.18805526, -0.16267104,  0.473271  ,  0.22564147,
        0.0081811 ,  0.12932816, -0.45692438, -0.39604867, -0.11061318,
       -0.22657866,  0.35143755, -0.4962326 ,  0.24206744, -0.24773128,
       -0.1561457 ,  0.06308472, -0.06220185,  0.01363499, -0.00497033,
       -0.11777813, -0.15147358,  0.09323308, -0.19993818, -0.37825237,
        0.39470021]) 

Generation: 632 
 - Generation Avg Fit: 0.5134555596229665 
 - Best Fitness: 34.8407203543787
 - Best Solution: array([-0.03652435,  0.43557232, -0.34378842,  0.33950269,  0.35941164,
       -0.12422433,  0.36262979, -0.18102567, -0.19470047,  0.29105356,
       -0.34310094, -0.18805526, -0.16267104,  0.473271  ,  0.22564147,
        0.0081811 ,  0.12932816, -0.45692438, -0.39604867, -0.11061318,
       -0.22657866,  0.35143755, -0.4962326 ,  0.24206744, -0.24773128,
       -0.1561457 ,  0.06308472, -0.06220185,  0.01363499, -0.00497033,
       -0.11777813, -0.15147358,  0.09323308, -0.19993818, -0.37825237,
        0.39470021]) 

Generation: 633 
 - Generation Avg Fit: 0.5134555596229665 
 - Best Fitness: 34.8407203543787
 - Best Solution: array([-0.03652435,  0.43557232, -0.34378842,  0.33950269,  0.35941164,
       -0.12422433,  0.36262979, -0.18102567, -0.19470047,  0.29105356,
       -0.34310094, -0.18805526, -0.16267104,  0.473271  ,  0.22564147,
        0.0081811 ,  0.12932816, -0.45692438, -0.39604867, -0.11061318,
       -0.22657866,  0.35143755, -0.4962326 ,  0.24206744, -0.24773128,
       -0.1561457 ,  0.06308472, -0.06220185,  0.01363499, -0.00497033,
       -0.11777813, -0.15147358,  0.09323308, -0.19993818, -0.37825237,
        0.39470021]) 

Generation: 634 
 - Generation Avg Fit: 0.5134555596229665 
 - Best Fitness: 34.8407203543787
 - Best Solution: array([-0.03652435,  0.43557232, -0.34378842,  0.33950269,  0.35941164,
       -0.12422433,  0.36262979, -0.18102567, -0.19470047,  0.29105356,
       -0.34310094, -0.18805526, -0.16267104,  0.473271  ,  0.22564147,
        0.0081811 ,  0.12932816, -0.45692438, -0.39604867, -0.11061318,
       -0.22657866,  0.35143755, -0.4962326 ,  0.24206744, -0.24773128,
       -0.1561457 ,  0.06308472, -0.06220185,  0.01363499, -0.00497033,
       -0.11777813, -0.15147358,  0.09323308, -0.19993818, -0.37825237,
        0.39470021]) 

Generation: 635 
 - Generation Avg Fit: 0.5134555596229665 
 - Best Fitness: 34.8407203543787
 - Best Solution: array([-0.03652435,  0.43557232, -0.34378842,  0.33950269,  0.35941164,
       -0.12422433,  0.36262979, -0.18102567, -0.19470047,  0.29105356,
       -0.34310094, -0.18805526, -0.16267104,  0.473271  ,  0.22564147,
        0.0081811 ,  0.12932816, -0.45692438, -0.39604867, -0.11061318,
       -0.22657866,  0.35143755, -0.4962326 ,  0.24206744, -0.24773128,
       -0.1561457 ,  0.06308472, -0.06220185,  0.01363499, -0.00497033,
       -0.11777813, -0.15147358,  0.09323308, -0.19993818, -0.37825237,
        0.39470021]) 

Generation: 636 
 - Generation Avg Fit: 0.5134555596229665 
 - Best Fitness: 34.8407203543787
 - Best Solution: array([-0.03652435,  0.43557232, -0.34378842,  0.33950269,  0.35941164,
       -0.12422433,  0.36262979, -0.18102567, -0.19470047,  0.29105356,
       -0.34310094, -0.18805526, -0.16267104,  0.473271  ,  0.22564147,
        0.0081811 ,  0.12932816, -0.45692438, -0.39604867, -0.11061318,
       -0.22657866,  0.35143755, -0.4962326 ,  0.24206744, -0.24773128,
       -0.1561457 ,  0.06308472, -0.06220185,  0.01363499, -0.00497033,
       -0.11777813, -0.15147358,  0.09323308, -0.19993818, -0.37825237,
        0.39470021]) 

Generation: 637 
 - Generation Avg Fit: 0.5134555596229665 
 - Best Fitness: 34.8407203543787
 - Best Solution: array([-0.03652435,  0.43557232, -0.34378842,  0.33950269,  0.35941164,
       -0.12422433,  0.36262979, -0.18102567, -0.19470047,  0.29105356,
       -0.34310094, -0.18805526, -0.16267104,  0.473271  ,  0.22564147,
        0.0081811 ,  0.12932816, -0.45692438, -0.39604867, -0.11061318,
       -0.22657866,  0.35143755, -0.4962326 ,  0.24206744, -0.24773128,
       -0.1561457 ,  0.06308472, -0.06220185,  0.01363499, -0.00497033,
       -0.11777813, -0.15147358,  0.09323308, -0.19993818, -0.37825237,
        0.39470021]) 

Generation: 638 
 - Generation Avg Fit: 0.5134555596229665 
 - Best Fitness: 34.8407203543787
 - Best Solution: array([-0.03652435,  0.43557232, -0.34378842,  0.33950269,  0.35941164,
       -0.12422433,  0.36262979, -0.18102567, -0.19470047,  0.29105356,
       -0.34310094, -0.18805526, -0.16267104,  0.473271  ,  0.22564147,
        0.0081811 ,  0.12932816, -0.45692438, -0.39604867, -0.11061318,
       -0.22657866,  0.35143755, -0.4962326 ,  0.24206744, -0.24773128,
       -0.1561457 ,  0.06308472, -0.06220185,  0.01363499, -0.00497033,
       -0.11777813, -0.15147358,  0.09323308, -0.19993818, -0.37825237,
        0.39470021]) 

Generation: 639 
 - Generation Avg Fit: 0.5134555596229665 
 - Best Fitness: 34.8407203543787
 - Best Solution: array([-0.03652435,  0.43557232, -0.34378842,  0.33950269,  0.35941164,
       -0.12422433,  0.36262979, -0.18102567, -0.19470047,  0.29105356,
       -0.34310094, -0.18805526, -0.16267104,  0.473271  ,  0.22564147,
        0.0081811 ,  0.12932816, -0.45692438, -0.39604867, -0.11061318,
       -0.22657866,  0.35143755, -0.4962326 ,  0.24206744, -0.24773128,
       -0.1561457 ,  0.06308472, -0.06220185,  0.01363499, -0.00497033,
       -0.11777813, -0.15147358,  0.09323308, -0.19993818, -0.37825237,
        0.39470021]) 

Generation: 640 
 - Generation Avg Fit: 0.5134555596229665 
 - Best Fitness: 34.8407203543787
 - Best Solution: array([-0.03652435,  0.43557232, -0.34378842,  0.33950269,  0.35941164,
       -0.12422433,  0.36262979, -0.18102567, -0.19470047,  0.29105356,
       -0.34310094, -0.18805526, -0.16267104,  0.473271  ,  0.22564147,
        0.0081811 ,  0.12932816, -0.45692438, -0.39604867, -0.11061318,
       -0.22657866,  0.35143755, -0.4962326 ,  0.24206744, -0.24773128,
       -0.1561457 ,  0.06308472, -0.06220185,  0.01363499, -0.00497033,
       -0.11777813, -0.15147358,  0.09323308, -0.19993818, -0.37825237,
        0.39470021]) 

Generation: 641 
 - Generation Avg Fit: 0.5134555596229665 
 - Best Fitness: 34.8407203543787
 - Best Solution: array([-0.03652435,  0.43557232, -0.34378842,  0.33950269,  0.35941164,
       -0.12422433,  0.36262979, -0.18102567, -0.19470047,  0.29105356,
       -0.34310094, -0.18805526, -0.16267104,  0.473271  ,  0.22564147,
        0.0081811 ,  0.12932816, -0.45692438, -0.39604867, -0.11061318,
       -0.22657866,  0.35143755, -0.4962326 ,  0.24206744, -0.24773128,
       -0.1561457 ,  0.06308472, -0.06220185,  0.01363499, -0.00497033,
       -0.11777813, -0.15147358,  0.09323308, -0.19993818, -0.37825237,
        0.39470021]) 

Generation: 642 
 - Generation Avg Fit: 0.5134555596229665 
 - Best Fitness: 34.8407203543787
 - Best Solution: array([-0.03652435,  0.43557232, -0.34378842,  0.33950269,  0.35941164,
       -0.12422433,  0.36262979, -0.18102567, -0.19470047,  0.29105356,
       -0.34310094, -0.18805526, -0.16267104,  0.473271  ,  0.22564147,
        0.0081811 ,  0.12932816, -0.45692438, -0.39604867, -0.11061318,
       -0.22657866,  0.35143755, -0.4962326 ,  0.24206744, -0.24773128,
       -0.1561457 ,  0.06308472, -0.06220185,  0.01363499, -0.00497033,
       -0.11777813, -0.15147358,  0.09323308, -0.19993818, -0.37825237,
        0.39470021]) 

Generation: 643 
 - Generation Avg Fit: 0.5134555596229665 
 - Best Fitness: 34.8407203543787
 - Best Solution: array([-0.03652435,  0.43557232, -0.34378842,  0.33950269,  0.35941164,
       -0.12422433,  0.36262979, -0.18102567, -0.19470047,  0.29105356,
       -0.34310094, -0.18805526, -0.16267104,  0.473271  ,  0.22564147,
        0.0081811 ,  0.12932816, -0.45692438, -0.39604867, -0.11061318,
       -0.22657866,  0.35143755, -0.4962326 ,  0.24206744, -0.24773128,
       -0.1561457 ,  0.06308472, -0.06220185,  0.01363499, -0.00497033,
       -0.11777813, -0.15147358,  0.09323308, -0.19993818, -0.37825237,
        0.39470021]) 

Generation: 644 
 - Generation Avg Fit: 0.5134555596229665 
 - Best Fitness: 34.8407203543787
 - Best Solution: array([-0.03652435,  0.43557232, -0.34378842,  0.33950269,  0.35941164,
       -0.12422433,  0.36262979, -0.18102567, -0.19470047,  0.29105356,
       -0.34310094, -0.18805526, -0.16267104,  0.473271  ,  0.22564147,
        0.0081811 ,  0.12932816, -0.45692438, -0.39604867, -0.11061318,
       -0.22657866,  0.35143755, -0.4962326 ,  0.24206744, -0.24773128,
       -0.1561457 ,  0.06308472, -0.06220185,  0.01363499, -0.00497033,
       -0.11777813, -0.15147358,  0.09323308, -0.19993818, -0.37825237,
        0.39470021]) 

Generation: 645 
 - Generation Avg Fit: 0.5134555596229665 
 - Best Fitness: 34.8407203543787
 - Best Solution: array([-0.03652435,  0.43557232, -0.34378842,  0.33950269,  0.35941164,
       -0.12422433,  0.36262979, -0.18102567, -0.19470047,  0.29105356,
       -0.34310094, -0.18805526, -0.16267104,  0.473271  ,  0.22564147,
        0.0081811 ,  0.12932816, -0.45692438, -0.39604867, -0.11061318,
       -0.22657866,  0.35143755, -0.4962326 ,  0.24206744, -0.24773128,
       -0.1561457 ,  0.06308472, -0.06220185,  0.01363499, -0.00497033,
       -0.11777813, -0.15147358,  0.09323308, -0.19993818, -0.37825237,
        0.39470021]) 

Generation: 646 
 - Generation Avg Fit: 0.5134555596229665 
 - Best Fitness: 34.8407203543787
 - Best Solution: array([-0.03652435,  0.43557232, -0.34378842,  0.33950269,  0.35941164,
       -0.12422433,  0.36262979, -0.18102567, -0.19470047,  0.29105356,
       -0.34310094, -0.18805526, -0.16267104,  0.473271  ,  0.22564147,
        0.0081811 ,  0.12932816, -0.45692438, -0.39604867, -0.11061318,
       -0.22657866,  0.35143755, -0.4962326 ,  0.24206744, -0.24773128,
       -0.1561457 ,  0.06308472, -0.06220185,  0.01363499, -0.00497033,
       -0.11777813, -0.15147358,  0.09323308, -0.19993818, -0.37825237,
        0.39470021]) 

Generation: 647 
 - Generation Avg Fit: 0.5134555596229665 
 - Best Fitness: 34.8407203543787
 - Best Solution: array([-0.03652435,  0.43557232, -0.34378842,  0.33950269,  0.35941164,
       -0.12422433,  0.36262979, -0.18102567, -0.19470047,  0.29105356,
       -0.34310094, -0.18805526, -0.16267104,  0.473271  ,  0.22564147,
        0.0081811 ,  0.12932816, -0.45692438, -0.39604867, -0.11061318,
       -0.22657866,  0.35143755, -0.4962326 ,  0.24206744, -0.24773128,
       -0.1561457 ,  0.06308472, -0.06220185,  0.01363499, -0.00497033,
       -0.11777813, -0.15147358,  0.09323308, -0.19993818, -0.37825237,
        0.39470021]) 

Generation: 648 
 - Generation Avg Fit: 0.5134555596229665 
 - Best Fitness: 34.8407203543787
 - Best Solution: array([-0.03652435,  0.43557232, -0.34378842,  0.33950269,  0.35941164,
       -0.12422433,  0.36262979, -0.18102567, -0.19470047,  0.29105356,
       -0.34310094, -0.18805526, -0.16267104,  0.473271  ,  0.22564147,
        0.0081811 ,  0.12932816, -0.45692438, -0.39604867, -0.11061318,
       -0.22657866,  0.35143755, -0.4962326 ,  0.24206744, -0.24773128,
       -0.1561457 ,  0.06308472, -0.06220185,  0.01363499, -0.00497033,
       -0.11777813, -0.15147358,  0.09323308, -0.19993818, -0.37825237,
        0.39470021]) 

Generation: 649 
 - Generation Avg Fit: 0.5134555596229665 
 - Best Fitness: 34.8407203543787
 - Best Solution: array([-0.03652435,  0.43557232, -0.34378842,  0.33950269,  0.35941164,
       -0.12422433,  0.36262979, -0.18102567, -0.19470047,  0.29105356,
       -0.34310094, -0.18805526, -0.16267104,  0.473271  ,  0.22564147,
        0.0081811 ,  0.12932816, -0.45692438, -0.39604867, -0.11061318,
       -0.22657866,  0.35143755, -0.4962326 ,  0.24206744, -0.24773128,
       -0.1561457 ,  0.06308472, -0.06220185,  0.01363499, -0.00497033,
       -0.11777813, -0.15147358,  0.09323308, -0.19993818, -0.37825237,
        0.39470021]) 

Generation: 650 
 - Generation Avg Fit: 0.5134555596229665 
 - Best Fitness: 34.8407203543787
 - Best Solution: array([-0.03652435,  0.43557232, -0.34378842,  0.33950269,  0.35941164,
       -0.12422433,  0.36262979, -0.18102567, -0.19470047,  0.29105356,
       -0.34310094, -0.18805526, -0.16267104,  0.473271  ,  0.22564147,
        0.0081811 ,  0.12932816, -0.45692438, -0.39604867, -0.11061318,
       -0.22657866,  0.35143755, -0.4962326 ,  0.24206744, -0.24773128,
       -0.1561457 ,  0.06308472, -0.06220185,  0.01363499, -0.00497033,
       -0.11777813, -0.15147358,  0.09323308, -0.19993818, -0.37825237,
        0.39470021]) 

Generation: 651 
 - Generation Avg Fit: 0.5134555596229665 
 - Best Fitness: 34.8407203543787
 - Best Solution: array([-0.03652435,  0.43557232, -0.34378842,  0.33950269,  0.35941164,
       -0.12422433,  0.36262979, -0.18102567, -0.19470047,  0.29105356,
       -0.34310094, -0.18805526, -0.16267104,  0.473271  ,  0.22564147,
        0.0081811 ,  0.12932816, -0.45692438, -0.39604867, -0.11061318,
       -0.22657866,  0.35143755, -0.4962326 ,  0.24206744, -0.24773128,
       -0.1561457 ,  0.06308472, -0.06220185,  0.01363499, -0.00497033,
       -0.11777813, -0.15147358,  0.09323308, -0.19993818, -0.37825237,
        0.39470021]) 

Generation: 652 
 - Generation Avg Fit: 0.5134555596229665 
 - Best Fitness: 34.8407203543787
 - Best Solution: array([-0.03652435,  0.43557232, -0.34378842,  0.33950269,  0.35941164,
       -0.12422433,  0.36262979, -0.18102567, -0.19470047,  0.29105356,
       -0.34310094, -0.18805526, -0.16267104,  0.473271  ,  0.22564147,
        0.0081811 ,  0.12932816, -0.45692438, -0.39604867, -0.11061318,
       -0.22657866,  0.35143755, -0.4962326 ,  0.24206744, -0.24773128,
       -0.1561457 ,  0.06308472, -0.06220185,  0.01363499, -0.00497033,
       -0.11777813, -0.15147358,  0.09323308, -0.19993818, -0.37825237,
        0.39470021]) 

Generation: 653 
 - Generation Avg Fit: 0.5134555596229665 
 - Best Fitness: 34.8407203543787
 - Best Solution: array([-0.03652435,  0.43557232, -0.34378842,  0.33950269,  0.35941164,
       -0.12422433,  0.36262979, -0.18102567, -0.19470047,  0.29105356,
       -0.34310094, -0.18805526, -0.16267104,  0.473271  ,  0.22564147,
        0.0081811 ,  0.12932816, -0.45692438, -0.39604867, -0.11061318,
       -0.22657866,  0.35143755, -0.4962326 ,  0.24206744, -0.24773128,
       -0.1561457 ,  0.06308472, -0.06220185,  0.01363499, -0.00497033,
       -0.11777813, -0.15147358,  0.09323308, -0.19993818, -0.37825237,
        0.39470021]) 

Generation: 654 
 - Generation Avg Fit: 0.5134555596229665 
 - Best Fitness: 34.8407203543787
 - Best Solution: array([-0.03652435,  0.43557232, -0.34378842,  0.33950269,  0.35941164,
       -0.12422433,  0.36262979, -0.18102567, -0.19470047,  0.29105356,
       -0.34310094, -0.18805526, -0.16267104,  0.473271  ,  0.22564147,
        0.0081811 ,  0.12932816, -0.45692438, -0.39604867, -0.11061318,
       -0.22657866,  0.35143755, -0.4962326 ,  0.24206744, -0.24773128,
       -0.1561457 ,  0.06308472, -0.06220185,  0.01363499, -0.00497033,
       -0.11777813, -0.15147358,  0.09323308, -0.19993818, -0.37825237,
        0.39470021]) 

Generation: 655 
 - Generation Avg Fit: 0.5134555596229665 
 - Best Fitness: 34.8407203543787
 - Best Solution: array([-0.03652435,  0.43557232, -0.34378842,  0.33950269,  0.35941164,
       -0.12422433,  0.36262979, -0.18102567, -0.19470047,  0.29105356,
       -0.34310094, -0.18805526, -0.16267104,  0.473271  ,  0.22564147,
        0.0081811 ,  0.12932816, -0.45692438, -0.39604867, -0.11061318,
       -0.22657866,  0.35143755, -0.4962326 ,  0.24206744, -0.24773128,
       -0.1561457 ,  0.06308472, -0.06220185,  0.01363499, -0.00497033,
       -0.11777813, -0.15147358,  0.09323308, -0.19993818, -0.37825237,
        0.39470021]) 

Generation: 656 
 - Generation Avg Fit: 0.5134555596229665 
 - Best Fitness: 34.8407203543787
 - Best Solution: array([-0.03652435,  0.43557232, -0.34378842,  0.33950269,  0.35941164,
       -0.12422433,  0.36262979, -0.18102567, -0.19470047,  0.29105356,
       -0.34310094, -0.18805526, -0.16267104,  0.473271  ,  0.22564147,
        0.0081811 ,  0.12932816, -0.45692438, -0.39604867, -0.11061318,
       -0.22657866,  0.35143755, -0.4962326 ,  0.24206744, -0.24773128,
       -0.1561457 ,  0.06308472, -0.06220185,  0.01363499, -0.00497033,
       -0.11777813, -0.15147358,  0.09323308, -0.19993818, -0.37825237,
        0.39470021]) 

Generation: 657 
 - Generation Avg Fit: 0.5134555596229665 
 - Best Fitness: 34.8407203543787
 - Best Solution: array([-0.03652435,  0.43557232, -0.34378842,  0.33950269,  0.35941164,
       -0.12422433,  0.36262979, -0.18102567, -0.19470047,  0.29105356,
       -0.34310094, -0.18805526, -0.16267104,  0.473271  ,  0.22564147,
        0.0081811 ,  0.12932816, -0.45692438, -0.39604867, -0.11061318,
       -0.22657866,  0.35143755, -0.4962326 ,  0.24206744, -0.24773128,
       -0.1561457 ,  0.06308472, -0.06220185,  0.01363499, -0.00497033,
       -0.11777813, -0.15147358,  0.09323308, -0.19993818, -0.37825237,
        0.39470021]) 

Generation: 658 
 - Generation Avg Fit: 0.5134555596229665 
 - Best Fitness: 34.8407203543787
 - Best Solution: array([-0.03652435,  0.43557232, -0.34378842,  0.33950269,  0.35941164,
       -0.12422433,  0.36262979, -0.18102567, -0.19470047,  0.29105356,
       -0.34310094, -0.18805526, -0.16267104,  0.473271  ,  0.22564147,
        0.0081811 ,  0.12932816, -0.45692438, -0.39604867, -0.11061318,
       -0.22657866,  0.35143755, -0.4962326 ,  0.24206744, -0.24773128,
       -0.1561457 ,  0.06308472, -0.06220185,  0.01363499, -0.00497033,
       -0.11777813, -0.15147358,  0.09323308, -0.19993818, -0.37825237,
        0.39470021]) 

Generation: 659 
 - Generation Avg Fit: 0.5134555596229665 
 - Best Fitness: 34.8407203543787
 - Best Solution: array([-0.03652435,  0.43557232, -0.34378842,  0.33950269,  0.35941164,
       -0.12422433,  0.36262979, -0.18102567, -0.19470047,  0.29105356,
       -0.34310094, -0.18805526, -0.16267104,  0.473271  ,  0.22564147,
        0.0081811 ,  0.12932816, -0.45692438, -0.39604867, -0.11061318,
       -0.22657866,  0.35143755, -0.4962326 ,  0.24206744, -0.24773128,
       -0.1561457 ,  0.06308472, -0.06220185,  0.01363499, -0.00497033,
       -0.11777813, -0.15147358,  0.09323308, -0.19993818, -0.37825237,
        0.39470021]) 

Generation: 660 
 - Generation Avg Fit: 0.5134555596229665 
 - Best Fitness: 34.8407203543787
 - Best Solution: array([-0.03652435,  0.43557232, -0.34378842,  0.33950269,  0.35941164,
       -0.12422433,  0.36262979, -0.18102567, -0.19470047,  0.29105356,
       -0.34310094, -0.18805526, -0.16267104,  0.473271  ,  0.22564147,
        0.0081811 ,  0.12932816, -0.45692438, -0.39604867, -0.11061318,
       -0.22657866,  0.35143755, -0.4962326 ,  0.24206744, -0.24773128,
       -0.1561457 ,  0.06308472, -0.06220185,  0.01363499, -0.00497033,
       -0.11777813, -0.15147358,  0.09323308, -0.19993818, -0.37825237,
        0.39470021]) 

Generation: 661 
 - Generation Avg Fit: 0.5134555596229665 
 - Best Fitness: 34.8407203543787
 - Best Solution: array([-0.03652435,  0.43557232, -0.34378842,  0.33950269,  0.35941164,
       -0.12422433,  0.36262979, -0.18102567, -0.19470047,  0.29105356,
       -0.34310094, -0.18805526, -0.16267104,  0.473271  ,  0.22564147,
        0.0081811 ,  0.12932816, -0.45692438, -0.39604867, -0.11061318,
       -0.22657866,  0.35143755, -0.4962326 ,  0.24206744, -0.24773128,
       -0.1561457 ,  0.06308472, -0.06220185,  0.01363499, -0.00497033,
       -0.11777813, -0.15147358,  0.09323308, -0.19993818, -0.37825237,
        0.39470021]) 

Generation: 662 
 - Generation Avg Fit: 0.5134555596229665 
 - Best Fitness: 34.8407203543787
 - Best Solution: array([-0.03652435,  0.43557232, -0.34378842,  0.33950269,  0.35941164,
       -0.12422433,  0.36262979, -0.18102567, -0.19470047,  0.29105356,
       -0.34310094, -0.18805526, -0.16267104,  0.473271  ,  0.22564147,
        0.0081811 ,  0.12932816, -0.45692438, -0.39604867, -0.11061318,
       -0.22657866,  0.35143755, -0.4962326 ,  0.24206744, -0.24773128,
       -0.1561457 ,  0.06308472, -0.06220185,  0.01363499, -0.00497033,
       -0.11777813, -0.15147358,  0.09323308, -0.19993818, -0.37825237,
        0.39470021]) 

Generation: 663 
 - Generation Avg Fit: 0.5134555596229665 
 - Best Fitness: 34.8407203543787
 - Best Solution: array([-0.03652435,  0.43557232, -0.34378842,  0.33950269,  0.35941164,
       -0.12422433,  0.36262979, -0.18102567, -0.19470047,  0.29105356,
       -0.34310094, -0.18805526, -0.16267104,  0.473271  ,  0.22564147,
        0.0081811 ,  0.12932816, -0.45692438, -0.39604867, -0.11061318,
       -0.22657866,  0.35143755, -0.4962326 ,  0.24206744, -0.24773128,
       -0.1561457 ,  0.06308472, -0.06220185,  0.01363499, -0.00497033,
       -0.11777813, -0.15147358,  0.09323308, -0.19993818, -0.37825237,
        0.39470021]) 

Generation: 664 
 - Generation Avg Fit: 0.5134555596229665 
 - Best Fitness: 34.8407203543787
 - Best Solution: array([-0.03652435,  0.43557232, -0.34378842,  0.33950269,  0.35941164,
       -0.12422433,  0.36262979, -0.18102567, -0.19470047,  0.29105356,
       -0.34310094, -0.18805526, -0.16267104,  0.473271  ,  0.22564147,
        0.0081811 ,  0.12932816, -0.45692438, -0.39604867, -0.11061318,
       -0.22657866,  0.35143755, -0.4962326 ,  0.24206744, -0.24773128,
       -0.1561457 ,  0.06308472, -0.06220185,  0.01363499, -0.00497033,
       -0.11777813, -0.15147358,  0.09323308, -0.19993818, -0.37825237,
        0.39470021]) 

Generation: 665 
 - Generation Avg Fit: 0.5134555596229665 
 - Best Fitness: 34.8407203543787
 - Best Solution: array([-0.03652435,  0.43557232, -0.34378842,  0.33950269,  0.35941164,
       -0.12422433,  0.36262979, -0.18102567, -0.19470047,  0.29105356,
       -0.34310094, -0.18805526, -0.16267104,  0.473271  ,  0.22564147,
        0.0081811 ,  0.12932816, -0.45692438, -0.39604867, -0.11061318,
       -0.22657866,  0.35143755, -0.4962326 ,  0.24206744, -0.24773128,
       -0.1561457 ,  0.06308472, -0.06220185,  0.01363499, -0.00497033,
       -0.11777813, -0.15147358,  0.09323308, -0.19993818, -0.37825237,
        0.39470021]) 

Generation: 666 
 - Generation Avg Fit: 0.5134555596229665 
 - Best Fitness: 34.8407203543787
 - Best Solution: array([-0.03652435,  0.43557232, -0.34378842,  0.33950269,  0.35941164,
       -0.12422433,  0.36262979, -0.18102567, -0.19470047,  0.29105356,
       -0.34310094, -0.18805526, -0.16267104,  0.473271  ,  0.22564147,
        0.0081811 ,  0.12932816, -0.45692438, -0.39604867, -0.11061318,
       -0.22657866,  0.35143755, -0.4962326 ,  0.24206744, -0.24773128,
       -0.1561457 ,  0.06308472, -0.06220185,  0.01363499, -0.00497033,
       -0.11777813, -0.15147358,  0.09323308, -0.19993818, -0.37825237,
        0.39470021]) 

Generation: 667 
 - Generation Avg Fit: 0.5134555596229665 
 - Best Fitness: 34.8407203543787
 - Best Solution: array([-0.03652435,  0.43557232, -0.34378842,  0.33950269,  0.35941164,
       -0.12422433,  0.36262979, -0.18102567, -0.19470047,  0.29105356,
       -0.34310094, -0.18805526, -0.16267104,  0.473271  ,  0.22564147,
        0.0081811 ,  0.12932816, -0.45692438, -0.39604867, -0.11061318,
       -0.22657866,  0.35143755, -0.4962326 ,  0.24206744, -0.24773128,
       -0.1561457 ,  0.06308472, -0.06220185,  0.01363499, -0.00497033,
       -0.11777813, -0.15147358,  0.09323308, -0.19993818, -0.37825237,
        0.39470021]) 

Generation: 668 
 - Generation Avg Fit: 0.5134555596229665 
 - Best Fitness: 34.8407203543787
 - Best Solution: array([-0.03652435,  0.43557232, -0.34378842,  0.33950269,  0.35941164,
       -0.12422433,  0.36262979, -0.18102567, -0.19470047,  0.29105356,
       -0.34310094, -0.18805526, -0.16267104,  0.473271  ,  0.22564147,
        0.0081811 ,  0.12932816, -0.45692438, -0.39604867, -0.11061318,
       -0.22657866,  0.35143755, -0.4962326 ,  0.24206744, -0.24773128,
       -0.1561457 ,  0.06308472, -0.06220185,  0.01363499, -0.00497033,
       -0.11777813, -0.15147358,  0.09323308, -0.19993818, -0.37825237,
        0.39470021]) 

Generation: 669 
 - Generation Avg Fit: 0.5134555596229665 
 - Best Fitness: 34.8407203543787
 - Best Solution: array([-0.03652435,  0.43557232, -0.34378842,  0.33950269,  0.35941164,
       -0.12422433,  0.36262979, -0.18102567, -0.19470047,  0.29105356,
       -0.34310094, -0.18805526, -0.16267104,  0.473271  ,  0.22564147,
        0.0081811 ,  0.12932816, -0.45692438, -0.39604867, -0.11061318,
       -0.22657866,  0.35143755, -0.4962326 ,  0.24206744, -0.24773128,
       -0.1561457 ,  0.06308472, -0.06220185,  0.01363499, -0.00497033,
       -0.11777813, -0.15147358,  0.09323308, -0.19993818, -0.37825237,
        0.39470021]) 

Generation: 670 
 - Generation Avg Fit: 0.5134555596229665 
 - Best Fitness: 34.8407203543787
 - Best Solution: array([-0.03652435,  0.43557232, -0.34378842,  0.33950269,  0.35941164,
       -0.12422433,  0.36262979, -0.18102567, -0.19470047,  0.29105356,
       -0.34310094, -0.18805526, -0.16267104,  0.473271  ,  0.22564147,
        0.0081811 ,  0.12932816, -0.45692438, -0.39604867, -0.11061318,
       -0.22657866,  0.35143755, -0.4962326 ,  0.24206744, -0.24773128,
       -0.1561457 ,  0.06308472, -0.06220185,  0.01363499, -0.00497033,
       -0.11777813, -0.15147358,  0.09323308, -0.19993818, -0.37825237,
        0.39470021]) 

Generation: 671 
 - Generation Avg Fit: 0.5134555596229665 
 - Best Fitness: 34.8407203543787
 - Best Solution: array([-0.03652435,  0.43557232, -0.34378842,  0.33950269,  0.35941164,
       -0.12422433,  0.36262979, -0.18102567, -0.19470047,  0.29105356,
       -0.34310094, -0.18805526, -0.16267104,  0.473271  ,  0.22564147,
        0.0081811 ,  0.12932816, -0.45692438, -0.39604867, -0.11061318,
       -0.22657866,  0.35143755, -0.4962326 ,  0.24206744, -0.24773128,
       -0.1561457 ,  0.06308472, -0.06220185,  0.01363499, -0.00497033,
       -0.11777813, -0.15147358,  0.09323308, -0.19993818, -0.37825237,
        0.39470021]) 

Generation: 672 
 - Generation Avg Fit: 0.5134555596229665 
 - Best Fitness: 34.8407203543787
 - Best Solution: array([-0.03652435,  0.43557232, -0.34378842,  0.33950269,  0.35941164,
       -0.12422433,  0.36262979, -0.18102567, -0.19470047,  0.29105356,
       -0.34310094, -0.18805526, -0.16267104,  0.473271  ,  0.22564147,
        0.0081811 ,  0.12932816, -0.45692438, -0.39604867, -0.11061318,
       -0.22657866,  0.35143755, -0.4962326 ,  0.24206744, -0.24773128,
       -0.1561457 ,  0.06308472, -0.06220185,  0.01363499, -0.00497033,
       -0.11777813, -0.15147358,  0.09323308, -0.19993818, -0.37825237,
        0.39470021]) 

Generation: 673 
 - Generation Avg Fit: 0.5134555596229665 
 - Best Fitness: 34.8407203543787
 - Best Solution: array([-0.03652435,  0.43557232, -0.34378842,  0.33950269,  0.35941164,
       -0.12422433,  0.36262979, -0.18102567, -0.19470047,  0.29105356,
       -0.34310094, -0.18805526, -0.16267104,  0.473271  ,  0.22564147,
        0.0081811 ,  0.12932816, -0.45692438, -0.39604867, -0.11061318,
       -0.22657866,  0.35143755, -0.4962326 ,  0.24206744, -0.24773128,
       -0.1561457 ,  0.06308472, -0.06220185,  0.01363499, -0.00497033,
       -0.11777813, -0.15147358,  0.09323308, -0.19993818, -0.37825237,
        0.39470021]) 

Generation: 674 
 - Generation Avg Fit: 0.5134555596229665 
 - Best Fitness: 34.8407203543787
 - Best Solution: array([-0.03652435,  0.43557232, -0.34378842,  0.33950269,  0.35941164,
       -0.12422433,  0.36262979, -0.18102567, -0.19470047,  0.29105356,
       -0.34310094, -0.18805526, -0.16267104,  0.473271  ,  0.22564147,
        0.0081811 ,  0.12932816, -0.45692438, -0.39604867, -0.11061318,
       -0.22657866,  0.35143755, -0.4962326 ,  0.24206744, -0.24773128,
       -0.1561457 ,  0.06308472, -0.06220185,  0.01363499, -0.00497033,
       -0.11777813, -0.15147358,  0.09323308, -0.19993818, -0.37825237,
        0.39470021]) 

Generation: 675 
 - Generation Avg Fit: 0.5134555596229665 
 - Best Fitness: 34.8407203543787
 - Best Solution: array([-0.03652435,  0.43557232, -0.34378842,  0.33950269,  0.35941164,
       -0.12422433,  0.36262979, -0.18102567, -0.19470047,  0.29105356,
       -0.34310094, -0.18805526, -0.16267104,  0.473271  ,  0.22564147,
        0.0081811 ,  0.12932816, -0.45692438, -0.39604867, -0.11061318,
       -0.22657866,  0.35143755, -0.4962326 ,  0.24206744, -0.24773128,
       -0.1561457 ,  0.06308472, -0.06220185,  0.01363499, -0.00497033,
       -0.11777813, -0.15147358,  0.09323308, -0.19993818, -0.37825237,
        0.39470021]) 

Generation: 676 
 - Generation Avg Fit: 0.5134555596229665 
 - Best Fitness: 34.8407203543787
 - Best Solution: array([-0.03652435,  0.43557232, -0.34378842,  0.33950269,  0.35941164,
       -0.12422433,  0.36262979, -0.18102567, -0.19470047,  0.29105356,
       -0.34310094, -0.18805526, -0.16267104,  0.473271  ,  0.22564147,
        0.0081811 ,  0.12932816, -0.45692438, -0.39604867, -0.11061318,
       -0.22657866,  0.35143755, -0.4962326 ,  0.24206744, -0.24773128,
       -0.1561457 ,  0.06308472, -0.06220185,  0.01363499, -0.00497033,
       -0.11777813, -0.15147358,  0.09323308, -0.19993818, -0.37825237,
        0.39470021]) 

Generation: 677 
 - Generation Avg Fit: 0.5134555596229665 
 - Best Fitness: 34.8407203543787
 - Best Solution: array([-0.03652435,  0.43557232, -0.34378842,  0.33950269,  0.35941164,
       -0.12422433,  0.36262979, -0.18102567, -0.19470047,  0.29105356,
       -0.34310094, -0.18805526, -0.16267104,  0.473271  ,  0.22564147,
        0.0081811 ,  0.12932816, -0.45692438, -0.39604867, -0.11061318,
       -0.22657866,  0.35143755, -0.4962326 ,  0.24206744, -0.24773128,
       -0.1561457 ,  0.06308472, -0.06220185,  0.01363499, -0.00497033,
       -0.11777813, -0.15147358,  0.09323308, -0.19993818, -0.37825237,
        0.39470021]) 

Generation: 678 
 - Generation Avg Fit: 0.5134555596229665 
 - Best Fitness: 34.8407203543787
 - Best Solution: array([-0.03652435,  0.43557232, -0.34378842,  0.33950269,  0.35941164,
       -0.12422433,  0.36262979, -0.18102567, -0.19470047,  0.29105356,
       -0.34310094, -0.18805526, -0.16267104,  0.473271  ,  0.22564147,
        0.0081811 ,  0.12932816, -0.45692438, -0.39604867, -0.11061318,
       -0.22657866,  0.35143755, -0.4962326 ,  0.24206744, -0.24773128,
       -0.1561457 ,  0.06308472, -0.06220185,  0.01363499, -0.00497033,
       -0.11777813, -0.15147358,  0.09323308, -0.19993818, -0.37825237,
        0.39470021]) 

Generation: 679 
 - Generation Avg Fit: 0.5134555596229665 
 - Best Fitness: 34.8407203543787
 - Best Solution: array([-0.03652435,  0.43557232, -0.34378842,  0.33950269,  0.35941164,
       -0.12422433,  0.36262979, -0.18102567, -0.19470047,  0.29105356,
       -0.34310094, -0.18805526, -0.16267104,  0.473271  ,  0.22564147,
        0.0081811 ,  0.12932816, -0.45692438, -0.39604867, -0.11061318,
       -0.22657866,  0.35143755, -0.4962326 ,  0.24206744, -0.24773128,
       -0.1561457 ,  0.06308472, -0.06220185,  0.01363499, -0.00497033,
       -0.11777813, -0.15147358,  0.09323308, -0.19993818, -0.37825237,
        0.39470021]) 

Generation: 680 
 - Generation Avg Fit: 0.5134555596229665 
 - Best Fitness: 34.8407203543787
 - Best Solution: array([-0.03652435,  0.43557232, -0.34378842,  0.33950269,  0.35941164,
       -0.12422433,  0.36262979, -0.18102567, -0.19470047,  0.29105356,
       -0.34310094, -0.18805526, -0.16267104,  0.473271  ,  0.22564147,
        0.0081811 ,  0.12932816, -0.45692438, -0.39604867, -0.11061318,
       -0.22657866,  0.35143755, -0.4962326 ,  0.24206744, -0.24773128,
       -0.1561457 ,  0.06308472, -0.06220185,  0.01363499, -0.00497033,
       -0.11777813, -0.15147358,  0.09323308, -0.19993818, -0.37825237,
        0.39470021]) 

Generation: 681 
 - Generation Avg Fit: 0.5134555596229665 
 - Best Fitness: 34.8407203543787
 - Best Solution: array([-0.03652435,  0.43557232, -0.34378842,  0.33950269,  0.35941164,
       -0.12422433,  0.36262979, -0.18102567, -0.19470047,  0.29105356,
       -0.34310094, -0.18805526, -0.16267104,  0.473271  ,  0.22564147,
        0.0081811 ,  0.12932816, -0.45692438, -0.39604867, -0.11061318,
       -0.22657866,  0.35143755, -0.4962326 ,  0.24206744, -0.24773128,
       -0.1561457 ,  0.06308472, -0.06220185,  0.01363499, -0.00497033,
       -0.11777813, -0.15147358,  0.09323308, -0.19993818, -0.37825237,
        0.39470021]) 

Generation: 682 
 - Generation Avg Fit: 0.5134555596229665 
 - Best Fitness: 34.8407203543787
 - Best Solution: array([-0.03652435,  0.43557232, -0.34378842,  0.33950269,  0.35941164,
       -0.12422433,  0.36262979, -0.18102567, -0.19470047,  0.29105356,
       -0.34310094, -0.18805526, -0.16267104,  0.473271  ,  0.22564147,
        0.0081811 ,  0.12932816, -0.45692438, -0.39604867, -0.11061318,
       -0.22657866,  0.35143755, -0.4962326 ,  0.24206744, -0.24773128,
       -0.1561457 ,  0.06308472, -0.06220185,  0.01363499, -0.00497033,
       -0.11777813, -0.15147358,  0.09323308, -0.19993818, -0.37825237,
        0.39470021]) 

Generation: 683 
 - Generation Avg Fit: 0.5134555596229665 
 - Best Fitness: 34.8407203543787
 - Best Solution: array([-0.03652435,  0.43557232, -0.34378842,  0.33950269,  0.35941164,
       -0.12422433,  0.36262979, -0.18102567, -0.19470047,  0.29105356,
       -0.34310094, -0.18805526, -0.16267104,  0.473271  ,  0.22564147,
        0.0081811 ,  0.12932816, -0.45692438, -0.39604867, -0.11061318,
       -0.22657866,  0.35143755, -0.4962326 ,  0.24206744, -0.24773128,
       -0.1561457 ,  0.06308472, -0.06220185,  0.01363499, -0.00497033,
       -0.11777813, -0.15147358,  0.09323308, -0.19993818, -0.37825237,
        0.39470021]) 

Generation: 684 
 - Generation Avg Fit: 0.5134555596229665 
 - Best Fitness: 34.8407203543787
 - Best Solution: array([-0.03652435,  0.43557232, -0.34378842,  0.33950269,  0.35941164,
       -0.12422433,  0.36262979, -0.18102567, -0.19470047,  0.29105356,
       -0.34310094, -0.18805526, -0.16267104,  0.473271  ,  0.22564147,
        0.0081811 ,  0.12932816, -0.45692438, -0.39604867, -0.11061318,
       -0.22657866,  0.35143755, -0.4962326 ,  0.24206744, -0.24773128,
       -0.1561457 ,  0.06308472, -0.06220185,  0.01363499, -0.00497033,
       -0.11777813, -0.15147358,  0.09323308, -0.19993818, -0.37825237,
        0.39470021]) 

Generation: 685 
 - Generation Avg Fit: 0.5134555596229665 
 - Best Fitness: 34.8407203543787
 - Best Solution: array([-0.03652435,  0.43557232, -0.34378842,  0.33950269,  0.35941164,
       -0.12422433,  0.36262979, -0.18102567, -0.19470047,  0.29105356,
       -0.34310094, -0.18805526, -0.16267104,  0.473271  ,  0.22564147,
        0.0081811 ,  0.12932816, -0.45692438, -0.39604867, -0.11061318,
       -0.22657866,  0.35143755, -0.4962326 ,  0.24206744, -0.24773128,
       -0.1561457 ,  0.06308472, -0.06220185,  0.01363499, -0.00497033,
       -0.11777813, -0.15147358,  0.09323308, -0.19993818, -0.37825237,
        0.39470021]) 

Generation: 686 
 - Generation Avg Fit: 0.5134555596229665 
 - Best Fitness: 34.8407203543787
 - Best Solution: array([-0.03652435,  0.43557232, -0.34378842,  0.33950269,  0.35941164,
       -0.12422433,  0.36262979, -0.18102567, -0.19470047,  0.29105356,
       -0.34310094, -0.18805526, -0.16267104,  0.473271  ,  0.22564147,
        0.0081811 ,  0.12932816, -0.45692438, -0.39604867, -0.11061318,
       -0.22657866,  0.35143755, -0.4962326 ,  0.24206744, -0.24773128,
       -0.1561457 ,  0.06308472, -0.06220185,  0.01363499, -0.00497033,
       -0.11777813, -0.15147358,  0.09323308, -0.19993818, -0.37825237,
        0.39470021]) 

Generation: 687 
 - Generation Avg Fit: 0.5134555596229665 
 - Best Fitness: 34.8407203543787
 - Best Solution: array([-0.03652435,  0.43557232, -0.34378842,  0.33950269,  0.35941164,
       -0.12422433,  0.36262979, -0.18102567, -0.19470047,  0.29105356,
       -0.34310094, -0.18805526, -0.16267104,  0.473271  ,  0.22564147,
        0.0081811 ,  0.12932816, -0.45692438, -0.39604867, -0.11061318,
       -0.22657866,  0.35143755, -0.4962326 ,  0.24206744, -0.24773128,
       -0.1561457 ,  0.06308472, -0.06220185,  0.01363499, -0.00497033,
       -0.11777813, -0.15147358,  0.09323308, -0.19993818, -0.37825237,
        0.39470021]) 

Generation: 688 
 - Generation Avg Fit: 0.5134555596229665 
 - Best Fitness: 34.8407203543787
 - Best Solution: array([-0.03652435,  0.43557232, -0.34378842,  0.33950269,  0.35941164,
       -0.12422433,  0.36262979, -0.18102567, -0.19470047,  0.29105356,
       -0.34310094, -0.18805526, -0.16267104,  0.473271  ,  0.22564147,
        0.0081811 ,  0.12932816, -0.45692438, -0.39604867, -0.11061318,
       -0.22657866,  0.35143755, -0.4962326 ,  0.24206744, -0.24773128,
       -0.1561457 ,  0.06308472, -0.06220185,  0.01363499, -0.00497033,
       -0.11777813, -0.15147358,  0.09323308, -0.19993818, -0.37825237,
        0.39470021]) 

Generation: 689 
 - Generation Avg Fit: 0.5134555596229665 
 - Best Fitness: 34.8407203543787
 - Best Solution: array([-0.03652435,  0.43557232, -0.34378842,  0.33950269,  0.35941164,
       -0.12422433,  0.36262979, -0.18102567, -0.19470047,  0.29105356,
       -0.34310094, -0.18805526, -0.16267104,  0.473271  ,  0.22564147,
        0.0081811 ,  0.12932816, -0.45692438, -0.39604867, -0.11061318,
       -0.22657866,  0.35143755, -0.4962326 ,  0.24206744, -0.24773128,
       -0.1561457 ,  0.06308472, -0.06220185,  0.01363499, -0.00497033,
       -0.11777813, -0.15147358,  0.09323308, -0.19993818, -0.37825237,
        0.39470021]) 

Generation: 690 
 - Generation Avg Fit: 0.5134555596229665 
 - Best Fitness: 34.8407203543787
 - Best Solution: array([-0.03652435,  0.43557232, -0.34378842,  0.33950269,  0.35941164,
       -0.12422433,  0.36262979, -0.18102567, -0.19470047,  0.29105356,
       -0.34310094, -0.18805526, -0.16267104,  0.473271  ,  0.22564147,
        0.0081811 ,  0.12932816, -0.45692438, -0.39604867, -0.11061318,
       -0.22657866,  0.35143755, -0.4962326 ,  0.24206744, -0.24773128,
       -0.1561457 ,  0.06308472, -0.06220185,  0.01363499, -0.00497033,
       -0.11777813, -0.15147358,  0.09323308, -0.19993818, -0.37825237,
        0.39470021]) 

Generation: 691 
 - Generation Avg Fit: 0.5134555596229665 
 - Best Fitness: 34.8407203543787
 - Best Solution: array([-0.03652435,  0.43557232, -0.34378842,  0.33950269,  0.35941164,
       -0.12422433,  0.36262979, -0.18102567, -0.19470047,  0.29105356,
       -0.34310094, -0.18805526, -0.16267104,  0.473271  ,  0.22564147,
        0.0081811 ,  0.12932816, -0.45692438, -0.39604867, -0.11061318,
       -0.22657866,  0.35143755, -0.4962326 ,  0.24206744, -0.24773128,
       -0.1561457 ,  0.06308472, -0.06220185,  0.01363499, -0.00497033,
       -0.11777813, -0.15147358,  0.09323308, -0.19993818, -0.37825237,
        0.39470021]) 

Generation: 692 
 - Generation Avg Fit: 0.5134555596229665 
 - Best Fitness: 34.8407203543787
 - Best Solution: array([-0.03652435,  0.43557232, -0.34378842,  0.33950269,  0.35941164,
       -0.12422433,  0.36262979, -0.18102567, -0.19470047,  0.29105356,
       -0.34310094, -0.18805526, -0.16267104,  0.473271  ,  0.22564147,
        0.0081811 ,  0.12932816, -0.45692438, -0.39604867, -0.11061318,
       -0.22657866,  0.35143755, -0.4962326 ,  0.24206744, -0.24773128,
       -0.1561457 ,  0.06308472, -0.06220185,  0.01363499, -0.00497033,
       -0.11777813, -0.15147358,  0.09323308, -0.19993818, -0.37825237,
        0.39470021]) 

Generation: 693 
 - Generation Avg Fit: 0.5134555596229665 
 - Best Fitness: 34.8407203543787
 - Best Solution: array([-0.03652435,  0.43557232, -0.34378842,  0.33950269,  0.35941164,
       -0.12422433,  0.36262979, -0.18102567, -0.19470047,  0.29105356,
       -0.34310094, -0.18805526, -0.16267104,  0.473271  ,  0.22564147,
        0.0081811 ,  0.12932816, -0.45692438, -0.39604867, -0.11061318,
       -0.22657866,  0.35143755, -0.4962326 ,  0.24206744, -0.24773128,
       -0.1561457 ,  0.06308472, -0.06220185,  0.01363499, -0.00497033,
       -0.11777813, -0.15147358,  0.09323308, -0.19993818, -0.37825237,
        0.39470021]) 

Generation: 694 
 - Generation Avg Fit: 0.5134555596229665 
 - Best Fitness: 34.8407203543787
 - Best Solution: array([-0.03652435,  0.43557232, -0.34378842,  0.33950269,  0.35941164,
       -0.12422433,  0.36262979, -0.18102567, -0.19470047,  0.29105356,
       -0.34310094, -0.18805526, -0.16267104,  0.473271  ,  0.22564147,
        0.0081811 ,  0.12932816, -0.45692438, -0.39604867, -0.11061318,
       -0.22657866,  0.35143755, -0.4962326 ,  0.24206744, -0.24773128,
       -0.1561457 ,  0.06308472, -0.06220185,  0.01363499, -0.00497033,
       -0.11777813, -0.15147358,  0.09323308, -0.19993818, -0.37825237,
        0.39470021]) 

Generation: 695 
 - Generation Avg Fit: 0.5134555596229665 
 - Best Fitness: 34.8407203543787
 - Best Solution: array([-0.03652435,  0.43557232, -0.34378842,  0.33950269,  0.35941164,
       -0.12422433,  0.36262979, -0.18102567, -0.19470047,  0.29105356,
       -0.34310094, -0.18805526, -0.16267104,  0.473271  ,  0.22564147,
        0.0081811 ,  0.12932816, -0.45692438, -0.39604867, -0.11061318,
       -0.22657866,  0.35143755, -0.4962326 ,  0.24206744, -0.24773128,
       -0.1561457 ,  0.06308472, -0.06220185,  0.01363499, -0.00497033,
       -0.11777813, -0.15147358,  0.09323308, -0.19993818, -0.37825237,
        0.39470021]) 

Generation: 696 
 - Generation Avg Fit: 0.5134555596229665 
 - Best Fitness: 34.8407203543787
 - Best Solution: array([-0.03652435,  0.43557232, -0.34378842,  0.33950269,  0.35941164,
       -0.12422433,  0.36262979, -0.18102567, -0.19470047,  0.29105356,
       -0.34310094, -0.18805526, -0.16267104,  0.473271  ,  0.22564147,
        0.0081811 ,  0.12932816, -0.45692438, -0.39604867, -0.11061318,
       -0.22657866,  0.35143755, -0.4962326 ,  0.24206744, -0.24773128,
       -0.1561457 ,  0.06308472, -0.06220185,  0.01363499, -0.00497033,
       -0.11777813, -0.15147358,  0.09323308, -0.19993818, -0.37825237,
        0.39470021]) 

Generation: 697 
 - Generation Avg Fit: 0.5134555596229665 
 - Best Fitness: 34.8407203543787
 - Best Solution: array([-0.03652435,  0.43557232, -0.34378842,  0.33950269,  0.35941164,
       -0.12422433,  0.36262979, -0.18102567, -0.19470047,  0.29105356,
       -0.34310094, -0.18805526, -0.16267104,  0.473271  ,  0.22564147,
        0.0081811 ,  0.12932816, -0.45692438, -0.39604867, -0.11061318,
       -0.22657866,  0.35143755, -0.4962326 ,  0.24206744, -0.24773128,
       -0.1561457 ,  0.06308472, -0.06220185,  0.01363499, -0.00497033,
       -0.11777813, -0.15147358,  0.09323308, -0.19993818, -0.37825237,
        0.39470021]) 

Generation: 698 
 - Generation Avg Fit: 0.5134555596229665 
 - Best Fitness: 34.8407203543787
 - Best Solution: array([-0.03652435,  0.43557232, -0.34378842,  0.33950269,  0.35941164,
       -0.12422433,  0.36262979, -0.18102567, -0.19470047,  0.29105356,
       -0.34310094, -0.18805526, -0.16267104,  0.473271  ,  0.22564147,
        0.0081811 ,  0.12932816, -0.45692438, -0.39604867, -0.11061318,
       -0.22657866,  0.35143755, -0.4962326 ,  0.24206744, -0.24773128,
       -0.1561457 ,  0.06308472, -0.06220185,  0.01363499, -0.00497033,
       -0.11777813, -0.15147358,  0.09323308, -0.19993818, -0.37825237,
        0.39470021]) 

Generation: 699 
 - Generation Avg Fit: 0.5134555596229665 
 - Best Fitness: 34.8407203543787
 - Best Solution: array([-0.03652435,  0.43557232, -0.34378842,  0.33950269,  0.35941164,
       -0.12422433,  0.36262979, -0.18102567, -0.19470047,  0.29105356,
       -0.34310094, -0.18805526, -0.16267104,  0.473271  ,  0.22564147,
        0.0081811 ,  0.12932816, -0.45692438, -0.39604867, -0.11061318,
       -0.22657866,  0.35143755, -0.4962326 ,  0.24206744, -0.24773128,
       -0.1561457 ,  0.06308472, -0.06220185,  0.01363499, -0.00497033,
       -0.11777813, -0.15147358,  0.09323308, -0.19993818, -0.37825237,
        0.39470021]) 

Generation: 700 
 - Generation Avg Fit: 0.5134555596229665 
 - Best Fitness: 34.8407203543787
 - Best Solution: array([-0.03652435,  0.43557232, -0.34378842,  0.33950269,  0.35941164,
       -0.12422433,  0.36262979, -0.18102567, -0.19470047,  0.29105356,
       -0.34310094, -0.18805526, -0.16267104,  0.473271  ,  0.22564147,
        0.0081811 ,  0.12932816, -0.45692438, -0.39604867, -0.11061318,
       -0.22657866,  0.35143755, -0.4962326 ,  0.24206744, -0.24773128,
       -0.1561457 ,  0.06308472, -0.06220185,  0.01363499, -0.00497033,
       -0.11777813, -0.15147358,  0.09323308, -0.19993818, -0.37825237,
        0.39470021]) 

Generation: 701 
 - Generation Avg Fit: 0.5134555596229665 
 - Best Fitness: 34.8407203543787
 - Best Solution: array([-0.03652435,  0.43557232, -0.34378842,  0.33950269,  0.35941164,
       -0.12422433,  0.36262979, -0.18102567, -0.19470047,  0.29105356,
       -0.34310094, -0.18805526, -0.16267104,  0.473271  ,  0.22564147,
        0.0081811 ,  0.12932816, -0.45692438, -0.39604867, -0.11061318,
       -0.22657866,  0.35143755, -0.4962326 ,  0.24206744, -0.24773128,
       -0.1561457 ,  0.06308472, -0.06220185,  0.01363499, -0.00497033,
       -0.11777813, -0.15147358,  0.09323308, -0.19993818, -0.37825237,
        0.39470021]) 

Generation: 702 
 - Generation Avg Fit: 0.5134555596229665 
 - Best Fitness: 34.8407203543787
 - Best Solution: array([-0.03652435,  0.43557232, -0.34378842,  0.33950269,  0.35941164,
       -0.12422433,  0.36262979, -0.18102567, -0.19470047,  0.29105356,
       -0.34310094, -0.18805526, -0.16267104,  0.473271  ,  0.22564147,
        0.0081811 ,  0.12932816, -0.45692438, -0.39604867, -0.11061318,
       -0.22657866,  0.35143755, -0.4962326 ,  0.24206744, -0.24773128,
       -0.1561457 ,  0.06308472, -0.06220185,  0.01363499, -0.00497033,
       -0.11777813, -0.15147358,  0.09323308, -0.19993818, -0.37825237,
        0.39470021]) 

Generation: 703 
 - Generation Avg Fit: 0.5134555596229665 
 - Best Fitness: 34.8407203543787
 - Best Solution: array([-0.03652435,  0.43557232, -0.34378842,  0.33950269,  0.35941164,
       -0.12422433,  0.36262979, -0.18102567, -0.19470047,  0.29105356,
       -0.34310094, -0.18805526, -0.16267104,  0.473271  ,  0.22564147,
        0.0081811 ,  0.12932816, -0.45692438, -0.39604867, -0.11061318,
       -0.22657866,  0.35143755, -0.4962326 ,  0.24206744, -0.24773128,
       -0.1561457 ,  0.06308472, -0.06220185,  0.01363499, -0.00497033,
       -0.11777813, -0.15147358,  0.09323308, -0.19993818, -0.37825237,
        0.39470021]) 

Generation: 704 
 - Generation Avg Fit: 0.5134555596229665 
 - Best Fitness: 34.8407203543787
 - Best Solution: array([-0.03652435,  0.43557232, -0.34378842,  0.33950269,  0.35941164,
       -0.12422433,  0.36262979, -0.18102567, -0.19470047,  0.29105356,
       -0.34310094, -0.18805526, -0.16267104,  0.473271  ,  0.22564147,
        0.0081811 ,  0.12932816, -0.45692438, -0.39604867, -0.11061318,
       -0.22657866,  0.35143755, -0.4962326 ,  0.24206744, -0.24773128,
       -0.1561457 ,  0.06308472, -0.06220185,  0.01363499, -0.00497033,
       -0.11777813, -0.15147358,  0.09323308, -0.19993818, -0.37825237,
        0.39470021]) 

Generation: 705 
 - Generation Avg Fit: 0.5134555596229665 
 - Best Fitness: 34.8407203543787
 - Best Solution: array([-0.03652435,  0.43557232, -0.34378842,  0.33950269,  0.35941164,
       -0.12422433,  0.36262979, -0.18102567, -0.19470047,  0.29105356,
       -0.34310094, -0.18805526, -0.16267104,  0.473271  ,  0.22564147,
        0.0081811 ,  0.12932816, -0.45692438, -0.39604867, -0.11061318,
       -0.22657866,  0.35143755, -0.4962326 ,  0.24206744, -0.24773128,
       -0.1561457 ,  0.06308472, -0.06220185,  0.01363499, -0.00497033,
       -0.11777813, -0.15147358,  0.09323308, -0.19993818, -0.37825237,
        0.39470021]) 

Generation: 706 
 - Generation Avg Fit: 0.5134555596229665 
 - Best Fitness: 34.8407203543787
 - Best Solution: array([-0.03652435,  0.43557232, -0.34378842,  0.33950269,  0.35941164,
       -0.12422433,  0.36262979, -0.18102567, -0.19470047,  0.29105356,
       -0.34310094, -0.18805526, -0.16267104,  0.473271  ,  0.22564147,
        0.0081811 ,  0.12932816, -0.45692438, -0.39604867, -0.11061318,
       -0.22657866,  0.35143755, -0.4962326 ,  0.24206744, -0.24773128,
       -0.1561457 ,  0.06308472, -0.06220185,  0.01363499, -0.00497033,
       -0.11777813, -0.15147358,  0.09323308, -0.19993818, -0.37825237,
        0.39470021]) 

Generation: 707 
 - Generation Avg Fit: 0.5134555596229665 
 - Best Fitness: 34.8407203543787
 - Best Solution: array([-0.03652435,  0.43557232, -0.34378842,  0.33950269,  0.35941164,
       -0.12422433,  0.36262979, -0.18102567, -0.19470047,  0.29105356,
       -0.34310094, -0.18805526, -0.16267104,  0.473271  ,  0.22564147,
        0.0081811 ,  0.12932816, -0.45692438, -0.39604867, -0.11061318,
       -0.22657866,  0.35143755, -0.4962326 ,  0.24206744, -0.24773128,
       -0.1561457 ,  0.06308472, -0.06220185,  0.01363499, -0.00497033,
       -0.11777813, -0.15147358,  0.09323308, -0.19993818, -0.37825237,
        0.39470021]) 

Generation: 708 
 - Generation Avg Fit: 0.5134555596229665 
 - Best Fitness: 34.8407203543787
 - Best Solution: array([-0.03652435,  0.43557232, -0.34378842,  0.33950269,  0.35941164,
       -0.12422433,  0.36262979, -0.18102567, -0.19470047,  0.29105356,
       -0.34310094, -0.18805526, -0.16267104,  0.473271  ,  0.22564147,
        0.0081811 ,  0.12932816, -0.45692438, -0.39604867, -0.11061318,
       -0.22657866,  0.35143755, -0.4962326 ,  0.24206744, -0.24773128,
       -0.1561457 ,  0.06308472, -0.06220185,  0.01363499, -0.00497033,
       -0.11777813, -0.15147358,  0.09323308, -0.19993818, -0.37825237,
        0.39470021]) 

Generation: 709 
 - Generation Avg Fit: 0.5134555596229665 
 - Best Fitness: 34.8407203543787
 - Best Solution: array([-0.03652435,  0.43557232, -0.34378842,  0.33950269,  0.35941164,
       -0.12422433,  0.36262979, -0.18102567, -0.19470047,  0.29105356,
       -0.34310094, -0.18805526, -0.16267104,  0.473271  ,  0.22564147,
        0.0081811 ,  0.12932816, -0.45692438, -0.39604867, -0.11061318,
       -0.22657866,  0.35143755, -0.4962326 ,  0.24206744, -0.24773128,
       -0.1561457 ,  0.06308472, -0.06220185,  0.01363499, -0.00497033,
       -0.11777813, -0.15147358,  0.09323308, -0.19993818, -0.37825237,
        0.39470021]) 

Generation: 710 
 - Generation Avg Fit: 0.5134555596229665 
 - Best Fitness: 34.8407203543787
 - Best Solution: array([-0.03652435,  0.43557232, -0.34378842,  0.33950269,  0.35941164,
       -0.12422433,  0.36262979, -0.18102567, -0.19470047,  0.29105356,
       -0.34310094, -0.18805526, -0.16267104,  0.473271  ,  0.22564147,
        0.0081811 ,  0.12932816, -0.45692438, -0.39604867, -0.11061318,
       -0.22657866,  0.35143755, -0.4962326 ,  0.24206744, -0.24773128,
       -0.1561457 ,  0.06308472, -0.06220185,  0.01363499, -0.00497033,
       -0.11777813, -0.15147358,  0.09323308, -0.19993818, -0.37825237,
        0.39470021]) 

Generation: 711 
 - Generation Avg Fit: 0.5134555596229665 
 - Best Fitness: 34.8407203543787
 - Best Solution: array([-0.03652435,  0.43557232, -0.34378842,  0.33950269,  0.35941164,
       -0.12422433,  0.36262979, -0.18102567, -0.19470047,  0.29105356,
       -0.34310094, -0.18805526, -0.16267104,  0.473271  ,  0.22564147,
        0.0081811 ,  0.12932816, -0.45692438, -0.39604867, -0.11061318,
       -0.22657866,  0.35143755, -0.4962326 ,  0.24206744, -0.24773128,
       -0.1561457 ,  0.06308472, -0.06220185,  0.01363499, -0.00497033,
       -0.11777813, -0.15147358,  0.09323308, -0.19993818, -0.37825237,
        0.39470021]) 

Generation: 712 
 - Generation Avg Fit: 0.5134555596229665 
 - Best Fitness: 34.8407203543787
 - Best Solution: array([-0.03652435,  0.43557232, -0.34378842,  0.33950269,  0.35941164,
       -0.12422433,  0.36262979, -0.18102567, -0.19470047,  0.29105356,
       -0.34310094, -0.18805526, -0.16267104,  0.473271  ,  0.22564147,
        0.0081811 ,  0.12932816, -0.45692438, -0.39604867, -0.11061318,
       -0.22657866,  0.35143755, -0.4962326 ,  0.24206744, -0.24773128,
       -0.1561457 ,  0.06308472, -0.06220185,  0.01363499, -0.00497033,
       -0.11777813, -0.15147358,  0.09323308, -0.19993818, -0.37825237,
        0.39470021]) 

Generation: 713 
 - Generation Avg Fit: 0.5134555596229665 
 - Best Fitness: 34.8407203543787
 - Best Solution: array([-0.03652435,  0.43557232, -0.34378842,  0.33950269,  0.35941164,
       -0.12422433,  0.36262979, -0.18102567, -0.19470047,  0.29105356,
       -0.34310094, -0.18805526, -0.16267104,  0.473271  ,  0.22564147,
        0.0081811 ,  0.12932816, -0.45692438, -0.39604867, -0.11061318,
       -0.22657866,  0.35143755, -0.4962326 ,  0.24206744, -0.24773128,
       -0.1561457 ,  0.06308472, -0.06220185,  0.01363499, -0.00497033,
       -0.11777813, -0.15147358,  0.09323308, -0.19993818, -0.37825237,
        0.39470021]) 

Generation: 714 
 - Generation Avg Fit: 0.5134555596229665 
 - Best Fitness: 34.8407203543787
 - Best Solution: array([-0.03652435,  0.43557232, -0.34378842,  0.33950269,  0.35941164,
       -0.12422433,  0.36262979, -0.18102567, -0.19470047,  0.29105356,
       -0.34310094, -0.18805526, -0.16267104,  0.473271  ,  0.22564147,
        0.0081811 ,  0.12932816, -0.45692438, -0.39604867, -0.11061318,
       -0.22657866,  0.35143755, -0.4962326 ,  0.24206744, -0.24773128,
       -0.1561457 ,  0.06308472, -0.06220185,  0.01363499, -0.00497033,
       -0.11777813, -0.15147358,  0.09323308, -0.19993818, -0.37825237,
        0.39470021]) 

Generation: 715 
 - Generation Avg Fit: 0.5134555596229665 
 - Best Fitness: 34.8407203543787
 - Best Solution: array([-0.03652435,  0.43557232, -0.34378842,  0.33950269,  0.35941164,
       -0.12422433,  0.36262979, -0.18102567, -0.19470047,  0.29105356,
       -0.34310094, -0.18805526, -0.16267104,  0.473271  ,  0.22564147,
        0.0081811 ,  0.12932816, -0.45692438, -0.39604867, -0.11061318,
       -0.22657866,  0.35143755, -0.4962326 ,  0.24206744, -0.24773128,
       -0.1561457 ,  0.06308472, -0.06220185,  0.01363499, -0.00497033,
       -0.11777813, -0.15147358,  0.09323308, -0.19993818, -0.37825237,
        0.39470021]) 

Generation: 716 
 - Generation Avg Fit: 0.5134555596229665 
 - Best Fitness: 34.8407203543787
 - Best Solution: array([-0.03652435,  0.43557232, -0.34378842,  0.33950269,  0.35941164,
       -0.12422433,  0.36262979, -0.18102567, -0.19470047,  0.29105356,
       -0.34310094, -0.18805526, -0.16267104,  0.473271  ,  0.22564147,
        0.0081811 ,  0.12932816, -0.45692438, -0.39604867, -0.11061318,
       -0.22657866,  0.35143755, -0.4962326 ,  0.24206744, -0.24773128,
       -0.1561457 ,  0.06308472, -0.06220185,  0.01363499, -0.00497033,
       -0.11777813, -0.15147358,  0.09323308, -0.19993818, -0.37825237,
        0.39470021]) 

Generation: 717 
 - Generation Avg Fit: 0.5134555596229665 
 - Best Fitness: 34.8407203543787
 - Best Solution: array([-0.03652435,  0.43557232, -0.34378842,  0.33950269,  0.35941164,
       -0.12422433,  0.36262979, -0.18102567, -0.19470047,  0.29105356,
       -0.34310094, -0.18805526, -0.16267104,  0.473271  ,  0.22564147,
        0.0081811 ,  0.12932816, -0.45692438, -0.39604867, -0.11061318,
       -0.22657866,  0.35143755, -0.4962326 ,  0.24206744, -0.24773128,
       -0.1561457 ,  0.06308472, -0.06220185,  0.01363499, -0.00497033,
       -0.11777813, -0.15147358,  0.09323308, -0.19993818, -0.37825237,
        0.39470021]) 

Generation: 718 
 - Generation Avg Fit: 0.5134555596229665 
 - Best Fitness: 34.8407203543787
 - Best Solution: array([-0.03652435,  0.43557232, -0.34378842,  0.33950269,  0.35941164,
       -0.12422433,  0.36262979, -0.18102567, -0.19470047,  0.29105356,
       -0.34310094, -0.18805526, -0.16267104,  0.473271  ,  0.22564147,
        0.0081811 ,  0.12932816, -0.45692438, -0.39604867, -0.11061318,
       -0.22657866,  0.35143755, -0.4962326 ,  0.24206744, -0.24773128,
       -0.1561457 ,  0.06308472, -0.06220185,  0.01363499, -0.00497033,
       -0.11777813, -0.15147358,  0.09323308, -0.19993818, -0.37825237,
        0.39470021]) 

Generation: 719 
 - Generation Avg Fit: 0.5134555596229665 
 - Best Fitness: 34.8407203543787
 - Best Solution: array([-0.03652435,  0.43557232, -0.34378842,  0.33950269,  0.35941164,
       -0.12422433,  0.36262979, -0.18102567, -0.19470047,  0.29105356,
       -0.34310094, -0.18805526, -0.16267104,  0.473271  ,  0.22564147,
        0.0081811 ,  0.12932816, -0.45692438, -0.39604867, -0.11061318,
       -0.22657866,  0.35143755, -0.4962326 ,  0.24206744, -0.24773128,
       -0.1561457 ,  0.06308472, -0.06220185,  0.01363499, -0.00497033,
       -0.11777813, -0.15147358,  0.09323308, -0.19993818, -0.37825237,
        0.39470021]) 

Generation: 720 
 - Generation Avg Fit: 0.5134555596229665 
 - Best Fitness: 34.8407203543787
 - Best Solution: array([-0.03652435,  0.43557232, -0.34378842,  0.33950269,  0.35941164,
       -0.12422433,  0.36262979, -0.18102567, -0.19470047,  0.29105356,
       -0.34310094, -0.18805526, -0.16267104,  0.473271  ,  0.22564147,
        0.0081811 ,  0.12932816, -0.45692438, -0.39604867, -0.11061318,
       -0.22657866,  0.35143755, -0.4962326 ,  0.24206744, -0.24773128,
       -0.1561457 ,  0.06308472, -0.06220185,  0.01363499, -0.00497033,
       -0.11777813, -0.15147358,  0.09323308, -0.19993818, -0.37825237,
        0.39470021]) 

Generation: 721 
 - Generation Avg Fit: 0.5134555596229665 
 - Best Fitness: 34.8407203543787
 - Best Solution: array([-0.03652435,  0.43557232, -0.34378842,  0.33950269,  0.35941164,
       -0.12422433,  0.36262979, -0.18102567, -0.19470047,  0.29105356,
       -0.34310094, -0.18805526, -0.16267104,  0.473271  ,  0.22564147,
        0.0081811 ,  0.12932816, -0.45692438, -0.39604867, -0.11061318,
       -0.22657866,  0.35143755, -0.4962326 ,  0.24206744, -0.24773128,
       -0.1561457 ,  0.06308472, -0.06220185,  0.01363499, -0.00497033,
       -0.11777813, -0.15147358,  0.09323308, -0.19993818, -0.37825237,
        0.39470021]) 

Generation: 722 
 - Generation Avg Fit: 0.5134555596229665 
 - Best Fitness: 34.8407203543787
 - Best Solution: array([-0.03652435,  0.43557232, -0.34378842,  0.33950269,  0.35941164,
       -0.12422433,  0.36262979, -0.18102567, -0.19470047,  0.29105356,
       -0.34310094, -0.18805526, -0.16267104,  0.473271  ,  0.22564147,
        0.0081811 ,  0.12932816, -0.45692438, -0.39604867, -0.11061318,
       -0.22657866,  0.35143755, -0.4962326 ,  0.24206744, -0.24773128,
       -0.1561457 ,  0.06308472, -0.06220185,  0.01363499, -0.00497033,
       -0.11777813, -0.15147358,  0.09323308, -0.19993818, -0.37825237,
        0.39470021]) 

Generation: 723 
 - Generation Avg Fit: 0.5134555596229665 
 - Best Fitness: 34.8407203543787
 - Best Solution: array([-0.03652435,  0.43557232, -0.34378842,  0.33950269,  0.35941164,
       -0.12422433,  0.36262979, -0.18102567, -0.19470047,  0.29105356,
       -0.34310094, -0.18805526, -0.16267104,  0.473271  ,  0.22564147,
        0.0081811 ,  0.12932816, -0.45692438, -0.39604867, -0.11061318,
       -0.22657866,  0.35143755, -0.4962326 ,  0.24206744, -0.24773128,
       -0.1561457 ,  0.06308472, -0.06220185,  0.01363499, -0.00497033,
       -0.11777813, -0.15147358,  0.09323308, -0.19993818, -0.37825237,
        0.39470021]) 

Generation: 724 
 - Generation Avg Fit: 0.5134555596229665 
 - Best Fitness: 34.8407203543787
 - Best Solution: array([-0.03652435,  0.43557232, -0.34378842,  0.33950269,  0.35941164,
       -0.12422433,  0.36262979, -0.18102567, -0.19470047,  0.29105356,
       -0.34310094, -0.18805526, -0.16267104,  0.473271  ,  0.22564147,
        0.0081811 ,  0.12932816, -0.45692438, -0.39604867, -0.11061318,
       -0.22657866,  0.35143755, -0.4962326 ,  0.24206744, -0.24773128,
       -0.1561457 ,  0.06308472, -0.06220185,  0.01363499, -0.00497033,
       -0.11777813, -0.15147358,  0.09323308, -0.19993818, -0.37825237,
        0.39470021]) 

Generation: 725 
 - Generation Avg Fit: 0.5134555596229665 
 - Best Fitness: 34.8407203543787
 - Best Solution: array([-0.03652435,  0.43557232, -0.34378842,  0.33950269,  0.35941164,
       -0.12422433,  0.36262979, -0.18102567, -0.19470047,  0.29105356,
       -0.34310094, -0.18805526, -0.16267104,  0.473271  ,  0.22564147,
        0.0081811 ,  0.12932816, -0.45692438, -0.39604867, -0.11061318,
       -0.22657866,  0.35143755, -0.4962326 ,  0.24206744, -0.24773128,
       -0.1561457 ,  0.06308472, -0.06220185,  0.01363499, -0.00497033,
       -0.11777813, -0.15147358,  0.09323308, -0.19993818, -0.37825237,
        0.39470021]) 

Generation: 726 
 - Generation Avg Fit: 0.5134555596229665 
 - Best Fitness: 34.8407203543787
 - Best Solution: array([-0.03652435,  0.43557232, -0.34378842,  0.33950269,  0.35941164,
       -0.12422433,  0.36262979, -0.18102567, -0.19470047,  0.29105356,
       -0.34310094, -0.18805526, -0.16267104,  0.473271  ,  0.22564147,
        0.0081811 ,  0.12932816, -0.45692438, -0.39604867, -0.11061318,
       -0.22657866,  0.35143755, -0.4962326 ,  0.24206744, -0.24773128,
       -0.1561457 ,  0.06308472, -0.06220185,  0.01363499, -0.00497033,
       -0.11777813, -0.15147358,  0.09323308, -0.19993818, -0.37825237,
        0.39470021]) 

Generation: 727 
 - Generation Avg Fit: 0.5134555596229665 
 - Best Fitness: 34.8407203543787
 - Best Solution: array([-0.03652435,  0.43557232, -0.34378842,  0.33950269,  0.35941164,
       -0.12422433,  0.36262979, -0.18102567, -0.19470047,  0.29105356,
       -0.34310094, -0.18805526, -0.16267104,  0.473271  ,  0.22564147,
        0.0081811 ,  0.12932816, -0.45692438, -0.39604867, -0.11061318,
       -0.22657866,  0.35143755, -0.4962326 ,  0.24206744, -0.24773128,
       -0.1561457 ,  0.06308472, -0.06220185,  0.01363499, -0.00497033,
       -0.11777813, -0.15147358,  0.09323308, -0.19993818, -0.37825237,
        0.39470021]) 

Generation: 728 
 - Generation Avg Fit: 0.5134555596229665 
 - Best Fitness: 34.8407203543787
 - Best Solution: array([-0.03652435,  0.43557232, -0.34378842,  0.33950269,  0.35941164,
       -0.12422433,  0.36262979, -0.18102567, -0.19470047,  0.29105356,
       -0.34310094, -0.18805526, -0.16267104,  0.473271  ,  0.22564147,
        0.0081811 ,  0.12932816, -0.45692438, -0.39604867, -0.11061318,
       -0.22657866,  0.35143755, -0.4962326 ,  0.24206744, -0.24773128,
       -0.1561457 ,  0.06308472, -0.06220185,  0.01363499, -0.00497033,
       -0.11777813, -0.15147358,  0.09323308, -0.19993818, -0.37825237,
        0.39470021]) 

Generation: 729 
 - Generation Avg Fit: 0.5134555596229665 
 - Best Fitness: 34.8407203543787
 - Best Solution: array([-0.03652435,  0.43557232, -0.34378842,  0.33950269,  0.35941164,
       -0.12422433,  0.36262979, -0.18102567, -0.19470047,  0.29105356,
       -0.34310094, -0.18805526, -0.16267104,  0.473271  ,  0.22564147,
        0.0081811 ,  0.12932816, -0.45692438, -0.39604867, -0.11061318,
       -0.22657866,  0.35143755, -0.4962326 ,  0.24206744, -0.24773128,
       -0.1561457 ,  0.06308472, -0.06220185,  0.01363499, -0.00497033,
       -0.11777813, -0.15147358,  0.09323308, -0.19993818, -0.37825237,
        0.39470021]) 

Generation: 730 
 - Generation Avg Fit: 0.5134555596229665 
 - Best Fitness: 34.8407203543787
 - Best Solution: array([-0.03652435,  0.43557232, -0.34378842,  0.33950269,  0.35941164,
       -0.12422433,  0.36262979, -0.18102567, -0.19470047,  0.29105356,
       -0.34310094, -0.18805526, -0.16267104,  0.473271  ,  0.22564147,
        0.0081811 ,  0.12932816, -0.45692438, -0.39604867, -0.11061318,
       -0.22657866,  0.35143755, -0.4962326 ,  0.24206744, -0.24773128,
       -0.1561457 ,  0.06308472, -0.06220185,  0.01363499, -0.00497033,
       -0.11777813, -0.15147358,  0.09323308, -0.19993818, -0.37825237,
        0.39470021]) 

Generation: 731 
 - Generation Avg Fit: 0.5134555596229665 
 - Best Fitness: 34.8407203543787
 - Best Solution: array([-0.03652435,  0.43557232, -0.34378842,  0.33950269,  0.35941164,
       -0.12422433,  0.36262979, -0.18102567, -0.19470047,  0.29105356,
       -0.34310094, -0.18805526, -0.16267104,  0.473271  ,  0.22564147,
        0.0081811 ,  0.12932816, -0.45692438, -0.39604867, -0.11061318,
       -0.22657866,  0.35143755, -0.4962326 ,  0.24206744, -0.24773128,
       -0.1561457 ,  0.06308472, -0.06220185,  0.01363499, -0.00497033,
       -0.11777813, -0.15147358,  0.09323308, -0.19993818, -0.37825237,
        0.39470021]) 

Generation: 732 
 - Generation Avg Fit: 0.5134555596229665 
 - Best Fitness: 34.8407203543787
 - Best Solution: array([-0.03652435,  0.43557232, -0.34378842,  0.33950269,  0.35941164,
       -0.12422433,  0.36262979, -0.18102567, -0.19470047,  0.29105356,
       -0.34310094, -0.18805526, -0.16267104,  0.473271  ,  0.22564147,
        0.0081811 ,  0.12932816, -0.45692438, -0.39604867, -0.11061318,
       -0.22657866,  0.35143755, -0.4962326 ,  0.24206744, -0.24773128,
       -0.1561457 ,  0.06308472, -0.06220185,  0.01363499, -0.00497033,
       -0.11777813, -0.15147358,  0.09323308, -0.19993818, -0.37825237,
        0.39470021]) 

Generation: 733 
 - Generation Avg Fit: 0.5134555596229665 
 - Best Fitness: 34.8407203543787
 - Best Solution: array([-0.03652435,  0.43557232, -0.34378842,  0.33950269,  0.35941164,
       -0.12422433,  0.36262979, -0.18102567, -0.19470047,  0.29105356,
       -0.34310094, -0.18805526, -0.16267104,  0.473271  ,  0.22564147,
        0.0081811 ,  0.12932816, -0.45692438, -0.39604867, -0.11061318,
       -0.22657866,  0.35143755, -0.4962326 ,  0.24206744, -0.24773128,
       -0.1561457 ,  0.06308472, -0.06220185,  0.01363499, -0.00497033,
       -0.11777813, -0.15147358,  0.09323308, -0.19993818, -0.37825237,
        0.39470021]) 

Generation: 734 
 - Generation Avg Fit: 0.5134555596229665 
 - Best Fitness: 34.8407203543787
 - Best Solution: array([-0.03652435,  0.43557232, -0.34378842,  0.33950269,  0.35941164,
       -0.12422433,  0.36262979, -0.18102567, -0.19470047,  0.29105356,
       -0.34310094, -0.18805526, -0.16267104,  0.473271  ,  0.22564147,
        0.0081811 ,  0.12932816, -0.45692438, -0.39604867, -0.11061318,
       -0.22657866,  0.35143755, -0.4962326 ,  0.24206744, -0.24773128,
       -0.1561457 ,  0.06308472, -0.06220185,  0.01363499, -0.00497033,
       -0.11777813, -0.15147358,  0.09323308, -0.19993818, -0.37825237,
        0.39470021]) 

Generation: 735 
 - Generation Avg Fit: 0.5134555596229665 
 - Best Fitness: 34.8407203543787
 - Best Solution: array([-0.03652435,  0.43557232, -0.34378842,  0.33950269,  0.35941164,
       -0.12422433,  0.36262979, -0.18102567, -0.19470047,  0.29105356,
       -0.34310094, -0.18805526, -0.16267104,  0.473271  ,  0.22564147,
        0.0081811 ,  0.12932816, -0.45692438, -0.39604867, -0.11061318,
       -0.22657866,  0.35143755, -0.4962326 ,  0.24206744, -0.24773128,
       -0.1561457 ,  0.06308472, -0.06220185,  0.01363499, -0.00497033,
       -0.11777813, -0.15147358,  0.09323308, -0.19993818, -0.37825237,
        0.39470021]) 

Generation: 736 
 - Generation Avg Fit: 0.5134555596229665 
 - Best Fitness: 34.8407203543787
 - Best Solution: array([-0.03652435,  0.43557232, -0.34378842,  0.33950269,  0.35941164,
       -0.12422433,  0.36262979, -0.18102567, -0.19470047,  0.29105356,
       -0.34310094, -0.18805526, -0.16267104,  0.473271  ,  0.22564147,
        0.0081811 ,  0.12932816, -0.45692438, -0.39604867, -0.11061318,
       -0.22657866,  0.35143755, -0.4962326 ,  0.24206744, -0.24773128,
       -0.1561457 ,  0.06308472, -0.06220185,  0.01363499, -0.00497033,
       -0.11777813, -0.15147358,  0.09323308, -0.19993818, -0.37825237,
        0.39470021]) 

Generation: 737 
 - Generation Avg Fit: 0.5134555596229665 
 - Best Fitness: 34.8407203543787
 - Best Solution: array([-0.03652435,  0.43557232, -0.34378842,  0.33950269,  0.35941164,
       -0.12422433,  0.36262979, -0.18102567, -0.19470047,  0.29105356,
       -0.34310094, -0.18805526, -0.16267104,  0.473271  ,  0.22564147,
        0.0081811 ,  0.12932816, -0.45692438, -0.39604867, -0.11061318,
       -0.22657866,  0.35143755, -0.4962326 ,  0.24206744, -0.24773128,
       -0.1561457 ,  0.06308472, -0.06220185,  0.01363499, -0.00497033,
       -0.11777813, -0.15147358,  0.09323308, -0.19993818, -0.37825237,
        0.39470021]) 

Generation: 738 
 - Generation Avg Fit: 0.5134555596229665 
 - Best Fitness: 34.8407203543787
 - Best Solution: array([-0.03652435,  0.43557232, -0.34378842,  0.33950269,  0.35941164,
       -0.12422433,  0.36262979, -0.18102567, -0.19470047,  0.29105356,
       -0.34310094, -0.18805526, -0.16267104,  0.473271  ,  0.22564147,
        0.0081811 ,  0.12932816, -0.45692438, -0.39604867, -0.11061318,
       -0.22657866,  0.35143755, -0.4962326 ,  0.24206744, -0.24773128,
       -0.1561457 ,  0.06308472, -0.06220185,  0.01363499, -0.00497033,
       -0.11777813, -0.15147358,  0.09323308, -0.19993818, -0.37825237,
        0.39470021]) 

Generation: 739 
 - Generation Avg Fit: 0.5134555596229665 
 - Best Fitness: 34.8407203543787
 - Best Solution: array([-0.03652435,  0.43557232, -0.34378842,  0.33950269,  0.35941164,
       -0.12422433,  0.36262979, -0.18102567, -0.19470047,  0.29105356,
       -0.34310094, -0.18805526, -0.16267104,  0.473271  ,  0.22564147,
        0.0081811 ,  0.12932816, -0.45692438, -0.39604867, -0.11061318,
       -0.22657866,  0.35143755, -0.4962326 ,  0.24206744, -0.24773128,
       -0.1561457 ,  0.06308472, -0.06220185,  0.01363499, -0.00497033,
       -0.11777813, -0.15147358,  0.09323308, -0.19993818, -0.37825237,
        0.39470021]) 

Generation: 740 
 - Generation Avg Fit: 0.5134555596229665 
 - Best Fitness: 34.8407203543787
 - Best Solution: array([-0.03652435,  0.43557232, -0.34378842,  0.33950269,  0.35941164,
       -0.12422433,  0.36262979, -0.18102567, -0.19470047,  0.29105356,
       -0.34310094, -0.18805526, -0.16267104,  0.473271  ,  0.22564147,
        0.0081811 ,  0.12932816, -0.45692438, -0.39604867, -0.11061318,
       -0.22657866,  0.35143755, -0.4962326 ,  0.24206744, -0.24773128,
       -0.1561457 ,  0.06308472, -0.06220185,  0.01363499, -0.00497033,
       -0.11777813, -0.15147358,  0.09323308, -0.19993818, -0.37825237,
        0.39470021]) 

Generation: 741 
 - Generation Avg Fit: 0.5134555596229665 
 - Best Fitness: 34.8407203543787
 - Best Solution: array([-0.03652435,  0.43557232, -0.34378842,  0.33950269,  0.35941164,
       -0.12422433,  0.36262979, -0.18102567, -0.19470047,  0.29105356,
       -0.34310094, -0.18805526, -0.16267104,  0.473271  ,  0.22564147,
        0.0081811 ,  0.12932816, -0.45692438, -0.39604867, -0.11061318,
       -0.22657866,  0.35143755, -0.4962326 ,  0.24206744, -0.24773128,
       -0.1561457 ,  0.06308472, -0.06220185,  0.01363499, -0.00497033,
       -0.11777813, -0.15147358,  0.09323308, -0.19993818, -0.37825237,
        0.39470021]) 

Generation: 742 
 - Generation Avg Fit: 0.5134555596229665 
 - Best Fitness: 34.8407203543787
 - Best Solution: array([-0.03652435,  0.43557232, -0.34378842,  0.33950269,  0.35941164,
       -0.12422433,  0.36262979, -0.18102567, -0.19470047,  0.29105356,
       -0.34310094, -0.18805526, -0.16267104,  0.473271  ,  0.22564147,
        0.0081811 ,  0.12932816, -0.45692438, -0.39604867, -0.11061318,
       -0.22657866,  0.35143755, -0.4962326 ,  0.24206744, -0.24773128,
       -0.1561457 ,  0.06308472, -0.06220185,  0.01363499, -0.00497033,
       -0.11777813, -0.15147358,  0.09323308, -0.19993818, -0.37825237,
        0.39470021]) 

Generation: 743 
 - Generation Avg Fit: 0.5134555596229665 
 - Best Fitness: 34.8407203543787
 - Best Solution: array([-0.03652435,  0.43557232, -0.34378842,  0.33950269,  0.35941164,
       -0.12422433,  0.36262979, -0.18102567, -0.19470047,  0.29105356,
       -0.34310094, -0.18805526, -0.16267104,  0.473271  ,  0.22564147,
        0.0081811 ,  0.12932816, -0.45692438, -0.39604867, -0.11061318,
       -0.22657866,  0.35143755, -0.4962326 ,  0.24206744, -0.24773128,
       -0.1561457 ,  0.06308472, -0.06220185,  0.01363499, -0.00497033,
       -0.11777813, -0.15147358,  0.09323308, -0.19993818, -0.37825237,
        0.39470021]) 

Generation: 744 
 - Generation Avg Fit: 0.5134555596229665 
 - Best Fitness: 34.8407203543787
 - Best Solution: array([-0.03652435,  0.43557232, -0.34378842,  0.33950269,  0.35941164,
       -0.12422433,  0.36262979, -0.18102567, -0.19470047,  0.29105356,
       -0.34310094, -0.18805526, -0.16267104,  0.473271  ,  0.22564147,
        0.0081811 ,  0.12932816, -0.45692438, -0.39604867, -0.11061318,
       -0.22657866,  0.35143755, -0.4962326 ,  0.24206744, -0.24773128,
       -0.1561457 ,  0.06308472, -0.06220185,  0.01363499, -0.00497033,
       -0.11777813, -0.15147358,  0.09323308, -0.19993818, -0.37825237,
        0.39470021]) 

Generation: 745 
 - Generation Avg Fit: 0.5134555596229665 
 - Best Fitness: 34.8407203543787
 - Best Solution: array([-0.03652435,  0.43557232, -0.34378842,  0.33950269,  0.35941164,
       -0.12422433,  0.36262979, -0.18102567, -0.19470047,  0.29105356,
       -0.34310094, -0.18805526, -0.16267104,  0.473271  ,  0.22564147,
        0.0081811 ,  0.12932816, -0.45692438, -0.39604867, -0.11061318,
       -0.22657866,  0.35143755, -0.4962326 ,  0.24206744, -0.24773128,
       -0.1561457 ,  0.06308472, -0.06220185,  0.01363499, -0.00497033,
       -0.11777813, -0.15147358,  0.09323308, -0.19993818, -0.37825237,
        0.39470021]) 

Generation: 746 
 - Generation Avg Fit: 0.5134555596229665 
 - Best Fitness: 34.8407203543787
 - Best Solution: array([-0.03652435,  0.43557232, -0.34378842,  0.33950269,  0.35941164,
       -0.12422433,  0.36262979, -0.18102567, -0.19470047,  0.29105356,
       -0.34310094, -0.18805526, -0.16267104,  0.473271  ,  0.22564147,
        0.0081811 ,  0.12932816, -0.45692438, -0.39604867, -0.11061318,
       -0.22657866,  0.35143755, -0.4962326 ,  0.24206744, -0.24773128,
       -0.1561457 ,  0.06308472, -0.06220185,  0.01363499, -0.00497033,
       -0.11777813, -0.15147358,  0.09323308, -0.19993818, -0.37825237,
        0.39470021]) 

Generation: 747 
 - Generation Avg Fit: 0.5134555596229665 
 - Best Fitness: 34.8407203543787
 - Best Solution: array([-0.03652435,  0.43557232, -0.34378842,  0.33950269,  0.35941164,
       -0.12422433,  0.36262979, -0.18102567, -0.19470047,  0.29105356,
       -0.34310094, -0.18805526, -0.16267104,  0.473271  ,  0.22564147,
        0.0081811 ,  0.12932816, -0.45692438, -0.39604867, -0.11061318,
       -0.22657866,  0.35143755, -0.4962326 ,  0.24206744, -0.24773128,
       -0.1561457 ,  0.06308472, -0.06220185,  0.01363499, -0.00497033,
       -0.11777813, -0.15147358,  0.09323308, -0.19993818, -0.37825237,
        0.39470021]) 

Generation: 748 
 - Generation Avg Fit: 0.5134555596229665 
 - Best Fitness: 34.8407203543787
 - Best Solution: array([-0.03652435,  0.43557232, -0.34378842,  0.33950269,  0.35941164,
       -0.12422433,  0.36262979, -0.18102567, -0.19470047,  0.29105356,
       -0.34310094, -0.18805526, -0.16267104,  0.473271  ,  0.22564147,
        0.0081811 ,  0.12932816, -0.45692438, -0.39604867, -0.11061318,
       -0.22657866,  0.35143755, -0.4962326 ,  0.24206744, -0.24773128,
       -0.1561457 ,  0.06308472, -0.06220185,  0.01363499, -0.00497033,
       -0.11777813, -0.15147358,  0.09323308, -0.19993818, -0.37825237,
        0.39470021]) 

Generation: 749 
 - Generation Avg Fit: 0.5134555596229665 
 - Best Fitness: 34.8407203543787
 - Best Solution: array([-0.03652435,  0.43557232, -0.34378842,  0.33950269,  0.35941164,
       -0.12422433,  0.36262979, -0.18102567, -0.19470047,  0.29105356,
       -0.34310094, -0.18805526, -0.16267104,  0.473271  ,  0.22564147,
        0.0081811 ,  0.12932816, -0.45692438, -0.39604867, -0.11061318,
       -0.22657866,  0.35143755, -0.4962326 ,  0.24206744, -0.24773128,
       -0.1561457 ,  0.06308472, -0.06220185,  0.01363499, -0.00497033,
       -0.11777813, -0.15147358,  0.09323308, -0.19993818, -0.37825237,
        0.39470021]) 

Generation: 750 
 - Generation Avg Fit: 0.5134555596229665 
 - Best Fitness: 34.8407203543787
 - Best Solution: array([-0.03652435,  0.43557232, -0.34378842,  0.33950269,  0.35941164,
       -0.12422433,  0.36262979, -0.18102567, -0.19470047,  0.29105356,
       -0.34310094, -0.18805526, -0.16267104,  0.473271  ,  0.22564147,
        0.0081811 ,  0.12932816, -0.45692438, -0.39604867, -0.11061318,
       -0.22657866,  0.35143755, -0.4962326 ,  0.24206744, -0.24773128,
       -0.1561457 ,  0.06308472, -0.06220185,  0.01363499, -0.00497033,
       -0.11777813, -0.15147358,  0.09323308, -0.19993818, -0.37825237,
        0.39470021]) 

Generation: 751 
 - Generation Avg Fit: 0.5134555596229665 
 - Best Fitness: 34.8407203543787
 - Best Solution: array([-0.03652435,  0.43557232, -0.34378842,  0.33950269,  0.35941164,
       -0.12422433,  0.36262979, -0.18102567, -0.19470047,  0.29105356,
       -0.34310094, -0.18805526, -0.16267104,  0.473271  ,  0.22564147,
        0.0081811 ,  0.12932816, -0.45692438, -0.39604867, -0.11061318,
       -0.22657866,  0.35143755, -0.4962326 ,  0.24206744, -0.24773128,
       -0.1561457 ,  0.06308472, -0.06220185,  0.01363499, -0.00497033,
       -0.11777813, -0.15147358,  0.09323308, -0.19993818, -0.37825237,
        0.39470021]) 

Generation: 752 
 - Generation Avg Fit: 0.5134555596229665 
 - Best Fitness: 34.8407203543787
 - Best Solution: array([-0.03652435,  0.43557232, -0.34378842,  0.33950269,  0.35941164,
       -0.12422433,  0.36262979, -0.18102567, -0.19470047,  0.29105356,
       -0.34310094, -0.18805526, -0.16267104,  0.473271  ,  0.22564147,
        0.0081811 ,  0.12932816, -0.45692438, -0.39604867, -0.11061318,
       -0.22657866,  0.35143755, -0.4962326 ,  0.24206744, -0.24773128,
       -0.1561457 ,  0.06308472, -0.06220185,  0.01363499, -0.00497033,
       -0.11777813, -0.15147358,  0.09323308, -0.19993818, -0.37825237,
        0.39470021]) 

Generation: 753 
 - Generation Avg Fit: 0.5134555596229665 
 - Best Fitness: 34.8407203543787
 - Best Solution: array([-0.03652435,  0.43557232, -0.34378842,  0.33950269,  0.35941164,
       -0.12422433,  0.36262979, -0.18102567, -0.19470047,  0.29105356,
       -0.34310094, -0.18805526, -0.16267104,  0.473271  ,  0.22564147,
        0.0081811 ,  0.12932816, -0.45692438, -0.39604867, -0.11061318,
       -0.22657866,  0.35143755, -0.4962326 ,  0.24206744, -0.24773128,
       -0.1561457 ,  0.06308472, -0.06220185,  0.01363499, -0.00497033,
       -0.11777813, -0.15147358,  0.09323308, -0.19993818, -0.37825237,
        0.39470021]) 

Generation: 754 
 - Generation Avg Fit: 0.5134555596229665 
 - Best Fitness: 34.8407203543787
 - Best Solution: array([-0.03652435,  0.43557232, -0.34378842,  0.33950269,  0.35941164,
       -0.12422433,  0.36262979, -0.18102567, -0.19470047,  0.29105356,
       -0.34310094, -0.18805526, -0.16267104,  0.473271  ,  0.22564147,
        0.0081811 ,  0.12932816, -0.45692438, -0.39604867, -0.11061318,
       -0.22657866,  0.35143755, -0.4962326 ,  0.24206744, -0.24773128,
       -0.1561457 ,  0.06308472, -0.06220185,  0.01363499, -0.00497033,
       -0.11777813, -0.15147358,  0.09323308, -0.19993818, -0.37825237,
        0.39470021]) 

Generation: 755 
 - Generation Avg Fit: 0.5134555596229665 
 - Best Fitness: 34.8407203543787
 - Best Solution: array([-0.03652435,  0.43557232, -0.34378842,  0.33950269,  0.35941164,
       -0.12422433,  0.36262979, -0.18102567, -0.19470047,  0.29105356,
       -0.34310094, -0.18805526, -0.16267104,  0.473271  ,  0.22564147,
        0.0081811 ,  0.12932816, -0.45692438, -0.39604867, -0.11061318,
       -0.22657866,  0.35143755, -0.4962326 ,  0.24206744, -0.24773128,
       -0.1561457 ,  0.06308472, -0.06220185,  0.01363499, -0.00497033,
       -0.11777813, -0.15147358,  0.09323308, -0.19993818, -0.37825237,
        0.39470021]) 

Generation: 756 
 - Generation Avg Fit: 0.5134555596229665 
 - Best Fitness: 34.8407203543787
 - Best Solution: array([-0.03652435,  0.43557232, -0.34378842,  0.33950269,  0.35941164,
       -0.12422433,  0.36262979, -0.18102567, -0.19470047,  0.29105356,
       -0.34310094, -0.18805526, -0.16267104,  0.473271  ,  0.22564147,
        0.0081811 ,  0.12932816, -0.45692438, -0.39604867, -0.11061318,
       -0.22657866,  0.35143755, -0.4962326 ,  0.24206744, -0.24773128,
       -0.1561457 ,  0.06308472, -0.06220185,  0.01363499, -0.00497033,
       -0.11777813, -0.15147358,  0.09323308, -0.19993818, -0.37825237,
        0.39470021]) 

Generation: 757 
 - Generation Avg Fit: 0.5134555596229665 
 - Best Fitness: 34.8407203543787
 - Best Solution: array([-0.03652435,  0.43557232, -0.34378842,  0.33950269,  0.35941164,
       -0.12422433,  0.36262979, -0.18102567, -0.19470047,  0.29105356,
       -0.34310094, -0.18805526, -0.16267104,  0.473271  ,  0.22564147,
        0.0081811 ,  0.12932816, -0.45692438, -0.39604867, -0.11061318,
       -0.22657866,  0.35143755, -0.4962326 ,  0.24206744, -0.24773128,
       -0.1561457 ,  0.06308472, -0.06220185,  0.01363499, -0.00497033,
       -0.11777813, -0.15147358,  0.09323308, -0.19993818, -0.37825237,
        0.39470021]) 

Generation: 758 
 - Generation Avg Fit: 0.5134555596229665 
 - Best Fitness: 34.8407203543787
 - Best Solution: array([-0.03652435,  0.43557232, -0.34378842,  0.33950269,  0.35941164,
       -0.12422433,  0.36262979, -0.18102567, -0.19470047,  0.29105356,
       -0.34310094, -0.18805526, -0.16267104,  0.473271  ,  0.22564147,
        0.0081811 ,  0.12932816, -0.45692438, -0.39604867, -0.11061318,
       -0.22657866,  0.35143755, -0.4962326 ,  0.24206744, -0.24773128,
       -0.1561457 ,  0.06308472, -0.06220185,  0.01363499, -0.00497033,
       -0.11777813, -0.15147358,  0.09323308, -0.19993818, -0.37825237,
        0.39470021]) 

Generation: 759 
 - Generation Avg Fit: 0.5134555596229665 
 - Best Fitness: 34.8407203543787
 - Best Solution: array([-0.03652435,  0.43557232, -0.34378842,  0.33950269,  0.35941164,
       -0.12422433,  0.36262979, -0.18102567, -0.19470047,  0.29105356,
       -0.34310094, -0.18805526, -0.16267104,  0.473271  ,  0.22564147,
        0.0081811 ,  0.12932816, -0.45692438, -0.39604867, -0.11061318,
       -0.22657866,  0.35143755, -0.4962326 ,  0.24206744, -0.24773128,
       -0.1561457 ,  0.06308472, -0.06220185,  0.01363499, -0.00497033,
       -0.11777813, -0.15147358,  0.09323308, -0.19993818, -0.37825237,
        0.39470021]) 

Generation: 760 
 - Generation Avg Fit: 0.5134555596229665 
 - Best Fitness: 34.8407203543787
 - Best Solution: array([-0.03652435,  0.43557232, -0.34378842,  0.33950269,  0.35941164,
       -0.12422433,  0.36262979, -0.18102567, -0.19470047,  0.29105356,
       -0.34310094, -0.18805526, -0.16267104,  0.473271  ,  0.22564147,
        0.0081811 ,  0.12932816, -0.45692438, -0.39604867, -0.11061318,
       -0.22657866,  0.35143755, -0.4962326 ,  0.24206744, -0.24773128,
       -0.1561457 ,  0.06308472, -0.06220185,  0.01363499, -0.00497033,
       -0.11777813, -0.15147358,  0.09323308, -0.19993818, -0.37825237,
        0.39470021]) 

Generation: 761 
 - Generation Avg Fit: 0.5134555596229665 
 - Best Fitness: 34.8407203543787
 - Best Solution: array([-0.03652435,  0.43557232, -0.34378842,  0.33950269,  0.35941164,
       -0.12422433,  0.36262979, -0.18102567, -0.19470047,  0.29105356,
       -0.34310094, -0.18805526, -0.16267104,  0.473271  ,  0.22564147,
        0.0081811 ,  0.12932816, -0.45692438, -0.39604867, -0.11061318,
       -0.22657866,  0.35143755, -0.4962326 ,  0.24206744, -0.24773128,
       -0.1561457 ,  0.06308472, -0.06220185,  0.01363499, -0.00497033,
       -0.11777813, -0.15147358,  0.09323308, -0.19993818, -0.37825237,
        0.39470021]) 

Generation: 762 
 - Generation Avg Fit: 0.5134555596229665 
 - Best Fitness: 34.8407203543787
 - Best Solution: array([-0.03652435,  0.43557232, -0.34378842,  0.33950269,  0.35941164,
       -0.12422433,  0.36262979, -0.18102567, -0.19470047,  0.29105356,
       -0.34310094, -0.18805526, -0.16267104,  0.473271  ,  0.22564147,
        0.0081811 ,  0.12932816, -0.45692438, -0.39604867, -0.11061318,
       -0.22657866,  0.35143755, -0.4962326 ,  0.24206744, -0.24773128,
       -0.1561457 ,  0.06308472, -0.06220185,  0.01363499, -0.00497033,
       -0.11777813, -0.15147358,  0.09323308, -0.19993818, -0.37825237,
        0.39470021]) 

Generation: 763 
 - Generation Avg Fit: 0.5134555596229665 
 - Best Fitness: 34.8407203543787
 - Best Solution: array([-0.03652435,  0.43557232, -0.34378842,  0.33950269,  0.35941164,
       -0.12422433,  0.36262979, -0.18102567, -0.19470047,  0.29105356,
       -0.34310094, -0.18805526, -0.16267104,  0.473271  ,  0.22564147,
        0.0081811 ,  0.12932816, -0.45692438, -0.39604867, -0.11061318,
       -0.22657866,  0.35143755, -0.4962326 ,  0.24206744, -0.24773128,
       -0.1561457 ,  0.06308472, -0.06220185,  0.01363499, -0.00497033,
       -0.11777813, -0.15147358,  0.09323308, -0.19993818, -0.37825237,
        0.39470021]) 

Generation: 764 
 - Generation Avg Fit: 0.5134555596229665 
 - Best Fitness: 34.8407203543787
 - Best Solution: array([-0.03652435,  0.43557232, -0.34378842,  0.33950269,  0.35941164,
       -0.12422433,  0.36262979, -0.18102567, -0.19470047,  0.29105356,
       -0.34310094, -0.18805526, -0.16267104,  0.473271  ,  0.22564147,
        0.0081811 ,  0.12932816, -0.45692438, -0.39604867, -0.11061318,
       -0.22657866,  0.35143755, -0.4962326 ,  0.24206744, -0.24773128,
       -0.1561457 ,  0.06308472, -0.06220185,  0.01363499, -0.00497033,
       -0.11777813, -0.15147358,  0.09323308, -0.19993818, -0.37825237,
        0.39470021]) 

Generation: 765 
 - Generation Avg Fit: 0.5134555596229665 
 - Best Fitness: 34.8407203543787
 - Best Solution: array([-0.03652435,  0.43557232, -0.34378842,  0.33950269,  0.35941164,
       -0.12422433,  0.36262979, -0.18102567, -0.19470047,  0.29105356,
       -0.34310094, -0.18805526, -0.16267104,  0.473271  ,  0.22564147,
        0.0081811 ,  0.12932816, -0.45692438, -0.39604867, -0.11061318,
       -0.22657866,  0.35143755, -0.4962326 ,  0.24206744, -0.24773128,
       -0.1561457 ,  0.06308472, -0.06220185,  0.01363499, -0.00497033,
       -0.11777813, -0.15147358,  0.09323308, -0.19993818, -0.37825237,
        0.39470021]) 

Generation: 766 
 - Generation Avg Fit: 0.5134555596229665 
 - Best Fitness: 34.8407203543787
 - Best Solution: array([-0.03652435,  0.43557232, -0.34378842,  0.33950269,  0.35941164,
       -0.12422433,  0.36262979, -0.18102567, -0.19470047,  0.29105356,
       -0.34310094, -0.18805526, -0.16267104,  0.473271  ,  0.22564147,
        0.0081811 ,  0.12932816, -0.45692438, -0.39604867, -0.11061318,
       -0.22657866,  0.35143755, -0.4962326 ,  0.24206744, -0.24773128,
       -0.1561457 ,  0.06308472, -0.06220185,  0.01363499, -0.00497033,
       -0.11777813, -0.15147358,  0.09323308, -0.19993818, -0.37825237,
        0.39470021]) 

Generation: 767 
 - Generation Avg Fit: 0.5134555596229665 
 - Best Fitness: 34.8407203543787
 - Best Solution: array([-0.03652435,  0.43557232, -0.34378842,  0.33950269,  0.35941164,
       -0.12422433,  0.36262979, -0.18102567, -0.19470047,  0.29105356,
       -0.34310094, -0.18805526, -0.16267104,  0.473271  ,  0.22564147,
        0.0081811 ,  0.12932816, -0.45692438, -0.39604867, -0.11061318,
       -0.22657866,  0.35143755, -0.4962326 ,  0.24206744, -0.24773128,
       -0.1561457 ,  0.06308472, -0.06220185,  0.01363499, -0.00497033,
       -0.11777813, -0.15147358,  0.09323308, -0.19993818, -0.37825237,
        0.39470021]) 

Generation: 768 
 - Generation Avg Fit: 0.5134555596229665 
 - Best Fitness: 34.8407203543787
 - Best Solution: array([-0.03652435,  0.43557232, -0.34378842,  0.33950269,  0.35941164,
       -0.12422433,  0.36262979, -0.18102567, -0.19470047,  0.29105356,
       -0.34310094, -0.18805526, -0.16267104,  0.473271  ,  0.22564147,
        0.0081811 ,  0.12932816, -0.45692438, -0.39604867, -0.11061318,
       -0.22657866,  0.35143755, -0.4962326 ,  0.24206744, -0.24773128,
       -0.1561457 ,  0.06308472, -0.06220185,  0.01363499, -0.00497033,
       -0.11777813, -0.15147358,  0.09323308, -0.19993818, -0.37825237,
        0.39470021]) 

Generation: 769 
 - Generation Avg Fit: 0.5134555596229665 
 - Best Fitness: 34.8407203543787
 - Best Solution: array([-0.03652435,  0.43557232, -0.34378842,  0.33950269,  0.35941164,
       -0.12422433,  0.36262979, -0.18102567, -0.19470047,  0.29105356,
       -0.34310094, -0.18805526, -0.16267104,  0.473271  ,  0.22564147,
        0.0081811 ,  0.12932816, -0.45692438, -0.39604867, -0.11061318,
       -0.22657866,  0.35143755, -0.4962326 ,  0.24206744, -0.24773128,
       -0.1561457 ,  0.06308472, -0.06220185,  0.01363499, -0.00497033,
       -0.11777813, -0.15147358,  0.09323308, -0.19993818, -0.37825237,
        0.39470021]) 

Generation: 770 
 - Generation Avg Fit: 0.5134555596229665 
 - Best Fitness: 34.8407203543787
 - Best Solution: array([-0.03652435,  0.43557232, -0.34378842,  0.33950269,  0.35941164,
       -0.12422433,  0.36262979, -0.18102567, -0.19470047,  0.29105356,
       -0.34310094, -0.18805526, -0.16267104,  0.473271  ,  0.22564147,
        0.0081811 ,  0.12932816, -0.45692438, -0.39604867, -0.11061318,
       -0.22657866,  0.35143755, -0.4962326 ,  0.24206744, -0.24773128,
       -0.1561457 ,  0.06308472, -0.06220185,  0.01363499, -0.00497033,
       -0.11777813, -0.15147358,  0.09323308, -0.19993818, -0.37825237,
        0.39470021]) 

Generation: 771 
 - Generation Avg Fit: 0.5134555596229665 
 - Best Fitness: 34.8407203543787
 - Best Solution: array([-0.03652435,  0.43557232, -0.34378842,  0.33950269,  0.35941164,
       -0.12422433,  0.36262979, -0.18102567, -0.19470047,  0.29105356,
       -0.34310094, -0.18805526, -0.16267104,  0.473271  ,  0.22564147,
        0.0081811 ,  0.12932816, -0.45692438, -0.39604867, -0.11061318,
       -0.22657866,  0.35143755, -0.4962326 ,  0.24206744, -0.24773128,
       -0.1561457 ,  0.06308472, -0.06220185,  0.01363499, -0.00497033,
       -0.11777813, -0.15147358,  0.09323308, -0.19993818, -0.37825237,
        0.39470021]) 

Generation: 772 
 - Generation Avg Fit: 0.5134555596229665 
 - Best Fitness: 34.8407203543787
 - Best Solution: array([-0.03652435,  0.43557232, -0.34378842,  0.33950269,  0.35941164,
       -0.12422433,  0.36262979, -0.18102567, -0.19470047,  0.29105356,
       -0.34310094, -0.18805526, -0.16267104,  0.473271  ,  0.22564147,
        0.0081811 ,  0.12932816, -0.45692438, -0.39604867, -0.11061318,
       -0.22657866,  0.35143755, -0.4962326 ,  0.24206744, -0.24773128,
       -0.1561457 ,  0.06308472, -0.06220185,  0.01363499, -0.00497033,
       -0.11777813, -0.15147358,  0.09323308, -0.19993818, -0.37825237,
        0.39470021]) 

Generation: 773 
 - Generation Avg Fit: 0.5134555596229665 
 - Best Fitness: 34.8407203543787
 - Best Solution: array([-0.03652435,  0.43557232, -0.34378842,  0.33950269,  0.35941164,
       -0.12422433,  0.36262979, -0.18102567, -0.19470047,  0.29105356,
       -0.34310094, -0.18805526, -0.16267104,  0.473271  ,  0.22564147,
        0.0081811 ,  0.12932816, -0.45692438, -0.39604867, -0.11061318,
       -0.22657866,  0.35143755, -0.4962326 ,  0.24206744, -0.24773128,
       -0.1561457 ,  0.06308472, -0.06220185,  0.01363499, -0.00497033,
       -0.11777813, -0.15147358,  0.09323308, -0.19993818, -0.37825237,
        0.39470021]) 

Generation: 774 
 - Generation Avg Fit: 0.5134555596229665 
 - Best Fitness: 34.8407203543787
 - Best Solution: array([-0.03652435,  0.43557232, -0.34378842,  0.33950269,  0.35941164,
       -0.12422433,  0.36262979, -0.18102567, -0.19470047,  0.29105356,
       -0.34310094, -0.18805526, -0.16267104,  0.473271  ,  0.22564147,
        0.0081811 ,  0.12932816, -0.45692438, -0.39604867, -0.11061318,
       -0.22657866,  0.35143755, -0.4962326 ,  0.24206744, -0.24773128,
       -0.1561457 ,  0.06308472, -0.06220185,  0.01363499, -0.00497033,
       -0.11777813, -0.15147358,  0.09323308, -0.19993818, -0.37825237,
        0.39470021]) 

Generation: 775 
 - Generation Avg Fit: 0.5134555596229665 
 - Best Fitness: 34.8407203543787
 - Best Solution: array([-0.03652435,  0.43557232, -0.34378842,  0.33950269,  0.35941164,
       -0.12422433,  0.36262979, -0.18102567, -0.19470047,  0.29105356,
       -0.34310094, -0.18805526, -0.16267104,  0.473271  ,  0.22564147,
        0.0081811 ,  0.12932816, -0.45692438, -0.39604867, -0.11061318,
       -0.22657866,  0.35143755, -0.4962326 ,  0.24206744, -0.24773128,
       -0.1561457 ,  0.06308472, -0.06220185,  0.01363499, -0.00497033,
       -0.11777813, -0.15147358,  0.09323308, -0.19993818, -0.37825237,
        0.39470021]) 

Generation: 776 
 - Generation Avg Fit: 0.5134555596229665 
 - Best Fitness: 34.8407203543787
 - Best Solution: array([-0.03652435,  0.43557232, -0.34378842,  0.33950269,  0.35941164,
       -0.12422433,  0.36262979, -0.18102567, -0.19470047,  0.29105356,
       -0.34310094, -0.18805526, -0.16267104,  0.473271  ,  0.22564147,
        0.0081811 ,  0.12932816, -0.45692438, -0.39604867, -0.11061318,
       -0.22657866,  0.35143755, -0.4962326 ,  0.24206744, -0.24773128,
       -0.1561457 ,  0.06308472, -0.06220185,  0.01363499, -0.00497033,
       -0.11777813, -0.15147358,  0.09323308, -0.19993818, -0.37825237,
        0.39470021]) 

Generation: 777 
 - Generation Avg Fit: 0.5134555596229665 
 - Best Fitness: 34.8407203543787
 - Best Solution: array([-0.03652435,  0.43557232, -0.34378842,  0.33950269,  0.35941164,
       -0.12422433,  0.36262979, -0.18102567, -0.19470047,  0.29105356,
       -0.34310094, -0.18805526, -0.16267104,  0.473271  ,  0.22564147,
        0.0081811 ,  0.12932816, -0.45692438, -0.39604867, -0.11061318,
       -0.22657866,  0.35143755, -0.4962326 ,  0.24206744, -0.24773128,
       -0.1561457 ,  0.06308472, -0.06220185,  0.01363499, -0.00497033,
       -0.11777813, -0.15147358,  0.09323308, -0.19993818, -0.37825237,
        0.39470021]) 

Generation: 778 
 - Generation Avg Fit: 0.5134555596229665 
 - Best Fitness: 34.8407203543787
 - Best Solution: array([-0.03652435,  0.43557232, -0.34378842,  0.33950269,  0.35941164,
       -0.12422433,  0.36262979, -0.18102567, -0.19470047,  0.29105356,
       -0.34310094, -0.18805526, -0.16267104,  0.473271  ,  0.22564147,
        0.0081811 ,  0.12932816, -0.45692438, -0.39604867, -0.11061318,
       -0.22657866,  0.35143755, -0.4962326 ,  0.24206744, -0.24773128,
       -0.1561457 ,  0.06308472, -0.06220185,  0.01363499, -0.00497033,
       -0.11777813, -0.15147358,  0.09323308, -0.19993818, -0.37825237,
        0.39470021]) 

Generation: 779 
 - Generation Avg Fit: 0.5134555596229665 
 - Best Fitness: 34.8407203543787
 - Best Solution: array([-0.03652435,  0.43557232, -0.34378842,  0.33950269,  0.35941164,
       -0.12422433,  0.36262979, -0.18102567, -0.19470047,  0.29105356,
       -0.34310094, -0.18805526, -0.16267104,  0.473271  ,  0.22564147,
        0.0081811 ,  0.12932816, -0.45692438, -0.39604867, -0.11061318,
       -0.22657866,  0.35143755, -0.4962326 ,  0.24206744, -0.24773128,
       -0.1561457 ,  0.06308472, -0.06220185,  0.01363499, -0.00497033,
       -0.11777813, -0.15147358,  0.09323308, -0.19993818, -0.37825237,
        0.39470021]) 

Generation: 780 
 - Generation Avg Fit: 0.5134555596229665 
 - Best Fitness: 34.8407203543787
 - Best Solution: array([-0.03652435,  0.43557232, -0.34378842,  0.33950269,  0.35941164,
       -0.12422433,  0.36262979, -0.18102567, -0.19470047,  0.29105356,
       -0.34310094, -0.18805526, -0.16267104,  0.473271  ,  0.22564147,
        0.0081811 ,  0.12932816, -0.45692438, -0.39604867, -0.11061318,
       -0.22657866,  0.35143755, -0.4962326 ,  0.24206744, -0.24773128,
       -0.1561457 ,  0.06308472, -0.06220185,  0.01363499, -0.00497033,
       -0.11777813, -0.15147358,  0.09323308, -0.19993818, -0.37825237,
        0.39470021]) 

Generation: 781 
 - Generation Avg Fit: 0.5134555596229665 
 - Best Fitness: 34.8407203543787
 - Best Solution: array([-0.03652435,  0.43557232, -0.34378842,  0.33950269,  0.35941164,
       -0.12422433,  0.36262979, -0.18102567, -0.19470047,  0.29105356,
       -0.34310094, -0.18805526, -0.16267104,  0.473271  ,  0.22564147,
        0.0081811 ,  0.12932816, -0.45692438, -0.39604867, -0.11061318,
       -0.22657866,  0.35143755, -0.4962326 ,  0.24206744, -0.24773128,
       -0.1561457 ,  0.06308472, -0.06220185,  0.01363499, -0.00497033,
       -0.11777813, -0.15147358,  0.09323308, -0.19993818, -0.37825237,
        0.39470021]) 

Generation: 782 
 - Generation Avg Fit: 0.5134555596229665 
 - Best Fitness: 34.8407203543787
 - Best Solution: array([-0.03652435,  0.43557232, -0.34378842,  0.33950269,  0.35941164,
       -0.12422433,  0.36262979, -0.18102567, -0.19470047,  0.29105356,
       -0.34310094, -0.18805526, -0.16267104,  0.473271  ,  0.22564147,
        0.0081811 ,  0.12932816, -0.45692438, -0.39604867, -0.11061318,
       -0.22657866,  0.35143755, -0.4962326 ,  0.24206744, -0.24773128,
       -0.1561457 ,  0.06308472, -0.06220185,  0.01363499, -0.00497033,
       -0.11777813, -0.15147358,  0.09323308, -0.19993818, -0.37825237,
        0.39470021]) 

Generation: 783 
 - Generation Avg Fit: 0.5134555596229665 
 - Best Fitness: 34.8407203543787
 - Best Solution: array([-0.03652435,  0.43557232, -0.34378842,  0.33950269,  0.35941164,
       -0.12422433,  0.36262979, -0.18102567, -0.19470047,  0.29105356,
       -0.34310094, -0.18805526, -0.16267104,  0.473271  ,  0.22564147,
        0.0081811 ,  0.12932816, -0.45692438, -0.39604867, -0.11061318,
       -0.22657866,  0.35143755, -0.4962326 ,  0.24206744, -0.24773128,
       -0.1561457 ,  0.06308472, -0.06220185,  0.01363499, -0.00497033,
       -0.11777813, -0.15147358,  0.09323308, -0.19993818, -0.37825237,
        0.39470021]) 

Generation: 784 
 - Generation Avg Fit: 0.5134555596229665 
 - Best Fitness: 34.8407203543787
 - Best Solution: array([-0.03652435,  0.43557232, -0.34378842,  0.33950269,  0.35941164,
       -0.12422433,  0.36262979, -0.18102567, -0.19470047,  0.29105356,
       -0.34310094, -0.18805526, -0.16267104,  0.473271  ,  0.22564147,
        0.0081811 ,  0.12932816, -0.45692438, -0.39604867, -0.11061318,
       -0.22657866,  0.35143755, -0.4962326 ,  0.24206744, -0.24773128,
       -0.1561457 ,  0.06308472, -0.06220185,  0.01363499, -0.00497033,
       -0.11777813, -0.15147358,  0.09323308, -0.19993818, -0.37825237,
        0.39470021]) 

Generation: 785 
 - Generation Avg Fit: 0.5134555596229665 
 - Best Fitness: 34.8407203543787
 - Best Solution: array([-0.03652435,  0.43557232, -0.34378842,  0.33950269,  0.35941164,
       -0.12422433,  0.36262979, -0.18102567, -0.19470047,  0.29105356,
       -0.34310094, -0.18805526, -0.16267104,  0.473271  ,  0.22564147,
        0.0081811 ,  0.12932816, -0.45692438, -0.39604867, -0.11061318,
       -0.22657866,  0.35143755, -0.4962326 ,  0.24206744, -0.24773128,
       -0.1561457 ,  0.06308472, -0.06220185,  0.01363499, -0.00497033,
       -0.11777813, -0.15147358,  0.09323308, -0.19993818, -0.37825237,
        0.39470021]) 

Generation: 786 
 - Generation Avg Fit: 0.5134555596229665 
 - Best Fitness: 34.8407203543787
 - Best Solution: array([-0.03652435,  0.43557232, -0.34378842,  0.33950269,  0.35941164,
       -0.12422433,  0.36262979, -0.18102567, -0.19470047,  0.29105356,
       -0.34310094, -0.18805526, -0.16267104,  0.473271  ,  0.22564147,
        0.0081811 ,  0.12932816, -0.45692438, -0.39604867, -0.11061318,
       -0.22657866,  0.35143755, -0.4962326 ,  0.24206744, -0.24773128,
       -0.1561457 ,  0.06308472, -0.06220185,  0.01363499, -0.00497033,
       -0.11777813, -0.15147358,  0.09323308, -0.19993818, -0.37825237,
        0.39470021]) 

Generation: 787 
 - Generation Avg Fit: 0.5134555596229665 
 - Best Fitness: 34.8407203543787
 - Best Solution: array([-0.03652435,  0.43557232, -0.34378842,  0.33950269,  0.35941164,
       -0.12422433,  0.36262979, -0.18102567, -0.19470047,  0.29105356,
       -0.34310094, -0.18805526, -0.16267104,  0.473271  ,  0.22564147,
        0.0081811 ,  0.12932816, -0.45692438, -0.39604867, -0.11061318,
       -0.22657866,  0.35143755, -0.4962326 ,  0.24206744, -0.24773128,
       -0.1561457 ,  0.06308472, -0.06220185,  0.01363499, -0.00497033,
       -0.11777813, -0.15147358,  0.09323308, -0.19993818, -0.37825237,
        0.39470021]) 

Generation: 788 
 - Generation Avg Fit: 0.5134555596229665 
 - Best Fitness: 34.8407203543787
 - Best Solution: array([-0.03652435,  0.43557232, -0.34378842,  0.33950269,  0.35941164,
       -0.12422433,  0.36262979, -0.18102567, -0.19470047,  0.29105356,
       -0.34310094, -0.18805526, -0.16267104,  0.473271  ,  0.22564147,
        0.0081811 ,  0.12932816, -0.45692438, -0.39604867, -0.11061318,
       -0.22657866,  0.35143755, -0.4962326 ,  0.24206744, -0.24773128,
       -0.1561457 ,  0.06308472, -0.06220185,  0.01363499, -0.00497033,
       -0.11777813, -0.15147358,  0.09323308, -0.19993818, -0.37825237,
        0.39470021]) 

Generation: 789 
 - Generation Avg Fit: 0.5134555596229665 
 - Best Fitness: 34.8407203543787
 - Best Solution: array([-0.03652435,  0.43557232, -0.34378842,  0.33950269,  0.35941164,
       -0.12422433,  0.36262979, -0.18102567, -0.19470047,  0.29105356,
       -0.34310094, -0.18805526, -0.16267104,  0.473271  ,  0.22564147,
        0.0081811 ,  0.12932816, -0.45692438, -0.39604867, -0.11061318,
       -0.22657866,  0.35143755, -0.4962326 ,  0.24206744, -0.24773128,
       -0.1561457 ,  0.06308472, -0.06220185,  0.01363499, -0.00497033,
       -0.11777813, -0.15147358,  0.09323308, -0.19993818, -0.37825237,
        0.39470021]) 

Generation: 790 
 - Generation Avg Fit: 0.5134555596229665 
 - Best Fitness: 34.8407203543787
 - Best Solution: array([-0.03652435,  0.43557232, -0.34378842,  0.33950269,  0.35941164,
       -0.12422433,  0.36262979, -0.18102567, -0.19470047,  0.29105356,
       -0.34310094, -0.18805526, -0.16267104,  0.473271  ,  0.22564147,
        0.0081811 ,  0.12932816, -0.45692438, -0.39604867, -0.11061318,
       -0.22657866,  0.35143755, -0.4962326 ,  0.24206744, -0.24773128,
       -0.1561457 ,  0.06308472, -0.06220185,  0.01363499, -0.00497033,
       -0.11777813, -0.15147358,  0.09323308, -0.19993818, -0.37825237,
        0.39470021]) 

Generation: 791 
 - Generation Avg Fit: 0.5134555596229665 
 - Best Fitness: 34.8407203543787
 - Best Solution: array([-0.03652435,  0.43557232, -0.34378842,  0.33950269,  0.35941164,
       -0.12422433,  0.36262979, -0.18102567, -0.19470047,  0.29105356,
       -0.34310094, -0.18805526, -0.16267104,  0.473271  ,  0.22564147,
        0.0081811 ,  0.12932816, -0.45692438, -0.39604867, -0.11061318,
       -0.22657866,  0.35143755, -0.4962326 ,  0.24206744, -0.24773128,
       -0.1561457 ,  0.06308472, -0.06220185,  0.01363499, -0.00497033,
       -0.11777813, -0.15147358,  0.09323308, -0.19993818, -0.37825237,
        0.39470021]) 

Generation: 792 
 - Generation Avg Fit: 0.5134555596229665 
 - Best Fitness: 34.8407203543787
 - Best Solution: array([-0.03652435,  0.43557232, -0.34378842,  0.33950269,  0.35941164,
       -0.12422433,  0.36262979, -0.18102567, -0.19470047,  0.29105356,
       -0.34310094, -0.18805526, -0.16267104,  0.473271  ,  0.22564147,
        0.0081811 ,  0.12932816, -0.45692438, -0.39604867, -0.11061318,
       -0.22657866,  0.35143755, -0.4962326 ,  0.24206744, -0.24773128,
       -0.1561457 ,  0.06308472, -0.06220185,  0.01363499, -0.00497033,
       -0.11777813, -0.15147358,  0.09323308, -0.19993818, -0.37825237,
        0.39470021]) 

Generation: 793 
 - Generation Avg Fit: 0.5134555596229665 
 - Best Fitness: 34.8407203543787
 - Best Solution: array([-0.03652435,  0.43557232, -0.34378842,  0.33950269,  0.35941164,
       -0.12422433,  0.36262979, -0.18102567, -0.19470047,  0.29105356,
       -0.34310094, -0.18805526, -0.16267104,  0.473271  ,  0.22564147,
        0.0081811 ,  0.12932816, -0.45692438, -0.39604867, -0.11061318,
       -0.22657866,  0.35143755, -0.4962326 ,  0.24206744, -0.24773128,
       -0.1561457 ,  0.06308472, -0.06220185,  0.01363499, -0.00497033,
       -0.11777813, -0.15147358,  0.09323308, -0.19993818, -0.37825237,
        0.39470021]) 

Generation: 794 
 - Generation Avg Fit: 0.5134555596229665 
 - Best Fitness: 34.8407203543787
 - Best Solution: array([-0.03652435,  0.43557232, -0.34378842,  0.33950269,  0.35941164,
       -0.12422433,  0.36262979, -0.18102567, -0.19470047,  0.29105356,
       -0.34310094, -0.18805526, -0.16267104,  0.473271  ,  0.22564147,
        0.0081811 ,  0.12932816, -0.45692438, -0.39604867, -0.11061318,
       -0.22657866,  0.35143755, -0.4962326 ,  0.24206744, -0.24773128,
       -0.1561457 ,  0.06308472, -0.06220185,  0.01363499, -0.00497033,
       -0.11777813, -0.15147358,  0.09323308, -0.19993818, -0.37825237,
        0.39470021]) 

Generation: 795 
 - Generation Avg Fit: 0.5134555596229665 
 - Best Fitness: 34.8407203543787
 - Best Solution: array([-0.03652435,  0.43557232, -0.34378842,  0.33950269,  0.35941164,
       -0.12422433,  0.36262979, -0.18102567, -0.19470047,  0.29105356,
       -0.34310094, -0.18805526, -0.16267104,  0.473271  ,  0.22564147,
        0.0081811 ,  0.12932816, -0.45692438, -0.39604867, -0.11061318,
       -0.22657866,  0.35143755, -0.4962326 ,  0.24206744, -0.24773128,
       -0.1561457 ,  0.06308472, -0.06220185,  0.01363499, -0.00497033,
       -0.11777813, -0.15147358,  0.09323308, -0.19993818, -0.37825237,
        0.39470021]) 

Generation: 796 
 - Generation Avg Fit: 0.5134555596229665 
 - Best Fitness: 34.8407203543787
 - Best Solution: array([-0.03652435,  0.43557232, -0.34378842,  0.33950269,  0.35941164,
       -0.12422433,  0.36262979, -0.18102567, -0.19470047,  0.29105356,
       -0.34310094, -0.18805526, -0.16267104,  0.473271  ,  0.22564147,
        0.0081811 ,  0.12932816, -0.45692438, -0.39604867, -0.11061318,
       -0.22657866,  0.35143755, -0.4962326 ,  0.24206744, -0.24773128,
       -0.1561457 ,  0.06308472, -0.06220185,  0.01363499, -0.00497033,
       -0.11777813, -0.15147358,  0.09323308, -0.19993818, -0.37825237,
        0.39470021]) 

Generation: 797 
 - Generation Avg Fit: 0.5134555596229665 
 - Best Fitness: 34.8407203543787
 - Best Solution: array([-0.03652435,  0.43557232, -0.34378842,  0.33950269,  0.35941164,
       -0.12422433,  0.36262979, -0.18102567, -0.19470047,  0.29105356,
       -0.34310094, -0.18805526, -0.16267104,  0.473271  ,  0.22564147,
        0.0081811 ,  0.12932816, -0.45692438, -0.39604867, -0.11061318,
       -0.22657866,  0.35143755, -0.4962326 ,  0.24206744, -0.24773128,
       -0.1561457 ,  0.06308472, -0.06220185,  0.01363499, -0.00497033,
       -0.11777813, -0.15147358,  0.09323308, -0.19993818, -0.37825237,
        0.39470021]) 

Generation: 798 
 - Generation Avg Fit: 0.5134555596229665 
 - Best Fitness: 34.8407203543787
 - Best Solution: array([-0.03652435,  0.43557232, -0.34378842,  0.33950269,  0.35941164,
       -0.12422433,  0.36262979, -0.18102567, -0.19470047,  0.29105356,
       -0.34310094, -0.18805526, -0.16267104,  0.473271  ,  0.22564147,
        0.0081811 ,  0.12932816, -0.45692438, -0.39604867, -0.11061318,
       -0.22657866,  0.35143755, -0.4962326 ,  0.24206744, -0.24773128,
       -0.1561457 ,  0.06308472, -0.06220185,  0.01363499, -0.00497033,
       -0.11777813, -0.15147358,  0.09323308, -0.19993818, -0.37825237,
        0.39470021]) 

Generation: 799 
 - Generation Avg Fit: 0.5134555596229665 
 - Best Fitness: 34.8407203543787
 - Best Solution: array([-0.03652435,  0.43557232, -0.34378842,  0.33950269,  0.35941164,
       -0.12422433,  0.36262979, -0.18102567, -0.19470047,  0.29105356,
       -0.34310094, -0.18805526, -0.16267104,  0.473271  ,  0.22564147,
        0.0081811 ,  0.12932816, -0.45692438, -0.39604867, -0.11061318,
       -0.22657866,  0.35143755, -0.4962326 ,  0.24206744, -0.24773128,
       -0.1561457 ,  0.06308472, -0.06220185,  0.01363499, -0.00497033,
       -0.11777813, -0.15147358,  0.09323308, -0.19993818, -0.37825237,
        0.39470021]) 

Generation: 800 
 - Generation Avg Fit: 0.5134555596229665 
 - Best Fitness: 34.8407203543787
 - Best Solution: array([-0.03652435,  0.43557232, -0.34378842,  0.33950269,  0.35941164,
       -0.12422433,  0.36262979, -0.18102567, -0.19470047,  0.29105356,
       -0.34310094, -0.18805526, -0.16267104,  0.473271  ,  0.22564147,
        0.0081811 ,  0.12932816, -0.45692438, -0.39604867, -0.11061318,
       -0.22657866,  0.35143755, -0.4962326 ,  0.24206744, -0.24773128,
       -0.1561457 ,  0.06308472, -0.06220185,  0.01363499, -0.00497033,
       -0.11777813, -0.15147358,  0.09323308, -0.19993818, -0.37825237,
        0.39470021]) 

Generation: 801 
 - Generation Avg Fit: 0.5134555596229665 
 - Best Fitness: 34.8407203543787
 - Best Solution: array([-0.03652435,  0.43557232, -0.34378842,  0.33950269,  0.35941164,
       -0.12422433,  0.36262979, -0.18102567, -0.19470047,  0.29105356,
       -0.34310094, -0.18805526, -0.16267104,  0.473271  ,  0.22564147,
        0.0081811 ,  0.12932816, -0.45692438, -0.39604867, -0.11061318,
       -0.22657866,  0.35143755, -0.4962326 ,  0.24206744, -0.24773128,
       -0.1561457 ,  0.06308472, -0.06220185,  0.01363499, -0.00497033,
       -0.11777813, -0.15147358,  0.09323308, -0.19993818, -0.37825237,
        0.39470021]) 

Generation: 802 
 - Generation Avg Fit: 0.5134555596229665 
 - Best Fitness: 34.8407203543787
 - Best Solution: array([-0.03652435,  0.43557232, -0.34378842,  0.33950269,  0.35941164,
       -0.12422433,  0.36262979, -0.18102567, -0.19470047,  0.29105356,
       -0.34310094, -0.18805526, -0.16267104,  0.473271  ,  0.22564147,
        0.0081811 ,  0.12932816, -0.45692438, -0.39604867, -0.11061318,
       -0.22657866,  0.35143755, -0.4962326 ,  0.24206744, -0.24773128,
       -0.1561457 ,  0.06308472, -0.06220185,  0.01363499, -0.00497033,
       -0.11777813, -0.15147358,  0.09323308, -0.19993818, -0.37825237,
        0.39470021]) 

Generation: 803 
 - Generation Avg Fit: 0.5134555596229665 
 - Best Fitness: 34.8407203543787
 - Best Solution: array([-0.03652435,  0.43557232, -0.34378842,  0.33950269,  0.35941164,
       -0.12422433,  0.36262979, -0.18102567, -0.19470047,  0.29105356,
       -0.34310094, -0.18805526, -0.16267104,  0.473271  ,  0.22564147,
        0.0081811 ,  0.12932816, -0.45692438, -0.39604867, -0.11061318,
       -0.22657866,  0.35143755, -0.4962326 ,  0.24206744, -0.24773128,
       -0.1561457 ,  0.06308472, -0.06220185,  0.01363499, -0.00497033,
       -0.11777813, -0.15147358,  0.09323308, -0.19993818, -0.37825237,
        0.39470021]) 

Generation: 804 
 - Generation Avg Fit: 0.5134555596229665 
 - Best Fitness: 34.8407203543787
 - Best Solution: array([-0.03652435,  0.43557232, -0.34378842,  0.33950269,  0.35941164,
       -0.12422433,  0.36262979, -0.18102567, -0.19470047,  0.29105356,
       -0.34310094, -0.18805526, -0.16267104,  0.473271  ,  0.22564147,
        0.0081811 ,  0.12932816, -0.45692438, -0.39604867, -0.11061318,
       -0.22657866,  0.35143755, -0.4962326 ,  0.24206744, -0.24773128,
       -0.1561457 ,  0.06308472, -0.06220185,  0.01363499, -0.00497033,
       -0.11777813, -0.15147358,  0.09323308, -0.19993818, -0.37825237,
        0.39470021]) 

Generation: 805 
 - Generation Avg Fit: 0.5134555596229665 
 - Best Fitness: 34.8407203543787
 - Best Solution: array([-0.03652435,  0.43557232, -0.34378842,  0.33950269,  0.35941164,
       -0.12422433,  0.36262979, -0.18102567, -0.19470047,  0.29105356,
       -0.34310094, -0.18805526, -0.16267104,  0.473271  ,  0.22564147,
        0.0081811 ,  0.12932816, -0.45692438, -0.39604867, -0.11061318,
       -0.22657866,  0.35143755, -0.4962326 ,  0.24206744, -0.24773128,
       -0.1561457 ,  0.06308472, -0.06220185,  0.01363499, -0.00497033,
       -0.11777813, -0.15147358,  0.09323308, -0.19993818, -0.37825237,
        0.39470021]) 

Generation: 806 
 - Generation Avg Fit: 0.5134555596229665 
 - Best Fitness: 34.8407203543787
 - Best Solution: array([-0.03652435,  0.43557232, -0.34378842,  0.33950269,  0.35941164,
       -0.12422433,  0.36262979, -0.18102567, -0.19470047,  0.29105356,
       -0.34310094, -0.18805526, -0.16267104,  0.473271  ,  0.22564147,
        0.0081811 ,  0.12932816, -0.45692438, -0.39604867, -0.11061318,
       -0.22657866,  0.35143755, -0.4962326 ,  0.24206744, -0.24773128,
       -0.1561457 ,  0.06308472, -0.06220185,  0.01363499, -0.00497033,
       -0.11777813, -0.15147358,  0.09323308, -0.19993818, -0.37825237,
        0.39470021]) 

Generation: 807 
 - Generation Avg Fit: 0.5134555596229665 
 - Best Fitness: 34.8407203543787
 - Best Solution: array([-0.03652435,  0.43557232, -0.34378842,  0.33950269,  0.35941164,
       -0.12422433,  0.36262979, -0.18102567, -0.19470047,  0.29105356,
       -0.34310094, -0.18805526, -0.16267104,  0.473271  ,  0.22564147,
        0.0081811 ,  0.12932816, -0.45692438, -0.39604867, -0.11061318,
       -0.22657866,  0.35143755, -0.4962326 ,  0.24206744, -0.24773128,
       -0.1561457 ,  0.06308472, -0.06220185,  0.01363499, -0.00497033,
       -0.11777813, -0.15147358,  0.09323308, -0.19993818, -0.37825237,
        0.39470021]) 

Generation: 808 
 - Generation Avg Fit: 0.5134555596229665 
 - Best Fitness: 34.8407203543787
 - Best Solution: array([-0.03652435,  0.43557232, -0.34378842,  0.33950269,  0.35941164,
       -0.12422433,  0.36262979, -0.18102567, -0.19470047,  0.29105356,
       -0.34310094, -0.18805526, -0.16267104,  0.473271  ,  0.22564147,
        0.0081811 ,  0.12932816, -0.45692438, -0.39604867, -0.11061318,
       -0.22657866,  0.35143755, -0.4962326 ,  0.24206744, -0.24773128,
       -0.1561457 ,  0.06308472, -0.06220185,  0.01363499, -0.00497033,
       -0.11777813, -0.15147358,  0.09323308, -0.19993818, -0.37825237,
        0.39470021]) 

Generation: 809 
 - Generation Avg Fit: 0.5134555596229665 
 - Best Fitness: 34.8407203543787
 - Best Solution: array([-0.03652435,  0.43557232, -0.34378842,  0.33950269,  0.35941164,
       -0.12422433,  0.36262979, -0.18102567, -0.19470047,  0.29105356,
       -0.34310094, -0.18805526, -0.16267104,  0.473271  ,  0.22564147,
        0.0081811 ,  0.12932816, -0.45692438, -0.39604867, -0.11061318,
       -0.22657866,  0.35143755, -0.4962326 ,  0.24206744, -0.24773128,
       -0.1561457 ,  0.06308472, -0.06220185,  0.01363499, -0.00497033,
       -0.11777813, -0.15147358,  0.09323308, -0.19993818, -0.37825237,
        0.39470021]) 

Generation: 810 
 - Generation Avg Fit: 0.5134555596229665 
 - Best Fitness: 34.8407203543787
 - Best Solution: array([-0.03652435,  0.43557232, -0.34378842,  0.33950269,  0.35941164,
       -0.12422433,  0.36262979, -0.18102567, -0.19470047,  0.29105356,
       -0.34310094, -0.18805526, -0.16267104,  0.473271  ,  0.22564147,
        0.0081811 ,  0.12932816, -0.45692438, -0.39604867, -0.11061318,
       -0.22657866,  0.35143755, -0.4962326 ,  0.24206744, -0.24773128,
       -0.1561457 ,  0.06308472, -0.06220185,  0.01363499, -0.00497033,
       -0.11777813, -0.15147358,  0.09323308, -0.19993818, -0.37825237,
        0.39470021]) 

Generation: 811 
 - Generation Avg Fit: 0.5134555596229665 
 - Best Fitness: 34.8407203543787
 - Best Solution: array([-0.03652435,  0.43557232, -0.34378842,  0.33950269,  0.35941164,
       -0.12422433,  0.36262979, -0.18102567, -0.19470047,  0.29105356,
       -0.34310094, -0.18805526, -0.16267104,  0.473271  ,  0.22564147,
        0.0081811 ,  0.12932816, -0.45692438, -0.39604867, -0.11061318,
       -0.22657866,  0.35143755, -0.4962326 ,  0.24206744, -0.24773128,
       -0.1561457 ,  0.06308472, -0.06220185,  0.01363499, -0.00497033,
       -0.11777813, -0.15147358,  0.09323308, -0.19993818, -0.37825237,
        0.39470021]) 

Generation: 812 
 - Generation Avg Fit: 0.5134555596229665 
 - Best Fitness: 34.8407203543787
 - Best Solution: array([-0.03652435,  0.43557232, -0.34378842,  0.33950269,  0.35941164,
       -0.12422433,  0.36262979, -0.18102567, -0.19470047,  0.29105356,
       -0.34310094, -0.18805526, -0.16267104,  0.473271  ,  0.22564147,
        0.0081811 ,  0.12932816, -0.45692438, -0.39604867, -0.11061318,
       -0.22657866,  0.35143755, -0.4962326 ,  0.24206744, -0.24773128,
       -0.1561457 ,  0.06308472, -0.06220185,  0.01363499, -0.00497033,
       -0.11777813, -0.15147358,  0.09323308, -0.19993818, -0.37825237,
        0.39470021]) 

Generation: 813 
 - Generation Avg Fit: 0.5134555596229665 
 - Best Fitness: 34.8407203543787
 - Best Solution: array([-0.03652435,  0.43557232, -0.34378842,  0.33950269,  0.35941164,
       -0.12422433,  0.36262979, -0.18102567, -0.19470047,  0.29105356,
       -0.34310094, -0.18805526, -0.16267104,  0.473271  ,  0.22564147,
        0.0081811 ,  0.12932816, -0.45692438, -0.39604867, -0.11061318,
       -0.22657866,  0.35143755, -0.4962326 ,  0.24206744, -0.24773128,
       -0.1561457 ,  0.06308472, -0.06220185,  0.01363499, -0.00497033,
       -0.11777813, -0.15147358,  0.09323308, -0.19993818, -0.37825237,
        0.39470021]) 

Generation: 814 
 - Generation Avg Fit: 0.5134555596229665 
 - Best Fitness: 34.8407203543787
 - Best Solution: array([-0.03652435,  0.43557232, -0.34378842,  0.33950269,  0.35941164,
       -0.12422433,  0.36262979, -0.18102567, -0.19470047,  0.29105356,
       -0.34310094, -0.18805526, -0.16267104,  0.473271  ,  0.22564147,
        0.0081811 ,  0.12932816, -0.45692438, -0.39604867, -0.11061318,
       -0.22657866,  0.35143755, -0.4962326 ,  0.24206744, -0.24773128,
       -0.1561457 ,  0.06308472, -0.06220185,  0.01363499, -0.00497033,
       -0.11777813, -0.15147358,  0.09323308, -0.19993818, -0.37825237,
        0.39470021]) 

Generation: 815 
 - Generation Avg Fit: 0.5134555596229665 
 - Best Fitness: 34.8407203543787
 - Best Solution: array([-0.03652435,  0.43557232, -0.34378842,  0.33950269,  0.35941164,
       -0.12422433,  0.36262979, -0.18102567, -0.19470047,  0.29105356,
       -0.34310094, -0.18805526, -0.16267104,  0.473271  ,  0.22564147,
        0.0081811 ,  0.12932816, -0.45692438, -0.39604867, -0.11061318,
       -0.22657866,  0.35143755, -0.4962326 ,  0.24206744, -0.24773128,
       -0.1561457 ,  0.06308472, -0.06220185,  0.01363499, -0.00497033,
       -0.11777813, -0.15147358,  0.09323308, -0.19993818, -0.37825237,
        0.39470021]) 

Generation: 816 
 - Generation Avg Fit: 0.5134555596229665 
 - Best Fitness: 34.8407203543787
 - Best Solution: array([-0.03652435,  0.43557232, -0.34378842,  0.33950269,  0.35941164,
       -0.12422433,  0.36262979, -0.18102567, -0.19470047,  0.29105356,
       -0.34310094, -0.18805526, -0.16267104,  0.473271  ,  0.22564147,
        0.0081811 ,  0.12932816, -0.45692438, -0.39604867, -0.11061318,
       -0.22657866,  0.35143755, -0.4962326 ,  0.24206744, -0.24773128,
       -0.1561457 ,  0.06308472, -0.06220185,  0.01363499, -0.00497033,
       -0.11777813, -0.15147358,  0.09323308, -0.19993818, -0.37825237,
        0.39470021]) 

Generation: 817 
 - Generation Avg Fit: 0.5134555596229665 
 - Best Fitness: 34.8407203543787
 - Best Solution: array([-0.03652435,  0.43557232, -0.34378842,  0.33950269,  0.35941164,
       -0.12422433,  0.36262979, -0.18102567, -0.19470047,  0.29105356,
       -0.34310094, -0.18805526, -0.16267104,  0.473271  ,  0.22564147,
        0.0081811 ,  0.12932816, -0.45692438, -0.39604867, -0.11061318,
       -0.22657866,  0.35143755, -0.4962326 ,  0.24206744, -0.24773128,
       -0.1561457 ,  0.06308472, -0.06220185,  0.01363499, -0.00497033,
       -0.11777813, -0.15147358,  0.09323308, -0.19993818, -0.37825237,
        0.39470021]) 

Generation: 818 
 - Generation Avg Fit: 0.5134555596229665 
 - Best Fitness: 34.8407203543787
 - Best Solution: array([-0.03652435,  0.43557232, -0.34378842,  0.33950269,  0.35941164,
       -0.12422433,  0.36262979, -0.18102567, -0.19470047,  0.29105356,
       -0.34310094, -0.18805526, -0.16267104,  0.473271  ,  0.22564147,
        0.0081811 ,  0.12932816, -0.45692438, -0.39604867, -0.11061318,
       -0.22657866,  0.35143755, -0.4962326 ,  0.24206744, -0.24773128,
       -0.1561457 ,  0.06308472, -0.06220185,  0.01363499, -0.00497033,
       -0.11777813, -0.15147358,  0.09323308, -0.19993818, -0.37825237,
        0.39470021]) 

Generation: 819 
 - Generation Avg Fit: 0.5134555596229665 
 - Best Fitness: 34.8407203543787
 - Best Solution: array([-0.03652435,  0.43557232, -0.34378842,  0.33950269,  0.35941164,
       -0.12422433,  0.36262979, -0.18102567, -0.19470047,  0.29105356,
       -0.34310094, -0.18805526, -0.16267104,  0.473271  ,  0.22564147,
        0.0081811 ,  0.12932816, -0.45692438, -0.39604867, -0.11061318,
       -0.22657866,  0.35143755, -0.4962326 ,  0.24206744, -0.24773128,
       -0.1561457 ,  0.06308472, -0.06220185,  0.01363499, -0.00497033,
       -0.11777813, -0.15147358,  0.09323308, -0.19993818, -0.37825237,
        0.39470021]) 

Generation: 820 
 - Generation Avg Fit: 0.5134555596229665 
 - Best Fitness: 34.8407203543787
 - Best Solution: array([-0.03652435,  0.43557232, -0.34378842,  0.33950269,  0.35941164,
       -0.12422433,  0.36262979, -0.18102567, -0.19470047,  0.29105356,
       -0.34310094, -0.18805526, -0.16267104,  0.473271  ,  0.22564147,
        0.0081811 ,  0.12932816, -0.45692438, -0.39604867, -0.11061318,
       -0.22657866,  0.35143755, -0.4962326 ,  0.24206744, -0.24773128,
       -0.1561457 ,  0.06308472, -0.06220185,  0.01363499, -0.00497033,
       -0.11777813, -0.15147358,  0.09323308, -0.19993818, -0.37825237,
        0.39470021]) 

Generation: 821 
 - Generation Avg Fit: 0.5134555596229665 
 - Best Fitness: 34.8407203543787
 - Best Solution: array([-0.03652435,  0.43557232, -0.34378842,  0.33950269,  0.35941164,
       -0.12422433,  0.36262979, -0.18102567, -0.19470047,  0.29105356,
       -0.34310094, -0.18805526, -0.16267104,  0.473271  ,  0.22564147,
        0.0081811 ,  0.12932816, -0.45692438, -0.39604867, -0.11061318,
       -0.22657866,  0.35143755, -0.4962326 ,  0.24206744, -0.24773128,
       -0.1561457 ,  0.06308472, -0.06220185,  0.01363499, -0.00497033,
       -0.11777813, -0.15147358,  0.09323308, -0.19993818, -0.37825237,
        0.39470021]) 

Generation: 822 
 - Generation Avg Fit: 0.5134555596229665 
 - Best Fitness: 34.8407203543787
 - Best Solution: array([-0.03652435,  0.43557232, -0.34378842,  0.33950269,  0.35941164,
       -0.12422433,  0.36262979, -0.18102567, -0.19470047,  0.29105356,
       -0.34310094, -0.18805526, -0.16267104,  0.473271  ,  0.22564147,
        0.0081811 ,  0.12932816, -0.45692438, -0.39604867, -0.11061318,
       -0.22657866,  0.35143755, -0.4962326 ,  0.24206744, -0.24773128,
       -0.1561457 ,  0.06308472, -0.06220185,  0.01363499, -0.00497033,
       -0.11777813, -0.15147358,  0.09323308, -0.19993818, -0.37825237,
        0.39470021]) 

Generation: 823 
 - Generation Avg Fit: 0.5134555596229665 
 - Best Fitness: 34.8407203543787
 - Best Solution: array([-0.03652435,  0.43557232, -0.34378842,  0.33950269,  0.35941164,
       -0.12422433,  0.36262979, -0.18102567, -0.19470047,  0.29105356,
       -0.34310094, -0.18805526, -0.16267104,  0.473271  ,  0.22564147,
        0.0081811 ,  0.12932816, -0.45692438, -0.39604867, -0.11061318,
       -0.22657866,  0.35143755, -0.4962326 ,  0.24206744, -0.24773128,
       -0.1561457 ,  0.06308472, -0.06220185,  0.01363499, -0.00497033,
       -0.11777813, -0.15147358,  0.09323308, -0.19993818, -0.37825237,
        0.39470021]) 

Generation: 824 
 - Generation Avg Fit: 0.5134555596229665 
 - Best Fitness: 34.8407203543787
 - Best Solution: array([-0.03652435,  0.43557232, -0.34378842,  0.33950269,  0.35941164,
       -0.12422433,  0.36262979, -0.18102567, -0.19470047,  0.29105356,
       -0.34310094, -0.18805526, -0.16267104,  0.473271  ,  0.22564147,
        0.0081811 ,  0.12932816, -0.45692438, -0.39604867, -0.11061318,
       -0.22657866,  0.35143755, -0.4962326 ,  0.24206744, -0.24773128,
       -0.1561457 ,  0.06308472, -0.06220185,  0.01363499, -0.00497033,
       -0.11777813, -0.15147358,  0.09323308, -0.19993818, -0.37825237,
        0.39470021]) 

Generation: 825 
 - Generation Avg Fit: 0.5134555596229665 
 - Best Fitness: 34.8407203543787
 - Best Solution: array([-0.03652435,  0.43557232, -0.34378842,  0.33950269,  0.35941164,
       -0.12422433,  0.36262979, -0.18102567, -0.19470047,  0.29105356,
       -0.34310094, -0.18805526, -0.16267104,  0.473271  ,  0.22564147,
        0.0081811 ,  0.12932816, -0.45692438, -0.39604867, -0.11061318,
       -0.22657866,  0.35143755, -0.4962326 ,  0.24206744, -0.24773128,
       -0.1561457 ,  0.06308472, -0.06220185,  0.01363499, -0.00497033,
       -0.11777813, -0.15147358,  0.09323308, -0.19993818, -0.37825237,
        0.39470021]) 

Generation: 826 
 - Generation Avg Fit: 0.5134555596229665 
 - Best Fitness: 34.8407203543787
 - Best Solution: array([-0.03652435,  0.43557232, -0.34378842,  0.33950269,  0.35941164,
       -0.12422433,  0.36262979, -0.18102567, -0.19470047,  0.29105356,
       -0.34310094, -0.18805526, -0.16267104,  0.473271  ,  0.22564147,
        0.0081811 ,  0.12932816, -0.45692438, -0.39604867, -0.11061318,
       -0.22657866,  0.35143755, -0.4962326 ,  0.24206744, -0.24773128,
       -0.1561457 ,  0.06308472, -0.06220185,  0.01363499, -0.00497033,
       -0.11777813, -0.15147358,  0.09323308, -0.19993818, -0.37825237,
        0.39470021]) 

Generation: 827 
 - Generation Avg Fit: 0.5134555596229665 
 - Best Fitness: 34.8407203543787
 - Best Solution: array([-0.03652435,  0.43557232, -0.34378842,  0.33950269,  0.35941164,
       -0.12422433,  0.36262979, -0.18102567, -0.19470047,  0.29105356,
       -0.34310094, -0.18805526, -0.16267104,  0.473271  ,  0.22564147,
        0.0081811 ,  0.12932816, -0.45692438, -0.39604867, -0.11061318,
       -0.22657866,  0.35143755, -0.4962326 ,  0.24206744, -0.24773128,
       -0.1561457 ,  0.06308472, -0.06220185,  0.01363499, -0.00497033,
       -0.11777813, -0.15147358,  0.09323308, -0.19993818, -0.37825237,
        0.39470021]) 

Generation: 828 
 - Generation Avg Fit: 0.5134555596229665 
 - Best Fitness: 34.8407203543787
 - Best Solution: array([-0.03652435,  0.43557232, -0.34378842,  0.33950269,  0.35941164,
       -0.12422433,  0.36262979, -0.18102567, -0.19470047,  0.29105356,
       -0.34310094, -0.18805526, -0.16267104,  0.473271  ,  0.22564147,
        0.0081811 ,  0.12932816, -0.45692438, -0.39604867, -0.11061318,
       -0.22657866,  0.35143755, -0.4962326 ,  0.24206744, -0.24773128,
       -0.1561457 ,  0.06308472, -0.06220185,  0.01363499, -0.00497033,
       -0.11777813, -0.15147358,  0.09323308, -0.19993818, -0.37825237,
        0.39470021]) 

Generation: 829 
 - Generation Avg Fit: 0.5134555596229665 
 - Best Fitness: 34.8407203543787
 - Best Solution: array([-0.03652435,  0.43557232, -0.34378842,  0.33950269,  0.35941164,
       -0.12422433,  0.36262979, -0.18102567, -0.19470047,  0.29105356,
       -0.34310094, -0.18805526, -0.16267104,  0.473271  ,  0.22564147,
        0.0081811 ,  0.12932816, -0.45692438, -0.39604867, -0.11061318,
       -0.22657866,  0.35143755, -0.4962326 ,  0.24206744, -0.24773128,
       -0.1561457 ,  0.06308472, -0.06220185,  0.01363499, -0.00497033,
       -0.11777813, -0.15147358,  0.09323308, -0.19993818, -0.37825237,
        0.39470021]) 

Generation: 830 
 - Generation Avg Fit: 0.5134555596229665 
 - Best Fitness: 34.8407203543787
 - Best Solution: array([-0.03652435,  0.43557232, -0.34378842,  0.33950269,  0.35941164,
       -0.12422433,  0.36262979, -0.18102567, -0.19470047,  0.29105356,
       -0.34310094, -0.18805526, -0.16267104,  0.473271  ,  0.22564147,
        0.0081811 ,  0.12932816, -0.45692438, -0.39604867, -0.11061318,
       -0.22657866,  0.35143755, -0.4962326 ,  0.24206744, -0.24773128,
       -0.1561457 ,  0.06308472, -0.06220185,  0.01363499, -0.00497033,
       -0.11777813, -0.15147358,  0.09323308, -0.19993818, -0.37825237,
        0.39470021]) 

Generation: 831 
 - Generation Avg Fit: 0.5134555596229665 
 - Best Fitness: 34.8407203543787
 - Best Solution: array([-0.03652435,  0.43557232, -0.34378842,  0.33950269,  0.35941164,
       -0.12422433,  0.36262979, -0.18102567, -0.19470047,  0.29105356,
       -0.34310094, -0.18805526, -0.16267104,  0.473271  ,  0.22564147,
        0.0081811 ,  0.12932816, -0.45692438, -0.39604867, -0.11061318,
       -0.22657866,  0.35143755, -0.4962326 ,  0.24206744, -0.24773128,
       -0.1561457 ,  0.06308472, -0.06220185,  0.01363499, -0.00497033,
       -0.11777813, -0.15147358,  0.09323308, -0.19993818, -0.37825237,
        0.39470021]) 

Generation: 832 
 - Generation Avg Fit: 0.5134555596229665 
 - Best Fitness: 34.8407203543787
 - Best Solution: array([-0.03652435,  0.43557232, -0.34378842,  0.33950269,  0.35941164,
       -0.12422433,  0.36262979, -0.18102567, -0.19470047,  0.29105356,
       -0.34310094, -0.18805526, -0.16267104,  0.473271  ,  0.22564147,
        0.0081811 ,  0.12932816, -0.45692438, -0.39604867, -0.11061318,
       -0.22657866,  0.35143755, -0.4962326 ,  0.24206744, -0.24773128,
       -0.1561457 ,  0.06308472, -0.06220185,  0.01363499, -0.00497033,
       -0.11777813, -0.15147358,  0.09323308, -0.19993818, -0.37825237,
        0.39470021]) 

Generation: 833 
 - Generation Avg Fit: 0.5134555596229665 
 - Best Fitness: 34.8407203543787
 - Best Solution: array([-0.03652435,  0.43557232, -0.34378842,  0.33950269,  0.35941164,
       -0.12422433,  0.36262979, -0.18102567, -0.19470047,  0.29105356,
       -0.34310094, -0.18805526, -0.16267104,  0.473271  ,  0.22564147,
        0.0081811 ,  0.12932816, -0.45692438, -0.39604867, -0.11061318,
       -0.22657866,  0.35143755, -0.4962326 ,  0.24206744, -0.24773128,
       -0.1561457 ,  0.06308472, -0.06220185,  0.01363499, -0.00497033,
       -0.11777813, -0.15147358,  0.09323308, -0.19993818, -0.37825237,
        0.39470021]) 

Generation: 834 
 - Generation Avg Fit: 0.5134555596229665 
 - Best Fitness: 34.8407203543787
 - Best Solution: array([-0.03652435,  0.43557232, -0.34378842,  0.33950269,  0.35941164,
       -0.12422433,  0.36262979, -0.18102567, -0.19470047,  0.29105356,
       -0.34310094, -0.18805526, -0.16267104,  0.473271  ,  0.22564147,
        0.0081811 ,  0.12932816, -0.45692438, -0.39604867, -0.11061318,
       -0.22657866,  0.35143755, -0.4962326 ,  0.24206744, -0.24773128,
       -0.1561457 ,  0.06308472, -0.06220185,  0.01363499, -0.00497033,
       -0.11777813, -0.15147358,  0.09323308, -0.19993818, -0.37825237,
        0.39470021]) 

Generation: 835 
 - Generation Avg Fit: 0.5134555596229665 
 - Best Fitness: 34.8407203543787
 - Best Solution: array([-0.03652435,  0.43557232, -0.34378842,  0.33950269,  0.35941164,
       -0.12422433,  0.36262979, -0.18102567, -0.19470047,  0.29105356,
       -0.34310094, -0.18805526, -0.16267104,  0.473271  ,  0.22564147,
        0.0081811 ,  0.12932816, -0.45692438, -0.39604867, -0.11061318,
       -0.22657866,  0.35143755, -0.4962326 ,  0.24206744, -0.24773128,
       -0.1561457 ,  0.06308472, -0.06220185,  0.01363499, -0.00497033,
       -0.11777813, -0.15147358,  0.09323308, -0.19993818, -0.37825237,
        0.39470021]) 

Generation: 836 
 - Generation Avg Fit: 0.5134555596229665 
 - Best Fitness: 34.8407203543787
 - Best Solution: array([-0.03652435,  0.43557232, -0.34378842,  0.33950269,  0.35941164,
       -0.12422433,  0.36262979, -0.18102567, -0.19470047,  0.29105356,
       -0.34310094, -0.18805526, -0.16267104,  0.473271  ,  0.22564147,
        0.0081811 ,  0.12932816, -0.45692438, -0.39604867, -0.11061318,
       -0.22657866,  0.35143755, -0.4962326 ,  0.24206744, -0.24773128,
       -0.1561457 ,  0.06308472, -0.06220185,  0.01363499, -0.00497033,
       -0.11777813, -0.15147358,  0.09323308, -0.19993818, -0.37825237,
        0.39470021]) 

Generation: 837 
 - Generation Avg Fit: 0.5134555596229665 
 - Best Fitness: 34.8407203543787
 - Best Solution: array([-0.03652435,  0.43557232, -0.34378842,  0.33950269,  0.35941164,
       -0.12422433,  0.36262979, -0.18102567, -0.19470047,  0.29105356,
       -0.34310094, -0.18805526, -0.16267104,  0.473271  ,  0.22564147,
        0.0081811 ,  0.12932816, -0.45692438, -0.39604867, -0.11061318,
       -0.22657866,  0.35143755, -0.4962326 ,  0.24206744, -0.24773128,
       -0.1561457 ,  0.06308472, -0.06220185,  0.01363499, -0.00497033,
       -0.11777813, -0.15147358,  0.09323308, -0.19993818, -0.37825237,
        0.39470021]) 

Generation: 838 
 - Generation Avg Fit: 0.5134555596229665 
 - Best Fitness: 34.8407203543787
 - Best Solution: array([-0.03652435,  0.43557232, -0.34378842,  0.33950269,  0.35941164,
       -0.12422433,  0.36262979, -0.18102567, -0.19470047,  0.29105356,
       -0.34310094, -0.18805526, -0.16267104,  0.473271  ,  0.22564147,
        0.0081811 ,  0.12932816, -0.45692438, -0.39604867, -0.11061318,
       -0.22657866,  0.35143755, -0.4962326 ,  0.24206744, -0.24773128,
       -0.1561457 ,  0.06308472, -0.06220185,  0.01363499, -0.00497033,
       -0.11777813, -0.15147358,  0.09323308, -0.19993818, -0.37825237,
        0.39470021]) 

Generation: 839 
 - Generation Avg Fit: 0.5134555596229665 
 - Best Fitness: 34.8407203543787
 - Best Solution: array([-0.03652435,  0.43557232, -0.34378842,  0.33950269,  0.35941164,
       -0.12422433,  0.36262979, -0.18102567, -0.19470047,  0.29105356,
       -0.34310094, -0.18805526, -0.16267104,  0.473271  ,  0.22564147,
        0.0081811 ,  0.12932816, -0.45692438, -0.39604867, -0.11061318,
       -0.22657866,  0.35143755, -0.4962326 ,  0.24206744, -0.24773128,
       -0.1561457 ,  0.06308472, -0.06220185,  0.01363499, -0.00497033,
       -0.11777813, -0.15147358,  0.09323308, -0.19993818, -0.37825237,
        0.39470021]) 

Generation: 840 
 - Generation Avg Fit: 0.5134555596229665 
 - Best Fitness: 34.8407203543787
 - Best Solution: array([-0.03652435,  0.43557232, -0.34378842,  0.33950269,  0.35941164,
       -0.12422433,  0.36262979, -0.18102567, -0.19470047,  0.29105356,
       -0.34310094, -0.18805526, -0.16267104,  0.473271  ,  0.22564147,
        0.0081811 ,  0.12932816, -0.45692438, -0.39604867, -0.11061318,
       -0.22657866,  0.35143755, -0.4962326 ,  0.24206744, -0.24773128,
       -0.1561457 ,  0.06308472, -0.06220185,  0.01363499, -0.00497033,
       -0.11777813, -0.15147358,  0.09323308, -0.19993818, -0.37825237,
        0.39470021]) 

Generation: 841 
 - Generation Avg Fit: 0.5134555596229665 
 - Best Fitness: 34.8407203543787
 - Best Solution: array([-0.03652435,  0.43557232, -0.34378842,  0.33950269,  0.35941164,
       -0.12422433,  0.36262979, -0.18102567, -0.19470047,  0.29105356,
       -0.34310094, -0.18805526, -0.16267104,  0.473271  ,  0.22564147,
        0.0081811 ,  0.12932816, -0.45692438, -0.39604867, -0.11061318,
       -0.22657866,  0.35143755, -0.4962326 ,  0.24206744, -0.24773128,
       -0.1561457 ,  0.06308472, -0.06220185,  0.01363499, -0.00497033,
       -0.11777813, -0.15147358,  0.09323308, -0.19993818, -0.37825237,
        0.39470021]) 

Generation: 842 
 - Generation Avg Fit: 0.5134555596229665 
 - Best Fitness: 34.8407203543787
 - Best Solution: array([-0.03652435,  0.43557232, -0.34378842,  0.33950269,  0.35941164,
       -0.12422433,  0.36262979, -0.18102567, -0.19470047,  0.29105356,
       -0.34310094, -0.18805526, -0.16267104,  0.473271  ,  0.22564147,
        0.0081811 ,  0.12932816, -0.45692438, -0.39604867, -0.11061318,
       -0.22657866,  0.35143755, -0.4962326 ,  0.24206744, -0.24773128,
       -0.1561457 ,  0.06308472, -0.06220185,  0.01363499, -0.00497033,
       -0.11777813, -0.15147358,  0.09323308, -0.19993818, -0.37825237,
        0.39470021]) 

Generation: 843 
 - Generation Avg Fit: 0.5134555596229665 
 - Best Fitness: 34.8407203543787
 - Best Solution: array([-0.03652435,  0.43557232, -0.34378842,  0.33950269,  0.35941164,
       -0.12422433,  0.36262979, -0.18102567, -0.19470047,  0.29105356,
       -0.34310094, -0.18805526, -0.16267104,  0.473271  ,  0.22564147,
        0.0081811 ,  0.12932816, -0.45692438, -0.39604867, -0.11061318,
       -0.22657866,  0.35143755, -0.4962326 ,  0.24206744, -0.24773128,
       -0.1561457 ,  0.06308472, -0.06220185,  0.01363499, -0.00497033,
       -0.11777813, -0.15147358,  0.09323308, -0.19993818, -0.37825237,
        0.39470021]) 

Generation: 844 
 - Generation Avg Fit: 0.5134555596229665 
 - Best Fitness: 34.8407203543787
 - Best Solution: array([-0.03652435,  0.43557232, -0.34378842,  0.33950269,  0.35941164,
       -0.12422433,  0.36262979, -0.18102567, -0.19470047,  0.29105356,
       -0.34310094, -0.18805526, -0.16267104,  0.473271  ,  0.22564147,
        0.0081811 ,  0.12932816, -0.45692438, -0.39604867, -0.11061318,
       -0.22657866,  0.35143755, -0.4962326 ,  0.24206744, -0.24773128,
       -0.1561457 ,  0.06308472, -0.06220185,  0.01363499, -0.00497033,
       -0.11777813, -0.15147358,  0.09323308, -0.19993818, -0.37825237,
        0.39470021]) 

Generation: 845 
 - Generation Avg Fit: 0.5134555596229665 
 - Best Fitness: 34.8407203543787
 - Best Solution: array([-0.03652435,  0.43557232, -0.34378842,  0.33950269,  0.35941164,
       -0.12422433,  0.36262979, -0.18102567, -0.19470047,  0.29105356,
       -0.34310094, -0.18805526, -0.16267104,  0.473271  ,  0.22564147,
        0.0081811 ,  0.12932816, -0.45692438, -0.39604867, -0.11061318,
       -0.22657866,  0.35143755, -0.4962326 ,  0.24206744, -0.24773128,
       -0.1561457 ,  0.06308472, -0.06220185,  0.01363499, -0.00497033,
       -0.11777813, -0.15147358,  0.09323308, -0.19993818, -0.37825237,
        0.39470021]) 

Generation: 846 
 - Generation Avg Fit: 0.5134555596229665 
 - Best Fitness: 34.8407203543787
 - Best Solution: array([-0.03652435,  0.43557232, -0.34378842,  0.33950269,  0.35941164,
       -0.12422433,  0.36262979, -0.18102567, -0.19470047,  0.29105356,
       -0.34310094, -0.18805526, -0.16267104,  0.473271  ,  0.22564147,
        0.0081811 ,  0.12932816, -0.45692438, -0.39604867, -0.11061318,
       -0.22657866,  0.35143755, -0.4962326 ,  0.24206744, -0.24773128,
       -0.1561457 ,  0.06308472, -0.06220185,  0.01363499, -0.00497033,
       -0.11777813, -0.15147358,  0.09323308, -0.19993818, -0.37825237,
        0.39470021]) 

Generation: 847 
 - Generation Avg Fit: 0.5134555596229665 
 - Best Fitness: 34.8407203543787
 - Best Solution: array([-0.03652435,  0.43557232, -0.34378842,  0.33950269,  0.35941164,
       -0.12422433,  0.36262979, -0.18102567, -0.19470047,  0.29105356,
       -0.34310094, -0.18805526, -0.16267104,  0.473271  ,  0.22564147,
        0.0081811 ,  0.12932816, -0.45692438, -0.39604867, -0.11061318,
       -0.22657866,  0.35143755, -0.4962326 ,  0.24206744, -0.24773128,
       -0.1561457 ,  0.06308472, -0.06220185,  0.01363499, -0.00497033,
       -0.11777813, -0.15147358,  0.09323308, -0.19993818, -0.37825237,
        0.39470021]) 

Generation: 848 
 - Generation Avg Fit: 0.5134555596229665 
 - Best Fitness: 34.8407203543787
 - Best Solution: array([-0.03652435,  0.43557232, -0.34378842,  0.33950269,  0.35941164,
       -0.12422433,  0.36262979, -0.18102567, -0.19470047,  0.29105356,
       -0.34310094, -0.18805526, -0.16267104,  0.473271  ,  0.22564147,
        0.0081811 ,  0.12932816, -0.45692438, -0.39604867, -0.11061318,
       -0.22657866,  0.35143755, -0.4962326 ,  0.24206744, -0.24773128,
       -0.1561457 ,  0.06308472, -0.06220185,  0.01363499, -0.00497033,
       -0.11777813, -0.15147358,  0.09323308, -0.19993818, -0.37825237,
        0.39470021]) 

Generation: 849 
 - Generation Avg Fit: 0.5134555596229665 
 - Best Fitness: 34.8407203543787
 - Best Solution: array([-0.03652435,  0.43557232, -0.34378842,  0.33950269,  0.35941164,
       -0.12422433,  0.36262979, -0.18102567, -0.19470047,  0.29105356,
       -0.34310094, -0.18805526, -0.16267104,  0.473271  ,  0.22564147,
        0.0081811 ,  0.12932816, -0.45692438, -0.39604867, -0.11061318,
       -0.22657866,  0.35143755, -0.4962326 ,  0.24206744, -0.24773128,
       -0.1561457 ,  0.06308472, -0.06220185,  0.01363499, -0.00497033,
       -0.11777813, -0.15147358,  0.09323308, -0.19993818, -0.37825237,
        0.39470021]) 

Generation: 850 
 - Generation Avg Fit: 0.5134555596229665 
 - Best Fitness: 34.8407203543787
 - Best Solution: array([-0.03652435,  0.43557232, -0.34378842,  0.33950269,  0.35941164,
       -0.12422433,  0.36262979, -0.18102567, -0.19470047,  0.29105356,
       -0.34310094, -0.18805526, -0.16267104,  0.473271  ,  0.22564147,
        0.0081811 ,  0.12932816, -0.45692438, -0.39604867, -0.11061318,
       -0.22657866,  0.35143755, -0.4962326 ,  0.24206744, -0.24773128,
       -0.1561457 ,  0.06308472, -0.06220185,  0.01363499, -0.00497033,
       -0.11777813, -0.15147358,  0.09323308, -0.19993818, -0.37825237,
        0.39470021]) 

Generation: 851 
 - Generation Avg Fit: 0.5134555596229665 
 - Best Fitness: 34.8407203543787
 - Best Solution: array([-0.03652435,  0.43557232, -0.34378842,  0.33950269,  0.35941164,
       -0.12422433,  0.36262979, -0.18102567, -0.19470047,  0.29105356,
       -0.34310094, -0.18805526, -0.16267104,  0.473271  ,  0.22564147,
        0.0081811 ,  0.12932816, -0.45692438, -0.39604867, -0.11061318,
       -0.22657866,  0.35143755, -0.4962326 ,  0.24206744, -0.24773128,
       -0.1561457 ,  0.06308472, -0.06220185,  0.01363499, -0.00497033,
       -0.11777813, -0.15147358,  0.09323308, -0.19993818, -0.37825237,
        0.39470021]) 

Generation: 852 
 - Generation Avg Fit: 0.5134555596229665 
 - Best Fitness: 34.8407203543787
 - Best Solution: array([-0.03652435,  0.43557232, -0.34378842,  0.33950269,  0.35941164,
       -0.12422433,  0.36262979, -0.18102567, -0.19470047,  0.29105356,
       -0.34310094, -0.18805526, -0.16267104,  0.473271  ,  0.22564147,
        0.0081811 ,  0.12932816, -0.45692438, -0.39604867, -0.11061318,
       -0.22657866,  0.35143755, -0.4962326 ,  0.24206744, -0.24773128,
       -0.1561457 ,  0.06308472, -0.06220185,  0.01363499, -0.00497033,
       -0.11777813, -0.15147358,  0.09323308, -0.19993818, -0.37825237,
        0.39470021]) 

Generation: 853 
 - Generation Avg Fit: 0.5134555596229665 
 - Best Fitness: 34.8407203543787
 - Best Solution: array([-0.03652435,  0.43557232, -0.34378842,  0.33950269,  0.35941164,
       -0.12422433,  0.36262979, -0.18102567, -0.19470047,  0.29105356,
       -0.34310094, -0.18805526, -0.16267104,  0.473271  ,  0.22564147,
        0.0081811 ,  0.12932816, -0.45692438, -0.39604867, -0.11061318,
       -0.22657866,  0.35143755, -0.4962326 ,  0.24206744, -0.24773128,
       -0.1561457 ,  0.06308472, -0.06220185,  0.01363499, -0.00497033,
       -0.11777813, -0.15147358,  0.09323308, -0.19993818, -0.37825237,
        0.39470021]) 

Generation: 854 
 - Generation Avg Fit: 0.5134555596229665 
 - Best Fitness: 34.8407203543787
 - Best Solution: array([-0.03652435,  0.43557232, -0.34378842,  0.33950269,  0.35941164,
       -0.12422433,  0.36262979, -0.18102567, -0.19470047,  0.29105356,
       -0.34310094, -0.18805526, -0.16267104,  0.473271  ,  0.22564147,
        0.0081811 ,  0.12932816, -0.45692438, -0.39604867, -0.11061318,
       -0.22657866,  0.35143755, -0.4962326 ,  0.24206744, -0.24773128,
       -0.1561457 ,  0.06308472, -0.06220185,  0.01363499, -0.00497033,
       -0.11777813, -0.15147358,  0.09323308, -0.19993818, -0.37825237,
        0.39470021]) 

Generation: 855 
 - Generation Avg Fit: 0.5134555596229665 
 - Best Fitness: 34.8407203543787
 - Best Solution: array([-0.03652435,  0.43557232, -0.34378842,  0.33950269,  0.35941164,
       -0.12422433,  0.36262979, -0.18102567, -0.19470047,  0.29105356,
       -0.34310094, -0.18805526, -0.16267104,  0.473271  ,  0.22564147,
        0.0081811 ,  0.12932816, -0.45692438, -0.39604867, -0.11061318,
       -0.22657866,  0.35143755, -0.4962326 ,  0.24206744, -0.24773128,
       -0.1561457 ,  0.06308472, -0.06220185,  0.01363499, -0.00497033,
       -0.11777813, -0.15147358,  0.09323308, -0.19993818, -0.37825237,
        0.39470021]) 

Generation: 856 
 - Generation Avg Fit: 0.5134555596229665 
 - Best Fitness: 34.8407203543787
 - Best Solution: array([-0.03652435,  0.43557232, -0.34378842,  0.33950269,  0.35941164,
       -0.12422433,  0.36262979, -0.18102567, -0.19470047,  0.29105356,
       -0.34310094, -0.18805526, -0.16267104,  0.473271  ,  0.22564147,
        0.0081811 ,  0.12932816, -0.45692438, -0.39604867, -0.11061318,
       -0.22657866,  0.35143755, -0.4962326 ,  0.24206744, -0.24773128,
       -0.1561457 ,  0.06308472, -0.06220185,  0.01363499, -0.00497033,
       -0.11777813, -0.15147358,  0.09323308, -0.19993818, -0.37825237,
        0.39470021]) 

Generation: 857 
 - Generation Avg Fit: 0.5134555596229665 
 - Best Fitness: 34.8407203543787
 - Best Solution: array([-0.03652435,  0.43557232, -0.34378842,  0.33950269,  0.35941164,
       -0.12422433,  0.36262979, -0.18102567, -0.19470047,  0.29105356,
       -0.34310094, -0.18805526, -0.16267104,  0.473271  ,  0.22564147,
        0.0081811 ,  0.12932816, -0.45692438, -0.39604867, -0.11061318,
       -0.22657866,  0.35143755, -0.4962326 ,  0.24206744, -0.24773128,
       -0.1561457 ,  0.06308472, -0.06220185,  0.01363499, -0.00497033,
       -0.11777813, -0.15147358,  0.09323308, -0.19993818, -0.37825237,
        0.39470021]) 

Generation: 858 
 - Generation Avg Fit: 0.5134555596229665 
 - Best Fitness: 34.8407203543787
 - Best Solution: array([-0.03652435,  0.43557232, -0.34378842,  0.33950269,  0.35941164,
       -0.12422433,  0.36262979, -0.18102567, -0.19470047,  0.29105356,
       -0.34310094, -0.18805526, -0.16267104,  0.473271  ,  0.22564147,
        0.0081811 ,  0.12932816, -0.45692438, -0.39604867, -0.11061318,
       -0.22657866,  0.35143755, -0.4962326 ,  0.24206744, -0.24773128,
       -0.1561457 ,  0.06308472, -0.06220185,  0.01363499, -0.00497033,
       -0.11777813, -0.15147358,  0.09323308, -0.19993818, -0.37825237,
        0.39470021]) 

Generation: 859 
 - Generation Avg Fit: 0.5134555596229665 
 - Best Fitness: 34.8407203543787
 - Best Solution: array([-0.03652435,  0.43557232, -0.34378842,  0.33950269,  0.35941164,
       -0.12422433,  0.36262979, -0.18102567, -0.19470047,  0.29105356,
       -0.34310094, -0.18805526, -0.16267104,  0.473271  ,  0.22564147,
        0.0081811 ,  0.12932816, -0.45692438, -0.39604867, -0.11061318,
       -0.22657866,  0.35143755, -0.4962326 ,  0.24206744, -0.24773128,
       -0.1561457 ,  0.06308472, -0.06220185,  0.01363499, -0.00497033,
       -0.11777813, -0.15147358,  0.09323308, -0.19993818, -0.37825237,
        0.39470021]) 

Generation: 860 
 - Generation Avg Fit: 0.5134555596229665 
 - Best Fitness: 34.8407203543787
 - Best Solution: array([-0.03652435,  0.43557232, -0.34378842,  0.33950269,  0.35941164,
       -0.12422433,  0.36262979, -0.18102567, -0.19470047,  0.29105356,
       -0.34310094, -0.18805526, -0.16267104,  0.473271  ,  0.22564147,
        0.0081811 ,  0.12932816, -0.45692438, -0.39604867, -0.11061318,
       -0.22657866,  0.35143755, -0.4962326 ,  0.24206744, -0.24773128,
       -0.1561457 ,  0.06308472, -0.06220185,  0.01363499, -0.00497033,
       -0.11777813, -0.15147358,  0.09323308, -0.19993818, -0.37825237,
        0.39470021]) 

Generation: 861 
 - Generation Avg Fit: 0.5134555596229665 
 - Best Fitness: 34.8407203543787
 - Best Solution: array([-0.03652435,  0.43557232, -0.34378842,  0.33950269,  0.35941164,
       -0.12422433,  0.36262979, -0.18102567, -0.19470047,  0.29105356,
       -0.34310094, -0.18805526, -0.16267104,  0.473271  ,  0.22564147,
        0.0081811 ,  0.12932816, -0.45692438, -0.39604867, -0.11061318,
       -0.22657866,  0.35143755, -0.4962326 ,  0.24206744, -0.24773128,
       -0.1561457 ,  0.06308472, -0.06220185,  0.01363499, -0.00497033,
       -0.11777813, -0.15147358,  0.09323308, -0.19993818, -0.37825237,
        0.39470021]) 

Generation: 862 
 - Generation Avg Fit: 0.5134555596229665 
 - Best Fitness: 34.8407203543787
 - Best Solution: array([-0.03652435,  0.43557232, -0.34378842,  0.33950269,  0.35941164,
       -0.12422433,  0.36262979, -0.18102567, -0.19470047,  0.29105356,
       -0.34310094, -0.18805526, -0.16267104,  0.473271  ,  0.22564147,
        0.0081811 ,  0.12932816, -0.45692438, -0.39604867, -0.11061318,
       -0.22657866,  0.35143755, -0.4962326 ,  0.24206744, -0.24773128,
       -0.1561457 ,  0.06308472, -0.06220185,  0.01363499, -0.00497033,
       -0.11777813, -0.15147358,  0.09323308, -0.19993818, -0.37825237,
        0.39470021]) 

Generation: 863 
 - Generation Avg Fit: 0.5134555596229665 
 - Best Fitness: 34.8407203543787
 - Best Solution: array([-0.03652435,  0.43557232, -0.34378842,  0.33950269,  0.35941164,
       -0.12422433,  0.36262979, -0.18102567, -0.19470047,  0.29105356,
       -0.34310094, -0.18805526, -0.16267104,  0.473271  ,  0.22564147,
        0.0081811 ,  0.12932816, -0.45692438, -0.39604867, -0.11061318,
       -0.22657866,  0.35143755, -0.4962326 ,  0.24206744, -0.24773128,
       -0.1561457 ,  0.06308472, -0.06220185,  0.01363499, -0.00497033,
       -0.11777813, -0.15147358,  0.09323308, -0.19993818, -0.37825237,
        0.39470021]) 

Generation: 864 
 - Generation Avg Fit: 0.5134555596229665 
 - Best Fitness: 34.8407203543787
 - Best Solution: array([-0.03652435,  0.43557232, -0.34378842,  0.33950269,  0.35941164,
       -0.12422433,  0.36262979, -0.18102567, -0.19470047,  0.29105356,
       -0.34310094, -0.18805526, -0.16267104,  0.473271  ,  0.22564147,
        0.0081811 ,  0.12932816, -0.45692438, -0.39604867, -0.11061318,
       -0.22657866,  0.35143755, -0.4962326 ,  0.24206744, -0.24773128,
       -0.1561457 ,  0.06308472, -0.06220185,  0.01363499, -0.00497033,
       -0.11777813, -0.15147358,  0.09323308, -0.19993818, -0.37825237,
        0.39470021]) 

Generation: 865 
 - Generation Avg Fit: 0.5134555596229665 
 - Best Fitness: 34.8407203543787
 - Best Solution: array([-0.03652435,  0.43557232, -0.34378842,  0.33950269,  0.35941164,
       -0.12422433,  0.36262979, -0.18102567, -0.19470047,  0.29105356,
       -0.34310094, -0.18805526, -0.16267104,  0.473271  ,  0.22564147,
        0.0081811 ,  0.12932816, -0.45692438, -0.39604867, -0.11061318,
       -0.22657866,  0.35143755, -0.4962326 ,  0.24206744, -0.24773128,
       -0.1561457 ,  0.06308472, -0.06220185,  0.01363499, -0.00497033,
       -0.11777813, -0.15147358,  0.09323308, -0.19993818, -0.37825237,
        0.39470021]) 

Generation: 866 
 - Generation Avg Fit: 0.5134555596229665 
 - Best Fitness: 34.8407203543787
 - Best Solution: array([-0.03652435,  0.43557232, -0.34378842,  0.33950269,  0.35941164,
       -0.12422433,  0.36262979, -0.18102567, -0.19470047,  0.29105356,
       -0.34310094, -0.18805526, -0.16267104,  0.473271  ,  0.22564147,
        0.0081811 ,  0.12932816, -0.45692438, -0.39604867, -0.11061318,
       -0.22657866,  0.35143755, -0.4962326 ,  0.24206744, -0.24773128,
       -0.1561457 ,  0.06308472, -0.06220185,  0.01363499, -0.00497033,
       -0.11777813, -0.15147358,  0.09323308, -0.19993818, -0.37825237,
        0.39470021]) 

Generation: 867 
 - Generation Avg Fit: 0.5134555596229665 
 - Best Fitness: 34.8407203543787
 - Best Solution: array([-0.03652435,  0.43557232, -0.34378842,  0.33950269,  0.35941164,
       -0.12422433,  0.36262979, -0.18102567, -0.19470047,  0.29105356,
       -0.34310094, -0.18805526, -0.16267104,  0.473271  ,  0.22564147,
        0.0081811 ,  0.12932816, -0.45692438, -0.39604867, -0.11061318,
       -0.22657866,  0.35143755, -0.4962326 ,  0.24206744, -0.24773128,
       -0.1561457 ,  0.06308472, -0.06220185,  0.01363499, -0.00497033,
       -0.11777813, -0.15147358,  0.09323308, -0.19993818, -0.37825237,
        0.39470021]) 

Generation: 868 
 - Generation Avg Fit: 0.5134555596229665 
 - Best Fitness: 34.8407203543787
 - Best Solution: array([-0.03652435,  0.43557232, -0.34378842,  0.33950269,  0.35941164,
       -0.12422433,  0.36262979, -0.18102567, -0.19470047,  0.29105356,
       -0.34310094, -0.18805526, -0.16267104,  0.473271  ,  0.22564147,
        0.0081811 ,  0.12932816, -0.45692438, -0.39604867, -0.11061318,
       -0.22657866,  0.35143755, -0.4962326 ,  0.24206744, -0.24773128,
       -0.1561457 ,  0.06308472, -0.06220185,  0.01363499, -0.00497033,
       -0.11777813, -0.15147358,  0.09323308, -0.19993818, -0.37825237,
        0.39470021]) 

Generation: 869 
 - Generation Avg Fit: 0.5134555596229665 
 - Best Fitness: 34.8407203543787
 - Best Solution: array([-0.03652435,  0.43557232, -0.34378842,  0.33950269,  0.35941164,
       -0.12422433,  0.36262979, -0.18102567, -0.19470047,  0.29105356,
       -0.34310094, -0.18805526, -0.16267104,  0.473271  ,  0.22564147,
        0.0081811 ,  0.12932816, -0.45692438, -0.39604867, -0.11061318,
       -0.22657866,  0.35143755, -0.4962326 ,  0.24206744, -0.24773128,
       -0.1561457 ,  0.06308472, -0.06220185,  0.01363499, -0.00497033,
       -0.11777813, -0.15147358,  0.09323308, -0.19993818, -0.37825237,
        0.39470021]) 

Generation: 870 
 - Generation Avg Fit: 0.5134555596229665 
 - Best Fitness: 34.8407203543787
 - Best Solution: array([-0.03652435,  0.43557232, -0.34378842,  0.33950269,  0.35941164,
       -0.12422433,  0.36262979, -0.18102567, -0.19470047,  0.29105356,
       -0.34310094, -0.18805526, -0.16267104,  0.473271  ,  0.22564147,
        0.0081811 ,  0.12932816, -0.45692438, -0.39604867, -0.11061318,
       -0.22657866,  0.35143755, -0.4962326 ,  0.24206744, -0.24773128,
       -0.1561457 ,  0.06308472, -0.06220185,  0.01363499, -0.00497033,
       -0.11777813, -0.15147358,  0.09323308, -0.19993818, -0.37825237,
        0.39470021]) 

Generation: 871 
 - Generation Avg Fit: 0.5134555596229665 
 - Best Fitness: 34.8407203543787
 - Best Solution: array([-0.03652435,  0.43557232, -0.34378842,  0.33950269,  0.35941164,
       -0.12422433,  0.36262979, -0.18102567, -0.19470047,  0.29105356,
       -0.34310094, -0.18805526, -0.16267104,  0.473271  ,  0.22564147,
        0.0081811 ,  0.12932816, -0.45692438, -0.39604867, -0.11061318,
       -0.22657866,  0.35143755, -0.4962326 ,  0.24206744, -0.24773128,
       -0.1561457 ,  0.06308472, -0.06220185,  0.01363499, -0.00497033,
       -0.11777813, -0.15147358,  0.09323308, -0.19993818, -0.37825237,
        0.39470021]) 

Generation: 872 
 - Generation Avg Fit: 0.5134555596229665 
 - Best Fitness: 34.8407203543787
 - Best Solution: array([-0.03652435,  0.43557232, -0.34378842,  0.33950269,  0.35941164,
       -0.12422433,  0.36262979, -0.18102567, -0.19470047,  0.29105356,
       -0.34310094, -0.18805526, -0.16267104,  0.473271  ,  0.22564147,
        0.0081811 ,  0.12932816, -0.45692438, -0.39604867, -0.11061318,
       -0.22657866,  0.35143755, -0.4962326 ,  0.24206744, -0.24773128,
       -0.1561457 ,  0.06308472, -0.06220185,  0.01363499, -0.00497033,
       -0.11777813, -0.15147358,  0.09323308, -0.19993818, -0.37825237,
        0.39470021]) 

Generation: 873 
 - Generation Avg Fit: 0.5134555596229665 
 - Best Fitness: 34.8407203543787
 - Best Solution: array([-0.03652435,  0.43557232, -0.34378842,  0.33950269,  0.35941164,
       -0.12422433,  0.36262979, -0.18102567, -0.19470047,  0.29105356,
       -0.34310094, -0.18805526, -0.16267104,  0.473271  ,  0.22564147,
        0.0081811 ,  0.12932816, -0.45692438, -0.39604867, -0.11061318,
       -0.22657866,  0.35143755, -0.4962326 ,  0.24206744, -0.24773128,
       -0.1561457 ,  0.06308472, -0.06220185,  0.01363499, -0.00497033,
       -0.11777813, -0.15147358,  0.09323308, -0.19993818, -0.37825237,
        0.39470021]) 

Generation: 874 
 - Generation Avg Fit: 0.5134555596229665 
 - Best Fitness: 34.8407203543787
 - Best Solution: array([-0.03652435,  0.43557232, -0.34378842,  0.33950269,  0.35941164,
       -0.12422433,  0.36262979, -0.18102567, -0.19470047,  0.29105356,
       -0.34310094, -0.18805526, -0.16267104,  0.473271  ,  0.22564147,
        0.0081811 ,  0.12932816, -0.45692438, -0.39604867, -0.11061318,
       -0.22657866,  0.35143755, -0.4962326 ,  0.24206744, -0.24773128,
       -0.1561457 ,  0.06308472, -0.06220185,  0.01363499, -0.00497033,
       -0.11777813, -0.15147358,  0.09323308, -0.19993818, -0.37825237,
        0.39470021]) 

Generation: 875 
 - Generation Avg Fit: 0.5134555596229665 
 - Best Fitness: 34.8407203543787
 - Best Solution: array([-0.03652435,  0.43557232, -0.34378842,  0.33950269,  0.35941164,
       -0.12422433,  0.36262979, -0.18102567, -0.19470047,  0.29105356,
       -0.34310094, -0.18805526, -0.16267104,  0.473271  ,  0.22564147,
        0.0081811 ,  0.12932816, -0.45692438, -0.39604867, -0.11061318,
       -0.22657866,  0.35143755, -0.4962326 ,  0.24206744, -0.24773128,
       -0.1561457 ,  0.06308472, -0.06220185,  0.01363499, -0.00497033,
       -0.11777813, -0.15147358,  0.09323308, -0.19993818, -0.37825237,
        0.39470021]) 

Generation: 876 
 - Generation Avg Fit: 0.5134555596229665 
 - Best Fitness: 34.8407203543787
 - Best Solution: array([-0.03652435,  0.43557232, -0.34378842,  0.33950269,  0.35941164,
       -0.12422433,  0.36262979, -0.18102567, -0.19470047,  0.29105356,
       -0.34310094, -0.18805526, -0.16267104,  0.473271  ,  0.22564147,
        0.0081811 ,  0.12932816, -0.45692438, -0.39604867, -0.11061318,
       -0.22657866,  0.35143755, -0.4962326 ,  0.24206744, -0.24773128,
       -0.1561457 ,  0.06308472, -0.06220185,  0.01363499, -0.00497033,
       -0.11777813, -0.15147358,  0.09323308, -0.19993818, -0.37825237,
        0.39470021]) 

Generation: 877 
 - Generation Avg Fit: 0.5134555596229665 
 - Best Fitness: 34.8407203543787
 - Best Solution: array([-0.03652435,  0.43557232, -0.34378842,  0.33950269,  0.35941164,
       -0.12422433,  0.36262979, -0.18102567, -0.19470047,  0.29105356,
       -0.34310094, -0.18805526, -0.16267104,  0.473271  ,  0.22564147,
        0.0081811 ,  0.12932816, -0.45692438, -0.39604867, -0.11061318,
       -0.22657866,  0.35143755, -0.4962326 ,  0.24206744, -0.24773128,
       -0.1561457 ,  0.06308472, -0.06220185,  0.01363499, -0.00497033,
       -0.11777813, -0.15147358,  0.09323308, -0.19993818, -0.37825237,
        0.39470021]) 

Generation: 878 
 - Generation Avg Fit: 0.5134555596229665 
 - Best Fitness: 34.8407203543787
 - Best Solution: array([-0.03652435,  0.43557232, -0.34378842,  0.33950269,  0.35941164,
       -0.12422433,  0.36262979, -0.18102567, -0.19470047,  0.29105356,
       -0.34310094, -0.18805526, -0.16267104,  0.473271  ,  0.22564147,
        0.0081811 ,  0.12932816, -0.45692438, -0.39604867, -0.11061318,
       -0.22657866,  0.35143755, -0.4962326 ,  0.24206744, -0.24773128,
       -0.1561457 ,  0.06308472, -0.06220185,  0.01363499, -0.00497033,
       -0.11777813, -0.15147358,  0.09323308, -0.19993818, -0.37825237,
        0.39470021]) 

Generation: 879 
 - Generation Avg Fit: 0.5134555596229665 
 - Best Fitness: 34.8407203543787
 - Best Solution: array([-0.03652435,  0.43557232, -0.34378842,  0.33950269,  0.35941164,
       -0.12422433,  0.36262979, -0.18102567, -0.19470047,  0.29105356,
       -0.34310094, -0.18805526, -0.16267104,  0.473271  ,  0.22564147,
        0.0081811 ,  0.12932816, -0.45692438, -0.39604867, -0.11061318,
       -0.22657866,  0.35143755, -0.4962326 ,  0.24206744, -0.24773128,
       -0.1561457 ,  0.06308472, -0.06220185,  0.01363499, -0.00497033,
       -0.11777813, -0.15147358,  0.09323308, -0.19993818, -0.37825237,
        0.39470021]) 

Generation: 880 
 - Generation Avg Fit: 0.5134555596229665 
 - Best Fitness: 34.8407203543787
 - Best Solution: array([-0.03652435,  0.43557232, -0.34378842,  0.33950269,  0.35941164,
       -0.12422433,  0.36262979, -0.18102567, -0.19470047,  0.29105356,
       -0.34310094, -0.18805526, -0.16267104,  0.473271  ,  0.22564147,
        0.0081811 ,  0.12932816, -0.45692438, -0.39604867, -0.11061318,
       -0.22657866,  0.35143755, -0.4962326 ,  0.24206744, -0.24773128,
       -0.1561457 ,  0.06308472, -0.06220185,  0.01363499, -0.00497033,
       -0.11777813, -0.15147358,  0.09323308, -0.19993818, -0.37825237,
        0.39470021]) 

Generation: 881 
 - Generation Avg Fit: 0.5134555596229665 
 - Best Fitness: 34.8407203543787
 - Best Solution: array([-0.03652435,  0.43557232, -0.34378842,  0.33950269,  0.35941164,
       -0.12422433,  0.36262979, -0.18102567, -0.19470047,  0.29105356,
       -0.34310094, -0.18805526, -0.16267104,  0.473271  ,  0.22564147,
        0.0081811 ,  0.12932816, -0.45692438, -0.39604867, -0.11061318,
       -0.22657866,  0.35143755, -0.4962326 ,  0.24206744, -0.24773128,
       -0.1561457 ,  0.06308472, -0.06220185,  0.01363499, -0.00497033,
       -0.11777813, -0.15147358,  0.09323308, -0.19993818, -0.37825237,
        0.39470021]) 

Generation: 882 
 - Generation Avg Fit: 0.5134555596229665 
 - Best Fitness: 34.8407203543787
 - Best Solution: array([-0.03652435,  0.43557232, -0.34378842,  0.33950269,  0.35941164,
       -0.12422433,  0.36262979, -0.18102567, -0.19470047,  0.29105356,
       -0.34310094, -0.18805526, -0.16267104,  0.473271  ,  0.22564147,
        0.0081811 ,  0.12932816, -0.45692438, -0.39604867, -0.11061318,
       -0.22657866,  0.35143755, -0.4962326 ,  0.24206744, -0.24773128,
       -0.1561457 ,  0.06308472, -0.06220185,  0.01363499, -0.00497033,
       -0.11777813, -0.15147358,  0.09323308, -0.19993818, -0.37825237,
        0.39470021]) 

Generation: 883 
 - Generation Avg Fit: 0.5134555596229665 
 - Best Fitness: 34.8407203543787
 - Best Solution: array([-0.03652435,  0.43557232, -0.34378842,  0.33950269,  0.35941164,
       -0.12422433,  0.36262979, -0.18102567, -0.19470047,  0.29105356,
       -0.34310094, -0.18805526, -0.16267104,  0.473271  ,  0.22564147,
        0.0081811 ,  0.12932816, -0.45692438, -0.39604867, -0.11061318,
       -0.22657866,  0.35143755, -0.4962326 ,  0.24206744, -0.24773128,
       -0.1561457 ,  0.06308472, -0.06220185,  0.01363499, -0.00497033,
       -0.11777813, -0.15147358,  0.09323308, -0.19993818, -0.37825237,
        0.39470021]) 

Generation: 884 
 - Generation Avg Fit: 0.5134555596229665 
 - Best Fitness: 34.8407203543787
 - Best Solution: array([-0.03652435,  0.43557232, -0.34378842,  0.33950269,  0.35941164,
       -0.12422433,  0.36262979, -0.18102567, -0.19470047,  0.29105356,
       -0.34310094, -0.18805526, -0.16267104,  0.473271  ,  0.22564147,
        0.0081811 ,  0.12932816, -0.45692438, -0.39604867, -0.11061318,
       -0.22657866,  0.35143755, -0.4962326 ,  0.24206744, -0.24773128,
       -0.1561457 ,  0.06308472, -0.06220185,  0.01363499, -0.00497033,
       -0.11777813, -0.15147358,  0.09323308, -0.19993818, -0.37825237,
        0.39470021]) 

Generation: 885 
 - Generation Avg Fit: 0.5134555596229665 
 - Best Fitness: 34.8407203543787
 - Best Solution: array([-0.03652435,  0.43557232, -0.34378842,  0.33950269,  0.35941164,
       -0.12422433,  0.36262979, -0.18102567, -0.19470047,  0.29105356,
       -0.34310094, -0.18805526, -0.16267104,  0.473271  ,  0.22564147,
        0.0081811 ,  0.12932816, -0.45692438, -0.39604867, -0.11061318,
       -0.22657866,  0.35143755, -0.4962326 ,  0.24206744, -0.24773128,
       -0.1561457 ,  0.06308472, -0.06220185,  0.01363499, -0.00497033,
       -0.11777813, -0.15147358,  0.09323308, -0.19993818, -0.37825237,
        0.39470021]) 

Generation: 886 
 - Generation Avg Fit: 0.5134555596229665 
 - Best Fitness: 34.8407203543787
 - Best Solution: array([-0.03652435,  0.43557232, -0.34378842,  0.33950269,  0.35941164,
       -0.12422433,  0.36262979, -0.18102567, -0.19470047,  0.29105356,
       -0.34310094, -0.18805526, -0.16267104,  0.473271  ,  0.22564147,
        0.0081811 ,  0.12932816, -0.45692438, -0.39604867, -0.11061318,
       -0.22657866,  0.35143755, -0.4962326 ,  0.24206744, -0.24773128,
       -0.1561457 ,  0.06308472, -0.06220185,  0.01363499, -0.00497033,
       -0.11777813, -0.15147358,  0.09323308, -0.19993818, -0.37825237,
        0.39470021]) 

Generation: 887 
 - Generation Avg Fit: 0.5134555596229665 
 - Best Fitness: 34.8407203543787
 - Best Solution: array([-0.03652435,  0.43557232, -0.34378842,  0.33950269,  0.35941164,
       -0.12422433,  0.36262979, -0.18102567, -0.19470047,  0.29105356,
       -0.34310094, -0.18805526, -0.16267104,  0.473271  ,  0.22564147,
        0.0081811 ,  0.12932816, -0.45692438, -0.39604867, -0.11061318,
       -0.22657866,  0.35143755, -0.4962326 ,  0.24206744, -0.24773128,
       -0.1561457 ,  0.06308472, -0.06220185,  0.01363499, -0.00497033,
       -0.11777813, -0.15147358,  0.09323308, -0.19993818, -0.37825237,
        0.39470021]) 

Generation: 888 
 - Generation Avg Fit: 0.5134555596229665 
 - Best Fitness: 34.8407203543787
 - Best Solution: array([-0.03652435,  0.43557232, -0.34378842,  0.33950269,  0.35941164,
       -0.12422433,  0.36262979, -0.18102567, -0.19470047,  0.29105356,
       -0.34310094, -0.18805526, -0.16267104,  0.473271  ,  0.22564147,
        0.0081811 ,  0.12932816, -0.45692438, -0.39604867, -0.11061318,
       -0.22657866,  0.35143755, -0.4962326 ,  0.24206744, -0.24773128,
       -0.1561457 ,  0.06308472, -0.06220185,  0.01363499, -0.00497033,
       -0.11777813, -0.15147358,  0.09323308, -0.19993818, -0.37825237,
        0.39470021]) 

Generation: 889 
 - Generation Avg Fit: 0.5134555596229665 
 - Best Fitness: 34.8407203543787
 - Best Solution: array([-0.03652435,  0.43557232, -0.34378842,  0.33950269,  0.35941164,
       -0.12422433,  0.36262979, -0.18102567, -0.19470047,  0.29105356,
       -0.34310094, -0.18805526, -0.16267104,  0.473271  ,  0.22564147,
        0.0081811 ,  0.12932816, -0.45692438, -0.39604867, -0.11061318,
       -0.22657866,  0.35143755, -0.4962326 ,  0.24206744, -0.24773128,
       -0.1561457 ,  0.06308472, -0.06220185,  0.01363499, -0.00497033,
       -0.11777813, -0.15147358,  0.09323308, -0.19993818, -0.37825237,
        0.39470021]) 

Generation: 890 
 - Generation Avg Fit: 0.5134555596229665 
 - Best Fitness: 34.8407203543787
 - Best Solution: array([-0.03652435,  0.43557232, -0.34378842,  0.33950269,  0.35941164,
       -0.12422433,  0.36262979, -0.18102567, -0.19470047,  0.29105356,
       -0.34310094, -0.18805526, -0.16267104,  0.473271  ,  0.22564147,
        0.0081811 ,  0.12932816, -0.45692438, -0.39604867, -0.11061318,
       -0.22657866,  0.35143755, -0.4962326 ,  0.24206744, -0.24773128,
       -0.1561457 ,  0.06308472, -0.06220185,  0.01363499, -0.00497033,
       -0.11777813, -0.15147358,  0.09323308, -0.19993818, -0.37825237,
        0.39470021]) 

Generation: 891 
 - Generation Avg Fit: 0.5134555596229665 
 - Best Fitness: 34.8407203543787
 - Best Solution: array([-0.03652435,  0.43557232, -0.34378842,  0.33950269,  0.35941164,
       -0.12422433,  0.36262979, -0.18102567, -0.19470047,  0.29105356,
       -0.34310094, -0.18805526, -0.16267104,  0.473271  ,  0.22564147,
        0.0081811 ,  0.12932816, -0.45692438, -0.39604867, -0.11061318,
       -0.22657866,  0.35143755, -0.4962326 ,  0.24206744, -0.24773128,
       -0.1561457 ,  0.06308472, -0.06220185,  0.01363499, -0.00497033,
       -0.11777813, -0.15147358,  0.09323308, -0.19993818, -0.37825237,
        0.39470021]) 

Generation: 892 
 - Generation Avg Fit: 0.5134555596229665 
 - Best Fitness: 34.8407203543787
 - Best Solution: array([-0.03652435,  0.43557232, -0.34378842,  0.33950269,  0.35941164,
       -0.12422433,  0.36262979, -0.18102567, -0.19470047,  0.29105356,
       -0.34310094, -0.18805526, -0.16267104,  0.473271  ,  0.22564147,
        0.0081811 ,  0.12932816, -0.45692438, -0.39604867, -0.11061318,
       -0.22657866,  0.35143755, -0.4962326 ,  0.24206744, -0.24773128,
       -0.1561457 ,  0.06308472, -0.06220185,  0.01363499, -0.00497033,
       -0.11777813, -0.15147358,  0.09323308, -0.19993818, -0.37825237,
        0.39470021]) 

Generation: 893 
 - Generation Avg Fit: 0.5134555596229665 
 - Best Fitness: 34.8407203543787
 - Best Solution: array([-0.03652435,  0.43557232, -0.34378842,  0.33950269,  0.35941164,
       -0.12422433,  0.36262979, -0.18102567, -0.19470047,  0.29105356,
       -0.34310094, -0.18805526, -0.16267104,  0.473271  ,  0.22564147,
        0.0081811 ,  0.12932816, -0.45692438, -0.39604867, -0.11061318,
       -0.22657866,  0.35143755, -0.4962326 ,  0.24206744, -0.24773128,
       -0.1561457 ,  0.06308472, -0.06220185,  0.01363499, -0.00497033,
       -0.11777813, -0.15147358,  0.09323308, -0.19993818, -0.37825237,
        0.39470021]) 

Generation: 894 
 - Generation Avg Fit: 0.5134555596229665 
 - Best Fitness: 34.8407203543787
 - Best Solution: array([-0.03652435,  0.43557232, -0.34378842,  0.33950269,  0.35941164,
       -0.12422433,  0.36262979, -0.18102567, -0.19470047,  0.29105356,
       -0.34310094, -0.18805526, -0.16267104,  0.473271  ,  0.22564147,
        0.0081811 ,  0.12932816, -0.45692438, -0.39604867, -0.11061318,
       -0.22657866,  0.35143755, -0.4962326 ,  0.24206744, -0.24773128,
       -0.1561457 ,  0.06308472, -0.06220185,  0.01363499, -0.00497033,
       -0.11777813, -0.15147358,  0.09323308, -0.19993818, -0.37825237,
        0.39470021]) 

Generation: 895 
 - Generation Avg Fit: 0.5134555596229665 
 - Best Fitness: 34.8407203543787
 - Best Solution: array([-0.03652435,  0.43557232, -0.34378842,  0.33950269,  0.35941164,
       -0.12422433,  0.36262979, -0.18102567, -0.19470047,  0.29105356,
       -0.34310094, -0.18805526, -0.16267104,  0.473271  ,  0.22564147,
        0.0081811 ,  0.12932816, -0.45692438, -0.39604867, -0.11061318,
       -0.22657866,  0.35143755, -0.4962326 ,  0.24206744, -0.24773128,
       -0.1561457 ,  0.06308472, -0.06220185,  0.01363499, -0.00497033,
       -0.11777813, -0.15147358,  0.09323308, -0.19993818, -0.37825237,
        0.39470021]) 

Generation: 896 
 - Generation Avg Fit: 0.5134555596229665 
 - Best Fitness: 34.8407203543787
 - Best Solution: array([-0.03652435,  0.43557232, -0.34378842,  0.33950269,  0.35941164,
       -0.12422433,  0.36262979, -0.18102567, -0.19470047,  0.29105356,
       -0.34310094, -0.18805526, -0.16267104,  0.473271  ,  0.22564147,
        0.0081811 ,  0.12932816, -0.45692438, -0.39604867, -0.11061318,
       -0.22657866,  0.35143755, -0.4962326 ,  0.24206744, -0.24773128,
       -0.1561457 ,  0.06308472, -0.06220185,  0.01363499, -0.00497033,
       -0.11777813, -0.15147358,  0.09323308, -0.19993818, -0.37825237,
        0.39470021]) 

Generation: 897 
 - Generation Avg Fit: 0.5134555596229665 
 - Best Fitness: 34.8407203543787
 - Best Solution: array([-0.03652435,  0.43557232, -0.34378842,  0.33950269,  0.35941164,
       -0.12422433,  0.36262979, -0.18102567, -0.19470047,  0.29105356,
       -0.34310094, -0.18805526, -0.16267104,  0.473271  ,  0.22564147,
        0.0081811 ,  0.12932816, -0.45692438, -0.39604867, -0.11061318,
       -0.22657866,  0.35143755, -0.4962326 ,  0.24206744, -0.24773128,
       -0.1561457 ,  0.06308472, -0.06220185,  0.01363499, -0.00497033,
       -0.11777813, -0.15147358,  0.09323308, -0.19993818, -0.37825237,
        0.39470021]) 

Generation: 898 
 - Generation Avg Fit: 0.5134555596229665 
 - Best Fitness: 34.8407203543787
 - Best Solution: array([-0.03652435,  0.43557232, -0.34378842,  0.33950269,  0.35941164,
       -0.12422433,  0.36262979, -0.18102567, -0.19470047,  0.29105356,
       -0.34310094, -0.18805526, -0.16267104,  0.473271  ,  0.22564147,
        0.0081811 ,  0.12932816, -0.45692438, -0.39604867, -0.11061318,
       -0.22657866,  0.35143755, -0.4962326 ,  0.24206744, -0.24773128,
       -0.1561457 ,  0.06308472, -0.06220185,  0.01363499, -0.00497033,
       -0.11777813, -0.15147358,  0.09323308, -0.19993818, -0.37825237,
        0.39470021]) 

Generation: 899 
 - Generation Avg Fit: 0.5134555596229665 
 - Best Fitness: 34.8407203543787
 - Best Solution: array([-0.03652435,  0.43557232, -0.34378842,  0.33950269,  0.35941164,
       -0.12422433,  0.36262979, -0.18102567, -0.19470047,  0.29105356,
       -0.34310094, -0.18805526, -0.16267104,  0.473271  ,  0.22564147,
        0.0081811 ,  0.12932816, -0.45692438, -0.39604867, -0.11061318,
       -0.22657866,  0.35143755, -0.4962326 ,  0.24206744, -0.24773128,
       -0.1561457 ,  0.06308472, -0.06220185,  0.01363499, -0.00497033,
       -0.11777813, -0.15147358,  0.09323308, -0.19993818, -0.37825237,
        0.39470021]) 

Generation: 900 
 - Generation Avg Fit: 0.5134555596229665 
 - Best Fitness: 34.8407203543787
 - Best Solution: array([-0.03652435,  0.43557232, -0.34378842,  0.33950269,  0.35941164,
       -0.12422433,  0.36262979, -0.18102567, -0.19470047,  0.29105356,
       -0.34310094, -0.18805526, -0.16267104,  0.473271  ,  0.22564147,
        0.0081811 ,  0.12932816, -0.45692438, -0.39604867, -0.11061318,
       -0.22657866,  0.35143755, -0.4962326 ,  0.24206744, -0.24773128,
       -0.1561457 ,  0.06308472, -0.06220185,  0.01363499, -0.00497033,
       -0.11777813, -0.15147358,  0.09323308, -0.19993818, -0.37825237,
        0.39470021]) 

Generation: 901 
 - Generation Avg Fit: 0.5134555596229665 
 - Best Fitness: 34.8407203543787
 - Best Solution: array([-0.03652435,  0.43557232, -0.34378842,  0.33950269,  0.35941164,
       -0.12422433,  0.36262979, -0.18102567, -0.19470047,  0.29105356,
       -0.34310094, -0.18805526, -0.16267104,  0.473271  ,  0.22564147,
        0.0081811 ,  0.12932816, -0.45692438, -0.39604867, -0.11061318,
       -0.22657866,  0.35143755, -0.4962326 ,  0.24206744, -0.24773128,
       -0.1561457 ,  0.06308472, -0.06220185,  0.01363499, -0.00497033,
       -0.11777813, -0.15147358,  0.09323308, -0.19993818, -0.37825237,
        0.39470021]) 

Generation: 902 
 - Generation Avg Fit: 0.5134555596229665 
 - Best Fitness: 34.8407203543787
 - Best Solution: array([-0.03652435,  0.43557232, -0.34378842,  0.33950269,  0.35941164,
       -0.12422433,  0.36262979, -0.18102567, -0.19470047,  0.29105356,
       -0.34310094, -0.18805526, -0.16267104,  0.473271  ,  0.22564147,
        0.0081811 ,  0.12932816, -0.45692438, -0.39604867, -0.11061318,
       -0.22657866,  0.35143755, -0.4962326 ,  0.24206744, -0.24773128,
       -0.1561457 ,  0.06308472, -0.06220185,  0.01363499, -0.00497033,
       -0.11777813, -0.15147358,  0.09323308, -0.19993818, -0.37825237,
        0.39470021]) 

Generation: 903 
 - Generation Avg Fit: 0.5134555596229665 
 - Best Fitness: 34.8407203543787
 - Best Solution: array([-0.03652435,  0.43557232, -0.34378842,  0.33950269,  0.35941164,
       -0.12422433,  0.36262979, -0.18102567, -0.19470047,  0.29105356,
       -0.34310094, -0.18805526, -0.16267104,  0.473271  ,  0.22564147,
        0.0081811 ,  0.12932816, -0.45692438, -0.39604867, -0.11061318,
       -0.22657866,  0.35143755, -0.4962326 ,  0.24206744, -0.24773128,
       -0.1561457 ,  0.06308472, -0.06220185,  0.01363499, -0.00497033,
       -0.11777813, -0.15147358,  0.09323308, -0.19993818, -0.37825237,
        0.39470021]) 

Generation: 904 
 - Generation Avg Fit: 0.5134555596229665 
 - Best Fitness: 34.8407203543787
 - Best Solution: array([-0.03652435,  0.43557232, -0.34378842,  0.33950269,  0.35941164,
       -0.12422433,  0.36262979, -0.18102567, -0.19470047,  0.29105356,
       -0.34310094, -0.18805526, -0.16267104,  0.473271  ,  0.22564147,
        0.0081811 ,  0.12932816, -0.45692438, -0.39604867, -0.11061318,
       -0.22657866,  0.35143755, -0.4962326 ,  0.24206744, -0.24773128,
       -0.1561457 ,  0.06308472, -0.06220185,  0.01363499, -0.00497033,
       -0.11777813, -0.15147358,  0.09323308, -0.19993818, -0.37825237,
        0.39470021]) 

Generation: 905 
 - Generation Avg Fit: 0.5134555596229665 
 - Best Fitness: 34.8407203543787
 - Best Solution: array([-0.03652435,  0.43557232, -0.34378842,  0.33950269,  0.35941164,
       -0.12422433,  0.36262979, -0.18102567, -0.19470047,  0.29105356,
       -0.34310094, -0.18805526, -0.16267104,  0.473271  ,  0.22564147,
        0.0081811 ,  0.12932816, -0.45692438, -0.39604867, -0.11061318,
       -0.22657866,  0.35143755, -0.4962326 ,  0.24206744, -0.24773128,
       -0.1561457 ,  0.06308472, -0.06220185,  0.01363499, -0.00497033,
       -0.11777813, -0.15147358,  0.09323308, -0.19993818, -0.37825237,
        0.39470021]) 

Generation: 906 
 - Generation Avg Fit: 0.5134555596229665 
 - Best Fitness: 34.8407203543787
 - Best Solution: array([-0.03652435,  0.43557232, -0.34378842,  0.33950269,  0.35941164,
       -0.12422433,  0.36262979, -0.18102567, -0.19470047,  0.29105356,
       -0.34310094, -0.18805526, -0.16267104,  0.473271  ,  0.22564147,
        0.0081811 ,  0.12932816, -0.45692438, -0.39604867, -0.11061318,
       -0.22657866,  0.35143755, -0.4962326 ,  0.24206744, -0.24773128,
       -0.1561457 ,  0.06308472, -0.06220185,  0.01363499, -0.00497033,
       -0.11777813, -0.15147358,  0.09323308, -0.19993818, -0.37825237,
        0.39470021]) 

Generation: 907 
 - Generation Avg Fit: 0.5134555596229665 
 - Best Fitness: 34.8407203543787
 - Best Solution: array([-0.03652435,  0.43557232, -0.34378842,  0.33950269,  0.35941164,
       -0.12422433,  0.36262979, -0.18102567, -0.19470047,  0.29105356,
       -0.34310094, -0.18805526, -0.16267104,  0.473271  ,  0.22564147,
        0.0081811 ,  0.12932816, -0.45692438, -0.39604867, -0.11061318,
       -0.22657866,  0.35143755, -0.4962326 ,  0.24206744, -0.24773128,
       -0.1561457 ,  0.06308472, -0.06220185,  0.01363499, -0.00497033,
       -0.11777813, -0.15147358,  0.09323308, -0.19993818, -0.37825237,
        0.39470021]) 

Generation: 908 
 - Generation Avg Fit: 0.5134555596229665 
 - Best Fitness: 34.8407203543787
 - Best Solution: array([-0.03652435,  0.43557232, -0.34378842,  0.33950269,  0.35941164,
       -0.12422433,  0.36262979, -0.18102567, -0.19470047,  0.29105356,
       -0.34310094, -0.18805526, -0.16267104,  0.473271  ,  0.22564147,
        0.0081811 ,  0.12932816, -0.45692438, -0.39604867, -0.11061318,
       -0.22657866,  0.35143755, -0.4962326 ,  0.24206744, -0.24773128,
       -0.1561457 ,  0.06308472, -0.06220185,  0.01363499, -0.00497033,
       -0.11777813, -0.15147358,  0.09323308, -0.19993818, -0.37825237,
        0.39470021]) 

Generation: 909 
 - Generation Avg Fit: 0.5134555596229665 
 - Best Fitness: 34.8407203543787
 - Best Solution: array([-0.03652435,  0.43557232, -0.34378842,  0.33950269,  0.35941164,
       -0.12422433,  0.36262979, -0.18102567, -0.19470047,  0.29105356,
       -0.34310094, -0.18805526, -0.16267104,  0.473271  ,  0.22564147,
        0.0081811 ,  0.12932816, -0.45692438, -0.39604867, -0.11061318,
       -0.22657866,  0.35143755, -0.4962326 ,  0.24206744, -0.24773128,
       -0.1561457 ,  0.06308472, -0.06220185,  0.01363499, -0.00497033,
       -0.11777813, -0.15147358,  0.09323308, -0.19993818, -0.37825237,
        0.39470021]) 

Generation: 910 
 - Generation Avg Fit: 0.5134555596229665 
 - Best Fitness: 34.8407203543787
 - Best Solution: array([-0.03652435,  0.43557232, -0.34378842,  0.33950269,  0.35941164,
       -0.12422433,  0.36262979, -0.18102567, -0.19470047,  0.29105356,
       -0.34310094, -0.18805526, -0.16267104,  0.473271  ,  0.22564147,
        0.0081811 ,  0.12932816, -0.45692438, -0.39604867, -0.11061318,
       -0.22657866,  0.35143755, -0.4962326 ,  0.24206744, -0.24773128,
       -0.1561457 ,  0.06308472, -0.06220185,  0.01363499, -0.00497033,
       -0.11777813, -0.15147358,  0.09323308, -0.19993818, -0.37825237,
        0.39470021]) 

Generation: 911 
 - Generation Avg Fit: 0.5134555596229665 
 - Best Fitness: 34.8407203543787
 - Best Solution: array([-0.03652435,  0.43557232, -0.34378842,  0.33950269,  0.35941164,
       -0.12422433,  0.36262979, -0.18102567, -0.19470047,  0.29105356,
       -0.34310094, -0.18805526, -0.16267104,  0.473271  ,  0.22564147,
        0.0081811 ,  0.12932816, -0.45692438, -0.39604867, -0.11061318,
       -0.22657866,  0.35143755, -0.4962326 ,  0.24206744, -0.24773128,
       -0.1561457 ,  0.06308472, -0.06220185,  0.01363499, -0.00497033,
       -0.11777813, -0.15147358,  0.09323308, -0.19993818, -0.37825237,
        0.39470021]) 

Generation: 912 
 - Generation Avg Fit: 0.5134555596229665 
 - Best Fitness: 34.8407203543787
 - Best Solution: array([-0.03652435,  0.43557232, -0.34378842,  0.33950269,  0.35941164,
       -0.12422433,  0.36262979, -0.18102567, -0.19470047,  0.29105356,
       -0.34310094, -0.18805526, -0.16267104,  0.473271  ,  0.22564147,
        0.0081811 ,  0.12932816, -0.45692438, -0.39604867, -0.11061318,
       -0.22657866,  0.35143755, -0.4962326 ,  0.24206744, -0.24773128,
       -0.1561457 ,  0.06308472, -0.06220185,  0.01363499, -0.00497033,
       -0.11777813, -0.15147358,  0.09323308, -0.19993818, -0.37825237,
        0.39470021]) 

Generation: 913 
 - Generation Avg Fit: 0.5134555596229665 
 - Best Fitness: 34.8407203543787
 - Best Solution: array([-0.03652435,  0.43557232, -0.34378842,  0.33950269,  0.35941164,
       -0.12422433,  0.36262979, -0.18102567, -0.19470047,  0.29105356,
       -0.34310094, -0.18805526, -0.16267104,  0.473271  ,  0.22564147,
        0.0081811 ,  0.12932816, -0.45692438, -0.39604867, -0.11061318,
       -0.22657866,  0.35143755, -0.4962326 ,  0.24206744, -0.24773128,
       -0.1561457 ,  0.06308472, -0.06220185,  0.01363499, -0.00497033,
       -0.11777813, -0.15147358,  0.09323308, -0.19993818, -0.37825237,
        0.39470021]) 

Generation: 914 
 - Generation Avg Fit: 0.5134555596229665 
 - Best Fitness: 34.8407203543787
 - Best Solution: array([-0.03652435,  0.43557232, -0.34378842,  0.33950269,  0.35941164,
       -0.12422433,  0.36262979, -0.18102567, -0.19470047,  0.29105356,
       -0.34310094, -0.18805526, -0.16267104,  0.473271  ,  0.22564147,
        0.0081811 ,  0.12932816, -0.45692438, -0.39604867, -0.11061318,
       -0.22657866,  0.35143755, -0.4962326 ,  0.24206744, -0.24773128,
       -0.1561457 ,  0.06308472, -0.06220185,  0.01363499, -0.00497033,
       -0.11777813, -0.15147358,  0.09323308, -0.19993818, -0.37825237,
        0.39470021]) 

Generation: 915 
 - Generation Avg Fit: 0.5134555596229665 
 - Best Fitness: 34.8407203543787
 - Best Solution: array([-0.03652435,  0.43557232, -0.34378842,  0.33950269,  0.35941164,
       -0.12422433,  0.36262979, -0.18102567, -0.19470047,  0.29105356,
       -0.34310094, -0.18805526, -0.16267104,  0.473271  ,  0.22564147,
        0.0081811 ,  0.12932816, -0.45692438, -0.39604867, -0.11061318,
       -0.22657866,  0.35143755, -0.4962326 ,  0.24206744, -0.24773128,
       -0.1561457 ,  0.06308472, -0.06220185,  0.01363499, -0.00497033,
       -0.11777813, -0.15147358,  0.09323308, -0.19993818, -0.37825237,
        0.39470021]) 

Generation: 916 
 - Generation Avg Fit: 0.5134555596229665 
 - Best Fitness: 34.8407203543787
 - Best Solution: array([-0.03652435,  0.43557232, -0.34378842,  0.33950269,  0.35941164,
       -0.12422433,  0.36262979, -0.18102567, -0.19470047,  0.29105356,
       -0.34310094, -0.18805526, -0.16267104,  0.473271  ,  0.22564147,
        0.0081811 ,  0.12932816, -0.45692438, -0.39604867, -0.11061318,
       -0.22657866,  0.35143755, -0.4962326 ,  0.24206744, -0.24773128,
       -0.1561457 ,  0.06308472, -0.06220185,  0.01363499, -0.00497033,
       -0.11777813, -0.15147358,  0.09323308, -0.19993818, -0.37825237,
        0.39470021]) 

Generation: 917 
 - Generation Avg Fit: 0.5134555596229665 
 - Best Fitness: 34.8407203543787
 - Best Solution: array([-0.03652435,  0.43557232, -0.34378842,  0.33950269,  0.35941164,
       -0.12422433,  0.36262979, -0.18102567, -0.19470047,  0.29105356,
       -0.34310094, -0.18805526, -0.16267104,  0.473271  ,  0.22564147,
        0.0081811 ,  0.12932816, -0.45692438, -0.39604867, -0.11061318,
       -0.22657866,  0.35143755, -0.4962326 ,  0.24206744, -0.24773128,
       -0.1561457 ,  0.06308472, -0.06220185,  0.01363499, -0.00497033,
       -0.11777813, -0.15147358,  0.09323308, -0.19993818, -0.37825237,
        0.39470021]) 

Generation: 918 
 - Generation Avg Fit: 0.5134555596229665 
 - Best Fitness: 34.8407203543787
 - Best Solution: array([-0.03652435,  0.43557232, -0.34378842,  0.33950269,  0.35941164,
       -0.12422433,  0.36262979, -0.18102567, -0.19470047,  0.29105356,
       -0.34310094, -0.18805526, -0.16267104,  0.473271  ,  0.22564147,
        0.0081811 ,  0.12932816, -0.45692438, -0.39604867, -0.11061318,
       -0.22657866,  0.35143755, -0.4962326 ,  0.24206744, -0.24773128,
       -0.1561457 ,  0.06308472, -0.06220185,  0.01363499, -0.00497033,
       -0.11777813, -0.15147358,  0.09323308, -0.19993818, -0.37825237,
        0.39470021]) 

Generation: 919 
 - Generation Avg Fit: 0.5134555596229665 
 - Best Fitness: 34.8407203543787
 - Best Solution: array([-0.03652435,  0.43557232, -0.34378842,  0.33950269,  0.35941164,
       -0.12422433,  0.36262979, -0.18102567, -0.19470047,  0.29105356,
       -0.34310094, -0.18805526, -0.16267104,  0.473271  ,  0.22564147,
        0.0081811 ,  0.12932816, -0.45692438, -0.39604867, -0.11061318,
       -0.22657866,  0.35143755, -0.4962326 ,  0.24206744, -0.24773128,
       -0.1561457 ,  0.06308472, -0.06220185,  0.01363499, -0.00497033,
       -0.11777813, -0.15147358,  0.09323308, -0.19993818, -0.37825237,
        0.39470021]) 

Generation: 920 
 - Generation Avg Fit: 0.5134555596229665 
 - Best Fitness: 34.8407203543787
 - Best Solution: array([-0.03652435,  0.43557232, -0.34378842,  0.33950269,  0.35941164,
       -0.12422433,  0.36262979, -0.18102567, -0.19470047,  0.29105356,
       -0.34310094, -0.18805526, -0.16267104,  0.473271  ,  0.22564147,
        0.0081811 ,  0.12932816, -0.45692438, -0.39604867, -0.11061318,
       -0.22657866,  0.35143755, -0.4962326 ,  0.24206744, -0.24773128,
       -0.1561457 ,  0.06308472, -0.06220185,  0.01363499, -0.00497033,
       -0.11777813, -0.15147358,  0.09323308, -0.19993818, -0.37825237,
        0.39470021]) 

Generation: 921 
 - Generation Avg Fit: 0.5134555596229665 
 - Best Fitness: 34.8407203543787
 - Best Solution: array([-0.03652435,  0.43557232, -0.34378842,  0.33950269,  0.35941164,
       -0.12422433,  0.36262979, -0.18102567, -0.19470047,  0.29105356,
       -0.34310094, -0.18805526, -0.16267104,  0.473271  ,  0.22564147,
        0.0081811 ,  0.12932816, -0.45692438, -0.39604867, -0.11061318,
       -0.22657866,  0.35143755, -0.4962326 ,  0.24206744, -0.24773128,
       -0.1561457 ,  0.06308472, -0.06220185,  0.01363499, -0.00497033,
       -0.11777813, -0.15147358,  0.09323308, -0.19993818, -0.37825237,
        0.39470021]) 

Generation: 922 
 - Generation Avg Fit: 0.5134555596229665 
 - Best Fitness: 34.8407203543787
 - Best Solution: array([-0.03652435,  0.43557232, -0.34378842,  0.33950269,  0.35941164,
       -0.12422433,  0.36262979, -0.18102567, -0.19470047,  0.29105356,
       -0.34310094, -0.18805526, -0.16267104,  0.473271  ,  0.22564147,
        0.0081811 ,  0.12932816, -0.45692438, -0.39604867, -0.11061318,
       -0.22657866,  0.35143755, -0.4962326 ,  0.24206744, -0.24773128,
       -0.1561457 ,  0.06308472, -0.06220185,  0.01363499, -0.00497033,
       -0.11777813, -0.15147358,  0.09323308, -0.19993818, -0.37825237,
        0.39470021]) 

Generation: 923 
 - Generation Avg Fit: 0.5134555596229665 
 - Best Fitness: 34.8407203543787
 - Best Solution: array([-0.03652435,  0.43557232, -0.34378842,  0.33950269,  0.35941164,
       -0.12422433,  0.36262979, -0.18102567, -0.19470047,  0.29105356,
       -0.34310094, -0.18805526, -0.16267104,  0.473271  ,  0.22564147,
        0.0081811 ,  0.12932816, -0.45692438, -0.39604867, -0.11061318,
       -0.22657866,  0.35143755, -0.4962326 ,  0.24206744, -0.24773128,
       -0.1561457 ,  0.06308472, -0.06220185,  0.01363499, -0.00497033,
       -0.11777813, -0.15147358,  0.09323308, -0.19993818, -0.37825237,
        0.39470021]) 

Generation: 924 
 - Generation Avg Fit: 0.5134555596229665 
 - Best Fitness: 34.8407203543787
 - Best Solution: array([-0.03652435,  0.43557232, -0.34378842,  0.33950269,  0.35941164,
       -0.12422433,  0.36262979, -0.18102567, -0.19470047,  0.29105356,
       -0.34310094, -0.18805526, -0.16267104,  0.473271  ,  0.22564147,
        0.0081811 ,  0.12932816, -0.45692438, -0.39604867, -0.11061318,
       -0.22657866,  0.35143755, -0.4962326 ,  0.24206744, -0.24773128,
       -0.1561457 ,  0.06308472, -0.06220185,  0.01363499, -0.00497033,
       -0.11777813, -0.15147358,  0.09323308, -0.19993818, -0.37825237,
        0.39470021]) 

Generation: 925 
 - Generation Avg Fit: 0.5134555596229665 
 - Best Fitness: 34.8407203543787
 - Best Solution: array([-0.03652435,  0.43557232, -0.34378842,  0.33950269,  0.35941164,
       -0.12422433,  0.36262979, -0.18102567, -0.19470047,  0.29105356,
       -0.34310094, -0.18805526, -0.16267104,  0.473271  ,  0.22564147,
        0.0081811 ,  0.12932816, -0.45692438, -0.39604867, -0.11061318,
       -0.22657866,  0.35143755, -0.4962326 ,  0.24206744, -0.24773128,
       -0.1561457 ,  0.06308472, -0.06220185,  0.01363499, -0.00497033,
       -0.11777813, -0.15147358,  0.09323308, -0.19993818, -0.37825237,
        0.39470021]) 

Generation: 926 
 - Generation Avg Fit: 0.5134555596229665 
 - Best Fitness: 34.8407203543787
 - Best Solution: array([-0.03652435,  0.43557232, -0.34378842,  0.33950269,  0.35941164,
       -0.12422433,  0.36262979, -0.18102567, -0.19470047,  0.29105356,
       -0.34310094, -0.18805526, -0.16267104,  0.473271  ,  0.22564147,
        0.0081811 ,  0.12932816, -0.45692438, -0.39604867, -0.11061318,
       -0.22657866,  0.35143755, -0.4962326 ,  0.24206744, -0.24773128,
       -0.1561457 ,  0.06308472, -0.06220185,  0.01363499, -0.00497033,
       -0.11777813, -0.15147358,  0.09323308, -0.19993818, -0.37825237,
        0.39470021]) 

Generation: 927 
 - Generation Avg Fit: 0.5134555596229665 
 - Best Fitness: 34.8407203543787
 - Best Solution: array([-0.03652435,  0.43557232, -0.34378842,  0.33950269,  0.35941164,
       -0.12422433,  0.36262979, -0.18102567, -0.19470047,  0.29105356,
       -0.34310094, -0.18805526, -0.16267104,  0.473271  ,  0.22564147,
        0.0081811 ,  0.12932816, -0.45692438, -0.39604867, -0.11061318,
       -0.22657866,  0.35143755, -0.4962326 ,  0.24206744, -0.24773128,
       -0.1561457 ,  0.06308472, -0.06220185,  0.01363499, -0.00497033,
       -0.11777813, -0.15147358,  0.09323308, -0.19993818, -0.37825237,
        0.39470021]) 

Generation: 928 
 - Generation Avg Fit: 0.5134555596229665 
 - Best Fitness: 34.8407203543787
 - Best Solution: array([-0.03652435,  0.43557232, -0.34378842,  0.33950269,  0.35941164,
       -0.12422433,  0.36262979, -0.18102567, -0.19470047,  0.29105356,
       -0.34310094, -0.18805526, -0.16267104,  0.473271  ,  0.22564147,
        0.0081811 ,  0.12932816, -0.45692438, -0.39604867, -0.11061318,
       -0.22657866,  0.35143755, -0.4962326 ,  0.24206744, -0.24773128,
       -0.1561457 ,  0.06308472, -0.06220185,  0.01363499, -0.00497033,
       -0.11777813, -0.15147358,  0.09323308, -0.19993818, -0.37825237,
        0.39470021]) 

Generation: 929 
 - Generation Avg Fit: 0.5134555596229665 
 - Best Fitness: 34.8407203543787
 - Best Solution: array([-0.03652435,  0.43557232, -0.34378842,  0.33950269,  0.35941164,
       -0.12422433,  0.36262979, -0.18102567, -0.19470047,  0.29105356,
       -0.34310094, -0.18805526, -0.16267104,  0.473271  ,  0.22564147,
        0.0081811 ,  0.12932816, -0.45692438, -0.39604867, -0.11061318,
       -0.22657866,  0.35143755, -0.4962326 ,  0.24206744, -0.24773128,
       -0.1561457 ,  0.06308472, -0.06220185,  0.01363499, -0.00497033,
       -0.11777813, -0.15147358,  0.09323308, -0.19993818, -0.37825237,
        0.39470021]) 

Generation: 930 
 - Generation Avg Fit: 0.5134555596229665 
 - Best Fitness: 34.8407203543787
 - Best Solution: array([-0.03652435,  0.43557232, -0.34378842,  0.33950269,  0.35941164,
       -0.12422433,  0.36262979, -0.18102567, -0.19470047,  0.29105356,
       -0.34310094, -0.18805526, -0.16267104,  0.473271  ,  0.22564147,
        0.0081811 ,  0.12932816, -0.45692438, -0.39604867, -0.11061318,
       -0.22657866,  0.35143755, -0.4962326 ,  0.24206744, -0.24773128,
       -0.1561457 ,  0.06308472, -0.06220185,  0.01363499, -0.00497033,
       -0.11777813, -0.15147358,  0.09323308, -0.19993818, -0.37825237,
        0.39470021]) 

Generation: 931 
 - Generation Avg Fit: 0.5134555596229665 
 - Best Fitness: 34.8407203543787
 - Best Solution: array([-0.03652435,  0.43557232, -0.34378842,  0.33950269,  0.35941164,
       -0.12422433,  0.36262979, -0.18102567, -0.19470047,  0.29105356,
       -0.34310094, -0.18805526, -0.16267104,  0.473271  ,  0.22564147,
        0.0081811 ,  0.12932816, -0.45692438, -0.39604867, -0.11061318,
       -0.22657866,  0.35143755, -0.4962326 ,  0.24206744, -0.24773128,
       -0.1561457 ,  0.06308472, -0.06220185,  0.01363499, -0.00497033,
       -0.11777813, -0.15147358,  0.09323308, -0.19993818, -0.37825237,
        0.39470021]) 

Generation: 932 
 - Generation Avg Fit: 0.5134555596229665 
 - Best Fitness: 34.8407203543787
 - Best Solution: array([-0.03652435,  0.43557232, -0.34378842,  0.33950269,  0.35941164,
       -0.12422433,  0.36262979, -0.18102567, -0.19470047,  0.29105356,
       -0.34310094, -0.18805526, -0.16267104,  0.473271  ,  0.22564147,
        0.0081811 ,  0.12932816, -0.45692438, -0.39604867, -0.11061318,
       -0.22657866,  0.35143755, -0.4962326 ,  0.24206744, -0.24773128,
       -0.1561457 ,  0.06308472, -0.06220185,  0.01363499, -0.00497033,
       -0.11777813, -0.15147358,  0.09323308, -0.19993818, -0.37825237,
        0.39470021]) 

Generation: 933 
 - Generation Avg Fit: 0.5134555596229665 
 - Best Fitness: 34.8407203543787
 - Best Solution: array([-0.03652435,  0.43557232, -0.34378842,  0.33950269,  0.35941164,
       -0.12422433,  0.36262979, -0.18102567, -0.19470047,  0.29105356,
       -0.34310094, -0.18805526, -0.16267104,  0.473271  ,  0.22564147,
        0.0081811 ,  0.12932816, -0.45692438, -0.39604867, -0.11061318,
       -0.22657866,  0.35143755, -0.4962326 ,  0.24206744, -0.24773128,
       -0.1561457 ,  0.06308472, -0.06220185,  0.01363499, -0.00497033,
       -0.11777813, -0.15147358,  0.09323308, -0.19993818, -0.37825237,
        0.39470021]) 

Generation: 934 
 - Generation Avg Fit: 0.5134555596229665 
 - Best Fitness: 34.8407203543787
 - Best Solution: array([-0.03652435,  0.43557232, -0.34378842,  0.33950269,  0.35941164,
       -0.12422433,  0.36262979, -0.18102567, -0.19470047,  0.29105356,
       -0.34310094, -0.18805526, -0.16267104,  0.473271  ,  0.22564147,
        0.0081811 ,  0.12932816, -0.45692438, -0.39604867, -0.11061318,
       -0.22657866,  0.35143755, -0.4962326 ,  0.24206744, -0.24773128,
       -0.1561457 ,  0.06308472, -0.06220185,  0.01363499, -0.00497033,
       -0.11777813, -0.15147358,  0.09323308, -0.19993818, -0.37825237,
        0.39470021]) 

Generation: 935 
 - Generation Avg Fit: 0.5134555596229665 
 - Best Fitness: 34.8407203543787
 - Best Solution: array([-0.03652435,  0.43557232, -0.34378842,  0.33950269,  0.35941164,
       -0.12422433,  0.36262979, -0.18102567, -0.19470047,  0.29105356,
       -0.34310094, -0.18805526, -0.16267104,  0.473271  ,  0.22564147,
        0.0081811 ,  0.12932816, -0.45692438, -0.39604867, -0.11061318,
       -0.22657866,  0.35143755, -0.4962326 ,  0.24206744, -0.24773128,
       -0.1561457 ,  0.06308472, -0.06220185,  0.01363499, -0.00497033,
       -0.11777813, -0.15147358,  0.09323308, -0.19993818, -0.37825237,
        0.39470021]) 

Generation: 936 
 - Generation Avg Fit: 0.5134555596229665 
 - Best Fitness: 34.8407203543787
 - Best Solution: array([-0.03652435,  0.43557232, -0.34378842,  0.33950269,  0.35941164,
       -0.12422433,  0.36262979, -0.18102567, -0.19470047,  0.29105356,
       -0.34310094, -0.18805526, -0.16267104,  0.473271  ,  0.22564147,
        0.0081811 ,  0.12932816, -0.45692438, -0.39604867, -0.11061318,
       -0.22657866,  0.35143755, -0.4962326 ,  0.24206744, -0.24773128,
       -0.1561457 ,  0.06308472, -0.06220185,  0.01363499, -0.00497033,
       -0.11777813, -0.15147358,  0.09323308, -0.19993818, -0.37825237,
        0.39470021]) 

Generation: 937 
 - Generation Avg Fit: 0.5134555596229665 
 - Best Fitness: 34.8407203543787
 - Best Solution: array([-0.03652435,  0.43557232, -0.34378842,  0.33950269,  0.35941164,
       -0.12422433,  0.36262979, -0.18102567, -0.19470047,  0.29105356,
       -0.34310094, -0.18805526, -0.16267104,  0.473271  ,  0.22564147,
        0.0081811 ,  0.12932816, -0.45692438, -0.39604867, -0.11061318,
       -0.22657866,  0.35143755, -0.4962326 ,  0.24206744, -0.24773128,
       -0.1561457 ,  0.06308472, -0.06220185,  0.01363499, -0.00497033,
       -0.11777813, -0.15147358,  0.09323308, -0.19993818, -0.37825237,
        0.39470021]) 

Generation: 938 
 - Generation Avg Fit: 0.5134555596229665 
 - Best Fitness: 34.8407203543787
 - Best Solution: array([-0.03652435,  0.43557232, -0.34378842,  0.33950269,  0.35941164,
       -0.12422433,  0.36262979, -0.18102567, -0.19470047,  0.29105356,
       -0.34310094, -0.18805526, -0.16267104,  0.473271  ,  0.22564147,
        0.0081811 ,  0.12932816, -0.45692438, -0.39604867, -0.11061318,
       -0.22657866,  0.35143755, -0.4962326 ,  0.24206744, -0.24773128,
       -0.1561457 ,  0.06308472, -0.06220185,  0.01363499, -0.00497033,
       -0.11777813, -0.15147358,  0.09323308, -0.19993818, -0.37825237,
        0.39470021]) 

Generation: 939 
 - Generation Avg Fit: 0.5134555596229665 
 - Best Fitness: 34.8407203543787
 - Best Solution: array([-0.03652435,  0.43557232, -0.34378842,  0.33950269,  0.35941164,
       -0.12422433,  0.36262979, -0.18102567, -0.19470047,  0.29105356,
       -0.34310094, -0.18805526, -0.16267104,  0.473271  ,  0.22564147,
        0.0081811 ,  0.12932816, -0.45692438, -0.39604867, -0.11061318,
       -0.22657866,  0.35143755, -0.4962326 ,  0.24206744, -0.24773128,
       -0.1561457 ,  0.06308472, -0.06220185,  0.01363499, -0.00497033,
       -0.11777813, -0.15147358,  0.09323308, -0.19993818, -0.37825237,
        0.39470021]) 

Generation: 940 
 - Generation Avg Fit: 0.5134555596229665 
 - Best Fitness: 34.8407203543787
 - Best Solution: array([-0.03652435,  0.43557232, -0.34378842,  0.33950269,  0.35941164,
       -0.12422433,  0.36262979, -0.18102567, -0.19470047,  0.29105356,
       -0.34310094, -0.18805526, -0.16267104,  0.473271  ,  0.22564147,
        0.0081811 ,  0.12932816, -0.45692438, -0.39604867, -0.11061318,
       -0.22657866,  0.35143755, -0.4962326 ,  0.24206744, -0.24773128,
       -0.1561457 ,  0.06308472, -0.06220185,  0.01363499, -0.00497033,
       -0.11777813, -0.15147358,  0.09323308, -0.19993818, -0.37825237,
        0.39470021]) 

Generation: 941 
 - Generation Avg Fit: 0.5134555596229665 
 - Best Fitness: 34.8407203543787
 - Best Solution: array([-0.03652435,  0.43557232, -0.34378842,  0.33950269,  0.35941164,
       -0.12422433,  0.36262979, -0.18102567, -0.19470047,  0.29105356,
       -0.34310094, -0.18805526, -0.16267104,  0.473271  ,  0.22564147,
        0.0081811 ,  0.12932816, -0.45692438, -0.39604867, -0.11061318,
       -0.22657866,  0.35143755, -0.4962326 ,  0.24206744, -0.24773128,
       -0.1561457 ,  0.06308472, -0.06220185,  0.01363499, -0.00497033,
       -0.11777813, -0.15147358,  0.09323308, -0.19993818, -0.37825237,
        0.39470021]) 

Generation: 942 
 - Generation Avg Fit: 0.5134555596229665 
 - Best Fitness: 34.8407203543787
 - Best Solution: array([-0.03652435,  0.43557232, -0.34378842,  0.33950269,  0.35941164,
       -0.12422433,  0.36262979, -0.18102567, -0.19470047,  0.29105356,
       -0.34310094, -0.18805526, -0.16267104,  0.473271  ,  0.22564147,
        0.0081811 ,  0.12932816, -0.45692438, -0.39604867, -0.11061318,
       -0.22657866,  0.35143755, -0.4962326 ,  0.24206744, -0.24773128,
       -0.1561457 ,  0.06308472, -0.06220185,  0.01363499, -0.00497033,
       -0.11777813, -0.15147358,  0.09323308, -0.19993818, -0.37825237,
        0.39470021]) 

Generation: 943 
 - Generation Avg Fit: 0.5134555596229665 
 - Best Fitness: 34.8407203543787
 - Best Solution: array([-0.03652435,  0.43557232, -0.34378842,  0.33950269,  0.35941164,
       -0.12422433,  0.36262979, -0.18102567, -0.19470047,  0.29105356,
       -0.34310094, -0.18805526, -0.16267104,  0.473271  ,  0.22564147,
        0.0081811 ,  0.12932816, -0.45692438, -0.39604867, -0.11061318,
       -0.22657866,  0.35143755, -0.4962326 ,  0.24206744, -0.24773128,
       -0.1561457 ,  0.06308472, -0.06220185,  0.01363499, -0.00497033,
       -0.11777813, -0.15147358,  0.09323308, -0.19993818, -0.37825237,
        0.39470021]) 

Generation: 944 
 - Generation Avg Fit: 0.5134555596229665 
 - Best Fitness: 34.8407203543787
 - Best Solution: array([-0.03652435,  0.43557232, -0.34378842,  0.33950269,  0.35941164,
       -0.12422433,  0.36262979, -0.18102567, -0.19470047,  0.29105356,
       -0.34310094, -0.18805526, -0.16267104,  0.473271  ,  0.22564147,
        0.0081811 ,  0.12932816, -0.45692438, -0.39604867, -0.11061318,
       -0.22657866,  0.35143755, -0.4962326 ,  0.24206744, -0.24773128,
       -0.1561457 ,  0.06308472, -0.06220185,  0.01363499, -0.00497033,
       -0.11777813, -0.15147358,  0.09323308, -0.19993818, -0.37825237,
        0.39470021]) 

Generation: 945 
 - Generation Avg Fit: 0.5134555596229665 
 - Best Fitness: 34.8407203543787
 - Best Solution: array([-0.03652435,  0.43557232, -0.34378842,  0.33950269,  0.35941164,
       -0.12422433,  0.36262979, -0.18102567, -0.19470047,  0.29105356,
       -0.34310094, -0.18805526, -0.16267104,  0.473271  ,  0.22564147,
        0.0081811 ,  0.12932816, -0.45692438, -0.39604867, -0.11061318,
       -0.22657866,  0.35143755, -0.4962326 ,  0.24206744, -0.24773128,
       -0.1561457 ,  0.06308472, -0.06220185,  0.01363499, -0.00497033,
       -0.11777813, -0.15147358,  0.09323308, -0.19993818, -0.37825237,
        0.39470021]) 

Generation: 946 
 - Generation Avg Fit: 0.5134555596229665 
 - Best Fitness: 34.8407203543787
 - Best Solution: array([-0.03652435,  0.43557232, -0.34378842,  0.33950269,  0.35941164,
       -0.12422433,  0.36262979, -0.18102567, -0.19470047,  0.29105356,
       -0.34310094, -0.18805526, -0.16267104,  0.473271  ,  0.22564147,
        0.0081811 ,  0.12932816, -0.45692438, -0.39604867, -0.11061318,
       -0.22657866,  0.35143755, -0.4962326 ,  0.24206744, -0.24773128,
       -0.1561457 ,  0.06308472, -0.06220185,  0.01363499, -0.00497033,
       -0.11777813, -0.15147358,  0.09323308, -0.19993818, -0.37825237,
        0.39470021]) 

Generation: 947 
 - Generation Avg Fit: 0.5134555596229665 
 - Best Fitness: 34.8407203543787
 - Best Solution: array([-0.03652435,  0.43557232, -0.34378842,  0.33950269,  0.35941164,
       -0.12422433,  0.36262979, -0.18102567, -0.19470047,  0.29105356,
       -0.34310094, -0.18805526, -0.16267104,  0.473271  ,  0.22564147,
        0.0081811 ,  0.12932816, -0.45692438, -0.39604867, -0.11061318,
       -0.22657866,  0.35143755, -0.4962326 ,  0.24206744, -0.24773128,
       -0.1561457 ,  0.06308472, -0.06220185,  0.01363499, -0.00497033,
       -0.11777813, -0.15147358,  0.09323308, -0.19993818, -0.37825237,
        0.39470021]) 

Generation: 948 
 - Generation Avg Fit: 0.5134555596229665 
 - Best Fitness: 34.8407203543787
 - Best Solution: array([-0.03652435,  0.43557232, -0.34378842,  0.33950269,  0.35941164,
       -0.12422433,  0.36262979, -0.18102567, -0.19470047,  0.29105356,
       -0.34310094, -0.18805526, -0.16267104,  0.473271  ,  0.22564147,
        0.0081811 ,  0.12932816, -0.45692438, -0.39604867, -0.11061318,
       -0.22657866,  0.35143755, -0.4962326 ,  0.24206744, -0.24773128,
       -0.1561457 ,  0.06308472, -0.06220185,  0.01363499, -0.00497033,
       -0.11777813, -0.15147358,  0.09323308, -0.19993818, -0.37825237,
        0.39470021]) 

Generation: 949 
 - Generation Avg Fit: 0.5134555596229665 
 - Best Fitness: 34.8407203543787
 - Best Solution: array([-0.03652435,  0.43557232, -0.34378842,  0.33950269,  0.35941164,
       -0.12422433,  0.36262979, -0.18102567, -0.19470047,  0.29105356,
       -0.34310094, -0.18805526, -0.16267104,  0.473271  ,  0.22564147,
        0.0081811 ,  0.12932816, -0.45692438, -0.39604867, -0.11061318,
       -0.22657866,  0.35143755, -0.4962326 ,  0.24206744, -0.24773128,
       -0.1561457 ,  0.06308472, -0.06220185,  0.01363499, -0.00497033,
       -0.11777813, -0.15147358,  0.09323308, -0.19993818, -0.37825237,
        0.39470021]) 

Generation: 950 
 - Generation Avg Fit: 0.5134555596229665 
 - Best Fitness: 34.8407203543787
 - Best Solution: array([-0.03652435,  0.43557232, -0.34378842,  0.33950269,  0.35941164,
       -0.12422433,  0.36262979, -0.18102567, -0.19470047,  0.29105356,
       -0.34310094, -0.18805526, -0.16267104,  0.473271  ,  0.22564147,
        0.0081811 ,  0.12932816, -0.45692438, -0.39604867, -0.11061318,
       -0.22657866,  0.35143755, -0.4962326 ,  0.24206744, -0.24773128,
       -0.1561457 ,  0.06308472, -0.06220185,  0.01363499, -0.00497033,
       -0.11777813, -0.15147358,  0.09323308, -0.19993818, -0.37825237,
        0.39470021]) 

Generation: 951 
 - Generation Avg Fit: 0.5134555596229665 
 - Best Fitness: 34.8407203543787
 - Best Solution: array([-0.03652435,  0.43557232, -0.34378842,  0.33950269,  0.35941164,
       -0.12422433,  0.36262979, -0.18102567, -0.19470047,  0.29105356,
       -0.34310094, -0.18805526, -0.16267104,  0.473271  ,  0.22564147,
        0.0081811 ,  0.12932816, -0.45692438, -0.39604867, -0.11061318,
       -0.22657866,  0.35143755, -0.4962326 ,  0.24206744, -0.24773128,
       -0.1561457 ,  0.06308472, -0.06220185,  0.01363499, -0.00497033,
       -0.11777813, -0.15147358,  0.09323308, -0.19993818, -0.37825237,
        0.39470021]) 

Generation: 952 
 - Generation Avg Fit: 0.5134555596229665 
 - Best Fitness: 34.8407203543787
 - Best Solution: array([-0.03652435,  0.43557232, -0.34378842,  0.33950269,  0.35941164,
       -0.12422433,  0.36262979, -0.18102567, -0.19470047,  0.29105356,
       -0.34310094, -0.18805526, -0.16267104,  0.473271  ,  0.22564147,
        0.0081811 ,  0.12932816, -0.45692438, -0.39604867, -0.11061318,
       -0.22657866,  0.35143755, -0.4962326 ,  0.24206744, -0.24773128,
       -0.1561457 ,  0.06308472, -0.06220185,  0.01363499, -0.00497033,
       -0.11777813, -0.15147358,  0.09323308, -0.19993818, -0.37825237,
        0.39470021]) 

Generation: 953 
 - Generation Avg Fit: 0.5134555596229665 
 - Best Fitness: 34.8407203543787
 - Best Solution: array([-0.03652435,  0.43557232, -0.34378842,  0.33950269,  0.35941164,
       -0.12422433,  0.36262979, -0.18102567, -0.19470047,  0.29105356,
       -0.34310094, -0.18805526, -0.16267104,  0.473271  ,  0.22564147,
        0.0081811 ,  0.12932816, -0.45692438, -0.39604867, -0.11061318,
       -0.22657866,  0.35143755, -0.4962326 ,  0.24206744, -0.24773128,
       -0.1561457 ,  0.06308472, -0.06220185,  0.01363499, -0.00497033,
       -0.11777813, -0.15147358,  0.09323308, -0.19993818, -0.37825237,
        0.39470021]) 

Generation: 954 
 - Generation Avg Fit: 0.5134555596229665 
 - Best Fitness: 34.8407203543787
 - Best Solution: array([-0.03652435,  0.43557232, -0.34378842,  0.33950269,  0.35941164,
       -0.12422433,  0.36262979, -0.18102567, -0.19470047,  0.29105356,
       -0.34310094, -0.18805526, -0.16267104,  0.473271  ,  0.22564147,
        0.0081811 ,  0.12932816, -0.45692438, -0.39604867, -0.11061318,
       -0.22657866,  0.35143755, -0.4962326 ,  0.24206744, -0.24773128,
       -0.1561457 ,  0.06308472, -0.06220185,  0.01363499, -0.00497033,
       -0.11777813, -0.15147358,  0.09323308, -0.19993818, -0.37825237,
        0.39470021]) 

Generation: 955 
 - Generation Avg Fit: 0.5134555596229665 
 - Best Fitness: 34.8407203543787
 - Best Solution: array([-0.03652435,  0.43557232, -0.34378842,  0.33950269,  0.35941164,
       -0.12422433,  0.36262979, -0.18102567, -0.19470047,  0.29105356,
       -0.34310094, -0.18805526, -0.16267104,  0.473271  ,  0.22564147,
        0.0081811 ,  0.12932816, -0.45692438, -0.39604867, -0.11061318,
       -0.22657866,  0.35143755, -0.4962326 ,  0.24206744, -0.24773128,
       -0.1561457 ,  0.06308472, -0.06220185,  0.01363499, -0.00497033,
       -0.11777813, -0.15147358,  0.09323308, -0.19993818, -0.37825237,
        0.39470021]) 

Generation: 956 
 - Generation Avg Fit: 0.5134555596229665 
 - Best Fitness: 34.8407203543787
 - Best Solution: array([-0.03652435,  0.43557232, -0.34378842,  0.33950269,  0.35941164,
       -0.12422433,  0.36262979, -0.18102567, -0.19470047,  0.29105356,
       -0.34310094, -0.18805526, -0.16267104,  0.473271  ,  0.22564147,
        0.0081811 ,  0.12932816, -0.45692438, -0.39604867, -0.11061318,
       -0.22657866,  0.35143755, -0.4962326 ,  0.24206744, -0.24773128,
       -0.1561457 ,  0.06308472, -0.06220185,  0.01363499, -0.00497033,
       -0.11777813, -0.15147358,  0.09323308, -0.19993818, -0.37825237,
        0.39470021]) 

Generation: 957 
 - Generation Avg Fit: 0.5134555596229665 
 - Best Fitness: 34.8407203543787
 - Best Solution: array([-0.03652435,  0.43557232, -0.34378842,  0.33950269,  0.35941164,
       -0.12422433,  0.36262979, -0.18102567, -0.19470047,  0.29105356,
       -0.34310094, -0.18805526, -0.16267104,  0.473271  ,  0.22564147,
        0.0081811 ,  0.12932816, -0.45692438, -0.39604867, -0.11061318,
       -0.22657866,  0.35143755, -0.4962326 ,  0.24206744, -0.24773128,
       -0.1561457 ,  0.06308472, -0.06220185,  0.01363499, -0.00497033,
       -0.11777813, -0.15147358,  0.09323308, -0.19993818, -0.37825237,
        0.39470021]) 

Generation: 958 
 - Generation Avg Fit: 0.5134555596229665 
 - Best Fitness: 34.8407203543787
 - Best Solution: array([-0.03652435,  0.43557232, -0.34378842,  0.33950269,  0.35941164,
       -0.12422433,  0.36262979, -0.18102567, -0.19470047,  0.29105356,
       -0.34310094, -0.18805526, -0.16267104,  0.473271  ,  0.22564147,
        0.0081811 ,  0.12932816, -0.45692438, -0.39604867, -0.11061318,
       -0.22657866,  0.35143755, -0.4962326 ,  0.24206744, -0.24773128,
       -0.1561457 ,  0.06308472, -0.06220185,  0.01363499, -0.00497033,
       -0.11777813, -0.15147358,  0.09323308, -0.19993818, -0.37825237,
        0.39470021]) 

Generation: 959 
 - Generation Avg Fit: 0.5134555596229665 
 - Best Fitness: 34.8407203543787
 - Best Solution: array([-0.03652435,  0.43557232, -0.34378842,  0.33950269,  0.35941164,
       -0.12422433,  0.36262979, -0.18102567, -0.19470047,  0.29105356,
       -0.34310094, -0.18805526, -0.16267104,  0.473271  ,  0.22564147,
        0.0081811 ,  0.12932816, -0.45692438, -0.39604867, -0.11061318,
       -0.22657866,  0.35143755, -0.4962326 ,  0.24206744, -0.24773128,
       -0.1561457 ,  0.06308472, -0.06220185,  0.01363499, -0.00497033,
       -0.11777813, -0.15147358,  0.09323308, -0.19993818, -0.37825237,
        0.39470021]) 

Generation: 960 
 - Generation Avg Fit: 0.5134555596229665 
 - Best Fitness: 34.8407203543787
 - Best Solution: array([-0.03652435,  0.43557232, -0.34378842,  0.33950269,  0.35941164,
       -0.12422433,  0.36262979, -0.18102567, -0.19470047,  0.29105356,
       -0.34310094, -0.18805526, -0.16267104,  0.473271  ,  0.22564147,
        0.0081811 ,  0.12932816, -0.45692438, -0.39604867, -0.11061318,
       -0.22657866,  0.35143755, -0.4962326 ,  0.24206744, -0.24773128,
       -0.1561457 ,  0.06308472, -0.06220185,  0.01363499, -0.00497033,
       -0.11777813, -0.15147358,  0.09323308, -0.19993818, -0.37825237,
        0.39470021]) 

Generation: 961 
 - Generation Avg Fit: 0.5134555596229665 
 - Best Fitness: 34.8407203543787
 - Best Solution: array([-0.03652435,  0.43557232, -0.34378842,  0.33950269,  0.35941164,
       -0.12422433,  0.36262979, -0.18102567, -0.19470047,  0.29105356,
       -0.34310094, -0.18805526, -0.16267104,  0.473271  ,  0.22564147,
        0.0081811 ,  0.12932816, -0.45692438, -0.39604867, -0.11061318,
       -0.22657866,  0.35143755, -0.4962326 ,  0.24206744, -0.24773128,
       -0.1561457 ,  0.06308472, -0.06220185,  0.01363499, -0.00497033,
       -0.11777813, -0.15147358,  0.09323308, -0.19993818, -0.37825237,
        0.39470021]) 

Generation: 962 
 - Generation Avg Fit: 0.5134555596229665 
 - Best Fitness: 34.8407203543787
 - Best Solution: array([-0.03652435,  0.43557232, -0.34378842,  0.33950269,  0.35941164,
       -0.12422433,  0.36262979, -0.18102567, -0.19470047,  0.29105356,
       -0.34310094, -0.18805526, -0.16267104,  0.473271  ,  0.22564147,
        0.0081811 ,  0.12932816, -0.45692438, -0.39604867, -0.11061318,
       -0.22657866,  0.35143755, -0.4962326 ,  0.24206744, -0.24773128,
       -0.1561457 ,  0.06308472, -0.06220185,  0.01363499, -0.00497033,
       -0.11777813, -0.15147358,  0.09323308, -0.19993818, -0.37825237,
        0.39470021]) 

Generation: 963 
 - Generation Avg Fit: 0.5134555596229665 
 - Best Fitness: 34.8407203543787
 - Best Solution: array([-0.03652435,  0.43557232, -0.34378842,  0.33950269,  0.35941164,
       -0.12422433,  0.36262979, -0.18102567, -0.19470047,  0.29105356,
       -0.34310094, -0.18805526, -0.16267104,  0.473271  ,  0.22564147,
        0.0081811 ,  0.12932816, -0.45692438, -0.39604867, -0.11061318,
       -0.22657866,  0.35143755, -0.4962326 ,  0.24206744, -0.24773128,
       -0.1561457 ,  0.06308472, -0.06220185,  0.01363499, -0.00497033,
       -0.11777813, -0.15147358,  0.09323308, -0.19993818, -0.37825237,
        0.39470021]) 

Generation: 964 
 - Generation Avg Fit: 0.5134555596229665 
 - Best Fitness: 34.8407203543787
 - Best Solution: array([-0.03652435,  0.43557232, -0.34378842,  0.33950269,  0.35941164,
       -0.12422433,  0.36262979, -0.18102567, -0.19470047,  0.29105356,
       -0.34310094, -0.18805526, -0.16267104,  0.473271  ,  0.22564147,
        0.0081811 ,  0.12932816, -0.45692438, -0.39604867, -0.11061318,
       -0.22657866,  0.35143755, -0.4962326 ,  0.24206744, -0.24773128,
       -0.1561457 ,  0.06308472, -0.06220185,  0.01363499, -0.00497033,
       -0.11777813, -0.15147358,  0.09323308, -0.19993818, -0.37825237,
        0.39470021]) 

Generation: 965 
 - Generation Avg Fit: 0.5134555596229665 
 - Best Fitness: 34.8407203543787
 - Best Solution: array([-0.03652435,  0.43557232, -0.34378842,  0.33950269,  0.35941164,
       -0.12422433,  0.36262979, -0.18102567, -0.19470047,  0.29105356,
       -0.34310094, -0.18805526, -0.16267104,  0.473271  ,  0.22564147,
        0.0081811 ,  0.12932816, -0.45692438, -0.39604867, -0.11061318,
       -0.22657866,  0.35143755, -0.4962326 ,  0.24206744, -0.24773128,
       -0.1561457 ,  0.06308472, -0.06220185,  0.01363499, -0.00497033,
       -0.11777813, -0.15147358,  0.09323308, -0.19993818, -0.37825237,
        0.39470021]) 

Generation: 966 
 - Generation Avg Fit: 0.5134555596229665 
 - Best Fitness: 34.8407203543787
 - Best Solution: array([-0.03652435,  0.43557232, -0.34378842,  0.33950269,  0.35941164,
       -0.12422433,  0.36262979, -0.18102567, -0.19470047,  0.29105356,
       -0.34310094, -0.18805526, -0.16267104,  0.473271  ,  0.22564147,
        0.0081811 ,  0.12932816, -0.45692438, -0.39604867, -0.11061318,
       -0.22657866,  0.35143755, -0.4962326 ,  0.24206744, -0.24773128,
       -0.1561457 ,  0.06308472, -0.06220185,  0.01363499, -0.00497033,
       -0.11777813, -0.15147358,  0.09323308, -0.19993818, -0.37825237,
        0.39470021]) 

Generation: 967 
 - Generation Avg Fit: 0.5134555596229665 
 - Best Fitness: 34.8407203543787
 - Best Solution: array([-0.03652435,  0.43557232, -0.34378842,  0.33950269,  0.35941164,
       -0.12422433,  0.36262979, -0.18102567, -0.19470047,  0.29105356,
       -0.34310094, -0.18805526, -0.16267104,  0.473271  ,  0.22564147,
        0.0081811 ,  0.12932816, -0.45692438, -0.39604867, -0.11061318,
       -0.22657866,  0.35143755, -0.4962326 ,  0.24206744, -0.24773128,
       -0.1561457 ,  0.06308472, -0.06220185,  0.01363499, -0.00497033,
       -0.11777813, -0.15147358,  0.09323308, -0.19993818, -0.37825237,
        0.39470021]) 

Generation: 968 
 - Generation Avg Fit: 0.5134555596229665 
 - Best Fitness: 34.8407203543787
 - Best Solution: array([-0.03652435,  0.43557232, -0.34378842,  0.33950269,  0.35941164,
       -0.12422433,  0.36262979, -0.18102567, -0.19470047,  0.29105356,
       -0.34310094, -0.18805526, -0.16267104,  0.473271  ,  0.22564147,
        0.0081811 ,  0.12932816, -0.45692438, -0.39604867, -0.11061318,
       -0.22657866,  0.35143755, -0.4962326 ,  0.24206744, -0.24773128,
       -0.1561457 ,  0.06308472, -0.06220185,  0.01363499, -0.00497033,
       -0.11777813, -0.15147358,  0.09323308, -0.19993818, -0.37825237,
        0.39470021]) 

Generation: 969 
 - Generation Avg Fit: 0.5134555596229665 
 - Best Fitness: 34.8407203543787
 - Best Solution: array([-0.03652435,  0.43557232, -0.34378842,  0.33950269,  0.35941164,
       -0.12422433,  0.36262979, -0.18102567, -0.19470047,  0.29105356,
       -0.34310094, -0.18805526, -0.16267104,  0.473271  ,  0.22564147,
        0.0081811 ,  0.12932816, -0.45692438, -0.39604867, -0.11061318,
       -0.22657866,  0.35143755, -0.4962326 ,  0.24206744, -0.24773128,
       -0.1561457 ,  0.06308472, -0.06220185,  0.01363499, -0.00497033,
       -0.11777813, -0.15147358,  0.09323308, -0.19993818, -0.37825237,
        0.39470021]) 

Generation: 970 
 - Generation Avg Fit: 0.5134555596229665 
 - Best Fitness: 34.8407203543787
 - Best Solution: array([-0.03652435,  0.43557232, -0.34378842,  0.33950269,  0.35941164,
       -0.12422433,  0.36262979, -0.18102567, -0.19470047,  0.29105356,
       -0.34310094, -0.18805526, -0.16267104,  0.473271  ,  0.22564147,
        0.0081811 ,  0.12932816, -0.45692438, -0.39604867, -0.11061318,
       -0.22657866,  0.35143755, -0.4962326 ,  0.24206744, -0.24773128,
       -0.1561457 ,  0.06308472, -0.06220185,  0.01363499, -0.00497033,
       -0.11777813, -0.15147358,  0.09323308, -0.19993818, -0.37825237,
        0.39470021]) 

Generation: 971 
 - Generation Avg Fit: 0.5134555596229665 
 - Best Fitness: 34.8407203543787
 - Best Solution: array([-0.03652435,  0.43557232, -0.34378842,  0.33950269,  0.35941164,
       -0.12422433,  0.36262979, -0.18102567, -0.19470047,  0.29105356,
       -0.34310094, -0.18805526, -0.16267104,  0.473271  ,  0.22564147,
        0.0081811 ,  0.12932816, -0.45692438, -0.39604867, -0.11061318,
       -0.22657866,  0.35143755, -0.4962326 ,  0.24206744, -0.24773128,
       -0.1561457 ,  0.06308472, -0.06220185,  0.01363499, -0.00497033,
       -0.11777813, -0.15147358,  0.09323308, -0.19993818, -0.37825237,
        0.39470021]) 

Generation: 972 
 - Generation Avg Fit: 0.5134555596229665 
 - Best Fitness: 34.8407203543787
 - Best Solution: array([-0.03652435,  0.43557232, -0.34378842,  0.33950269,  0.35941164,
       -0.12422433,  0.36262979, -0.18102567, -0.19470047,  0.29105356,
       -0.34310094, -0.18805526, -0.16267104,  0.473271  ,  0.22564147,
        0.0081811 ,  0.12932816, -0.45692438, -0.39604867, -0.11061318,
       -0.22657866,  0.35143755, -0.4962326 ,  0.24206744, -0.24773128,
       -0.1561457 ,  0.06308472, -0.06220185,  0.01363499, -0.00497033,
       -0.11777813, -0.15147358,  0.09323308, -0.19993818, -0.37825237,
        0.39470021]) 

Generation: 973 
 - Generation Avg Fit: 0.5134555596229665 
 - Best Fitness: 34.8407203543787
 - Best Solution: array([-0.03652435,  0.43557232, -0.34378842,  0.33950269,  0.35941164,
       -0.12422433,  0.36262979, -0.18102567, -0.19470047,  0.29105356,
       -0.34310094, -0.18805526, -0.16267104,  0.473271  ,  0.22564147,
        0.0081811 ,  0.12932816, -0.45692438, -0.39604867, -0.11061318,
       -0.22657866,  0.35143755, -0.4962326 ,  0.24206744, -0.24773128,
       -0.1561457 ,  0.06308472, -0.06220185,  0.01363499, -0.00497033,
       -0.11777813, -0.15147358,  0.09323308, -0.19993818, -0.37825237,
        0.39470021]) 

Generation: 974 
 - Generation Avg Fit: 0.5134555596229665 
 - Best Fitness: 34.8407203543787
 - Best Solution: array([-0.03652435,  0.43557232, -0.34378842,  0.33950269,  0.35941164,
       -0.12422433,  0.36262979, -0.18102567, -0.19470047,  0.29105356,
       -0.34310094, -0.18805526, -0.16267104,  0.473271  ,  0.22564147,
        0.0081811 ,  0.12932816, -0.45692438, -0.39604867, -0.11061318,
       -0.22657866,  0.35143755, -0.4962326 ,  0.24206744, -0.24773128,
       -0.1561457 ,  0.06308472, -0.06220185,  0.01363499, -0.00497033,
       -0.11777813, -0.15147358,  0.09323308, -0.19993818, -0.37825237,
        0.39470021]) 

Generation: 975 
 - Generation Avg Fit: 0.5134555596229665 
 - Best Fitness: 34.8407203543787
 - Best Solution: array([-0.03652435,  0.43557232, -0.34378842,  0.33950269,  0.35941164,
       -0.12422433,  0.36262979, -0.18102567, -0.19470047,  0.29105356,
       -0.34310094, -0.18805526, -0.16267104,  0.473271  ,  0.22564147,
        0.0081811 ,  0.12932816, -0.45692438, -0.39604867, -0.11061318,
       -0.22657866,  0.35143755, -0.4962326 ,  0.24206744, -0.24773128,
       -0.1561457 ,  0.06308472, -0.06220185,  0.01363499, -0.00497033,
       -0.11777813, -0.15147358,  0.09323308, -0.19993818, -0.37825237,
        0.39470021]) 

Generation: 976 
 - Generation Avg Fit: 0.5134555596229665 
 - Best Fitness: 34.8407203543787
 - Best Solution: array([-0.03652435,  0.43557232, -0.34378842,  0.33950269,  0.35941164,
       -0.12422433,  0.36262979, -0.18102567, -0.19470047,  0.29105356,
       -0.34310094, -0.18805526, -0.16267104,  0.473271  ,  0.22564147,
        0.0081811 ,  0.12932816, -0.45692438, -0.39604867, -0.11061318,
       -0.22657866,  0.35143755, -0.4962326 ,  0.24206744, -0.24773128,
       -0.1561457 ,  0.06308472, -0.06220185,  0.01363499, -0.00497033,
       -0.11777813, -0.15147358,  0.09323308, -0.19993818, -0.37825237,
        0.39470021]) 

Generation: 977 
 - Generation Avg Fit: 0.5134555596229665 
 - Best Fitness: 34.8407203543787
 - Best Solution: array([-0.03652435,  0.43557232, -0.34378842,  0.33950269,  0.35941164,
       -0.12422433,  0.36262979, -0.18102567, -0.19470047,  0.29105356,
       -0.34310094, -0.18805526, -0.16267104,  0.473271  ,  0.22564147,
        0.0081811 ,  0.12932816, -0.45692438, -0.39604867, -0.11061318,
       -0.22657866,  0.35143755, -0.4962326 ,  0.24206744, -0.24773128,
       -0.1561457 ,  0.06308472, -0.06220185,  0.01363499, -0.00497033,
       -0.11777813, -0.15147358,  0.09323308, -0.19993818, -0.37825237,
        0.39470021]) 

Generation: 978 
 - Generation Avg Fit: 0.5134555596229665 
 - Best Fitness: 34.8407203543787
 - Best Solution: array([-0.03652435,  0.43557232, -0.34378842,  0.33950269,  0.35941164,
       -0.12422433,  0.36262979, -0.18102567, -0.19470047,  0.29105356,
       -0.34310094, -0.18805526, -0.16267104,  0.473271  ,  0.22564147,
        0.0081811 ,  0.12932816, -0.45692438, -0.39604867, -0.11061318,
       -0.22657866,  0.35143755, -0.4962326 ,  0.24206744, -0.24773128,
       -0.1561457 ,  0.06308472, -0.06220185,  0.01363499, -0.00497033,
       -0.11777813, -0.15147358,  0.09323308, -0.19993818, -0.37825237,
        0.39470021]) 

Generation: 979 
 - Generation Avg Fit: 0.5134555596229665 
 - Best Fitness: 34.8407203543787
 - Best Solution: array([-0.03652435,  0.43557232, -0.34378842,  0.33950269,  0.35941164,
       -0.12422433,  0.36262979, -0.18102567, -0.19470047,  0.29105356,
       -0.34310094, -0.18805526, -0.16267104,  0.473271  ,  0.22564147,
        0.0081811 ,  0.12932816, -0.45692438, -0.39604867, -0.11061318,
       -0.22657866,  0.35143755, -0.4962326 ,  0.24206744, -0.24773128,
       -0.1561457 ,  0.06308472, -0.06220185,  0.01363499, -0.00497033,
       -0.11777813, -0.15147358,  0.09323308, -0.19993818, -0.37825237,
        0.39470021]) 

Generation: 980 
 - Generation Avg Fit: 0.5134555596229665 
 - Best Fitness: 34.8407203543787
 - Best Solution: array([-0.03652435,  0.43557232, -0.34378842,  0.33950269,  0.35941164,
       -0.12422433,  0.36262979, -0.18102567, -0.19470047,  0.29105356,
       -0.34310094, -0.18805526, -0.16267104,  0.473271  ,  0.22564147,
        0.0081811 ,  0.12932816, -0.45692438, -0.39604867, -0.11061318,
       -0.22657866,  0.35143755, -0.4962326 ,  0.24206744, -0.24773128,
       -0.1561457 ,  0.06308472, -0.06220185,  0.01363499, -0.00497033,
       -0.11777813, -0.15147358,  0.09323308, -0.19993818, -0.37825237,
        0.39470021]) 

Generation: 981 
 - Generation Avg Fit: 0.5134555596229665 
 - Best Fitness: 34.8407203543787
 - Best Solution: array([-0.03652435,  0.43557232, -0.34378842,  0.33950269,  0.35941164,
       -0.12422433,  0.36262979, -0.18102567, -0.19470047,  0.29105356,
       -0.34310094, -0.18805526, -0.16267104,  0.473271  ,  0.22564147,
        0.0081811 ,  0.12932816, -0.45692438, -0.39604867, -0.11061318,
       -0.22657866,  0.35143755, -0.4962326 ,  0.24206744, -0.24773128,
       -0.1561457 ,  0.06308472, -0.06220185,  0.01363499, -0.00497033,
       -0.11777813, -0.15147358,  0.09323308, -0.19993818, -0.37825237,
        0.39470021]) 

Generation: 982 
 - Generation Avg Fit: 0.5134555596229665 
 - Best Fitness: 34.8407203543787
 - Best Solution: array([-0.03652435,  0.43557232, -0.34378842,  0.33950269,  0.35941164,
       -0.12422433,  0.36262979, -0.18102567, -0.19470047,  0.29105356,
       -0.34310094, -0.18805526, -0.16267104,  0.473271  ,  0.22564147,
        0.0081811 ,  0.12932816, -0.45692438, -0.39604867, -0.11061318,
       -0.22657866,  0.35143755, -0.4962326 ,  0.24206744, -0.24773128,
       -0.1561457 ,  0.06308472, -0.06220185,  0.01363499, -0.00497033,
       -0.11777813, -0.15147358,  0.09323308, -0.19993818, -0.37825237,
        0.39470021]) 

Generation: 983 
 - Generation Avg Fit: 0.5134555596229665 
 - Best Fitness: 34.8407203543787
 - Best Solution: array([-0.03652435,  0.43557232, -0.34378842,  0.33950269,  0.35941164,
       -0.12422433,  0.36262979, -0.18102567, -0.19470047,  0.29105356,
       -0.34310094, -0.18805526, -0.16267104,  0.473271  ,  0.22564147,
        0.0081811 ,  0.12932816, -0.45692438, -0.39604867, -0.11061318,
       -0.22657866,  0.35143755, -0.4962326 ,  0.24206744, -0.24773128,
       -0.1561457 ,  0.06308472, -0.06220185,  0.01363499, -0.00497033,
       -0.11777813, -0.15147358,  0.09323308, -0.19993818, -0.37825237,
        0.39470021]) 

Generation: 984 
 - Generation Avg Fit: 0.5134555596229665 
 - Best Fitness: 34.8407203543787
 - Best Solution: array([-0.03652435,  0.43557232, -0.34378842,  0.33950269,  0.35941164,
       -0.12422433,  0.36262979, -0.18102567, -0.19470047,  0.29105356,
       -0.34310094, -0.18805526, -0.16267104,  0.473271  ,  0.22564147,
        0.0081811 ,  0.12932816, -0.45692438, -0.39604867, -0.11061318,
       -0.22657866,  0.35143755, -0.4962326 ,  0.24206744, -0.24773128,
       -0.1561457 ,  0.06308472, -0.06220185,  0.01363499, -0.00497033,
       -0.11777813, -0.15147358,  0.09323308, -0.19993818, -0.37825237,
        0.39470021]) 

Generation: 985 
 - Generation Avg Fit: 0.5134555596229665 
 - Best Fitness: 34.8407203543787
 - Best Solution: array([-0.03652435,  0.43557232, -0.34378842,  0.33950269,  0.35941164,
       -0.12422433,  0.36262979, -0.18102567, -0.19470047,  0.29105356,
       -0.34310094, -0.18805526, -0.16267104,  0.473271  ,  0.22564147,
        0.0081811 ,  0.12932816, -0.45692438, -0.39604867, -0.11061318,
       -0.22657866,  0.35143755, -0.4962326 ,  0.24206744, -0.24773128,
       -0.1561457 ,  0.06308472, -0.06220185,  0.01363499, -0.00497033,
       -0.11777813, -0.15147358,  0.09323308, -0.19993818, -0.37825237,
        0.39470021]) 

Generation: 986 
 - Generation Avg Fit: 0.5134555596229665 
 - Best Fitness: 34.8407203543787
 - Best Solution: array([-0.03652435,  0.43557232, -0.34378842,  0.33950269,  0.35941164,
       -0.12422433,  0.36262979, -0.18102567, -0.19470047,  0.29105356,
       -0.34310094, -0.18805526, -0.16267104,  0.473271  ,  0.22564147,
        0.0081811 ,  0.12932816, -0.45692438, -0.39604867, -0.11061318,
       -0.22657866,  0.35143755, -0.4962326 ,  0.24206744, -0.24773128,
       -0.1561457 ,  0.06308472, -0.06220185,  0.01363499, -0.00497033,
       -0.11777813, -0.15147358,  0.09323308, -0.19993818, -0.37825237,
        0.39470021]) 

Generation: 987 
 - Generation Avg Fit: 0.5134555596229665 
 - Best Fitness: 34.8407203543787
 - Best Solution: array([-0.03652435,  0.43557232, -0.34378842,  0.33950269,  0.35941164,
       -0.12422433,  0.36262979, -0.18102567, -0.19470047,  0.29105356,
       -0.34310094, -0.18805526, -0.16267104,  0.473271  ,  0.22564147,
        0.0081811 ,  0.12932816, -0.45692438, -0.39604867, -0.11061318,
       -0.22657866,  0.35143755, -0.4962326 ,  0.24206744, -0.24773128,
       -0.1561457 ,  0.06308472, -0.06220185,  0.01363499, -0.00497033,
       -0.11777813, -0.15147358,  0.09323308, -0.19993818, -0.37825237,
        0.39470021]) 

Generation: 988 
 - Generation Avg Fit: 0.5134555596229665 
 - Best Fitness: 34.8407203543787
 - Best Solution: array([-0.03652435,  0.43557232, -0.34378842,  0.33950269,  0.35941164,
       -0.12422433,  0.36262979, -0.18102567, -0.19470047,  0.29105356,
       -0.34310094, -0.18805526, -0.16267104,  0.473271  ,  0.22564147,
        0.0081811 ,  0.12932816, -0.45692438, -0.39604867, -0.11061318,
       -0.22657866,  0.35143755, -0.4962326 ,  0.24206744, -0.24773128,
       -0.1561457 ,  0.06308472, -0.06220185,  0.01363499, -0.00497033,
       -0.11777813, -0.15147358,  0.09323308, -0.19993818, -0.37825237,
        0.39470021]) 

Generation: 989 
 - Generation Avg Fit: 0.5134555596229665 
 - Best Fitness: 34.8407203543787
 - Best Solution: array([-0.03652435,  0.43557232, -0.34378842,  0.33950269,  0.35941164,
       -0.12422433,  0.36262979, -0.18102567, -0.19470047,  0.29105356,
       -0.34310094, -0.18805526, -0.16267104,  0.473271  ,  0.22564147,
        0.0081811 ,  0.12932816, -0.45692438, -0.39604867, -0.11061318,
       -0.22657866,  0.35143755, -0.4962326 ,  0.24206744, -0.24773128,
       -0.1561457 ,  0.06308472, -0.06220185,  0.01363499, -0.00497033,
       -0.11777813, -0.15147358,  0.09323308, -0.19993818, -0.37825237,
        0.39470021]) 

Generation: 990 
 - Generation Avg Fit: 0.5134555596229665 
 - Best Fitness: 34.8407203543787
 - Best Solution: array([-0.03652435,  0.43557232, -0.34378842,  0.33950269,  0.35941164,
       -0.12422433,  0.36262979, -0.18102567, -0.19470047,  0.29105356,
       -0.34310094, -0.18805526, -0.16267104,  0.473271  ,  0.22564147,
        0.0081811 ,  0.12932816, -0.45692438, -0.39604867, -0.11061318,
       -0.22657866,  0.35143755, -0.4962326 ,  0.24206744, -0.24773128,
       -0.1561457 ,  0.06308472, -0.06220185,  0.01363499, -0.00497033,
       -0.11777813, -0.15147358,  0.09323308, -0.19993818, -0.37825237,
        0.39470021]) 

Generation: 991 
 - Generation Avg Fit: 0.5134555596229665 
 - Best Fitness: 34.8407203543787
 - Best Solution: array([-0.03652435,  0.43557232, -0.34378842,  0.33950269,  0.35941164,
       -0.12422433,  0.36262979, -0.18102567, -0.19470047,  0.29105356,
       -0.34310094, -0.18805526, -0.16267104,  0.473271  ,  0.22564147,
        0.0081811 ,  0.12932816, -0.45692438, -0.39604867, -0.11061318,
       -0.22657866,  0.35143755, -0.4962326 ,  0.24206744, -0.24773128,
       -0.1561457 ,  0.06308472, -0.06220185,  0.01363499, -0.00497033,
       -0.11777813, -0.15147358,  0.09323308, -0.19993818, -0.37825237,
        0.39470021]) 

Generation: 992 
 - Generation Avg Fit: 0.5134555596229665 
 - Best Fitness: 34.8407203543787
 - Best Solution: array([-0.03652435,  0.43557232, -0.34378842,  0.33950269,  0.35941164,
       -0.12422433,  0.36262979, -0.18102567, -0.19470047,  0.29105356,
       -0.34310094, -0.18805526, -0.16267104,  0.473271  ,  0.22564147,
        0.0081811 ,  0.12932816, -0.45692438, -0.39604867, -0.11061318,
       -0.22657866,  0.35143755, -0.4962326 ,  0.24206744, -0.24773128,
       -0.1561457 ,  0.06308472, -0.06220185,  0.01363499, -0.00497033,
       -0.11777813, -0.15147358,  0.09323308, -0.19993818, -0.37825237,
        0.39470021]) 

Generation: 993 
 - Generation Avg Fit: 0.5134555596229665 
 - Best Fitness: 34.8407203543787
 - Best Solution: array([-0.03652435,  0.43557232, -0.34378842,  0.33950269,  0.35941164,
       -0.12422433,  0.36262979, -0.18102567, -0.19470047,  0.29105356,
       -0.34310094, -0.18805526, -0.16267104,  0.473271  ,  0.22564147,
        0.0081811 ,  0.12932816, -0.45692438, -0.39604867, -0.11061318,
       -0.22657866,  0.35143755, -0.4962326 ,  0.24206744, -0.24773128,
       -0.1561457 ,  0.06308472, -0.06220185,  0.01363499, -0.00497033,
       -0.11777813, -0.15147358,  0.09323308, -0.19993818, -0.37825237,
        0.39470021]) 

Generation: 994 
 - Generation Avg Fit: 0.5134555596229665 
 - Best Fitness: 34.8407203543787
 - Best Solution: array([-0.03652435,  0.43557232, -0.34378842,  0.33950269,  0.35941164,
       -0.12422433,  0.36262979, -0.18102567, -0.19470047,  0.29105356,
       -0.34310094, -0.18805526, -0.16267104,  0.473271  ,  0.22564147,
        0.0081811 ,  0.12932816, -0.45692438, -0.39604867, -0.11061318,
       -0.22657866,  0.35143755, -0.4962326 ,  0.24206744, -0.24773128,
       -0.1561457 ,  0.06308472, -0.06220185,  0.01363499, -0.00497033,
       -0.11777813, -0.15147358,  0.09323308, -0.19993818, -0.37825237,
        0.39470021]) 

Generation: 995 
 - Generation Avg Fit: 0.5134555596229665 
 - Best Fitness: 34.8407203543787
 - Best Solution: array([-0.03652435,  0.43557232, -0.34378842,  0.33950269,  0.35941164,
       -0.12422433,  0.36262979, -0.18102567, -0.19470047,  0.29105356,
       -0.34310094, -0.18805526, -0.16267104,  0.473271  ,  0.22564147,
        0.0081811 ,  0.12932816, -0.45692438, -0.39604867, -0.11061318,
       -0.22657866,  0.35143755, -0.4962326 ,  0.24206744, -0.24773128,
       -0.1561457 ,  0.06308472, -0.06220185,  0.01363499, -0.00497033,
       -0.11777813, -0.15147358,  0.09323308, -0.19993818, -0.37825237,
        0.39470021]) 

Generation: 996 
 - Generation Avg Fit: 0.5134555596229665 
 - Best Fitness: 34.8407203543787
 - Best Solution: array([-0.03652435,  0.43557232, -0.34378842,  0.33950269,  0.35941164,
       -0.12422433,  0.36262979, -0.18102567, -0.19470047,  0.29105356,
       -0.34310094, -0.18805526, -0.16267104,  0.473271  ,  0.22564147,
        0.0081811 ,  0.12932816, -0.45692438, -0.39604867, -0.11061318,
       -0.22657866,  0.35143755, -0.4962326 ,  0.24206744, -0.24773128,
       -0.1561457 ,  0.06308472, -0.06220185,  0.01363499, -0.00497033,
       -0.11777813, -0.15147358,  0.09323308, -0.19993818, -0.37825237,
        0.39470021]) 

Generation: 997 
 - Generation Avg Fit: 0.5134555596229665 
 - Best Fitness: 34.8407203543787
 - Best Solution: array([-0.03652435,  0.43557232, -0.34378842,  0.33950269,  0.35941164,
       -0.12422433,  0.36262979, -0.18102567, -0.19470047,  0.29105356,
       -0.34310094, -0.18805526, -0.16267104,  0.473271  ,  0.22564147,
        0.0081811 ,  0.12932816, -0.45692438, -0.39604867, -0.11061318,
       -0.22657866,  0.35143755, -0.4962326 ,  0.24206744, -0.24773128,
       -0.1561457 ,  0.06308472, -0.06220185,  0.01363499, -0.00497033,
       -0.11777813, -0.15147358,  0.09323308, -0.19993818, -0.37825237,
        0.39470021]) 

Generation: 998 
 - Generation Avg Fit: 0.5134555596229665 
 - Best Fitness: 34.8407203543787
 - Best Solution: array([-0.03652435,  0.43557232, -0.34378842,  0.33950269,  0.35941164,
       -0.12422433,  0.36262979, -0.18102567, -0.19470047,  0.29105356,
       -0.34310094, -0.18805526, -0.16267104,  0.473271  ,  0.22564147,
        0.0081811 ,  0.12932816, -0.45692438, -0.39604867, -0.11061318,
       -0.22657866,  0.35143755, -0.4962326 ,  0.24206744, -0.24773128,
       -0.1561457 ,  0.06308472, -0.06220185,  0.01363499, -0.00497033,
       -0.11777813, -0.15147358,  0.09323308, -0.19993818, -0.37825237,
        0.39470021]) 

Generation: 999 
 - Generation Avg Fit: 0.5134555596229665 
 - Best Fitness: 34.8407203543787
 - Best Solution: array([-0.03652435,  0.43557232, -0.34378842,  0.33950269,  0.35941164,
       -0.12422433,  0.36262979, -0.18102567, -0.19470047,  0.29105356,
       -0.34310094, -0.18805526, -0.16267104,  0.473271  ,  0.22564147,
        0.0081811 ,  0.12932816, -0.45692438, -0.39604867, -0.11061318,
       -0.22657866,  0.35143755, -0.4962326 ,  0.24206744, -0.24773128,
       -0.1561457 ,  0.06308472, -0.06220185,  0.01363499, -0.00497033,
       -0.11777813, -0.15147358,  0.09323308, -0.19993818, -0.37825237,
        0.39470021]) 

Generation: 1000 
 - Generation Avg Fit: 0.5134555596229665 
 - Best Fitness: 34.8407203543787
 - Best Solution: array([-0.03652435,  0.43557232, -0.34378842,  0.33950269,  0.35941164,
       -0.12422433,  0.36262979, -0.18102567, -0.19470047,  0.29105356,
       -0.34310094, -0.18805526, -0.16267104,  0.473271  ,  0.22564147,
        0.0081811 ,  0.12932816, -0.45692438, -0.39604867, -0.11061318,
       -0.22657866,  0.35143755, -0.4962326 ,  0.24206744, -0.24773128,
       -0.1561457 ,  0.06308472, -0.06220185,  0.01363499, -0.00497033,
       -0.11777813, -0.15147358,  0.09323308, -0.19993818, -0.37825237,
        0.39470021]) 
