
-------------------------------------------------------------------------------------------------------
                                --- Method Parameters ---                                            
-------------------------------------------------------------------------------------------------------

method: PyGAD, sim_duration: 25, fitness_func: pygad_fitness, pop_size: 200, gen_size: 1000, weight_search: 0.5, 

-------------------------------------------------------------------------------------------------------
                                --- Pygad  Parameters ---                                            
-------------------------------------------------------------------------------------------------------

parent_selection_type: sss, parents mating: 200, keep parents: 100, crossover type: uniform, 
mutation type: random, mutation prob: 0.5, mutation_max_val: 0.01, mutation_min_val: -0.01, 

=======================================================================================================


Generation: 1 
 - Generation Avg Fit: 0.672416116937334 
 - Best Fitness: 17.172363108407993
 - Best Solution: array([ 0.01206385,  0.06886367,  0.32226621, -0.37682503,  0.01314655,
       -0.08970043, -0.00199537,  0.22073181,  0.26131944,  0.32931839,
        0.47630073, -0.13884182, -0.1612672 , -0.21610004, -0.40202869,
       -0.13148514, -0.32799523, -0.42076521,  0.1591015 , -0.20749501,
       -0.25851551,  0.20309281, -0.14969186, -0.3353903 , -0.4077947 ,
       -0.1947595 , -0.09337012,  0.08982235, -0.26892374,  0.08094708,
        0.34837104, -0.15922594,  0.41573893,  0.4671101 , -0.16828668,
        0.08339466]) 

Generation: 2 
 - Generation Avg Fit: 1.1462548961317374 
 - Best Fitness: 30.57015749330226
 - Best Solution: array([ 0.374192  , -0.06023339, -0.12621527, -0.07186671, -0.24646513,
        0.34137834,  0.32122242,  0.02344682, -0.4039214 ,  0.2002325 ,
       -0.21827232,  0.27180539,  0.46725656,  0.14309504,  0.47831273,
        0.35878706, -0.28435316, -0.41276191,  0.0614141 , -0.17709579,
       -0.49340321, -0.00950915,  0.07575629, -0.13355919, -0.09738974,
       -0.44921796,  0.07581275,  0.46778485, -0.10699506,  0.27284895,
       -0.16712971, -0.09575079,  0.2722217 ,  0.07301043, -0.34381237,
       -0.15229605]) 

Generation: 3 
 - Generation Avg Fit: 1.2726897635385257 
 - Best Fitness: 30.57015749330226
 - Best Solution: array([ 0.05236817, -0.15843212,  0.18858074, -0.11106965, -0.34497319,
        0.3162177 ,  0.30299631, -0.17578321,  0.15888384, -0.09604067,
        0.32742825,  0.45619439, -0.23157958, -0.49055933, -0.44756307,
       -0.36958934, -0.3545818 , -0.44622149,  0.00746955, -0.06522413,
        0.44112628,  0.47693718, -0.45429408, -0.20664121,  0.14442222,
        0.29656126, -0.26656646,  0.41235285,  0.24144786,  0.07842676,
       -0.18812161,  0.15602819,  0.46617859, -0.19413036,  0.23583102,
       -0.04118479]) 

Generation: 4 
 - Generation Avg Fit: 1.705850205289529 
 - Best Fitness: 30.57015749330226
 - Best Solution: array([ 0.374192  , -0.06023339, -0.12621527, -0.07186671, -0.24646513,
        0.34137834,  0.32122242,  0.02344682, -0.4039214 ,  0.2002325 ,
       -0.21827232,  0.27180539,  0.46725656,  0.14309504,  0.47831273,
        0.35878706, -0.28435316, -0.41276191,  0.0614141 , -0.17709579,
       -0.49340321, -0.00950915,  0.07575629, -0.13355919, -0.09738974,
       -0.44921796,  0.07581275,  0.46778485, -0.10699506,  0.27284895,
       -0.16712971, -0.09575079,  0.2722217 ,  0.07301043, -0.34381237,
       -0.15229605]) 

Generation: 5 
 - Generation Avg Fit: 1.888874448525283 
 - Best Fitness: 30.57015749330226
 - Best Solution: array([ 0.374192  , -0.06023339, -0.12621527, -0.07186671, -0.24646513,
        0.34137834,  0.32122242,  0.02344682, -0.4039214 ,  0.2002325 ,
       -0.21827232,  0.27180539,  0.46725656,  0.14309504,  0.47831273,
        0.35878706, -0.28435316, -0.41276191,  0.0614141 , -0.17709579,
       -0.49340321, -0.00950915,  0.07575629, -0.13355919, -0.09738974,
       -0.44921796,  0.07581275,  0.46778485, -0.10699506,  0.27284895,
       -0.16712971, -0.09575079,  0.2722217 ,  0.07301043, -0.34381237,
       -0.15229605]) 

Generation: 6 
 - Generation Avg Fit: 2.3440063664373225 
 - Best Fitness: 30.57015749330226
 - Best Solution: array([ 0.374192  , -0.06023339, -0.12621527, -0.07186671, -0.24646513,
        0.34137834,  0.32122242,  0.02344682, -0.4039214 ,  0.2002325 ,
       -0.21827232,  0.27180539,  0.46725656,  0.14309504,  0.47831273,
        0.35878706, -0.28435316, -0.41276191,  0.0614141 , -0.17709579,
       -0.49340321, -0.00950915,  0.07575629, -0.13355919, -0.09738974,
       -0.44921796,  0.07581275,  0.46778485, -0.10699506,  0.27284895,
       -0.16712971, -0.09575079,  0.2722217 ,  0.07301043, -0.34381237,
       -0.15229605]) 

Generation: 7 
 - Generation Avg Fit: 2.806843273610067 
 - Best Fitness: 30.57015749330226
 - Best Solution: array([ 0.374192  , -0.06023339, -0.12621527, -0.07186671, -0.24646513,
        0.34137834,  0.32122242,  0.02344682, -0.4039214 ,  0.2002325 ,
       -0.21827232,  0.27180539,  0.46725656,  0.14309504,  0.47831273,
        0.35878706, -0.28435316, -0.41276191,  0.0614141 , -0.17709579,
       -0.49340321, -0.00950915,  0.07575629, -0.13355919, -0.09738974,
       -0.44921796,  0.07581275,  0.46778485, -0.10699506,  0.27284895,
       -0.16712971, -0.09575079,  0.2722217 ,  0.07301043, -0.34381237,
       -0.15229605]) 

Generation: 8 
 - Generation Avg Fit: 3.0138295086515074 
 - Best Fitness: 30.57015749330226
 - Best Solution: array([ 0.374192  , -0.06023339, -0.12621527, -0.07186671, -0.24646513,
        0.34137834,  0.32122242,  0.02344682, -0.4039214 ,  0.2002325 ,
       -0.21827232,  0.27180539,  0.46725656,  0.14309504,  0.47831273,
        0.35878706, -0.28435316, -0.41276191,  0.0614141 , -0.17709579,
       -0.49340321, -0.00950915,  0.07575629, -0.13355919, -0.09738974,
       -0.44921796,  0.07581275,  0.46778485, -0.10699506,  0.27284895,
       -0.16712971, -0.09575079,  0.2722217 ,  0.07301043, -0.34381237,
       -0.15229605]) 

Generation: 9 
 - Generation Avg Fit: 3.3632792419653526 
 - Best Fitness: 37.6727891364524
 - Best Solution: array([ 1.83722129e-01, -1.29409403e-01, -4.63168991e-01, -3.55472972e-01,
        2.46355082e-01, -2.07331125e-01,  1.69257231e-01, -1.55490895e-01,
       -3.84623673e-01,  1.59554456e-01, -2.30282632e-02,  1.10101925e-01,
       -1.09711985e-01, -2.39150500e-01, -5.14001571e-02,  1.20711745e-01,
       -3.52321800e-04,  3.92117840e-01,  2.15937669e-01,  1.86551485e-01,
       -1.29975174e-01,  3.49797010e-01,  4.38348609e-01,  1.71465959e-01,
        4.74691167e-01,  4.90576473e-01,  4.59459471e-01,  1.26385263e-01,
        3.58471572e-01,  1.90692438e-02,  2.34393679e-01,  4.93271988e-01,
       -3.95978065e-01,  3.47979809e-01, -3.51385385e-01,  2.84097107e-01]) 

Generation: 10 
 - Generation Avg Fit: 3.84463344784313 
 - Best Fitness: 37.6727891364524
 - Best Solution: array([ 0.374192  , -0.06023339, -0.12621527, -0.07186671, -0.24646513,
        0.34137834,  0.32122242,  0.02344682, -0.4039214 ,  0.2002325 ,
       -0.21827232,  0.27180539,  0.46725656,  0.14309504,  0.47831273,
        0.35878706, -0.28435316, -0.41276191,  0.0614141 , -0.17709579,
       -0.49340321, -0.00950915,  0.07575629, -0.13355919, -0.09738974,
       -0.44921796,  0.07581275,  0.46778485, -0.10699506,  0.27284895,
       -0.16712971, -0.09575079,  0.2722217 ,  0.07301043, -0.34381237,
       -0.15229605]) 

Generation: 11 
 - Generation Avg Fit: 4.749766858294915 
 - Best Fitness: 59.19980455907848
 - Best Solution: array([ 0.13431371, -0.27430798,  0.21806243,  0.25948489,  0.15972864,
        0.21736129,  0.27600673, -0.09824667,  0.26614087,  0.13538667,
       -0.1670268 , -0.4855691 , -0.30895012,  0.49171764,  0.14168675,
        0.20746864,  0.09913442, -0.13834443,  0.27577572, -0.41802715,
        0.09039245,  0.48500838, -0.40578207,  0.41911756,  0.28365343,
       -0.20056444, -0.37203881, -0.39824651, -0.25969487, -0.137126  ,
        0.24593286, -0.26511343, -0.43610358,  0.45686139,  0.16286338,
        0.11345444]) 

Generation: 12 
 - Generation Avg Fit: 4.8532746240853415 
 - Best Fitness: 59.19980455907848
 - Best Solution: array([ 1.83722129e-01, -1.29409403e-01, -4.63168991e-01, -3.55472972e-01,
        2.46355082e-01, -2.07331125e-01,  1.69257231e-01, -1.55490895e-01,
       -3.84623673e-01,  1.59554456e-01, -2.30282632e-02,  1.10101925e-01,
       -1.09711985e-01, -2.39150500e-01, -5.14001571e-02,  1.20711745e-01,
       -3.52321800e-04,  3.92117840e-01,  2.15937669e-01,  1.86551485e-01,
       -1.29975174e-01,  3.49797010e-01,  4.38348609e-01,  1.71465959e-01,
        4.74691167e-01,  4.90576473e-01,  4.59459471e-01,  1.26385263e-01,
        3.58471572e-01,  1.90692438e-02,  2.34393679e-01,  4.93271988e-01,
       -3.95978065e-01,  3.47979809e-01, -3.51385385e-01,  2.84097107e-01]) 

Generation: 13 
 - Generation Avg Fit: 5.5581754828347245 
 - Best Fitness: 59.19980455907848
 - Best Solution: array([ 0.13431371, -0.27430798,  0.21806243,  0.25948489,  0.15972864,
        0.21736129,  0.27600673, -0.09824667,  0.26614087,  0.13538667,
       -0.1670268 , -0.4855691 , -0.30895012,  0.49171764,  0.14168675,
        0.20746864,  0.09913442, -0.13834443,  0.27577572, -0.41802715,
        0.09039245,  0.48500838, -0.40578207,  0.41911756,  0.28365343,
       -0.20056444, -0.37203881, -0.39824651, -0.25969487, -0.137126  ,
        0.24593286, -0.26511343, -0.43610358,  0.45686139,  0.16286338,
        0.11345444]) 

Generation: 14 
 - Generation Avg Fit: 5.696118141846102 
 - Best Fitness: 59.19980455907848
 - Best Solution: array([ 0.13431371, -0.27430798,  0.21806243,  0.25948489,  0.15972864,
        0.21736129,  0.27600673, -0.09824667,  0.26614087,  0.13538667,
       -0.1670268 , -0.4855691 , -0.30895012,  0.49171764,  0.14168675,
        0.20746864,  0.09913442, -0.13834443,  0.27577572, -0.41802715,
        0.09039245,  0.48500838, -0.40578207,  0.41911756,  0.28365343,
       -0.20056444, -0.37203881, -0.39824651, -0.25969487, -0.137126  ,
        0.24593286, -0.26511343, -0.43610358,  0.45686139,  0.16286338,
        0.11345444]) 

Generation: 15 
 - Generation Avg Fit: 6.050047809113158 
 - Best Fitness: 59.19980455907848
 - Best Solution: array([ 0.13431371, -0.27430798,  0.21806243,  0.25948489,  0.15972864,
        0.21736129,  0.27600673, -0.09824667,  0.26614087,  0.13538667,
       -0.1670268 , -0.4855691 , -0.30895012,  0.49171764,  0.14168675,
        0.20746864,  0.09913442, -0.13834443,  0.27577572, -0.41802715,
        0.09039245,  0.48500838, -0.40578207,  0.41911756,  0.28365343,
       -0.20056444, -0.37203881, -0.39824651, -0.25969487, -0.137126  ,
        0.24593286, -0.26511343, -0.43610358,  0.45686139,  0.16286338,
        0.11345444]) 

Generation: 16 
 - Generation Avg Fit: 7.036019987561392 
 - Best Fitness: 59.19980455907848
 - Best Solution: array([ 0.13431371, -0.27430798,  0.21806243,  0.25948489,  0.15972864,
        0.21736129,  0.27600673, -0.09824667,  0.26614087,  0.13538667,
       -0.1670268 , -0.4855691 , -0.30895012,  0.49171764,  0.14168675,
        0.20746864,  0.09913442, -0.13834443,  0.27577572, -0.41802715,
        0.09039245,  0.48500838, -0.40578207,  0.41911756,  0.28365343,
       -0.20056444, -0.37203881, -0.39824651, -0.25969487, -0.137126  ,
        0.24593286, -0.26511343, -0.43610358,  0.45686139,  0.16286338,
        0.11345444]) 

Generation: 17 
 - Generation Avg Fit: 7.712092427821559 
 - Best Fitness: 59.19980455907848
 - Best Solution: array([ 0.13431371, -0.27430798,  0.21806243,  0.25948489,  0.15972864,
        0.21736129,  0.27600673, -0.09824667,  0.26614087,  0.13538667,
       -0.1670268 , -0.4855691 , -0.30895012,  0.49171764,  0.14168675,
        0.20746864,  0.09913442, -0.13834443,  0.27577572, -0.41802715,
        0.09039245,  0.48500838, -0.40578207,  0.41911756,  0.28365343,
       -0.20056444, -0.37203881, -0.39824651, -0.25969487, -0.137126  ,
        0.24593286, -0.26511343, -0.43610358,  0.45686139,  0.16286338,
        0.11345444]) 

Generation: 18 
 - Generation Avg Fit: 7.748158771844638 
 - Best Fitness: 59.19980455907848
 - Best Solution: array([ 0.13431371, -0.27430798,  0.21806243,  0.25948489,  0.15972864,
        0.21736129,  0.27600673, -0.09824667,  0.26614087,  0.13538667,
       -0.1670268 , -0.4855691 , -0.30895012,  0.49171764,  0.14168675,
        0.20746864,  0.09913442, -0.13834443,  0.27577572, -0.41802715,
        0.09039245,  0.48500838, -0.40578207,  0.41911756,  0.28365343,
       -0.20056444, -0.37203881, -0.39824651, -0.25969487, -0.137126  ,
        0.24593286, -0.26511343, -0.43610358,  0.45686139,  0.16286338,
        0.11345444]) 

Generation: 19 
 - Generation Avg Fit: 8.385180279234483 
 - Best Fitness: 59.19980455907848
 - Best Solution: array([ 0.13431371, -0.27430798,  0.21806243,  0.25948489,  0.15972864,
        0.21736129,  0.27600673, -0.09824667,  0.26614087,  0.13538667,
       -0.1670268 , -0.4855691 , -0.30895012,  0.49171764,  0.14168675,
        0.20746864,  0.09913442, -0.13834443,  0.27577572, -0.41802715,
        0.09039245,  0.48500838, -0.40578207,  0.41911756,  0.28365343,
       -0.20056444, -0.37203881, -0.39824651, -0.25969487, -0.137126  ,
        0.24593286, -0.26511343, -0.43610358,  0.45686139,  0.16286338,
        0.11345444]) 

Generation: 20 
 - Generation Avg Fit: 8.968273504971624 
 - Best Fitness: 79.70143552065446
 - Best Solution: array([ 0.18522493, -0.08181824,  0.30289978, -0.16572216,  0.24279836,
        0.36372191,  0.43327072, -0.43604818, -0.39990485,  0.19624255,
       -0.01354366,  0.21857547,  0.1431084 ,  0.03966317, -0.17317968,
        0.29191078, -0.19661993,  0.01593025,  0.0614141 ,  0.31457495,
        0.3093421 , -0.27170207, -0.3542057 ,  0.0463728 , -0.21636411,
        0.13362975,  0.03392304,  0.25981541,  0.27617136,  0.10144046,
       -0.16782403,  0.50098622,  0.25398745, -0.03006495,  0.36860665,
       -0.14697561]) 

Generation: 21 
 - Generation Avg Fit: 9.05675611495812 
 - Best Fitness: 79.70143552065446
 - Best Solution: array([ 0.13431371, -0.27430798,  0.21806243,  0.25948489,  0.15972864,
        0.21736129,  0.27600673, -0.09824667,  0.26614087,  0.13538667,
       -0.1670268 , -0.4855691 , -0.30895012,  0.49171764,  0.14168675,
        0.20746864,  0.09913442, -0.13834443,  0.27577572, -0.41802715,
        0.09039245,  0.48500838, -0.40578207,  0.41911756,  0.28365343,
       -0.20056444, -0.37203881, -0.39824651, -0.25969487, -0.137126  ,
        0.24593286, -0.26511343, -0.43610358,  0.45686139,  0.16286338,
        0.11345444]) 

Generation: 22 
 - Generation Avg Fit: 9.308640601877853 
 - Best Fitness: 79.70143552065446
 - Best Solution: array([ 0.18522493, -0.08181824,  0.30289978, -0.16572216,  0.24279836,
        0.36372191,  0.43327072, -0.43604818, -0.39990485,  0.19624255,
       -0.01354366,  0.21857547,  0.1431084 ,  0.03966317, -0.17317968,
        0.29191078, -0.19661993,  0.01593025,  0.0614141 ,  0.31457495,
        0.3093421 , -0.27170207, -0.3542057 ,  0.0463728 , -0.21636411,
        0.13362975,  0.03392304,  0.25981541,  0.27617136,  0.10144046,
       -0.16782403,  0.50098622,  0.25398745, -0.03006495,  0.36860665,
       -0.14697561]) 

Generation: 23 
 - Generation Avg Fit: 9.56809168783359 
 - Best Fitness: 79.70143552065446
 - Best Solution: array([ 0.18522493, -0.08181824,  0.30289978, -0.16572216,  0.24279836,
        0.36372191,  0.43327072, -0.43604818, -0.39990485,  0.19624255,
       -0.01354366,  0.21857547,  0.1431084 ,  0.03966317, -0.17317968,
        0.29191078, -0.19661993,  0.01593025,  0.0614141 ,  0.31457495,
        0.3093421 , -0.27170207, -0.3542057 ,  0.0463728 , -0.21636411,
        0.13362975,  0.03392304,  0.25981541,  0.27617136,  0.10144046,
       -0.16782403,  0.50098622,  0.25398745, -0.03006495,  0.36860665,
       -0.14697561]) 

Generation: 24 
 - Generation Avg Fit: 9.690339176760872 
 - Best Fitness: 79.70143552065446
 - Best Solution: array([ 0.18522493, -0.08181824,  0.30289978, -0.16572216,  0.24279836,
        0.36372191,  0.43327072, -0.43604818, -0.39990485,  0.19624255,
       -0.01354366,  0.21857547,  0.1431084 ,  0.03966317, -0.17317968,
        0.29191078, -0.19661993,  0.01593025,  0.0614141 ,  0.31457495,
        0.3093421 , -0.27170207, -0.3542057 ,  0.0463728 , -0.21636411,
        0.13362975,  0.03392304,  0.25981541,  0.27617136,  0.10144046,
       -0.16782403,  0.50098622,  0.25398745, -0.03006495,  0.36860665,
       -0.14697561]) 

Generation: 25 
 - Generation Avg Fit: 9.946752706567622 
 - Best Fitness: 79.70143552065446
 - Best Solution: array([ 0.18522493, -0.08181824,  0.30289978, -0.16572216,  0.24279836,
        0.36372191,  0.43327072, -0.43604818, -0.39990485,  0.19624255,
       -0.01354366,  0.21857547,  0.1431084 ,  0.03966317, -0.17317968,
        0.29191078, -0.19661993,  0.01593025,  0.0614141 ,  0.31457495,
        0.3093421 , -0.27170207, -0.3542057 ,  0.0463728 , -0.21636411,
        0.13362975,  0.03392304,  0.25981541,  0.27617136,  0.10144046,
       -0.16782403,  0.50098622,  0.25398745, -0.03006495,  0.36860665,
       -0.14697561]) 

Generation: 26 
 - Generation Avg Fit: 10.409561780679507 
 - Best Fitness: 79.70143552065446
 - Best Solution: array([ 0.18522493, -0.08181824,  0.30289978, -0.16572216,  0.24279836,
        0.36372191,  0.43327072, -0.43604818, -0.39990485,  0.19624255,
       -0.01354366,  0.21857547,  0.1431084 ,  0.03966317, -0.17317968,
        0.29191078, -0.19661993,  0.01593025,  0.0614141 ,  0.31457495,
        0.3093421 , -0.27170207, -0.3542057 ,  0.0463728 , -0.21636411,
        0.13362975,  0.03392304,  0.25981541,  0.27617136,  0.10144046,
       -0.16782403,  0.50098622,  0.25398745, -0.03006495,  0.36860665,
       -0.14697561]) 

Generation: 27 
 - Generation Avg Fit: 10.951717993657688 
 - Best Fitness: 79.70143552065446
 - Best Solution: array([ 0.18522493, -0.08181824,  0.30289978, -0.16572216,  0.24279836,
        0.36372191,  0.43327072, -0.43604818, -0.39990485,  0.19624255,
       -0.01354366,  0.21857547,  0.1431084 ,  0.03966317, -0.17317968,
        0.29191078, -0.19661993,  0.01593025,  0.0614141 ,  0.31457495,
        0.3093421 , -0.27170207, -0.3542057 ,  0.0463728 , -0.21636411,
        0.13362975,  0.03392304,  0.25981541,  0.27617136,  0.10144046,
       -0.16782403,  0.50098622,  0.25398745, -0.03006495,  0.36860665,
       -0.14697561]) 

Generation: 28 
 - Generation Avg Fit: 11.16496385887887 
 - Best Fitness: 79.70143552065446
 - Best Solution: array([ 0.18522493, -0.08181824,  0.30289978, -0.16572216,  0.24279836,
        0.36372191,  0.43327072, -0.43604818, -0.39990485,  0.19624255,
       -0.01354366,  0.21857547,  0.1431084 ,  0.03966317, -0.17317968,
        0.29191078, -0.19661993,  0.01593025,  0.0614141 ,  0.31457495,
        0.3093421 , -0.27170207, -0.3542057 ,  0.0463728 , -0.21636411,
        0.13362975,  0.03392304,  0.25981541,  0.27617136,  0.10144046,
       -0.16782403,  0.50098622,  0.25398745, -0.03006495,  0.36860665,
       -0.14697561]) 

Generation: 29 
 - Generation Avg Fit: 11.833334986038414 
 - Best Fitness: 87.2722877417286
 - Best Solution: array([ 0.18739447,  0.413638  ,  0.30461777,  0.31874906, -0.00104249,
        0.3619043 ,  0.12309497, -0.43078037, -0.14429049,  0.15370381,
        0.48678757, -0.2229377 , -0.16610637,  0.04328867, -0.41174885,
        0.11008034, -0.32715935,  0.0039639 ,  0.20999721,  0.01786237,
        0.01074525,  0.35246331,  0.45077452,  0.07145493,  0.30017605,
       -0.21154488,  0.46944554,  0.26277538,  0.39658218,  0.1046015 ,
        0.36803773,  0.51195315, -0.17588775, -0.04710845, -0.07850553,
       -0.17097102]) 

Generation: 30 
 - Generation Avg Fit: 12.135846545053523 
 - Best Fitness: 87.2722877417286
 - Best Solution: array([ 0.18522493, -0.08181824,  0.30289978, -0.16572216,  0.24279836,
        0.36372191,  0.43327072, -0.43604818, -0.39990485,  0.19624255,
       -0.01354366,  0.21857547,  0.1431084 ,  0.03966317, -0.17317968,
        0.29191078, -0.19661993,  0.01593025,  0.0614141 ,  0.31457495,
        0.3093421 , -0.27170207, -0.3542057 ,  0.0463728 , -0.21636411,
        0.13362975,  0.03392304,  0.25981541,  0.27617136,  0.10144046,
       -0.16782403,  0.50098622,  0.25398745, -0.03006495,  0.36860665,
       -0.14697561]) 

Generation: 31 
 - Generation Avg Fit: 12.888283274468856 
 - Best Fitness: 87.2722877417286
 - Best Solution: array([ 0.18739447,  0.413638  ,  0.30461777,  0.31874906, -0.00104249,
        0.3619043 ,  0.12309497, -0.43078037, -0.14429049,  0.15370381,
        0.48678757, -0.2229377 , -0.16610637,  0.04328867, -0.41174885,
        0.11008034, -0.32715935,  0.0039639 ,  0.20999721,  0.01786237,
        0.01074525,  0.35246331,  0.45077452,  0.07145493,  0.30017605,
       -0.21154488,  0.46944554,  0.26277538,  0.39658218,  0.1046015 ,
        0.36803773,  0.51195315, -0.17588775, -0.04710845, -0.07850553,
       -0.17097102]) 

Generation: 32 
 - Generation Avg Fit: 12.860630850089525 
 - Best Fitness: 87.2722877417286
 - Best Solution: array([ 0.18739447,  0.413638  ,  0.30461777,  0.31874906, -0.00104249,
        0.3619043 ,  0.12309497, -0.43078037, -0.14429049,  0.15370381,
        0.48678757, -0.2229377 , -0.16610637,  0.04328867, -0.41174885,
        0.11008034, -0.32715935,  0.0039639 ,  0.20999721,  0.01786237,
        0.01074525,  0.35246331,  0.45077452,  0.07145493,  0.30017605,
       -0.21154488,  0.46944554,  0.26277538,  0.39658218,  0.1046015 ,
        0.36803773,  0.51195315, -0.17588775, -0.04710845, -0.07850553,
       -0.17097102]) 

Generation: 33 
 - Generation Avg Fit: 13.411039752166303 
 - Best Fitness: 87.2722877417286
 - Best Solution: array([ 0.18739447,  0.413638  ,  0.30461777,  0.31874906, -0.00104249,
        0.3619043 ,  0.12309497, -0.43078037, -0.14429049,  0.15370381,
        0.48678757, -0.2229377 , -0.16610637,  0.04328867, -0.41174885,
        0.11008034, -0.32715935,  0.0039639 ,  0.20999721,  0.01786237,
        0.01074525,  0.35246331,  0.45077452,  0.07145493,  0.30017605,
       -0.21154488,  0.46944554,  0.26277538,  0.39658218,  0.1046015 ,
        0.36803773,  0.51195315, -0.17588775, -0.04710845, -0.07850553,
       -0.17097102]) 

Generation: 34 
 - Generation Avg Fit: 13.621700383718066 
 - Best Fitness: 87.2722877417286
 - Best Solution: array([ 0.18739447,  0.413638  ,  0.30461777,  0.31874906, -0.00104249,
        0.3619043 ,  0.12309497, -0.43078037, -0.14429049,  0.15370381,
        0.48678757, -0.2229377 , -0.16610637,  0.04328867, -0.41174885,
        0.11008034, -0.32715935,  0.0039639 ,  0.20999721,  0.01786237,
        0.01074525,  0.35246331,  0.45077452,  0.07145493,  0.30017605,
       -0.21154488,  0.46944554,  0.26277538,  0.39658218,  0.1046015 ,
        0.36803773,  0.51195315, -0.17588775, -0.04710845, -0.07850553,
       -0.17097102]) 

Generation: 35 
 - Generation Avg Fit: 14.051378946064597 
 - Best Fitness: 87.2722877417286
 - Best Solution: array([ 0.18739447,  0.413638  ,  0.30461777,  0.31874906, -0.00104249,
        0.3619043 ,  0.12309497, -0.43078037, -0.14429049,  0.15370381,
        0.48678757, -0.2229377 , -0.16610637,  0.04328867, -0.41174885,
        0.11008034, -0.32715935,  0.0039639 ,  0.20999721,  0.01786237,
        0.01074525,  0.35246331,  0.45077452,  0.07145493,  0.30017605,
       -0.21154488,  0.46944554,  0.26277538,  0.39658218,  0.1046015 ,
        0.36803773,  0.51195315, -0.17588775, -0.04710845, -0.07850553,
       -0.17097102]) 

Generation: 36 
 - Generation Avg Fit: 14.319649443755356 
 - Best Fitness: 87.2722877417286
 - Best Solution: array([ 0.18739447,  0.413638  ,  0.30461777,  0.31874906, -0.00104249,
        0.3619043 ,  0.12309497, -0.43078037, -0.14429049,  0.15370381,
        0.48678757, -0.2229377 , -0.16610637,  0.04328867, -0.41174885,
        0.11008034, -0.32715935,  0.0039639 ,  0.20999721,  0.01786237,
        0.01074525,  0.35246331,  0.45077452,  0.07145493,  0.30017605,
       -0.21154488,  0.46944554,  0.26277538,  0.39658218,  0.1046015 ,
        0.36803773,  0.51195315, -0.17588775, -0.04710845, -0.07850553,
       -0.17097102]) 

Generation: 37 
 - Generation Avg Fit: 14.636339881799765 
 - Best Fitness: 87.2722877417286
 - Best Solution: array([ 0.18739447,  0.413638  ,  0.30461777,  0.31874906, -0.00104249,
        0.3619043 ,  0.12309497, -0.43078037, -0.14429049,  0.15370381,
        0.48678757, -0.2229377 , -0.16610637,  0.04328867, -0.41174885,
        0.11008034, -0.32715935,  0.0039639 ,  0.20999721,  0.01786237,
        0.01074525,  0.35246331,  0.45077452,  0.07145493,  0.30017605,
       -0.21154488,  0.46944554,  0.26277538,  0.39658218,  0.1046015 ,
        0.36803773,  0.51195315, -0.17588775, -0.04710845, -0.07850553,
       -0.17097102]) 

Generation: 38 
 - Generation Avg Fit: 14.821525530882893 
 - Best Fitness: 87.2722877417286
 - Best Solution: array([ 0.18739447,  0.413638  ,  0.30461777,  0.31874906, -0.00104249,
        0.3619043 ,  0.12309497, -0.43078037, -0.14429049,  0.15370381,
        0.48678757, -0.2229377 , -0.16610637,  0.04328867, -0.41174885,
        0.11008034, -0.32715935,  0.0039639 ,  0.20999721,  0.01786237,
        0.01074525,  0.35246331,  0.45077452,  0.07145493,  0.30017605,
       -0.21154488,  0.46944554,  0.26277538,  0.39658218,  0.1046015 ,
        0.36803773,  0.51195315, -0.17588775, -0.04710845, -0.07850553,
       -0.17097102]) 

Generation: 39 
 - Generation Avg Fit: 14.532944660847793 
 - Best Fitness: 87.2722877417286
 - Best Solution: array([ 0.18739447,  0.413638  ,  0.30461777,  0.31874906, -0.00104249,
        0.3619043 ,  0.12309497, -0.43078037, -0.14429049,  0.15370381,
        0.48678757, -0.2229377 , -0.16610637,  0.04328867, -0.41174885,
        0.11008034, -0.32715935,  0.0039639 ,  0.20999721,  0.01786237,
        0.01074525,  0.35246331,  0.45077452,  0.07145493,  0.30017605,
       -0.21154488,  0.46944554,  0.26277538,  0.39658218,  0.1046015 ,
        0.36803773,  0.51195315, -0.17588775, -0.04710845, -0.07850553,
       -0.17097102]) 

Generation: 40 
 - Generation Avg Fit: 15.743047763443696 
 - Best Fitness: 87.2722877417286
 - Best Solution: array([ 0.18739447,  0.413638  ,  0.30461777,  0.31874906, -0.00104249,
        0.3619043 ,  0.12309497, -0.43078037, -0.14429049,  0.15370381,
        0.48678757, -0.2229377 , -0.16610637,  0.04328867, -0.41174885,
        0.11008034, -0.32715935,  0.0039639 ,  0.20999721,  0.01786237,
        0.01074525,  0.35246331,  0.45077452,  0.07145493,  0.30017605,
       -0.21154488,  0.46944554,  0.26277538,  0.39658218,  0.1046015 ,
        0.36803773,  0.51195315, -0.17588775, -0.04710845, -0.07850553,
       -0.17097102]) 

Generation: 41 
 - Generation Avg Fit: 15.33308933030737 
 - Best Fitness: 87.2722877417286
 - Best Solution: array([ 0.18739447,  0.413638  ,  0.30461777,  0.31874906, -0.00104249,
        0.3619043 ,  0.12309497, -0.43078037, -0.14429049,  0.15370381,
        0.48678757, -0.2229377 , -0.16610637,  0.04328867, -0.41174885,
        0.11008034, -0.32715935,  0.0039639 ,  0.20999721,  0.01786237,
        0.01074525,  0.35246331,  0.45077452,  0.07145493,  0.30017605,
       -0.21154488,  0.46944554,  0.26277538,  0.39658218,  0.1046015 ,
        0.36803773,  0.51195315, -0.17588775, -0.04710845, -0.07850553,
       -0.17097102]) 

Generation: 42 
 - Generation Avg Fit: 15.737146327556808 
 - Best Fitness: 87.2722877417286
 - Best Solution: array([ 0.18739447,  0.413638  ,  0.30461777,  0.31874906, -0.00104249,
        0.3619043 ,  0.12309497, -0.43078037, -0.14429049,  0.15370381,
        0.48678757, -0.2229377 , -0.16610637,  0.04328867, -0.41174885,
        0.11008034, -0.32715935,  0.0039639 ,  0.20999721,  0.01786237,
        0.01074525,  0.35246331,  0.45077452,  0.07145493,  0.30017605,
       -0.21154488,  0.46944554,  0.26277538,  0.39658218,  0.1046015 ,
        0.36803773,  0.51195315, -0.17588775, -0.04710845, -0.07850553,
       -0.17097102]) 

Generation: 43 
 - Generation Avg Fit: 16.051827967406638 
 - Best Fitness: 87.2722877417286
 - Best Solution: array([ 0.18739447,  0.413638  ,  0.30461777,  0.31874906, -0.00104249,
        0.3619043 ,  0.12309497, -0.43078037, -0.14429049,  0.15370381,
        0.48678757, -0.2229377 , -0.16610637,  0.04328867, -0.41174885,
        0.11008034, -0.32715935,  0.0039639 ,  0.20999721,  0.01786237,
        0.01074525,  0.35246331,  0.45077452,  0.07145493,  0.30017605,
       -0.21154488,  0.46944554,  0.26277538,  0.39658218,  0.1046015 ,
        0.36803773,  0.51195315, -0.17588775, -0.04710845, -0.07850553,
       -0.17097102]) 

Generation: 44 
 - Generation Avg Fit: 16.298386593598153 
 - Best Fitness: 87.2722877417286
 - Best Solution: array([ 0.18739447,  0.413638  ,  0.30461777,  0.31874906, -0.00104249,
        0.3619043 ,  0.12309497, -0.43078037, -0.14429049,  0.15370381,
        0.48678757, -0.2229377 , -0.16610637,  0.04328867, -0.41174885,
        0.11008034, -0.32715935,  0.0039639 ,  0.20999721,  0.01786237,
        0.01074525,  0.35246331,  0.45077452,  0.07145493,  0.30017605,
       -0.21154488,  0.46944554,  0.26277538,  0.39658218,  0.1046015 ,
        0.36803773,  0.51195315, -0.17588775, -0.04710845, -0.07850553,
       -0.17097102]) 

Generation: 45 
 - Generation Avg Fit: 16.42722272198371 
 - Best Fitness: 87.2722877417286
 - Best Solution: array([ 0.18739447,  0.413638  ,  0.30461777,  0.31874906, -0.00104249,
        0.3619043 ,  0.12309497, -0.43078037, -0.14429049,  0.15370381,
        0.48678757, -0.2229377 , -0.16610637,  0.04328867, -0.41174885,
        0.11008034, -0.32715935,  0.0039639 ,  0.20999721,  0.01786237,
        0.01074525,  0.35246331,  0.45077452,  0.07145493,  0.30017605,
       -0.21154488,  0.46944554,  0.26277538,  0.39658218,  0.1046015 ,
        0.36803773,  0.51195315, -0.17588775, -0.04710845, -0.07850553,
       -0.17097102]) 

Generation: 46 
 - Generation Avg Fit: 16.83326094179568 
 - Best Fitness: 87.2722877417286
 - Best Solution: array([ 0.18739447,  0.413638  ,  0.30461777,  0.31874906, -0.00104249,
        0.3619043 ,  0.12309497, -0.43078037, -0.14429049,  0.15370381,
        0.48678757, -0.2229377 , -0.16610637,  0.04328867, -0.41174885,
        0.11008034, -0.32715935,  0.0039639 ,  0.20999721,  0.01786237,
        0.01074525,  0.35246331,  0.45077452,  0.07145493,  0.30017605,
       -0.21154488,  0.46944554,  0.26277538,  0.39658218,  0.1046015 ,
        0.36803773,  0.51195315, -0.17588775, -0.04710845, -0.07850553,
       -0.17097102]) 

Generation: 47 
 - Generation Avg Fit: 17.348382054396264 
 - Best Fitness: 87.2722877417286
 - Best Solution: array([ 0.18739447,  0.413638  ,  0.30461777,  0.31874906, -0.00104249,
        0.3619043 ,  0.12309497, -0.43078037, -0.14429049,  0.15370381,
        0.48678757, -0.2229377 , -0.16610637,  0.04328867, -0.41174885,
        0.11008034, -0.32715935,  0.0039639 ,  0.20999721,  0.01786237,
        0.01074525,  0.35246331,  0.45077452,  0.07145493,  0.30017605,
       -0.21154488,  0.46944554,  0.26277538,  0.39658218,  0.1046015 ,
        0.36803773,  0.51195315, -0.17588775, -0.04710845, -0.07850553,
       -0.17097102]) 

Generation: 48 
 - Generation Avg Fit: 18.23482062154895 
 - Best Fitness: 87.2722877417286
 - Best Solution: array([ 0.18739447,  0.413638  ,  0.30461777,  0.31874906, -0.00104249,
        0.3619043 ,  0.12309497, -0.43078037, -0.14429049,  0.15370381,
        0.48678757, -0.2229377 , -0.16610637,  0.04328867, -0.41174885,
        0.11008034, -0.32715935,  0.0039639 ,  0.20999721,  0.01786237,
        0.01074525,  0.35246331,  0.45077452,  0.07145493,  0.30017605,
       -0.21154488,  0.46944554,  0.26277538,  0.39658218,  0.1046015 ,
        0.36803773,  0.51195315, -0.17588775, -0.04710845, -0.07850553,
       -0.17097102]) 

Generation: 49 
 - Generation Avg Fit: 18.257833508377875 
 - Best Fitness: 87.2722877417286
 - Best Solution: array([ 0.18739447,  0.413638  ,  0.30461777,  0.31874906, -0.00104249,
        0.3619043 ,  0.12309497, -0.43078037, -0.14429049,  0.15370381,
        0.48678757, -0.2229377 , -0.16610637,  0.04328867, -0.41174885,
        0.11008034, -0.32715935,  0.0039639 ,  0.20999721,  0.01786237,
        0.01074525,  0.35246331,  0.45077452,  0.07145493,  0.30017605,
       -0.21154488,  0.46944554,  0.26277538,  0.39658218,  0.1046015 ,
        0.36803773,  0.51195315, -0.17588775, -0.04710845, -0.07850553,
       -0.17097102]) 

Generation: 50 
 - Generation Avg Fit: 17.880325824696826 
 - Best Fitness: 87.2722877417286
 - Best Solution: array([ 0.18739447,  0.413638  ,  0.30461777,  0.31874906, -0.00104249,
        0.3619043 ,  0.12309497, -0.43078037, -0.14429049,  0.15370381,
        0.48678757, -0.2229377 , -0.16610637,  0.04328867, -0.41174885,
        0.11008034, -0.32715935,  0.0039639 ,  0.20999721,  0.01786237,
        0.01074525,  0.35246331,  0.45077452,  0.07145493,  0.30017605,
       -0.21154488,  0.46944554,  0.26277538,  0.39658218,  0.1046015 ,
        0.36803773,  0.51195315, -0.17588775, -0.04710845, -0.07850553,
       -0.17097102]) 

Generation: 51 
 - Generation Avg Fit: 18.592348889135977 
 - Best Fitness: 87.2722877417286
 - Best Solution: array([ 0.18739447,  0.413638  ,  0.30461777,  0.31874906, -0.00104249,
        0.3619043 ,  0.12309497, -0.43078037, -0.14429049,  0.15370381,
        0.48678757, -0.2229377 , -0.16610637,  0.04328867, -0.41174885,
        0.11008034, -0.32715935,  0.0039639 ,  0.20999721,  0.01786237,
        0.01074525,  0.35246331,  0.45077452,  0.07145493,  0.30017605,
       -0.21154488,  0.46944554,  0.26277538,  0.39658218,  0.1046015 ,
        0.36803773,  0.51195315, -0.17588775, -0.04710845, -0.07850553,
       -0.17097102]) 

Generation: 52 
 - Generation Avg Fit: 18.3119522799883 
 - Best Fitness: 87.2722877417286
 - Best Solution: array([ 0.18739447,  0.413638  ,  0.30461777,  0.31874906, -0.00104249,
        0.3619043 ,  0.12309497, -0.43078037, -0.14429049,  0.15370381,
        0.48678757, -0.2229377 , -0.16610637,  0.04328867, -0.41174885,
        0.11008034, -0.32715935,  0.0039639 ,  0.20999721,  0.01786237,
        0.01074525,  0.35246331,  0.45077452,  0.07145493,  0.30017605,
       -0.21154488,  0.46944554,  0.26277538,  0.39658218,  0.1046015 ,
        0.36803773,  0.51195315, -0.17588775, -0.04710845, -0.07850553,
       -0.17097102]) 

Generation: 53 
 - Generation Avg Fit: 18.7684328853434 
 - Best Fitness: 87.2722877417286
 - Best Solution: array([ 0.18739447,  0.413638  ,  0.30461777,  0.31874906, -0.00104249,
        0.3619043 ,  0.12309497, -0.43078037, -0.14429049,  0.15370381,
        0.48678757, -0.2229377 , -0.16610637,  0.04328867, -0.41174885,
        0.11008034, -0.32715935,  0.0039639 ,  0.20999721,  0.01786237,
        0.01074525,  0.35246331,  0.45077452,  0.07145493,  0.30017605,
       -0.21154488,  0.46944554,  0.26277538,  0.39658218,  0.1046015 ,
        0.36803773,  0.51195315, -0.17588775, -0.04710845, -0.07850553,
       -0.17097102]) 

Generation: 54 
 - Generation Avg Fit: 18.898461737088947 
 - Best Fitness: 87.2722877417286
 - Best Solution: array([ 0.18739447,  0.413638  ,  0.30461777,  0.31874906, -0.00104249,
        0.3619043 ,  0.12309497, -0.43078037, -0.14429049,  0.15370381,
        0.48678757, -0.2229377 , -0.16610637,  0.04328867, -0.41174885,
        0.11008034, -0.32715935,  0.0039639 ,  0.20999721,  0.01786237,
        0.01074525,  0.35246331,  0.45077452,  0.07145493,  0.30017605,
       -0.21154488,  0.46944554,  0.26277538,  0.39658218,  0.1046015 ,
        0.36803773,  0.51195315, -0.17588775, -0.04710845, -0.07850553,
       -0.17097102]) 

Generation: 55 
 - Generation Avg Fit: 18.791527789380908 
 - Best Fitness: 87.2722877417286
 - Best Solution: array([ 0.18739447,  0.413638  ,  0.30461777,  0.31874906, -0.00104249,
        0.3619043 ,  0.12309497, -0.43078037, -0.14429049,  0.15370381,
        0.48678757, -0.2229377 , -0.16610637,  0.04328867, -0.41174885,
        0.11008034, -0.32715935,  0.0039639 ,  0.20999721,  0.01786237,
        0.01074525,  0.35246331,  0.45077452,  0.07145493,  0.30017605,
       -0.21154488,  0.46944554,  0.26277538,  0.39658218,  0.1046015 ,
        0.36803773,  0.51195315, -0.17588775, -0.04710845, -0.07850553,
       -0.17097102]) 

Generation: 56 
 - Generation Avg Fit: 19.438944946616186 
 - Best Fitness: 87.2722877417286
 - Best Solution: array([ 0.18739447,  0.413638  ,  0.30461777,  0.31874906, -0.00104249,
        0.3619043 ,  0.12309497, -0.43078037, -0.14429049,  0.15370381,
        0.48678757, -0.2229377 , -0.16610637,  0.04328867, -0.41174885,
        0.11008034, -0.32715935,  0.0039639 ,  0.20999721,  0.01786237,
        0.01074525,  0.35246331,  0.45077452,  0.07145493,  0.30017605,
       -0.21154488,  0.46944554,  0.26277538,  0.39658218,  0.1046015 ,
        0.36803773,  0.51195315, -0.17588775, -0.04710845, -0.07850553,
       -0.17097102]) 

Generation: 57 
 - Generation Avg Fit: 19.068891466420904 
 - Best Fitness: 87.2722877417286
 - Best Solution: array([ 0.18739447,  0.413638  ,  0.30461777,  0.31874906, -0.00104249,
        0.3619043 ,  0.12309497, -0.43078037, -0.14429049,  0.15370381,
        0.48678757, -0.2229377 , -0.16610637,  0.04328867, -0.41174885,
        0.11008034, -0.32715935,  0.0039639 ,  0.20999721,  0.01786237,
        0.01074525,  0.35246331,  0.45077452,  0.07145493,  0.30017605,
       -0.21154488,  0.46944554,  0.26277538,  0.39658218,  0.1046015 ,
        0.36803773,  0.51195315, -0.17588775, -0.04710845, -0.07850553,
       -0.17097102]) 

Generation: 58 
 - Generation Avg Fit: 19.504574745893024 
 - Best Fitness: 87.2722877417286
 - Best Solution: array([ 0.18739447,  0.413638  ,  0.30461777,  0.31874906, -0.00104249,
        0.3619043 ,  0.12309497, -0.43078037, -0.14429049,  0.15370381,
        0.48678757, -0.2229377 , -0.16610637,  0.04328867, -0.41174885,
        0.11008034, -0.32715935,  0.0039639 ,  0.20999721,  0.01786237,
        0.01074525,  0.35246331,  0.45077452,  0.07145493,  0.30017605,
       -0.21154488,  0.46944554,  0.26277538,  0.39658218,  0.1046015 ,
        0.36803773,  0.51195315, -0.17588775, -0.04710845, -0.07850553,
       -0.17097102]) 

Generation: 59 
 - Generation Avg Fit: 19.368907496717423 
 - Best Fitness: 87.2722877417286
 - Best Solution: array([ 0.18739447,  0.413638  ,  0.30461777,  0.31874906, -0.00104249,
        0.3619043 ,  0.12309497, -0.43078037, -0.14429049,  0.15370381,
        0.48678757, -0.2229377 , -0.16610637,  0.04328867, -0.41174885,
        0.11008034, -0.32715935,  0.0039639 ,  0.20999721,  0.01786237,
        0.01074525,  0.35246331,  0.45077452,  0.07145493,  0.30017605,
       -0.21154488,  0.46944554,  0.26277538,  0.39658218,  0.1046015 ,
        0.36803773,  0.51195315, -0.17588775, -0.04710845, -0.07850553,
       -0.17097102]) 

Generation: 60 
 - Generation Avg Fit: 19.76432064012639 
 - Best Fitness: 87.2722877417286
 - Best Solution: array([ 0.18739447,  0.413638  ,  0.30461777,  0.31874906, -0.00104249,
        0.3619043 ,  0.12309497, -0.43078037, -0.14429049,  0.15370381,
        0.48678757, -0.2229377 , -0.16610637,  0.04328867, -0.41174885,
        0.11008034, -0.32715935,  0.0039639 ,  0.20999721,  0.01786237,
        0.01074525,  0.35246331,  0.45077452,  0.07145493,  0.30017605,
       -0.21154488,  0.46944554,  0.26277538,  0.39658218,  0.1046015 ,
        0.36803773,  0.51195315, -0.17588775, -0.04710845, -0.07850553,
       -0.17097102]) 

Generation: 61 
 - Generation Avg Fit: 19.538948452753473 
 - Best Fitness: 87.2722877417286
 - Best Solution: array([ 0.18739447,  0.413638  ,  0.30461777,  0.31874906, -0.00104249,
        0.3619043 ,  0.12309497, -0.43078037, -0.14429049,  0.15370381,
        0.48678757, -0.2229377 , -0.16610637,  0.04328867, -0.41174885,
        0.11008034, -0.32715935,  0.0039639 ,  0.20999721,  0.01786237,
        0.01074525,  0.35246331,  0.45077452,  0.07145493,  0.30017605,
       -0.21154488,  0.46944554,  0.26277538,  0.39658218,  0.1046015 ,
        0.36803773,  0.51195315, -0.17588775, -0.04710845, -0.07850553,
       -0.17097102]) 

Generation: 62 
 - Generation Avg Fit: 19.871254103567342 
 - Best Fitness: 87.2722877417286
 - Best Solution: array([ 0.18739447,  0.413638  ,  0.30461777,  0.31874906, -0.00104249,
        0.3619043 ,  0.12309497, -0.43078037, -0.14429049,  0.15370381,
        0.48678757, -0.2229377 , -0.16610637,  0.04328867, -0.41174885,
        0.11008034, -0.32715935,  0.0039639 ,  0.20999721,  0.01786237,
        0.01074525,  0.35246331,  0.45077452,  0.07145493,  0.30017605,
       -0.21154488,  0.46944554,  0.26277538,  0.39658218,  0.1046015 ,
        0.36803773,  0.51195315, -0.17588775, -0.04710845, -0.07850553,
       -0.17097102]) 

Generation: 63 
 - Generation Avg Fit: 20.179752150605463 
 - Best Fitness: 87.2722877417286
 - Best Solution: array([ 0.18739447,  0.413638  ,  0.30461777,  0.31874906, -0.00104249,
        0.3619043 ,  0.12309497, -0.43078037, -0.14429049,  0.15370381,
        0.48678757, -0.2229377 , -0.16610637,  0.04328867, -0.41174885,
        0.11008034, -0.32715935,  0.0039639 ,  0.20999721,  0.01786237,
        0.01074525,  0.35246331,  0.45077452,  0.07145493,  0.30017605,
       -0.21154488,  0.46944554,  0.26277538,  0.39658218,  0.1046015 ,
        0.36803773,  0.51195315, -0.17588775, -0.04710845, -0.07850553,
       -0.17097102]) 

Generation: 64 
 - Generation Avg Fit: 20.098679677233328 
 - Best Fitness: 87.2722877417286
 - Best Solution: array([ 0.18739447,  0.413638  ,  0.30461777,  0.31874906, -0.00104249,
        0.3619043 ,  0.12309497, -0.43078037, -0.14429049,  0.15370381,
        0.48678757, -0.2229377 , -0.16610637,  0.04328867, -0.41174885,
        0.11008034, -0.32715935,  0.0039639 ,  0.20999721,  0.01786237,
        0.01074525,  0.35246331,  0.45077452,  0.07145493,  0.30017605,
       -0.21154488,  0.46944554,  0.26277538,  0.39658218,  0.1046015 ,
        0.36803773,  0.51195315, -0.17588775, -0.04710845, -0.07850553,
       -0.17097102]) 

Generation: 65 
 - Generation Avg Fit: 20.162533544713213 
 - Best Fitness: 87.2722877417286
 - Best Solution: array([ 0.18739447,  0.413638  ,  0.30461777,  0.31874906, -0.00104249,
        0.3619043 ,  0.12309497, -0.43078037, -0.14429049,  0.15370381,
        0.48678757, -0.2229377 , -0.16610637,  0.04328867, -0.41174885,
        0.11008034, -0.32715935,  0.0039639 ,  0.20999721,  0.01786237,
        0.01074525,  0.35246331,  0.45077452,  0.07145493,  0.30017605,
       -0.21154488,  0.46944554,  0.26277538,  0.39658218,  0.1046015 ,
        0.36803773,  0.51195315, -0.17588775, -0.04710845, -0.07850553,
       -0.17097102]) 

Generation: 66 
 - Generation Avg Fit: 20.072755464630006 
 - Best Fitness: 87.2722877417286
 - Best Solution: array([ 0.18739447,  0.413638  ,  0.30461777,  0.31874906, -0.00104249,
        0.3619043 ,  0.12309497, -0.43078037, -0.14429049,  0.15370381,
        0.48678757, -0.2229377 , -0.16610637,  0.04328867, -0.41174885,
        0.11008034, -0.32715935,  0.0039639 ,  0.20999721,  0.01786237,
        0.01074525,  0.35246331,  0.45077452,  0.07145493,  0.30017605,
       -0.21154488,  0.46944554,  0.26277538,  0.39658218,  0.1046015 ,
        0.36803773,  0.51195315, -0.17588775, -0.04710845, -0.07850553,
       -0.17097102]) 

Generation: 67 
 - Generation Avg Fit: 20.05300112593442 
 - Best Fitness: 87.2722877417286
 - Best Solution: array([ 0.18739447,  0.413638  ,  0.30461777,  0.31874906, -0.00104249,
        0.3619043 ,  0.12309497, -0.43078037, -0.14429049,  0.15370381,
        0.48678757, -0.2229377 , -0.16610637,  0.04328867, -0.41174885,
        0.11008034, -0.32715935,  0.0039639 ,  0.20999721,  0.01786237,
        0.01074525,  0.35246331,  0.45077452,  0.07145493,  0.30017605,
       -0.21154488,  0.46944554,  0.26277538,  0.39658218,  0.1046015 ,
        0.36803773,  0.51195315, -0.17588775, -0.04710845, -0.07850553,
       -0.17097102]) 

Generation: 68 
 - Generation Avg Fit: 20.79795864099135 
 - Best Fitness: 87.2722877417286
 - Best Solution: array([ 0.18739447,  0.413638  ,  0.30461777,  0.31874906, -0.00104249,
        0.3619043 ,  0.12309497, -0.43078037, -0.14429049,  0.15370381,
        0.48678757, -0.2229377 , -0.16610637,  0.04328867, -0.41174885,
        0.11008034, -0.32715935,  0.0039639 ,  0.20999721,  0.01786237,
        0.01074525,  0.35246331,  0.45077452,  0.07145493,  0.30017605,
       -0.21154488,  0.46944554,  0.26277538,  0.39658218,  0.1046015 ,
        0.36803773,  0.51195315, -0.17588775, -0.04710845, -0.07850553,
       -0.17097102]) 

Generation: 69 
 - Generation Avg Fit: 21.480222054421432 
 - Best Fitness: 87.2722877417286
 - Best Solution: array([ 0.18739447,  0.413638  ,  0.30461777,  0.31874906, -0.00104249,
        0.3619043 ,  0.12309497, -0.43078037, -0.14429049,  0.15370381,
        0.48678757, -0.2229377 , -0.16610637,  0.04328867, -0.41174885,
        0.11008034, -0.32715935,  0.0039639 ,  0.20999721,  0.01786237,
        0.01074525,  0.35246331,  0.45077452,  0.07145493,  0.30017605,
       -0.21154488,  0.46944554,  0.26277538,  0.39658218,  0.1046015 ,
        0.36803773,  0.51195315, -0.17588775, -0.04710845, -0.07850553,
       -0.17097102]) 

Generation: 70 
 - Generation Avg Fit: 21.078573275666336 
 - Best Fitness: 87.2722877417286
 - Best Solution: array([ 0.18739447,  0.413638  ,  0.30461777,  0.31874906, -0.00104249,
        0.3619043 ,  0.12309497, -0.43078037, -0.14429049,  0.15370381,
        0.48678757, -0.2229377 , -0.16610637,  0.04328867, -0.41174885,
        0.11008034, -0.32715935,  0.0039639 ,  0.20999721,  0.01786237,
        0.01074525,  0.35246331,  0.45077452,  0.07145493,  0.30017605,
       -0.21154488,  0.46944554,  0.26277538,  0.39658218,  0.1046015 ,
        0.36803773,  0.51195315, -0.17588775, -0.04710845, -0.07850553,
       -0.17097102]) 

Generation: 71 
 - Generation Avg Fit: 21.57472403828184 
 - Best Fitness: 87.2722877417286
 - Best Solution: array([ 0.18739447,  0.413638  ,  0.30461777,  0.31874906, -0.00104249,
        0.3619043 ,  0.12309497, -0.43078037, -0.14429049,  0.15370381,
        0.48678757, -0.2229377 , -0.16610637,  0.04328867, -0.41174885,
        0.11008034, -0.32715935,  0.0039639 ,  0.20999721,  0.01786237,
        0.01074525,  0.35246331,  0.45077452,  0.07145493,  0.30017605,
       -0.21154488,  0.46944554,  0.26277538,  0.39658218,  0.1046015 ,
        0.36803773,  0.51195315, -0.17588775, -0.04710845, -0.07850553,
       -0.17097102]) 

Generation: 72 
 - Generation Avg Fit: 21.862846967790798 
 - Best Fitness: 87.2722877417286
 - Best Solution: array([ 0.18739447,  0.413638  ,  0.30461777,  0.31874906, -0.00104249,
        0.3619043 ,  0.12309497, -0.43078037, -0.14429049,  0.15370381,
        0.48678757, -0.2229377 , -0.16610637,  0.04328867, -0.41174885,
        0.11008034, -0.32715935,  0.0039639 ,  0.20999721,  0.01786237,
        0.01074525,  0.35246331,  0.45077452,  0.07145493,  0.30017605,
       -0.21154488,  0.46944554,  0.26277538,  0.39658218,  0.1046015 ,
        0.36803773,  0.51195315, -0.17588775, -0.04710845, -0.07850553,
       -0.17097102]) 

Generation: 73 
 - Generation Avg Fit: 21.63133105518374 
 - Best Fitness: 87.2722877417286
 - Best Solution: array([ 0.18739447,  0.413638  ,  0.30461777,  0.31874906, -0.00104249,
        0.3619043 ,  0.12309497, -0.43078037, -0.14429049,  0.15370381,
        0.48678757, -0.2229377 , -0.16610637,  0.04328867, -0.41174885,
        0.11008034, -0.32715935,  0.0039639 ,  0.20999721,  0.01786237,
        0.01074525,  0.35246331,  0.45077452,  0.07145493,  0.30017605,
       -0.21154488,  0.46944554,  0.26277538,  0.39658218,  0.1046015 ,
        0.36803773,  0.51195315, -0.17588775, -0.04710845, -0.07850553,
       -0.17097102]) 

Generation: 74 
 - Generation Avg Fit: 22.131040165609555 
 - Best Fitness: 87.2722877417286
 - Best Solution: array([ 0.18739447,  0.413638  ,  0.30461777,  0.31874906, -0.00104249,
        0.3619043 ,  0.12309497, -0.43078037, -0.14429049,  0.15370381,
        0.48678757, -0.2229377 , -0.16610637,  0.04328867, -0.41174885,
        0.11008034, -0.32715935,  0.0039639 ,  0.20999721,  0.01786237,
        0.01074525,  0.35246331,  0.45077452,  0.07145493,  0.30017605,
       -0.21154488,  0.46944554,  0.26277538,  0.39658218,  0.1046015 ,
        0.36803773,  0.51195315, -0.17588775, -0.04710845, -0.07850553,
       -0.17097102]) 

Generation: 75 
 - Generation Avg Fit: 22.46734664572903 
 - Best Fitness: 87.2722877417286
 - Best Solution: array([ 0.18739447,  0.413638  ,  0.30461777,  0.31874906, -0.00104249,
        0.3619043 ,  0.12309497, -0.43078037, -0.14429049,  0.15370381,
        0.48678757, -0.2229377 , -0.16610637,  0.04328867, -0.41174885,
        0.11008034, -0.32715935,  0.0039639 ,  0.20999721,  0.01786237,
        0.01074525,  0.35246331,  0.45077452,  0.07145493,  0.30017605,
       -0.21154488,  0.46944554,  0.26277538,  0.39658218,  0.1046015 ,
        0.36803773,  0.51195315, -0.17588775, -0.04710845, -0.07850553,
       -0.17097102]) 

Generation: 76 
 - Generation Avg Fit: 22.19123750649674 
 - Best Fitness: 87.2722877417286
 - Best Solution: array([ 0.18739447,  0.413638  ,  0.30461777,  0.31874906, -0.00104249,
        0.3619043 ,  0.12309497, -0.43078037, -0.14429049,  0.15370381,
        0.48678757, -0.2229377 , -0.16610637,  0.04328867, -0.41174885,
        0.11008034, -0.32715935,  0.0039639 ,  0.20999721,  0.01786237,
        0.01074525,  0.35246331,  0.45077452,  0.07145493,  0.30017605,
       -0.21154488,  0.46944554,  0.26277538,  0.39658218,  0.1046015 ,
        0.36803773,  0.51195315, -0.17588775, -0.04710845, -0.07850553,
       -0.17097102]) 

Generation: 77 
 - Generation Avg Fit: 22.634742103613085 
 - Best Fitness: 87.2722877417286
 - Best Solution: array([ 0.18739447,  0.413638  ,  0.30461777,  0.31874906, -0.00104249,
        0.3619043 ,  0.12309497, -0.43078037, -0.14429049,  0.15370381,
        0.48678757, -0.2229377 , -0.16610637,  0.04328867, -0.41174885,
        0.11008034, -0.32715935,  0.0039639 ,  0.20999721,  0.01786237,
        0.01074525,  0.35246331,  0.45077452,  0.07145493,  0.30017605,
       -0.21154488,  0.46944554,  0.26277538,  0.39658218,  0.1046015 ,
        0.36803773,  0.51195315, -0.17588775, -0.04710845, -0.07850553,
       -0.17097102]) 

Generation: 78 
 - Generation Avg Fit: 22.120104557871596 
 - Best Fitness: 87.2722877417286
 - Best Solution: array([ 0.18739447,  0.413638  ,  0.30461777,  0.31874906, -0.00104249,
        0.3619043 ,  0.12309497, -0.43078037, -0.14429049,  0.15370381,
        0.48678757, -0.2229377 , -0.16610637,  0.04328867, -0.41174885,
        0.11008034, -0.32715935,  0.0039639 ,  0.20999721,  0.01786237,
        0.01074525,  0.35246331,  0.45077452,  0.07145493,  0.30017605,
       -0.21154488,  0.46944554,  0.26277538,  0.39658218,  0.1046015 ,
        0.36803773,  0.51195315, -0.17588775, -0.04710845, -0.07850553,
       -0.17097102]) 

Generation: 79 
 - Generation Avg Fit: 21.99925743082787 
 - Best Fitness: 87.2722877417286
 - Best Solution: array([ 0.18739447,  0.413638  ,  0.30461777,  0.31874906, -0.00104249,
        0.3619043 ,  0.12309497, -0.43078037, -0.14429049,  0.15370381,
        0.48678757, -0.2229377 , -0.16610637,  0.04328867, -0.41174885,
        0.11008034, -0.32715935,  0.0039639 ,  0.20999721,  0.01786237,
        0.01074525,  0.35246331,  0.45077452,  0.07145493,  0.30017605,
       -0.21154488,  0.46944554,  0.26277538,  0.39658218,  0.1046015 ,
        0.36803773,  0.51195315, -0.17588775, -0.04710845, -0.07850553,
       -0.17097102]) 

Generation: 80 
 - Generation Avg Fit: 23.824950905202286 
 - Best Fitness: 319.99687412257737
 - Best Solution: array([ 0.19001401, -0.13636796,  0.31470746,  0.50240482,  0.2490569 ,
       -0.09159409,  0.33539208, -0.32759471, -0.14199308,  0.2747274 ,
        0.46622181, -0.22808053, -0.31336721, -0.49631906, -0.05468277,
       -0.00616893, -0.21914194, -0.24535404, -0.43880621, -0.30271511,
       -0.14126572,  0.00218408,  0.37731325,  0.02560171,  0.41714889,
        0.39506749,  0.44056547, -0.14614337, -0.09310168,  0.07297754,
        0.17720231, -0.44974275, -0.15345268, -0.18535705, -0.1599988 ,
       -0.01179986]) 

Generation: 81 
 - Generation Avg Fit: 23.90998830255483 
 - Best Fitness: 319.99687412257737
 - Best Solution: array([ 0.18739447,  0.413638  ,  0.30461777,  0.31874906, -0.00104249,
        0.3619043 ,  0.12309497, -0.43078037, -0.14429049,  0.15370381,
        0.48678757, -0.2229377 , -0.16610637,  0.04328867, -0.41174885,
        0.11008034, -0.32715935,  0.0039639 ,  0.20999721,  0.01786237,
        0.01074525,  0.35246331,  0.45077452,  0.07145493,  0.30017605,
       -0.21154488,  0.46944554,  0.26277538,  0.39658218,  0.1046015 ,
        0.36803773,  0.51195315, -0.17588775, -0.04710845, -0.07850553,
       -0.17097102]) 

Generation: 82 
 - Generation Avg Fit: 24.39722268922908 
 - Best Fitness: 319.99687412257737
 - Best Solution: array([ 0.19001401, -0.13636796,  0.31470746,  0.50240482,  0.2490569 ,
       -0.09159409,  0.33539208, -0.32759471, -0.14199308,  0.2747274 ,
        0.46622181, -0.22808053, -0.31336721, -0.49631906, -0.05468277,
       -0.00616893, -0.21914194, -0.24535404, -0.43880621, -0.30271511,
       -0.14126572,  0.00218408,  0.37731325,  0.02560171,  0.41714889,
        0.39506749,  0.44056547, -0.14614337, -0.09310168,  0.07297754,
        0.17720231, -0.44974275, -0.15345268, -0.18535705, -0.1599988 ,
       -0.01179986]) 

Generation: 83 
 - Generation Avg Fit: 23.65438729318019 
 - Best Fitness: 319.99687412257737
 - Best Solution: array([ 0.19001401, -0.13636796,  0.31470746,  0.50240482,  0.2490569 ,
       -0.09159409,  0.33539208, -0.32759471, -0.14199308,  0.2747274 ,
        0.46622181, -0.22808053, -0.31336721, -0.49631906, -0.05468277,
       -0.00616893, -0.21914194, -0.24535404, -0.43880621, -0.30271511,
       -0.14126572,  0.00218408,  0.37731325,  0.02560171,  0.41714889,
        0.39506749,  0.44056547, -0.14614337, -0.09310168,  0.07297754,
        0.17720231, -0.44974275, -0.15345268, -0.18535705, -0.1599988 ,
       -0.01179986]) 

Generation: 84 
 - Generation Avg Fit: 23.544720940153876 
 - Best Fitness: 319.99687412257737
 - Best Solution: array([ 0.19001401, -0.13636796,  0.31470746,  0.50240482,  0.2490569 ,
       -0.09159409,  0.33539208, -0.32759471, -0.14199308,  0.2747274 ,
        0.46622181, -0.22808053, -0.31336721, -0.49631906, -0.05468277,
       -0.00616893, -0.21914194, -0.24535404, -0.43880621, -0.30271511,
       -0.14126572,  0.00218408,  0.37731325,  0.02560171,  0.41714889,
        0.39506749,  0.44056547, -0.14614337, -0.09310168,  0.07297754,
        0.17720231, -0.44974275, -0.15345268, -0.18535705, -0.1599988 ,
       -0.01179986]) 

Generation: 85 
 - Generation Avg Fit: 23.694185843116824 
 - Best Fitness: 319.99687412257737
 - Best Solution: array([ 0.19001401, -0.13636796,  0.31470746,  0.50240482,  0.2490569 ,
       -0.09159409,  0.33539208, -0.32759471, -0.14199308,  0.2747274 ,
        0.46622181, -0.22808053, -0.31336721, -0.49631906, -0.05468277,
       -0.00616893, -0.21914194, -0.24535404, -0.43880621, -0.30271511,
       -0.14126572,  0.00218408,  0.37731325,  0.02560171,  0.41714889,
        0.39506749,  0.44056547, -0.14614337, -0.09310168,  0.07297754,
        0.17720231, -0.44974275, -0.15345268, -0.18535705, -0.1599988 ,
       -0.01179986]) 

Generation: 86 
 - Generation Avg Fit: 23.68454826097939 
 - Best Fitness: 319.99687412257737
 - Best Solution: array([ 0.19001401, -0.13636796,  0.31470746,  0.50240482,  0.2490569 ,
       -0.09159409,  0.33539208, -0.32759471, -0.14199308,  0.2747274 ,
        0.46622181, -0.22808053, -0.31336721, -0.49631906, -0.05468277,
       -0.00616893, -0.21914194, -0.24535404, -0.43880621, -0.30271511,
       -0.14126572,  0.00218408,  0.37731325,  0.02560171,  0.41714889,
        0.39506749,  0.44056547, -0.14614337, -0.09310168,  0.07297754,
        0.17720231, -0.44974275, -0.15345268, -0.18535705, -0.1599988 ,
       -0.01179986]) 

Generation: 87 
 - Generation Avg Fit: 24.136139584985113 
 - Best Fitness: 319.99687412257737
 - Best Solution: array([ 0.19001401, -0.13636796,  0.31470746,  0.50240482,  0.2490569 ,
       -0.09159409,  0.33539208, -0.32759471, -0.14199308,  0.2747274 ,
        0.46622181, -0.22808053, -0.31336721, -0.49631906, -0.05468277,
       -0.00616893, -0.21914194, -0.24535404, -0.43880621, -0.30271511,
       -0.14126572,  0.00218408,  0.37731325,  0.02560171,  0.41714889,
        0.39506749,  0.44056547, -0.14614337, -0.09310168,  0.07297754,
        0.17720231, -0.44974275, -0.15345268, -0.18535705, -0.1599988 ,
       -0.01179986]) 

Generation: 88 
 - Generation Avg Fit: 24.327705577140655 
 - Best Fitness: 319.99687412257737
 - Best Solution: array([ 0.19001401, -0.13636796,  0.31470746,  0.50240482,  0.2490569 ,
       -0.09159409,  0.33539208, -0.32759471, -0.14199308,  0.2747274 ,
        0.46622181, -0.22808053, -0.31336721, -0.49631906, -0.05468277,
       -0.00616893, -0.21914194, -0.24535404, -0.43880621, -0.30271511,
       -0.14126572,  0.00218408,  0.37731325,  0.02560171,  0.41714889,
        0.39506749,  0.44056547, -0.14614337, -0.09310168,  0.07297754,
        0.17720231, -0.44974275, -0.15345268, -0.18535705, -0.1599988 ,
       -0.01179986]) 

Generation: 89 
 - Generation Avg Fit: 24.419273453235334 
 - Best Fitness: 319.99687412257737
 - Best Solution: array([ 0.19001401, -0.13636796,  0.31470746,  0.50240482,  0.2490569 ,
       -0.09159409,  0.33539208, -0.32759471, -0.14199308,  0.2747274 ,
        0.46622181, -0.22808053, -0.31336721, -0.49631906, -0.05468277,
       -0.00616893, -0.21914194, -0.24535404, -0.43880621, -0.30271511,
       -0.14126572,  0.00218408,  0.37731325,  0.02560171,  0.41714889,
        0.39506749,  0.44056547, -0.14614337, -0.09310168,  0.07297754,
        0.17720231, -0.44974275, -0.15345268, -0.18535705, -0.1599988 ,
       -0.01179986]) 

Generation: 90 
 - Generation Avg Fit: 25.10341656602472 
 - Best Fitness: 319.99687412257737
 - Best Solution: array([ 0.19001401, -0.13636796,  0.31470746,  0.50240482,  0.2490569 ,
       -0.09159409,  0.33539208, -0.32759471, -0.14199308,  0.2747274 ,
        0.46622181, -0.22808053, -0.31336721, -0.49631906, -0.05468277,
       -0.00616893, -0.21914194, -0.24535404, -0.43880621, -0.30271511,
       -0.14126572,  0.00218408,  0.37731325,  0.02560171,  0.41714889,
        0.39506749,  0.44056547, -0.14614337, -0.09310168,  0.07297754,
        0.17720231, -0.44974275, -0.15345268, -0.18535705, -0.1599988 ,
       -0.01179986]) 

Generation: 91 
 - Generation Avg Fit: 24.832651164343673 
 - Best Fitness: 319.99687412257737
 - Best Solution: array([ 0.19001401, -0.13636796,  0.31470746,  0.50240482,  0.2490569 ,
       -0.09159409,  0.33539208, -0.32759471, -0.14199308,  0.2747274 ,
        0.46622181, -0.22808053, -0.31336721, -0.49631906, -0.05468277,
       -0.00616893, -0.21914194, -0.24535404, -0.43880621, -0.30271511,
       -0.14126572,  0.00218408,  0.37731325,  0.02560171,  0.41714889,
        0.39506749,  0.44056547, -0.14614337, -0.09310168,  0.07297754,
        0.17720231, -0.44974275, -0.15345268, -0.18535705, -0.1599988 ,
       -0.01179986]) 

Generation: 92 
 - Generation Avg Fit: 25.114625502091098 
 - Best Fitness: 319.99687412257737
 - Best Solution: array([ 0.19001401, -0.13636796,  0.31470746,  0.50240482,  0.2490569 ,
       -0.09159409,  0.33539208, -0.32759471, -0.14199308,  0.2747274 ,
        0.46622181, -0.22808053, -0.31336721, -0.49631906, -0.05468277,
       -0.00616893, -0.21914194, -0.24535404, -0.43880621, -0.30271511,
       -0.14126572,  0.00218408,  0.37731325,  0.02560171,  0.41714889,
        0.39506749,  0.44056547, -0.14614337, -0.09310168,  0.07297754,
        0.17720231, -0.44974275, -0.15345268, -0.18535705, -0.1599988 ,
       -0.01179986]) 

Generation: 93 
 - Generation Avg Fit: 24.883427921386488 
 - Best Fitness: 319.99687412257737
 - Best Solution: array([ 0.19001401, -0.13636796,  0.31470746,  0.50240482,  0.2490569 ,
       -0.09159409,  0.33539208, -0.32759471, -0.14199308,  0.2747274 ,
        0.46622181, -0.22808053, -0.31336721, -0.49631906, -0.05468277,
       -0.00616893, -0.21914194, -0.24535404, -0.43880621, -0.30271511,
       -0.14126572,  0.00218408,  0.37731325,  0.02560171,  0.41714889,
        0.39506749,  0.44056547, -0.14614337, -0.09310168,  0.07297754,
        0.17720231, -0.44974275, -0.15345268, -0.18535705, -0.1599988 ,
       -0.01179986]) 

Generation: 94 
 - Generation Avg Fit: 25.478963390148436 
 - Best Fitness: 319.99687412257737
 - Best Solution: array([ 0.19001401, -0.13636796,  0.31470746,  0.50240482,  0.2490569 ,
       -0.09159409,  0.33539208, -0.32759471, -0.14199308,  0.2747274 ,
        0.46622181, -0.22808053, -0.31336721, -0.49631906, -0.05468277,
       -0.00616893, -0.21914194, -0.24535404, -0.43880621, -0.30271511,
       -0.14126572,  0.00218408,  0.37731325,  0.02560171,  0.41714889,
        0.39506749,  0.44056547, -0.14614337, -0.09310168,  0.07297754,
        0.17720231, -0.44974275, -0.15345268, -0.18535705, -0.1599988 ,
       -0.01179986]) 

Generation: 95 
 - Generation Avg Fit: 25.95532562824603 
 - Best Fitness: 319.99687412257737
 - Best Solution: array([ 0.19001401, -0.13636796,  0.31470746,  0.50240482,  0.2490569 ,
       -0.09159409,  0.33539208, -0.32759471, -0.14199308,  0.2747274 ,
        0.46622181, -0.22808053, -0.31336721, -0.49631906, -0.05468277,
       -0.00616893, -0.21914194, -0.24535404, -0.43880621, -0.30271511,
       -0.14126572,  0.00218408,  0.37731325,  0.02560171,  0.41714889,
        0.39506749,  0.44056547, -0.14614337, -0.09310168,  0.07297754,
        0.17720231, -0.44974275, -0.15345268, -0.18535705, -0.1599988 ,
       -0.01179986]) 

Generation: 96 
 - Generation Avg Fit: 25.404243338248676 
 - Best Fitness: 319.99687412257737
 - Best Solution: array([ 0.19001401, -0.13636796,  0.31470746,  0.50240482,  0.2490569 ,
       -0.09159409,  0.33539208, -0.32759471, -0.14199308,  0.2747274 ,
        0.46622181, -0.22808053, -0.31336721, -0.49631906, -0.05468277,
       -0.00616893, -0.21914194, -0.24535404, -0.43880621, -0.30271511,
       -0.14126572,  0.00218408,  0.37731325,  0.02560171,  0.41714889,
        0.39506749,  0.44056547, -0.14614337, -0.09310168,  0.07297754,
        0.17720231, -0.44974275, -0.15345268, -0.18535705, -0.1599988 ,
       -0.01179986]) 

Generation: 97 
 - Generation Avg Fit: 25.5571859154093 
 - Best Fitness: 319.99687412257737
 - Best Solution: array([ 0.19001401, -0.13636796,  0.31470746,  0.50240482,  0.2490569 ,
       -0.09159409,  0.33539208, -0.32759471, -0.14199308,  0.2747274 ,
        0.46622181, -0.22808053, -0.31336721, -0.49631906, -0.05468277,
       -0.00616893, -0.21914194, -0.24535404, -0.43880621, -0.30271511,
       -0.14126572,  0.00218408,  0.37731325,  0.02560171,  0.41714889,
        0.39506749,  0.44056547, -0.14614337, -0.09310168,  0.07297754,
        0.17720231, -0.44974275, -0.15345268, -0.18535705, -0.1599988 ,
       -0.01179986]) 

Generation: 98 
 - Generation Avg Fit: 25.582838735501806 
 - Best Fitness: 319.99687412257737
 - Best Solution: array([ 0.19001401, -0.13636796,  0.31470746,  0.50240482,  0.2490569 ,
       -0.09159409,  0.33539208, -0.32759471, -0.14199308,  0.2747274 ,
        0.46622181, -0.22808053, -0.31336721, -0.49631906, -0.05468277,
       -0.00616893, -0.21914194, -0.24535404, -0.43880621, -0.30271511,
       -0.14126572,  0.00218408,  0.37731325,  0.02560171,  0.41714889,
        0.39506749,  0.44056547, -0.14614337, -0.09310168,  0.07297754,
        0.17720231, -0.44974275, -0.15345268, -0.18535705, -0.1599988 ,
       -0.01179986]) 

Generation: 99 
 - Generation Avg Fit: 26.169318843888444 
 - Best Fitness: 319.99687412257737
 - Best Solution: array([ 0.19001401, -0.13636796,  0.31470746,  0.50240482,  0.2490569 ,
       -0.09159409,  0.33539208, -0.32759471, -0.14199308,  0.2747274 ,
        0.46622181, -0.22808053, -0.31336721, -0.49631906, -0.05468277,
       -0.00616893, -0.21914194, -0.24535404, -0.43880621, -0.30271511,
       -0.14126572,  0.00218408,  0.37731325,  0.02560171,  0.41714889,
        0.39506749,  0.44056547, -0.14614337, -0.09310168,  0.07297754,
        0.17720231, -0.44974275, -0.15345268, -0.18535705, -0.1599988 ,
       -0.01179986]) 

Generation: 100 
 - Generation Avg Fit: 25.749850492661427 
 - Best Fitness: 319.99687412257737
 - Best Solution: array([ 0.19001401, -0.13636796,  0.31470746,  0.50240482,  0.2490569 ,
       -0.09159409,  0.33539208, -0.32759471, -0.14199308,  0.2747274 ,
        0.46622181, -0.22808053, -0.31336721, -0.49631906, -0.05468277,
       -0.00616893, -0.21914194, -0.24535404, -0.43880621, -0.30271511,
       -0.14126572,  0.00218408,  0.37731325,  0.02560171,  0.41714889,
        0.39506749,  0.44056547, -0.14614337, -0.09310168,  0.07297754,
        0.17720231, -0.44974275, -0.15345268, -0.18535705, -0.1599988 ,
       -0.01179986]) 

Generation: 101 
 - Generation Avg Fit: 26.170007478161004 
 - Best Fitness: 319.99687412257737
 - Best Solution: array([ 0.19001401, -0.13636796,  0.31470746,  0.50240482,  0.2490569 ,
       -0.09159409,  0.33539208, -0.32759471, -0.14199308,  0.2747274 ,
        0.46622181, -0.22808053, -0.31336721, -0.49631906, -0.05468277,
       -0.00616893, -0.21914194, -0.24535404, -0.43880621, -0.30271511,
       -0.14126572,  0.00218408,  0.37731325,  0.02560171,  0.41714889,
        0.39506749,  0.44056547, -0.14614337, -0.09310168,  0.07297754,
        0.17720231, -0.44974275, -0.15345268, -0.18535705, -0.1599988 ,
       -0.01179986]) 

Generation: 102 
 - Generation Avg Fit: 26.0252341784286 
 - Best Fitness: 319.99687412257737
 - Best Solution: array([ 0.19001401, -0.13636796,  0.31470746,  0.50240482,  0.2490569 ,
       -0.09159409,  0.33539208, -0.32759471, -0.14199308,  0.2747274 ,
        0.46622181, -0.22808053, -0.31336721, -0.49631906, -0.05468277,
       -0.00616893, -0.21914194, -0.24535404, -0.43880621, -0.30271511,
       -0.14126572,  0.00218408,  0.37731325,  0.02560171,  0.41714889,
        0.39506749,  0.44056547, -0.14614337, -0.09310168,  0.07297754,
        0.17720231, -0.44974275, -0.15345268, -0.18535705, -0.1599988 ,
       -0.01179986]) 

Generation: 103 
 - Generation Avg Fit: 26.335313683002834 
 - Best Fitness: 319.99687412257737
 - Best Solution: array([ 0.19001401, -0.13636796,  0.31470746,  0.50240482,  0.2490569 ,
       -0.09159409,  0.33539208, -0.32759471, -0.14199308,  0.2747274 ,
        0.46622181, -0.22808053, -0.31336721, -0.49631906, -0.05468277,
       -0.00616893, -0.21914194, -0.24535404, -0.43880621, -0.30271511,
       -0.14126572,  0.00218408,  0.37731325,  0.02560171,  0.41714889,
        0.39506749,  0.44056547, -0.14614337, -0.09310168,  0.07297754,
        0.17720231, -0.44974275, -0.15345268, -0.18535705, -0.1599988 ,
       -0.01179986]) 

Generation: 104 
 - Generation Avg Fit: 26.062664775710786 
 - Best Fitness: 319.99687412257737
 - Best Solution: array([ 0.19001401, -0.13636796,  0.31470746,  0.50240482,  0.2490569 ,
       -0.09159409,  0.33539208, -0.32759471, -0.14199308,  0.2747274 ,
        0.46622181, -0.22808053, -0.31336721, -0.49631906, -0.05468277,
       -0.00616893, -0.21914194, -0.24535404, -0.43880621, -0.30271511,
       -0.14126572,  0.00218408,  0.37731325,  0.02560171,  0.41714889,
        0.39506749,  0.44056547, -0.14614337, -0.09310168,  0.07297754,
        0.17720231, -0.44974275, -0.15345268, -0.18535705, -0.1599988 ,
       -0.01179986]) 

Generation: 105 
 - Generation Avg Fit: 26.781759702820388 
 - Best Fitness: 319.99687412257737
 - Best Solution: array([ 0.19001401, -0.13636796,  0.31470746,  0.50240482,  0.2490569 ,
       -0.09159409,  0.33539208, -0.32759471, -0.14199308,  0.2747274 ,
        0.46622181, -0.22808053, -0.31336721, -0.49631906, -0.05468277,
       -0.00616893, -0.21914194, -0.24535404, -0.43880621, -0.30271511,
       -0.14126572,  0.00218408,  0.37731325,  0.02560171,  0.41714889,
        0.39506749,  0.44056547, -0.14614337, -0.09310168,  0.07297754,
        0.17720231, -0.44974275, -0.15345268, -0.18535705, -0.1599988 ,
       -0.01179986]) 

Generation: 106 
 - Generation Avg Fit: 26.64026310218981 
 - Best Fitness: 319.99687412257737
 - Best Solution: array([ 0.19001401, -0.13636796,  0.31470746,  0.50240482,  0.2490569 ,
       -0.09159409,  0.33539208, -0.32759471, -0.14199308,  0.2747274 ,
        0.46622181, -0.22808053, -0.31336721, -0.49631906, -0.05468277,
       -0.00616893, -0.21914194, -0.24535404, -0.43880621, -0.30271511,
       -0.14126572,  0.00218408,  0.37731325,  0.02560171,  0.41714889,
        0.39506749,  0.44056547, -0.14614337, -0.09310168,  0.07297754,
        0.17720231, -0.44974275, -0.15345268, -0.18535705, -0.1599988 ,
       -0.01179986]) 

Generation: 107 
 - Generation Avg Fit: 26.392649915144574 
 - Best Fitness: 319.99687412257737
 - Best Solution: array([ 0.19001401, -0.13636796,  0.31470746,  0.50240482,  0.2490569 ,
       -0.09159409,  0.33539208, -0.32759471, -0.14199308,  0.2747274 ,
        0.46622181, -0.22808053, -0.31336721, -0.49631906, -0.05468277,
       -0.00616893, -0.21914194, -0.24535404, -0.43880621, -0.30271511,
       -0.14126572,  0.00218408,  0.37731325,  0.02560171,  0.41714889,
        0.39506749,  0.44056547, -0.14614337, -0.09310168,  0.07297754,
        0.17720231, -0.44974275, -0.15345268, -0.18535705, -0.1599988 ,
       -0.01179986]) 

Generation: 108 
 - Generation Avg Fit: 26.356290131733612 
 - Best Fitness: 319.99687412257737
 - Best Solution: array([ 0.19001401, -0.13636796,  0.31470746,  0.50240482,  0.2490569 ,
       -0.09159409,  0.33539208, -0.32759471, -0.14199308,  0.2747274 ,
        0.46622181, -0.22808053, -0.31336721, -0.49631906, -0.05468277,
       -0.00616893, -0.21914194, -0.24535404, -0.43880621, -0.30271511,
       -0.14126572,  0.00218408,  0.37731325,  0.02560171,  0.41714889,
        0.39506749,  0.44056547, -0.14614337, -0.09310168,  0.07297754,
        0.17720231, -0.44974275, -0.15345268, -0.18535705, -0.1599988 ,
       -0.01179986]) 

Generation: 109 
 - Generation Avg Fit: 26.435514597393848 
 - Best Fitness: 319.99687412257737
 - Best Solution: array([ 0.19001401, -0.13636796,  0.31470746,  0.50240482,  0.2490569 ,
       -0.09159409,  0.33539208, -0.32759471, -0.14199308,  0.2747274 ,
        0.46622181, -0.22808053, -0.31336721, -0.49631906, -0.05468277,
       -0.00616893, -0.21914194, -0.24535404, -0.43880621, -0.30271511,
       -0.14126572,  0.00218408,  0.37731325,  0.02560171,  0.41714889,
        0.39506749,  0.44056547, -0.14614337, -0.09310168,  0.07297754,
        0.17720231, -0.44974275, -0.15345268, -0.18535705, -0.1599988 ,
       -0.01179986]) 

Generation: 110 
 - Generation Avg Fit: 26.136754215082895 
 - Best Fitness: 319.99687412257737
 - Best Solution: array([ 0.19001401, -0.13636796,  0.31470746,  0.50240482,  0.2490569 ,
       -0.09159409,  0.33539208, -0.32759471, -0.14199308,  0.2747274 ,
        0.46622181, -0.22808053, -0.31336721, -0.49631906, -0.05468277,
       -0.00616893, -0.21914194, -0.24535404, -0.43880621, -0.30271511,
       -0.14126572,  0.00218408,  0.37731325,  0.02560171,  0.41714889,
        0.39506749,  0.44056547, -0.14614337, -0.09310168,  0.07297754,
        0.17720231, -0.44974275, -0.15345268, -0.18535705, -0.1599988 ,
       -0.01179986]) 

Generation: 111 
 - Generation Avg Fit: 26.345101116476595 
 - Best Fitness: 319.99687412257737
 - Best Solution: array([ 0.19001401, -0.13636796,  0.31470746,  0.50240482,  0.2490569 ,
       -0.09159409,  0.33539208, -0.32759471, -0.14199308,  0.2747274 ,
        0.46622181, -0.22808053, -0.31336721, -0.49631906, -0.05468277,
       -0.00616893, -0.21914194, -0.24535404, -0.43880621, -0.30271511,
       -0.14126572,  0.00218408,  0.37731325,  0.02560171,  0.41714889,
        0.39506749,  0.44056547, -0.14614337, -0.09310168,  0.07297754,
        0.17720231, -0.44974275, -0.15345268, -0.18535705, -0.1599988 ,
       -0.01179986]) 

Generation: 112 
 - Generation Avg Fit: 26.35564103114333 
 - Best Fitness: 319.99687412257737
 - Best Solution: array([ 0.19001401, -0.13636796,  0.31470746,  0.50240482,  0.2490569 ,
       -0.09159409,  0.33539208, -0.32759471, -0.14199308,  0.2747274 ,
        0.46622181, -0.22808053, -0.31336721, -0.49631906, -0.05468277,
       -0.00616893, -0.21914194, -0.24535404, -0.43880621, -0.30271511,
       -0.14126572,  0.00218408,  0.37731325,  0.02560171,  0.41714889,
        0.39506749,  0.44056547, -0.14614337, -0.09310168,  0.07297754,
        0.17720231, -0.44974275, -0.15345268, -0.18535705, -0.1599988 ,
       -0.01179986]) 

Generation: 113 
 - Generation Avg Fit: 26.873401482018515 
 - Best Fitness: 319.99687412257737
 - Best Solution: array([ 0.19001401, -0.13636796,  0.31470746,  0.50240482,  0.2490569 ,
       -0.09159409,  0.33539208, -0.32759471, -0.14199308,  0.2747274 ,
        0.46622181, -0.22808053, -0.31336721, -0.49631906, -0.05468277,
       -0.00616893, -0.21914194, -0.24535404, -0.43880621, -0.30271511,
       -0.14126572,  0.00218408,  0.37731325,  0.02560171,  0.41714889,
        0.39506749,  0.44056547, -0.14614337, -0.09310168,  0.07297754,
        0.17720231, -0.44974275, -0.15345268, -0.18535705, -0.1599988 ,
       -0.01179986]) 

Generation: 114 
 - Generation Avg Fit: 26.696693629492994 
 - Best Fitness: 319.99687412257737
 - Best Solution: array([ 0.19001401, -0.13636796,  0.31470746,  0.50240482,  0.2490569 ,
       -0.09159409,  0.33539208, -0.32759471, -0.14199308,  0.2747274 ,
        0.46622181, -0.22808053, -0.31336721, -0.49631906, -0.05468277,
       -0.00616893, -0.21914194, -0.24535404, -0.43880621, -0.30271511,
       -0.14126572,  0.00218408,  0.37731325,  0.02560171,  0.41714889,
        0.39506749,  0.44056547, -0.14614337, -0.09310168,  0.07297754,
        0.17720231, -0.44974275, -0.15345268, -0.18535705, -0.1599988 ,
       -0.01179986]) 

Generation: 115 
 - Generation Avg Fit: 26.280713045744662 
 - Best Fitness: 319.99687412257737
 - Best Solution: array([ 0.19001401, -0.13636796,  0.31470746,  0.50240482,  0.2490569 ,
       -0.09159409,  0.33539208, -0.32759471, -0.14199308,  0.2747274 ,
        0.46622181, -0.22808053, -0.31336721, -0.49631906, -0.05468277,
       -0.00616893, -0.21914194, -0.24535404, -0.43880621, -0.30271511,
       -0.14126572,  0.00218408,  0.37731325,  0.02560171,  0.41714889,
        0.39506749,  0.44056547, -0.14614337, -0.09310168,  0.07297754,
        0.17720231, -0.44974275, -0.15345268, -0.18535705, -0.1599988 ,
       -0.01179986]) 

Generation: 116 
 - Generation Avg Fit: 26.414125935015296 
 - Best Fitness: 319.99687412257737
 - Best Solution: array([ 0.19001401, -0.13636796,  0.31470746,  0.50240482,  0.2490569 ,
       -0.09159409,  0.33539208, -0.32759471, -0.14199308,  0.2747274 ,
        0.46622181, -0.22808053, -0.31336721, -0.49631906, -0.05468277,
       -0.00616893, -0.21914194, -0.24535404, -0.43880621, -0.30271511,
       -0.14126572,  0.00218408,  0.37731325,  0.02560171,  0.41714889,
        0.39506749,  0.44056547, -0.14614337, -0.09310168,  0.07297754,
        0.17720231, -0.44974275, -0.15345268, -0.18535705, -0.1599988 ,
       -0.01179986]) 

Generation: 117 
 - Generation Avg Fit: 26.805817297721983 
 - Best Fitness: 319.99687412257737
 - Best Solution: array([ 0.19001401, -0.13636796,  0.31470746,  0.50240482,  0.2490569 ,
       -0.09159409,  0.33539208, -0.32759471, -0.14199308,  0.2747274 ,
        0.46622181, -0.22808053, -0.31336721, -0.49631906, -0.05468277,
       -0.00616893, -0.21914194, -0.24535404, -0.43880621, -0.30271511,
       -0.14126572,  0.00218408,  0.37731325,  0.02560171,  0.41714889,
        0.39506749,  0.44056547, -0.14614337, -0.09310168,  0.07297754,
        0.17720231, -0.44974275, -0.15345268, -0.18535705, -0.1599988 ,
       -0.01179986]) 

Generation: 118 
 - Generation Avg Fit: 26.508327496632155 
 - Best Fitness: 319.99687412257737
 - Best Solution: array([ 0.19001401, -0.13636796,  0.31470746,  0.50240482,  0.2490569 ,
       -0.09159409,  0.33539208, -0.32759471, -0.14199308,  0.2747274 ,
        0.46622181, -0.22808053, -0.31336721, -0.49631906, -0.05468277,
       -0.00616893, -0.21914194, -0.24535404, -0.43880621, -0.30271511,
       -0.14126572,  0.00218408,  0.37731325,  0.02560171,  0.41714889,
        0.39506749,  0.44056547, -0.14614337, -0.09310168,  0.07297754,
        0.17720231, -0.44974275, -0.15345268, -0.18535705, -0.1599988 ,
       -0.01179986]) 

Generation: 119 
 - Generation Avg Fit: 27.470470583708853 
 - Best Fitness: 319.99687412257737
 - Best Solution: array([ 0.19001401, -0.13636796,  0.31470746,  0.50240482,  0.2490569 ,
       -0.09159409,  0.33539208, -0.32759471, -0.14199308,  0.2747274 ,
        0.46622181, -0.22808053, -0.31336721, -0.49631906, -0.05468277,
       -0.00616893, -0.21914194, -0.24535404, -0.43880621, -0.30271511,
       -0.14126572,  0.00218408,  0.37731325,  0.02560171,  0.41714889,
        0.39506749,  0.44056547, -0.14614337, -0.09310168,  0.07297754,
        0.17720231, -0.44974275, -0.15345268, -0.18535705, -0.1599988 ,
       -0.01179986]) 

Generation: 120 
 - Generation Avg Fit: 27.678400130713204 
 - Best Fitness: 319.99687412257737
 - Best Solution: array([ 0.19001401, -0.13636796,  0.31470746,  0.50240482,  0.2490569 ,
       -0.09159409,  0.33539208, -0.32759471, -0.14199308,  0.2747274 ,
        0.46622181, -0.22808053, -0.31336721, -0.49631906, -0.05468277,
       -0.00616893, -0.21914194, -0.24535404, -0.43880621, -0.30271511,
       -0.14126572,  0.00218408,  0.37731325,  0.02560171,  0.41714889,
        0.39506749,  0.44056547, -0.14614337, -0.09310168,  0.07297754,
        0.17720231, -0.44974275, -0.15345268, -0.18535705, -0.1599988 ,
       -0.01179986]) 

Generation: 121 
 - Generation Avg Fit: 27.48462544179287 
 - Best Fitness: 319.99687412257737
 - Best Solution: array([ 0.19001401, -0.13636796,  0.31470746,  0.50240482,  0.2490569 ,
       -0.09159409,  0.33539208, -0.32759471, -0.14199308,  0.2747274 ,
        0.46622181, -0.22808053, -0.31336721, -0.49631906, -0.05468277,
       -0.00616893, -0.21914194, -0.24535404, -0.43880621, -0.30271511,
       -0.14126572,  0.00218408,  0.37731325,  0.02560171,  0.41714889,
        0.39506749,  0.44056547, -0.14614337, -0.09310168,  0.07297754,
        0.17720231, -0.44974275, -0.15345268, -0.18535705, -0.1599988 ,
       -0.01179986]) 

Generation: 122 
 - Generation Avg Fit: 27.872284868253082 
 - Best Fitness: 319.99687412257737
 - Best Solution: array([ 0.19001401, -0.13636796,  0.31470746,  0.50240482,  0.2490569 ,
       -0.09159409,  0.33539208, -0.32759471, -0.14199308,  0.2747274 ,
        0.46622181, -0.22808053, -0.31336721, -0.49631906, -0.05468277,
       -0.00616893, -0.21914194, -0.24535404, -0.43880621, -0.30271511,
       -0.14126572,  0.00218408,  0.37731325,  0.02560171,  0.41714889,
        0.39506749,  0.44056547, -0.14614337, -0.09310168,  0.07297754,
        0.17720231, -0.44974275, -0.15345268, -0.18535705, -0.1599988 ,
       -0.01179986]) 

Generation: 123 
 - Generation Avg Fit: 27.964938918640282 
 - Best Fitness: 319.99687412257737
 - Best Solution: array([ 0.19001401, -0.13636796,  0.31470746,  0.50240482,  0.2490569 ,
       -0.09159409,  0.33539208, -0.32759471, -0.14199308,  0.2747274 ,
        0.46622181, -0.22808053, -0.31336721, -0.49631906, -0.05468277,
       -0.00616893, -0.21914194, -0.24535404, -0.43880621, -0.30271511,
       -0.14126572,  0.00218408,  0.37731325,  0.02560171,  0.41714889,
        0.39506749,  0.44056547, -0.14614337, -0.09310168,  0.07297754,
        0.17720231, -0.44974275, -0.15345268, -0.18535705, -0.1599988 ,
       -0.01179986]) 

Generation: 124 
 - Generation Avg Fit: 29.218057970974552 
 - Best Fitness: 319.99687412257737
 - Best Solution: array([ 0.19001401, -0.13636796,  0.31470746,  0.50240482,  0.2490569 ,
       -0.09159409,  0.33539208, -0.32759471, -0.14199308,  0.2747274 ,
        0.46622181, -0.22808053, -0.31336721, -0.49631906, -0.05468277,
       -0.00616893, -0.21914194, -0.24535404, -0.43880621, -0.30271511,
       -0.14126572,  0.00218408,  0.37731325,  0.02560171,  0.41714889,
        0.39506749,  0.44056547, -0.14614337, -0.09310168,  0.07297754,
        0.17720231, -0.44974275, -0.15345268, -0.18535705, -0.1599988 ,
       -0.01179986]) 

Generation: 125 
 - Generation Avg Fit: 29.46589581870826 
 - Best Fitness: 319.99687412257737
 - Best Solution: array([ 0.19001401, -0.13636796,  0.31470746,  0.50240482,  0.2490569 ,
       -0.09159409,  0.33539208, -0.32759471, -0.14199308,  0.2747274 ,
        0.46622181, -0.22808053, -0.31336721, -0.49631906, -0.05468277,
       -0.00616893, -0.21914194, -0.24535404, -0.43880621, -0.30271511,
       -0.14126572,  0.00218408,  0.37731325,  0.02560171,  0.41714889,
        0.39506749,  0.44056547, -0.14614337, -0.09310168,  0.07297754,
        0.17720231, -0.44974275, -0.15345268, -0.18535705, -0.1599988 ,
       -0.01179986]) 

Generation: 126 
 - Generation Avg Fit: 29.59091891766231 
 - Best Fitness: 319.99687412257737
 - Best Solution: array([ 0.19001401, -0.13636796,  0.31470746,  0.50240482,  0.2490569 ,
       -0.09159409,  0.33539208, -0.32759471, -0.14199308,  0.2747274 ,
        0.46622181, -0.22808053, -0.31336721, -0.49631906, -0.05468277,
       -0.00616893, -0.21914194, -0.24535404, -0.43880621, -0.30271511,
       -0.14126572,  0.00218408,  0.37731325,  0.02560171,  0.41714889,
        0.39506749,  0.44056547, -0.14614337, -0.09310168,  0.07297754,
        0.17720231, -0.44974275, -0.15345268, -0.18535705, -0.1599988 ,
       -0.01179986]) 

Generation: 127 
 - Generation Avg Fit: 29.029881134138478 
 - Best Fitness: 319.99687412257737
 - Best Solution: array([ 0.19001401, -0.13636796,  0.31470746,  0.50240482,  0.2490569 ,
       -0.09159409,  0.33539208, -0.32759471, -0.14199308,  0.2747274 ,
        0.46622181, -0.22808053, -0.31336721, -0.49631906, -0.05468277,
       -0.00616893, -0.21914194, -0.24535404, -0.43880621, -0.30271511,
       -0.14126572,  0.00218408,  0.37731325,  0.02560171,  0.41714889,
        0.39506749,  0.44056547, -0.14614337, -0.09310168,  0.07297754,
        0.17720231, -0.44974275, -0.15345268, -0.18535705, -0.1599988 ,
       -0.01179986]) 

Generation: 128 
 - Generation Avg Fit: 29.394713959437766 
 - Best Fitness: 319.99687412257737
 - Best Solution: array([ 0.19001401, -0.13636796,  0.31470746,  0.50240482,  0.2490569 ,
       -0.09159409,  0.33539208, -0.32759471, -0.14199308,  0.2747274 ,
        0.46622181, -0.22808053, -0.31336721, -0.49631906, -0.05468277,
       -0.00616893, -0.21914194, -0.24535404, -0.43880621, -0.30271511,
       -0.14126572,  0.00218408,  0.37731325,  0.02560171,  0.41714889,
        0.39506749,  0.44056547, -0.14614337, -0.09310168,  0.07297754,
        0.17720231, -0.44974275, -0.15345268, -0.18535705, -0.1599988 ,
       -0.01179986]) 

Generation: 129 
 - Generation Avg Fit: 29.93192952261294 
 - Best Fitness: 319.99687412257737
 - Best Solution: array([ 0.19001401, -0.13636796,  0.31470746,  0.50240482,  0.2490569 ,
       -0.09159409,  0.33539208, -0.32759471, -0.14199308,  0.2747274 ,
        0.46622181, -0.22808053, -0.31336721, -0.49631906, -0.05468277,
       -0.00616893, -0.21914194, -0.24535404, -0.43880621, -0.30271511,
       -0.14126572,  0.00218408,  0.37731325,  0.02560171,  0.41714889,
        0.39506749,  0.44056547, -0.14614337, -0.09310168,  0.07297754,
        0.17720231, -0.44974275, -0.15345268, -0.18535705, -0.1599988 ,
       -0.01179986]) 

Generation: 130 
 - Generation Avg Fit: 30.04732671067677 
 - Best Fitness: 319.99687412257737
 - Best Solution: array([ 0.19001401, -0.13636796,  0.31470746,  0.50240482,  0.2490569 ,
       -0.09159409,  0.33539208, -0.32759471, -0.14199308,  0.2747274 ,
        0.46622181, -0.22808053, -0.31336721, -0.49631906, -0.05468277,
       -0.00616893, -0.21914194, -0.24535404, -0.43880621, -0.30271511,
       -0.14126572,  0.00218408,  0.37731325,  0.02560171,  0.41714889,
        0.39506749,  0.44056547, -0.14614337, -0.09310168,  0.07297754,
        0.17720231, -0.44974275, -0.15345268, -0.18535705, -0.1599988 ,
       -0.01179986]) 

Generation: 131 
 - Generation Avg Fit: 29.808035438768776 
 - Best Fitness: 319.99687412257737
 - Best Solution: array([ 0.19001401, -0.13636796,  0.31470746,  0.50240482,  0.2490569 ,
       -0.09159409,  0.33539208, -0.32759471, -0.14199308,  0.2747274 ,
        0.46622181, -0.22808053, -0.31336721, -0.49631906, -0.05468277,
       -0.00616893, -0.21914194, -0.24535404, -0.43880621, -0.30271511,
       -0.14126572,  0.00218408,  0.37731325,  0.02560171,  0.41714889,
        0.39506749,  0.44056547, -0.14614337, -0.09310168,  0.07297754,
        0.17720231, -0.44974275, -0.15345268, -0.18535705, -0.1599988 ,
       -0.01179986]) 

Generation: 132 
 - Generation Avg Fit: 30.24636019866674 
 - Best Fitness: 319.99687412257737
 - Best Solution: array([ 0.19001401, -0.13636796,  0.31470746,  0.50240482,  0.2490569 ,
       -0.09159409,  0.33539208, -0.32759471, -0.14199308,  0.2747274 ,
        0.46622181, -0.22808053, -0.31336721, -0.49631906, -0.05468277,
       -0.00616893, -0.21914194, -0.24535404, -0.43880621, -0.30271511,
       -0.14126572,  0.00218408,  0.37731325,  0.02560171,  0.41714889,
        0.39506749,  0.44056547, -0.14614337, -0.09310168,  0.07297754,
        0.17720231, -0.44974275, -0.15345268, -0.18535705, -0.1599988 ,
       -0.01179986]) 

Generation: 133 
 - Generation Avg Fit: 30.295280793422123 
 - Best Fitness: 319.99687412257737
 - Best Solution: array([ 0.19001401, -0.13636796,  0.31470746,  0.50240482,  0.2490569 ,
       -0.09159409,  0.33539208, -0.32759471, -0.14199308,  0.2747274 ,
        0.46622181, -0.22808053, -0.31336721, -0.49631906, -0.05468277,
       -0.00616893, -0.21914194, -0.24535404, -0.43880621, -0.30271511,
       -0.14126572,  0.00218408,  0.37731325,  0.02560171,  0.41714889,
        0.39506749,  0.44056547, -0.14614337, -0.09310168,  0.07297754,
        0.17720231, -0.44974275, -0.15345268, -0.18535705, -0.1599988 ,
       -0.01179986]) 

Generation: 134 
 - Generation Avg Fit: 31.23101158515669 
 - Best Fitness: 319.99687412257737
 - Best Solution: array([ 0.19001401, -0.13636796,  0.31470746,  0.50240482,  0.2490569 ,
       -0.09159409,  0.33539208, -0.32759471, -0.14199308,  0.2747274 ,
        0.46622181, -0.22808053, -0.31336721, -0.49631906, -0.05468277,
       -0.00616893, -0.21914194, -0.24535404, -0.43880621, -0.30271511,
       -0.14126572,  0.00218408,  0.37731325,  0.02560171,  0.41714889,
        0.39506749,  0.44056547, -0.14614337, -0.09310168,  0.07297754,
        0.17720231, -0.44974275, -0.15345268, -0.18535705, -0.1599988 ,
       -0.01179986]) 

Generation: 135 
 - Generation Avg Fit: 30.74684384417095 
 - Best Fitness: 319.99687412257737
 - Best Solution: array([ 0.19001401, -0.13636796,  0.31470746,  0.50240482,  0.2490569 ,
       -0.09159409,  0.33539208, -0.32759471, -0.14199308,  0.2747274 ,
        0.46622181, -0.22808053, -0.31336721, -0.49631906, -0.05468277,
       -0.00616893, -0.21914194, -0.24535404, -0.43880621, -0.30271511,
       -0.14126572,  0.00218408,  0.37731325,  0.02560171,  0.41714889,
        0.39506749,  0.44056547, -0.14614337, -0.09310168,  0.07297754,
        0.17720231, -0.44974275, -0.15345268, -0.18535705, -0.1599988 ,
       -0.01179986]) 

Generation: 136 
 - Generation Avg Fit: 31.4552348995094 
 - Best Fitness: 319.99687412257737
 - Best Solution: array([ 0.19001401, -0.13636796,  0.31470746,  0.50240482,  0.2490569 ,
       -0.09159409,  0.33539208, -0.32759471, -0.14199308,  0.2747274 ,
        0.46622181, -0.22808053, -0.31336721, -0.49631906, -0.05468277,
       -0.00616893, -0.21914194, -0.24535404, -0.43880621, -0.30271511,
       -0.14126572,  0.00218408,  0.37731325,  0.02560171,  0.41714889,
        0.39506749,  0.44056547, -0.14614337, -0.09310168,  0.07297754,
        0.17720231, -0.44974275, -0.15345268, -0.18535705, -0.1599988 ,
       -0.01179986]) 

Generation: 137 
 - Generation Avg Fit: 33.64320261109191 
 - Best Fitness: 319.99687412257737
 - Best Solution: array([ 0.19001401, -0.13636796,  0.31470746,  0.50240482,  0.2490569 ,
       -0.09159409,  0.33539208, -0.32759471, -0.14199308,  0.2747274 ,
        0.46622181, -0.22808053, -0.31336721, -0.49631906, -0.05468277,
       -0.00616893, -0.21914194, -0.24535404, -0.43880621, -0.30271511,
       -0.14126572,  0.00218408,  0.37731325,  0.02560171,  0.41714889,
        0.39506749,  0.44056547, -0.14614337, -0.09310168,  0.07297754,
        0.17720231, -0.44974275, -0.15345268, -0.18535705, -0.1599988 ,
       -0.01179986]) 

Generation: 138 
 - Generation Avg Fit: 33.21588412179573 
 - Best Fitness: 319.99687412257737
 - Best Solution: array([ 0.19001401, -0.13636796,  0.31470746,  0.50240482,  0.2490569 ,
       -0.09159409,  0.33539208, -0.32759471, -0.14199308,  0.2747274 ,
        0.46622181, -0.22808053, -0.31336721, -0.49631906, -0.05468277,
       -0.00616893, -0.21914194, -0.24535404, -0.43880621, -0.30271511,
       -0.14126572,  0.00218408,  0.37731325,  0.02560171,  0.41714889,
        0.39506749,  0.44056547, -0.14614337, -0.09310168,  0.07297754,
        0.17720231, -0.44974275, -0.15345268, -0.18535705, -0.1599988 ,
       -0.01179986]) 

Generation: 139 
 - Generation Avg Fit: 32.992959601650604 
 - Best Fitness: 319.99687412257737
 - Best Solution: array([ 0.19001401, -0.13636796,  0.31470746,  0.50240482,  0.2490569 ,
       -0.09159409,  0.33539208, -0.32759471, -0.14199308,  0.2747274 ,
        0.46622181, -0.22808053, -0.31336721, -0.49631906, -0.05468277,
       -0.00616893, -0.21914194, -0.24535404, -0.43880621, -0.30271511,
       -0.14126572,  0.00218408,  0.37731325,  0.02560171,  0.41714889,
        0.39506749,  0.44056547, -0.14614337, -0.09310168,  0.07297754,
        0.17720231, -0.44974275, -0.15345268, -0.18535705, -0.1599988 ,
       -0.01179986]) 

Generation: 140 
 - Generation Avg Fit: 33.33207164651611 
 - Best Fitness: 319.99687412257737
 - Best Solution: array([ 0.19001401, -0.13636796,  0.31470746,  0.50240482,  0.2490569 ,
       -0.09159409,  0.33539208, -0.32759471, -0.14199308,  0.2747274 ,
        0.46622181, -0.22808053, -0.31336721, -0.49631906, -0.05468277,
       -0.00616893, -0.21914194, -0.24535404, -0.43880621, -0.30271511,
       -0.14126572,  0.00218408,  0.37731325,  0.02560171,  0.41714889,
        0.39506749,  0.44056547, -0.14614337, -0.09310168,  0.07297754,
        0.17720231, -0.44974275, -0.15345268, -0.18535705, -0.1599988 ,
       -0.01179986]) 

Generation: 141 
 - Generation Avg Fit: 33.71358260954504 
 - Best Fitness: 319.99687412257737
 - Best Solution: array([ 0.19001401, -0.13636796,  0.31470746,  0.50240482,  0.2490569 ,
       -0.09159409,  0.33539208, -0.32759471, -0.14199308,  0.2747274 ,
        0.46622181, -0.22808053, -0.31336721, -0.49631906, -0.05468277,
       -0.00616893, -0.21914194, -0.24535404, -0.43880621, -0.30271511,
       -0.14126572,  0.00218408,  0.37731325,  0.02560171,  0.41714889,
        0.39506749,  0.44056547, -0.14614337, -0.09310168,  0.07297754,
        0.17720231, -0.44974275, -0.15345268, -0.18535705, -0.1599988 ,
       -0.01179986]) 

Generation: 142 
 - Generation Avg Fit: 33.467268424560416 
 - Best Fitness: 319.99687412257737
 - Best Solution: array([ 0.19001401, -0.13636796,  0.31470746,  0.50240482,  0.2490569 ,
       -0.09159409,  0.33539208, -0.32759471, -0.14199308,  0.2747274 ,
        0.46622181, -0.22808053, -0.31336721, -0.49631906, -0.05468277,
       -0.00616893, -0.21914194, -0.24535404, -0.43880621, -0.30271511,
       -0.14126572,  0.00218408,  0.37731325,  0.02560171,  0.41714889,
        0.39506749,  0.44056547, -0.14614337, -0.09310168,  0.07297754,
        0.17720231, -0.44974275, -0.15345268, -0.18535705, -0.1599988 ,
       -0.01179986]) 

Generation: 143 
 - Generation Avg Fit: 34.304663320927254 
 - Best Fitness: 319.99687412257737
 - Best Solution: array([ 0.19001401, -0.13636796,  0.31470746,  0.50240482,  0.2490569 ,
       -0.09159409,  0.33539208, -0.32759471, -0.14199308,  0.2747274 ,
        0.46622181, -0.22808053, -0.31336721, -0.49631906, -0.05468277,
       -0.00616893, -0.21914194, -0.24535404, -0.43880621, -0.30271511,
       -0.14126572,  0.00218408,  0.37731325,  0.02560171,  0.41714889,
        0.39506749,  0.44056547, -0.14614337, -0.09310168,  0.07297754,
        0.17720231, -0.44974275, -0.15345268, -0.18535705, -0.1599988 ,
       -0.01179986]) 

Generation: 144 
 - Generation Avg Fit: 35.36323182777889 
 - Best Fitness: 319.99687412257737
 - Best Solution: array([ 0.19001401, -0.13636796,  0.31470746,  0.50240482,  0.2490569 ,
       -0.09159409,  0.33539208, -0.32759471, -0.14199308,  0.2747274 ,
        0.46622181, -0.22808053, -0.31336721, -0.49631906, -0.05468277,
       -0.00616893, -0.21914194, -0.24535404, -0.43880621, -0.30271511,
       -0.14126572,  0.00218408,  0.37731325,  0.02560171,  0.41714889,
        0.39506749,  0.44056547, -0.14614337, -0.09310168,  0.07297754,
        0.17720231, -0.44974275, -0.15345268, -0.18535705, -0.1599988 ,
       -0.01179986]) 

Generation: 145 
 - Generation Avg Fit: 34.9723855142905 
 - Best Fitness: 319.99687412257737
 - Best Solution: array([ 0.19001401, -0.13636796,  0.31470746,  0.50240482,  0.2490569 ,
       -0.09159409,  0.33539208, -0.32759471, -0.14199308,  0.2747274 ,
        0.46622181, -0.22808053, -0.31336721, -0.49631906, -0.05468277,
       -0.00616893, -0.21914194, -0.24535404, -0.43880621, -0.30271511,
       -0.14126572,  0.00218408,  0.37731325,  0.02560171,  0.41714889,
        0.39506749,  0.44056547, -0.14614337, -0.09310168,  0.07297754,
        0.17720231, -0.44974275, -0.15345268, -0.18535705, -0.1599988 ,
       -0.01179986]) 

Generation: 146 
 - Generation Avg Fit: 35.79355922451548 
 - Best Fitness: 319.99687412257737
 - Best Solution: array([ 0.19001401, -0.13636796,  0.31470746,  0.50240482,  0.2490569 ,
       -0.09159409,  0.33539208, -0.32759471, -0.14199308,  0.2747274 ,
        0.46622181, -0.22808053, -0.31336721, -0.49631906, -0.05468277,
       -0.00616893, -0.21914194, -0.24535404, -0.43880621, -0.30271511,
       -0.14126572,  0.00218408,  0.37731325,  0.02560171,  0.41714889,
        0.39506749,  0.44056547, -0.14614337, -0.09310168,  0.07297754,
        0.17720231, -0.44974275, -0.15345268, -0.18535705, -0.1599988 ,
       -0.01179986]) 

Generation: 147 
 - Generation Avg Fit: 38.25114129297227 
 - Best Fitness: 319.99687412257737
 - Best Solution: array([ 0.19001401, -0.13636796,  0.31470746,  0.50240482,  0.2490569 ,
       -0.09159409,  0.33539208, -0.32759471, -0.14199308,  0.2747274 ,
        0.46622181, -0.22808053, -0.31336721, -0.49631906, -0.05468277,
       -0.00616893, -0.21914194, -0.24535404, -0.43880621, -0.30271511,
       -0.14126572,  0.00218408,  0.37731325,  0.02560171,  0.41714889,
        0.39506749,  0.44056547, -0.14614337, -0.09310168,  0.07297754,
        0.17720231, -0.44974275, -0.15345268, -0.18535705, -0.1599988 ,
       -0.01179986]) 

Generation: 148 
 - Generation Avg Fit: 38.16673952378189 
 - Best Fitness: 319.99687412257737
 - Best Solution: array([ 0.19001401, -0.13636796,  0.31470746,  0.50240482,  0.2490569 ,
       -0.09159409,  0.33539208, -0.32759471, -0.14199308,  0.2747274 ,
        0.46622181, -0.22808053, -0.31336721, -0.49631906, -0.05468277,
       -0.00616893, -0.21914194, -0.24535404, -0.43880621, -0.30271511,
       -0.14126572,  0.00218408,  0.37731325,  0.02560171,  0.41714889,
        0.39506749,  0.44056547, -0.14614337, -0.09310168,  0.07297754,
        0.17720231, -0.44974275, -0.15345268, -0.18535705, -0.1599988 ,
       -0.01179986]) 

Generation: 149 
 - Generation Avg Fit: 39.004795296839326 
 - Best Fitness: 319.99687412257737
 - Best Solution: array([ 0.19001401, -0.13636796,  0.31470746,  0.50240482,  0.2490569 ,
       -0.09159409,  0.33539208, -0.32759471, -0.14199308,  0.2747274 ,
        0.46622181, -0.22808053, -0.31336721, -0.49631906, -0.05468277,
       -0.00616893, -0.21914194, -0.24535404, -0.43880621, -0.30271511,
       -0.14126572,  0.00218408,  0.37731325,  0.02560171,  0.41714889,
        0.39506749,  0.44056547, -0.14614337, -0.09310168,  0.07297754,
        0.17720231, -0.44974275, -0.15345268, -0.18535705, -0.1599988 ,
       -0.01179986]) 

Generation: 150 
 - Generation Avg Fit: 40.0246394080748 
 - Best Fitness: 319.99687412257737
 - Best Solution: array([ 0.19001401, -0.13636796,  0.31470746,  0.50240482,  0.2490569 ,
       -0.09159409,  0.33539208, -0.32759471, -0.14199308,  0.2747274 ,
        0.46622181, -0.22808053, -0.31336721, -0.49631906, -0.05468277,
       -0.00616893, -0.21914194, -0.24535404, -0.43880621, -0.30271511,
       -0.14126572,  0.00218408,  0.37731325,  0.02560171,  0.41714889,
        0.39506749,  0.44056547, -0.14614337, -0.09310168,  0.07297754,
        0.17720231, -0.44974275, -0.15345268, -0.18535705, -0.1599988 ,
       -0.01179986]) 

Generation: 151 
 - Generation Avg Fit: 40.75504173989528 
 - Best Fitness: 319.99687412257737
 - Best Solution: array([ 0.19001401, -0.13636796,  0.31470746,  0.50240482,  0.2490569 ,
       -0.09159409,  0.33539208, -0.32759471, -0.14199308,  0.2747274 ,
        0.46622181, -0.22808053, -0.31336721, -0.49631906, -0.05468277,
       -0.00616893, -0.21914194, -0.24535404, -0.43880621, -0.30271511,
       -0.14126572,  0.00218408,  0.37731325,  0.02560171,  0.41714889,
        0.39506749,  0.44056547, -0.14614337, -0.09310168,  0.07297754,
        0.17720231, -0.44974275, -0.15345268, -0.18535705, -0.1599988 ,
       -0.01179986]) 

Generation: 152 
 - Generation Avg Fit: 41.852557268006606 
 - Best Fitness: 319.99687412257737
 - Best Solution: array([ 0.19001401, -0.13636796,  0.31470746,  0.50240482,  0.2490569 ,
       -0.09159409,  0.33539208, -0.32759471, -0.14199308,  0.2747274 ,
        0.46622181, -0.22808053, -0.31336721, -0.49631906, -0.05468277,
       -0.00616893, -0.21914194, -0.24535404, -0.43880621, -0.30271511,
       -0.14126572,  0.00218408,  0.37731325,  0.02560171,  0.41714889,
        0.39506749,  0.44056547, -0.14614337, -0.09310168,  0.07297754,
        0.17720231, -0.44974275, -0.15345268, -0.18535705, -0.1599988 ,
       -0.01179986]) 

Generation: 153 
 - Generation Avg Fit: 43.16197415097029 
 - Best Fitness: 319.99687412257737
 - Best Solution: array([ 0.19001401, -0.13636796,  0.31470746,  0.50240482,  0.2490569 ,
       -0.09159409,  0.33539208, -0.32759471, -0.14199308,  0.2747274 ,
        0.46622181, -0.22808053, -0.31336721, -0.49631906, -0.05468277,
       -0.00616893, -0.21914194, -0.24535404, -0.43880621, -0.30271511,
       -0.14126572,  0.00218408,  0.37731325,  0.02560171,  0.41714889,
        0.39506749,  0.44056547, -0.14614337, -0.09310168,  0.07297754,
        0.17720231, -0.44974275, -0.15345268, -0.18535705, -0.1599988 ,
       -0.01179986]) 

Generation: 154 
 - Generation Avg Fit: 43.91634961556899 
 - Best Fitness: 319.99687412257737
 - Best Solution: array([ 0.19001401, -0.13636796,  0.31470746,  0.50240482,  0.2490569 ,
       -0.09159409,  0.33539208, -0.32759471, -0.14199308,  0.2747274 ,
        0.46622181, -0.22808053, -0.31336721, -0.49631906, -0.05468277,
       -0.00616893, -0.21914194, -0.24535404, -0.43880621, -0.30271511,
       -0.14126572,  0.00218408,  0.37731325,  0.02560171,  0.41714889,
        0.39506749,  0.44056547, -0.14614337, -0.09310168,  0.07297754,
        0.17720231, -0.44974275, -0.15345268, -0.18535705, -0.1599988 ,
       -0.01179986]) 

Generation: 155 
 - Generation Avg Fit: 44.22910942406272 
 - Best Fitness: 319.99687412257737
 - Best Solution: array([ 0.19001401, -0.13636796,  0.31470746,  0.50240482,  0.2490569 ,
       -0.09159409,  0.33539208, -0.32759471, -0.14199308,  0.2747274 ,
        0.46622181, -0.22808053, -0.31336721, -0.49631906, -0.05468277,
       -0.00616893, -0.21914194, -0.24535404, -0.43880621, -0.30271511,
       -0.14126572,  0.00218408,  0.37731325,  0.02560171,  0.41714889,
        0.39506749,  0.44056547, -0.14614337, -0.09310168,  0.07297754,
        0.17720231, -0.44974275, -0.15345268, -0.18535705, -0.1599988 ,
       -0.01179986]) 

Generation: 156 
 - Generation Avg Fit: 45.65535060097805 
 - Best Fitness: 319.99687412257737
 - Best Solution: array([ 0.19001401, -0.13636796,  0.31470746,  0.50240482,  0.2490569 ,
       -0.09159409,  0.33539208, -0.32759471, -0.14199308,  0.2747274 ,
        0.46622181, -0.22808053, -0.31336721, -0.49631906, -0.05468277,
       -0.00616893, -0.21914194, -0.24535404, -0.43880621, -0.30271511,
       -0.14126572,  0.00218408,  0.37731325,  0.02560171,  0.41714889,
        0.39506749,  0.44056547, -0.14614337, -0.09310168,  0.07297754,
        0.17720231, -0.44974275, -0.15345268, -0.18535705, -0.1599988 ,
       -0.01179986]) 

Generation: 157 
 - Generation Avg Fit: 46.530923449020854 
 - Best Fitness: 319.99687412257737
 - Best Solution: array([ 0.19001401, -0.13636796,  0.31470746,  0.50240482,  0.2490569 ,
       -0.09159409,  0.33539208, -0.32759471, -0.14199308,  0.2747274 ,
        0.46622181, -0.22808053, -0.31336721, -0.49631906, -0.05468277,
       -0.00616893, -0.21914194, -0.24535404, -0.43880621, -0.30271511,
       -0.14126572,  0.00218408,  0.37731325,  0.02560171,  0.41714889,
        0.39506749,  0.44056547, -0.14614337, -0.09310168,  0.07297754,
        0.17720231, -0.44974275, -0.15345268, -0.18535705, -0.1599988 ,
       -0.01179986]) 

Generation: 158 
 - Generation Avg Fit: 47.99541382259335 
 - Best Fitness: 319.99687412257737
 - Best Solution: array([ 0.19001401, -0.13636796,  0.31470746,  0.50240482,  0.2490569 ,
       -0.09159409,  0.33539208, -0.32759471, -0.14199308,  0.2747274 ,
        0.46622181, -0.22808053, -0.31336721, -0.49631906, -0.05468277,
       -0.00616893, -0.21914194, -0.24535404, -0.43880621, -0.30271511,
       -0.14126572,  0.00218408,  0.37731325,  0.02560171,  0.41714889,
        0.39506749,  0.44056547, -0.14614337, -0.09310168,  0.07297754,
        0.17720231, -0.44974275, -0.15345268, -0.18535705, -0.1599988 ,
       -0.01179986]) 

Generation: 159 
 - Generation Avg Fit: 47.663335169416605 
 - Best Fitness: 319.99687412257737
 - Best Solution: array([ 0.19001401, -0.13636796,  0.31470746,  0.50240482,  0.2490569 ,
       -0.09159409,  0.33539208, -0.32759471, -0.14199308,  0.2747274 ,
        0.46622181, -0.22808053, -0.31336721, -0.49631906, -0.05468277,
       -0.00616893, -0.21914194, -0.24535404, -0.43880621, -0.30271511,
       -0.14126572,  0.00218408,  0.37731325,  0.02560171,  0.41714889,
        0.39506749,  0.44056547, -0.14614337, -0.09310168,  0.07297754,
        0.17720231, -0.44974275, -0.15345268, -0.18535705, -0.1599988 ,
       -0.01179986]) 

Generation: 160 
 - Generation Avg Fit: 48.92888229120567 
 - Best Fitness: 319.99687412257737
 - Best Solution: array([ 0.19001401, -0.13636796,  0.31470746,  0.50240482,  0.2490569 ,
       -0.09159409,  0.33539208, -0.32759471, -0.14199308,  0.2747274 ,
        0.46622181, -0.22808053, -0.31336721, -0.49631906, -0.05468277,
       -0.00616893, -0.21914194, -0.24535404, -0.43880621, -0.30271511,
       -0.14126572,  0.00218408,  0.37731325,  0.02560171,  0.41714889,
        0.39506749,  0.44056547, -0.14614337, -0.09310168,  0.07297754,
        0.17720231, -0.44974275, -0.15345268, -0.18535705, -0.1599988 ,
       -0.01179986]) 

Generation: 161 
 - Generation Avg Fit: 51.58128052328574 
 - Best Fitness: 319.99687412257737
 - Best Solution: array([ 0.19001401, -0.13636796,  0.31470746,  0.50240482,  0.2490569 ,
       -0.09159409,  0.33539208, -0.32759471, -0.14199308,  0.2747274 ,
        0.46622181, -0.22808053, -0.31336721, -0.49631906, -0.05468277,
       -0.00616893, -0.21914194, -0.24535404, -0.43880621, -0.30271511,
       -0.14126572,  0.00218408,  0.37731325,  0.02560171,  0.41714889,
        0.39506749,  0.44056547, -0.14614337, -0.09310168,  0.07297754,
        0.17720231, -0.44974275, -0.15345268, -0.18535705, -0.1599988 ,
       -0.01179986]) 

Generation: 162 
 - Generation Avg Fit: 52.67150471841067 
 - Best Fitness: 319.99687412257737
 - Best Solution: array([ 0.19001401, -0.13636796,  0.31470746,  0.50240482,  0.2490569 ,
       -0.09159409,  0.33539208, -0.32759471, -0.14199308,  0.2747274 ,
        0.46622181, -0.22808053, -0.31336721, -0.49631906, -0.05468277,
       -0.00616893, -0.21914194, -0.24535404, -0.43880621, -0.30271511,
       -0.14126572,  0.00218408,  0.37731325,  0.02560171,  0.41714889,
        0.39506749,  0.44056547, -0.14614337, -0.09310168,  0.07297754,
        0.17720231, -0.44974275, -0.15345268, -0.18535705, -0.1599988 ,
       -0.01179986]) 

Generation: 163 
 - Generation Avg Fit: 53.2984022683915 
 - Best Fitness: 319.99687412257737
 - Best Solution: array([ 0.19001401, -0.13636796,  0.31470746,  0.50240482,  0.2490569 ,
       -0.09159409,  0.33539208, -0.32759471, -0.14199308,  0.2747274 ,
        0.46622181, -0.22808053, -0.31336721, -0.49631906, -0.05468277,
       -0.00616893, -0.21914194, -0.24535404, -0.43880621, -0.30271511,
       -0.14126572,  0.00218408,  0.37731325,  0.02560171,  0.41714889,
        0.39506749,  0.44056547, -0.14614337, -0.09310168,  0.07297754,
        0.17720231, -0.44974275, -0.15345268, -0.18535705, -0.1599988 ,
       -0.01179986]) 

Generation: 164 
 - Generation Avg Fit: 55.45012527110926 
 - Best Fitness: 319.99687412257737
 - Best Solution: array([ 0.19001401, -0.13636796,  0.31470746,  0.50240482,  0.2490569 ,
       -0.09159409,  0.33539208, -0.32759471, -0.14199308,  0.2747274 ,
        0.46622181, -0.22808053, -0.31336721, -0.49631906, -0.05468277,
       -0.00616893, -0.21914194, -0.24535404, -0.43880621, -0.30271511,
       -0.14126572,  0.00218408,  0.37731325,  0.02560171,  0.41714889,
        0.39506749,  0.44056547, -0.14614337, -0.09310168,  0.07297754,
        0.17720231, -0.44974275, -0.15345268, -0.18535705, -0.1599988 ,
       -0.01179986]) 

Generation: 165 
 - Generation Avg Fit: 56.7524936047225 
 - Best Fitness: 319.99687412257737
 - Best Solution: array([ 0.19001401, -0.13636796,  0.31470746,  0.50240482,  0.2490569 ,
       -0.09159409,  0.33539208, -0.32759471, -0.14199308,  0.2747274 ,
        0.46622181, -0.22808053, -0.31336721, -0.49631906, -0.05468277,
       -0.00616893, -0.21914194, -0.24535404, -0.43880621, -0.30271511,
       -0.14126572,  0.00218408,  0.37731325,  0.02560171,  0.41714889,
        0.39506749,  0.44056547, -0.14614337, -0.09310168,  0.07297754,
        0.17720231, -0.44974275, -0.15345268, -0.18535705, -0.1599988 ,
       -0.01179986]) 

Generation: 166 
 - Generation Avg Fit: 56.9493350832124 
 - Best Fitness: 319.99687412257737
 - Best Solution: array([ 0.19001401, -0.13636796,  0.31470746,  0.50240482,  0.2490569 ,
       -0.09159409,  0.33539208, -0.32759471, -0.14199308,  0.2747274 ,
        0.46622181, -0.22808053, -0.31336721, -0.49631906, -0.05468277,
       -0.00616893, -0.21914194, -0.24535404, -0.43880621, -0.30271511,
       -0.14126572,  0.00218408,  0.37731325,  0.02560171,  0.41714889,
        0.39506749,  0.44056547, -0.14614337, -0.09310168,  0.07297754,
        0.17720231, -0.44974275, -0.15345268, -0.18535705, -0.1599988 ,
       -0.01179986]) 

Generation: 167 
 - Generation Avg Fit: 58.02853127069873 
 - Best Fitness: 319.99687412257737
 - Best Solution: array([ 0.19001401, -0.13636796,  0.31470746,  0.50240482,  0.2490569 ,
       -0.09159409,  0.33539208, -0.32759471, -0.14199308,  0.2747274 ,
        0.46622181, -0.22808053, -0.31336721, -0.49631906, -0.05468277,
       -0.00616893, -0.21914194, -0.24535404, -0.43880621, -0.30271511,
       -0.14126572,  0.00218408,  0.37731325,  0.02560171,  0.41714889,
        0.39506749,  0.44056547, -0.14614337, -0.09310168,  0.07297754,
        0.17720231, -0.44974275, -0.15345268, -0.18535705, -0.1599988 ,
       -0.01179986]) 

Generation: 168 
 - Generation Avg Fit: 62.80805139580395 
 - Best Fitness: 319.99687412257737
 - Best Solution: array([ 0.19001401, -0.13636796,  0.31470746,  0.50240482,  0.2490569 ,
       -0.09159409,  0.33539208, -0.32759471, -0.14199308,  0.2747274 ,
        0.46622181, -0.22808053, -0.31336721, -0.49631906, -0.05468277,
       -0.00616893, -0.21914194, -0.24535404, -0.43880621, -0.30271511,
       -0.14126572,  0.00218408,  0.37731325,  0.02560171,  0.41714889,
        0.39506749,  0.44056547, -0.14614337, -0.09310168,  0.07297754,
        0.17720231, -0.44974275, -0.15345268, -0.18535705, -0.1599988 ,
       -0.01179986]) 

Generation: 169 
 - Generation Avg Fit: 65.70602944393384 
 - Best Fitness: 319.99687412257737
 - Best Solution: array([ 0.19001401, -0.13636796,  0.31470746,  0.50240482,  0.2490569 ,
       -0.09159409,  0.33539208, -0.32759471, -0.14199308,  0.2747274 ,
        0.46622181, -0.22808053, -0.31336721, -0.49631906, -0.05468277,
       -0.00616893, -0.21914194, -0.24535404, -0.43880621, -0.30271511,
       -0.14126572,  0.00218408,  0.37731325,  0.02560171,  0.41714889,
        0.39506749,  0.44056547, -0.14614337, -0.09310168,  0.07297754,
        0.17720231, -0.44974275, -0.15345268, -0.18535705, -0.1599988 ,
       -0.01179986]) 

Generation: 170 
 - Generation Avg Fit: 65.61757728407053 
 - Best Fitness: 319.99687412257737
 - Best Solution: array([ 0.19001401, -0.13636796,  0.31470746,  0.50240482,  0.2490569 ,
       -0.09159409,  0.33539208, -0.32759471, -0.14199308,  0.2747274 ,
        0.46622181, -0.22808053, -0.31336721, -0.49631906, -0.05468277,
       -0.00616893, -0.21914194, -0.24535404, -0.43880621, -0.30271511,
       -0.14126572,  0.00218408,  0.37731325,  0.02560171,  0.41714889,
        0.39506749,  0.44056547, -0.14614337, -0.09310168,  0.07297754,
        0.17720231, -0.44974275, -0.15345268, -0.18535705, -0.1599988 ,
       -0.01179986]) 

Generation: 171 
 - Generation Avg Fit: 69.31587469465819 
 - Best Fitness: 319.99687412257737
 - Best Solution: array([ 0.19001401, -0.13636796,  0.31470746,  0.50240482,  0.2490569 ,
       -0.09159409,  0.33539208, -0.32759471, -0.14199308,  0.2747274 ,
        0.46622181, -0.22808053, -0.31336721, -0.49631906, -0.05468277,
       -0.00616893, -0.21914194, -0.24535404, -0.43880621, -0.30271511,
       -0.14126572,  0.00218408,  0.37731325,  0.02560171,  0.41714889,
        0.39506749,  0.44056547, -0.14614337, -0.09310168,  0.07297754,
        0.17720231, -0.44974275, -0.15345268, -0.18535705, -0.1599988 ,
       -0.01179986]) 

Generation: 172 
 - Generation Avg Fit: 68.816275443179 
 - Best Fitness: 319.99687412257737
 - Best Solution: array([ 0.19001401, -0.13636796,  0.31470746,  0.50240482,  0.2490569 ,
       -0.09159409,  0.33539208, -0.32759471, -0.14199308,  0.2747274 ,
        0.46622181, -0.22808053, -0.31336721, -0.49631906, -0.05468277,
       -0.00616893, -0.21914194, -0.24535404, -0.43880621, -0.30271511,
       -0.14126572,  0.00218408,  0.37731325,  0.02560171,  0.41714889,
        0.39506749,  0.44056547, -0.14614337, -0.09310168,  0.07297754,
        0.17720231, -0.44974275, -0.15345268, -0.18535705, -0.1599988 ,
       -0.01179986]) 

Generation: 173 
 - Generation Avg Fit: 69.69367088121972 
 - Best Fitness: 319.99687412257737
 - Best Solution: array([ 0.19001401, -0.13636796,  0.31470746,  0.50240482,  0.2490569 ,
       -0.09159409,  0.33539208, -0.32759471, -0.14199308,  0.2747274 ,
        0.46622181, -0.22808053, -0.31336721, -0.49631906, -0.05468277,
       -0.00616893, -0.21914194, -0.24535404, -0.43880621, -0.30271511,
       -0.14126572,  0.00218408,  0.37731325,  0.02560171,  0.41714889,
        0.39506749,  0.44056547, -0.14614337, -0.09310168,  0.07297754,
        0.17720231, -0.44974275, -0.15345268, -0.18535705, -0.1599988 ,
       -0.01179986]) 

Generation: 174 
 - Generation Avg Fit: 70.93909475918431 
 - Best Fitness: 319.99687412257737
 - Best Solution: array([ 0.19001401, -0.13636796,  0.31470746,  0.50240482,  0.2490569 ,
       -0.09159409,  0.33539208, -0.32759471, -0.14199308,  0.2747274 ,
        0.46622181, -0.22808053, -0.31336721, -0.49631906, -0.05468277,
       -0.00616893, -0.21914194, -0.24535404, -0.43880621, -0.30271511,
       -0.14126572,  0.00218408,  0.37731325,  0.02560171,  0.41714889,
        0.39506749,  0.44056547, -0.14614337, -0.09310168,  0.07297754,
        0.17720231, -0.44974275, -0.15345268, -0.18535705, -0.1599988 ,
       -0.01179986]) 

Generation: 175 
 - Generation Avg Fit: 71.87987382622265 
 - Best Fitness: 319.99687412257737
 - Best Solution: array([ 0.19001401, -0.13636796,  0.31470746,  0.50240482,  0.2490569 ,
       -0.09159409,  0.33539208, -0.32759471, -0.14199308,  0.2747274 ,
        0.46622181, -0.22808053, -0.31336721, -0.49631906, -0.05468277,
       -0.00616893, -0.21914194, -0.24535404, -0.43880621, -0.30271511,
       -0.14126572,  0.00218408,  0.37731325,  0.02560171,  0.41714889,
        0.39506749,  0.44056547, -0.14614337, -0.09310168,  0.07297754,
        0.17720231, -0.44974275, -0.15345268, -0.18535705, -0.1599988 ,
       -0.01179986]) 

Generation: 176 
 - Generation Avg Fit: 70.99904825100039 
 - Best Fitness: 319.99687412257737
 - Best Solution: array([ 0.19001401, -0.13636796,  0.31470746,  0.50240482,  0.2490569 ,
       -0.09159409,  0.33539208, -0.32759471, -0.14199308,  0.2747274 ,
        0.46622181, -0.22808053, -0.31336721, -0.49631906, -0.05468277,
       -0.00616893, -0.21914194, -0.24535404, -0.43880621, -0.30271511,
       -0.14126572,  0.00218408,  0.37731325,  0.02560171,  0.41714889,
        0.39506749,  0.44056547, -0.14614337, -0.09310168,  0.07297754,
        0.17720231, -0.44974275, -0.15345268, -0.18535705, -0.1599988 ,
       -0.01179986]) 

Generation: 177 
 - Generation Avg Fit: 73.67402105085566 
 - Best Fitness: 319.99687412257737
 - Best Solution: array([ 0.19001401, -0.13636796,  0.31470746,  0.50240482,  0.2490569 ,
       -0.09159409,  0.33539208, -0.32759471, -0.14199308,  0.2747274 ,
        0.46622181, -0.22808053, -0.31336721, -0.49631906, -0.05468277,
       -0.00616893, -0.21914194, -0.24535404, -0.43880621, -0.30271511,
       -0.14126572,  0.00218408,  0.37731325,  0.02560171,  0.41714889,
        0.39506749,  0.44056547, -0.14614337, -0.09310168,  0.07297754,
        0.17720231, -0.44974275, -0.15345268, -0.18535705, -0.1599988 ,
       -0.01179986]) 

Generation: 178 
 - Generation Avg Fit: 74.50491590211013 
 - Best Fitness: 319.99687412257737
 - Best Solution: array([ 0.19001401, -0.13636796,  0.31470746,  0.50240482,  0.2490569 ,
       -0.09159409,  0.33539208, -0.32759471, -0.14199308,  0.2747274 ,
        0.46622181, -0.22808053, -0.31336721, -0.49631906, -0.05468277,
       -0.00616893, -0.21914194, -0.24535404, -0.43880621, -0.30271511,
       -0.14126572,  0.00218408,  0.37731325,  0.02560171,  0.41714889,
        0.39506749,  0.44056547, -0.14614337, -0.09310168,  0.07297754,
        0.17720231, -0.44974275, -0.15345268, -0.18535705, -0.1599988 ,
       -0.01179986]) 

Generation: 179 
 - Generation Avg Fit: 75.75188497105573 
 - Best Fitness: 319.99687412257737
 - Best Solution: array([ 0.19001401, -0.13636796,  0.31470746,  0.50240482,  0.2490569 ,
       -0.09159409,  0.33539208, -0.32759471, -0.14199308,  0.2747274 ,
        0.46622181, -0.22808053, -0.31336721, -0.49631906, -0.05468277,
       -0.00616893, -0.21914194, -0.24535404, -0.43880621, -0.30271511,
       -0.14126572,  0.00218408,  0.37731325,  0.02560171,  0.41714889,
        0.39506749,  0.44056547, -0.14614337, -0.09310168,  0.07297754,
        0.17720231, -0.44974275, -0.15345268, -0.18535705, -0.1599988 ,
       -0.01179986]) 

Generation: 180 
 - Generation Avg Fit: 74.81564464622716 
 - Best Fitness: 319.99687412257737
 - Best Solution: array([ 0.19001401, -0.13636796,  0.31470746,  0.50240482,  0.2490569 ,
       -0.09159409,  0.33539208, -0.32759471, -0.14199308,  0.2747274 ,
        0.46622181, -0.22808053, -0.31336721, -0.49631906, -0.05468277,
       -0.00616893, -0.21914194, -0.24535404, -0.43880621, -0.30271511,
       -0.14126572,  0.00218408,  0.37731325,  0.02560171,  0.41714889,
        0.39506749,  0.44056547, -0.14614337, -0.09310168,  0.07297754,
        0.17720231, -0.44974275, -0.15345268, -0.18535705, -0.1599988 ,
       -0.01179986]) 

Generation: 181 
 - Generation Avg Fit: 75.30057006399993 
 - Best Fitness: 319.99687412257737
 - Best Solution: array([ 0.19001401, -0.13636796,  0.31470746,  0.50240482,  0.2490569 ,
       -0.09159409,  0.33539208, -0.32759471, -0.14199308,  0.2747274 ,
        0.46622181, -0.22808053, -0.31336721, -0.49631906, -0.05468277,
       -0.00616893, -0.21914194, -0.24535404, -0.43880621, -0.30271511,
       -0.14126572,  0.00218408,  0.37731325,  0.02560171,  0.41714889,
        0.39506749,  0.44056547, -0.14614337, -0.09310168,  0.07297754,
        0.17720231, -0.44974275, -0.15345268, -0.18535705, -0.1599988 ,
       -0.01179986]) 

Generation: 182 
 - Generation Avg Fit: 77.2579604887033 
 - Best Fitness: 319.99687412257737
 - Best Solution: array([ 0.19001401, -0.13636796,  0.31470746,  0.50240482,  0.2490569 ,
       -0.09159409,  0.33539208, -0.32759471, -0.14199308,  0.2747274 ,
        0.46622181, -0.22808053, -0.31336721, -0.49631906, -0.05468277,
       -0.00616893, -0.21914194, -0.24535404, -0.43880621, -0.30271511,
       -0.14126572,  0.00218408,  0.37731325,  0.02560171,  0.41714889,
        0.39506749,  0.44056547, -0.14614337, -0.09310168,  0.07297754,
        0.17720231, -0.44974275, -0.15345268, -0.18535705, -0.1599988 ,
       -0.01179986]) 

Generation: 183 
 - Generation Avg Fit: 78.67896357838937 
 - Best Fitness: 319.99687412257737
 - Best Solution: array([ 0.19001401, -0.13636796,  0.31470746,  0.50240482,  0.2490569 ,
       -0.09159409,  0.33539208, -0.32759471, -0.14199308,  0.2747274 ,
        0.46622181, -0.22808053, -0.31336721, -0.49631906, -0.05468277,
       -0.00616893, -0.21914194, -0.24535404, -0.43880621, -0.30271511,
       -0.14126572,  0.00218408,  0.37731325,  0.02560171,  0.41714889,
        0.39506749,  0.44056547, -0.14614337, -0.09310168,  0.07297754,
        0.17720231, -0.44974275, -0.15345268, -0.18535705, -0.1599988 ,
       -0.01179986]) 

Generation: 184 
 - Generation Avg Fit: 81.1421508699998 
 - Best Fitness: 319.99687412257737
 - Best Solution: array([ 0.19001401, -0.13636796,  0.31470746,  0.50240482,  0.2490569 ,
       -0.09159409,  0.33539208, -0.32759471, -0.14199308,  0.2747274 ,
        0.46622181, -0.22808053, -0.31336721, -0.49631906, -0.05468277,
       -0.00616893, -0.21914194, -0.24535404, -0.43880621, -0.30271511,
       -0.14126572,  0.00218408,  0.37731325,  0.02560171,  0.41714889,
        0.39506749,  0.44056547, -0.14614337, -0.09310168,  0.07297754,
        0.17720231, -0.44974275, -0.15345268, -0.18535705, -0.1599988 ,
       -0.01179986]) 

Generation: 185 
 - Generation Avg Fit: 76.76635312751472 
 - Best Fitness: 319.99687412257737
 - Best Solution: array([ 0.19001401, -0.13636796,  0.31470746,  0.50240482,  0.2490569 ,
       -0.09159409,  0.33539208, -0.32759471, -0.14199308,  0.2747274 ,
        0.46622181, -0.22808053, -0.31336721, -0.49631906, -0.05468277,
       -0.00616893, -0.21914194, -0.24535404, -0.43880621, -0.30271511,
       -0.14126572,  0.00218408,  0.37731325,  0.02560171,  0.41714889,
        0.39506749,  0.44056547, -0.14614337, -0.09310168,  0.07297754,
        0.17720231, -0.44974275, -0.15345268, -0.18535705, -0.1599988 ,
       -0.01179986]) 

Generation: 186 
 - Generation Avg Fit: 80.34360725668559 
 - Best Fitness: 319.99687412257737
 - Best Solution: array([ 0.19001401, -0.13636796,  0.31470746,  0.50240482,  0.2490569 ,
       -0.09159409,  0.33539208, -0.32759471, -0.14199308,  0.2747274 ,
        0.46622181, -0.22808053, -0.31336721, -0.49631906, -0.05468277,
       -0.00616893, -0.21914194, -0.24535404, -0.43880621, -0.30271511,
       -0.14126572,  0.00218408,  0.37731325,  0.02560171,  0.41714889,
        0.39506749,  0.44056547, -0.14614337, -0.09310168,  0.07297754,
        0.17720231, -0.44974275, -0.15345268, -0.18535705, -0.1599988 ,
       -0.01179986]) 

Generation: 187 
 - Generation Avg Fit: 80.08939335495296 
 - Best Fitness: 319.99687412257737
 - Best Solution: array([ 0.19001401, -0.13636796,  0.31470746,  0.50240482,  0.2490569 ,
       -0.09159409,  0.33539208, -0.32759471, -0.14199308,  0.2747274 ,
        0.46622181, -0.22808053, -0.31336721, -0.49631906, -0.05468277,
       -0.00616893, -0.21914194, -0.24535404, -0.43880621, -0.30271511,
       -0.14126572,  0.00218408,  0.37731325,  0.02560171,  0.41714889,
        0.39506749,  0.44056547, -0.14614337, -0.09310168,  0.07297754,
        0.17720231, -0.44974275, -0.15345268, -0.18535705, -0.1599988 ,
       -0.01179986]) 

Generation: 188 
 - Generation Avg Fit: 80.1816605426744 
 - Best Fitness: 319.99687412257737
 - Best Solution: array([ 0.19001401, -0.13636796,  0.31470746,  0.50240482,  0.2490569 ,
       -0.09159409,  0.33539208, -0.32759471, -0.14199308,  0.2747274 ,
        0.46622181, -0.22808053, -0.31336721, -0.49631906, -0.05468277,
       -0.00616893, -0.21914194, -0.24535404, -0.43880621, -0.30271511,
       -0.14126572,  0.00218408,  0.37731325,  0.02560171,  0.41714889,
        0.39506749,  0.44056547, -0.14614337, -0.09310168,  0.07297754,
        0.17720231, -0.44974275, -0.15345268, -0.18535705, -0.1599988 ,
       -0.01179986]) 

Generation: 189 
 - Generation Avg Fit: 80.81001634521166 
 - Best Fitness: 319.99687412257737
 - Best Solution: array([ 0.19001401, -0.13636796,  0.31470746,  0.50240482,  0.2490569 ,
       -0.09159409,  0.33539208, -0.32759471, -0.14199308,  0.2747274 ,
        0.46622181, -0.22808053, -0.31336721, -0.49631906, -0.05468277,
       -0.00616893, -0.21914194, -0.24535404, -0.43880621, -0.30271511,
       -0.14126572,  0.00218408,  0.37731325,  0.02560171,  0.41714889,
        0.39506749,  0.44056547, -0.14614337, -0.09310168,  0.07297754,
        0.17720231, -0.44974275, -0.15345268, -0.18535705, -0.1599988 ,
       -0.01179986]) 

Generation: 190 
 - Generation Avg Fit: 82.54826199191997 
 - Best Fitness: 319.99687412257737
 - Best Solution: array([ 0.19001401, -0.13636796,  0.31470746,  0.50240482,  0.2490569 ,
       -0.09159409,  0.33539208, -0.32759471, -0.14199308,  0.2747274 ,
        0.46622181, -0.22808053, -0.31336721, -0.49631906, -0.05468277,
       -0.00616893, -0.21914194, -0.24535404, -0.43880621, -0.30271511,
       -0.14126572,  0.00218408,  0.37731325,  0.02560171,  0.41714889,
        0.39506749,  0.44056547, -0.14614337, -0.09310168,  0.07297754,
        0.17720231, -0.44974275, -0.15345268, -0.18535705, -0.1599988 ,
       -0.01179986]) 

Generation: 191 
 - Generation Avg Fit: 79.34973839810053 
 - Best Fitness: 319.99687412257737
 - Best Solution: array([ 0.19001401, -0.13636796,  0.31470746,  0.50240482,  0.2490569 ,
       -0.09159409,  0.33539208, -0.32759471, -0.14199308,  0.2747274 ,
        0.46622181, -0.22808053, -0.31336721, -0.49631906, -0.05468277,
       -0.00616893, -0.21914194, -0.24535404, -0.43880621, -0.30271511,
       -0.14126572,  0.00218408,  0.37731325,  0.02560171,  0.41714889,
        0.39506749,  0.44056547, -0.14614337, -0.09310168,  0.07297754,
        0.17720231, -0.44974275, -0.15345268, -0.18535705, -0.1599988 ,
       -0.01179986]) 

Generation: 192 
 - Generation Avg Fit: 77.94519254265705 
 - Best Fitness: 319.99687412257737
 - Best Solution: array([ 0.19001401, -0.13636796,  0.31470746,  0.50240482,  0.2490569 ,
       -0.09159409,  0.33539208, -0.32759471, -0.14199308,  0.2747274 ,
        0.46622181, -0.22808053, -0.31336721, -0.49631906, -0.05468277,
       -0.00616893, -0.21914194, -0.24535404, -0.43880621, -0.30271511,
       -0.14126572,  0.00218408,  0.37731325,  0.02560171,  0.41714889,
        0.39506749,  0.44056547, -0.14614337, -0.09310168,  0.07297754,
        0.17720231, -0.44974275, -0.15345268, -0.18535705, -0.1599988 ,
       -0.01179986]) 

Generation: 193 
 - Generation Avg Fit: 80.19160632068287 
 - Best Fitness: 319.99687412257737
 - Best Solution: array([ 0.19001401, -0.13636796,  0.31470746,  0.50240482,  0.2490569 ,
       -0.09159409,  0.33539208, -0.32759471, -0.14199308,  0.2747274 ,
        0.46622181, -0.22808053, -0.31336721, -0.49631906, -0.05468277,
       -0.00616893, -0.21914194, -0.24535404, -0.43880621, -0.30271511,
       -0.14126572,  0.00218408,  0.37731325,  0.02560171,  0.41714889,
        0.39506749,  0.44056547, -0.14614337, -0.09310168,  0.07297754,
        0.17720231, -0.44974275, -0.15345268, -0.18535705, -0.1599988 ,
       -0.01179986]) 

Generation: 194 
 - Generation Avg Fit: 83.68178216237828 
 - Best Fitness: 319.99687412257737
 - Best Solution: array([ 0.19001401, -0.13636796,  0.31470746,  0.50240482,  0.2490569 ,
       -0.09159409,  0.33539208, -0.32759471, -0.14199308,  0.2747274 ,
        0.46622181, -0.22808053, -0.31336721, -0.49631906, -0.05468277,
       -0.00616893, -0.21914194, -0.24535404, -0.43880621, -0.30271511,
       -0.14126572,  0.00218408,  0.37731325,  0.02560171,  0.41714889,
        0.39506749,  0.44056547, -0.14614337, -0.09310168,  0.07297754,
        0.17720231, -0.44974275, -0.15345268, -0.18535705, -0.1599988 ,
       -0.01179986]) 

Generation: 195 
 - Generation Avg Fit: 84.15334395218593 
 - Best Fitness: 319.99687412257737
 - Best Solution: array([ 0.19001401, -0.13636796,  0.31470746,  0.50240482,  0.2490569 ,
       -0.09159409,  0.33539208, -0.32759471, -0.14199308,  0.2747274 ,
        0.46622181, -0.22808053, -0.31336721, -0.49631906, -0.05468277,
       -0.00616893, -0.21914194, -0.24535404, -0.43880621, -0.30271511,
       -0.14126572,  0.00218408,  0.37731325,  0.02560171,  0.41714889,
        0.39506749,  0.44056547, -0.14614337, -0.09310168,  0.07297754,
        0.17720231, -0.44974275, -0.15345268, -0.18535705, -0.1599988 ,
       -0.01179986]) 

Generation: 196 
 - Generation Avg Fit: 81.95432105764253 
 - Best Fitness: 319.99687412257737
 - Best Solution: array([ 0.19001401, -0.13636796,  0.31470746,  0.50240482,  0.2490569 ,
       -0.09159409,  0.33539208, -0.32759471, -0.14199308,  0.2747274 ,
        0.46622181, -0.22808053, -0.31336721, -0.49631906, -0.05468277,
       -0.00616893, -0.21914194, -0.24535404, -0.43880621, -0.30271511,
       -0.14126572,  0.00218408,  0.37731325,  0.02560171,  0.41714889,
        0.39506749,  0.44056547, -0.14614337, -0.09310168,  0.07297754,
        0.17720231, -0.44974275, -0.15345268, -0.18535705, -0.1599988 ,
       -0.01179986]) 

Generation: 197 
 - Generation Avg Fit: 80.61048080290178 
 - Best Fitness: 319.99687412257737
 - Best Solution: array([ 0.19001401, -0.13636796,  0.31470746,  0.50240482,  0.2490569 ,
       -0.09159409,  0.33539208, -0.32759471, -0.14199308,  0.2747274 ,
        0.46622181, -0.22808053, -0.31336721, -0.49631906, -0.05468277,
       -0.00616893, -0.21914194, -0.24535404, -0.43880621, -0.30271511,
       -0.14126572,  0.00218408,  0.37731325,  0.02560171,  0.41714889,
        0.39506749,  0.44056547, -0.14614337, -0.09310168,  0.07297754,
        0.17720231, -0.44974275, -0.15345268, -0.18535705, -0.1599988 ,
       -0.01179986]) 

Generation: 198 
 - Generation Avg Fit: 85.45972311234847 
 - Best Fitness: 319.99687412257737
 - Best Solution: array([ 0.19001401, -0.13636796,  0.31470746,  0.50240482,  0.2490569 ,
       -0.09159409,  0.33539208, -0.32759471, -0.14199308,  0.2747274 ,
        0.46622181, -0.22808053, -0.31336721, -0.49631906, -0.05468277,
       -0.00616893, -0.21914194, -0.24535404, -0.43880621, -0.30271511,
       -0.14126572,  0.00218408,  0.37731325,  0.02560171,  0.41714889,
        0.39506749,  0.44056547, -0.14614337, -0.09310168,  0.07297754,
        0.17720231, -0.44974275, -0.15345268, -0.18535705, -0.1599988 ,
       -0.01179986]) 

Generation: 199 
 - Generation Avg Fit: 85.38798194981315 
 - Best Fitness: 319.99687412257737
 - Best Solution: array([ 0.19001401, -0.13636796,  0.31470746,  0.50240482,  0.2490569 ,
       -0.09159409,  0.33539208, -0.32759471, -0.14199308,  0.2747274 ,
        0.46622181, -0.22808053, -0.31336721, -0.49631906, -0.05468277,
       -0.00616893, -0.21914194, -0.24535404, -0.43880621, -0.30271511,
       -0.14126572,  0.00218408,  0.37731325,  0.02560171,  0.41714889,
        0.39506749,  0.44056547, -0.14614337, -0.09310168,  0.07297754,
        0.17720231, -0.44974275, -0.15345268, -0.18535705, -0.1599988 ,
       -0.01179986]) 

Generation: 200 
 - Generation Avg Fit: 87.28568820177526 
 - Best Fitness: 319.99687412257737
 - Best Solution: array([ 0.19001401, -0.13636796,  0.31470746,  0.50240482,  0.2490569 ,
       -0.09159409,  0.33539208, -0.32759471, -0.14199308,  0.2747274 ,
        0.46622181, -0.22808053, -0.31336721, -0.49631906, -0.05468277,
       -0.00616893, -0.21914194, -0.24535404, -0.43880621, -0.30271511,
       -0.14126572,  0.00218408,  0.37731325,  0.02560171,  0.41714889,
        0.39506749,  0.44056547, -0.14614337, -0.09310168,  0.07297754,
        0.17720231, -0.44974275, -0.15345268, -0.18535705, -0.1599988 ,
       -0.01179986]) 

Generation: 201 
 - Generation Avg Fit: 88.23233052198292 
 - Best Fitness: 319.99687412257737
 - Best Solution: array([ 0.19001401, -0.13636796,  0.31470746,  0.50240482,  0.2490569 ,
       -0.09159409,  0.33539208, -0.32759471, -0.14199308,  0.2747274 ,
        0.46622181, -0.22808053, -0.31336721, -0.49631906, -0.05468277,
       -0.00616893, -0.21914194, -0.24535404, -0.43880621, -0.30271511,
       -0.14126572,  0.00218408,  0.37731325,  0.02560171,  0.41714889,
        0.39506749,  0.44056547, -0.14614337, -0.09310168,  0.07297754,
        0.17720231, -0.44974275, -0.15345268, -0.18535705, -0.1599988 ,
       -0.01179986]) 

Generation: 202 
 - Generation Avg Fit: 86.58369695546868 
 - Best Fitness: 319.99687412257737
 - Best Solution: array([ 0.19001401, -0.13636796,  0.31470746,  0.50240482,  0.2490569 ,
       -0.09159409,  0.33539208, -0.32759471, -0.14199308,  0.2747274 ,
        0.46622181, -0.22808053, -0.31336721, -0.49631906, -0.05468277,
       -0.00616893, -0.21914194, -0.24535404, -0.43880621, -0.30271511,
       -0.14126572,  0.00218408,  0.37731325,  0.02560171,  0.41714889,
        0.39506749,  0.44056547, -0.14614337, -0.09310168,  0.07297754,
        0.17720231, -0.44974275, -0.15345268, -0.18535705, -0.1599988 ,
       -0.01179986]) 

Generation: 203 
 - Generation Avg Fit: 86.44029827789704 
 - Best Fitness: 319.99687412257737
 - Best Solution: array([ 0.19001401, -0.13636796,  0.31470746,  0.50240482,  0.2490569 ,
       -0.09159409,  0.33539208, -0.32759471, -0.14199308,  0.2747274 ,
        0.46622181, -0.22808053, -0.31336721, -0.49631906, -0.05468277,
       -0.00616893, -0.21914194, -0.24535404, -0.43880621, -0.30271511,
       -0.14126572,  0.00218408,  0.37731325,  0.02560171,  0.41714889,
        0.39506749,  0.44056547, -0.14614337, -0.09310168,  0.07297754,
        0.17720231, -0.44974275, -0.15345268, -0.18535705, -0.1599988 ,
       -0.01179986]) 

Generation: 204 
 - Generation Avg Fit: 85.5987851483248 
 - Best Fitness: 319.99687412257737
 - Best Solution: array([ 0.19001401, -0.13636796,  0.31470746,  0.50240482,  0.2490569 ,
       -0.09159409,  0.33539208, -0.32759471, -0.14199308,  0.2747274 ,
        0.46622181, -0.22808053, -0.31336721, -0.49631906, -0.05468277,
       -0.00616893, -0.21914194, -0.24535404, -0.43880621, -0.30271511,
       -0.14126572,  0.00218408,  0.37731325,  0.02560171,  0.41714889,
        0.39506749,  0.44056547, -0.14614337, -0.09310168,  0.07297754,
        0.17720231, -0.44974275, -0.15345268, -0.18535705, -0.1599988 ,
       -0.01179986]) 

Generation: 205 
 - Generation Avg Fit: 87.31984028911243 
 - Best Fitness: 319.99687412257737
 - Best Solution: array([ 0.19001401, -0.13636796,  0.31470746,  0.50240482,  0.2490569 ,
       -0.09159409,  0.33539208, -0.32759471, -0.14199308,  0.2747274 ,
        0.46622181, -0.22808053, -0.31336721, -0.49631906, -0.05468277,
       -0.00616893, -0.21914194, -0.24535404, -0.43880621, -0.30271511,
       -0.14126572,  0.00218408,  0.37731325,  0.02560171,  0.41714889,
        0.39506749,  0.44056547, -0.14614337, -0.09310168,  0.07297754,
        0.17720231, -0.44974275, -0.15345268, -0.18535705, -0.1599988 ,
       -0.01179986]) 

Generation: 206 
 - Generation Avg Fit: 88.29584762656273 
 - Best Fitness: 319.99687412257737
 - Best Solution: array([ 0.19001401, -0.13636796,  0.31470746,  0.50240482,  0.2490569 ,
       -0.09159409,  0.33539208, -0.32759471, -0.14199308,  0.2747274 ,
        0.46622181, -0.22808053, -0.31336721, -0.49631906, -0.05468277,
       -0.00616893, -0.21914194, -0.24535404, -0.43880621, -0.30271511,
       -0.14126572,  0.00218408,  0.37731325,  0.02560171,  0.41714889,
        0.39506749,  0.44056547, -0.14614337, -0.09310168,  0.07297754,
        0.17720231, -0.44974275, -0.15345268, -0.18535705, -0.1599988 ,
       -0.01179986]) 

Generation: 207 
 - Generation Avg Fit: 87.63719477936586 
 - Best Fitness: 319.99687412257737
 - Best Solution: array([ 0.19001401, -0.13636796,  0.31470746,  0.50240482,  0.2490569 ,
       -0.09159409,  0.33539208, -0.32759471, -0.14199308,  0.2747274 ,
        0.46622181, -0.22808053, -0.31336721, -0.49631906, -0.05468277,
       -0.00616893, -0.21914194, -0.24535404, -0.43880621, -0.30271511,
       -0.14126572,  0.00218408,  0.37731325,  0.02560171,  0.41714889,
        0.39506749,  0.44056547, -0.14614337, -0.09310168,  0.07297754,
        0.17720231, -0.44974275, -0.15345268, -0.18535705, -0.1599988 ,
       -0.01179986]) 

Generation: 208 
 - Generation Avg Fit: 88.19402342034056 
 - Best Fitness: 319.99687412257737
 - Best Solution: array([ 0.19001401, -0.13636796,  0.31470746,  0.50240482,  0.2490569 ,
       -0.09159409,  0.33539208, -0.32759471, -0.14199308,  0.2747274 ,
        0.46622181, -0.22808053, -0.31336721, -0.49631906, -0.05468277,
       -0.00616893, -0.21914194, -0.24535404, -0.43880621, -0.30271511,
       -0.14126572,  0.00218408,  0.37731325,  0.02560171,  0.41714889,
        0.39506749,  0.44056547, -0.14614337, -0.09310168,  0.07297754,
        0.17720231, -0.44974275, -0.15345268, -0.18535705, -0.1599988 ,
       -0.01179986]) 

Generation: 209 
 - Generation Avg Fit: 94.60839292197048 
 - Best Fitness: 319.99687412257737
 - Best Solution: array([ 0.19001401, -0.13636796,  0.31470746,  0.50240482,  0.2490569 ,
       -0.09159409,  0.33539208, -0.32759471, -0.14199308,  0.2747274 ,
        0.46622181, -0.22808053, -0.31336721, -0.49631906, -0.05468277,
       -0.00616893, -0.21914194, -0.24535404, -0.43880621, -0.30271511,
       -0.14126572,  0.00218408,  0.37731325,  0.02560171,  0.41714889,
        0.39506749,  0.44056547, -0.14614337, -0.09310168,  0.07297754,
        0.17720231, -0.44974275, -0.15345268, -0.18535705, -0.1599988 ,
       -0.01179986]) 

Generation: 210 
 - Generation Avg Fit: 89.02663753553807 
 - Best Fitness: 319.99687412257737
 - Best Solution: array([ 0.19001401, -0.13636796,  0.31470746,  0.50240482,  0.2490569 ,
       -0.09159409,  0.33539208, -0.32759471, -0.14199308,  0.2747274 ,
        0.46622181, -0.22808053, -0.31336721, -0.49631906, -0.05468277,
       -0.00616893, -0.21914194, -0.24535404, -0.43880621, -0.30271511,
       -0.14126572,  0.00218408,  0.37731325,  0.02560171,  0.41714889,
        0.39506749,  0.44056547, -0.14614337, -0.09310168,  0.07297754,
        0.17720231, -0.44974275, -0.15345268, -0.18535705, -0.1599988 ,
       -0.01179986]) 

Generation: 211 
 - Generation Avg Fit: 89.2207238160827 
 - Best Fitness: 319.99687412257737
 - Best Solution: array([ 0.19001401, -0.13636796,  0.31470746,  0.50240482,  0.2490569 ,
       -0.09159409,  0.33539208, -0.32759471, -0.14199308,  0.2747274 ,
        0.46622181, -0.22808053, -0.31336721, -0.49631906, -0.05468277,
       -0.00616893, -0.21914194, -0.24535404, -0.43880621, -0.30271511,
       -0.14126572,  0.00218408,  0.37731325,  0.02560171,  0.41714889,
        0.39506749,  0.44056547, -0.14614337, -0.09310168,  0.07297754,
        0.17720231, -0.44974275, -0.15345268, -0.18535705, -0.1599988 ,
       -0.01179986]) 

Generation: 212 
 - Generation Avg Fit: 93.0256403326635 
 - Best Fitness: 319.99687412257737
 - Best Solution: array([ 0.19001401, -0.13636796,  0.31470746,  0.50240482,  0.2490569 ,
       -0.09159409,  0.33539208, -0.32759471, -0.14199308,  0.2747274 ,
        0.46622181, -0.22808053, -0.31336721, -0.49631906, -0.05468277,
       -0.00616893, -0.21914194, -0.24535404, -0.43880621, -0.30271511,
       -0.14126572,  0.00218408,  0.37731325,  0.02560171,  0.41714889,
        0.39506749,  0.44056547, -0.14614337, -0.09310168,  0.07297754,
        0.17720231, -0.44974275, -0.15345268, -0.18535705, -0.1599988 ,
       -0.01179986]) 

Generation: 213 
 - Generation Avg Fit: 92.02848480542701 
 - Best Fitness: 319.99687412257737
 - Best Solution: array([ 0.19001401, -0.13636796,  0.31470746,  0.50240482,  0.2490569 ,
       -0.09159409,  0.33539208, -0.32759471, -0.14199308,  0.2747274 ,
        0.46622181, -0.22808053, -0.31336721, -0.49631906, -0.05468277,
       -0.00616893, -0.21914194, -0.24535404, -0.43880621, -0.30271511,
       -0.14126572,  0.00218408,  0.37731325,  0.02560171,  0.41714889,
        0.39506749,  0.44056547, -0.14614337, -0.09310168,  0.07297754,
        0.17720231, -0.44974275, -0.15345268, -0.18535705, -0.1599988 ,
       -0.01179986]) 

Generation: 214 
 - Generation Avg Fit: 88.79374607094887 
 - Best Fitness: 319.99687412257737
 - Best Solution: array([ 0.19001401, -0.13636796,  0.31470746,  0.50240482,  0.2490569 ,
       -0.09159409,  0.33539208, -0.32759471, -0.14199308,  0.2747274 ,
        0.46622181, -0.22808053, -0.31336721, -0.49631906, -0.05468277,
       -0.00616893, -0.21914194, -0.24535404, -0.43880621, -0.30271511,
       -0.14126572,  0.00218408,  0.37731325,  0.02560171,  0.41714889,
        0.39506749,  0.44056547, -0.14614337, -0.09310168,  0.07297754,
        0.17720231, -0.44974275, -0.15345268, -0.18535705, -0.1599988 ,
       -0.01179986]) 

Generation: 215 
 - Generation Avg Fit: 93.26274395072952 
 - Best Fitness: 319.99687412257737
 - Best Solution: array([ 0.19001401, -0.13636796,  0.31470746,  0.50240482,  0.2490569 ,
       -0.09159409,  0.33539208, -0.32759471, -0.14199308,  0.2747274 ,
        0.46622181, -0.22808053, -0.31336721, -0.49631906, -0.05468277,
       -0.00616893, -0.21914194, -0.24535404, -0.43880621, -0.30271511,
       -0.14126572,  0.00218408,  0.37731325,  0.02560171,  0.41714889,
        0.39506749,  0.44056547, -0.14614337, -0.09310168,  0.07297754,
        0.17720231, -0.44974275, -0.15345268, -0.18535705, -0.1599988 ,
       -0.01179986]) 

Generation: 216 
 - Generation Avg Fit: 90.44415155307429 
 - Best Fitness: 319.99687412257737
 - Best Solution: array([ 0.19001401, -0.13636796,  0.31470746,  0.50240482,  0.2490569 ,
       -0.09159409,  0.33539208, -0.32759471, -0.14199308,  0.2747274 ,
        0.46622181, -0.22808053, -0.31336721, -0.49631906, -0.05468277,
       -0.00616893, -0.21914194, -0.24535404, -0.43880621, -0.30271511,
       -0.14126572,  0.00218408,  0.37731325,  0.02560171,  0.41714889,
        0.39506749,  0.44056547, -0.14614337, -0.09310168,  0.07297754,
        0.17720231, -0.44974275, -0.15345268, -0.18535705, -0.1599988 ,
       -0.01179986]) 

Generation: 217 
 - Generation Avg Fit: 91.3657659334854 
 - Best Fitness: 319.99687412257737
 - Best Solution: array([ 0.19001401, -0.13636796,  0.31470746,  0.50240482,  0.2490569 ,
       -0.09159409,  0.33539208, -0.32759471, -0.14199308,  0.2747274 ,
        0.46622181, -0.22808053, -0.31336721, -0.49631906, -0.05468277,
       -0.00616893, -0.21914194, -0.24535404, -0.43880621, -0.30271511,
       -0.14126572,  0.00218408,  0.37731325,  0.02560171,  0.41714889,
        0.39506749,  0.44056547, -0.14614337, -0.09310168,  0.07297754,
        0.17720231, -0.44974275, -0.15345268, -0.18535705, -0.1599988 ,
       -0.01179986]) 

Generation: 218 
 - Generation Avg Fit: 93.54421540182791 
 - Best Fitness: 319.99687412257737
 - Best Solution: array([ 0.19001401, -0.13636796,  0.31470746,  0.50240482,  0.2490569 ,
       -0.09159409,  0.33539208, -0.32759471, -0.14199308,  0.2747274 ,
        0.46622181, -0.22808053, -0.31336721, -0.49631906, -0.05468277,
       -0.00616893, -0.21914194, -0.24535404, -0.43880621, -0.30271511,
       -0.14126572,  0.00218408,  0.37731325,  0.02560171,  0.41714889,
        0.39506749,  0.44056547, -0.14614337, -0.09310168,  0.07297754,
        0.17720231, -0.44974275, -0.15345268, -0.18535705, -0.1599988 ,
       -0.01179986]) 

Generation: 219 
 - Generation Avg Fit: 93.9267428748584 
 - Best Fitness: 319.99687412257737
 - Best Solution: array([ 0.19001401, -0.13636796,  0.31470746,  0.50240482,  0.2490569 ,
       -0.09159409,  0.33539208, -0.32759471, -0.14199308,  0.2747274 ,
        0.46622181, -0.22808053, -0.31336721, -0.49631906, -0.05468277,
       -0.00616893, -0.21914194, -0.24535404, -0.43880621, -0.30271511,
       -0.14126572,  0.00218408,  0.37731325,  0.02560171,  0.41714889,
        0.39506749,  0.44056547, -0.14614337, -0.09310168,  0.07297754,
        0.17720231, -0.44974275, -0.15345268, -0.18535705, -0.1599988 ,
       -0.01179986]) 

Generation: 220 
 - Generation Avg Fit: 92.10061743716949 
 - Best Fitness: 319.99687412257737
 - Best Solution: array([ 0.19001401, -0.13636796,  0.31470746,  0.50240482,  0.2490569 ,
       -0.09159409,  0.33539208, -0.32759471, -0.14199308,  0.2747274 ,
        0.46622181, -0.22808053, -0.31336721, -0.49631906, -0.05468277,
       -0.00616893, -0.21914194, -0.24535404, -0.43880621, -0.30271511,
       -0.14126572,  0.00218408,  0.37731325,  0.02560171,  0.41714889,
        0.39506749,  0.44056547, -0.14614337, -0.09310168,  0.07297754,
        0.17720231, -0.44974275, -0.15345268, -0.18535705, -0.1599988 ,
       -0.01179986]) 

Generation: 221 
 - Generation Avg Fit: 92.90583029364592 
 - Best Fitness: 319.99687412257737
 - Best Solution: array([ 0.19001401, -0.13636796,  0.31470746,  0.50240482,  0.2490569 ,
       -0.09159409,  0.33539208, -0.32759471, -0.14199308,  0.2747274 ,
        0.46622181, -0.22808053, -0.31336721, -0.49631906, -0.05468277,
       -0.00616893, -0.21914194, -0.24535404, -0.43880621, -0.30271511,
       -0.14126572,  0.00218408,  0.37731325,  0.02560171,  0.41714889,
        0.39506749,  0.44056547, -0.14614337, -0.09310168,  0.07297754,
        0.17720231, -0.44974275, -0.15345268, -0.18535705, -0.1599988 ,
       -0.01179986]) 

Generation: 222 
 - Generation Avg Fit: 95.56910549135817 
 - Best Fitness: 319.99687412257737
 - Best Solution: array([ 0.19001401, -0.13636796,  0.31470746,  0.50240482,  0.2490569 ,
       -0.09159409,  0.33539208, -0.32759471, -0.14199308,  0.2747274 ,
        0.46622181, -0.22808053, -0.31336721, -0.49631906, -0.05468277,
       -0.00616893, -0.21914194, -0.24535404, -0.43880621, -0.30271511,
       -0.14126572,  0.00218408,  0.37731325,  0.02560171,  0.41714889,
        0.39506749,  0.44056547, -0.14614337, -0.09310168,  0.07297754,
        0.17720231, -0.44974275, -0.15345268, -0.18535705, -0.1599988 ,
       -0.01179986]) 

Generation: 223 
 - Generation Avg Fit: 94.57272351887481 
 - Best Fitness: 319.99687412257737
 - Best Solution: array([ 0.19001401, -0.13636796,  0.31470746,  0.50240482,  0.2490569 ,
       -0.09159409,  0.33539208, -0.32759471, -0.14199308,  0.2747274 ,
        0.46622181, -0.22808053, -0.31336721, -0.49631906, -0.05468277,
       -0.00616893, -0.21914194, -0.24535404, -0.43880621, -0.30271511,
       -0.14126572,  0.00218408,  0.37731325,  0.02560171,  0.41714889,
        0.39506749,  0.44056547, -0.14614337, -0.09310168,  0.07297754,
        0.17720231, -0.44974275, -0.15345268, -0.18535705, -0.1599988 ,
       -0.01179986]) 

Generation: 224 
 - Generation Avg Fit: 92.17485862780318 
 - Best Fitness: 319.99687412257737
 - Best Solution: array([ 0.19001401, -0.13636796,  0.31470746,  0.50240482,  0.2490569 ,
       -0.09159409,  0.33539208, -0.32759471, -0.14199308,  0.2747274 ,
        0.46622181, -0.22808053, -0.31336721, -0.49631906, -0.05468277,
       -0.00616893, -0.21914194, -0.24535404, -0.43880621, -0.30271511,
       -0.14126572,  0.00218408,  0.37731325,  0.02560171,  0.41714889,
        0.39506749,  0.44056547, -0.14614337, -0.09310168,  0.07297754,
        0.17720231, -0.44974275, -0.15345268, -0.18535705, -0.1599988 ,
       -0.01179986]) 

Generation: 225 
 - Generation Avg Fit: 95.68146561376027 
 - Best Fitness: 319.99687412257737
 - Best Solution: array([ 0.19001401, -0.13636796,  0.31470746,  0.50240482,  0.2490569 ,
       -0.09159409,  0.33539208, -0.32759471, -0.14199308,  0.2747274 ,
        0.46622181, -0.22808053, -0.31336721, -0.49631906, -0.05468277,
       -0.00616893, -0.21914194, -0.24535404, -0.43880621, -0.30271511,
       -0.14126572,  0.00218408,  0.37731325,  0.02560171,  0.41714889,
        0.39506749,  0.44056547, -0.14614337, -0.09310168,  0.07297754,
        0.17720231, -0.44974275, -0.15345268, -0.18535705, -0.1599988 ,
       -0.01179986]) 

Generation: 226 
 - Generation Avg Fit: 96.88185661075846 
 - Best Fitness: 319.99687412257737
 - Best Solution: array([ 0.19001401, -0.13636796,  0.31470746,  0.50240482,  0.2490569 ,
       -0.09159409,  0.33539208, -0.32759471, -0.14199308,  0.2747274 ,
        0.46622181, -0.22808053, -0.31336721, -0.49631906, -0.05468277,
       -0.00616893, -0.21914194, -0.24535404, -0.43880621, -0.30271511,
       -0.14126572,  0.00218408,  0.37731325,  0.02560171,  0.41714889,
        0.39506749,  0.44056547, -0.14614337, -0.09310168,  0.07297754,
        0.17720231, -0.44974275, -0.15345268, -0.18535705, -0.1599988 ,
       -0.01179986]) 

Generation: 227 
 - Generation Avg Fit: 96.09480422429206 
 - Best Fitness: 319.99687412257737
 - Best Solution: array([ 0.19001401, -0.13636796,  0.31470746,  0.50240482,  0.2490569 ,
       -0.09159409,  0.33539208, -0.32759471, -0.14199308,  0.2747274 ,
        0.46622181, -0.22808053, -0.31336721, -0.49631906, -0.05468277,
       -0.00616893, -0.21914194, -0.24535404, -0.43880621, -0.30271511,
       -0.14126572,  0.00218408,  0.37731325,  0.02560171,  0.41714889,
        0.39506749,  0.44056547, -0.14614337, -0.09310168,  0.07297754,
        0.17720231, -0.44974275, -0.15345268, -0.18535705, -0.1599988 ,
       -0.01179986]) 

Generation: 228 
 - Generation Avg Fit: 99.52182329964653 
 - Best Fitness: 319.99687412257737
 - Best Solution: array([ 0.19001401, -0.13636796,  0.31470746,  0.50240482,  0.2490569 ,
       -0.09159409,  0.33539208, -0.32759471, -0.14199308,  0.2747274 ,
        0.46622181, -0.22808053, -0.31336721, -0.49631906, -0.05468277,
       -0.00616893, -0.21914194, -0.24535404, -0.43880621, -0.30271511,
       -0.14126572,  0.00218408,  0.37731325,  0.02560171,  0.41714889,
        0.39506749,  0.44056547, -0.14614337, -0.09310168,  0.07297754,
        0.17720231, -0.44974275, -0.15345268, -0.18535705, -0.1599988 ,
       -0.01179986]) 

Generation: 229 
 - Generation Avg Fit: 100.38640197197809 
 - Best Fitness: 319.99687412257737
 - Best Solution: array([ 0.19001401, -0.13636796,  0.31470746,  0.50240482,  0.2490569 ,
       -0.09159409,  0.33539208, -0.32759471, -0.14199308,  0.2747274 ,
        0.46622181, -0.22808053, -0.31336721, -0.49631906, -0.05468277,
       -0.00616893, -0.21914194, -0.24535404, -0.43880621, -0.30271511,
       -0.14126572,  0.00218408,  0.37731325,  0.02560171,  0.41714889,
        0.39506749,  0.44056547, -0.14614337, -0.09310168,  0.07297754,
        0.17720231, -0.44974275, -0.15345268, -0.18535705, -0.1599988 ,
       -0.01179986]) 

Generation: 230 
 - Generation Avg Fit: 99.2839945247699 
 - Best Fitness: 319.99687412257737
 - Best Solution: array([ 0.19001401, -0.13636796,  0.31470746,  0.50240482,  0.2490569 ,
       -0.09159409,  0.33539208, -0.32759471, -0.14199308,  0.2747274 ,
        0.46622181, -0.22808053, -0.31336721, -0.49631906, -0.05468277,
       -0.00616893, -0.21914194, -0.24535404, -0.43880621, -0.30271511,
       -0.14126572,  0.00218408,  0.37731325,  0.02560171,  0.41714889,
        0.39506749,  0.44056547, -0.14614337, -0.09310168,  0.07297754,
        0.17720231, -0.44974275, -0.15345268, -0.18535705, -0.1599988 ,
       -0.01179986]) 

Generation: 231 
 - Generation Avg Fit: 97.70362336374724 
 - Best Fitness: 319.99687412257737
 - Best Solution: array([ 0.19001401, -0.13636796,  0.31470746,  0.50240482,  0.2490569 ,
       -0.09159409,  0.33539208, -0.32759471, -0.14199308,  0.2747274 ,
        0.46622181, -0.22808053, -0.31336721, -0.49631906, -0.05468277,
       -0.00616893, -0.21914194, -0.24535404, -0.43880621, -0.30271511,
       -0.14126572,  0.00218408,  0.37731325,  0.02560171,  0.41714889,
        0.39506749,  0.44056547, -0.14614337, -0.09310168,  0.07297754,
        0.17720231, -0.44974275, -0.15345268, -0.18535705, -0.1599988 ,
       -0.01179986]) 

Generation: 232 
 - Generation Avg Fit: 101.22476702217207 
 - Best Fitness: 319.99687412257737
 - Best Solution: array([ 0.19001401, -0.13636796,  0.31470746,  0.50240482,  0.2490569 ,
       -0.09159409,  0.33539208, -0.32759471, -0.14199308,  0.2747274 ,
        0.46622181, -0.22808053, -0.31336721, -0.49631906, -0.05468277,
       -0.00616893, -0.21914194, -0.24535404, -0.43880621, -0.30271511,
       -0.14126572,  0.00218408,  0.37731325,  0.02560171,  0.41714889,
        0.39506749,  0.44056547, -0.14614337, -0.09310168,  0.07297754,
        0.17720231, -0.44974275, -0.15345268, -0.18535705, -0.1599988 ,
       -0.01179986]) 

Generation: 233 
 - Generation Avg Fit: 99.01501692859752 
 - Best Fitness: 319.99687412257737
 - Best Solution: array([ 0.19001401, -0.13636796,  0.31470746,  0.50240482,  0.2490569 ,
       -0.09159409,  0.33539208, -0.32759471, -0.14199308,  0.2747274 ,
        0.46622181, -0.22808053, -0.31336721, -0.49631906, -0.05468277,
       -0.00616893, -0.21914194, -0.24535404, -0.43880621, -0.30271511,
       -0.14126572,  0.00218408,  0.37731325,  0.02560171,  0.41714889,
        0.39506749,  0.44056547, -0.14614337, -0.09310168,  0.07297754,
        0.17720231, -0.44974275, -0.15345268, -0.18535705, -0.1599988 ,
       -0.01179986]) 

Generation: 234 
 - Generation Avg Fit: 101.84079577157254 
 - Best Fitness: 319.99687412257737
 - Best Solution: array([ 0.19001401, -0.13636796,  0.31470746,  0.50240482,  0.2490569 ,
       -0.09159409,  0.33539208, -0.32759471, -0.14199308,  0.2747274 ,
        0.46622181, -0.22808053, -0.31336721, -0.49631906, -0.05468277,
       -0.00616893, -0.21914194, -0.24535404, -0.43880621, -0.30271511,
       -0.14126572,  0.00218408,  0.37731325,  0.02560171,  0.41714889,
        0.39506749,  0.44056547, -0.14614337, -0.09310168,  0.07297754,
        0.17720231, -0.44974275, -0.15345268, -0.18535705, -0.1599988 ,
       -0.01179986]) 

Generation: 235 
 - Generation Avg Fit: 102.8935191267293 
 - Best Fitness: 319.99687412257737
 - Best Solution: array([ 0.19001401, -0.13636796,  0.31470746,  0.50240482,  0.2490569 ,
       -0.09159409,  0.33539208, -0.32759471, -0.14199308,  0.2747274 ,
        0.46622181, -0.22808053, -0.31336721, -0.49631906, -0.05468277,
       -0.00616893, -0.21914194, -0.24535404, -0.43880621, -0.30271511,
       -0.14126572,  0.00218408,  0.37731325,  0.02560171,  0.41714889,
        0.39506749,  0.44056547, -0.14614337, -0.09310168,  0.07297754,
        0.17720231, -0.44974275, -0.15345268, -0.18535705, -0.1599988 ,
       -0.01179986]) 

Generation: 236 
 - Generation Avg Fit: 104.94225201314892 
 - Best Fitness: 319.99687412257737
 - Best Solution: array([ 0.19001401, -0.13636796,  0.31470746,  0.50240482,  0.2490569 ,
       -0.09159409,  0.33539208, -0.32759471, -0.14199308,  0.2747274 ,
        0.46622181, -0.22808053, -0.31336721, -0.49631906, -0.05468277,
       -0.00616893, -0.21914194, -0.24535404, -0.43880621, -0.30271511,
       -0.14126572,  0.00218408,  0.37731325,  0.02560171,  0.41714889,
        0.39506749,  0.44056547, -0.14614337, -0.09310168,  0.07297754,
        0.17720231, -0.44974275, -0.15345268, -0.18535705, -0.1599988 ,
       -0.01179986]) 

Generation: 237 
 - Generation Avg Fit: 103.31162992891741 
 - Best Fitness: 319.99687412257737
 - Best Solution: array([ 0.19001401, -0.13636796,  0.31470746,  0.50240482,  0.2490569 ,
       -0.09159409,  0.33539208, -0.32759471, -0.14199308,  0.2747274 ,
        0.46622181, -0.22808053, -0.31336721, -0.49631906, -0.05468277,
       -0.00616893, -0.21914194, -0.24535404, -0.43880621, -0.30271511,
       -0.14126572,  0.00218408,  0.37731325,  0.02560171,  0.41714889,
        0.39506749,  0.44056547, -0.14614337, -0.09310168,  0.07297754,
        0.17720231, -0.44974275, -0.15345268, -0.18535705, -0.1599988 ,
       -0.01179986]) 

Generation: 238 
 - Generation Avg Fit: 107.58205191937257 
 - Best Fitness: 319.99687412257737
 - Best Solution: array([ 0.19001401, -0.13636796,  0.31470746,  0.50240482,  0.2490569 ,
       -0.09159409,  0.33539208, -0.32759471, -0.14199308,  0.2747274 ,
        0.46622181, -0.22808053, -0.31336721, -0.49631906, -0.05468277,
       -0.00616893, -0.21914194, -0.24535404, -0.43880621, -0.30271511,
       -0.14126572,  0.00218408,  0.37731325,  0.02560171,  0.41714889,
        0.39506749,  0.44056547, -0.14614337, -0.09310168,  0.07297754,
        0.17720231, -0.44974275, -0.15345268, -0.18535705, -0.1599988 ,
       -0.01179986]) 

Generation: 239 
 - Generation Avg Fit: 108.04244943850408 
 - Best Fitness: 319.99687412257737
 - Best Solution: array([ 0.19001401, -0.13636796,  0.31470746,  0.50240482,  0.2490569 ,
       -0.09159409,  0.33539208, -0.32759471, -0.14199308,  0.2747274 ,
        0.46622181, -0.22808053, -0.31336721, -0.49631906, -0.05468277,
       -0.00616893, -0.21914194, -0.24535404, -0.43880621, -0.30271511,
       -0.14126572,  0.00218408,  0.37731325,  0.02560171,  0.41714889,
        0.39506749,  0.44056547, -0.14614337, -0.09310168,  0.07297754,
        0.17720231, -0.44974275, -0.15345268, -0.18535705, -0.1599988 ,
       -0.01179986]) 

Generation: 240 
 - Generation Avg Fit: 107.34803241844011 
 - Best Fitness: 319.99687412257737
 - Best Solution: array([ 0.19001401, -0.13636796,  0.31470746,  0.50240482,  0.2490569 ,
       -0.09159409,  0.33539208, -0.32759471, -0.14199308,  0.2747274 ,
        0.46622181, -0.22808053, -0.31336721, -0.49631906, -0.05468277,
       -0.00616893, -0.21914194, -0.24535404, -0.43880621, -0.30271511,
       -0.14126572,  0.00218408,  0.37731325,  0.02560171,  0.41714889,
        0.39506749,  0.44056547, -0.14614337, -0.09310168,  0.07297754,
        0.17720231, -0.44974275, -0.15345268, -0.18535705, -0.1599988 ,
       -0.01179986]) 

Generation: 241 
 - Generation Avg Fit: 112.82868034982975 
 - Best Fitness: 319.99687412257737
 - Best Solution: array([ 0.19001401, -0.13636796,  0.31470746,  0.50240482,  0.2490569 ,
       -0.09159409,  0.33539208, -0.32759471, -0.14199308,  0.2747274 ,
        0.46622181, -0.22808053, -0.31336721, -0.49631906, -0.05468277,
       -0.00616893, -0.21914194, -0.24535404, -0.43880621, -0.30271511,
       -0.14126572,  0.00218408,  0.37731325,  0.02560171,  0.41714889,
        0.39506749,  0.44056547, -0.14614337, -0.09310168,  0.07297754,
        0.17720231, -0.44974275, -0.15345268, -0.18535705, -0.1599988 ,
       -0.01179986]) 

Generation: 242 
 - Generation Avg Fit: 109.12834340391042 
 - Best Fitness: 319.99687412257737
 - Best Solution: array([ 0.19001401, -0.13636796,  0.31470746,  0.50240482,  0.2490569 ,
       -0.09159409,  0.33539208, -0.32759471, -0.14199308,  0.2747274 ,
        0.46622181, -0.22808053, -0.31336721, -0.49631906, -0.05468277,
       -0.00616893, -0.21914194, -0.24535404, -0.43880621, -0.30271511,
       -0.14126572,  0.00218408,  0.37731325,  0.02560171,  0.41714889,
        0.39506749,  0.44056547, -0.14614337, -0.09310168,  0.07297754,
        0.17720231, -0.44974275, -0.15345268, -0.18535705, -0.1599988 ,
       -0.01179986]) 

Generation: 243 
 - Generation Avg Fit: 109.07534773533663 
 - Best Fitness: 319.99687412257737
 - Best Solution: array([ 0.19001401, -0.13636796,  0.31470746,  0.50240482,  0.2490569 ,
       -0.09159409,  0.33539208, -0.32759471, -0.14199308,  0.2747274 ,
        0.46622181, -0.22808053, -0.31336721, -0.49631906, -0.05468277,
       -0.00616893, -0.21914194, -0.24535404, -0.43880621, -0.30271511,
       -0.14126572,  0.00218408,  0.37731325,  0.02560171,  0.41714889,
        0.39506749,  0.44056547, -0.14614337, -0.09310168,  0.07297754,
        0.17720231, -0.44974275, -0.15345268, -0.18535705, -0.1599988 ,
       -0.01179986]) 

Generation: 244 
 - Generation Avg Fit: 117.20588479979956 
 - Best Fitness: 319.99687412257737
 - Best Solution: array([ 0.19001401, -0.13636796,  0.31470746,  0.50240482,  0.2490569 ,
       -0.09159409,  0.33539208, -0.32759471, -0.14199308,  0.2747274 ,
        0.46622181, -0.22808053, -0.31336721, -0.49631906, -0.05468277,
       -0.00616893, -0.21914194, -0.24535404, -0.43880621, -0.30271511,
       -0.14126572,  0.00218408,  0.37731325,  0.02560171,  0.41714889,
        0.39506749,  0.44056547, -0.14614337, -0.09310168,  0.07297754,
        0.17720231, -0.44974275, -0.15345268, -0.18535705, -0.1599988 ,
       -0.01179986]) 

Generation: 245 
 - Generation Avg Fit: 116.49876964721813 
 - Best Fitness: 319.99687412257737
 - Best Solution: array([ 0.19001401, -0.13636796,  0.31470746,  0.50240482,  0.2490569 ,
       -0.09159409,  0.33539208, -0.32759471, -0.14199308,  0.2747274 ,
        0.46622181, -0.22808053, -0.31336721, -0.49631906, -0.05468277,
       -0.00616893, -0.21914194, -0.24535404, -0.43880621, -0.30271511,
       -0.14126572,  0.00218408,  0.37731325,  0.02560171,  0.41714889,
        0.39506749,  0.44056547, -0.14614337, -0.09310168,  0.07297754,
        0.17720231, -0.44974275, -0.15345268, -0.18535705, -0.1599988 ,
       -0.01179986]) 

Generation: 246 
 - Generation Avg Fit: 119.61510666519371 
 - Best Fitness: 319.99687412257737
 - Best Solution: array([ 0.19001401, -0.13636796,  0.31470746,  0.50240482,  0.2490569 ,
       -0.09159409,  0.33539208, -0.32759471, -0.14199308,  0.2747274 ,
        0.46622181, -0.22808053, -0.31336721, -0.49631906, -0.05468277,
       -0.00616893, -0.21914194, -0.24535404, -0.43880621, -0.30271511,
       -0.14126572,  0.00218408,  0.37731325,  0.02560171,  0.41714889,
        0.39506749,  0.44056547, -0.14614337, -0.09310168,  0.07297754,
        0.17720231, -0.44974275, -0.15345268, -0.18535705, -0.1599988 ,
       -0.01179986]) 

Generation: 247 
 - Generation Avg Fit: 126.76676786602951 
 - Best Fitness: 319.99687412257737
 - Best Solution: array([ 0.19001401, -0.13636796,  0.31470746,  0.50240482,  0.2490569 ,
       -0.09159409,  0.33539208, -0.32759471, -0.14199308,  0.2747274 ,
        0.46622181, -0.22808053, -0.31336721, -0.49631906, -0.05468277,
       -0.00616893, -0.21914194, -0.24535404, -0.43880621, -0.30271511,
       -0.14126572,  0.00218408,  0.37731325,  0.02560171,  0.41714889,
        0.39506749,  0.44056547, -0.14614337, -0.09310168,  0.07297754,
        0.17720231, -0.44974275, -0.15345268, -0.18535705, -0.1599988 ,
       -0.01179986]) 

Generation: 248 
 - Generation Avg Fit: 118.98261605689426 
 - Best Fitness: 319.99687412257737
 - Best Solution: array([ 0.19001401, -0.13636796,  0.31470746,  0.50240482,  0.2490569 ,
       -0.09159409,  0.33539208, -0.32759471, -0.14199308,  0.2747274 ,
        0.46622181, -0.22808053, -0.31336721, -0.49631906, -0.05468277,
       -0.00616893, -0.21914194, -0.24535404, -0.43880621, -0.30271511,
       -0.14126572,  0.00218408,  0.37731325,  0.02560171,  0.41714889,
        0.39506749,  0.44056547, -0.14614337, -0.09310168,  0.07297754,
        0.17720231, -0.44974275, -0.15345268, -0.18535705, -0.1599988 ,
       -0.01179986]) 

Generation: 249 
 - Generation Avg Fit: 132.03580657941887 
 - Best Fitness: 319.99687412257737
 - Best Solution: array([ 0.19001401, -0.13636796,  0.31470746,  0.50240482,  0.2490569 ,
       -0.09159409,  0.33539208, -0.32759471, -0.14199308,  0.2747274 ,
        0.46622181, -0.22808053, -0.31336721, -0.49631906, -0.05468277,
       -0.00616893, -0.21914194, -0.24535404, -0.43880621, -0.30271511,
       -0.14126572,  0.00218408,  0.37731325,  0.02560171,  0.41714889,
        0.39506749,  0.44056547, -0.14614337, -0.09310168,  0.07297754,
        0.17720231, -0.44974275, -0.15345268, -0.18535705, -0.1599988 ,
       -0.01179986]) 

Generation: 250 
 - Generation Avg Fit: 131.6918692189875 
 - Best Fitness: 319.99687412257737
 - Best Solution: array([ 0.19001401, -0.13636796,  0.31470746,  0.50240482,  0.2490569 ,
       -0.09159409,  0.33539208, -0.32759471, -0.14199308,  0.2747274 ,
        0.46622181, -0.22808053, -0.31336721, -0.49631906, -0.05468277,
       -0.00616893, -0.21914194, -0.24535404, -0.43880621, -0.30271511,
       -0.14126572,  0.00218408,  0.37731325,  0.02560171,  0.41714889,
        0.39506749,  0.44056547, -0.14614337, -0.09310168,  0.07297754,
        0.17720231, -0.44974275, -0.15345268, -0.18535705, -0.1599988 ,
       -0.01179986]) 

Generation: 251 
 - Generation Avg Fit: 137.76496479218397 
 - Best Fitness: 319.99687412257737
 - Best Solution: array([ 0.19001401, -0.13636796,  0.31470746,  0.50240482,  0.2490569 ,
       -0.09159409,  0.33539208, -0.32759471, -0.14199308,  0.2747274 ,
        0.46622181, -0.22808053, -0.31336721, -0.49631906, -0.05468277,
       -0.00616893, -0.21914194, -0.24535404, -0.43880621, -0.30271511,
       -0.14126572,  0.00218408,  0.37731325,  0.02560171,  0.41714889,
        0.39506749,  0.44056547, -0.14614337, -0.09310168,  0.07297754,
        0.17720231, -0.44974275, -0.15345268, -0.18535705, -0.1599988 ,
       -0.01179986]) 

Generation: 252 
 - Generation Avg Fit: 143.06419929755484 
 - Best Fitness: 319.99687412257737
 - Best Solution: array([ 0.19001401, -0.13636796,  0.31470746,  0.50240482,  0.2490569 ,
       -0.09159409,  0.33539208, -0.32759471, -0.14199308,  0.2747274 ,
        0.46622181, -0.22808053, -0.31336721, -0.49631906, -0.05468277,
       -0.00616893, -0.21914194, -0.24535404, -0.43880621, -0.30271511,
       -0.14126572,  0.00218408,  0.37731325,  0.02560171,  0.41714889,
        0.39506749,  0.44056547, -0.14614337, -0.09310168,  0.07297754,
        0.17720231, -0.44974275, -0.15345268, -0.18535705, -0.1599988 ,
       -0.01179986]) 

Generation: 253 
 - Generation Avg Fit: 145.28741775105814 
 - Best Fitness: 319.99687412257737
 - Best Solution: array([ 0.19001401, -0.13636796,  0.31470746,  0.50240482,  0.2490569 ,
       -0.09159409,  0.33539208, -0.32759471, -0.14199308,  0.2747274 ,
        0.46622181, -0.22808053, -0.31336721, -0.49631906, -0.05468277,
       -0.00616893, -0.21914194, -0.24535404, -0.43880621, -0.30271511,
       -0.14126572,  0.00218408,  0.37731325,  0.02560171,  0.41714889,
        0.39506749,  0.44056547, -0.14614337, -0.09310168,  0.07297754,
        0.17720231, -0.44974275, -0.15345268, -0.18535705, -0.1599988 ,
       -0.01179986]) 

Generation: 254 
 - Generation Avg Fit: 142.89721965908973 
 - Best Fitness: 319.99687412257737
 - Best Solution: array([ 0.19001401, -0.13636796,  0.31470746,  0.50240482,  0.2490569 ,
       -0.09159409,  0.33539208, -0.32759471, -0.14199308,  0.2747274 ,
        0.46622181, -0.22808053, -0.31336721, -0.49631906, -0.05468277,
       -0.00616893, -0.21914194, -0.24535404, -0.43880621, -0.30271511,
       -0.14126572,  0.00218408,  0.37731325,  0.02560171,  0.41714889,
        0.39506749,  0.44056547, -0.14614337, -0.09310168,  0.07297754,
        0.17720231, -0.44974275, -0.15345268, -0.18535705, -0.1599988 ,
       -0.01179986]) 

Generation: 255 
 - Generation Avg Fit: 141.09685937556623 
 - Best Fitness: 319.99687412257737
 - Best Solution: array([ 0.19001401, -0.13636796,  0.31470746,  0.50240482,  0.2490569 ,
       -0.09159409,  0.33539208, -0.32759471, -0.14199308,  0.2747274 ,
        0.46622181, -0.22808053, -0.31336721, -0.49631906, -0.05468277,
       -0.00616893, -0.21914194, -0.24535404, -0.43880621, -0.30271511,
       -0.14126572,  0.00218408,  0.37731325,  0.02560171,  0.41714889,
        0.39506749,  0.44056547, -0.14614337, -0.09310168,  0.07297754,
        0.17720231, -0.44974275, -0.15345268, -0.18535705, -0.1599988 ,
       -0.01179986]) 

Generation: 256 
 - Generation Avg Fit: 153.7787718576991 
 - Best Fitness: 319.99687412257737
 - Best Solution: array([ 0.19001401, -0.13636796,  0.31470746,  0.50240482,  0.2490569 ,
       -0.09159409,  0.33539208, -0.32759471, -0.14199308,  0.2747274 ,
        0.46622181, -0.22808053, -0.31336721, -0.49631906, -0.05468277,
       -0.00616893, -0.21914194, -0.24535404, -0.43880621, -0.30271511,
       -0.14126572,  0.00218408,  0.37731325,  0.02560171,  0.41714889,
        0.39506749,  0.44056547, -0.14614337, -0.09310168,  0.07297754,
        0.17720231, -0.44974275, -0.15345268, -0.18535705, -0.1599988 ,
       -0.01179986]) 

Generation: 257 
 - Generation Avg Fit: 147.02523349748986 
 - Best Fitness: 319.99687412257737
 - Best Solution: array([ 0.19001401, -0.13636796,  0.31470746,  0.50240482,  0.2490569 ,
       -0.09159409,  0.33539208, -0.32759471, -0.14199308,  0.2747274 ,
        0.46622181, -0.22808053, -0.31336721, -0.49631906, -0.05468277,
       -0.00616893, -0.21914194, -0.24535404, -0.43880621, -0.30271511,
       -0.14126572,  0.00218408,  0.37731325,  0.02560171,  0.41714889,
        0.39506749,  0.44056547, -0.14614337, -0.09310168,  0.07297754,
        0.17720231, -0.44974275, -0.15345268, -0.18535705, -0.1599988 ,
       -0.01179986]) 

Generation: 258 
 - Generation Avg Fit: 149.9766018785784 
 - Best Fitness: 319.99687412257737
 - Best Solution: array([ 0.19001401, -0.13636796,  0.31470746,  0.50240482,  0.2490569 ,
       -0.09159409,  0.33539208, -0.32759471, -0.14199308,  0.2747274 ,
        0.46622181, -0.22808053, -0.31336721, -0.49631906, -0.05468277,
       -0.00616893, -0.21914194, -0.24535404, -0.43880621, -0.30271511,
       -0.14126572,  0.00218408,  0.37731325,  0.02560171,  0.41714889,
        0.39506749,  0.44056547, -0.14614337, -0.09310168,  0.07297754,
        0.17720231, -0.44974275, -0.15345268, -0.18535705, -0.1599988 ,
       -0.01179986]) 

Generation: 259 
 - Generation Avg Fit: 147.11498763431968 
 - Best Fitness: 319.99687412257737
 - Best Solution: array([ 0.19001401, -0.13636796,  0.31470746,  0.50240482,  0.2490569 ,
       -0.09159409,  0.33539208, -0.32759471, -0.14199308,  0.2747274 ,
        0.46622181, -0.22808053, -0.31336721, -0.49631906, -0.05468277,
       -0.00616893, -0.21914194, -0.24535404, -0.43880621, -0.30271511,
       -0.14126572,  0.00218408,  0.37731325,  0.02560171,  0.41714889,
        0.39506749,  0.44056547, -0.14614337, -0.09310168,  0.07297754,
        0.17720231, -0.44974275, -0.15345268, -0.18535705, -0.1599988 ,
       -0.01179986]) 

Generation: 260 
 - Generation Avg Fit: 153.61023294492924 
 - Best Fitness: 319.99687412257737
 - Best Solution: array([ 0.19001401, -0.13636796,  0.31470746,  0.50240482,  0.2490569 ,
       -0.09159409,  0.33539208, -0.32759471, -0.14199308,  0.2747274 ,
        0.46622181, -0.22808053, -0.31336721, -0.49631906, -0.05468277,
       -0.00616893, -0.21914194, -0.24535404, -0.43880621, -0.30271511,
       -0.14126572,  0.00218408,  0.37731325,  0.02560171,  0.41714889,
        0.39506749,  0.44056547, -0.14614337, -0.09310168,  0.07297754,
        0.17720231, -0.44974275, -0.15345268, -0.18535705, -0.1599988 ,
       -0.01179986]) 

Generation: 261 
 - Generation Avg Fit: 146.20411697257606 
 - Best Fitness: 319.99687412257737
 - Best Solution: array([ 0.19001401, -0.13636796,  0.31470746,  0.50240482,  0.2490569 ,
       -0.09159409,  0.33539208, -0.32759471, -0.14199308,  0.2747274 ,
        0.46622181, -0.22808053, -0.31336721, -0.49631906, -0.05468277,
       -0.00616893, -0.21914194, -0.24535404, -0.43880621, -0.30271511,
       -0.14126572,  0.00218408,  0.37731325,  0.02560171,  0.41714889,
        0.39506749,  0.44056547, -0.14614337, -0.09310168,  0.07297754,
        0.17720231, -0.44974275, -0.15345268, -0.18535705, -0.1599988 ,
       -0.01179986]) 

Generation: 262 
 - Generation Avg Fit: 145.5264047209062 
 - Best Fitness: 319.99687412257737
 - Best Solution: array([ 0.19001401, -0.13636796,  0.31470746,  0.50240482,  0.2490569 ,
       -0.09159409,  0.33539208, -0.32759471, -0.14199308,  0.2747274 ,
        0.46622181, -0.22808053, -0.31336721, -0.49631906, -0.05468277,
       -0.00616893, -0.21914194, -0.24535404, -0.43880621, -0.30271511,
       -0.14126572,  0.00218408,  0.37731325,  0.02560171,  0.41714889,
        0.39506749,  0.44056547, -0.14614337, -0.09310168,  0.07297754,
        0.17720231, -0.44974275, -0.15345268, -0.18535705, -0.1599988 ,
       -0.01179986]) 

Generation: 263 
 - Generation Avg Fit: 148.64700175218366 
 - Best Fitness: 319.99687412257737
 - Best Solution: array([ 0.19001401, -0.13636796,  0.31470746,  0.50240482,  0.2490569 ,
       -0.09159409,  0.33539208, -0.32759471, -0.14199308,  0.2747274 ,
        0.46622181, -0.22808053, -0.31336721, -0.49631906, -0.05468277,
       -0.00616893, -0.21914194, -0.24535404, -0.43880621, -0.30271511,
       -0.14126572,  0.00218408,  0.37731325,  0.02560171,  0.41714889,
        0.39506749,  0.44056547, -0.14614337, -0.09310168,  0.07297754,
        0.17720231, -0.44974275, -0.15345268, -0.18535705, -0.1599988 ,
       -0.01179986]) 

Generation: 264 
 - Generation Avg Fit: 152.51713697630305 
 - Best Fitness: 319.99687412257737
 - Best Solution: array([ 0.19001401, -0.13636796,  0.31470746,  0.50240482,  0.2490569 ,
       -0.09159409,  0.33539208, -0.32759471, -0.14199308,  0.2747274 ,
        0.46622181, -0.22808053, -0.31336721, -0.49631906, -0.05468277,
       -0.00616893, -0.21914194, -0.24535404, -0.43880621, -0.30271511,
       -0.14126572,  0.00218408,  0.37731325,  0.02560171,  0.41714889,
        0.39506749,  0.44056547, -0.14614337, -0.09310168,  0.07297754,
        0.17720231, -0.44974275, -0.15345268, -0.18535705, -0.1599988 ,
       -0.01179986]) 

Generation: 265 
 - Generation Avg Fit: 155.46872266884404 
 - Best Fitness: 319.99687412257737
 - Best Solution: array([ 0.19001401, -0.13636796,  0.31470746,  0.50240482,  0.2490569 ,
       -0.09159409,  0.33539208, -0.32759471, -0.14199308,  0.2747274 ,
        0.46622181, -0.22808053, -0.31336721, -0.49631906, -0.05468277,
       -0.00616893, -0.21914194, -0.24535404, -0.43880621, -0.30271511,
       -0.14126572,  0.00218408,  0.37731325,  0.02560171,  0.41714889,
        0.39506749,  0.44056547, -0.14614337, -0.09310168,  0.07297754,
        0.17720231, -0.44974275, -0.15345268, -0.18535705, -0.1599988 ,
       -0.01179986]) 

Generation: 266 
 - Generation Avg Fit: 150.37563059354227 
 - Best Fitness: 319.99687412257737
 - Best Solution: array([ 0.19001401, -0.13636796,  0.31470746,  0.50240482,  0.2490569 ,
       -0.09159409,  0.33539208, -0.32759471, -0.14199308,  0.2747274 ,
        0.46622181, -0.22808053, -0.31336721, -0.49631906, -0.05468277,
       -0.00616893, -0.21914194, -0.24535404, -0.43880621, -0.30271511,
       -0.14126572,  0.00218408,  0.37731325,  0.02560171,  0.41714889,
        0.39506749,  0.44056547, -0.14614337, -0.09310168,  0.07297754,
        0.17720231, -0.44974275, -0.15345268, -0.18535705, -0.1599988 ,
       -0.01179986]) 

Generation: 267 
 - Generation Avg Fit: 153.82894379278122 
 - Best Fitness: 319.99687412257737
 - Best Solution: array([ 0.19001401, -0.13636796,  0.31470746,  0.50240482,  0.2490569 ,
       -0.09159409,  0.33539208, -0.32759471, -0.14199308,  0.2747274 ,
        0.46622181, -0.22808053, -0.31336721, -0.49631906, -0.05468277,
       -0.00616893, -0.21914194, -0.24535404, -0.43880621, -0.30271511,
       -0.14126572,  0.00218408,  0.37731325,  0.02560171,  0.41714889,
        0.39506749,  0.44056547, -0.14614337, -0.09310168,  0.07297754,
        0.17720231, -0.44974275, -0.15345268, -0.18535705, -0.1599988 ,
       -0.01179986]) 

Generation: 268 
 - Generation Avg Fit: 159.3343582271355 
 - Best Fitness: 319.99687412257737
 - Best Solution: array([ 0.19001401, -0.13636796,  0.31470746,  0.50240482,  0.2490569 ,
       -0.09159409,  0.33539208, -0.32759471, -0.14199308,  0.2747274 ,
        0.46622181, -0.22808053, -0.31336721, -0.49631906, -0.05468277,
       -0.00616893, -0.21914194, -0.24535404, -0.43880621, -0.30271511,
       -0.14126572,  0.00218408,  0.37731325,  0.02560171,  0.41714889,
        0.39506749,  0.44056547, -0.14614337, -0.09310168,  0.07297754,
        0.17720231, -0.44974275, -0.15345268, -0.18535705, -0.1599988 ,
       -0.01179986]) 

Generation: 269 
 - Generation Avg Fit: 156.84650396809053 
 - Best Fitness: 319.99687412257737
 - Best Solution: array([ 0.19001401, -0.13636796,  0.31470746,  0.50240482,  0.2490569 ,
       -0.09159409,  0.33539208, -0.32759471, -0.14199308,  0.2747274 ,
        0.46622181, -0.22808053, -0.31336721, -0.49631906, -0.05468277,
       -0.00616893, -0.21914194, -0.24535404, -0.43880621, -0.30271511,
       -0.14126572,  0.00218408,  0.37731325,  0.02560171,  0.41714889,
        0.39506749,  0.44056547, -0.14614337, -0.09310168,  0.07297754,
        0.17720231, -0.44974275, -0.15345268, -0.18535705, -0.1599988 ,
       -0.01179986]) 

Generation: 270 
 - Generation Avg Fit: 156.52173067983716 
 - Best Fitness: 319.99687412257737
 - Best Solution: array([ 0.19001401, -0.13636796,  0.31470746,  0.50240482,  0.2490569 ,
       -0.09159409,  0.33539208, -0.32759471, -0.14199308,  0.2747274 ,
        0.46622181, -0.22808053, -0.31336721, -0.49631906, -0.05468277,
       -0.00616893, -0.21914194, -0.24535404, -0.43880621, -0.30271511,
       -0.14126572,  0.00218408,  0.37731325,  0.02560171,  0.41714889,
        0.39506749,  0.44056547, -0.14614337, -0.09310168,  0.07297754,
        0.17720231, -0.44974275, -0.15345268, -0.18535705, -0.1599988 ,
       -0.01179986]) 

Generation: 271 
 - Generation Avg Fit: 155.07226922681667 
 - Best Fitness: 319.99687412257737
 - Best Solution: array([ 0.19001401, -0.13636796,  0.31470746,  0.50240482,  0.2490569 ,
       -0.09159409,  0.33539208, -0.32759471, -0.14199308,  0.2747274 ,
        0.46622181, -0.22808053, -0.31336721, -0.49631906, -0.05468277,
       -0.00616893, -0.21914194, -0.24535404, -0.43880621, -0.30271511,
       -0.14126572,  0.00218408,  0.37731325,  0.02560171,  0.41714889,
        0.39506749,  0.44056547, -0.14614337, -0.09310168,  0.07297754,
        0.17720231, -0.44974275, -0.15345268, -0.18535705, -0.1599988 ,
       -0.01179986]) 

Generation: 272 
 - Generation Avg Fit: 162.0728639578669 
 - Best Fitness: 319.99687412257737
 - Best Solution: array([ 0.19001401, -0.13636796,  0.31470746,  0.50240482,  0.2490569 ,
       -0.09159409,  0.33539208, -0.32759471, -0.14199308,  0.2747274 ,
        0.46622181, -0.22808053, -0.31336721, -0.49631906, -0.05468277,
       -0.00616893, -0.21914194, -0.24535404, -0.43880621, -0.30271511,
       -0.14126572,  0.00218408,  0.37731325,  0.02560171,  0.41714889,
        0.39506749,  0.44056547, -0.14614337, -0.09310168,  0.07297754,
        0.17720231, -0.44974275, -0.15345268, -0.18535705, -0.1599988 ,
       -0.01179986]) 

Generation: 273 
 - Generation Avg Fit: 157.10319075119867 
 - Best Fitness: 319.99687412257737
 - Best Solution: array([ 0.19001401, -0.13636796,  0.31470746,  0.50240482,  0.2490569 ,
       -0.09159409,  0.33539208, -0.32759471, -0.14199308,  0.2747274 ,
        0.46622181, -0.22808053, -0.31336721, -0.49631906, -0.05468277,
       -0.00616893, -0.21914194, -0.24535404, -0.43880621, -0.30271511,
       -0.14126572,  0.00218408,  0.37731325,  0.02560171,  0.41714889,
        0.39506749,  0.44056547, -0.14614337, -0.09310168,  0.07297754,
        0.17720231, -0.44974275, -0.15345268, -0.18535705, -0.1599988 ,
       -0.01179986]) 

Generation: 274 
 - Generation Avg Fit: 159.91897601148727 
 - Best Fitness: 319.99687412257737
 - Best Solution: array([ 0.19001401, -0.13636796,  0.31470746,  0.50240482,  0.2490569 ,
       -0.09159409,  0.33539208, -0.32759471, -0.14199308,  0.2747274 ,
        0.46622181, -0.22808053, -0.31336721, -0.49631906, -0.05468277,
       -0.00616893, -0.21914194, -0.24535404, -0.43880621, -0.30271511,
       -0.14126572,  0.00218408,  0.37731325,  0.02560171,  0.41714889,
        0.39506749,  0.44056547, -0.14614337, -0.09310168,  0.07297754,
        0.17720231, -0.44974275, -0.15345268, -0.18535705, -0.1599988 ,
       -0.01179986]) 

Generation: 275 
 - Generation Avg Fit: 156.03613140793212 
 - Best Fitness: 319.99687412257737
 - Best Solution: array([ 0.19001401, -0.13636796,  0.31470746,  0.50240482,  0.2490569 ,
       -0.09159409,  0.33539208, -0.32759471, -0.14199308,  0.2747274 ,
        0.46622181, -0.22808053, -0.31336721, -0.49631906, -0.05468277,
       -0.00616893, -0.21914194, -0.24535404, -0.43880621, -0.30271511,
       -0.14126572,  0.00218408,  0.37731325,  0.02560171,  0.41714889,
        0.39506749,  0.44056547, -0.14614337, -0.09310168,  0.07297754,
        0.17720231, -0.44974275, -0.15345268, -0.18535705, -0.1599988 ,
       -0.01179986]) 

Generation: 276 
 - Generation Avg Fit: 166.36651607685366 
 - Best Fitness: 319.99687412257737
 - Best Solution: array([ 0.19001401, -0.13636796,  0.31470746,  0.50240482,  0.2490569 ,
       -0.09159409,  0.33539208, -0.32759471, -0.14199308,  0.2747274 ,
        0.46622181, -0.22808053, -0.31336721, -0.49631906, -0.05468277,
       -0.00616893, -0.21914194, -0.24535404, -0.43880621, -0.30271511,
       -0.14126572,  0.00218408,  0.37731325,  0.02560171,  0.41714889,
        0.39506749,  0.44056547, -0.14614337, -0.09310168,  0.07297754,
        0.17720231, -0.44974275, -0.15345268, -0.18535705, -0.1599988 ,
       -0.01179986]) 

Generation: 277 
 - Generation Avg Fit: 165.15886492752736 
 - Best Fitness: 319.99687412257737
 - Best Solution: array([ 0.19001401, -0.13636796,  0.31470746,  0.50240482,  0.2490569 ,
       -0.09159409,  0.33539208, -0.32759471, -0.14199308,  0.2747274 ,
        0.46622181, -0.22808053, -0.31336721, -0.49631906, -0.05468277,
       -0.00616893, -0.21914194, -0.24535404, -0.43880621, -0.30271511,
       -0.14126572,  0.00218408,  0.37731325,  0.02560171,  0.41714889,
        0.39506749,  0.44056547, -0.14614337, -0.09310168,  0.07297754,
        0.17720231, -0.44974275, -0.15345268, -0.18535705, -0.1599988 ,
       -0.01179986]) 

Generation: 278 
 - Generation Avg Fit: 158.76104332142168 
 - Best Fitness: 319.99687412257737
 - Best Solution: array([ 0.19001401, -0.13636796,  0.31470746,  0.50240482,  0.2490569 ,
       -0.09159409,  0.33539208, -0.32759471, -0.14199308,  0.2747274 ,
        0.46622181, -0.22808053, -0.31336721, -0.49631906, -0.05468277,
       -0.00616893, -0.21914194, -0.24535404, -0.43880621, -0.30271511,
       -0.14126572,  0.00218408,  0.37731325,  0.02560171,  0.41714889,
        0.39506749,  0.44056547, -0.14614337, -0.09310168,  0.07297754,
        0.17720231, -0.44974275, -0.15345268, -0.18535705, -0.1599988 ,
       -0.01179986]) 

Generation: 279 
 - Generation Avg Fit: 159.4122979322037 
 - Best Fitness: 319.99687412257737
 - Best Solution: array([ 0.19001401, -0.13636796,  0.31470746,  0.50240482,  0.2490569 ,
       -0.09159409,  0.33539208, -0.32759471, -0.14199308,  0.2747274 ,
        0.46622181, -0.22808053, -0.31336721, -0.49631906, -0.05468277,
       -0.00616893, -0.21914194, -0.24535404, -0.43880621, -0.30271511,
       -0.14126572,  0.00218408,  0.37731325,  0.02560171,  0.41714889,
        0.39506749,  0.44056547, -0.14614337, -0.09310168,  0.07297754,
        0.17720231, -0.44974275, -0.15345268, -0.18535705, -0.1599988 ,
       -0.01179986]) 

Generation: 280 
 - Generation Avg Fit: 161.68555069185612 
 - Best Fitness: 319.99687412257737
 - Best Solution: array([ 0.19001401, -0.13636796,  0.31470746,  0.50240482,  0.2490569 ,
       -0.09159409,  0.33539208, -0.32759471, -0.14199308,  0.2747274 ,
        0.46622181, -0.22808053, -0.31336721, -0.49631906, -0.05468277,
       -0.00616893, -0.21914194, -0.24535404, -0.43880621, -0.30271511,
       -0.14126572,  0.00218408,  0.37731325,  0.02560171,  0.41714889,
        0.39506749,  0.44056547, -0.14614337, -0.09310168,  0.07297754,
        0.17720231, -0.44974275, -0.15345268, -0.18535705, -0.1599988 ,
       -0.01179986]) 

Generation: 281 
 - Generation Avg Fit: 156.76510095433443 
 - Best Fitness: 319.99687412257737
 - Best Solution: array([ 0.19001401, -0.13636796,  0.31470746,  0.50240482,  0.2490569 ,
       -0.09159409,  0.33539208, -0.32759471, -0.14199308,  0.2747274 ,
        0.46622181, -0.22808053, -0.31336721, -0.49631906, -0.05468277,
       -0.00616893, -0.21914194, -0.24535404, -0.43880621, -0.30271511,
       -0.14126572,  0.00218408,  0.37731325,  0.02560171,  0.41714889,
        0.39506749,  0.44056547, -0.14614337, -0.09310168,  0.07297754,
        0.17720231, -0.44974275, -0.15345268, -0.18535705, -0.1599988 ,
       -0.01179986]) 

Generation: 282 
 - Generation Avg Fit: 151.45432575660442 
 - Best Fitness: 319.99687412257737
 - Best Solution: array([ 0.19001401, -0.13636796,  0.31470746,  0.50240482,  0.2490569 ,
       -0.09159409,  0.33539208, -0.32759471, -0.14199308,  0.2747274 ,
        0.46622181, -0.22808053, -0.31336721, -0.49631906, -0.05468277,
       -0.00616893, -0.21914194, -0.24535404, -0.43880621, -0.30271511,
       -0.14126572,  0.00218408,  0.37731325,  0.02560171,  0.41714889,
        0.39506749,  0.44056547, -0.14614337, -0.09310168,  0.07297754,
        0.17720231, -0.44974275, -0.15345268, -0.18535705, -0.1599988 ,
       -0.01179986]) 

Generation: 283 
 - Generation Avg Fit: 167.76340462867785 
 - Best Fitness: 319.99687412257737
 - Best Solution: array([ 0.19001401, -0.13636796,  0.31470746,  0.50240482,  0.2490569 ,
       -0.09159409,  0.33539208, -0.32759471, -0.14199308,  0.2747274 ,
        0.46622181, -0.22808053, -0.31336721, -0.49631906, -0.05468277,
       -0.00616893, -0.21914194, -0.24535404, -0.43880621, -0.30271511,
       -0.14126572,  0.00218408,  0.37731325,  0.02560171,  0.41714889,
        0.39506749,  0.44056547, -0.14614337, -0.09310168,  0.07297754,
        0.17720231, -0.44974275, -0.15345268, -0.18535705, -0.1599988 ,
       -0.01179986]) 

Generation: 284 
 - Generation Avg Fit: 164.06551341304436 
 - Best Fitness: 319.99687412257737
 - Best Solution: array([ 0.19001401, -0.13636796,  0.31470746,  0.50240482,  0.2490569 ,
       -0.09159409,  0.33539208, -0.32759471, -0.14199308,  0.2747274 ,
        0.46622181, -0.22808053, -0.31336721, -0.49631906, -0.05468277,
       -0.00616893, -0.21914194, -0.24535404, -0.43880621, -0.30271511,
       -0.14126572,  0.00218408,  0.37731325,  0.02560171,  0.41714889,
        0.39506749,  0.44056547, -0.14614337, -0.09310168,  0.07297754,
        0.17720231, -0.44974275, -0.15345268, -0.18535705, -0.1599988 ,
       -0.01179986]) 

Generation: 285 
 - Generation Avg Fit: 159.87239101845157 
 - Best Fitness: 319.99687412257737
 - Best Solution: array([ 0.19001401, -0.13636796,  0.31470746,  0.50240482,  0.2490569 ,
       -0.09159409,  0.33539208, -0.32759471, -0.14199308,  0.2747274 ,
        0.46622181, -0.22808053, -0.31336721, -0.49631906, -0.05468277,
       -0.00616893, -0.21914194, -0.24535404, -0.43880621, -0.30271511,
       -0.14126572,  0.00218408,  0.37731325,  0.02560171,  0.41714889,
        0.39506749,  0.44056547, -0.14614337, -0.09310168,  0.07297754,
        0.17720231, -0.44974275, -0.15345268, -0.18535705, -0.1599988 ,
       -0.01179986]) 

Generation: 286 
 - Generation Avg Fit: 161.09630351543183 
 - Best Fitness: 319.99687412257737
 - Best Solution: array([ 0.19001401, -0.13636796,  0.31470746,  0.50240482,  0.2490569 ,
       -0.09159409,  0.33539208, -0.32759471, -0.14199308,  0.2747274 ,
        0.46622181, -0.22808053, -0.31336721, -0.49631906, -0.05468277,
       -0.00616893, -0.21914194, -0.24535404, -0.43880621, -0.30271511,
       -0.14126572,  0.00218408,  0.37731325,  0.02560171,  0.41714889,
        0.39506749,  0.44056547, -0.14614337, -0.09310168,  0.07297754,
        0.17720231, -0.44974275, -0.15345268, -0.18535705, -0.1599988 ,
       -0.01179986]) 

Generation: 287 
 - Generation Avg Fit: 173.3511635851588 
 - Best Fitness: 319.99687412257737
 - Best Solution: array([ 0.19001401, -0.13636796,  0.31470746,  0.50240482,  0.2490569 ,
       -0.09159409,  0.33539208, -0.32759471, -0.14199308,  0.2747274 ,
        0.46622181, -0.22808053, -0.31336721, -0.49631906, -0.05468277,
       -0.00616893, -0.21914194, -0.24535404, -0.43880621, -0.30271511,
       -0.14126572,  0.00218408,  0.37731325,  0.02560171,  0.41714889,
        0.39506749,  0.44056547, -0.14614337, -0.09310168,  0.07297754,
        0.17720231, -0.44974275, -0.15345268, -0.18535705, -0.1599988 ,
       -0.01179986]) 

Generation: 288 
 - Generation Avg Fit: 166.32046650177267 
 - Best Fitness: 319.99687412257737
 - Best Solution: array([ 0.19001401, -0.13636796,  0.31470746,  0.50240482,  0.2490569 ,
       -0.09159409,  0.33539208, -0.32759471, -0.14199308,  0.2747274 ,
        0.46622181, -0.22808053, -0.31336721, -0.49631906, -0.05468277,
       -0.00616893, -0.21914194, -0.24535404, -0.43880621, -0.30271511,
       -0.14126572,  0.00218408,  0.37731325,  0.02560171,  0.41714889,
        0.39506749,  0.44056547, -0.14614337, -0.09310168,  0.07297754,
        0.17720231, -0.44974275, -0.15345268, -0.18535705, -0.1599988 ,
       -0.01179986]) 

Generation: 289 
 - Generation Avg Fit: 164.085492330758 
 - Best Fitness: 319.99687412257737
 - Best Solution: array([ 0.19001401, -0.13636796,  0.31470746,  0.50240482,  0.2490569 ,
       -0.09159409,  0.33539208, -0.32759471, -0.14199308,  0.2747274 ,
        0.46622181, -0.22808053, -0.31336721, -0.49631906, -0.05468277,
       -0.00616893, -0.21914194, -0.24535404, -0.43880621, -0.30271511,
       -0.14126572,  0.00218408,  0.37731325,  0.02560171,  0.41714889,
        0.39506749,  0.44056547, -0.14614337, -0.09310168,  0.07297754,
        0.17720231, -0.44974275, -0.15345268, -0.18535705, -0.1599988 ,
       -0.01179986]) 

Generation: 290 
 - Generation Avg Fit: 169.41166475098478 
 - Best Fitness: 319.99687412257737
 - Best Solution: array([ 0.19001401, -0.13636796,  0.31470746,  0.50240482,  0.2490569 ,
       -0.09159409,  0.33539208, -0.32759471, -0.14199308,  0.2747274 ,
        0.46622181, -0.22808053, -0.31336721, -0.49631906, -0.05468277,
       -0.00616893, -0.21914194, -0.24535404, -0.43880621, -0.30271511,
       -0.14126572,  0.00218408,  0.37731325,  0.02560171,  0.41714889,
        0.39506749,  0.44056547, -0.14614337, -0.09310168,  0.07297754,
        0.17720231, -0.44974275, -0.15345268, -0.18535705, -0.1599988 ,
       -0.01179986]) 

Generation: 291 
 - Generation Avg Fit: 166.460106391921 
 - Best Fitness: 319.99687412257737
 - Best Solution: array([ 0.19001401, -0.13636796,  0.31470746,  0.50240482,  0.2490569 ,
       -0.09159409,  0.33539208, -0.32759471, -0.14199308,  0.2747274 ,
        0.46622181, -0.22808053, -0.31336721, -0.49631906, -0.05468277,
       -0.00616893, -0.21914194, -0.24535404, -0.43880621, -0.30271511,
       -0.14126572,  0.00218408,  0.37731325,  0.02560171,  0.41714889,
        0.39506749,  0.44056547, -0.14614337, -0.09310168,  0.07297754,
        0.17720231, -0.44974275, -0.15345268, -0.18535705, -0.1599988 ,
       -0.01179986]) 

Generation: 292 
 - Generation Avg Fit: 169.7361061006168 
 - Best Fitness: 319.99687412257737
 - Best Solution: array([ 0.19001401, -0.13636796,  0.31470746,  0.50240482,  0.2490569 ,
       -0.09159409,  0.33539208, -0.32759471, -0.14199308,  0.2747274 ,
        0.46622181, -0.22808053, -0.31336721, -0.49631906, -0.05468277,
       -0.00616893, -0.21914194, -0.24535404, -0.43880621, -0.30271511,
       -0.14126572,  0.00218408,  0.37731325,  0.02560171,  0.41714889,
        0.39506749,  0.44056547, -0.14614337, -0.09310168,  0.07297754,
        0.17720231, -0.44974275, -0.15345268, -0.18535705, -0.1599988 ,
       -0.01179986]) 

Generation: 293 
 - Generation Avg Fit: 161.48719403192115 
 - Best Fitness: 319.99687412257737
 - Best Solution: array([ 0.19001401, -0.13636796,  0.31470746,  0.50240482,  0.2490569 ,
       -0.09159409,  0.33539208, -0.32759471, -0.14199308,  0.2747274 ,
        0.46622181, -0.22808053, -0.31336721, -0.49631906, -0.05468277,
       -0.00616893, -0.21914194, -0.24535404, -0.43880621, -0.30271511,
       -0.14126572,  0.00218408,  0.37731325,  0.02560171,  0.41714889,
        0.39506749,  0.44056547, -0.14614337, -0.09310168,  0.07297754,
        0.17720231, -0.44974275, -0.15345268, -0.18535705, -0.1599988 ,
       -0.01179986]) 

Generation: 294 
 - Generation Avg Fit: 163.27079991006886 
 - Best Fitness: 319.99687412257737
 - Best Solution: array([ 0.19001401, -0.13636796,  0.31470746,  0.50240482,  0.2490569 ,
       -0.09159409,  0.33539208, -0.32759471, -0.14199308,  0.2747274 ,
        0.46622181, -0.22808053, -0.31336721, -0.49631906, -0.05468277,
       -0.00616893, -0.21914194, -0.24535404, -0.43880621, -0.30271511,
       -0.14126572,  0.00218408,  0.37731325,  0.02560171,  0.41714889,
        0.39506749,  0.44056547, -0.14614337, -0.09310168,  0.07297754,
        0.17720231, -0.44974275, -0.15345268, -0.18535705, -0.1599988 ,
       -0.01179986]) 

Generation: 295 
 - Generation Avg Fit: 168.12340565691647 
 - Best Fitness: 319.99687412257737
 - Best Solution: array([ 0.19001401, -0.13636796,  0.31470746,  0.50240482,  0.2490569 ,
       -0.09159409,  0.33539208, -0.32759471, -0.14199308,  0.2747274 ,
        0.46622181, -0.22808053, -0.31336721, -0.49631906, -0.05468277,
       -0.00616893, -0.21914194, -0.24535404, -0.43880621, -0.30271511,
       -0.14126572,  0.00218408,  0.37731325,  0.02560171,  0.41714889,
        0.39506749,  0.44056547, -0.14614337, -0.09310168,  0.07297754,
        0.17720231, -0.44974275, -0.15345268, -0.18535705, -0.1599988 ,
       -0.01179986]) 

Generation: 296 
 - Generation Avg Fit: 163.23056736307296 
 - Best Fitness: 319.99687412257737
 - Best Solution: array([ 0.19001401, -0.13636796,  0.31470746,  0.50240482,  0.2490569 ,
       -0.09159409,  0.33539208, -0.32759471, -0.14199308,  0.2747274 ,
        0.46622181, -0.22808053, -0.31336721, -0.49631906, -0.05468277,
       -0.00616893, -0.21914194, -0.24535404, -0.43880621, -0.30271511,
       -0.14126572,  0.00218408,  0.37731325,  0.02560171,  0.41714889,
        0.39506749,  0.44056547, -0.14614337, -0.09310168,  0.07297754,
        0.17720231, -0.44974275, -0.15345268, -0.18535705, -0.1599988 ,
       -0.01179986]) 

Generation: 297 
 - Generation Avg Fit: 167.77153328440397 
 - Best Fitness: 319.99687412257737
 - Best Solution: array([ 0.19001401, -0.13636796,  0.31470746,  0.50240482,  0.2490569 ,
       -0.09159409,  0.33539208, -0.32759471, -0.14199308,  0.2747274 ,
        0.46622181, -0.22808053, -0.31336721, -0.49631906, -0.05468277,
       -0.00616893, -0.21914194, -0.24535404, -0.43880621, -0.30271511,
       -0.14126572,  0.00218408,  0.37731325,  0.02560171,  0.41714889,
        0.39506749,  0.44056547, -0.14614337, -0.09310168,  0.07297754,
        0.17720231, -0.44974275, -0.15345268, -0.18535705, -0.1599988 ,
       -0.01179986]) 

Generation: 298 
 - Generation Avg Fit: 171.16725360802528 
 - Best Fitness: 319.99687412257737
 - Best Solution: array([ 0.19001401, -0.13636796,  0.31470746,  0.50240482,  0.2490569 ,
       -0.09159409,  0.33539208, -0.32759471, -0.14199308,  0.2747274 ,
        0.46622181, -0.22808053, -0.31336721, -0.49631906, -0.05468277,
       -0.00616893, -0.21914194, -0.24535404, -0.43880621, -0.30271511,
       -0.14126572,  0.00218408,  0.37731325,  0.02560171,  0.41714889,
        0.39506749,  0.44056547, -0.14614337, -0.09310168,  0.07297754,
        0.17720231, -0.44974275, -0.15345268, -0.18535705, -0.1599988 ,
       -0.01179986]) 

Generation: 299 
 - Generation Avg Fit: 171.40250756733553 
 - Best Fitness: 319.99687412257737
 - Best Solution: array([ 0.19001401, -0.13636796,  0.31470746,  0.50240482,  0.2490569 ,
       -0.09159409,  0.33539208, -0.32759471, -0.14199308,  0.2747274 ,
        0.46622181, -0.22808053, -0.31336721, -0.49631906, -0.05468277,
       -0.00616893, -0.21914194, -0.24535404, -0.43880621, -0.30271511,
       -0.14126572,  0.00218408,  0.37731325,  0.02560171,  0.41714889,
        0.39506749,  0.44056547, -0.14614337, -0.09310168,  0.07297754,
        0.17720231, -0.44974275, -0.15345268, -0.18535705, -0.1599988 ,
       -0.01179986]) 

Generation: 300 
 - Generation Avg Fit: 173.09068777528893 
 - Best Fitness: 319.99687412257737
 - Best Solution: array([ 0.19001401, -0.13636796,  0.31470746,  0.50240482,  0.2490569 ,
       -0.09159409,  0.33539208, -0.32759471, -0.14199308,  0.2747274 ,
        0.46622181, -0.22808053, -0.31336721, -0.49631906, -0.05468277,
       -0.00616893, -0.21914194, -0.24535404, -0.43880621, -0.30271511,
       -0.14126572,  0.00218408,  0.37731325,  0.02560171,  0.41714889,
        0.39506749,  0.44056547, -0.14614337, -0.09310168,  0.07297754,
        0.17720231, -0.44974275, -0.15345268, -0.18535705, -0.1599988 ,
       -0.01179986]) 

Generation: 301 
 - Generation Avg Fit: 165.28020678878468 
 - Best Fitness: 319.99687412257737
 - Best Solution: array([ 0.19001401, -0.13636796,  0.31470746,  0.50240482,  0.2490569 ,
       -0.09159409,  0.33539208, -0.32759471, -0.14199308,  0.2747274 ,
        0.46622181, -0.22808053, -0.31336721, -0.49631906, -0.05468277,
       -0.00616893, -0.21914194, -0.24535404, -0.43880621, -0.30271511,
       -0.14126572,  0.00218408,  0.37731325,  0.02560171,  0.41714889,
        0.39506749,  0.44056547, -0.14614337, -0.09310168,  0.07297754,
        0.17720231, -0.44974275, -0.15345268, -0.18535705, -0.1599988 ,
       -0.01179986]) 

Generation: 302 
 - Generation Avg Fit: 170.1028197313707 
 - Best Fitness: 319.99687412257737
 - Best Solution: array([ 0.19001401, -0.13636796,  0.31470746,  0.50240482,  0.2490569 ,
       -0.09159409,  0.33539208, -0.32759471, -0.14199308,  0.2747274 ,
        0.46622181, -0.22808053, -0.31336721, -0.49631906, -0.05468277,
       -0.00616893, -0.21914194, -0.24535404, -0.43880621, -0.30271511,
       -0.14126572,  0.00218408,  0.37731325,  0.02560171,  0.41714889,
        0.39506749,  0.44056547, -0.14614337, -0.09310168,  0.07297754,
        0.17720231, -0.44974275, -0.15345268, -0.18535705, -0.1599988 ,
       -0.01179986]) 

Generation: 303 
 - Generation Avg Fit: 164.8712180693832 
 - Best Fitness: 319.99687412257737
 - Best Solution: array([ 0.19001401, -0.13636796,  0.31470746,  0.50240482,  0.2490569 ,
       -0.09159409,  0.33539208, -0.32759471, -0.14199308,  0.2747274 ,
        0.46622181, -0.22808053, -0.31336721, -0.49631906, -0.05468277,
       -0.00616893, -0.21914194, -0.24535404, -0.43880621, -0.30271511,
       -0.14126572,  0.00218408,  0.37731325,  0.02560171,  0.41714889,
        0.39506749,  0.44056547, -0.14614337, -0.09310168,  0.07297754,
        0.17720231, -0.44974275, -0.15345268, -0.18535705, -0.1599988 ,
       -0.01179986]) 

Generation: 304 
 - Generation Avg Fit: 169.77267955402408 
 - Best Fitness: 319.99687412257737
 - Best Solution: array([ 0.19001401, -0.13636796,  0.31470746,  0.50240482,  0.2490569 ,
       -0.09159409,  0.33539208, -0.32759471, -0.14199308,  0.2747274 ,
        0.46622181, -0.22808053, -0.31336721, -0.49631906, -0.05468277,
       -0.00616893, -0.21914194, -0.24535404, -0.43880621, -0.30271511,
       -0.14126572,  0.00218408,  0.37731325,  0.02560171,  0.41714889,
        0.39506749,  0.44056547, -0.14614337, -0.09310168,  0.07297754,
        0.17720231, -0.44974275, -0.15345268, -0.18535705, -0.1599988 ,
       -0.01179986]) 

Generation: 305 
 - Generation Avg Fit: 171.12612789683578 
 - Best Fitness: 319.99687412257737
 - Best Solution: array([ 0.19001401, -0.13636796,  0.31470746,  0.50240482,  0.2490569 ,
       -0.09159409,  0.33539208, -0.32759471, -0.14199308,  0.2747274 ,
        0.46622181, -0.22808053, -0.31336721, -0.49631906, -0.05468277,
       -0.00616893, -0.21914194, -0.24535404, -0.43880621, -0.30271511,
       -0.14126572,  0.00218408,  0.37731325,  0.02560171,  0.41714889,
        0.39506749,  0.44056547, -0.14614337, -0.09310168,  0.07297754,
        0.17720231, -0.44974275, -0.15345268, -0.18535705, -0.1599988 ,
       -0.01179986]) 

Generation: 306 
 - Generation Avg Fit: 168.62344217581062 
 - Best Fitness: 319.99687412257737
 - Best Solution: array([ 0.19001401, -0.13636796,  0.31470746,  0.50240482,  0.2490569 ,
       -0.09159409,  0.33539208, -0.32759471, -0.14199308,  0.2747274 ,
        0.46622181, -0.22808053, -0.31336721, -0.49631906, -0.05468277,
       -0.00616893, -0.21914194, -0.24535404, -0.43880621, -0.30271511,
       -0.14126572,  0.00218408,  0.37731325,  0.02560171,  0.41714889,
        0.39506749,  0.44056547, -0.14614337, -0.09310168,  0.07297754,
        0.17720231, -0.44974275, -0.15345268, -0.18535705, -0.1599988 ,
       -0.01179986]) 

Generation: 307 
 - Generation Avg Fit: 157.1636347878767 
 - Best Fitness: 319.99687412257737
 - Best Solution: array([ 0.19001401, -0.13636796,  0.31470746,  0.50240482,  0.2490569 ,
       -0.09159409,  0.33539208, -0.32759471, -0.14199308,  0.2747274 ,
        0.46622181, -0.22808053, -0.31336721, -0.49631906, -0.05468277,
       -0.00616893, -0.21914194, -0.24535404, -0.43880621, -0.30271511,
       -0.14126572,  0.00218408,  0.37731325,  0.02560171,  0.41714889,
        0.39506749,  0.44056547, -0.14614337, -0.09310168,  0.07297754,
        0.17720231, -0.44974275, -0.15345268, -0.18535705, -0.1599988 ,
       -0.01179986]) 

Generation: 308 
 - Generation Avg Fit: 172.4442785030708 
 - Best Fitness: 319.99687412257737
 - Best Solution: array([ 0.19001401, -0.13636796,  0.31470746,  0.50240482,  0.2490569 ,
       -0.09159409,  0.33539208, -0.32759471, -0.14199308,  0.2747274 ,
        0.46622181, -0.22808053, -0.31336721, -0.49631906, -0.05468277,
       -0.00616893, -0.21914194, -0.24535404, -0.43880621, -0.30271511,
       -0.14126572,  0.00218408,  0.37731325,  0.02560171,  0.41714889,
        0.39506749,  0.44056547, -0.14614337, -0.09310168,  0.07297754,
        0.17720231, -0.44974275, -0.15345268, -0.18535705, -0.1599988 ,
       -0.01179986]) 

Generation: 309 
 - Generation Avg Fit: 176.07129795343607 
 - Best Fitness: 319.99687412257737
 - Best Solution: array([ 0.19001401, -0.13636796,  0.31470746,  0.50240482,  0.2490569 ,
       -0.09159409,  0.33539208, -0.32759471, -0.14199308,  0.2747274 ,
        0.46622181, -0.22808053, -0.31336721, -0.49631906, -0.05468277,
       -0.00616893, -0.21914194, -0.24535404, -0.43880621, -0.30271511,
       -0.14126572,  0.00218408,  0.37731325,  0.02560171,  0.41714889,
        0.39506749,  0.44056547, -0.14614337, -0.09310168,  0.07297754,
        0.17720231, -0.44974275, -0.15345268, -0.18535705, -0.1599988 ,
       -0.01179986]) 

Generation: 310 
 - Generation Avg Fit: 169.84652518250164 
 - Best Fitness: 319.99687412257737
 - Best Solution: array([ 0.19001401, -0.13636796,  0.31470746,  0.50240482,  0.2490569 ,
       -0.09159409,  0.33539208, -0.32759471, -0.14199308,  0.2747274 ,
        0.46622181, -0.22808053, -0.31336721, -0.49631906, -0.05468277,
       -0.00616893, -0.21914194, -0.24535404, -0.43880621, -0.30271511,
       -0.14126572,  0.00218408,  0.37731325,  0.02560171,  0.41714889,
        0.39506749,  0.44056547, -0.14614337, -0.09310168,  0.07297754,
        0.17720231, -0.44974275, -0.15345268, -0.18535705, -0.1599988 ,
       -0.01179986]) 

Generation: 311 
 - Generation Avg Fit: 166.73158389157678 
 - Best Fitness: 319.99687412257737
 - Best Solution: array([ 0.19001401, -0.13636796,  0.31470746,  0.50240482,  0.2490569 ,
       -0.09159409,  0.33539208, -0.32759471, -0.14199308,  0.2747274 ,
        0.46622181, -0.22808053, -0.31336721, -0.49631906, -0.05468277,
       -0.00616893, -0.21914194, -0.24535404, -0.43880621, -0.30271511,
       -0.14126572,  0.00218408,  0.37731325,  0.02560171,  0.41714889,
        0.39506749,  0.44056547, -0.14614337, -0.09310168,  0.07297754,
        0.17720231, -0.44974275, -0.15345268, -0.18535705, -0.1599988 ,
       -0.01179986]) 

Generation: 312 
 - Generation Avg Fit: 174.5216739387945 
 - Best Fitness: 319.99687412257737
 - Best Solution: array([ 0.19001401, -0.13636796,  0.31470746,  0.50240482,  0.2490569 ,
       -0.09159409,  0.33539208, -0.32759471, -0.14199308,  0.2747274 ,
        0.46622181, -0.22808053, -0.31336721, -0.49631906, -0.05468277,
       -0.00616893, -0.21914194, -0.24535404, -0.43880621, -0.30271511,
       -0.14126572,  0.00218408,  0.37731325,  0.02560171,  0.41714889,
        0.39506749,  0.44056547, -0.14614337, -0.09310168,  0.07297754,
        0.17720231, -0.44974275, -0.15345268, -0.18535705, -0.1599988 ,
       -0.01179986]) 

Generation: 313 
 - Generation Avg Fit: 164.61906067728214 
 - Best Fitness: 319.99687412257737
 - Best Solution: array([ 0.19001401, -0.13636796,  0.31470746,  0.50240482,  0.2490569 ,
       -0.09159409,  0.33539208, -0.32759471, -0.14199308,  0.2747274 ,
        0.46622181, -0.22808053, -0.31336721, -0.49631906, -0.05468277,
       -0.00616893, -0.21914194, -0.24535404, -0.43880621, -0.30271511,
       -0.14126572,  0.00218408,  0.37731325,  0.02560171,  0.41714889,
        0.39506749,  0.44056547, -0.14614337, -0.09310168,  0.07297754,
        0.17720231, -0.44974275, -0.15345268, -0.18535705, -0.1599988 ,
       -0.01179986]) 

Generation: 314 
 - Generation Avg Fit: 168.69247024001982 
 - Best Fitness: 319.99687412257737
 - Best Solution: array([ 0.19001401, -0.13636796,  0.31470746,  0.50240482,  0.2490569 ,
       -0.09159409,  0.33539208, -0.32759471, -0.14199308,  0.2747274 ,
        0.46622181, -0.22808053, -0.31336721, -0.49631906, -0.05468277,
       -0.00616893, -0.21914194, -0.24535404, -0.43880621, -0.30271511,
       -0.14126572,  0.00218408,  0.37731325,  0.02560171,  0.41714889,
        0.39506749,  0.44056547, -0.14614337, -0.09310168,  0.07297754,
        0.17720231, -0.44974275, -0.15345268, -0.18535705, -0.1599988 ,
       -0.01179986]) 

Generation: 315 
 - Generation Avg Fit: 165.09024199783903 
 - Best Fitness: 319.99687412257737
 - Best Solution: array([ 0.19001401, -0.13636796,  0.31470746,  0.50240482,  0.2490569 ,
       -0.09159409,  0.33539208, -0.32759471, -0.14199308,  0.2747274 ,
        0.46622181, -0.22808053, -0.31336721, -0.49631906, -0.05468277,
       -0.00616893, -0.21914194, -0.24535404, -0.43880621, -0.30271511,
       -0.14126572,  0.00218408,  0.37731325,  0.02560171,  0.41714889,
        0.39506749,  0.44056547, -0.14614337, -0.09310168,  0.07297754,
        0.17720231, -0.44974275, -0.15345268, -0.18535705, -0.1599988 ,
       -0.01179986]) 

Generation: 316 
 - Generation Avg Fit: 168.5953186418787 
 - Best Fitness: 319.99687412257737
 - Best Solution: array([ 0.19001401, -0.13636796,  0.31470746,  0.50240482,  0.2490569 ,
       -0.09159409,  0.33539208, -0.32759471, -0.14199308,  0.2747274 ,
        0.46622181, -0.22808053, -0.31336721, -0.49631906, -0.05468277,
       -0.00616893, -0.21914194, -0.24535404, -0.43880621, -0.30271511,
       -0.14126572,  0.00218408,  0.37731325,  0.02560171,  0.41714889,
        0.39506749,  0.44056547, -0.14614337, -0.09310168,  0.07297754,
        0.17720231, -0.44974275, -0.15345268, -0.18535705, -0.1599988 ,
       -0.01179986]) 

Generation: 317 
 - Generation Avg Fit: 170.45261602424046 
 - Best Fitness: 319.99687412257737
 - Best Solution: array([ 0.19001401, -0.13636796,  0.31470746,  0.50240482,  0.2490569 ,
       -0.09159409,  0.33539208, -0.32759471, -0.14199308,  0.2747274 ,
        0.46622181, -0.22808053, -0.31336721, -0.49631906, -0.05468277,
       -0.00616893, -0.21914194, -0.24535404, -0.43880621, -0.30271511,
       -0.14126572,  0.00218408,  0.37731325,  0.02560171,  0.41714889,
        0.39506749,  0.44056547, -0.14614337, -0.09310168,  0.07297754,
        0.17720231, -0.44974275, -0.15345268, -0.18535705, -0.1599988 ,
       -0.01179986]) 

Generation: 318 
 - Generation Avg Fit: 177.1773114377021 
 - Best Fitness: 319.99687412257737
 - Best Solution: array([ 0.19001401, -0.13636796,  0.31470746,  0.50240482,  0.2490569 ,
       -0.09159409,  0.33539208, -0.32759471, -0.14199308,  0.2747274 ,
        0.46622181, -0.22808053, -0.31336721, -0.49631906, -0.05468277,
       -0.00616893, -0.21914194, -0.24535404, -0.43880621, -0.30271511,
       -0.14126572,  0.00218408,  0.37731325,  0.02560171,  0.41714889,
        0.39506749,  0.44056547, -0.14614337, -0.09310168,  0.07297754,
        0.17720231, -0.44974275, -0.15345268, -0.18535705, -0.1599988 ,
       -0.01179986]) 

Generation: 319 
 - Generation Avg Fit: 165.33898554070606 
 - Best Fitness: 319.99687412257737
 - Best Solution: array([ 0.19001401, -0.13636796,  0.31470746,  0.50240482,  0.2490569 ,
       -0.09159409,  0.33539208, -0.32759471, -0.14199308,  0.2747274 ,
        0.46622181, -0.22808053, -0.31336721, -0.49631906, -0.05468277,
       -0.00616893, -0.21914194, -0.24535404, -0.43880621, -0.30271511,
       -0.14126572,  0.00218408,  0.37731325,  0.02560171,  0.41714889,
        0.39506749,  0.44056547, -0.14614337, -0.09310168,  0.07297754,
        0.17720231, -0.44974275, -0.15345268, -0.18535705, -0.1599988 ,
       -0.01179986]) 

Generation: 320 
 - Generation Avg Fit: 170.85535102545765 
 - Best Fitness: 319.99687412257737
 - Best Solution: array([ 0.19001401, -0.13636796,  0.31470746,  0.50240482,  0.2490569 ,
       -0.09159409,  0.33539208, -0.32759471, -0.14199308,  0.2747274 ,
        0.46622181, -0.22808053, -0.31336721, -0.49631906, -0.05468277,
       -0.00616893, -0.21914194, -0.24535404, -0.43880621, -0.30271511,
       -0.14126572,  0.00218408,  0.37731325,  0.02560171,  0.41714889,
        0.39506749,  0.44056547, -0.14614337, -0.09310168,  0.07297754,
        0.17720231, -0.44974275, -0.15345268, -0.18535705, -0.1599988 ,
       -0.01179986]) 

Generation: 321 
 - Generation Avg Fit: 176.5222682447419 
 - Best Fitness: 319.99687412257737
 - Best Solution: array([ 0.19001401, -0.13636796,  0.31470746,  0.50240482,  0.2490569 ,
       -0.09159409,  0.33539208, -0.32759471, -0.14199308,  0.2747274 ,
        0.46622181, -0.22808053, -0.31336721, -0.49631906, -0.05468277,
       -0.00616893, -0.21914194, -0.24535404, -0.43880621, -0.30271511,
       -0.14126572,  0.00218408,  0.37731325,  0.02560171,  0.41714889,
        0.39506749,  0.44056547, -0.14614337, -0.09310168,  0.07297754,
        0.17720231, -0.44974275, -0.15345268, -0.18535705, -0.1599988 ,
       -0.01179986]) 

Generation: 322 
 - Generation Avg Fit: 165.9072037965482 
 - Best Fitness: 319.99687412257737
 - Best Solution: array([ 0.19001401, -0.13636796,  0.31470746,  0.50240482,  0.2490569 ,
       -0.09159409,  0.33539208, -0.32759471, -0.14199308,  0.2747274 ,
        0.46622181, -0.22808053, -0.31336721, -0.49631906, -0.05468277,
       -0.00616893, -0.21914194, -0.24535404, -0.43880621, -0.30271511,
       -0.14126572,  0.00218408,  0.37731325,  0.02560171,  0.41714889,
        0.39506749,  0.44056547, -0.14614337, -0.09310168,  0.07297754,
        0.17720231, -0.44974275, -0.15345268, -0.18535705, -0.1599988 ,
       -0.01179986]) 

Generation: 323 
 - Generation Avg Fit: 178.79277245378253 
 - Best Fitness: 319.99687412257737
 - Best Solution: array([ 0.19001401, -0.13636796,  0.31470746,  0.50240482,  0.2490569 ,
       -0.09159409,  0.33539208, -0.32759471, -0.14199308,  0.2747274 ,
        0.46622181, -0.22808053, -0.31336721, -0.49631906, -0.05468277,
       -0.00616893, -0.21914194, -0.24535404, -0.43880621, -0.30271511,
       -0.14126572,  0.00218408,  0.37731325,  0.02560171,  0.41714889,
        0.39506749,  0.44056547, -0.14614337, -0.09310168,  0.07297754,
        0.17720231, -0.44974275, -0.15345268, -0.18535705, -0.1599988 ,
       -0.01179986]) 

Generation: 324 
 - Generation Avg Fit: 176.55350670967448 
 - Best Fitness: 319.99687412257737
 - Best Solution: array([ 0.19001401, -0.13636796,  0.31470746,  0.50240482,  0.2490569 ,
       -0.09159409,  0.33539208, -0.32759471, -0.14199308,  0.2747274 ,
        0.46622181, -0.22808053, -0.31336721, -0.49631906, -0.05468277,
       -0.00616893, -0.21914194, -0.24535404, -0.43880621, -0.30271511,
       -0.14126572,  0.00218408,  0.37731325,  0.02560171,  0.41714889,
        0.39506749,  0.44056547, -0.14614337, -0.09310168,  0.07297754,
        0.17720231, -0.44974275, -0.15345268, -0.18535705, -0.1599988 ,
       -0.01179986]) 

Generation: 325 
 - Generation Avg Fit: 170.96749749243273 
 - Best Fitness: 319.99687412257737
 - Best Solution: array([ 0.19001401, -0.13636796,  0.31470746,  0.50240482,  0.2490569 ,
       -0.09159409,  0.33539208, -0.32759471, -0.14199308,  0.2747274 ,
        0.46622181, -0.22808053, -0.31336721, -0.49631906, -0.05468277,
       -0.00616893, -0.21914194, -0.24535404, -0.43880621, -0.30271511,
       -0.14126572,  0.00218408,  0.37731325,  0.02560171,  0.41714889,
        0.39506749,  0.44056547, -0.14614337, -0.09310168,  0.07297754,
        0.17720231, -0.44974275, -0.15345268, -0.18535705, -0.1599988 ,
       -0.01179986]) 

Generation: 326 
 - Generation Avg Fit: 169.17635115102902 
 - Best Fitness: 319.99687412257737
 - Best Solution: array([ 0.19001401, -0.13636796,  0.31470746,  0.50240482,  0.2490569 ,
       -0.09159409,  0.33539208, -0.32759471, -0.14199308,  0.2747274 ,
        0.46622181, -0.22808053, -0.31336721, -0.49631906, -0.05468277,
       -0.00616893, -0.21914194, -0.24535404, -0.43880621, -0.30271511,
       -0.14126572,  0.00218408,  0.37731325,  0.02560171,  0.41714889,
        0.39506749,  0.44056547, -0.14614337, -0.09310168,  0.07297754,
        0.17720231, -0.44974275, -0.15345268, -0.18535705, -0.1599988 ,
       -0.01179986]) 

Generation: 327 
 - Generation Avg Fit: 167.62012196596532 
 - Best Fitness: 319.99687412257737
 - Best Solution: array([ 0.19001401, -0.13636796,  0.31470746,  0.50240482,  0.2490569 ,
       -0.09159409,  0.33539208, -0.32759471, -0.14199308,  0.2747274 ,
        0.46622181, -0.22808053, -0.31336721, -0.49631906, -0.05468277,
       -0.00616893, -0.21914194, -0.24535404, -0.43880621, -0.30271511,
       -0.14126572,  0.00218408,  0.37731325,  0.02560171,  0.41714889,
        0.39506749,  0.44056547, -0.14614337, -0.09310168,  0.07297754,
        0.17720231, -0.44974275, -0.15345268, -0.18535705, -0.1599988 ,
       -0.01179986]) 

Generation: 328 
 - Generation Avg Fit: 167.06617702274764 
 - Best Fitness: 319.99687412257737
 - Best Solution: array([ 0.19001401, -0.13636796,  0.31470746,  0.50240482,  0.2490569 ,
       -0.09159409,  0.33539208, -0.32759471, -0.14199308,  0.2747274 ,
        0.46622181, -0.22808053, -0.31336721, -0.49631906, -0.05468277,
       -0.00616893, -0.21914194, -0.24535404, -0.43880621, -0.30271511,
       -0.14126572,  0.00218408,  0.37731325,  0.02560171,  0.41714889,
        0.39506749,  0.44056547, -0.14614337, -0.09310168,  0.07297754,
        0.17720231, -0.44974275, -0.15345268, -0.18535705, -0.1599988 ,
       -0.01179986]) 

Generation: 329 
 - Generation Avg Fit: 172.89652591052874 
 - Best Fitness: 319.99687412257737
 - Best Solution: array([ 0.19001401, -0.13636796,  0.31470746,  0.50240482,  0.2490569 ,
       -0.09159409,  0.33539208, -0.32759471, -0.14199308,  0.2747274 ,
        0.46622181, -0.22808053, -0.31336721, -0.49631906, -0.05468277,
       -0.00616893, -0.21914194, -0.24535404, -0.43880621, -0.30271511,
       -0.14126572,  0.00218408,  0.37731325,  0.02560171,  0.41714889,
        0.39506749,  0.44056547, -0.14614337, -0.09310168,  0.07297754,
        0.17720231, -0.44974275, -0.15345268, -0.18535705, -0.1599988 ,
       -0.01179986]) 

Generation: 330 
 - Generation Avg Fit: 168.30585060486243 
 - Best Fitness: 319.99687412257737
 - Best Solution: array([ 0.19001401, -0.13636796,  0.31470746,  0.50240482,  0.2490569 ,
       -0.09159409,  0.33539208, -0.32759471, -0.14199308,  0.2747274 ,
        0.46622181, -0.22808053, -0.31336721, -0.49631906, -0.05468277,
       -0.00616893, -0.21914194, -0.24535404, -0.43880621, -0.30271511,
       -0.14126572,  0.00218408,  0.37731325,  0.02560171,  0.41714889,
        0.39506749,  0.44056547, -0.14614337, -0.09310168,  0.07297754,
        0.17720231, -0.44974275, -0.15345268, -0.18535705, -0.1599988 ,
       -0.01179986]) 

Generation: 331 
 - Generation Avg Fit: 173.09005437233884 
 - Best Fitness: 319.99687412257737
 - Best Solution: array([ 0.19001401, -0.13636796,  0.31470746,  0.50240482,  0.2490569 ,
       -0.09159409,  0.33539208, -0.32759471, -0.14199308,  0.2747274 ,
        0.46622181, -0.22808053, -0.31336721, -0.49631906, -0.05468277,
       -0.00616893, -0.21914194, -0.24535404, -0.43880621, -0.30271511,
       -0.14126572,  0.00218408,  0.37731325,  0.02560171,  0.41714889,
        0.39506749,  0.44056547, -0.14614337, -0.09310168,  0.07297754,
        0.17720231, -0.44974275, -0.15345268, -0.18535705, -0.1599988 ,
       -0.01179986]) 

Generation: 332 
 - Generation Avg Fit: 175.6720867985114 
 - Best Fitness: 319.99687412257737
 - Best Solution: array([ 0.19001401, -0.13636796,  0.31470746,  0.50240482,  0.2490569 ,
       -0.09159409,  0.33539208, -0.32759471, -0.14199308,  0.2747274 ,
        0.46622181, -0.22808053, -0.31336721, -0.49631906, -0.05468277,
       -0.00616893, -0.21914194, -0.24535404, -0.43880621, -0.30271511,
       -0.14126572,  0.00218408,  0.37731325,  0.02560171,  0.41714889,
        0.39506749,  0.44056547, -0.14614337, -0.09310168,  0.07297754,
        0.17720231, -0.44974275, -0.15345268, -0.18535705, -0.1599988 ,
       -0.01179986]) 

Generation: 333 
 - Generation Avg Fit: 170.6885311038122 
 - Best Fitness: 319.99687412257737
 - Best Solution: array([ 0.19001401, -0.13636796,  0.31470746,  0.50240482,  0.2490569 ,
       -0.09159409,  0.33539208, -0.32759471, -0.14199308,  0.2747274 ,
        0.46622181, -0.22808053, -0.31336721, -0.49631906, -0.05468277,
       -0.00616893, -0.21914194, -0.24535404, -0.43880621, -0.30271511,
       -0.14126572,  0.00218408,  0.37731325,  0.02560171,  0.41714889,
        0.39506749,  0.44056547, -0.14614337, -0.09310168,  0.07297754,
        0.17720231, -0.44974275, -0.15345268, -0.18535705, -0.1599988 ,
       -0.01179986]) 

Generation: 334 
 - Generation Avg Fit: 166.3049368988897 
 - Best Fitness: 319.99687412257737
 - Best Solution: array([ 0.19001401, -0.13636796,  0.31470746,  0.50240482,  0.2490569 ,
       -0.09159409,  0.33539208, -0.32759471, -0.14199308,  0.2747274 ,
        0.46622181, -0.22808053, -0.31336721, -0.49631906, -0.05468277,
       -0.00616893, -0.21914194, -0.24535404, -0.43880621, -0.30271511,
       -0.14126572,  0.00218408,  0.37731325,  0.02560171,  0.41714889,
        0.39506749,  0.44056547, -0.14614337, -0.09310168,  0.07297754,
        0.17720231, -0.44974275, -0.15345268, -0.18535705, -0.1599988 ,
       -0.01179986]) 

Generation: 335 
 - Generation Avg Fit: 174.68300768252215 
 - Best Fitness: 319.99687412257737
 - Best Solution: array([ 0.19001401, -0.13636796,  0.31470746,  0.50240482,  0.2490569 ,
       -0.09159409,  0.33539208, -0.32759471, -0.14199308,  0.2747274 ,
        0.46622181, -0.22808053, -0.31336721, -0.49631906, -0.05468277,
       -0.00616893, -0.21914194, -0.24535404, -0.43880621, -0.30271511,
       -0.14126572,  0.00218408,  0.37731325,  0.02560171,  0.41714889,
        0.39506749,  0.44056547, -0.14614337, -0.09310168,  0.07297754,
        0.17720231, -0.44974275, -0.15345268, -0.18535705, -0.1599988 ,
       -0.01179986]) 

Generation: 336 
 - Generation Avg Fit: 171.78166223055436 
 - Best Fitness: 319.99687412257737
 - Best Solution: array([ 0.19001401, -0.13636796,  0.31470746,  0.50240482,  0.2490569 ,
       -0.09159409,  0.33539208, -0.32759471, -0.14199308,  0.2747274 ,
        0.46622181, -0.22808053, -0.31336721, -0.49631906, -0.05468277,
       -0.00616893, -0.21914194, -0.24535404, -0.43880621, -0.30271511,
       -0.14126572,  0.00218408,  0.37731325,  0.02560171,  0.41714889,
        0.39506749,  0.44056547, -0.14614337, -0.09310168,  0.07297754,
        0.17720231, -0.44974275, -0.15345268, -0.18535705, -0.1599988 ,
       -0.01179986]) 

Generation: 337 
 - Generation Avg Fit: 168.32635075500363 
 - Best Fitness: 319.99687412257737
 - Best Solution: array([ 0.19001401, -0.13636796,  0.31470746,  0.50240482,  0.2490569 ,
       -0.09159409,  0.33539208, -0.32759471, -0.14199308,  0.2747274 ,
        0.46622181, -0.22808053, -0.31336721, -0.49631906, -0.05468277,
       -0.00616893, -0.21914194, -0.24535404, -0.43880621, -0.30271511,
       -0.14126572,  0.00218408,  0.37731325,  0.02560171,  0.41714889,
        0.39506749,  0.44056547, -0.14614337, -0.09310168,  0.07297754,
        0.17720231, -0.44974275, -0.15345268, -0.18535705, -0.1599988 ,
       -0.01179986]) 

Generation: 338 
 - Generation Avg Fit: 173.97245782398699 
 - Best Fitness: 319.99687412257737
 - Best Solution: array([ 0.19001401, -0.13636796,  0.31470746,  0.50240482,  0.2490569 ,
       -0.09159409,  0.33539208, -0.32759471, -0.14199308,  0.2747274 ,
        0.46622181, -0.22808053, -0.31336721, -0.49631906, -0.05468277,
       -0.00616893, -0.21914194, -0.24535404, -0.43880621, -0.30271511,
       -0.14126572,  0.00218408,  0.37731325,  0.02560171,  0.41714889,
        0.39506749,  0.44056547, -0.14614337, -0.09310168,  0.07297754,
        0.17720231, -0.44974275, -0.15345268, -0.18535705, -0.1599988 ,
       -0.01179986]) 

Generation: 339 
 - Generation Avg Fit: 174.2587133171549 
 - Best Fitness: 319.99687412257737
 - Best Solution: array([ 0.19001401, -0.13636796,  0.31470746,  0.50240482,  0.2490569 ,
       -0.09159409,  0.33539208, -0.32759471, -0.14199308,  0.2747274 ,
        0.46622181, -0.22808053, -0.31336721, -0.49631906, -0.05468277,
       -0.00616893, -0.21914194, -0.24535404, -0.43880621, -0.30271511,
       -0.14126572,  0.00218408,  0.37731325,  0.02560171,  0.41714889,
        0.39506749,  0.44056547, -0.14614337, -0.09310168,  0.07297754,
        0.17720231, -0.44974275, -0.15345268, -0.18535705, -0.1599988 ,
       -0.01179986]) 

Generation: 340 
 - Generation Avg Fit: 178.54501483520056 
 - Best Fitness: 319.99687412257737
 - Best Solution: array([ 0.19001401, -0.13636796,  0.31470746,  0.50240482,  0.2490569 ,
       -0.09159409,  0.33539208, -0.32759471, -0.14199308,  0.2747274 ,
        0.46622181, -0.22808053, -0.31336721, -0.49631906, -0.05468277,
       -0.00616893, -0.21914194, -0.24535404, -0.43880621, -0.30271511,
       -0.14126572,  0.00218408,  0.37731325,  0.02560171,  0.41714889,
        0.39506749,  0.44056547, -0.14614337, -0.09310168,  0.07297754,
        0.17720231, -0.44974275, -0.15345268, -0.18535705, -0.1599988 ,
       -0.01179986]) 

Generation: 341 
 - Generation Avg Fit: 174.47644977548163 
 - Best Fitness: 319.99687412257737
 - Best Solution: array([ 0.19001401, -0.13636796,  0.31470746,  0.50240482,  0.2490569 ,
       -0.09159409,  0.33539208, -0.32759471, -0.14199308,  0.2747274 ,
        0.46622181, -0.22808053, -0.31336721, -0.49631906, -0.05468277,
       -0.00616893, -0.21914194, -0.24535404, -0.43880621, -0.30271511,
       -0.14126572,  0.00218408,  0.37731325,  0.02560171,  0.41714889,
        0.39506749,  0.44056547, -0.14614337, -0.09310168,  0.07297754,
        0.17720231, -0.44974275, -0.15345268, -0.18535705, -0.1599988 ,
       -0.01179986]) 

Generation: 342 
 - Generation Avg Fit: 172.8882301004596 
 - Best Fitness: 319.99687412257737
 - Best Solution: array([ 0.19001401, -0.13636796,  0.31470746,  0.50240482,  0.2490569 ,
       -0.09159409,  0.33539208, -0.32759471, -0.14199308,  0.2747274 ,
        0.46622181, -0.22808053, -0.31336721, -0.49631906, -0.05468277,
       -0.00616893, -0.21914194, -0.24535404, -0.43880621, -0.30271511,
       -0.14126572,  0.00218408,  0.37731325,  0.02560171,  0.41714889,
        0.39506749,  0.44056547, -0.14614337, -0.09310168,  0.07297754,
        0.17720231, -0.44974275, -0.15345268, -0.18535705, -0.1599988 ,
       -0.01179986]) 

Generation: 343 
 - Generation Avg Fit: 170.01828971292122 
 - Best Fitness: 319.99687412257737
 - Best Solution: array([ 0.19001401, -0.13636796,  0.31470746,  0.50240482,  0.2490569 ,
       -0.09159409,  0.33539208, -0.32759471, -0.14199308,  0.2747274 ,
        0.46622181, -0.22808053, -0.31336721, -0.49631906, -0.05468277,
       -0.00616893, -0.21914194, -0.24535404, -0.43880621, -0.30271511,
       -0.14126572,  0.00218408,  0.37731325,  0.02560171,  0.41714889,
        0.39506749,  0.44056547, -0.14614337, -0.09310168,  0.07297754,
        0.17720231, -0.44974275, -0.15345268, -0.18535705, -0.1599988 ,
       -0.01179986]) 

Generation: 344 
 - Generation Avg Fit: 163.64899532649537 
 - Best Fitness: 319.99687412257737
 - Best Solution: array([ 0.19001401, -0.13636796,  0.31470746,  0.50240482,  0.2490569 ,
       -0.09159409,  0.33539208, -0.32759471, -0.14199308,  0.2747274 ,
        0.46622181, -0.22808053, -0.31336721, -0.49631906, -0.05468277,
       -0.00616893, -0.21914194, -0.24535404, -0.43880621, -0.30271511,
       -0.14126572,  0.00218408,  0.37731325,  0.02560171,  0.41714889,
        0.39506749,  0.44056547, -0.14614337, -0.09310168,  0.07297754,
        0.17720231, -0.44974275, -0.15345268, -0.18535705, -0.1599988 ,
       -0.01179986]) 

Generation: 345 
 - Generation Avg Fit: 173.1420797428691 
 - Best Fitness: 319.99687412257737
 - Best Solution: array([ 0.19001401, -0.13636796,  0.31470746,  0.50240482,  0.2490569 ,
       -0.09159409,  0.33539208, -0.32759471, -0.14199308,  0.2747274 ,
        0.46622181, -0.22808053, -0.31336721, -0.49631906, -0.05468277,
       -0.00616893, -0.21914194, -0.24535404, -0.43880621, -0.30271511,
       -0.14126572,  0.00218408,  0.37731325,  0.02560171,  0.41714889,
        0.39506749,  0.44056547, -0.14614337, -0.09310168,  0.07297754,
        0.17720231, -0.44974275, -0.15345268, -0.18535705, -0.1599988 ,
       -0.01179986]) 

Generation: 346 
 - Generation Avg Fit: 176.69778197079927 
 - Best Fitness: 319.99687412257737
 - Best Solution: array([ 0.19001401, -0.13636796,  0.31470746,  0.50240482,  0.2490569 ,
       -0.09159409,  0.33539208, -0.32759471, -0.14199308,  0.2747274 ,
        0.46622181, -0.22808053, -0.31336721, -0.49631906, -0.05468277,
       -0.00616893, -0.21914194, -0.24535404, -0.43880621, -0.30271511,
       -0.14126572,  0.00218408,  0.37731325,  0.02560171,  0.41714889,
        0.39506749,  0.44056547, -0.14614337, -0.09310168,  0.07297754,
        0.17720231, -0.44974275, -0.15345268, -0.18535705, -0.1599988 ,
       -0.01179986]) 

Generation: 347 
 - Generation Avg Fit: 176.00192459384056 
 - Best Fitness: 319.99687412257737
 - Best Solution: array([ 0.19001401, -0.13636796,  0.31470746,  0.50240482,  0.2490569 ,
       -0.09159409,  0.33539208, -0.32759471, -0.14199308,  0.2747274 ,
        0.46622181, -0.22808053, -0.31336721, -0.49631906, -0.05468277,
       -0.00616893, -0.21914194, -0.24535404, -0.43880621, -0.30271511,
       -0.14126572,  0.00218408,  0.37731325,  0.02560171,  0.41714889,
        0.39506749,  0.44056547, -0.14614337, -0.09310168,  0.07297754,
        0.17720231, -0.44974275, -0.15345268, -0.18535705, -0.1599988 ,
       -0.01179986]) 

Generation: 348 
 - Generation Avg Fit: 175.46313917834138 
 - Best Fitness: 319.99687412257737
 - Best Solution: array([ 0.19001401, -0.13636796,  0.31470746,  0.50240482,  0.2490569 ,
       -0.09159409,  0.33539208, -0.32759471, -0.14199308,  0.2747274 ,
        0.46622181, -0.22808053, -0.31336721, -0.49631906, -0.05468277,
       -0.00616893, -0.21914194, -0.24535404, -0.43880621, -0.30271511,
       -0.14126572,  0.00218408,  0.37731325,  0.02560171,  0.41714889,
        0.39506749,  0.44056547, -0.14614337, -0.09310168,  0.07297754,
        0.17720231, -0.44974275, -0.15345268, -0.18535705, -0.1599988 ,
       -0.01179986]) 

Generation: 349 
 - Generation Avg Fit: 175.70729696693152 
 - Best Fitness: 319.99687412257737
 - Best Solution: array([ 0.19001401, -0.13636796,  0.31470746,  0.50240482,  0.2490569 ,
       -0.09159409,  0.33539208, -0.32759471, -0.14199308,  0.2747274 ,
        0.46622181, -0.22808053, -0.31336721, -0.49631906, -0.05468277,
       -0.00616893, -0.21914194, -0.24535404, -0.43880621, -0.30271511,
       -0.14126572,  0.00218408,  0.37731325,  0.02560171,  0.41714889,
        0.39506749,  0.44056547, -0.14614337, -0.09310168,  0.07297754,
        0.17720231, -0.44974275, -0.15345268, -0.18535705, -0.1599988 ,
       -0.01179986]) 

Generation: 350 
 - Generation Avg Fit: 176.2914858118343 
 - Best Fitness: 319.99687412257737
 - Best Solution: array([ 0.19001401, -0.13636796,  0.31470746,  0.50240482,  0.2490569 ,
       -0.09159409,  0.33539208, -0.32759471, -0.14199308,  0.2747274 ,
        0.46622181, -0.22808053, -0.31336721, -0.49631906, -0.05468277,
       -0.00616893, -0.21914194, -0.24535404, -0.43880621, -0.30271511,
       -0.14126572,  0.00218408,  0.37731325,  0.02560171,  0.41714889,
        0.39506749,  0.44056547, -0.14614337, -0.09310168,  0.07297754,
        0.17720231, -0.44974275, -0.15345268, -0.18535705, -0.1599988 ,
       -0.01179986]) 

Generation: 351 
 - Generation Avg Fit: 169.90386989910786 
 - Best Fitness: 319.99687412257737
 - Best Solution: array([ 0.19001401, -0.13636796,  0.31470746,  0.50240482,  0.2490569 ,
       -0.09159409,  0.33539208, -0.32759471, -0.14199308,  0.2747274 ,
        0.46622181, -0.22808053, -0.31336721, -0.49631906, -0.05468277,
       -0.00616893, -0.21914194, -0.24535404, -0.43880621, -0.30271511,
       -0.14126572,  0.00218408,  0.37731325,  0.02560171,  0.41714889,
        0.39506749,  0.44056547, -0.14614337, -0.09310168,  0.07297754,
        0.17720231, -0.44974275, -0.15345268, -0.18535705, -0.1599988 ,
       -0.01179986]) 

Generation: 352 
 - Generation Avg Fit: 172.8361776434024 
 - Best Fitness: 319.99687412257737
 - Best Solution: array([ 0.19001401, -0.13636796,  0.31470746,  0.50240482,  0.2490569 ,
       -0.09159409,  0.33539208, -0.32759471, -0.14199308,  0.2747274 ,
        0.46622181, -0.22808053, -0.31336721, -0.49631906, -0.05468277,
       -0.00616893, -0.21914194, -0.24535404, -0.43880621, -0.30271511,
       -0.14126572,  0.00218408,  0.37731325,  0.02560171,  0.41714889,
        0.39506749,  0.44056547, -0.14614337, -0.09310168,  0.07297754,
        0.17720231, -0.44974275, -0.15345268, -0.18535705, -0.1599988 ,
       -0.01179986]) 

Generation: 353 
 - Generation Avg Fit: 179.15304632570601 
 - Best Fitness: 319.99687412257737
 - Best Solution: array([ 0.19001401, -0.13636796,  0.31470746,  0.50240482,  0.2490569 ,
       -0.09159409,  0.33539208, -0.32759471, -0.14199308,  0.2747274 ,
        0.46622181, -0.22808053, -0.31336721, -0.49631906, -0.05468277,
       -0.00616893, -0.21914194, -0.24535404, -0.43880621, -0.30271511,
       -0.14126572,  0.00218408,  0.37731325,  0.02560171,  0.41714889,
        0.39506749,  0.44056547, -0.14614337, -0.09310168,  0.07297754,
        0.17720231, -0.44974275, -0.15345268, -0.18535705, -0.1599988 ,
       -0.01179986]) 

Generation: 354 
 - Generation Avg Fit: 182.61253050319763 
 - Best Fitness: 319.99687412257737
 - Best Solution: array([ 0.19001401, -0.13636796,  0.31470746,  0.50240482,  0.2490569 ,
       -0.09159409,  0.33539208, -0.32759471, -0.14199308,  0.2747274 ,
        0.46622181, -0.22808053, -0.31336721, -0.49631906, -0.05468277,
       -0.00616893, -0.21914194, -0.24535404, -0.43880621, -0.30271511,
       -0.14126572,  0.00218408,  0.37731325,  0.02560171,  0.41714889,
        0.39506749,  0.44056547, -0.14614337, -0.09310168,  0.07297754,
        0.17720231, -0.44974275, -0.15345268, -0.18535705, -0.1599988 ,
       -0.01179986]) 

Generation: 355 
 - Generation Avg Fit: 176.44304053887078 
 - Best Fitness: 319.99687412257737
 - Best Solution: array([ 0.19001401, -0.13636796,  0.31470746,  0.50240482,  0.2490569 ,
       -0.09159409,  0.33539208, -0.32759471, -0.14199308,  0.2747274 ,
        0.46622181, -0.22808053, -0.31336721, -0.49631906, -0.05468277,
       -0.00616893, -0.21914194, -0.24535404, -0.43880621, -0.30271511,
       -0.14126572,  0.00218408,  0.37731325,  0.02560171,  0.41714889,
        0.39506749,  0.44056547, -0.14614337, -0.09310168,  0.07297754,
        0.17720231, -0.44974275, -0.15345268, -0.18535705, -0.1599988 ,
       -0.01179986]) 

Generation: 356 
 - Generation Avg Fit: 170.39282874862786 
 - Best Fitness: 319.99687412257737
 - Best Solution: array([ 0.19001401, -0.13636796,  0.31470746,  0.50240482,  0.2490569 ,
       -0.09159409,  0.33539208, -0.32759471, -0.14199308,  0.2747274 ,
        0.46622181, -0.22808053, -0.31336721, -0.49631906, -0.05468277,
       -0.00616893, -0.21914194, -0.24535404, -0.43880621, -0.30271511,
       -0.14126572,  0.00218408,  0.37731325,  0.02560171,  0.41714889,
        0.39506749,  0.44056547, -0.14614337, -0.09310168,  0.07297754,
        0.17720231, -0.44974275, -0.15345268, -0.18535705, -0.1599988 ,
       -0.01179986]) 

Generation: 357 
 - Generation Avg Fit: 172.78617445303186 
 - Best Fitness: 319.99687412257737
 - Best Solution: array([ 0.19001401, -0.13636796,  0.31470746,  0.50240482,  0.2490569 ,
       -0.09159409,  0.33539208, -0.32759471, -0.14199308,  0.2747274 ,
        0.46622181, -0.22808053, -0.31336721, -0.49631906, -0.05468277,
       -0.00616893, -0.21914194, -0.24535404, -0.43880621, -0.30271511,
       -0.14126572,  0.00218408,  0.37731325,  0.02560171,  0.41714889,
        0.39506749,  0.44056547, -0.14614337, -0.09310168,  0.07297754,
        0.17720231, -0.44974275, -0.15345268, -0.18535705, -0.1599988 ,
       -0.01179986]) 

Generation: 358 
 - Generation Avg Fit: 167.6593851054982 
 - Best Fitness: 319.99687412257737
 - Best Solution: array([ 0.19001401, -0.13636796,  0.31470746,  0.50240482,  0.2490569 ,
       -0.09159409,  0.33539208, -0.32759471, -0.14199308,  0.2747274 ,
        0.46622181, -0.22808053, -0.31336721, -0.49631906, -0.05468277,
       -0.00616893, -0.21914194, -0.24535404, -0.43880621, -0.30271511,
       -0.14126572,  0.00218408,  0.37731325,  0.02560171,  0.41714889,
        0.39506749,  0.44056547, -0.14614337, -0.09310168,  0.07297754,
        0.17720231, -0.44974275, -0.15345268, -0.18535705, -0.1599988 ,
       -0.01179986]) 

Generation: 359 
 - Generation Avg Fit: 180.55290808841198 
 - Best Fitness: 319.99687412257737
 - Best Solution: array([ 0.19001401, -0.13636796,  0.31470746,  0.50240482,  0.2490569 ,
       -0.09159409,  0.33539208, -0.32759471, -0.14199308,  0.2747274 ,
        0.46622181, -0.22808053, -0.31336721, -0.49631906, -0.05468277,
       -0.00616893, -0.21914194, -0.24535404, -0.43880621, -0.30271511,
       -0.14126572,  0.00218408,  0.37731325,  0.02560171,  0.41714889,
        0.39506749,  0.44056547, -0.14614337, -0.09310168,  0.07297754,
        0.17720231, -0.44974275, -0.15345268, -0.18535705, -0.1599988 ,
       -0.01179986]) 

Generation: 360 
 - Generation Avg Fit: 173.17390715241422 
 - Best Fitness: 319.99687412257737
 - Best Solution: array([ 0.19001401, -0.13636796,  0.31470746,  0.50240482,  0.2490569 ,
       -0.09159409,  0.33539208, -0.32759471, -0.14199308,  0.2747274 ,
        0.46622181, -0.22808053, -0.31336721, -0.49631906, -0.05468277,
       -0.00616893, -0.21914194, -0.24535404, -0.43880621, -0.30271511,
       -0.14126572,  0.00218408,  0.37731325,  0.02560171,  0.41714889,
        0.39506749,  0.44056547, -0.14614337, -0.09310168,  0.07297754,
        0.17720231, -0.44974275, -0.15345268, -0.18535705, -0.1599988 ,
       -0.01179986]) 

Generation: 361 
 - Generation Avg Fit: 182.8356672019992 
 - Best Fitness: 319.99687412257737
 - Best Solution: array([ 0.19001401, -0.13636796,  0.31470746,  0.50240482,  0.2490569 ,
       -0.09159409,  0.33539208, -0.32759471, -0.14199308,  0.2747274 ,
        0.46622181, -0.22808053, -0.31336721, -0.49631906, -0.05468277,
       -0.00616893, -0.21914194, -0.24535404, -0.43880621, -0.30271511,
       -0.14126572,  0.00218408,  0.37731325,  0.02560171,  0.41714889,
        0.39506749,  0.44056547, -0.14614337, -0.09310168,  0.07297754,
        0.17720231, -0.44974275, -0.15345268, -0.18535705, -0.1599988 ,
       -0.01179986]) 

Generation: 362 
 - Generation Avg Fit: 174.10290571168946 
 - Best Fitness: 319.99687412257737
 - Best Solution: array([ 0.19001401, -0.13636796,  0.31470746,  0.50240482,  0.2490569 ,
       -0.09159409,  0.33539208, -0.32759471, -0.14199308,  0.2747274 ,
        0.46622181, -0.22808053, -0.31336721, -0.49631906, -0.05468277,
       -0.00616893, -0.21914194, -0.24535404, -0.43880621, -0.30271511,
       -0.14126572,  0.00218408,  0.37731325,  0.02560171,  0.41714889,
        0.39506749,  0.44056547, -0.14614337, -0.09310168,  0.07297754,
        0.17720231, -0.44974275, -0.15345268, -0.18535705, -0.1599988 ,
       -0.01179986]) 

Generation: 363 
 - Generation Avg Fit: 170.44635253220432 
 - Best Fitness: 319.99687412257737
 - Best Solution: array([ 0.19001401, -0.13636796,  0.31470746,  0.50240482,  0.2490569 ,
       -0.09159409,  0.33539208, -0.32759471, -0.14199308,  0.2747274 ,
        0.46622181, -0.22808053, -0.31336721, -0.49631906, -0.05468277,
       -0.00616893, -0.21914194, -0.24535404, -0.43880621, -0.30271511,
       -0.14126572,  0.00218408,  0.37731325,  0.02560171,  0.41714889,
        0.39506749,  0.44056547, -0.14614337, -0.09310168,  0.07297754,
        0.17720231, -0.44974275, -0.15345268, -0.18535705, -0.1599988 ,
       -0.01179986]) 

Generation: 364 
 - Generation Avg Fit: 175.07702241245823 
 - Best Fitness: 319.99687412257737
 - Best Solution: array([ 0.19001401, -0.13636796,  0.31470746,  0.50240482,  0.2490569 ,
       -0.09159409,  0.33539208, -0.32759471, -0.14199308,  0.2747274 ,
        0.46622181, -0.22808053, -0.31336721, -0.49631906, -0.05468277,
       -0.00616893, -0.21914194, -0.24535404, -0.43880621, -0.30271511,
       -0.14126572,  0.00218408,  0.37731325,  0.02560171,  0.41714889,
        0.39506749,  0.44056547, -0.14614337, -0.09310168,  0.07297754,
        0.17720231, -0.44974275, -0.15345268, -0.18535705, -0.1599988 ,
       -0.01179986]) 

Generation: 365 
 - Generation Avg Fit: 172.7896728977734 
 - Best Fitness: 319.99687412257737
 - Best Solution: array([ 0.19001401, -0.13636796,  0.31470746,  0.50240482,  0.2490569 ,
       -0.09159409,  0.33539208, -0.32759471, -0.14199308,  0.2747274 ,
        0.46622181, -0.22808053, -0.31336721, -0.49631906, -0.05468277,
       -0.00616893, -0.21914194, -0.24535404, -0.43880621, -0.30271511,
       -0.14126572,  0.00218408,  0.37731325,  0.02560171,  0.41714889,
        0.39506749,  0.44056547, -0.14614337, -0.09310168,  0.07297754,
        0.17720231, -0.44974275, -0.15345268, -0.18535705, -0.1599988 ,
       -0.01179986]) 

Generation: 366 
 - Generation Avg Fit: 172.34350377205584 
 - Best Fitness: 319.99687412257737
 - Best Solution: array([ 0.19001401, -0.13636796,  0.31470746,  0.50240482,  0.2490569 ,
       -0.09159409,  0.33539208, -0.32759471, -0.14199308,  0.2747274 ,
        0.46622181, -0.22808053, -0.31336721, -0.49631906, -0.05468277,
       -0.00616893, -0.21914194, -0.24535404, -0.43880621, -0.30271511,
       -0.14126572,  0.00218408,  0.37731325,  0.02560171,  0.41714889,
        0.39506749,  0.44056547, -0.14614337, -0.09310168,  0.07297754,
        0.17720231, -0.44974275, -0.15345268, -0.18535705, -0.1599988 ,
       -0.01179986]) 

Generation: 367 
 - Generation Avg Fit: 166.45484583471196 
 - Best Fitness: 319.99687412257737
 - Best Solution: array([ 0.19001401, -0.13636796,  0.31470746,  0.50240482,  0.2490569 ,
       -0.09159409,  0.33539208, -0.32759471, -0.14199308,  0.2747274 ,
        0.46622181, -0.22808053, -0.31336721, -0.49631906, -0.05468277,
       -0.00616893, -0.21914194, -0.24535404, -0.43880621, -0.30271511,
       -0.14126572,  0.00218408,  0.37731325,  0.02560171,  0.41714889,
        0.39506749,  0.44056547, -0.14614337, -0.09310168,  0.07297754,
        0.17720231, -0.44974275, -0.15345268, -0.18535705, -0.1599988 ,
       -0.01179986]) 

Generation: 368 
 - Generation Avg Fit: 171.53624777133663 
 - Best Fitness: 319.99687412257737
 - Best Solution: array([ 0.19001401, -0.13636796,  0.31470746,  0.50240482,  0.2490569 ,
       -0.09159409,  0.33539208, -0.32759471, -0.14199308,  0.2747274 ,
        0.46622181, -0.22808053, -0.31336721, -0.49631906, -0.05468277,
       -0.00616893, -0.21914194, -0.24535404, -0.43880621, -0.30271511,
       -0.14126572,  0.00218408,  0.37731325,  0.02560171,  0.41714889,
        0.39506749,  0.44056547, -0.14614337, -0.09310168,  0.07297754,
        0.17720231, -0.44974275, -0.15345268, -0.18535705, -0.1599988 ,
       -0.01179986]) 

Generation: 369 
 - Generation Avg Fit: 172.8031384790646 
 - Best Fitness: 319.99687412257737
 - Best Solution: array([ 0.19001401, -0.13636796,  0.31470746,  0.50240482,  0.2490569 ,
       -0.09159409,  0.33539208, -0.32759471, -0.14199308,  0.2747274 ,
        0.46622181, -0.22808053, -0.31336721, -0.49631906, -0.05468277,
       -0.00616893, -0.21914194, -0.24535404, -0.43880621, -0.30271511,
       -0.14126572,  0.00218408,  0.37731325,  0.02560171,  0.41714889,
        0.39506749,  0.44056547, -0.14614337, -0.09310168,  0.07297754,
        0.17720231, -0.44974275, -0.15345268, -0.18535705, -0.1599988 ,
       -0.01179986]) 

Generation: 370 
 - Generation Avg Fit: 177.38509715951747 
 - Best Fitness: 319.99687412257737
 - Best Solution: array([ 0.19001401, -0.13636796,  0.31470746,  0.50240482,  0.2490569 ,
       -0.09159409,  0.33539208, -0.32759471, -0.14199308,  0.2747274 ,
        0.46622181, -0.22808053, -0.31336721, -0.49631906, -0.05468277,
       -0.00616893, -0.21914194, -0.24535404, -0.43880621, -0.30271511,
       -0.14126572,  0.00218408,  0.37731325,  0.02560171,  0.41714889,
        0.39506749,  0.44056547, -0.14614337, -0.09310168,  0.07297754,
        0.17720231, -0.44974275, -0.15345268, -0.18535705, -0.1599988 ,
       -0.01179986]) 

Generation: 371 
 - Generation Avg Fit: 180.859142392114 
 - Best Fitness: 319.99687412257737
 - Best Solution: array([ 0.19001401, -0.13636796,  0.31470746,  0.50240482,  0.2490569 ,
       -0.09159409,  0.33539208, -0.32759471, -0.14199308,  0.2747274 ,
        0.46622181, -0.22808053, -0.31336721, -0.49631906, -0.05468277,
       -0.00616893, -0.21914194, -0.24535404, -0.43880621, -0.30271511,
       -0.14126572,  0.00218408,  0.37731325,  0.02560171,  0.41714889,
        0.39506749,  0.44056547, -0.14614337, -0.09310168,  0.07297754,
        0.17720231, -0.44974275, -0.15345268, -0.18535705, -0.1599988 ,
       -0.01179986]) 

Generation: 372 
 - Generation Avg Fit: 172.63872022059334 
 - Best Fitness: 319.99687412257737
 - Best Solution: array([ 0.19001401, -0.13636796,  0.31470746,  0.50240482,  0.2490569 ,
       -0.09159409,  0.33539208, -0.32759471, -0.14199308,  0.2747274 ,
        0.46622181, -0.22808053, -0.31336721, -0.49631906, -0.05468277,
       -0.00616893, -0.21914194, -0.24535404, -0.43880621, -0.30271511,
       -0.14126572,  0.00218408,  0.37731325,  0.02560171,  0.41714889,
        0.39506749,  0.44056547, -0.14614337, -0.09310168,  0.07297754,
        0.17720231, -0.44974275, -0.15345268, -0.18535705, -0.1599988 ,
       -0.01179986]) 

Generation: 373 
 - Generation Avg Fit: 173.51388248078757 
 - Best Fitness: 319.99687412257737
 - Best Solution: array([ 0.19001401, -0.13636796,  0.31470746,  0.50240482,  0.2490569 ,
       -0.09159409,  0.33539208, -0.32759471, -0.14199308,  0.2747274 ,
        0.46622181, -0.22808053, -0.31336721, -0.49631906, -0.05468277,
       -0.00616893, -0.21914194, -0.24535404, -0.43880621, -0.30271511,
       -0.14126572,  0.00218408,  0.37731325,  0.02560171,  0.41714889,
        0.39506749,  0.44056547, -0.14614337, -0.09310168,  0.07297754,
        0.17720231, -0.44974275, -0.15345268, -0.18535705, -0.1599988 ,
       -0.01179986]) 

Generation: 374 
 - Generation Avg Fit: 172.53266662115843 
 - Best Fitness: 319.99687412257737
 - Best Solution: array([ 0.19001401, -0.13636796,  0.31470746,  0.50240482,  0.2490569 ,
       -0.09159409,  0.33539208, -0.32759471, -0.14199308,  0.2747274 ,
        0.46622181, -0.22808053, -0.31336721, -0.49631906, -0.05468277,
       -0.00616893, -0.21914194, -0.24535404, -0.43880621, -0.30271511,
       -0.14126572,  0.00218408,  0.37731325,  0.02560171,  0.41714889,
        0.39506749,  0.44056547, -0.14614337, -0.09310168,  0.07297754,
        0.17720231, -0.44974275, -0.15345268, -0.18535705, -0.1599988 ,
       -0.01179986]) 

Generation: 375 
 - Generation Avg Fit: 170.54034741731303 
 - Best Fitness: 319.99687412257737
 - Best Solution: array([ 0.19001401, -0.13636796,  0.31470746,  0.50240482,  0.2490569 ,
       -0.09159409,  0.33539208, -0.32759471, -0.14199308,  0.2747274 ,
        0.46622181, -0.22808053, -0.31336721, -0.49631906, -0.05468277,
       -0.00616893, -0.21914194, -0.24535404, -0.43880621, -0.30271511,
       -0.14126572,  0.00218408,  0.37731325,  0.02560171,  0.41714889,
        0.39506749,  0.44056547, -0.14614337, -0.09310168,  0.07297754,
        0.17720231, -0.44974275, -0.15345268, -0.18535705, -0.1599988 ,
       -0.01179986]) 

Generation: 376 
 - Generation Avg Fit: 177.06609139532134 
 - Best Fitness: 319.99687412257737
 - Best Solution: array([ 0.19001401, -0.13636796,  0.31470746,  0.50240482,  0.2490569 ,
       -0.09159409,  0.33539208, -0.32759471, -0.14199308,  0.2747274 ,
        0.46622181, -0.22808053, -0.31336721, -0.49631906, -0.05468277,
       -0.00616893, -0.21914194, -0.24535404, -0.43880621, -0.30271511,
       -0.14126572,  0.00218408,  0.37731325,  0.02560171,  0.41714889,
        0.39506749,  0.44056547, -0.14614337, -0.09310168,  0.07297754,
        0.17720231, -0.44974275, -0.15345268, -0.18535705, -0.1599988 ,
       -0.01179986]) 

Generation: 377 
 - Generation Avg Fit: 175.70088136243896 
 - Best Fitness: 319.99687412257737
 - Best Solution: array([ 0.19001401, -0.13636796,  0.31470746,  0.50240482,  0.2490569 ,
       -0.09159409,  0.33539208, -0.32759471, -0.14199308,  0.2747274 ,
        0.46622181, -0.22808053, -0.31336721, -0.49631906, -0.05468277,
       -0.00616893, -0.21914194, -0.24535404, -0.43880621, -0.30271511,
       -0.14126572,  0.00218408,  0.37731325,  0.02560171,  0.41714889,
        0.39506749,  0.44056547, -0.14614337, -0.09310168,  0.07297754,
        0.17720231, -0.44974275, -0.15345268, -0.18535705, -0.1599988 ,
       -0.01179986]) 

Generation: 378 
 - Generation Avg Fit: 176.37306769593818 
 - Best Fitness: 319.99687412257737
 - Best Solution: array([ 0.19001401, -0.13636796,  0.31470746,  0.50240482,  0.2490569 ,
       -0.09159409,  0.33539208, -0.32759471, -0.14199308,  0.2747274 ,
        0.46622181, -0.22808053, -0.31336721, -0.49631906, -0.05468277,
       -0.00616893, -0.21914194, -0.24535404, -0.43880621, -0.30271511,
       -0.14126572,  0.00218408,  0.37731325,  0.02560171,  0.41714889,
        0.39506749,  0.44056547, -0.14614337, -0.09310168,  0.07297754,
        0.17720231, -0.44974275, -0.15345268, -0.18535705, -0.1599988 ,
       -0.01179986]) 

Generation: 379 
 - Generation Avg Fit: 176.4779461419561 
 - Best Fitness: 319.99687412257737
 - Best Solution: array([ 0.19001401, -0.13636796,  0.31470746,  0.50240482,  0.2490569 ,
       -0.09159409,  0.33539208, -0.32759471, -0.14199308,  0.2747274 ,
        0.46622181, -0.22808053, -0.31336721, -0.49631906, -0.05468277,
       -0.00616893, -0.21914194, -0.24535404, -0.43880621, -0.30271511,
       -0.14126572,  0.00218408,  0.37731325,  0.02560171,  0.41714889,
        0.39506749,  0.44056547, -0.14614337, -0.09310168,  0.07297754,
        0.17720231, -0.44974275, -0.15345268, -0.18535705, -0.1599988 ,
       -0.01179986]) 

Generation: 380 
 - Generation Avg Fit: 173.91215579841509 
 - Best Fitness: 319.99687412257737
 - Best Solution: array([ 0.19001401, -0.13636796,  0.31470746,  0.50240482,  0.2490569 ,
       -0.09159409,  0.33539208, -0.32759471, -0.14199308,  0.2747274 ,
        0.46622181, -0.22808053, -0.31336721, -0.49631906, -0.05468277,
       -0.00616893, -0.21914194, -0.24535404, -0.43880621, -0.30271511,
       -0.14126572,  0.00218408,  0.37731325,  0.02560171,  0.41714889,
        0.39506749,  0.44056547, -0.14614337, -0.09310168,  0.07297754,
        0.17720231, -0.44974275, -0.15345268, -0.18535705, -0.1599988 ,
       -0.01179986]) 

Generation: 381 
 - Generation Avg Fit: 182.68754060702082 
 - Best Fitness: 319.99687412257737
 - Best Solution: array([ 0.19001401, -0.13636796,  0.31470746,  0.50240482,  0.2490569 ,
       -0.09159409,  0.33539208, -0.32759471, -0.14199308,  0.2747274 ,
        0.46622181, -0.22808053, -0.31336721, -0.49631906, -0.05468277,
       -0.00616893, -0.21914194, -0.24535404, -0.43880621, -0.30271511,
       -0.14126572,  0.00218408,  0.37731325,  0.02560171,  0.41714889,
        0.39506749,  0.44056547, -0.14614337, -0.09310168,  0.07297754,
        0.17720231, -0.44974275, -0.15345268, -0.18535705, -0.1599988 ,
       -0.01179986]) 

Generation: 382 
 - Generation Avg Fit: 172.3603075598578 
 - Best Fitness: 319.99687412257737
 - Best Solution: array([ 0.19001401, -0.13636796,  0.31470746,  0.50240482,  0.2490569 ,
       -0.09159409,  0.33539208, -0.32759471, -0.14199308,  0.2747274 ,
        0.46622181, -0.22808053, -0.31336721, -0.49631906, -0.05468277,
       -0.00616893, -0.21914194, -0.24535404, -0.43880621, -0.30271511,
       -0.14126572,  0.00218408,  0.37731325,  0.02560171,  0.41714889,
        0.39506749,  0.44056547, -0.14614337, -0.09310168,  0.07297754,
        0.17720231, -0.44974275, -0.15345268, -0.18535705, -0.1599988 ,
       -0.01179986]) 

Generation: 383 
 - Generation Avg Fit: 173.9311425290024 
 - Best Fitness: 319.99687412257737
 - Best Solution: array([ 0.19001401, -0.13636796,  0.31470746,  0.50240482,  0.2490569 ,
       -0.09159409,  0.33539208, -0.32759471, -0.14199308,  0.2747274 ,
        0.46622181, -0.22808053, -0.31336721, -0.49631906, -0.05468277,
       -0.00616893, -0.21914194, -0.24535404, -0.43880621, -0.30271511,
       -0.14126572,  0.00218408,  0.37731325,  0.02560171,  0.41714889,
        0.39506749,  0.44056547, -0.14614337, -0.09310168,  0.07297754,
        0.17720231, -0.44974275, -0.15345268, -0.18535705, -0.1599988 ,
       -0.01179986]) 

Generation: 384 
 - Generation Avg Fit: 168.92512019400093 
 - Best Fitness: 319.99687412257737
 - Best Solution: array([ 0.19001401, -0.13636796,  0.31470746,  0.50240482,  0.2490569 ,
       -0.09159409,  0.33539208, -0.32759471, -0.14199308,  0.2747274 ,
        0.46622181, -0.22808053, -0.31336721, -0.49631906, -0.05468277,
       -0.00616893, -0.21914194, -0.24535404, -0.43880621, -0.30271511,
       -0.14126572,  0.00218408,  0.37731325,  0.02560171,  0.41714889,
        0.39506749,  0.44056547, -0.14614337, -0.09310168,  0.07297754,
        0.17720231, -0.44974275, -0.15345268, -0.18535705, -0.1599988 ,
       -0.01179986]) 

Generation: 385 
 - Generation Avg Fit: 165.0161294598934 
 - Best Fitness: 319.99687412257737
 - Best Solution: array([ 0.19001401, -0.13636796,  0.31470746,  0.50240482,  0.2490569 ,
       -0.09159409,  0.33539208, -0.32759471, -0.14199308,  0.2747274 ,
        0.46622181, -0.22808053, -0.31336721, -0.49631906, -0.05468277,
       -0.00616893, -0.21914194, -0.24535404, -0.43880621, -0.30271511,
       -0.14126572,  0.00218408,  0.37731325,  0.02560171,  0.41714889,
        0.39506749,  0.44056547, -0.14614337, -0.09310168,  0.07297754,
        0.17720231, -0.44974275, -0.15345268, -0.18535705, -0.1599988 ,
       -0.01179986]) 

Generation: 386 
 - Generation Avg Fit: 162.7128161077654 
 - Best Fitness: 319.99687412257737
 - Best Solution: array([ 0.19001401, -0.13636796,  0.31470746,  0.50240482,  0.2490569 ,
       -0.09159409,  0.33539208, -0.32759471, -0.14199308,  0.2747274 ,
        0.46622181, -0.22808053, -0.31336721, -0.49631906, -0.05468277,
       -0.00616893, -0.21914194, -0.24535404, -0.43880621, -0.30271511,
       -0.14126572,  0.00218408,  0.37731325,  0.02560171,  0.41714889,
        0.39506749,  0.44056547, -0.14614337, -0.09310168,  0.07297754,
        0.17720231, -0.44974275, -0.15345268, -0.18535705, -0.1599988 ,
       -0.01179986]) 

Generation: 387 
 - Generation Avg Fit: 182.39883350917435 
 - Best Fitness: 319.99687412257737
 - Best Solution: array([ 0.19001401, -0.13636796,  0.31470746,  0.50240482,  0.2490569 ,
       -0.09159409,  0.33539208, -0.32759471, -0.14199308,  0.2747274 ,
        0.46622181, -0.22808053, -0.31336721, -0.49631906, -0.05468277,
       -0.00616893, -0.21914194, -0.24535404, -0.43880621, -0.30271511,
       -0.14126572,  0.00218408,  0.37731325,  0.02560171,  0.41714889,
        0.39506749,  0.44056547, -0.14614337, -0.09310168,  0.07297754,
        0.17720231, -0.44974275, -0.15345268, -0.18535705, -0.1599988 ,
       -0.01179986]) 

Generation: 388 
 - Generation Avg Fit: 178.07185640635427 
 - Best Fitness: 319.99687412257737
 - Best Solution: array([ 0.19001401, -0.13636796,  0.31470746,  0.50240482,  0.2490569 ,
       -0.09159409,  0.33539208, -0.32759471, -0.14199308,  0.2747274 ,
        0.46622181, -0.22808053, -0.31336721, -0.49631906, -0.05468277,
       -0.00616893, -0.21914194, -0.24535404, -0.43880621, -0.30271511,
       -0.14126572,  0.00218408,  0.37731325,  0.02560171,  0.41714889,
        0.39506749,  0.44056547, -0.14614337, -0.09310168,  0.07297754,
        0.17720231, -0.44974275, -0.15345268, -0.18535705, -0.1599988 ,
       -0.01179986]) 

Generation: 389 
 - Generation Avg Fit: 181.4522400546723 
 - Best Fitness: 319.99687412257737
 - Best Solution: array([ 0.19001401, -0.13636796,  0.31470746,  0.50240482,  0.2490569 ,
       -0.09159409,  0.33539208, -0.32759471, -0.14199308,  0.2747274 ,
        0.46622181, -0.22808053, -0.31336721, -0.49631906, -0.05468277,
       -0.00616893, -0.21914194, -0.24535404, -0.43880621, -0.30271511,
       -0.14126572,  0.00218408,  0.37731325,  0.02560171,  0.41714889,
        0.39506749,  0.44056547, -0.14614337, -0.09310168,  0.07297754,
        0.17720231, -0.44974275, -0.15345268, -0.18535705, -0.1599988 ,
       -0.01179986]) 

Generation: 390 
 - Generation Avg Fit: 170.61233990147971 
 - Best Fitness: 319.99687412257737
 - Best Solution: array([ 0.19001401, -0.13636796,  0.31470746,  0.50240482,  0.2490569 ,
       -0.09159409,  0.33539208, -0.32759471, -0.14199308,  0.2747274 ,
        0.46622181, -0.22808053, -0.31336721, -0.49631906, -0.05468277,
       -0.00616893, -0.21914194, -0.24535404, -0.43880621, -0.30271511,
       -0.14126572,  0.00218408,  0.37731325,  0.02560171,  0.41714889,
        0.39506749,  0.44056547, -0.14614337, -0.09310168,  0.07297754,
        0.17720231, -0.44974275, -0.15345268, -0.18535705, -0.1599988 ,
       -0.01179986]) 

Generation: 391 
 - Generation Avg Fit: 170.30450548468377 
 - Best Fitness: 319.99687412257737
 - Best Solution: array([ 0.19001401, -0.13636796,  0.31470746,  0.50240482,  0.2490569 ,
       -0.09159409,  0.33539208, -0.32759471, -0.14199308,  0.2747274 ,
        0.46622181, -0.22808053, -0.31336721, -0.49631906, -0.05468277,
       -0.00616893, -0.21914194, -0.24535404, -0.43880621, -0.30271511,
       -0.14126572,  0.00218408,  0.37731325,  0.02560171,  0.41714889,
        0.39506749,  0.44056547, -0.14614337, -0.09310168,  0.07297754,
        0.17720231, -0.44974275, -0.15345268, -0.18535705, -0.1599988 ,
       -0.01179986]) 

Generation: 392 
 - Generation Avg Fit: 170.16654197781563 
 - Best Fitness: 319.99687412257737
 - Best Solution: array([ 0.19001401, -0.13636796,  0.31470746,  0.50240482,  0.2490569 ,
       -0.09159409,  0.33539208, -0.32759471, -0.14199308,  0.2747274 ,
        0.46622181, -0.22808053, -0.31336721, -0.49631906, -0.05468277,
       -0.00616893, -0.21914194, -0.24535404, -0.43880621, -0.30271511,
       -0.14126572,  0.00218408,  0.37731325,  0.02560171,  0.41714889,
        0.39506749,  0.44056547, -0.14614337, -0.09310168,  0.07297754,
        0.17720231, -0.44974275, -0.15345268, -0.18535705, -0.1599988 ,
       -0.01179986]) 

Generation: 393 
 - Generation Avg Fit: 173.99825924363816 
 - Best Fitness: 319.99687412257737
 - Best Solution: array([ 0.19001401, -0.13636796,  0.31470746,  0.50240482,  0.2490569 ,
       -0.09159409,  0.33539208, -0.32759471, -0.14199308,  0.2747274 ,
        0.46622181, -0.22808053, -0.31336721, -0.49631906, -0.05468277,
       -0.00616893, -0.21914194, -0.24535404, -0.43880621, -0.30271511,
       -0.14126572,  0.00218408,  0.37731325,  0.02560171,  0.41714889,
        0.39506749,  0.44056547, -0.14614337, -0.09310168,  0.07297754,
        0.17720231, -0.44974275, -0.15345268, -0.18535705, -0.1599988 ,
       -0.01179986]) 

Generation: 394 
 - Generation Avg Fit: 170.19895501479982 
 - Best Fitness: 319.99687412257737
 - Best Solution: array([ 0.19001401, -0.13636796,  0.31470746,  0.50240482,  0.2490569 ,
       -0.09159409,  0.33539208, -0.32759471, -0.14199308,  0.2747274 ,
        0.46622181, -0.22808053, -0.31336721, -0.49631906, -0.05468277,
       -0.00616893, -0.21914194, -0.24535404, -0.43880621, -0.30271511,
       -0.14126572,  0.00218408,  0.37731325,  0.02560171,  0.41714889,
        0.39506749,  0.44056547, -0.14614337, -0.09310168,  0.07297754,
        0.17720231, -0.44974275, -0.15345268, -0.18535705, -0.1599988 ,
       -0.01179986]) 

Generation: 395 
 - Generation Avg Fit: 177.41028835257438 
 - Best Fitness: 319.99687412257737
 - Best Solution: array([ 0.19001401, -0.13636796,  0.31470746,  0.50240482,  0.2490569 ,
       -0.09159409,  0.33539208, -0.32759471, -0.14199308,  0.2747274 ,
        0.46622181, -0.22808053, -0.31336721, -0.49631906, -0.05468277,
       -0.00616893, -0.21914194, -0.24535404, -0.43880621, -0.30271511,
       -0.14126572,  0.00218408,  0.37731325,  0.02560171,  0.41714889,
        0.39506749,  0.44056547, -0.14614337, -0.09310168,  0.07297754,
        0.17720231, -0.44974275, -0.15345268, -0.18535705, -0.1599988 ,
       -0.01179986]) 

Generation: 396 
 - Generation Avg Fit: 179.94805608867563 
 - Best Fitness: 319.99687412257737
 - Best Solution: array([ 0.19001401, -0.13636796,  0.31470746,  0.50240482,  0.2490569 ,
       -0.09159409,  0.33539208, -0.32759471, -0.14199308,  0.2747274 ,
        0.46622181, -0.22808053, -0.31336721, -0.49631906, -0.05468277,
       -0.00616893, -0.21914194, -0.24535404, -0.43880621, -0.30271511,
       -0.14126572,  0.00218408,  0.37731325,  0.02560171,  0.41714889,
        0.39506749,  0.44056547, -0.14614337, -0.09310168,  0.07297754,
        0.17720231, -0.44974275, -0.15345268, -0.18535705, -0.1599988 ,
       -0.01179986]) 

Generation: 397 
 - Generation Avg Fit: 181.51381075262273 
 - Best Fitness: 319.99687412257737
 - Best Solution: array([ 0.19001401, -0.13636796,  0.31470746,  0.50240482,  0.2490569 ,
       -0.09159409,  0.33539208, -0.32759471, -0.14199308,  0.2747274 ,
        0.46622181, -0.22808053, -0.31336721, -0.49631906, -0.05468277,
       -0.00616893, -0.21914194, -0.24535404, -0.43880621, -0.30271511,
       -0.14126572,  0.00218408,  0.37731325,  0.02560171,  0.41714889,
        0.39506749,  0.44056547, -0.14614337, -0.09310168,  0.07297754,
        0.17720231, -0.44974275, -0.15345268, -0.18535705, -0.1599988 ,
       -0.01179986]) 

Generation: 398 
 - Generation Avg Fit: 182.74647534558113 
 - Best Fitness: 319.99687412257737
 - Best Solution: array([ 0.19001401, -0.13636796,  0.31470746,  0.50240482,  0.2490569 ,
       -0.09159409,  0.33539208, -0.32759471, -0.14199308,  0.2747274 ,
        0.46622181, -0.22808053, -0.31336721, -0.49631906, -0.05468277,
       -0.00616893, -0.21914194, -0.24535404, -0.43880621, -0.30271511,
       -0.14126572,  0.00218408,  0.37731325,  0.02560171,  0.41714889,
        0.39506749,  0.44056547, -0.14614337, -0.09310168,  0.07297754,
        0.17720231, -0.44974275, -0.15345268, -0.18535705, -0.1599988 ,
       -0.01179986]) 

Generation: 399 
 - Generation Avg Fit: 170.0339631087132 
 - Best Fitness: 319.99687412257737
 - Best Solution: array([ 0.19001401, -0.13636796,  0.31470746,  0.50240482,  0.2490569 ,
       -0.09159409,  0.33539208, -0.32759471, -0.14199308,  0.2747274 ,
        0.46622181, -0.22808053, -0.31336721, -0.49631906, -0.05468277,
       -0.00616893, -0.21914194, -0.24535404, -0.43880621, -0.30271511,
       -0.14126572,  0.00218408,  0.37731325,  0.02560171,  0.41714889,
        0.39506749,  0.44056547, -0.14614337, -0.09310168,  0.07297754,
        0.17720231, -0.44974275, -0.15345268, -0.18535705, -0.1599988 ,
       -0.01179986]) 

Generation: 400 
 - Generation Avg Fit: 181.81578816880742 
 - Best Fitness: 319.99687412257737
 - Best Solution: array([ 0.19001401, -0.13636796,  0.31470746,  0.50240482,  0.2490569 ,
       -0.09159409,  0.33539208, -0.32759471, -0.14199308,  0.2747274 ,
        0.46622181, -0.22808053, -0.31336721, -0.49631906, -0.05468277,
       -0.00616893, -0.21914194, -0.24535404, -0.43880621, -0.30271511,
       -0.14126572,  0.00218408,  0.37731325,  0.02560171,  0.41714889,
        0.39506749,  0.44056547, -0.14614337, -0.09310168,  0.07297754,
        0.17720231, -0.44974275, -0.15345268, -0.18535705, -0.1599988 ,
       -0.01179986]) 

Generation: 401 
 - Generation Avg Fit: 170.7171130121077 
 - Best Fitness: 319.99687412257737
 - Best Solution: array([ 0.19001401, -0.13636796,  0.31470746,  0.50240482,  0.2490569 ,
       -0.09159409,  0.33539208, -0.32759471, -0.14199308,  0.2747274 ,
        0.46622181, -0.22808053, -0.31336721, -0.49631906, -0.05468277,
       -0.00616893, -0.21914194, -0.24535404, -0.43880621, -0.30271511,
       -0.14126572,  0.00218408,  0.37731325,  0.02560171,  0.41714889,
        0.39506749,  0.44056547, -0.14614337, -0.09310168,  0.07297754,
        0.17720231, -0.44974275, -0.15345268, -0.18535705, -0.1599988 ,
       -0.01179986]) 

Generation: 402 
 - Generation Avg Fit: 169.66736550954542 
 - Best Fitness: 319.99687412257737
 - Best Solution: array([ 0.19001401, -0.13636796,  0.31470746,  0.50240482,  0.2490569 ,
       -0.09159409,  0.33539208, -0.32759471, -0.14199308,  0.2747274 ,
        0.46622181, -0.22808053, -0.31336721, -0.49631906, -0.05468277,
       -0.00616893, -0.21914194, -0.24535404, -0.43880621, -0.30271511,
       -0.14126572,  0.00218408,  0.37731325,  0.02560171,  0.41714889,
        0.39506749,  0.44056547, -0.14614337, -0.09310168,  0.07297754,
        0.17720231, -0.44974275, -0.15345268, -0.18535705, -0.1599988 ,
       -0.01179986]) 

Generation: 403 
 - Generation Avg Fit: 174.4066404013049 
 - Best Fitness: 319.99687412257737
 - Best Solution: array([ 0.19001401, -0.13636796,  0.31470746,  0.50240482,  0.2490569 ,
       -0.09159409,  0.33539208, -0.32759471, -0.14199308,  0.2747274 ,
        0.46622181, -0.22808053, -0.31336721, -0.49631906, -0.05468277,
       -0.00616893, -0.21914194, -0.24535404, -0.43880621, -0.30271511,
       -0.14126572,  0.00218408,  0.37731325,  0.02560171,  0.41714889,
        0.39506749,  0.44056547, -0.14614337, -0.09310168,  0.07297754,
        0.17720231, -0.44974275, -0.15345268, -0.18535705, -0.1599988 ,
       -0.01179986]) 

Generation: 404 
 - Generation Avg Fit: 172.88662456582773 
 - Best Fitness: 319.99687412257737
 - Best Solution: array([ 0.19001401, -0.13636796,  0.31470746,  0.50240482,  0.2490569 ,
       -0.09159409,  0.33539208, -0.32759471, -0.14199308,  0.2747274 ,
        0.46622181, -0.22808053, -0.31336721, -0.49631906, -0.05468277,
       -0.00616893, -0.21914194, -0.24535404, -0.43880621, -0.30271511,
       -0.14126572,  0.00218408,  0.37731325,  0.02560171,  0.41714889,
        0.39506749,  0.44056547, -0.14614337, -0.09310168,  0.07297754,
        0.17720231, -0.44974275, -0.15345268, -0.18535705, -0.1599988 ,
       -0.01179986]) 

Generation: 405 
 - Generation Avg Fit: 173.99374005577158 
 - Best Fitness: 319.99687412257737
 - Best Solution: array([ 0.19001401, -0.13636796,  0.31470746,  0.50240482,  0.2490569 ,
       -0.09159409,  0.33539208, -0.32759471, -0.14199308,  0.2747274 ,
        0.46622181, -0.22808053, -0.31336721, -0.49631906, -0.05468277,
       -0.00616893, -0.21914194, -0.24535404, -0.43880621, -0.30271511,
       -0.14126572,  0.00218408,  0.37731325,  0.02560171,  0.41714889,
        0.39506749,  0.44056547, -0.14614337, -0.09310168,  0.07297754,
        0.17720231, -0.44974275, -0.15345268, -0.18535705, -0.1599988 ,
       -0.01179986]) 

Generation: 406 
 - Generation Avg Fit: 176.20571668932863 
 - Best Fitness: 319.99687412257737
 - Best Solution: array([ 0.19001401, -0.13636796,  0.31470746,  0.50240482,  0.2490569 ,
       -0.09159409,  0.33539208, -0.32759471, -0.14199308,  0.2747274 ,
        0.46622181, -0.22808053, -0.31336721, -0.49631906, -0.05468277,
       -0.00616893, -0.21914194, -0.24535404, -0.43880621, -0.30271511,
       -0.14126572,  0.00218408,  0.37731325,  0.02560171,  0.41714889,
        0.39506749,  0.44056547, -0.14614337, -0.09310168,  0.07297754,
        0.17720231, -0.44974275, -0.15345268, -0.18535705, -0.1599988 ,
       -0.01179986]) 

Generation: 407 
 - Generation Avg Fit: 174.33843128333774 
 - Best Fitness: 319.99687412257737
 - Best Solution: array([ 0.19001401, -0.13636796,  0.31470746,  0.50240482,  0.2490569 ,
       -0.09159409,  0.33539208, -0.32759471, -0.14199308,  0.2747274 ,
        0.46622181, -0.22808053, -0.31336721, -0.49631906, -0.05468277,
       -0.00616893, -0.21914194, -0.24535404, -0.43880621, -0.30271511,
       -0.14126572,  0.00218408,  0.37731325,  0.02560171,  0.41714889,
        0.39506749,  0.44056547, -0.14614337, -0.09310168,  0.07297754,
        0.17720231, -0.44974275, -0.15345268, -0.18535705, -0.1599988 ,
       -0.01179986]) 

Generation: 408 
 - Generation Avg Fit: 175.0216703772834 
 - Best Fitness: 319.99687412257737
 - Best Solution: array([ 0.19001401, -0.13636796,  0.31470746,  0.50240482,  0.2490569 ,
       -0.09159409,  0.33539208, -0.32759471, -0.14199308,  0.2747274 ,
        0.46622181, -0.22808053, -0.31336721, -0.49631906, -0.05468277,
       -0.00616893, -0.21914194, -0.24535404, -0.43880621, -0.30271511,
       -0.14126572,  0.00218408,  0.37731325,  0.02560171,  0.41714889,
        0.39506749,  0.44056547, -0.14614337, -0.09310168,  0.07297754,
        0.17720231, -0.44974275, -0.15345268, -0.18535705, -0.1599988 ,
       -0.01179986]) 

Generation: 409 
 - Generation Avg Fit: 176.81458879479626 
 - Best Fitness: 319.99687412257737
 - Best Solution: array([ 0.19001401, -0.13636796,  0.31470746,  0.50240482,  0.2490569 ,
       -0.09159409,  0.33539208, -0.32759471, -0.14199308,  0.2747274 ,
        0.46622181, -0.22808053, -0.31336721, -0.49631906, -0.05468277,
       -0.00616893, -0.21914194, -0.24535404, -0.43880621, -0.30271511,
       -0.14126572,  0.00218408,  0.37731325,  0.02560171,  0.41714889,
        0.39506749,  0.44056547, -0.14614337, -0.09310168,  0.07297754,
        0.17720231, -0.44974275, -0.15345268, -0.18535705, -0.1599988 ,
       -0.01179986]) 

Generation: 410 
 - Generation Avg Fit: 175.51471998102178 
 - Best Fitness: 319.99687412257737
 - Best Solution: array([ 0.19001401, -0.13636796,  0.31470746,  0.50240482,  0.2490569 ,
       -0.09159409,  0.33539208, -0.32759471, -0.14199308,  0.2747274 ,
        0.46622181, -0.22808053, -0.31336721, -0.49631906, -0.05468277,
       -0.00616893, -0.21914194, -0.24535404, -0.43880621, -0.30271511,
       -0.14126572,  0.00218408,  0.37731325,  0.02560171,  0.41714889,
        0.39506749,  0.44056547, -0.14614337, -0.09310168,  0.07297754,
        0.17720231, -0.44974275, -0.15345268, -0.18535705, -0.1599988 ,
       -0.01179986]) 

Generation: 411 
 - Generation Avg Fit: 179.2851182513706 
 - Best Fitness: 319.99687412257737
 - Best Solution: array([ 0.19001401, -0.13636796,  0.31470746,  0.50240482,  0.2490569 ,
       -0.09159409,  0.33539208, -0.32759471, -0.14199308,  0.2747274 ,
        0.46622181, -0.22808053, -0.31336721, -0.49631906, -0.05468277,
       -0.00616893, -0.21914194, -0.24535404, -0.43880621, -0.30271511,
       -0.14126572,  0.00218408,  0.37731325,  0.02560171,  0.41714889,
        0.39506749,  0.44056547, -0.14614337, -0.09310168,  0.07297754,
        0.17720231, -0.44974275, -0.15345268, -0.18535705, -0.1599988 ,
       -0.01179986]) 

Generation: 412 
 - Generation Avg Fit: 182.9513307572344 
 - Best Fitness: 319.99687412257737
 - Best Solution: array([ 0.19001401, -0.13636796,  0.31470746,  0.50240482,  0.2490569 ,
       -0.09159409,  0.33539208, -0.32759471, -0.14199308,  0.2747274 ,
        0.46622181, -0.22808053, -0.31336721, -0.49631906, -0.05468277,
       -0.00616893, -0.21914194, -0.24535404, -0.43880621, -0.30271511,
       -0.14126572,  0.00218408,  0.37731325,  0.02560171,  0.41714889,
        0.39506749,  0.44056547, -0.14614337, -0.09310168,  0.07297754,
        0.17720231, -0.44974275, -0.15345268, -0.18535705, -0.1599988 ,
       -0.01179986]) 

Generation: 413 
 - Generation Avg Fit: 184.43498659839423 
 - Best Fitness: 319.99687412257737
 - Best Solution: array([ 0.19001401, -0.13636796,  0.31470746,  0.50240482,  0.2490569 ,
       -0.09159409,  0.33539208, -0.32759471, -0.14199308,  0.2747274 ,
        0.46622181, -0.22808053, -0.31336721, -0.49631906, -0.05468277,
       -0.00616893, -0.21914194, -0.24535404, -0.43880621, -0.30271511,
       -0.14126572,  0.00218408,  0.37731325,  0.02560171,  0.41714889,
        0.39506749,  0.44056547, -0.14614337, -0.09310168,  0.07297754,
        0.17720231, -0.44974275, -0.15345268, -0.18535705, -0.1599988 ,
       -0.01179986]) 

Generation: 414 
 - Generation Avg Fit: 168.9097459342695 
 - Best Fitness: 319.99687412257737
 - Best Solution: array([ 0.19001401, -0.13636796,  0.31470746,  0.50240482,  0.2490569 ,
       -0.09159409,  0.33539208, -0.32759471, -0.14199308,  0.2747274 ,
        0.46622181, -0.22808053, -0.31336721, -0.49631906, -0.05468277,
       -0.00616893, -0.21914194, -0.24535404, -0.43880621, -0.30271511,
       -0.14126572,  0.00218408,  0.37731325,  0.02560171,  0.41714889,
        0.39506749,  0.44056547, -0.14614337, -0.09310168,  0.07297754,
        0.17720231, -0.44974275, -0.15345268, -0.18535705, -0.1599988 ,
       -0.01179986]) 

Generation: 415 
 - Generation Avg Fit: 172.41948497396388 
 - Best Fitness: 319.99687412257737
 - Best Solution: array([ 0.19001401, -0.13636796,  0.31470746,  0.50240482,  0.2490569 ,
       -0.09159409,  0.33539208, -0.32759471, -0.14199308,  0.2747274 ,
        0.46622181, -0.22808053, -0.31336721, -0.49631906, -0.05468277,
       -0.00616893, -0.21914194, -0.24535404, -0.43880621, -0.30271511,
       -0.14126572,  0.00218408,  0.37731325,  0.02560171,  0.41714889,
        0.39506749,  0.44056547, -0.14614337, -0.09310168,  0.07297754,
        0.17720231, -0.44974275, -0.15345268, -0.18535705, -0.1599988 ,
       -0.01179986]) 

Generation: 416 
 - Generation Avg Fit: 177.92031933394617 
 - Best Fitness: 319.99687412257737
 - Best Solution: array([ 0.19001401, -0.13636796,  0.31470746,  0.50240482,  0.2490569 ,
       -0.09159409,  0.33539208, -0.32759471, -0.14199308,  0.2747274 ,
        0.46622181, -0.22808053, -0.31336721, -0.49631906, -0.05468277,
       -0.00616893, -0.21914194, -0.24535404, -0.43880621, -0.30271511,
       -0.14126572,  0.00218408,  0.37731325,  0.02560171,  0.41714889,
        0.39506749,  0.44056547, -0.14614337, -0.09310168,  0.07297754,
        0.17720231, -0.44974275, -0.15345268, -0.18535705, -0.1599988 ,
       -0.01179986]) 

Generation: 417 
 - Generation Avg Fit: 185.06072881774963 
 - Best Fitness: 319.99687412257737
 - Best Solution: array([ 0.19001401, -0.13636796,  0.31470746,  0.50240482,  0.2490569 ,
       -0.09159409,  0.33539208, -0.32759471, -0.14199308,  0.2747274 ,
        0.46622181, -0.22808053, -0.31336721, -0.49631906, -0.05468277,
       -0.00616893, -0.21914194, -0.24535404, -0.43880621, -0.30271511,
       -0.14126572,  0.00218408,  0.37731325,  0.02560171,  0.41714889,
        0.39506749,  0.44056547, -0.14614337, -0.09310168,  0.07297754,
        0.17720231, -0.44974275, -0.15345268, -0.18535705, -0.1599988 ,
       -0.01179986]) 

Generation: 418 
 - Generation Avg Fit: 183.89910627280747 
 - Best Fitness: 319.99687412257737
 - Best Solution: array([ 0.19001401, -0.13636796,  0.31470746,  0.50240482,  0.2490569 ,
       -0.09159409,  0.33539208, -0.32759471, -0.14199308,  0.2747274 ,
        0.46622181, -0.22808053, -0.31336721, -0.49631906, -0.05468277,
       -0.00616893, -0.21914194, -0.24535404, -0.43880621, -0.30271511,
       -0.14126572,  0.00218408,  0.37731325,  0.02560171,  0.41714889,
        0.39506749,  0.44056547, -0.14614337, -0.09310168,  0.07297754,
        0.17720231, -0.44974275, -0.15345268, -0.18535705, -0.1599988 ,
       -0.01179986]) 

Generation: 419 
 - Generation Avg Fit: 178.52982945210658 
 - Best Fitness: 319.99687412257737
 - Best Solution: array([ 0.19001401, -0.13636796,  0.31470746,  0.50240482,  0.2490569 ,
       -0.09159409,  0.33539208, -0.32759471, -0.14199308,  0.2747274 ,
        0.46622181, -0.22808053, -0.31336721, -0.49631906, -0.05468277,
       -0.00616893, -0.21914194, -0.24535404, -0.43880621, -0.30271511,
       -0.14126572,  0.00218408,  0.37731325,  0.02560171,  0.41714889,
        0.39506749,  0.44056547, -0.14614337, -0.09310168,  0.07297754,
        0.17720231, -0.44974275, -0.15345268, -0.18535705, -0.1599988 ,
       -0.01179986]) 

Generation: 420 
 - Generation Avg Fit: 185.96004873046127 
 - Best Fitness: 319.99687412257737
 - Best Solution: array([ 0.19001401, -0.13636796,  0.31470746,  0.50240482,  0.2490569 ,
       -0.09159409,  0.33539208, -0.32759471, -0.14199308,  0.2747274 ,
        0.46622181, -0.22808053, -0.31336721, -0.49631906, -0.05468277,
       -0.00616893, -0.21914194, -0.24535404, -0.43880621, -0.30271511,
       -0.14126572,  0.00218408,  0.37731325,  0.02560171,  0.41714889,
        0.39506749,  0.44056547, -0.14614337, -0.09310168,  0.07297754,
        0.17720231, -0.44974275, -0.15345268, -0.18535705, -0.1599988 ,
       -0.01179986]) 

Generation: 421 
 - Generation Avg Fit: 174.34559777161923 
 - Best Fitness: 319.99687412257737
 - Best Solution: array([ 0.19001401, -0.13636796,  0.31470746,  0.50240482,  0.2490569 ,
       -0.09159409,  0.33539208, -0.32759471, -0.14199308,  0.2747274 ,
        0.46622181, -0.22808053, -0.31336721, -0.49631906, -0.05468277,
       -0.00616893, -0.21914194, -0.24535404, -0.43880621, -0.30271511,
       -0.14126572,  0.00218408,  0.37731325,  0.02560171,  0.41714889,
        0.39506749,  0.44056547, -0.14614337, -0.09310168,  0.07297754,
        0.17720231, -0.44974275, -0.15345268, -0.18535705, -0.1599988 ,
       -0.01179986]) 

Generation: 422 
 - Generation Avg Fit: 181.5130204536295 
 - Best Fitness: 319.99687412257737
 - Best Solution: array([ 0.19001401, -0.13636796,  0.31470746,  0.50240482,  0.2490569 ,
       -0.09159409,  0.33539208, -0.32759471, -0.14199308,  0.2747274 ,
        0.46622181, -0.22808053, -0.31336721, -0.49631906, -0.05468277,
       -0.00616893, -0.21914194, -0.24535404, -0.43880621, -0.30271511,
       -0.14126572,  0.00218408,  0.37731325,  0.02560171,  0.41714889,
        0.39506749,  0.44056547, -0.14614337, -0.09310168,  0.07297754,
        0.17720231, -0.44974275, -0.15345268, -0.18535705, -0.1599988 ,
       -0.01179986]) 

Generation: 423 
 - Generation Avg Fit: 171.09138428786312 
 - Best Fitness: 319.99687412257737
 - Best Solution: array([ 0.19001401, -0.13636796,  0.31470746,  0.50240482,  0.2490569 ,
       -0.09159409,  0.33539208, -0.32759471, -0.14199308,  0.2747274 ,
        0.46622181, -0.22808053, -0.31336721, -0.49631906, -0.05468277,
       -0.00616893, -0.21914194, -0.24535404, -0.43880621, -0.30271511,
       -0.14126572,  0.00218408,  0.37731325,  0.02560171,  0.41714889,
        0.39506749,  0.44056547, -0.14614337, -0.09310168,  0.07297754,
        0.17720231, -0.44974275, -0.15345268, -0.18535705, -0.1599988 ,
       -0.01179986]) 

Generation: 424 
 - Generation Avg Fit: 168.69098720723406 
 - Best Fitness: 319.99687412257737
 - Best Solution: array([ 0.19001401, -0.13636796,  0.31470746,  0.50240482,  0.2490569 ,
       -0.09159409,  0.33539208, -0.32759471, -0.14199308,  0.2747274 ,
        0.46622181, -0.22808053, -0.31336721, -0.49631906, -0.05468277,
       -0.00616893, -0.21914194, -0.24535404, -0.43880621, -0.30271511,
       -0.14126572,  0.00218408,  0.37731325,  0.02560171,  0.41714889,
        0.39506749,  0.44056547, -0.14614337, -0.09310168,  0.07297754,
        0.17720231, -0.44974275, -0.15345268, -0.18535705, -0.1599988 ,
       -0.01179986]) 

Generation: 425 
 - Generation Avg Fit: 176.5188355936296 
 - Best Fitness: 319.99687412257737
 - Best Solution: array([ 0.19001401, -0.13636796,  0.31470746,  0.50240482,  0.2490569 ,
       -0.09159409,  0.33539208, -0.32759471, -0.14199308,  0.2747274 ,
        0.46622181, -0.22808053, -0.31336721, -0.49631906, -0.05468277,
       -0.00616893, -0.21914194, -0.24535404, -0.43880621, -0.30271511,
       -0.14126572,  0.00218408,  0.37731325,  0.02560171,  0.41714889,
        0.39506749,  0.44056547, -0.14614337, -0.09310168,  0.07297754,
        0.17720231, -0.44974275, -0.15345268, -0.18535705, -0.1599988 ,
       -0.01179986]) 

Generation: 426 
 - Generation Avg Fit: 178.91097203221776 
 - Best Fitness: 319.99687412257737
 - Best Solution: array([ 0.19001401, -0.13636796,  0.31470746,  0.50240482,  0.2490569 ,
       -0.09159409,  0.33539208, -0.32759471, -0.14199308,  0.2747274 ,
        0.46622181, -0.22808053, -0.31336721, -0.49631906, -0.05468277,
       -0.00616893, -0.21914194, -0.24535404, -0.43880621, -0.30271511,
       -0.14126572,  0.00218408,  0.37731325,  0.02560171,  0.41714889,
        0.39506749,  0.44056547, -0.14614337, -0.09310168,  0.07297754,
        0.17720231, -0.44974275, -0.15345268, -0.18535705, -0.1599988 ,
       -0.01179986]) 

Generation: 427 
 - Generation Avg Fit: 174.948861111493 
 - Best Fitness: 319.99687412257737
 - Best Solution: array([ 0.19001401, -0.13636796,  0.31470746,  0.50240482,  0.2490569 ,
       -0.09159409,  0.33539208, -0.32759471, -0.14199308,  0.2747274 ,
        0.46622181, -0.22808053, -0.31336721, -0.49631906, -0.05468277,
       -0.00616893, -0.21914194, -0.24535404, -0.43880621, -0.30271511,
       -0.14126572,  0.00218408,  0.37731325,  0.02560171,  0.41714889,
        0.39506749,  0.44056547, -0.14614337, -0.09310168,  0.07297754,
        0.17720231, -0.44974275, -0.15345268, -0.18535705, -0.1599988 ,
       -0.01179986]) 

Generation: 428 
 - Generation Avg Fit: 175.46473794718224 
 - Best Fitness: 319.99687412257737
 - Best Solution: array([ 0.19001401, -0.13636796,  0.31470746,  0.50240482,  0.2490569 ,
       -0.09159409,  0.33539208, -0.32759471, -0.14199308,  0.2747274 ,
        0.46622181, -0.22808053, -0.31336721, -0.49631906, -0.05468277,
       -0.00616893, -0.21914194, -0.24535404, -0.43880621, -0.30271511,
       -0.14126572,  0.00218408,  0.37731325,  0.02560171,  0.41714889,
        0.39506749,  0.44056547, -0.14614337, -0.09310168,  0.07297754,
        0.17720231, -0.44974275, -0.15345268, -0.18535705, -0.1599988 ,
       -0.01179986]) 

Generation: 429 
 - Generation Avg Fit: 182.11180849105688 
 - Best Fitness: 319.99687412257737
 - Best Solution: array([ 0.19001401, -0.13636796,  0.31470746,  0.50240482,  0.2490569 ,
       -0.09159409,  0.33539208, -0.32759471, -0.14199308,  0.2747274 ,
        0.46622181, -0.22808053, -0.31336721, -0.49631906, -0.05468277,
       -0.00616893, -0.21914194, -0.24535404, -0.43880621, -0.30271511,
       -0.14126572,  0.00218408,  0.37731325,  0.02560171,  0.41714889,
        0.39506749,  0.44056547, -0.14614337, -0.09310168,  0.07297754,
        0.17720231, -0.44974275, -0.15345268, -0.18535705, -0.1599988 ,
       -0.01179986]) 

Generation: 430 
 - Generation Avg Fit: 181.4683522964795 
 - Best Fitness: 319.99687412257737
 - Best Solution: array([ 0.19001401, -0.13636796,  0.31470746,  0.50240482,  0.2490569 ,
       -0.09159409,  0.33539208, -0.32759471, -0.14199308,  0.2747274 ,
        0.46622181, -0.22808053, -0.31336721, -0.49631906, -0.05468277,
       -0.00616893, -0.21914194, -0.24535404, -0.43880621, -0.30271511,
       -0.14126572,  0.00218408,  0.37731325,  0.02560171,  0.41714889,
        0.39506749,  0.44056547, -0.14614337, -0.09310168,  0.07297754,
        0.17720231, -0.44974275, -0.15345268, -0.18535705, -0.1599988 ,
       -0.01179986]) 

Generation: 431 
 - Generation Avg Fit: 173.44213784998144 
 - Best Fitness: 319.99687412257737
 - Best Solution: array([ 0.19001401, -0.13636796,  0.31470746,  0.50240482,  0.2490569 ,
       -0.09159409,  0.33539208, -0.32759471, -0.14199308,  0.2747274 ,
        0.46622181, -0.22808053, -0.31336721, -0.49631906, -0.05468277,
       -0.00616893, -0.21914194, -0.24535404, -0.43880621, -0.30271511,
       -0.14126572,  0.00218408,  0.37731325,  0.02560171,  0.41714889,
        0.39506749,  0.44056547, -0.14614337, -0.09310168,  0.07297754,
        0.17720231, -0.44974275, -0.15345268, -0.18535705, -0.1599988 ,
       -0.01179986]) 

Generation: 432 
 - Generation Avg Fit: 170.04735859313521 
 - Best Fitness: 319.99687412257737
 - Best Solution: array([ 0.19001401, -0.13636796,  0.31470746,  0.50240482,  0.2490569 ,
       -0.09159409,  0.33539208, -0.32759471, -0.14199308,  0.2747274 ,
        0.46622181, -0.22808053, -0.31336721, -0.49631906, -0.05468277,
       -0.00616893, -0.21914194, -0.24535404, -0.43880621, -0.30271511,
       -0.14126572,  0.00218408,  0.37731325,  0.02560171,  0.41714889,
        0.39506749,  0.44056547, -0.14614337, -0.09310168,  0.07297754,
        0.17720231, -0.44974275, -0.15345268, -0.18535705, -0.1599988 ,
       -0.01179986]) 

Generation: 433 
 - Generation Avg Fit: 179.29436883062306 
 - Best Fitness: 319.99687412257737
 - Best Solution: array([ 0.19001401, -0.13636796,  0.31470746,  0.50240482,  0.2490569 ,
       -0.09159409,  0.33539208, -0.32759471, -0.14199308,  0.2747274 ,
        0.46622181, -0.22808053, -0.31336721, -0.49631906, -0.05468277,
       -0.00616893, -0.21914194, -0.24535404, -0.43880621, -0.30271511,
       -0.14126572,  0.00218408,  0.37731325,  0.02560171,  0.41714889,
        0.39506749,  0.44056547, -0.14614337, -0.09310168,  0.07297754,
        0.17720231, -0.44974275, -0.15345268, -0.18535705, -0.1599988 ,
       -0.01179986]) 

Generation: 434 
 - Generation Avg Fit: 178.09728977134276 
 - Best Fitness: 319.99687412257737
 - Best Solution: array([ 0.19001401, -0.13636796,  0.31470746,  0.50240482,  0.2490569 ,
       -0.09159409,  0.33539208, -0.32759471, -0.14199308,  0.2747274 ,
        0.46622181, -0.22808053, -0.31336721, -0.49631906, -0.05468277,
       -0.00616893, -0.21914194, -0.24535404, -0.43880621, -0.30271511,
       -0.14126572,  0.00218408,  0.37731325,  0.02560171,  0.41714889,
        0.39506749,  0.44056547, -0.14614337, -0.09310168,  0.07297754,
        0.17720231, -0.44974275, -0.15345268, -0.18535705, -0.1599988 ,
       -0.01179986]) 

Generation: 435 
 - Generation Avg Fit: 169.9901636492202 
 - Best Fitness: 319.99687412257737
 - Best Solution: array([ 0.19001401, -0.13636796,  0.31470746,  0.50240482,  0.2490569 ,
       -0.09159409,  0.33539208, -0.32759471, -0.14199308,  0.2747274 ,
        0.46622181, -0.22808053, -0.31336721, -0.49631906, -0.05468277,
       -0.00616893, -0.21914194, -0.24535404, -0.43880621, -0.30271511,
       -0.14126572,  0.00218408,  0.37731325,  0.02560171,  0.41714889,
        0.39506749,  0.44056547, -0.14614337, -0.09310168,  0.07297754,
        0.17720231, -0.44974275, -0.15345268, -0.18535705, -0.1599988 ,
       -0.01179986]) 

Generation: 436 
 - Generation Avg Fit: 178.9369989200139 
 - Best Fitness: 319.99687412257737
 - Best Solution: array([ 0.19001401, -0.13636796,  0.31470746,  0.50240482,  0.2490569 ,
       -0.09159409,  0.33539208, -0.32759471, -0.14199308,  0.2747274 ,
        0.46622181, -0.22808053, -0.31336721, -0.49631906, -0.05468277,
       -0.00616893, -0.21914194, -0.24535404, -0.43880621, -0.30271511,
       -0.14126572,  0.00218408,  0.37731325,  0.02560171,  0.41714889,
        0.39506749,  0.44056547, -0.14614337, -0.09310168,  0.07297754,
        0.17720231, -0.44974275, -0.15345268, -0.18535705, -0.1599988 ,
       -0.01179986]) 

Generation: 437 
 - Generation Avg Fit: 176.73842594310022 
 - Best Fitness: 319.99687412257737
 - Best Solution: array([ 0.19001401, -0.13636796,  0.31470746,  0.50240482,  0.2490569 ,
       -0.09159409,  0.33539208, -0.32759471, -0.14199308,  0.2747274 ,
        0.46622181, -0.22808053, -0.31336721, -0.49631906, -0.05468277,
       -0.00616893, -0.21914194, -0.24535404, -0.43880621, -0.30271511,
       -0.14126572,  0.00218408,  0.37731325,  0.02560171,  0.41714889,
        0.39506749,  0.44056547, -0.14614337, -0.09310168,  0.07297754,
        0.17720231, -0.44974275, -0.15345268, -0.18535705, -0.1599988 ,
       -0.01179986]) 

Generation: 438 
 - Generation Avg Fit: 184.00285783612367 
 - Best Fitness: 319.99687412257737
 - Best Solution: array([ 0.19001401, -0.13636796,  0.31470746,  0.50240482,  0.2490569 ,
       -0.09159409,  0.33539208, -0.32759471, -0.14199308,  0.2747274 ,
        0.46622181, -0.22808053, -0.31336721, -0.49631906, -0.05468277,
       -0.00616893, -0.21914194, -0.24535404, -0.43880621, -0.30271511,
       -0.14126572,  0.00218408,  0.37731325,  0.02560171,  0.41714889,
        0.39506749,  0.44056547, -0.14614337, -0.09310168,  0.07297754,
        0.17720231, -0.44974275, -0.15345268, -0.18535705, -0.1599988 ,
       -0.01179986]) 

Generation: 439 
 - Generation Avg Fit: 181.72990473669492 
 - Best Fitness: 319.99687412257737
 - Best Solution: array([ 0.19001401, -0.13636796,  0.31470746,  0.50240482,  0.2490569 ,
       -0.09159409,  0.33539208, -0.32759471, -0.14199308,  0.2747274 ,
        0.46622181, -0.22808053, -0.31336721, -0.49631906, -0.05468277,
       -0.00616893, -0.21914194, -0.24535404, -0.43880621, -0.30271511,
       -0.14126572,  0.00218408,  0.37731325,  0.02560171,  0.41714889,
        0.39506749,  0.44056547, -0.14614337, -0.09310168,  0.07297754,
        0.17720231, -0.44974275, -0.15345268, -0.18535705, -0.1599988 ,
       -0.01179986]) 

Generation: 440 
 - Generation Avg Fit: 183.14329429638212 
 - Best Fitness: 319.99687412257737
 - Best Solution: array([ 0.19001401, -0.13636796,  0.31470746,  0.50240482,  0.2490569 ,
       -0.09159409,  0.33539208, -0.32759471, -0.14199308,  0.2747274 ,
        0.46622181, -0.22808053, -0.31336721, -0.49631906, -0.05468277,
       -0.00616893, -0.21914194, -0.24535404, -0.43880621, -0.30271511,
       -0.14126572,  0.00218408,  0.37731325,  0.02560171,  0.41714889,
        0.39506749,  0.44056547, -0.14614337, -0.09310168,  0.07297754,
        0.17720231, -0.44974275, -0.15345268, -0.18535705, -0.1599988 ,
       -0.01179986]) 

Generation: 441 
 - Generation Avg Fit: 170.0464119799296 
 - Best Fitness: 319.99687412257737
 - Best Solution: array([ 0.19001401, -0.13636796,  0.31470746,  0.50240482,  0.2490569 ,
       -0.09159409,  0.33539208, -0.32759471, -0.14199308,  0.2747274 ,
        0.46622181, -0.22808053, -0.31336721, -0.49631906, -0.05468277,
       -0.00616893, -0.21914194, -0.24535404, -0.43880621, -0.30271511,
       -0.14126572,  0.00218408,  0.37731325,  0.02560171,  0.41714889,
        0.39506749,  0.44056547, -0.14614337, -0.09310168,  0.07297754,
        0.17720231, -0.44974275, -0.15345268, -0.18535705, -0.1599988 ,
       -0.01179986]) 

Generation: 442 
 - Generation Avg Fit: 175.4445629601461 
 - Best Fitness: 319.99687412257737
 - Best Solution: array([ 0.19001401, -0.13636796,  0.31470746,  0.50240482,  0.2490569 ,
       -0.09159409,  0.33539208, -0.32759471, -0.14199308,  0.2747274 ,
        0.46622181, -0.22808053, -0.31336721, -0.49631906, -0.05468277,
       -0.00616893, -0.21914194, -0.24535404, -0.43880621, -0.30271511,
       -0.14126572,  0.00218408,  0.37731325,  0.02560171,  0.41714889,
        0.39506749,  0.44056547, -0.14614337, -0.09310168,  0.07297754,
        0.17720231, -0.44974275, -0.15345268, -0.18535705, -0.1599988 ,
       -0.01179986]) 

Generation: 443 
 - Generation Avg Fit: 180.07122567502546 
 - Best Fitness: 319.99687412257737
 - Best Solution: array([ 0.19001401, -0.13636796,  0.31470746,  0.50240482,  0.2490569 ,
       -0.09159409,  0.33539208, -0.32759471, -0.14199308,  0.2747274 ,
        0.46622181, -0.22808053, -0.31336721, -0.49631906, -0.05468277,
       -0.00616893, -0.21914194, -0.24535404, -0.43880621, -0.30271511,
       -0.14126572,  0.00218408,  0.37731325,  0.02560171,  0.41714889,
        0.39506749,  0.44056547, -0.14614337, -0.09310168,  0.07297754,
        0.17720231, -0.44974275, -0.15345268, -0.18535705, -0.1599988 ,
       -0.01179986]) 

Generation: 444 
 - Generation Avg Fit: 179.61035706085735 
 - Best Fitness: 319.99687412257737
 - Best Solution: array([ 0.19001401, -0.13636796,  0.31470746,  0.50240482,  0.2490569 ,
       -0.09159409,  0.33539208, -0.32759471, -0.14199308,  0.2747274 ,
        0.46622181, -0.22808053, -0.31336721, -0.49631906, -0.05468277,
       -0.00616893, -0.21914194, -0.24535404, -0.43880621, -0.30271511,
       -0.14126572,  0.00218408,  0.37731325,  0.02560171,  0.41714889,
        0.39506749,  0.44056547, -0.14614337, -0.09310168,  0.07297754,
        0.17720231, -0.44974275, -0.15345268, -0.18535705, -0.1599988 ,
       -0.01179986]) 

Generation: 445 
 - Generation Avg Fit: 182.44672232852812 
 - Best Fitness: 319.99687412257737
 - Best Solution: array([ 0.19001401, -0.13636796,  0.31470746,  0.50240482,  0.2490569 ,
       -0.09159409,  0.33539208, -0.32759471, -0.14199308,  0.2747274 ,
        0.46622181, -0.22808053, -0.31336721, -0.49631906, -0.05468277,
       -0.00616893, -0.21914194, -0.24535404, -0.43880621, -0.30271511,
       -0.14126572,  0.00218408,  0.37731325,  0.02560171,  0.41714889,
        0.39506749,  0.44056547, -0.14614337, -0.09310168,  0.07297754,
        0.17720231, -0.44974275, -0.15345268, -0.18535705, -0.1599988 ,
       -0.01179986]) 

Generation: 446 
 - Generation Avg Fit: 178.8874886412765 
 - Best Fitness: 319.99687412257737
 - Best Solution: array([ 0.19001401, -0.13636796,  0.31470746,  0.50240482,  0.2490569 ,
       -0.09159409,  0.33539208, -0.32759471, -0.14199308,  0.2747274 ,
        0.46622181, -0.22808053, -0.31336721, -0.49631906, -0.05468277,
       -0.00616893, -0.21914194, -0.24535404, -0.43880621, -0.30271511,
       -0.14126572,  0.00218408,  0.37731325,  0.02560171,  0.41714889,
        0.39506749,  0.44056547, -0.14614337, -0.09310168,  0.07297754,
        0.17720231, -0.44974275, -0.15345268, -0.18535705, -0.1599988 ,
       -0.01179986]) 

Generation: 447 
 - Generation Avg Fit: 180.33947938354402 
 - Best Fitness: 319.99687412257737
 - Best Solution: array([ 0.19001401, -0.13636796,  0.31470746,  0.50240482,  0.2490569 ,
       -0.09159409,  0.33539208, -0.32759471, -0.14199308,  0.2747274 ,
        0.46622181, -0.22808053, -0.31336721, -0.49631906, -0.05468277,
       -0.00616893, -0.21914194, -0.24535404, -0.43880621, -0.30271511,
       -0.14126572,  0.00218408,  0.37731325,  0.02560171,  0.41714889,
        0.39506749,  0.44056547, -0.14614337, -0.09310168,  0.07297754,
        0.17720231, -0.44974275, -0.15345268, -0.18535705, -0.1599988 ,
       -0.01179986]) 

Generation: 448 
 - Generation Avg Fit: 183.17678099809538 
 - Best Fitness: 319.99687412257737
 - Best Solution: array([ 0.19001401, -0.13636796,  0.31470746,  0.50240482,  0.2490569 ,
       -0.09159409,  0.33539208, -0.32759471, -0.14199308,  0.2747274 ,
        0.46622181, -0.22808053, -0.31336721, -0.49631906, -0.05468277,
       -0.00616893, -0.21914194, -0.24535404, -0.43880621, -0.30271511,
       -0.14126572,  0.00218408,  0.37731325,  0.02560171,  0.41714889,
        0.39506749,  0.44056547, -0.14614337, -0.09310168,  0.07297754,
        0.17720231, -0.44974275, -0.15345268, -0.18535705, -0.1599988 ,
       -0.01179986]) 

Generation: 449 
 - Generation Avg Fit: 179.1897183942213 
 - Best Fitness: 319.99687412257737
 - Best Solution: array([ 0.19001401, -0.13636796,  0.31470746,  0.50240482,  0.2490569 ,
       -0.09159409,  0.33539208, -0.32759471, -0.14199308,  0.2747274 ,
        0.46622181, -0.22808053, -0.31336721, -0.49631906, -0.05468277,
       -0.00616893, -0.21914194, -0.24535404, -0.43880621, -0.30271511,
       -0.14126572,  0.00218408,  0.37731325,  0.02560171,  0.41714889,
        0.39506749,  0.44056547, -0.14614337, -0.09310168,  0.07297754,
        0.17720231, -0.44974275, -0.15345268, -0.18535705, -0.1599988 ,
       -0.01179986]) 

Generation: 450 
 - Generation Avg Fit: 182.75312801237888 
 - Best Fitness: 319.99687412257737
 - Best Solution: array([ 0.19001401, -0.13636796,  0.31470746,  0.50240482,  0.2490569 ,
       -0.09159409,  0.33539208, -0.32759471, -0.14199308,  0.2747274 ,
        0.46622181, -0.22808053, -0.31336721, -0.49631906, -0.05468277,
       -0.00616893, -0.21914194, -0.24535404, -0.43880621, -0.30271511,
       -0.14126572,  0.00218408,  0.37731325,  0.02560171,  0.41714889,
        0.39506749,  0.44056547, -0.14614337, -0.09310168,  0.07297754,
        0.17720231, -0.44974275, -0.15345268, -0.18535705, -0.1599988 ,
       -0.01179986]) 

Generation: 451 
 - Generation Avg Fit: 182.67104451759118 
 - Best Fitness: 319.99687412257737
 - Best Solution: array([ 0.19001401, -0.13636796,  0.31470746,  0.50240482,  0.2490569 ,
       -0.09159409,  0.33539208, -0.32759471, -0.14199308,  0.2747274 ,
        0.46622181, -0.22808053, -0.31336721, -0.49631906, -0.05468277,
       -0.00616893, -0.21914194, -0.24535404, -0.43880621, -0.30271511,
       -0.14126572,  0.00218408,  0.37731325,  0.02560171,  0.41714889,
        0.39506749,  0.44056547, -0.14614337, -0.09310168,  0.07297754,
        0.17720231, -0.44974275, -0.15345268, -0.18535705, -0.1599988 ,
       -0.01179986]) 

Generation: 452 
 - Generation Avg Fit: 179.91293930348016 
 - Best Fitness: 319.99687412257737
 - Best Solution: array([ 0.19001401, -0.13636796,  0.31470746,  0.50240482,  0.2490569 ,
       -0.09159409,  0.33539208, -0.32759471, -0.14199308,  0.2747274 ,
        0.46622181, -0.22808053, -0.31336721, -0.49631906, -0.05468277,
       -0.00616893, -0.21914194, -0.24535404, -0.43880621, -0.30271511,
       -0.14126572,  0.00218408,  0.37731325,  0.02560171,  0.41714889,
        0.39506749,  0.44056547, -0.14614337, -0.09310168,  0.07297754,
        0.17720231, -0.44974275, -0.15345268, -0.18535705, -0.1599988 ,
       -0.01179986]) 

Generation: 453 
 - Generation Avg Fit: 171.14156126503235 
 - Best Fitness: 319.99687412257737
 - Best Solution: array([ 0.19001401, -0.13636796,  0.31470746,  0.50240482,  0.2490569 ,
       -0.09159409,  0.33539208, -0.32759471, -0.14199308,  0.2747274 ,
        0.46622181, -0.22808053, -0.31336721, -0.49631906, -0.05468277,
       -0.00616893, -0.21914194, -0.24535404, -0.43880621, -0.30271511,
       -0.14126572,  0.00218408,  0.37731325,  0.02560171,  0.41714889,
        0.39506749,  0.44056547, -0.14614337, -0.09310168,  0.07297754,
        0.17720231, -0.44974275, -0.15345268, -0.18535705, -0.1599988 ,
       -0.01179986]) 

Generation: 454 
 - Generation Avg Fit: 170.27828545821126 
 - Best Fitness: 319.99687412257737
 - Best Solution: array([ 0.19001401, -0.13636796,  0.31470746,  0.50240482,  0.2490569 ,
       -0.09159409,  0.33539208, -0.32759471, -0.14199308,  0.2747274 ,
        0.46622181, -0.22808053, -0.31336721, -0.49631906, -0.05468277,
       -0.00616893, -0.21914194, -0.24535404, -0.43880621, -0.30271511,
       -0.14126572,  0.00218408,  0.37731325,  0.02560171,  0.41714889,
        0.39506749,  0.44056547, -0.14614337, -0.09310168,  0.07297754,
        0.17720231, -0.44974275, -0.15345268, -0.18535705, -0.1599988 ,
       -0.01179986]) 

Generation: 455 
 - Generation Avg Fit: 188.736145227709 
 - Best Fitness: 319.99687412257737
 - Best Solution: array([ 0.19001401, -0.13636796,  0.31470746,  0.50240482,  0.2490569 ,
       -0.09159409,  0.33539208, -0.32759471, -0.14199308,  0.2747274 ,
        0.46622181, -0.22808053, -0.31336721, -0.49631906, -0.05468277,
       -0.00616893, -0.21914194, -0.24535404, -0.43880621, -0.30271511,
       -0.14126572,  0.00218408,  0.37731325,  0.02560171,  0.41714889,
        0.39506749,  0.44056547, -0.14614337, -0.09310168,  0.07297754,
        0.17720231, -0.44974275, -0.15345268, -0.18535705, -0.1599988 ,
       -0.01179986]) 

Generation: 456 
 - Generation Avg Fit: 187.20268031996667 
 - Best Fitness: 319.99687412257737
 - Best Solution: array([ 0.19001401, -0.13636796,  0.31470746,  0.50240482,  0.2490569 ,
       -0.09159409,  0.33539208, -0.32759471, -0.14199308,  0.2747274 ,
        0.46622181, -0.22808053, -0.31336721, -0.49631906, -0.05468277,
       -0.00616893, -0.21914194, -0.24535404, -0.43880621, -0.30271511,
       -0.14126572,  0.00218408,  0.37731325,  0.02560171,  0.41714889,
        0.39506749,  0.44056547, -0.14614337, -0.09310168,  0.07297754,
        0.17720231, -0.44974275, -0.15345268, -0.18535705, -0.1599988 ,
       -0.01179986]) 

Generation: 457 
 - Generation Avg Fit: 184.71910261681157 
 - Best Fitness: 319.99687412257737
 - Best Solution: array([ 0.19001401, -0.13636796,  0.31470746,  0.50240482,  0.2490569 ,
       -0.09159409,  0.33539208, -0.32759471, -0.14199308,  0.2747274 ,
        0.46622181, -0.22808053, -0.31336721, -0.49631906, -0.05468277,
       -0.00616893, -0.21914194, -0.24535404, -0.43880621, -0.30271511,
       -0.14126572,  0.00218408,  0.37731325,  0.02560171,  0.41714889,
        0.39506749,  0.44056547, -0.14614337, -0.09310168,  0.07297754,
        0.17720231, -0.44974275, -0.15345268, -0.18535705, -0.1599988 ,
       -0.01179986]) 

Generation: 458 
 - Generation Avg Fit: 178.2445364113868 
 - Best Fitness: 319.99687412257737
 - Best Solution: array([ 0.19001401, -0.13636796,  0.31470746,  0.50240482,  0.2490569 ,
       -0.09159409,  0.33539208, -0.32759471, -0.14199308,  0.2747274 ,
        0.46622181, -0.22808053, -0.31336721, -0.49631906, -0.05468277,
       -0.00616893, -0.21914194, -0.24535404, -0.43880621, -0.30271511,
       -0.14126572,  0.00218408,  0.37731325,  0.02560171,  0.41714889,
        0.39506749,  0.44056547, -0.14614337, -0.09310168,  0.07297754,
        0.17720231, -0.44974275, -0.15345268, -0.18535705, -0.1599988 ,
       -0.01179986]) 

Generation: 459 
 - Generation Avg Fit: 190.40256260088825 
 - Best Fitness: 319.99687412257737
 - Best Solution: array([ 0.19001401, -0.13636796,  0.31470746,  0.50240482,  0.2490569 ,
       -0.09159409,  0.33539208, -0.32759471, -0.14199308,  0.2747274 ,
        0.46622181, -0.22808053, -0.31336721, -0.49631906, -0.05468277,
       -0.00616893, -0.21914194, -0.24535404, -0.43880621, -0.30271511,
       -0.14126572,  0.00218408,  0.37731325,  0.02560171,  0.41714889,
        0.39506749,  0.44056547, -0.14614337, -0.09310168,  0.07297754,
        0.17720231, -0.44974275, -0.15345268, -0.18535705, -0.1599988 ,
       -0.01179986]) 

Generation: 460 
 - Generation Avg Fit: 175.7294563053169 
 - Best Fitness: 319.99687412257737
 - Best Solution: array([ 0.19001401, -0.13636796,  0.31470746,  0.50240482,  0.2490569 ,
       -0.09159409,  0.33539208, -0.32759471, -0.14199308,  0.2747274 ,
        0.46622181, -0.22808053, -0.31336721, -0.49631906, -0.05468277,
       -0.00616893, -0.21914194, -0.24535404, -0.43880621, -0.30271511,
       -0.14126572,  0.00218408,  0.37731325,  0.02560171,  0.41714889,
        0.39506749,  0.44056547, -0.14614337, -0.09310168,  0.07297754,
        0.17720231, -0.44974275, -0.15345268, -0.18535705, -0.1599988 ,
       -0.01179986]) 

Generation: 461 
 - Generation Avg Fit: 184.01945564035137 
 - Best Fitness: 319.99687412257737
 - Best Solution: array([ 0.19001401, -0.13636796,  0.31470746,  0.50240482,  0.2490569 ,
       -0.09159409,  0.33539208, -0.32759471, -0.14199308,  0.2747274 ,
        0.46622181, -0.22808053, -0.31336721, -0.49631906, -0.05468277,
       -0.00616893, -0.21914194, -0.24535404, -0.43880621, -0.30271511,
       -0.14126572,  0.00218408,  0.37731325,  0.02560171,  0.41714889,
        0.39506749,  0.44056547, -0.14614337, -0.09310168,  0.07297754,
        0.17720231, -0.44974275, -0.15345268, -0.18535705, -0.1599988 ,
       -0.01179986]) 

Generation: 462 
 - Generation Avg Fit: 173.4724450946968 
 - Best Fitness: 319.99687412257737
 - Best Solution: array([ 0.19001401, -0.13636796,  0.31470746,  0.50240482,  0.2490569 ,
       -0.09159409,  0.33539208, -0.32759471, -0.14199308,  0.2747274 ,
        0.46622181, -0.22808053, -0.31336721, -0.49631906, -0.05468277,
       -0.00616893, -0.21914194, -0.24535404, -0.43880621, -0.30271511,
       -0.14126572,  0.00218408,  0.37731325,  0.02560171,  0.41714889,
        0.39506749,  0.44056547, -0.14614337, -0.09310168,  0.07297754,
        0.17720231, -0.44974275, -0.15345268, -0.18535705, -0.1599988 ,
       -0.01179986]) 

Generation: 463 
 - Generation Avg Fit: 181.32280006231275 
 - Best Fitness: 319.99687412257737
 - Best Solution: array([ 0.19001401, -0.13636796,  0.31470746,  0.50240482,  0.2490569 ,
       -0.09159409,  0.33539208, -0.32759471, -0.14199308,  0.2747274 ,
        0.46622181, -0.22808053, -0.31336721, -0.49631906, -0.05468277,
       -0.00616893, -0.21914194, -0.24535404, -0.43880621, -0.30271511,
       -0.14126572,  0.00218408,  0.37731325,  0.02560171,  0.41714889,
        0.39506749,  0.44056547, -0.14614337, -0.09310168,  0.07297754,
        0.17720231, -0.44974275, -0.15345268, -0.18535705, -0.1599988 ,
       -0.01179986]) 

Generation: 464 
 - Generation Avg Fit: 192.85412725319657 
 - Best Fitness: 319.99687412257737
 - Best Solution: array([ 0.19001401, -0.13636796,  0.31470746,  0.50240482,  0.2490569 ,
       -0.09159409,  0.33539208, -0.32759471, -0.14199308,  0.2747274 ,
        0.46622181, -0.22808053, -0.31336721, -0.49631906, -0.05468277,
       -0.00616893, -0.21914194, -0.24535404, -0.43880621, -0.30271511,
       -0.14126572,  0.00218408,  0.37731325,  0.02560171,  0.41714889,
        0.39506749,  0.44056547, -0.14614337, -0.09310168,  0.07297754,
        0.17720231, -0.44974275, -0.15345268, -0.18535705, -0.1599988 ,
       -0.01179986]) 

Generation: 465 
 - Generation Avg Fit: 186.80895420722248 
 - Best Fitness: 319.99687412257737
 - Best Solution: array([ 0.19001401, -0.13636796,  0.31470746,  0.50240482,  0.2490569 ,
       -0.09159409,  0.33539208, -0.32759471, -0.14199308,  0.2747274 ,
        0.46622181, -0.22808053, -0.31336721, -0.49631906, -0.05468277,
       -0.00616893, -0.21914194, -0.24535404, -0.43880621, -0.30271511,
       -0.14126572,  0.00218408,  0.37731325,  0.02560171,  0.41714889,
        0.39506749,  0.44056547, -0.14614337, -0.09310168,  0.07297754,
        0.17720231, -0.44974275, -0.15345268, -0.18535705, -0.1599988 ,
       -0.01179986]) 

Generation: 466 
 - Generation Avg Fit: 174.81422041380603 
 - Best Fitness: 319.99687412257737
 - Best Solution: array([ 0.19001401, -0.13636796,  0.31470746,  0.50240482,  0.2490569 ,
       -0.09159409,  0.33539208, -0.32759471, -0.14199308,  0.2747274 ,
        0.46622181, -0.22808053, -0.31336721, -0.49631906, -0.05468277,
       -0.00616893, -0.21914194, -0.24535404, -0.43880621, -0.30271511,
       -0.14126572,  0.00218408,  0.37731325,  0.02560171,  0.41714889,
        0.39506749,  0.44056547, -0.14614337, -0.09310168,  0.07297754,
        0.17720231, -0.44974275, -0.15345268, -0.18535705, -0.1599988 ,
       -0.01179986]) 

Generation: 467 
 - Generation Avg Fit: 180.20118347814122 
 - Best Fitness: 319.99687412257737
 - Best Solution: array([ 0.19001401, -0.13636796,  0.31470746,  0.50240482,  0.2490569 ,
       -0.09159409,  0.33539208, -0.32759471, -0.14199308,  0.2747274 ,
        0.46622181, -0.22808053, -0.31336721, -0.49631906, -0.05468277,
       -0.00616893, -0.21914194, -0.24535404, -0.43880621, -0.30271511,
       -0.14126572,  0.00218408,  0.37731325,  0.02560171,  0.41714889,
        0.39506749,  0.44056547, -0.14614337, -0.09310168,  0.07297754,
        0.17720231, -0.44974275, -0.15345268, -0.18535705, -0.1599988 ,
       -0.01179986]) 

Generation: 468 
 - Generation Avg Fit: 174.65887768239045 
 - Best Fitness: 319.99687412257737
 - Best Solution: array([ 0.19001401, -0.13636796,  0.31470746,  0.50240482,  0.2490569 ,
       -0.09159409,  0.33539208, -0.32759471, -0.14199308,  0.2747274 ,
        0.46622181, -0.22808053, -0.31336721, -0.49631906, -0.05468277,
       -0.00616893, -0.21914194, -0.24535404, -0.43880621, -0.30271511,
       -0.14126572,  0.00218408,  0.37731325,  0.02560171,  0.41714889,
        0.39506749,  0.44056547, -0.14614337, -0.09310168,  0.07297754,
        0.17720231, -0.44974275, -0.15345268, -0.18535705, -0.1599988 ,
       -0.01179986]) 

Generation: 469 
 - Generation Avg Fit: 177.77019213932007 
 - Best Fitness: 319.99687412257737
 - Best Solution: array([ 0.19001401, -0.13636796,  0.31470746,  0.50240482,  0.2490569 ,
       -0.09159409,  0.33539208, -0.32759471, -0.14199308,  0.2747274 ,
        0.46622181, -0.22808053, -0.31336721, -0.49631906, -0.05468277,
       -0.00616893, -0.21914194, -0.24535404, -0.43880621, -0.30271511,
       -0.14126572,  0.00218408,  0.37731325,  0.02560171,  0.41714889,
        0.39506749,  0.44056547, -0.14614337, -0.09310168,  0.07297754,
        0.17720231, -0.44974275, -0.15345268, -0.18535705, -0.1599988 ,
       -0.01179986]) 

Generation: 470 
 - Generation Avg Fit: 189.51948827369597 
 - Best Fitness: 319.99687412257737
 - Best Solution: array([ 0.19001401, -0.13636796,  0.31470746,  0.50240482,  0.2490569 ,
       -0.09159409,  0.33539208, -0.32759471, -0.14199308,  0.2747274 ,
        0.46622181, -0.22808053, -0.31336721, -0.49631906, -0.05468277,
       -0.00616893, -0.21914194, -0.24535404, -0.43880621, -0.30271511,
       -0.14126572,  0.00218408,  0.37731325,  0.02560171,  0.41714889,
        0.39506749,  0.44056547, -0.14614337, -0.09310168,  0.07297754,
        0.17720231, -0.44974275, -0.15345268, -0.18535705, -0.1599988 ,
       -0.01179986]) 

Generation: 471 
 - Generation Avg Fit: 189.42524222082437 
 - Best Fitness: 319.99687412257737
 - Best Solution: array([ 0.19001401, -0.13636796,  0.31470746,  0.50240482,  0.2490569 ,
       -0.09159409,  0.33539208, -0.32759471, -0.14199308,  0.2747274 ,
        0.46622181, -0.22808053, -0.31336721, -0.49631906, -0.05468277,
       -0.00616893, -0.21914194, -0.24535404, -0.43880621, -0.30271511,
       -0.14126572,  0.00218408,  0.37731325,  0.02560171,  0.41714889,
        0.39506749,  0.44056547, -0.14614337, -0.09310168,  0.07297754,
        0.17720231, -0.44974275, -0.15345268, -0.18535705, -0.1599988 ,
       -0.01179986]) 

Generation: 472 
 - Generation Avg Fit: 179.32215434782978 
 - Best Fitness: 319.99687412257737
 - Best Solution: array([ 0.19001401, -0.13636796,  0.31470746,  0.50240482,  0.2490569 ,
       -0.09159409,  0.33539208, -0.32759471, -0.14199308,  0.2747274 ,
        0.46622181, -0.22808053, -0.31336721, -0.49631906, -0.05468277,
       -0.00616893, -0.21914194, -0.24535404, -0.43880621, -0.30271511,
       -0.14126572,  0.00218408,  0.37731325,  0.02560171,  0.41714889,
        0.39506749,  0.44056547, -0.14614337, -0.09310168,  0.07297754,
        0.17720231, -0.44974275, -0.15345268, -0.18535705, -0.1599988 ,
       -0.01179986]) 

Generation: 473 
 - Generation Avg Fit: 180.89374496819204 
 - Best Fitness: 319.99687412257737
 - Best Solution: array([ 0.19001401, -0.13636796,  0.31470746,  0.50240482,  0.2490569 ,
       -0.09159409,  0.33539208, -0.32759471, -0.14199308,  0.2747274 ,
        0.46622181, -0.22808053, -0.31336721, -0.49631906, -0.05468277,
       -0.00616893, -0.21914194, -0.24535404, -0.43880621, -0.30271511,
       -0.14126572,  0.00218408,  0.37731325,  0.02560171,  0.41714889,
        0.39506749,  0.44056547, -0.14614337, -0.09310168,  0.07297754,
        0.17720231, -0.44974275, -0.15345268, -0.18535705, -0.1599988 ,
       -0.01179986]) 

Generation: 474 
 - Generation Avg Fit: 184.1632297872871 
 - Best Fitness: 319.99687412257737
 - Best Solution: array([ 0.19001401, -0.13636796,  0.31470746,  0.50240482,  0.2490569 ,
       -0.09159409,  0.33539208, -0.32759471, -0.14199308,  0.2747274 ,
        0.46622181, -0.22808053, -0.31336721, -0.49631906, -0.05468277,
       -0.00616893, -0.21914194, -0.24535404, -0.43880621, -0.30271511,
       -0.14126572,  0.00218408,  0.37731325,  0.02560171,  0.41714889,
        0.39506749,  0.44056547, -0.14614337, -0.09310168,  0.07297754,
        0.17720231, -0.44974275, -0.15345268, -0.18535705, -0.1599988 ,
       -0.01179986]) 

Generation: 475 
 - Generation Avg Fit: 179.16229087275744 
 - Best Fitness: 326.79407719684764
 - Best Solution: array([-0.0089698 , -0.38486914,  0.31470746,  0.50777126,  0.2490569 ,
        0.39905261, -0.00909371, -0.44096139, -0.14199308,  0.22100771,
       -0.02697066, -0.22808053, -0.31336721, -0.49631906, -0.05468277,
       -0.19584876, -0.32365507, -0.24249415,  0.19469805, -0.29475561,
       -0.14126572, -0.2516953 ,  0.36780514,  0.42826118,  0.42239335,
       -0.22812981,  0.44056547, -0.06033186,  0.4142914 ,  0.07297754,
        0.17720231, -0.44974275, -0.17661552, -0.0777811 , -0.07977143,
       -0.01548857]) 

Generation: 476 
 - Generation Avg Fit: 181.11402075163306 
 - Best Fitness: 326.79407719684764
 - Best Solution: array([ 0.19001401, -0.13636796,  0.31470746,  0.50240482,  0.2490569 ,
       -0.09159409,  0.33539208, -0.32759471, -0.14199308,  0.2747274 ,
        0.46622181, -0.22808053, -0.31336721, -0.49631906, -0.05468277,
       -0.00616893, -0.21914194, -0.24535404, -0.43880621, -0.30271511,
       -0.14126572,  0.00218408,  0.37731325,  0.02560171,  0.41714889,
        0.39506749,  0.44056547, -0.14614337, -0.09310168,  0.07297754,
        0.17720231, -0.44974275, -0.15345268, -0.18535705, -0.1599988 ,
       -0.01179986]) 

Generation: 477 
 - Generation Avg Fit: 181.14225561641229 
 - Best Fitness: 326.79407719684764
 - Best Solution: array([-0.0089698 , -0.38486914,  0.31470746,  0.50777126,  0.2490569 ,
        0.39905261, -0.00909371, -0.44096139, -0.14199308,  0.22100771,
       -0.02697066, -0.22808053, -0.31336721, -0.49631906, -0.05468277,
       -0.19584876, -0.32365507, -0.24249415,  0.19469805, -0.29475561,
       -0.14126572, -0.2516953 ,  0.36780514,  0.42826118,  0.42239335,
       -0.22812981,  0.44056547, -0.06033186,  0.4142914 ,  0.07297754,
        0.17720231, -0.44974275, -0.17661552, -0.0777811 , -0.07977143,
       -0.01548857]) 

Generation: 478 
 - Generation Avg Fit: 178.83720316656058 
 - Best Fitness: 326.79407719684764
 - Best Solution: array([-0.0089698 , -0.38486914,  0.31470746,  0.50777126,  0.2490569 ,
        0.39905261, -0.00909371, -0.44096139, -0.14199308,  0.22100771,
       -0.02697066, -0.22808053, -0.31336721, -0.49631906, -0.05468277,
       -0.19584876, -0.32365507, -0.24249415,  0.19469805, -0.29475561,
       -0.14126572, -0.2516953 ,  0.36780514,  0.42826118,  0.42239335,
       -0.22812981,  0.44056547, -0.06033186,  0.4142914 ,  0.07297754,
        0.17720231, -0.44974275, -0.17661552, -0.0777811 , -0.07977143,
       -0.01548857]) 

Generation: 479 
 - Generation Avg Fit: 180.434239911743 
 - Best Fitness: 326.79407719684764
 - Best Solution: array([-0.0089698 , -0.38486914,  0.31470746,  0.50777126,  0.2490569 ,
        0.39905261, -0.00909371, -0.44096139, -0.14199308,  0.22100771,
       -0.02697066, -0.22808053, -0.31336721, -0.49631906, -0.05468277,
       -0.19584876, -0.32365507, -0.24249415,  0.19469805, -0.29475561,
       -0.14126572, -0.2516953 ,  0.36780514,  0.42826118,  0.42239335,
       -0.22812981,  0.44056547, -0.06033186,  0.4142914 ,  0.07297754,
        0.17720231, -0.44974275, -0.17661552, -0.0777811 , -0.07977143,
       -0.01548857]) 

Generation: 480 
 - Generation Avg Fit: 178.75129242009453 
 - Best Fitness: 326.79407719684764
 - Best Solution: array([-0.0089698 , -0.38486914,  0.31470746,  0.50777126,  0.2490569 ,
        0.39905261, -0.00909371, -0.44096139, -0.14199308,  0.22100771,
       -0.02697066, -0.22808053, -0.31336721, -0.49631906, -0.05468277,
       -0.19584876, -0.32365507, -0.24249415,  0.19469805, -0.29475561,
       -0.14126572, -0.2516953 ,  0.36780514,  0.42826118,  0.42239335,
       -0.22812981,  0.44056547, -0.06033186,  0.4142914 ,  0.07297754,
        0.17720231, -0.44974275, -0.17661552, -0.0777811 , -0.07977143,
       -0.01548857]) 

Generation: 481 
 - Generation Avg Fit: 183.90349990493 
 - Best Fitness: 326.79407719684764
 - Best Solution: array([-0.0089698 , -0.38486914,  0.31470746,  0.50777126,  0.2490569 ,
        0.39905261, -0.00909371, -0.44096139, -0.14199308,  0.22100771,
       -0.02697066, -0.22808053, -0.31336721, -0.49631906, -0.05468277,
       -0.19584876, -0.32365507, -0.24249415,  0.19469805, -0.29475561,
       -0.14126572, -0.2516953 ,  0.36780514,  0.42826118,  0.42239335,
       -0.22812981,  0.44056547, -0.06033186,  0.4142914 ,  0.07297754,
        0.17720231, -0.44974275, -0.17661552, -0.0777811 , -0.07977143,
       -0.01548857]) 

Generation: 482 
 - Generation Avg Fit: 192.23604695090657 
 - Best Fitness: 326.79407719684764
 - Best Solution: array([-0.0089698 , -0.38486914,  0.31470746,  0.50777126,  0.2490569 ,
        0.39905261, -0.00909371, -0.44096139, -0.14199308,  0.22100771,
       -0.02697066, -0.22808053, -0.31336721, -0.49631906, -0.05468277,
       -0.19584876, -0.32365507, -0.24249415,  0.19469805, -0.29475561,
       -0.14126572, -0.2516953 ,  0.36780514,  0.42826118,  0.42239335,
       -0.22812981,  0.44056547, -0.06033186,  0.4142914 ,  0.07297754,
        0.17720231, -0.44974275, -0.17661552, -0.0777811 , -0.07977143,
       -0.01548857]) 

Generation: 483 
 - Generation Avg Fit: 174.05280496492426 
 - Best Fitness: 326.79407719684764
 - Best Solution: array([-0.0089698 , -0.38486914,  0.31470746,  0.50777126,  0.2490569 ,
        0.39905261, -0.00909371, -0.44096139, -0.14199308,  0.22100771,
       -0.02697066, -0.22808053, -0.31336721, -0.49631906, -0.05468277,
       -0.19584876, -0.32365507, -0.24249415,  0.19469805, -0.29475561,
       -0.14126572, -0.2516953 ,  0.36780514,  0.42826118,  0.42239335,
       -0.22812981,  0.44056547, -0.06033186,  0.4142914 ,  0.07297754,
        0.17720231, -0.44974275, -0.17661552, -0.0777811 , -0.07977143,
       -0.01548857]) 

Generation: 484 
 - Generation Avg Fit: 183.60450007768202 
 - Best Fitness: 326.79407719684764
 - Best Solution: array([-0.0089698 , -0.38486914,  0.31470746,  0.50777126,  0.2490569 ,
        0.39905261, -0.00909371, -0.44096139, -0.14199308,  0.22100771,
       -0.02697066, -0.22808053, -0.31336721, -0.49631906, -0.05468277,
       -0.19584876, -0.32365507, -0.24249415,  0.19469805, -0.29475561,
       -0.14126572, -0.2516953 ,  0.36780514,  0.42826118,  0.42239335,
       -0.22812981,  0.44056547, -0.06033186,  0.4142914 ,  0.07297754,
        0.17720231, -0.44974275, -0.17661552, -0.0777811 , -0.07977143,
       -0.01548857]) 

Generation: 485 
 - Generation Avg Fit: 183.73163354177757 
 - Best Fitness: 326.79407719684764
 - Best Solution: array([-0.0089698 , -0.38486914,  0.31470746,  0.50777126,  0.2490569 ,
        0.39905261, -0.00909371, -0.44096139, -0.14199308,  0.22100771,
       -0.02697066, -0.22808053, -0.31336721, -0.49631906, -0.05468277,
       -0.19584876, -0.32365507, -0.24249415,  0.19469805, -0.29475561,
       -0.14126572, -0.2516953 ,  0.36780514,  0.42826118,  0.42239335,
       -0.22812981,  0.44056547, -0.06033186,  0.4142914 ,  0.07297754,
        0.17720231, -0.44974275, -0.17661552, -0.0777811 , -0.07977143,
       -0.01548857]) 

Generation: 486 
 - Generation Avg Fit: 193.14065827644 
 - Best Fitness: 326.79407719684764
 - Best Solution: array([-0.0089698 , -0.38486914,  0.31470746,  0.50777126,  0.2490569 ,
        0.39905261, -0.00909371, -0.44096139, -0.14199308,  0.22100771,
       -0.02697066, -0.22808053, -0.31336721, -0.49631906, -0.05468277,
       -0.19584876, -0.32365507, -0.24249415,  0.19469805, -0.29475561,
       -0.14126572, -0.2516953 ,  0.36780514,  0.42826118,  0.42239335,
       -0.22812981,  0.44056547, -0.06033186,  0.4142914 ,  0.07297754,
        0.17720231, -0.44974275, -0.17661552, -0.0777811 , -0.07977143,
       -0.01548857]) 

Generation: 487 
 - Generation Avg Fit: 180.00574763787216 
 - Best Fitness: 326.79407719684764
 - Best Solution: array([-0.0089698 , -0.38486914,  0.31470746,  0.50777126,  0.2490569 ,
        0.39905261, -0.00909371, -0.44096139, -0.14199308,  0.22100771,
       -0.02697066, -0.22808053, -0.31336721, -0.49631906, -0.05468277,
       -0.19584876, -0.32365507, -0.24249415,  0.19469805, -0.29475561,
       -0.14126572, -0.2516953 ,  0.36780514,  0.42826118,  0.42239335,
       -0.22812981,  0.44056547, -0.06033186,  0.4142914 ,  0.07297754,
        0.17720231, -0.44974275, -0.17661552, -0.0777811 , -0.07977143,
       -0.01548857]) 

Generation: 488 
 - Generation Avg Fit: 179.1088530151861 
 - Best Fitness: 326.79407719684764
 - Best Solution: array([-0.0089698 , -0.38486914,  0.31470746,  0.50777126,  0.2490569 ,
        0.39905261, -0.00909371, -0.44096139, -0.14199308,  0.22100771,
       -0.02697066, -0.22808053, -0.31336721, -0.49631906, -0.05468277,
       -0.19584876, -0.32365507, -0.24249415,  0.19469805, -0.29475561,
       -0.14126572, -0.2516953 ,  0.36780514,  0.42826118,  0.42239335,
       -0.22812981,  0.44056547, -0.06033186,  0.4142914 ,  0.07297754,
        0.17720231, -0.44974275, -0.17661552, -0.0777811 , -0.07977143,
       -0.01548857]) 

Generation: 489 
 - Generation Avg Fit: 173.61125330234825 
 - Best Fitness: 326.79407719684764
 - Best Solution: array([-0.0089698 , -0.38486914,  0.31470746,  0.50777126,  0.2490569 ,
        0.39905261, -0.00909371, -0.44096139, -0.14199308,  0.22100771,
       -0.02697066, -0.22808053, -0.31336721, -0.49631906, -0.05468277,
       -0.19584876, -0.32365507, -0.24249415,  0.19469805, -0.29475561,
       -0.14126572, -0.2516953 ,  0.36780514,  0.42826118,  0.42239335,
       -0.22812981,  0.44056547, -0.06033186,  0.4142914 ,  0.07297754,
        0.17720231, -0.44974275, -0.17661552, -0.0777811 , -0.07977143,
       -0.01548857]) 

Generation: 490 
 - Generation Avg Fit: 183.35145388996875 
 - Best Fitness: 326.79407719684764
 - Best Solution: array([-0.0089698 , -0.38486914,  0.31470746,  0.50777126,  0.2490569 ,
        0.39905261, -0.00909371, -0.44096139, -0.14199308,  0.22100771,
       -0.02697066, -0.22808053, -0.31336721, -0.49631906, -0.05468277,
       -0.19584876, -0.32365507, -0.24249415,  0.19469805, -0.29475561,
       -0.14126572, -0.2516953 ,  0.36780514,  0.42826118,  0.42239335,
       -0.22812981,  0.44056547, -0.06033186,  0.4142914 ,  0.07297754,
        0.17720231, -0.44974275, -0.17661552, -0.0777811 , -0.07977143,
       -0.01548857]) 

Generation: 491 
 - Generation Avg Fit: 186.35909314791354 
 - Best Fitness: 326.79407719684764
 - Best Solution: array([-0.0089698 , -0.38486914,  0.31470746,  0.50777126,  0.2490569 ,
        0.39905261, -0.00909371, -0.44096139, -0.14199308,  0.22100771,
       -0.02697066, -0.22808053, -0.31336721, -0.49631906, -0.05468277,
       -0.19584876, -0.32365507, -0.24249415,  0.19469805, -0.29475561,
       -0.14126572, -0.2516953 ,  0.36780514,  0.42826118,  0.42239335,
       -0.22812981,  0.44056547, -0.06033186,  0.4142914 ,  0.07297754,
        0.17720231, -0.44974275, -0.17661552, -0.0777811 , -0.07977143,
       -0.01548857]) 

Generation: 492 
 - Generation Avg Fit: 186.65596988032178 
 - Best Fitness: 326.79407719684764
 - Best Solution: array([-0.0089698 , -0.38486914,  0.31470746,  0.50777126,  0.2490569 ,
        0.39905261, -0.00909371, -0.44096139, -0.14199308,  0.22100771,
       -0.02697066, -0.22808053, -0.31336721, -0.49631906, -0.05468277,
       -0.19584876, -0.32365507, -0.24249415,  0.19469805, -0.29475561,
       -0.14126572, -0.2516953 ,  0.36780514,  0.42826118,  0.42239335,
       -0.22812981,  0.44056547, -0.06033186,  0.4142914 ,  0.07297754,
        0.17720231, -0.44974275, -0.17661552, -0.0777811 , -0.07977143,
       -0.01548857]) 

Generation: 493 
 - Generation Avg Fit: 188.0218053648659 
 - Best Fitness: 326.79407719684764
 - Best Solution: array([-0.0089698 , -0.38486914,  0.31470746,  0.50777126,  0.2490569 ,
        0.39905261, -0.00909371, -0.44096139, -0.14199308,  0.22100771,
       -0.02697066, -0.22808053, -0.31336721, -0.49631906, -0.05468277,
       -0.19584876, -0.32365507, -0.24249415,  0.19469805, -0.29475561,
       -0.14126572, -0.2516953 ,  0.36780514,  0.42826118,  0.42239335,
       -0.22812981,  0.44056547, -0.06033186,  0.4142914 ,  0.07297754,
        0.17720231, -0.44974275, -0.17661552, -0.0777811 , -0.07977143,
       -0.01548857]) 

Generation: 494 
 - Generation Avg Fit: 192.95119622279296 
 - Best Fitness: 326.79407719684764
 - Best Solution: array([-0.0089698 , -0.38486914,  0.31470746,  0.50777126,  0.2490569 ,
        0.39905261, -0.00909371, -0.44096139, -0.14199308,  0.22100771,
       -0.02697066, -0.22808053, -0.31336721, -0.49631906, -0.05468277,
       -0.19584876, -0.32365507, -0.24249415,  0.19469805, -0.29475561,
       -0.14126572, -0.2516953 ,  0.36780514,  0.42826118,  0.42239335,
       -0.22812981,  0.44056547, -0.06033186,  0.4142914 ,  0.07297754,
        0.17720231, -0.44974275, -0.17661552, -0.0777811 , -0.07977143,
       -0.01548857]) 

Generation: 495 
 - Generation Avg Fit: 178.97554214775613 
 - Best Fitness: 326.79407719684764
 - Best Solution: array([-0.0089698 , -0.38486914,  0.31470746,  0.50777126,  0.2490569 ,
        0.39905261, -0.00909371, -0.44096139, -0.14199308,  0.22100771,
       -0.02697066, -0.22808053, -0.31336721, -0.49631906, -0.05468277,
       -0.19584876, -0.32365507, -0.24249415,  0.19469805, -0.29475561,
       -0.14126572, -0.2516953 ,  0.36780514,  0.42826118,  0.42239335,
       -0.22812981,  0.44056547, -0.06033186,  0.4142914 ,  0.07297754,
        0.17720231, -0.44974275, -0.17661552, -0.0777811 , -0.07977143,
       -0.01548857]) 

Generation: 496 
 - Generation Avg Fit: 179.23207912511177 
 - Best Fitness: 326.79407719684764
 - Best Solution: array([-0.0089698 , -0.38486914,  0.31470746,  0.50777126,  0.2490569 ,
        0.39905261, -0.00909371, -0.44096139, -0.14199308,  0.22100771,
       -0.02697066, -0.22808053, -0.31336721, -0.49631906, -0.05468277,
       -0.19584876, -0.32365507, -0.24249415,  0.19469805, -0.29475561,
       -0.14126572, -0.2516953 ,  0.36780514,  0.42826118,  0.42239335,
       -0.22812981,  0.44056547, -0.06033186,  0.4142914 ,  0.07297754,
        0.17720231, -0.44974275, -0.17661552, -0.0777811 , -0.07977143,
       -0.01548857]) 

Generation: 497 
 - Generation Avg Fit: 189.69343845746724 
 - Best Fitness: 326.79407719684764
 - Best Solution: array([-0.0089698 , -0.38486914,  0.31470746,  0.50777126,  0.2490569 ,
        0.39905261, -0.00909371, -0.44096139, -0.14199308,  0.22100771,
       -0.02697066, -0.22808053, -0.31336721, -0.49631906, -0.05468277,
       -0.19584876, -0.32365507, -0.24249415,  0.19469805, -0.29475561,
       -0.14126572, -0.2516953 ,  0.36780514,  0.42826118,  0.42239335,
       -0.22812981,  0.44056547, -0.06033186,  0.4142914 ,  0.07297754,
        0.17720231, -0.44974275, -0.17661552, -0.0777811 , -0.07977143,
       -0.01548857]) 

Generation: 498 
 - Generation Avg Fit: 182.72782963286647 
 - Best Fitness: 326.79407719684764
 - Best Solution: array([-0.0089698 , -0.38486914,  0.31470746,  0.50777126,  0.2490569 ,
        0.39905261, -0.00909371, -0.44096139, -0.14199308,  0.22100771,
       -0.02697066, -0.22808053, -0.31336721, -0.49631906, -0.05468277,
       -0.19584876, -0.32365507, -0.24249415,  0.19469805, -0.29475561,
       -0.14126572, -0.2516953 ,  0.36780514,  0.42826118,  0.42239335,
       -0.22812981,  0.44056547, -0.06033186,  0.4142914 ,  0.07297754,
        0.17720231, -0.44974275, -0.17661552, -0.0777811 , -0.07977143,
       -0.01548857]) 

Generation: 499 
 - Generation Avg Fit: 192.04555453287495 
 - Best Fitness: 326.79407719684764
 - Best Solution: array([-0.0089698 , -0.38486914,  0.31470746,  0.50777126,  0.2490569 ,
        0.39905261, -0.00909371, -0.44096139, -0.14199308,  0.22100771,
       -0.02697066, -0.22808053, -0.31336721, -0.49631906, -0.05468277,
       -0.19584876, -0.32365507, -0.24249415,  0.19469805, -0.29475561,
       -0.14126572, -0.2516953 ,  0.36780514,  0.42826118,  0.42239335,
       -0.22812981,  0.44056547, -0.06033186,  0.4142914 ,  0.07297754,
        0.17720231, -0.44974275, -0.17661552, -0.0777811 , -0.07977143,
       -0.01548857]) 

Generation: 500 
 - Generation Avg Fit: 190.4568764932429 
 - Best Fitness: 326.79407719684764
 - Best Solution: array([-0.0089698 , -0.38486914,  0.31470746,  0.50777126,  0.2490569 ,
        0.39905261, -0.00909371, -0.44096139, -0.14199308,  0.22100771,
       -0.02697066, -0.22808053, -0.31336721, -0.49631906, -0.05468277,
       -0.19584876, -0.32365507, -0.24249415,  0.19469805, -0.29475561,
       -0.14126572, -0.2516953 ,  0.36780514,  0.42826118,  0.42239335,
       -0.22812981,  0.44056547, -0.06033186,  0.4142914 ,  0.07297754,
        0.17720231, -0.44974275, -0.17661552, -0.0777811 , -0.07977143,
       -0.01548857]) 

Generation: 501 
 - Generation Avg Fit: 178.11656417274926 
 - Best Fitness: 326.79407719684764
 - Best Solution: array([-0.0089698 , -0.38486914,  0.31470746,  0.50777126,  0.2490569 ,
        0.39905261, -0.00909371, -0.44096139, -0.14199308,  0.22100771,
       -0.02697066, -0.22808053, -0.31336721, -0.49631906, -0.05468277,
       -0.19584876, -0.32365507, -0.24249415,  0.19469805, -0.29475561,
       -0.14126572, -0.2516953 ,  0.36780514,  0.42826118,  0.42239335,
       -0.22812981,  0.44056547, -0.06033186,  0.4142914 ,  0.07297754,
        0.17720231, -0.44974275, -0.17661552, -0.0777811 , -0.07977143,
       -0.01548857]) 

Generation: 502 
 - Generation Avg Fit: 181.01088732256397 
 - Best Fitness: 326.79407719684764
 - Best Solution: array([-0.0089698 , -0.38486914,  0.31470746,  0.50777126,  0.2490569 ,
        0.39905261, -0.00909371, -0.44096139, -0.14199308,  0.22100771,
       -0.02697066, -0.22808053, -0.31336721, -0.49631906, -0.05468277,
       -0.19584876, -0.32365507, -0.24249415,  0.19469805, -0.29475561,
       -0.14126572, -0.2516953 ,  0.36780514,  0.42826118,  0.42239335,
       -0.22812981,  0.44056547, -0.06033186,  0.4142914 ,  0.07297754,
        0.17720231, -0.44974275, -0.17661552, -0.0777811 , -0.07977143,
       -0.01548857]) 

Generation: 503 
 - Generation Avg Fit: 192.41963654243497 
 - Best Fitness: 326.79407719684764
 - Best Solution: array([-0.0089698 , -0.38486914,  0.31470746,  0.50777126,  0.2490569 ,
        0.39905261, -0.00909371, -0.44096139, -0.14199308,  0.22100771,
       -0.02697066, -0.22808053, -0.31336721, -0.49631906, -0.05468277,
       -0.19584876, -0.32365507, -0.24249415,  0.19469805, -0.29475561,
       -0.14126572, -0.2516953 ,  0.36780514,  0.42826118,  0.42239335,
       -0.22812981,  0.44056547, -0.06033186,  0.4142914 ,  0.07297754,
        0.17720231, -0.44974275, -0.17661552, -0.0777811 , -0.07977143,
       -0.01548857]) 

Generation: 504 
 - Generation Avg Fit: 184.62654001320433 
 - Best Fitness: 326.79407719684764
 - Best Solution: array([-0.0089698 , -0.38486914,  0.31470746,  0.50777126,  0.2490569 ,
        0.39905261, -0.00909371, -0.44096139, -0.14199308,  0.22100771,
       -0.02697066, -0.22808053, -0.31336721, -0.49631906, -0.05468277,
       -0.19584876, -0.32365507, -0.24249415,  0.19469805, -0.29475561,
       -0.14126572, -0.2516953 ,  0.36780514,  0.42826118,  0.42239335,
       -0.22812981,  0.44056547, -0.06033186,  0.4142914 ,  0.07297754,
        0.17720231, -0.44974275, -0.17661552, -0.0777811 , -0.07977143,
       -0.01548857]) 

Generation: 505 
 - Generation Avg Fit: 186.02116149761073 
 - Best Fitness: 326.79407719684764
 - Best Solution: array([-0.0089698 , -0.38486914,  0.31470746,  0.50777126,  0.2490569 ,
        0.39905261, -0.00909371, -0.44096139, -0.14199308,  0.22100771,
       -0.02697066, -0.22808053, -0.31336721, -0.49631906, -0.05468277,
       -0.19584876, -0.32365507, -0.24249415,  0.19469805, -0.29475561,
       -0.14126572, -0.2516953 ,  0.36780514,  0.42826118,  0.42239335,
       -0.22812981,  0.44056547, -0.06033186,  0.4142914 ,  0.07297754,
        0.17720231, -0.44974275, -0.17661552, -0.0777811 , -0.07977143,
       -0.01548857]) 

Generation: 506 
 - Generation Avg Fit: 185.88764865610355 
 - Best Fitness: 326.79407719684764
 - Best Solution: array([-0.0089698 , -0.38486914,  0.31470746,  0.50777126,  0.2490569 ,
        0.39905261, -0.00909371, -0.44096139, -0.14199308,  0.22100771,
       -0.02697066, -0.22808053, -0.31336721, -0.49631906, -0.05468277,
       -0.19584876, -0.32365507, -0.24249415,  0.19469805, -0.29475561,
       -0.14126572, -0.2516953 ,  0.36780514,  0.42826118,  0.42239335,
       -0.22812981,  0.44056547, -0.06033186,  0.4142914 ,  0.07297754,
        0.17720231, -0.44974275, -0.17661552, -0.0777811 , -0.07977143,
       -0.01548857]) 

Generation: 507 
 - Generation Avg Fit: 184.54684006637376 
 - Best Fitness: 331.7060961156403
 - Best Solution: array([ 0.22507178, -0.36100263,  0.33892257, -0.07270788,  0.02600791,
        0.39026656,  0.012509  , -0.44689341, -0.139374  ,  0.23748125,
       -0.01637154, -0.23149963,  0.20953196, -0.51518645, -0.51995761,
       -0.21365524, -0.3162922 ,  0.45525785,  0.19667097, -0.08050637,
       -0.13039425, -0.25222477,  0.11356499,  0.43224272,  0.31871015,
       -0.23038477,  0.42745297, -0.04624807,  0.41921291,  0.16423686,
        0.375759  ,  0.38336916, -0.18356317, -0.05402125, -0.09475919,
       -0.17395132]) 

Generation: 508 
 - Generation Avg Fit: 180.2287989729875 
 - Best Fitness: 331.7060961156403
 - Best Solution: array([-0.0089698 , -0.38486914,  0.31470746,  0.50777126,  0.2490569 ,
        0.39905261, -0.00909371, -0.44096139, -0.14199308,  0.22100771,
       -0.02697066, -0.22808053, -0.31336721, -0.49631906, -0.05468277,
       -0.19584876, -0.32365507, -0.24249415,  0.19469805, -0.29475561,
       -0.14126572, -0.2516953 ,  0.36780514,  0.42826118,  0.42239335,
       -0.22812981,  0.44056547, -0.06033186,  0.4142914 ,  0.07297754,
        0.17720231, -0.44974275, -0.17661552, -0.0777811 , -0.07977143,
       -0.01548857]) 

Generation: 509 
 - Generation Avg Fit: 192.22011764398405 
 - Best Fitness: 331.7060961156403
 - Best Solution: array([ 0.22507178, -0.36100263,  0.33892257, -0.07270788,  0.02600791,
        0.39026656,  0.012509  , -0.44689341, -0.139374  ,  0.23748125,
       -0.01637154, -0.23149963,  0.20953196, -0.51518645, -0.51995761,
       -0.21365524, -0.3162922 ,  0.45525785,  0.19667097, -0.08050637,
       -0.13039425, -0.25222477,  0.11356499,  0.43224272,  0.31871015,
       -0.23038477,  0.42745297, -0.04624807,  0.41921291,  0.16423686,
        0.375759  ,  0.38336916, -0.18356317, -0.05402125, -0.09475919,
       -0.17395132]) 

Generation: 510 
 - Generation Avg Fit: 187.25082160335228 
 - Best Fitness: 331.7060961156403
 - Best Solution: array([ 0.22507178, -0.36100263,  0.33892257, -0.07270788,  0.02600791,
        0.39026656,  0.012509  , -0.44689341, -0.139374  ,  0.23748125,
       -0.01637154, -0.23149963,  0.20953196, -0.51518645, -0.51995761,
       -0.21365524, -0.3162922 ,  0.45525785,  0.19667097, -0.08050637,
       -0.13039425, -0.25222477,  0.11356499,  0.43224272,  0.31871015,
       -0.23038477,  0.42745297, -0.04624807,  0.41921291,  0.16423686,
        0.375759  ,  0.38336916, -0.18356317, -0.05402125, -0.09475919,
       -0.17395132]) 

Generation: 511 
 - Generation Avg Fit: 193.41106551931628 
 - Best Fitness: 331.7060961156403
 - Best Solution: array([ 0.22507178, -0.36100263,  0.33892257, -0.07270788,  0.02600791,
        0.39026656,  0.012509  , -0.44689341, -0.139374  ,  0.23748125,
       -0.01637154, -0.23149963,  0.20953196, -0.51518645, -0.51995761,
       -0.21365524, -0.3162922 ,  0.45525785,  0.19667097, -0.08050637,
       -0.13039425, -0.25222477,  0.11356499,  0.43224272,  0.31871015,
       -0.23038477,  0.42745297, -0.04624807,  0.41921291,  0.16423686,
        0.375759  ,  0.38336916, -0.18356317, -0.05402125, -0.09475919,
       -0.17395132]) 

Generation: 512 
 - Generation Avg Fit: 177.02048460922862 
 - Best Fitness: 331.7060961156403
 - Best Solution: array([ 0.22507178, -0.36100263,  0.33892257, -0.07270788,  0.02600791,
        0.39026656,  0.012509  , -0.44689341, -0.139374  ,  0.23748125,
       -0.01637154, -0.23149963,  0.20953196, -0.51518645, -0.51995761,
       -0.21365524, -0.3162922 ,  0.45525785,  0.19667097, -0.08050637,
       -0.13039425, -0.25222477,  0.11356499,  0.43224272,  0.31871015,
       -0.23038477,  0.42745297, -0.04624807,  0.41921291,  0.16423686,
        0.375759  ,  0.38336916, -0.18356317, -0.05402125, -0.09475919,
       -0.17395132]) 

Generation: 513 
 - Generation Avg Fit: 186.6858636065411 
 - Best Fitness: 331.7060961156403
 - Best Solution: array([ 0.22507178, -0.36100263,  0.33892257, -0.07270788,  0.02600791,
        0.39026656,  0.012509  , -0.44689341, -0.139374  ,  0.23748125,
       -0.01637154, -0.23149963,  0.20953196, -0.51518645, -0.51995761,
       -0.21365524, -0.3162922 ,  0.45525785,  0.19667097, -0.08050637,
       -0.13039425, -0.25222477,  0.11356499,  0.43224272,  0.31871015,
       -0.23038477,  0.42745297, -0.04624807,  0.41921291,  0.16423686,
        0.375759  ,  0.38336916, -0.18356317, -0.05402125, -0.09475919,
       -0.17395132]) 

Generation: 514 
 - Generation Avg Fit: 193.5204745567948 
 - Best Fitness: 331.7060961156403
 - Best Solution: array([ 0.22507178, -0.36100263,  0.33892257, -0.07270788,  0.02600791,
        0.39026656,  0.012509  , -0.44689341, -0.139374  ,  0.23748125,
       -0.01637154, -0.23149963,  0.20953196, -0.51518645, -0.51995761,
       -0.21365524, -0.3162922 ,  0.45525785,  0.19667097, -0.08050637,
       -0.13039425, -0.25222477,  0.11356499,  0.43224272,  0.31871015,
       -0.23038477,  0.42745297, -0.04624807,  0.41921291,  0.16423686,
        0.375759  ,  0.38336916, -0.18356317, -0.05402125, -0.09475919,
       -0.17395132]) 

Generation: 515 
 - Generation Avg Fit: 196.9771438530001 
 - Best Fitness: 331.7060961156403
 - Best Solution: array([ 0.22507178, -0.36100263,  0.33892257, -0.07270788,  0.02600791,
        0.39026656,  0.012509  , -0.44689341, -0.139374  ,  0.23748125,
       -0.01637154, -0.23149963,  0.20953196, -0.51518645, -0.51995761,
       -0.21365524, -0.3162922 ,  0.45525785,  0.19667097, -0.08050637,
       -0.13039425, -0.25222477,  0.11356499,  0.43224272,  0.31871015,
       -0.23038477,  0.42745297, -0.04624807,  0.41921291,  0.16423686,
        0.375759  ,  0.38336916, -0.18356317, -0.05402125, -0.09475919,
       -0.17395132]) 

Generation: 516 
 - Generation Avg Fit: 191.70198820733793 
 - Best Fitness: 331.7060961156403
 - Best Solution: array([ 0.22507178, -0.36100263,  0.33892257, -0.07270788,  0.02600791,
        0.39026656,  0.012509  , -0.44689341, -0.139374  ,  0.23748125,
       -0.01637154, -0.23149963,  0.20953196, -0.51518645, -0.51995761,
       -0.21365524, -0.3162922 ,  0.45525785,  0.19667097, -0.08050637,
       -0.13039425, -0.25222477,  0.11356499,  0.43224272,  0.31871015,
       -0.23038477,  0.42745297, -0.04624807,  0.41921291,  0.16423686,
        0.375759  ,  0.38336916, -0.18356317, -0.05402125, -0.09475919,
       -0.17395132]) 

Generation: 517 
 - Generation Avg Fit: 178.90433604538939 
 - Best Fitness: 331.7060961156403
 - Best Solution: array([ 0.22507178, -0.36100263,  0.33892257, -0.07270788,  0.02600791,
        0.39026656,  0.012509  , -0.44689341, -0.139374  ,  0.23748125,
       -0.01637154, -0.23149963,  0.20953196, -0.51518645, -0.51995761,
       -0.21365524, -0.3162922 ,  0.45525785,  0.19667097, -0.08050637,
       -0.13039425, -0.25222477,  0.11356499,  0.43224272,  0.31871015,
       -0.23038477,  0.42745297, -0.04624807,  0.41921291,  0.16423686,
        0.375759  ,  0.38336916, -0.18356317, -0.05402125, -0.09475919,
       -0.17395132]) 

Generation: 518 
 - Generation Avg Fit: 184.25166479049062 
 - Best Fitness: 331.7060961156403
 - Best Solution: array([ 0.22507178, -0.36100263,  0.33892257, -0.07270788,  0.02600791,
        0.39026656,  0.012509  , -0.44689341, -0.139374  ,  0.23748125,
       -0.01637154, -0.23149963,  0.20953196, -0.51518645, -0.51995761,
       -0.21365524, -0.3162922 ,  0.45525785,  0.19667097, -0.08050637,
       -0.13039425, -0.25222477,  0.11356499,  0.43224272,  0.31871015,
       -0.23038477,  0.42745297, -0.04624807,  0.41921291,  0.16423686,
        0.375759  ,  0.38336916, -0.18356317, -0.05402125, -0.09475919,
       -0.17395132]) 

Generation: 519 
 - Generation Avg Fit: 190.95465730599767 
 - Best Fitness: 331.7060961156403
 - Best Solution: array([ 0.22507178, -0.36100263,  0.33892257, -0.07270788,  0.02600791,
        0.39026656,  0.012509  , -0.44689341, -0.139374  ,  0.23748125,
       -0.01637154, -0.23149963,  0.20953196, -0.51518645, -0.51995761,
       -0.21365524, -0.3162922 ,  0.45525785,  0.19667097, -0.08050637,
       -0.13039425, -0.25222477,  0.11356499,  0.43224272,  0.31871015,
       -0.23038477,  0.42745297, -0.04624807,  0.41921291,  0.16423686,
        0.375759  ,  0.38336916, -0.18356317, -0.05402125, -0.09475919,
       -0.17395132]) 

Generation: 520 
 - Generation Avg Fit: 191.47488086487598 
 - Best Fitness: 331.7060961156403
 - Best Solution: array([ 0.22507178, -0.36100263,  0.33892257, -0.07270788,  0.02600791,
        0.39026656,  0.012509  , -0.44689341, -0.139374  ,  0.23748125,
       -0.01637154, -0.23149963,  0.20953196, -0.51518645, -0.51995761,
       -0.21365524, -0.3162922 ,  0.45525785,  0.19667097, -0.08050637,
       -0.13039425, -0.25222477,  0.11356499,  0.43224272,  0.31871015,
       -0.23038477,  0.42745297, -0.04624807,  0.41921291,  0.16423686,
        0.375759  ,  0.38336916, -0.18356317, -0.05402125, -0.09475919,
       -0.17395132]) 

Generation: 521 
 - Generation Avg Fit: 192.87339395598093 
 - Best Fitness: 331.7060961156403
 - Best Solution: array([ 0.22507178, -0.36100263,  0.33892257, -0.07270788,  0.02600791,
        0.39026656,  0.012509  , -0.44689341, -0.139374  ,  0.23748125,
       -0.01637154, -0.23149963,  0.20953196, -0.51518645, -0.51995761,
       -0.21365524, -0.3162922 ,  0.45525785,  0.19667097, -0.08050637,
       -0.13039425, -0.25222477,  0.11356499,  0.43224272,  0.31871015,
       -0.23038477,  0.42745297, -0.04624807,  0.41921291,  0.16423686,
        0.375759  ,  0.38336916, -0.18356317, -0.05402125, -0.09475919,
       -0.17395132]) 

Generation: 522 
 - Generation Avg Fit: 185.6224310541577 
 - Best Fitness: 331.7060961156403
 - Best Solution: array([ 0.22507178, -0.36100263,  0.33892257, -0.07270788,  0.02600791,
        0.39026656,  0.012509  , -0.44689341, -0.139374  ,  0.23748125,
       -0.01637154, -0.23149963,  0.20953196, -0.51518645, -0.51995761,
       -0.21365524, -0.3162922 ,  0.45525785,  0.19667097, -0.08050637,
       -0.13039425, -0.25222477,  0.11356499,  0.43224272,  0.31871015,
       -0.23038477,  0.42745297, -0.04624807,  0.41921291,  0.16423686,
        0.375759  ,  0.38336916, -0.18356317, -0.05402125, -0.09475919,
       -0.17395132]) 

Generation: 523 
 - Generation Avg Fit: 188.10747526548502 
 - Best Fitness: 331.7060961156403
 - Best Solution: array([ 0.22507178, -0.36100263,  0.33892257, -0.07270788,  0.02600791,
        0.39026656,  0.012509  , -0.44689341, -0.139374  ,  0.23748125,
       -0.01637154, -0.23149963,  0.20953196, -0.51518645, -0.51995761,
       -0.21365524, -0.3162922 ,  0.45525785,  0.19667097, -0.08050637,
       -0.13039425, -0.25222477,  0.11356499,  0.43224272,  0.31871015,
       -0.23038477,  0.42745297, -0.04624807,  0.41921291,  0.16423686,
        0.375759  ,  0.38336916, -0.18356317, -0.05402125, -0.09475919,
       -0.17395132]) 

Generation: 524 
 - Generation Avg Fit: 190.14012312986853 
 - Best Fitness: 331.7060961156403
 - Best Solution: array([ 0.22507178, -0.36100263,  0.33892257, -0.07270788,  0.02600791,
        0.39026656,  0.012509  , -0.44689341, -0.139374  ,  0.23748125,
       -0.01637154, -0.23149963,  0.20953196, -0.51518645, -0.51995761,
       -0.21365524, -0.3162922 ,  0.45525785,  0.19667097, -0.08050637,
       -0.13039425, -0.25222477,  0.11356499,  0.43224272,  0.31871015,
       -0.23038477,  0.42745297, -0.04624807,  0.41921291,  0.16423686,
        0.375759  ,  0.38336916, -0.18356317, -0.05402125, -0.09475919,
       -0.17395132]) 

Generation: 525 
 - Generation Avg Fit: 188.3781035283824 
 - Best Fitness: 331.7060961156403
 - Best Solution: array([ 0.22507178, -0.36100263,  0.33892257, -0.07270788,  0.02600791,
        0.39026656,  0.012509  , -0.44689341, -0.139374  ,  0.23748125,
       -0.01637154, -0.23149963,  0.20953196, -0.51518645, -0.51995761,
       -0.21365524, -0.3162922 ,  0.45525785,  0.19667097, -0.08050637,
       -0.13039425, -0.25222477,  0.11356499,  0.43224272,  0.31871015,
       -0.23038477,  0.42745297, -0.04624807,  0.41921291,  0.16423686,
        0.375759  ,  0.38336916, -0.18356317, -0.05402125, -0.09475919,
       -0.17395132]) 

Generation: 526 
 - Generation Avg Fit: 191.53037741824076 
 - Best Fitness: 331.7060961156403
 - Best Solution: array([ 0.22507178, -0.36100263,  0.33892257, -0.07270788,  0.02600791,
        0.39026656,  0.012509  , -0.44689341, -0.139374  ,  0.23748125,
       -0.01637154, -0.23149963,  0.20953196, -0.51518645, -0.51995761,
       -0.21365524, -0.3162922 ,  0.45525785,  0.19667097, -0.08050637,
       -0.13039425, -0.25222477,  0.11356499,  0.43224272,  0.31871015,
       -0.23038477,  0.42745297, -0.04624807,  0.41921291,  0.16423686,
        0.375759  ,  0.38336916, -0.18356317, -0.05402125, -0.09475919,
       -0.17395132]) 

Generation: 527 
 - Generation Avg Fit: 196.15818557041155 
 - Best Fitness: 331.7060961156403
 - Best Solution: array([ 0.22507178, -0.36100263,  0.33892257, -0.07270788,  0.02600791,
        0.39026656,  0.012509  , -0.44689341, -0.139374  ,  0.23748125,
       -0.01637154, -0.23149963,  0.20953196, -0.51518645, -0.51995761,
       -0.21365524, -0.3162922 ,  0.45525785,  0.19667097, -0.08050637,
       -0.13039425, -0.25222477,  0.11356499,  0.43224272,  0.31871015,
       -0.23038477,  0.42745297, -0.04624807,  0.41921291,  0.16423686,
        0.375759  ,  0.38336916, -0.18356317, -0.05402125, -0.09475919,
       -0.17395132]) 

Generation: 528 
 - Generation Avg Fit: 200.0624420169196 
 - Best Fitness: 331.7060961156403
 - Best Solution: array([ 0.22507178, -0.36100263,  0.33892257, -0.07270788,  0.02600791,
        0.39026656,  0.012509  , -0.44689341, -0.139374  ,  0.23748125,
       -0.01637154, -0.23149963,  0.20953196, -0.51518645, -0.51995761,
       -0.21365524, -0.3162922 ,  0.45525785,  0.19667097, -0.08050637,
       -0.13039425, -0.25222477,  0.11356499,  0.43224272,  0.31871015,
       -0.23038477,  0.42745297, -0.04624807,  0.41921291,  0.16423686,
        0.375759  ,  0.38336916, -0.18356317, -0.05402125, -0.09475919,
       -0.17395132]) 

Generation: 529 
 - Generation Avg Fit: 195.91639811878613 
 - Best Fitness: 331.7060961156403
 - Best Solution: array([ 0.22507178, -0.36100263,  0.33892257, -0.07270788,  0.02600791,
        0.39026656,  0.012509  , -0.44689341, -0.139374  ,  0.23748125,
       -0.01637154, -0.23149963,  0.20953196, -0.51518645, -0.51995761,
       -0.21365524, -0.3162922 ,  0.45525785,  0.19667097, -0.08050637,
       -0.13039425, -0.25222477,  0.11356499,  0.43224272,  0.31871015,
       -0.23038477,  0.42745297, -0.04624807,  0.41921291,  0.16423686,
        0.375759  ,  0.38336916, -0.18356317, -0.05402125, -0.09475919,
       -0.17395132]) 

Generation: 530 
 - Generation Avg Fit: 192.30637945907512 
 - Best Fitness: 331.7060961156403
 - Best Solution: array([ 0.22507178, -0.36100263,  0.33892257, -0.07270788,  0.02600791,
        0.39026656,  0.012509  , -0.44689341, -0.139374  ,  0.23748125,
       -0.01637154, -0.23149963,  0.20953196, -0.51518645, -0.51995761,
       -0.21365524, -0.3162922 ,  0.45525785,  0.19667097, -0.08050637,
       -0.13039425, -0.25222477,  0.11356499,  0.43224272,  0.31871015,
       -0.23038477,  0.42745297, -0.04624807,  0.41921291,  0.16423686,
        0.375759  ,  0.38336916, -0.18356317, -0.05402125, -0.09475919,
       -0.17395132]) 

Generation: 531 
 - Generation Avg Fit: 193.06409885918328 
 - Best Fitness: 331.7060961156403
 - Best Solution: array([ 0.22507178, -0.36100263,  0.33892257, -0.07270788,  0.02600791,
        0.39026656,  0.012509  , -0.44689341, -0.139374  ,  0.23748125,
       -0.01637154, -0.23149963,  0.20953196, -0.51518645, -0.51995761,
       -0.21365524, -0.3162922 ,  0.45525785,  0.19667097, -0.08050637,
       -0.13039425, -0.25222477,  0.11356499,  0.43224272,  0.31871015,
       -0.23038477,  0.42745297, -0.04624807,  0.41921291,  0.16423686,
        0.375759  ,  0.38336916, -0.18356317, -0.05402125, -0.09475919,
       -0.17395132]) 

Generation: 532 
 - Generation Avg Fit: 194.3533061167141 
 - Best Fitness: 331.7060961156403
 - Best Solution: array([ 0.22507178, -0.36100263,  0.33892257, -0.07270788,  0.02600791,
        0.39026656,  0.012509  , -0.44689341, -0.139374  ,  0.23748125,
       -0.01637154, -0.23149963,  0.20953196, -0.51518645, -0.51995761,
       -0.21365524, -0.3162922 ,  0.45525785,  0.19667097, -0.08050637,
       -0.13039425, -0.25222477,  0.11356499,  0.43224272,  0.31871015,
       -0.23038477,  0.42745297, -0.04624807,  0.41921291,  0.16423686,
        0.375759  ,  0.38336916, -0.18356317, -0.05402125, -0.09475919,
       -0.17395132]) 

Generation: 533 
 - Generation Avg Fit: 181.19543473145012 
 - Best Fitness: 331.7060961156403
 - Best Solution: array([ 0.22507178, -0.36100263,  0.33892257, -0.07270788,  0.02600791,
        0.39026656,  0.012509  , -0.44689341, -0.139374  ,  0.23748125,
       -0.01637154, -0.23149963,  0.20953196, -0.51518645, -0.51995761,
       -0.21365524, -0.3162922 ,  0.45525785,  0.19667097, -0.08050637,
       -0.13039425, -0.25222477,  0.11356499,  0.43224272,  0.31871015,
       -0.23038477,  0.42745297, -0.04624807,  0.41921291,  0.16423686,
        0.375759  ,  0.38336916, -0.18356317, -0.05402125, -0.09475919,
       -0.17395132]) 

Generation: 534 
 - Generation Avg Fit: 185.90709414352045 
 - Best Fitness: 331.7060961156403
 - Best Solution: array([ 0.22507178, -0.36100263,  0.33892257, -0.07270788,  0.02600791,
        0.39026656,  0.012509  , -0.44689341, -0.139374  ,  0.23748125,
       -0.01637154, -0.23149963,  0.20953196, -0.51518645, -0.51995761,
       -0.21365524, -0.3162922 ,  0.45525785,  0.19667097, -0.08050637,
       -0.13039425, -0.25222477,  0.11356499,  0.43224272,  0.31871015,
       -0.23038477,  0.42745297, -0.04624807,  0.41921291,  0.16423686,
        0.375759  ,  0.38336916, -0.18356317, -0.05402125, -0.09475919,
       -0.17395132]) 

Generation: 535 
 - Generation Avg Fit: 184.92369938668264 
 - Best Fitness: 331.7060961156403
 - Best Solution: array([ 0.22507178, -0.36100263,  0.33892257, -0.07270788,  0.02600791,
        0.39026656,  0.012509  , -0.44689341, -0.139374  ,  0.23748125,
       -0.01637154, -0.23149963,  0.20953196, -0.51518645, -0.51995761,
       -0.21365524, -0.3162922 ,  0.45525785,  0.19667097, -0.08050637,
       -0.13039425, -0.25222477,  0.11356499,  0.43224272,  0.31871015,
       -0.23038477,  0.42745297, -0.04624807,  0.41921291,  0.16423686,
        0.375759  ,  0.38336916, -0.18356317, -0.05402125, -0.09475919,
       -0.17395132]) 

Generation: 536 
 - Generation Avg Fit: 184.78488896924725 
 - Best Fitness: 331.7060961156403
 - Best Solution: array([ 0.22507178, -0.36100263,  0.33892257, -0.07270788,  0.02600791,
        0.39026656,  0.012509  , -0.44689341, -0.139374  ,  0.23748125,
       -0.01637154, -0.23149963,  0.20953196, -0.51518645, -0.51995761,
       -0.21365524, -0.3162922 ,  0.45525785,  0.19667097, -0.08050637,
       -0.13039425, -0.25222477,  0.11356499,  0.43224272,  0.31871015,
       -0.23038477,  0.42745297, -0.04624807,  0.41921291,  0.16423686,
        0.375759  ,  0.38336916, -0.18356317, -0.05402125, -0.09475919,
       -0.17395132]) 

Generation: 537 
 - Generation Avg Fit: 192.6378538437009 
 - Best Fitness: 331.7060961156403
 - Best Solution: array([ 0.22507178, -0.36100263,  0.33892257, -0.07270788,  0.02600791,
        0.39026656,  0.012509  , -0.44689341, -0.139374  ,  0.23748125,
       -0.01637154, -0.23149963,  0.20953196, -0.51518645, -0.51995761,
       -0.21365524, -0.3162922 ,  0.45525785,  0.19667097, -0.08050637,
       -0.13039425, -0.25222477,  0.11356499,  0.43224272,  0.31871015,
       -0.23038477,  0.42745297, -0.04624807,  0.41921291,  0.16423686,
        0.375759  ,  0.38336916, -0.18356317, -0.05402125, -0.09475919,
       -0.17395132]) 

Generation: 538 
 - Generation Avg Fit: 198.85296462853745 
 - Best Fitness: 331.7060961156403
 - Best Solution: array([ 0.22507178, -0.36100263,  0.33892257, -0.07270788,  0.02600791,
        0.39026656,  0.012509  , -0.44689341, -0.139374  ,  0.23748125,
       -0.01637154, -0.23149963,  0.20953196, -0.51518645, -0.51995761,
       -0.21365524, -0.3162922 ,  0.45525785,  0.19667097, -0.08050637,
       -0.13039425, -0.25222477,  0.11356499,  0.43224272,  0.31871015,
       -0.23038477,  0.42745297, -0.04624807,  0.41921291,  0.16423686,
        0.375759  ,  0.38336916, -0.18356317, -0.05402125, -0.09475919,
       -0.17395132]) 

Generation: 539 
 - Generation Avg Fit: 189.00580473480179 
 - Best Fitness: 331.7060961156403
 - Best Solution: array([ 0.22507178, -0.36100263,  0.33892257, -0.07270788,  0.02600791,
        0.39026656,  0.012509  , -0.44689341, -0.139374  ,  0.23748125,
       -0.01637154, -0.23149963,  0.20953196, -0.51518645, -0.51995761,
       -0.21365524, -0.3162922 ,  0.45525785,  0.19667097, -0.08050637,
       -0.13039425, -0.25222477,  0.11356499,  0.43224272,  0.31871015,
       -0.23038477,  0.42745297, -0.04624807,  0.41921291,  0.16423686,
        0.375759  ,  0.38336916, -0.18356317, -0.05402125, -0.09475919,
       -0.17395132]) 

Generation: 540 
 - Generation Avg Fit: 203.58722904606745 
 - Best Fitness: 331.7060961156403
 - Best Solution: array([ 0.22507178, -0.36100263,  0.33892257, -0.07270788,  0.02600791,
        0.39026656,  0.012509  , -0.44689341, -0.139374  ,  0.23748125,
       -0.01637154, -0.23149963,  0.20953196, -0.51518645, -0.51995761,
       -0.21365524, -0.3162922 ,  0.45525785,  0.19667097, -0.08050637,
       -0.13039425, -0.25222477,  0.11356499,  0.43224272,  0.31871015,
       -0.23038477,  0.42745297, -0.04624807,  0.41921291,  0.16423686,
        0.375759  ,  0.38336916, -0.18356317, -0.05402125, -0.09475919,
       -0.17395132]) 

Generation: 541 
 - Generation Avg Fit: 199.23206489272084 
 - Best Fitness: 335.2149562928862
 - Best Solution: array([ 0.20949582, -0.39183056,  0.33706895, -0.08344444, -0.0106205 ,
        0.3841648 ,  0.01965517, -0.45013213, -0.14001328,  0.23398073,
        0.00442037, -0.23737666,  0.1982585 , -0.52824732, -0.53319065,
       -0.19085164, -0.32214184,  0.4457489 ,  0.19898706, -0.06275293,
       -0.12377444, -0.26110026,  0.10823777,  0.43612948,  0.29629834,
       -0.22473051,  0.43629356, -0.06600405,  0.3711975 ,  0.1532476 ,
        0.37216399,  0.40045827, -0.17577202, -0.01385878, -0.10659871,
       -0.16599585]) 

Generation: 542 
 - Generation Avg Fit: 202.24159604430363 
 - Best Fitness: 335.2149562928862
 - Best Solution: array([ 0.22507178, -0.36100263,  0.33892257, -0.07270788,  0.02600791,
        0.39026656,  0.012509  , -0.44689341, -0.139374  ,  0.23748125,
       -0.01637154, -0.23149963,  0.20953196, -0.51518645, -0.51995761,
       -0.21365524, -0.3162922 ,  0.45525785,  0.19667097, -0.08050637,
       -0.13039425, -0.25222477,  0.11356499,  0.43224272,  0.31871015,
       -0.23038477,  0.42745297, -0.04624807,  0.41921291,  0.16423686,
        0.375759  ,  0.38336916, -0.18356317, -0.05402125, -0.09475919,
       -0.17395132]) 

Generation: 543 
 - Generation Avg Fit: 192.23926157949478 
 - Best Fitness: 335.2149562928862
 - Best Solution: array([ 0.20949582, -0.39183056,  0.33706895, -0.08344444, -0.0106205 ,
        0.3841648 ,  0.01965517, -0.45013213, -0.14001328,  0.23398073,
        0.00442037, -0.23737666,  0.1982585 , -0.52824732, -0.53319065,
       -0.19085164, -0.32214184,  0.4457489 ,  0.19898706, -0.06275293,
       -0.12377444, -0.26110026,  0.10823777,  0.43612948,  0.29629834,
       -0.22473051,  0.43629356, -0.06600405,  0.3711975 ,  0.1532476 ,
        0.37216399,  0.40045827, -0.17577202, -0.01385878, -0.10659871,
       -0.16599585]) 

Generation: 544 
 - Generation Avg Fit: 194.87767800753426 
 - Best Fitness: 335.2149562928862
 - Best Solution: array([ 0.20949582, -0.39183056,  0.33706895, -0.08344444, -0.0106205 ,
        0.3841648 ,  0.01965517, -0.45013213, -0.14001328,  0.23398073,
        0.00442037, -0.23737666,  0.1982585 , -0.52824732, -0.53319065,
       -0.19085164, -0.32214184,  0.4457489 ,  0.19898706, -0.06275293,
       -0.12377444, -0.26110026,  0.10823777,  0.43612948,  0.29629834,
       -0.22473051,  0.43629356, -0.06600405,  0.3711975 ,  0.1532476 ,
        0.37216399,  0.40045827, -0.17577202, -0.01385878, -0.10659871,
       -0.16599585]) 

Generation: 545 
 - Generation Avg Fit: 198.05262138574903 
 - Best Fitness: 335.2149562928862
 - Best Solution: array([ 0.20949582, -0.39183056,  0.33706895, -0.08344444, -0.0106205 ,
        0.3841648 ,  0.01965517, -0.45013213, -0.14001328,  0.23398073,
        0.00442037, -0.23737666,  0.1982585 , -0.52824732, -0.53319065,
       -0.19085164, -0.32214184,  0.4457489 ,  0.19898706, -0.06275293,
       -0.12377444, -0.26110026,  0.10823777,  0.43612948,  0.29629834,
       -0.22473051,  0.43629356, -0.06600405,  0.3711975 ,  0.1532476 ,
        0.37216399,  0.40045827, -0.17577202, -0.01385878, -0.10659871,
       -0.16599585]) 

Generation: 546 
 - Generation Avg Fit: 198.7255044326911 
 - Best Fitness: 335.2149562928862
 - Best Solution: array([ 0.20949582, -0.39183056,  0.33706895, -0.08344444, -0.0106205 ,
        0.3841648 ,  0.01965517, -0.45013213, -0.14001328,  0.23398073,
        0.00442037, -0.23737666,  0.1982585 , -0.52824732, -0.53319065,
       -0.19085164, -0.32214184,  0.4457489 ,  0.19898706, -0.06275293,
       -0.12377444, -0.26110026,  0.10823777,  0.43612948,  0.29629834,
       -0.22473051,  0.43629356, -0.06600405,  0.3711975 ,  0.1532476 ,
        0.37216399,  0.40045827, -0.17577202, -0.01385878, -0.10659871,
       -0.16599585]) 

Generation: 547 
 - Generation Avg Fit: 196.32403804227303 
 - Best Fitness: 335.2149562928862
 - Best Solution: array([ 0.20949582, -0.39183056,  0.33706895, -0.08344444, -0.0106205 ,
        0.3841648 ,  0.01965517, -0.45013213, -0.14001328,  0.23398073,
        0.00442037, -0.23737666,  0.1982585 , -0.52824732, -0.53319065,
       -0.19085164, -0.32214184,  0.4457489 ,  0.19898706, -0.06275293,
       -0.12377444, -0.26110026,  0.10823777,  0.43612948,  0.29629834,
       -0.22473051,  0.43629356, -0.06600405,  0.3711975 ,  0.1532476 ,
        0.37216399,  0.40045827, -0.17577202, -0.01385878, -0.10659871,
       -0.16599585]) 

Generation: 548 
 - Generation Avg Fit: 188.6078637563729 
 - Best Fitness: 335.2149562928862
 - Best Solution: array([ 0.20949582, -0.39183056,  0.33706895, -0.08344444, -0.0106205 ,
        0.3841648 ,  0.01965517, -0.45013213, -0.14001328,  0.23398073,
        0.00442037, -0.23737666,  0.1982585 , -0.52824732, -0.53319065,
       -0.19085164, -0.32214184,  0.4457489 ,  0.19898706, -0.06275293,
       -0.12377444, -0.26110026,  0.10823777,  0.43612948,  0.29629834,
       -0.22473051,  0.43629356, -0.06600405,  0.3711975 ,  0.1532476 ,
        0.37216399,  0.40045827, -0.17577202, -0.01385878, -0.10659871,
       -0.16599585]) 

Generation: 549 
 - Generation Avg Fit: 196.9854620399994 
 - Best Fitness: 335.2149562928862
 - Best Solution: array([ 0.20949582, -0.39183056,  0.33706895, -0.08344444, -0.0106205 ,
        0.3841648 ,  0.01965517, -0.45013213, -0.14001328,  0.23398073,
        0.00442037, -0.23737666,  0.1982585 , -0.52824732, -0.53319065,
       -0.19085164, -0.32214184,  0.4457489 ,  0.19898706, -0.06275293,
       -0.12377444, -0.26110026,  0.10823777,  0.43612948,  0.29629834,
       -0.22473051,  0.43629356, -0.06600405,  0.3711975 ,  0.1532476 ,
        0.37216399,  0.40045827, -0.17577202, -0.01385878, -0.10659871,
       -0.16599585]) 

Generation: 550 
 - Generation Avg Fit: 193.21531653229314 
 - Best Fitness: 335.2149562928862
 - Best Solution: array([ 0.20949582, -0.39183056,  0.33706895, -0.08344444, -0.0106205 ,
        0.3841648 ,  0.01965517, -0.45013213, -0.14001328,  0.23398073,
        0.00442037, -0.23737666,  0.1982585 , -0.52824732, -0.53319065,
       -0.19085164, -0.32214184,  0.4457489 ,  0.19898706, -0.06275293,
       -0.12377444, -0.26110026,  0.10823777,  0.43612948,  0.29629834,
       -0.22473051,  0.43629356, -0.06600405,  0.3711975 ,  0.1532476 ,
        0.37216399,  0.40045827, -0.17577202, -0.01385878, -0.10659871,
       -0.16599585]) 

Generation: 551 
 - Generation Avg Fit: 191.67652291597852 
 - Best Fitness: 335.2149562928862
 - Best Solution: array([ 0.20949582, -0.39183056,  0.33706895, -0.08344444, -0.0106205 ,
        0.3841648 ,  0.01965517, -0.45013213, -0.14001328,  0.23398073,
        0.00442037, -0.23737666,  0.1982585 , -0.52824732, -0.53319065,
       -0.19085164, -0.32214184,  0.4457489 ,  0.19898706, -0.06275293,
       -0.12377444, -0.26110026,  0.10823777,  0.43612948,  0.29629834,
       -0.22473051,  0.43629356, -0.06600405,  0.3711975 ,  0.1532476 ,
        0.37216399,  0.40045827, -0.17577202, -0.01385878, -0.10659871,
       -0.16599585]) 

Generation: 552 
 - Generation Avg Fit: 195.66198579741115 
 - Best Fitness: 335.2149562928862
 - Best Solution: array([ 0.20949582, -0.39183056,  0.33706895, -0.08344444, -0.0106205 ,
        0.3841648 ,  0.01965517, -0.45013213, -0.14001328,  0.23398073,
        0.00442037, -0.23737666,  0.1982585 , -0.52824732, -0.53319065,
       -0.19085164, -0.32214184,  0.4457489 ,  0.19898706, -0.06275293,
       -0.12377444, -0.26110026,  0.10823777,  0.43612948,  0.29629834,
       -0.22473051,  0.43629356, -0.06600405,  0.3711975 ,  0.1532476 ,
        0.37216399,  0.40045827, -0.17577202, -0.01385878, -0.10659871,
       -0.16599585]) 

Generation: 553 
 - Generation Avg Fit: 197.10864702374514 
 - Best Fitness: 335.2149562928862
 - Best Solution: array([ 0.20949582, -0.39183056,  0.33706895, -0.08344444, -0.0106205 ,
        0.3841648 ,  0.01965517, -0.45013213, -0.14001328,  0.23398073,
        0.00442037, -0.23737666,  0.1982585 , -0.52824732, -0.53319065,
       -0.19085164, -0.32214184,  0.4457489 ,  0.19898706, -0.06275293,
       -0.12377444, -0.26110026,  0.10823777,  0.43612948,  0.29629834,
       -0.22473051,  0.43629356, -0.06600405,  0.3711975 ,  0.1532476 ,
        0.37216399,  0.40045827, -0.17577202, -0.01385878, -0.10659871,
       -0.16599585]) 

Generation: 554 
 - Generation Avg Fit: 202.9793269118383 
 - Best Fitness: 343.4583821668844
 - Best Solution: array([ 0.2287975 , -0.39325761,  0.34100228, -0.02633914,  0.00083204,
        0.37884224,  0.01251058, -0.43292492, -0.14980948,  0.24910449,
       -0.01510166, -0.2344266 ,  0.21499858, -0.53511595, -0.51045147,
       -0.20016807, -0.32015048,  0.46024266,  0.19373222, -0.05801152,
       -0.14493134, -0.24461438,  0.10051575,  0.41377925,  0.28970491,
       -0.22352889,  0.41767435, -0.07858562,  0.40130425,  0.14717663,
        0.39068071,  0.37830985, -0.18597547, -0.0058177 , -0.0922326 ,
       -0.15518186]) 

Generation: 555 
 - Generation Avg Fit: 192.76383490523355 
 - Best Fitness: 343.4583821668844
 - Best Solution: array([ 0.20949582, -0.39183056,  0.33706895, -0.08344444, -0.0106205 ,
        0.3841648 ,  0.01965517, -0.45013213, -0.14001328,  0.23398073,
        0.00442037, -0.23737666,  0.1982585 , -0.52824732, -0.53319065,
       -0.19085164, -0.32214184,  0.4457489 ,  0.19898706, -0.06275293,
       -0.12377444, -0.26110026,  0.10823777,  0.43612948,  0.29629834,
       -0.22473051,  0.43629356, -0.06600405,  0.3711975 ,  0.1532476 ,
        0.37216399,  0.40045827, -0.17577202, -0.01385878, -0.10659871,
       -0.16599585]) 

Generation: 556 
 - Generation Avg Fit: 196.7385152291973 
 - Best Fitness: 343.4583821668844
 - Best Solution: array([ 0.2287975 , -0.39325761,  0.34100228, -0.02633914,  0.00083204,
        0.37884224,  0.01251058, -0.43292492, -0.14980948,  0.24910449,
       -0.01510166, -0.2344266 ,  0.21499858, -0.53511595, -0.51045147,
       -0.20016807, -0.32015048,  0.46024266,  0.19373222, -0.05801152,
       -0.14493134, -0.24461438,  0.10051575,  0.41377925,  0.28970491,
       -0.22352889,  0.41767435, -0.07858562,  0.40130425,  0.14717663,
        0.39068071,  0.37830985, -0.18597547, -0.0058177 , -0.0922326 ,
       -0.15518186]) 

Generation: 557 
 - Generation Avg Fit: 197.3243833853808 
 - Best Fitness: 343.4583821668844
 - Best Solution: array([ 0.2287975 , -0.39325761,  0.34100228, -0.02633914,  0.00083204,
        0.37884224,  0.01251058, -0.43292492, -0.14980948,  0.24910449,
       -0.01510166, -0.2344266 ,  0.21499858, -0.53511595, -0.51045147,
       -0.20016807, -0.32015048,  0.46024266,  0.19373222, -0.05801152,
       -0.14493134, -0.24461438,  0.10051575,  0.41377925,  0.28970491,
       -0.22352889,  0.41767435, -0.07858562,  0.40130425,  0.14717663,
        0.39068071,  0.37830985, -0.18597547, -0.0058177 , -0.0922326 ,
       -0.15518186]) 

Generation: 558 
 - Generation Avg Fit: 199.88573663138584 
 - Best Fitness: 343.4583821668844
 - Best Solution: array([ 0.2287975 , -0.39325761,  0.34100228, -0.02633914,  0.00083204,
        0.37884224,  0.01251058, -0.43292492, -0.14980948,  0.24910449,
       -0.01510166, -0.2344266 ,  0.21499858, -0.53511595, -0.51045147,
       -0.20016807, -0.32015048,  0.46024266,  0.19373222, -0.05801152,
       -0.14493134, -0.24461438,  0.10051575,  0.41377925,  0.28970491,
       -0.22352889,  0.41767435, -0.07858562,  0.40130425,  0.14717663,
        0.39068071,  0.37830985, -0.18597547, -0.0058177 , -0.0922326 ,
       -0.15518186]) 

Generation: 559 
 - Generation Avg Fit: 192.3186911666379 
 - Best Fitness: 343.4583821668844
 - Best Solution: array([ 0.2287975 , -0.39325761,  0.34100228, -0.02633914,  0.00083204,
        0.37884224,  0.01251058, -0.43292492, -0.14980948,  0.24910449,
       -0.01510166, -0.2344266 ,  0.21499858, -0.53511595, -0.51045147,
       -0.20016807, -0.32015048,  0.46024266,  0.19373222, -0.05801152,
       -0.14493134, -0.24461438,  0.10051575,  0.41377925,  0.28970491,
       -0.22352889,  0.41767435, -0.07858562,  0.40130425,  0.14717663,
        0.39068071,  0.37830985, -0.18597547, -0.0058177 , -0.0922326 ,
       -0.15518186]) 

Generation: 560 
 - Generation Avg Fit: 205.50527321437346 
 - Best Fitness: 343.4583821668844
 - Best Solution: array([ 0.2287975 , -0.39325761,  0.34100228, -0.02633914,  0.00083204,
        0.37884224,  0.01251058, -0.43292492, -0.14980948,  0.24910449,
       -0.01510166, -0.2344266 ,  0.21499858, -0.53511595, -0.51045147,
       -0.20016807, -0.32015048,  0.46024266,  0.19373222, -0.05801152,
       -0.14493134, -0.24461438,  0.10051575,  0.41377925,  0.28970491,
       -0.22352889,  0.41767435, -0.07858562,  0.40130425,  0.14717663,
        0.39068071,  0.37830985, -0.18597547, -0.0058177 , -0.0922326 ,
       -0.15518186]) 

Generation: 561 
 - Generation Avg Fit: 194.26107005109645 
 - Best Fitness: 343.4583821668844
 - Best Solution: array([ 0.2287975 , -0.39325761,  0.34100228, -0.02633914,  0.00083204,
        0.37884224,  0.01251058, -0.43292492, -0.14980948,  0.24910449,
       -0.01510166, -0.2344266 ,  0.21499858, -0.53511595, -0.51045147,
       -0.20016807, -0.32015048,  0.46024266,  0.19373222, -0.05801152,
       -0.14493134, -0.24461438,  0.10051575,  0.41377925,  0.28970491,
       -0.22352889,  0.41767435, -0.07858562,  0.40130425,  0.14717663,
        0.39068071,  0.37830985, -0.18597547, -0.0058177 , -0.0922326 ,
       -0.15518186]) 

Generation: 562 
 - Generation Avg Fit: 196.38693388554063 
 - Best Fitness: 343.4583821668844
 - Best Solution: array([ 0.2287975 , -0.39325761,  0.34100228, -0.02633914,  0.00083204,
        0.37884224,  0.01251058, -0.43292492, -0.14980948,  0.24910449,
       -0.01510166, -0.2344266 ,  0.21499858, -0.53511595, -0.51045147,
       -0.20016807, -0.32015048,  0.46024266,  0.19373222, -0.05801152,
       -0.14493134, -0.24461438,  0.10051575,  0.41377925,  0.28970491,
       -0.22352889,  0.41767435, -0.07858562,  0.40130425,  0.14717663,
        0.39068071,  0.37830985, -0.18597547, -0.0058177 , -0.0922326 ,
       -0.15518186]) 

Generation: 563 
 - Generation Avg Fit: 207.24761872852613 
 - Best Fitness: 343.4583821668844
 - Best Solution: array([ 0.2287975 , -0.39325761,  0.34100228, -0.02633914,  0.00083204,
        0.37884224,  0.01251058, -0.43292492, -0.14980948,  0.24910449,
       -0.01510166, -0.2344266 ,  0.21499858, -0.53511595, -0.51045147,
       -0.20016807, -0.32015048,  0.46024266,  0.19373222, -0.05801152,
       -0.14493134, -0.24461438,  0.10051575,  0.41377925,  0.28970491,
       -0.22352889,  0.41767435, -0.07858562,  0.40130425,  0.14717663,
        0.39068071,  0.37830985, -0.18597547, -0.0058177 , -0.0922326 ,
       -0.15518186]) 

Generation: 564 
 - Generation Avg Fit: 199.5780170094634 
 - Best Fitness: 343.4583821668844
 - Best Solution: array([ 0.2287975 , -0.39325761,  0.34100228, -0.02633914,  0.00083204,
        0.37884224,  0.01251058, -0.43292492, -0.14980948,  0.24910449,
       -0.01510166, -0.2344266 ,  0.21499858, -0.53511595, -0.51045147,
       -0.20016807, -0.32015048,  0.46024266,  0.19373222, -0.05801152,
       -0.14493134, -0.24461438,  0.10051575,  0.41377925,  0.28970491,
       -0.22352889,  0.41767435, -0.07858562,  0.40130425,  0.14717663,
        0.39068071,  0.37830985, -0.18597547, -0.0058177 , -0.0922326 ,
       -0.15518186]) 

Generation: 565 
 - Generation Avg Fit: 190.72544805741202 
 - Best Fitness: 343.4583821668844
 - Best Solution: array([ 0.2287975 , -0.39325761,  0.34100228, -0.02633914,  0.00083204,
        0.37884224,  0.01251058, -0.43292492, -0.14980948,  0.24910449,
       -0.01510166, -0.2344266 ,  0.21499858, -0.53511595, -0.51045147,
       -0.20016807, -0.32015048,  0.46024266,  0.19373222, -0.05801152,
       -0.14493134, -0.24461438,  0.10051575,  0.41377925,  0.28970491,
       -0.22352889,  0.41767435, -0.07858562,  0.40130425,  0.14717663,
        0.39068071,  0.37830985, -0.18597547, -0.0058177 , -0.0922326 ,
       -0.15518186]) 

Generation: 566 
 - Generation Avg Fit: 202.09275037865208 
 - Best Fitness: 343.4583821668844
 - Best Solution: array([ 0.2287975 , -0.39325761,  0.34100228, -0.02633914,  0.00083204,
        0.37884224,  0.01251058, -0.43292492, -0.14980948,  0.24910449,
       -0.01510166, -0.2344266 ,  0.21499858, -0.53511595, -0.51045147,
       -0.20016807, -0.32015048,  0.46024266,  0.19373222, -0.05801152,
       -0.14493134, -0.24461438,  0.10051575,  0.41377925,  0.28970491,
       -0.22352889,  0.41767435, -0.07858562,  0.40130425,  0.14717663,
        0.39068071,  0.37830985, -0.18597547, -0.0058177 , -0.0922326 ,
       -0.15518186]) 

Generation: 567 
 - Generation Avg Fit: 207.2638955525465 
 - Best Fitness: 343.4583821668844
 - Best Solution: array([ 0.2287975 , -0.39325761,  0.34100228, -0.02633914,  0.00083204,
        0.37884224,  0.01251058, -0.43292492, -0.14980948,  0.24910449,
       -0.01510166, -0.2344266 ,  0.21499858, -0.53511595, -0.51045147,
       -0.20016807, -0.32015048,  0.46024266,  0.19373222, -0.05801152,
       -0.14493134, -0.24461438,  0.10051575,  0.41377925,  0.28970491,
       -0.22352889,  0.41767435, -0.07858562,  0.40130425,  0.14717663,
        0.39068071,  0.37830985, -0.18597547, -0.0058177 , -0.0922326 ,
       -0.15518186]) 

Generation: 568 
 - Generation Avg Fit: 196.82302942267523 
 - Best Fitness: 343.4583821668844
 - Best Solution: array([ 0.2287975 , -0.39325761,  0.34100228, -0.02633914,  0.00083204,
        0.37884224,  0.01251058, -0.43292492, -0.14980948,  0.24910449,
       -0.01510166, -0.2344266 ,  0.21499858, -0.53511595, -0.51045147,
       -0.20016807, -0.32015048,  0.46024266,  0.19373222, -0.05801152,
       -0.14493134, -0.24461438,  0.10051575,  0.41377925,  0.28970491,
       -0.22352889,  0.41767435, -0.07858562,  0.40130425,  0.14717663,
        0.39068071,  0.37830985, -0.18597547, -0.0058177 , -0.0922326 ,
       -0.15518186]) 

Generation: 569 
 - Generation Avg Fit: 195.4948841508807 
 - Best Fitness: 343.4583821668844
 - Best Solution: array([ 0.2287975 , -0.39325761,  0.34100228, -0.02633914,  0.00083204,
        0.37884224,  0.01251058, -0.43292492, -0.14980948,  0.24910449,
       -0.01510166, -0.2344266 ,  0.21499858, -0.53511595, -0.51045147,
       -0.20016807, -0.32015048,  0.46024266,  0.19373222, -0.05801152,
       -0.14493134, -0.24461438,  0.10051575,  0.41377925,  0.28970491,
       -0.22352889,  0.41767435, -0.07858562,  0.40130425,  0.14717663,
        0.39068071,  0.37830985, -0.18597547, -0.0058177 , -0.0922326 ,
       -0.15518186]) 

Generation: 570 
 - Generation Avg Fit: 198.8947524986241 
 - Best Fitness: 343.4583821668844
 - Best Solution: array([ 0.2287975 , -0.39325761,  0.34100228, -0.02633914,  0.00083204,
        0.37884224,  0.01251058, -0.43292492, -0.14980948,  0.24910449,
       -0.01510166, -0.2344266 ,  0.21499858, -0.53511595, -0.51045147,
       -0.20016807, -0.32015048,  0.46024266,  0.19373222, -0.05801152,
       -0.14493134, -0.24461438,  0.10051575,  0.41377925,  0.28970491,
       -0.22352889,  0.41767435, -0.07858562,  0.40130425,  0.14717663,
        0.39068071,  0.37830985, -0.18597547, -0.0058177 , -0.0922326 ,
       -0.15518186]) 

Generation: 571 
 - Generation Avg Fit: 202.52202331064237 
 - Best Fitness: 343.4583821668844
 - Best Solution: array([ 0.2287975 , -0.39325761,  0.34100228, -0.02633914,  0.00083204,
        0.37884224,  0.01251058, -0.43292492, -0.14980948,  0.24910449,
       -0.01510166, -0.2344266 ,  0.21499858, -0.53511595, -0.51045147,
       -0.20016807, -0.32015048,  0.46024266,  0.19373222, -0.05801152,
       -0.14493134, -0.24461438,  0.10051575,  0.41377925,  0.28970491,
       -0.22352889,  0.41767435, -0.07858562,  0.40130425,  0.14717663,
        0.39068071,  0.37830985, -0.18597547, -0.0058177 , -0.0922326 ,
       -0.15518186]) 

Generation: 572 
 - Generation Avg Fit: 210.98889955988307 
 - Best Fitness: 343.4583821668844
 - Best Solution: array([ 0.2287975 , -0.39325761,  0.34100228, -0.02633914,  0.00083204,
        0.37884224,  0.01251058, -0.43292492, -0.14980948,  0.24910449,
       -0.01510166, -0.2344266 ,  0.21499858, -0.53511595, -0.51045147,
       -0.20016807, -0.32015048,  0.46024266,  0.19373222, -0.05801152,
       -0.14493134, -0.24461438,  0.10051575,  0.41377925,  0.28970491,
       -0.22352889,  0.41767435, -0.07858562,  0.40130425,  0.14717663,
        0.39068071,  0.37830985, -0.18597547, -0.0058177 , -0.0922326 ,
       -0.15518186]) 

Generation: 573 
 - Generation Avg Fit: 203.1958495558109 
 - Best Fitness: 343.4583821668844
 - Best Solution: array([ 0.2287975 , -0.39325761,  0.34100228, -0.02633914,  0.00083204,
        0.37884224,  0.01251058, -0.43292492, -0.14980948,  0.24910449,
       -0.01510166, -0.2344266 ,  0.21499858, -0.53511595, -0.51045147,
       -0.20016807, -0.32015048,  0.46024266,  0.19373222, -0.05801152,
       -0.14493134, -0.24461438,  0.10051575,  0.41377925,  0.28970491,
       -0.22352889,  0.41767435, -0.07858562,  0.40130425,  0.14717663,
        0.39068071,  0.37830985, -0.18597547, -0.0058177 , -0.0922326 ,
       -0.15518186]) 

Generation: 574 
 - Generation Avg Fit: 204.32668296278055 
 - Best Fitness: 343.4583821668844
 - Best Solution: array([ 0.2287975 , -0.39325761,  0.34100228, -0.02633914,  0.00083204,
        0.37884224,  0.01251058, -0.43292492, -0.14980948,  0.24910449,
       -0.01510166, -0.2344266 ,  0.21499858, -0.53511595, -0.51045147,
       -0.20016807, -0.32015048,  0.46024266,  0.19373222, -0.05801152,
       -0.14493134, -0.24461438,  0.10051575,  0.41377925,  0.28970491,
       -0.22352889,  0.41767435, -0.07858562,  0.40130425,  0.14717663,
        0.39068071,  0.37830985, -0.18597547, -0.0058177 , -0.0922326 ,
       -0.15518186]) 

Generation: 575 
 - Generation Avg Fit: 208.10254824909177 
 - Best Fitness: 343.4583821668844
 - Best Solution: array([ 0.2287975 , -0.39325761,  0.34100228, -0.02633914,  0.00083204,
        0.37884224,  0.01251058, -0.43292492, -0.14980948,  0.24910449,
       -0.01510166, -0.2344266 ,  0.21499858, -0.53511595, -0.51045147,
       -0.20016807, -0.32015048,  0.46024266,  0.19373222, -0.05801152,
       -0.14493134, -0.24461438,  0.10051575,  0.41377925,  0.28970491,
       -0.22352889,  0.41767435, -0.07858562,  0.40130425,  0.14717663,
        0.39068071,  0.37830985, -0.18597547, -0.0058177 , -0.0922326 ,
       -0.15518186]) 

Generation: 576 
 - Generation Avg Fit: 201.66605184111629 
 - Best Fitness: 343.4583821668844
 - Best Solution: array([ 0.2287975 , -0.39325761,  0.34100228, -0.02633914,  0.00083204,
        0.37884224,  0.01251058, -0.43292492, -0.14980948,  0.24910449,
       -0.01510166, -0.2344266 ,  0.21499858, -0.53511595, -0.51045147,
       -0.20016807, -0.32015048,  0.46024266,  0.19373222, -0.05801152,
       -0.14493134, -0.24461438,  0.10051575,  0.41377925,  0.28970491,
       -0.22352889,  0.41767435, -0.07858562,  0.40130425,  0.14717663,
        0.39068071,  0.37830985, -0.18597547, -0.0058177 , -0.0922326 ,
       -0.15518186]) 

Generation: 577 
 - Generation Avg Fit: 208.30365245360358 
 - Best Fitness: 343.4583821668844
 - Best Solution: array([ 0.2287975 , -0.39325761,  0.34100228, -0.02633914,  0.00083204,
        0.37884224,  0.01251058, -0.43292492, -0.14980948,  0.24910449,
       -0.01510166, -0.2344266 ,  0.21499858, -0.53511595, -0.51045147,
       -0.20016807, -0.32015048,  0.46024266,  0.19373222, -0.05801152,
       -0.14493134, -0.24461438,  0.10051575,  0.41377925,  0.28970491,
       -0.22352889,  0.41767435, -0.07858562,  0.40130425,  0.14717663,
        0.39068071,  0.37830985, -0.18597547, -0.0058177 , -0.0922326 ,
       -0.15518186]) 

Generation: 578 
 - Generation Avg Fit: 214.8621834588774 
 - Best Fitness: 343.4583821668844
 - Best Solution: array([ 0.2287975 , -0.39325761,  0.34100228, -0.02633914,  0.00083204,
        0.37884224,  0.01251058, -0.43292492, -0.14980948,  0.24910449,
       -0.01510166, -0.2344266 ,  0.21499858, -0.53511595, -0.51045147,
       -0.20016807, -0.32015048,  0.46024266,  0.19373222, -0.05801152,
       -0.14493134, -0.24461438,  0.10051575,  0.41377925,  0.28970491,
       -0.22352889,  0.41767435, -0.07858562,  0.40130425,  0.14717663,
        0.39068071,  0.37830985, -0.18597547, -0.0058177 , -0.0922326 ,
       -0.15518186]) 

Generation: 579 
 - Generation Avg Fit: 210.07065856982817 
 - Best Fitness: 343.4583821668844
 - Best Solution: array([ 0.2287975 , -0.39325761,  0.34100228, -0.02633914,  0.00083204,
        0.37884224,  0.01251058, -0.43292492, -0.14980948,  0.24910449,
       -0.01510166, -0.2344266 ,  0.21499858, -0.53511595, -0.51045147,
       -0.20016807, -0.32015048,  0.46024266,  0.19373222, -0.05801152,
       -0.14493134, -0.24461438,  0.10051575,  0.41377925,  0.28970491,
       -0.22352889,  0.41767435, -0.07858562,  0.40130425,  0.14717663,
        0.39068071,  0.37830985, -0.18597547, -0.0058177 , -0.0922326 ,
       -0.15518186]) 

Generation: 580 
 - Generation Avg Fit: 199.5912698072385 
 - Best Fitness: 343.4583821668844
 - Best Solution: array([ 0.2287975 , -0.39325761,  0.34100228, -0.02633914,  0.00083204,
        0.37884224,  0.01251058, -0.43292492, -0.14980948,  0.24910449,
       -0.01510166, -0.2344266 ,  0.21499858, -0.53511595, -0.51045147,
       -0.20016807, -0.32015048,  0.46024266,  0.19373222, -0.05801152,
       -0.14493134, -0.24461438,  0.10051575,  0.41377925,  0.28970491,
       -0.22352889,  0.41767435, -0.07858562,  0.40130425,  0.14717663,
        0.39068071,  0.37830985, -0.18597547, -0.0058177 , -0.0922326 ,
       -0.15518186]) 

Generation: 581 
 - Generation Avg Fit: 209.59620675614323 
 - Best Fitness: 343.4583821668844
 - Best Solution: array([ 0.2287975 , -0.39325761,  0.34100228, -0.02633914,  0.00083204,
        0.37884224,  0.01251058, -0.43292492, -0.14980948,  0.24910449,
       -0.01510166, -0.2344266 ,  0.21499858, -0.53511595, -0.51045147,
       -0.20016807, -0.32015048,  0.46024266,  0.19373222, -0.05801152,
       -0.14493134, -0.24461438,  0.10051575,  0.41377925,  0.28970491,
       -0.22352889,  0.41767435, -0.07858562,  0.40130425,  0.14717663,
        0.39068071,  0.37830985, -0.18597547, -0.0058177 , -0.0922326 ,
       -0.15518186]) 

Generation: 582 
 - Generation Avg Fit: 203.1333042734264 
 - Best Fitness: 343.4583821668844
 - Best Solution: array([ 0.2287975 , -0.39325761,  0.34100228, -0.02633914,  0.00083204,
        0.37884224,  0.01251058, -0.43292492, -0.14980948,  0.24910449,
       -0.01510166, -0.2344266 ,  0.21499858, -0.53511595, -0.51045147,
       -0.20016807, -0.32015048,  0.46024266,  0.19373222, -0.05801152,
       -0.14493134, -0.24461438,  0.10051575,  0.41377925,  0.28970491,
       -0.22352889,  0.41767435, -0.07858562,  0.40130425,  0.14717663,
        0.39068071,  0.37830985, -0.18597547, -0.0058177 , -0.0922326 ,
       -0.15518186]) 

Generation: 583 
 - Generation Avg Fit: 202.52327184665825 
 - Best Fitness: 343.4583821668844
 - Best Solution: array([ 0.2287975 , -0.39325761,  0.34100228, -0.02633914,  0.00083204,
        0.37884224,  0.01251058, -0.43292492, -0.14980948,  0.24910449,
       -0.01510166, -0.2344266 ,  0.21499858, -0.53511595, -0.51045147,
       -0.20016807, -0.32015048,  0.46024266,  0.19373222, -0.05801152,
       -0.14493134, -0.24461438,  0.10051575,  0.41377925,  0.28970491,
       -0.22352889,  0.41767435, -0.07858562,  0.40130425,  0.14717663,
        0.39068071,  0.37830985, -0.18597547, -0.0058177 , -0.0922326 ,
       -0.15518186]) 

Generation: 584 
 - Generation Avg Fit: 214.07094724006004 
 - Best Fitness: 343.4583821668844
 - Best Solution: array([ 0.2287975 , -0.39325761,  0.34100228, -0.02633914,  0.00083204,
        0.37884224,  0.01251058, -0.43292492, -0.14980948,  0.24910449,
       -0.01510166, -0.2344266 ,  0.21499858, -0.53511595, -0.51045147,
       -0.20016807, -0.32015048,  0.46024266,  0.19373222, -0.05801152,
       -0.14493134, -0.24461438,  0.10051575,  0.41377925,  0.28970491,
       -0.22352889,  0.41767435, -0.07858562,  0.40130425,  0.14717663,
        0.39068071,  0.37830985, -0.18597547, -0.0058177 , -0.0922326 ,
       -0.15518186]) 

Generation: 585 
 - Generation Avg Fit: 204.75033555034105 
 - Best Fitness: 343.4583821668844
 - Best Solution: array([ 0.2287975 , -0.39325761,  0.34100228, -0.02633914,  0.00083204,
        0.37884224,  0.01251058, -0.43292492, -0.14980948,  0.24910449,
       -0.01510166, -0.2344266 ,  0.21499858, -0.53511595, -0.51045147,
       -0.20016807, -0.32015048,  0.46024266,  0.19373222, -0.05801152,
       -0.14493134, -0.24461438,  0.10051575,  0.41377925,  0.28970491,
       -0.22352889,  0.41767435, -0.07858562,  0.40130425,  0.14717663,
        0.39068071,  0.37830985, -0.18597547, -0.0058177 , -0.0922326 ,
       -0.15518186]) 

Generation: 586 
 - Generation Avg Fit: 206.4759715728631 
 - Best Fitness: 343.4583821668844
 - Best Solution: array([ 0.2287975 , -0.39325761,  0.34100228, -0.02633914,  0.00083204,
        0.37884224,  0.01251058, -0.43292492, -0.14980948,  0.24910449,
       -0.01510166, -0.2344266 ,  0.21499858, -0.53511595, -0.51045147,
       -0.20016807, -0.32015048,  0.46024266,  0.19373222, -0.05801152,
       -0.14493134, -0.24461438,  0.10051575,  0.41377925,  0.28970491,
       -0.22352889,  0.41767435, -0.07858562,  0.40130425,  0.14717663,
        0.39068071,  0.37830985, -0.18597547, -0.0058177 , -0.0922326 ,
       -0.15518186]) 

Generation: 587 
 - Generation Avg Fit: 212.19891636718094 
 - Best Fitness: 343.4583821668844
 - Best Solution: array([ 0.2287975 , -0.39325761,  0.34100228, -0.02633914,  0.00083204,
        0.37884224,  0.01251058, -0.43292492, -0.14980948,  0.24910449,
       -0.01510166, -0.2344266 ,  0.21499858, -0.53511595, -0.51045147,
       -0.20016807, -0.32015048,  0.46024266,  0.19373222, -0.05801152,
       -0.14493134, -0.24461438,  0.10051575,  0.41377925,  0.28970491,
       -0.22352889,  0.41767435, -0.07858562,  0.40130425,  0.14717663,
        0.39068071,  0.37830985, -0.18597547, -0.0058177 , -0.0922326 ,
       -0.15518186]) 

Generation: 588 
 - Generation Avg Fit: 201.48944946857472 
 - Best Fitness: 343.4583821668844
 - Best Solution: array([ 0.2287975 , -0.39325761,  0.34100228, -0.02633914,  0.00083204,
        0.37884224,  0.01251058, -0.43292492, -0.14980948,  0.24910449,
       -0.01510166, -0.2344266 ,  0.21499858, -0.53511595, -0.51045147,
       -0.20016807, -0.32015048,  0.46024266,  0.19373222, -0.05801152,
       -0.14493134, -0.24461438,  0.10051575,  0.41377925,  0.28970491,
       -0.22352889,  0.41767435, -0.07858562,  0.40130425,  0.14717663,
        0.39068071,  0.37830985, -0.18597547, -0.0058177 , -0.0922326 ,
       -0.15518186]) 

Generation: 589 
 - Generation Avg Fit: 200.1568384364081 
 - Best Fitness: 343.4583821668844
 - Best Solution: array([ 0.2287975 , -0.39325761,  0.34100228, -0.02633914,  0.00083204,
        0.37884224,  0.01251058, -0.43292492, -0.14980948,  0.24910449,
       -0.01510166, -0.2344266 ,  0.21499858, -0.53511595, -0.51045147,
       -0.20016807, -0.32015048,  0.46024266,  0.19373222, -0.05801152,
       -0.14493134, -0.24461438,  0.10051575,  0.41377925,  0.28970491,
       -0.22352889,  0.41767435, -0.07858562,  0.40130425,  0.14717663,
        0.39068071,  0.37830985, -0.18597547, -0.0058177 , -0.0922326 ,
       -0.15518186]) 

Generation: 590 
 - Generation Avg Fit: 209.49998077366908 
 - Best Fitness: 343.4583821668844
 - Best Solution: array([ 0.2287975 , -0.39325761,  0.34100228, -0.02633914,  0.00083204,
        0.37884224,  0.01251058, -0.43292492, -0.14980948,  0.24910449,
       -0.01510166, -0.2344266 ,  0.21499858, -0.53511595, -0.51045147,
       -0.20016807, -0.32015048,  0.46024266,  0.19373222, -0.05801152,
       -0.14493134, -0.24461438,  0.10051575,  0.41377925,  0.28970491,
       -0.22352889,  0.41767435, -0.07858562,  0.40130425,  0.14717663,
        0.39068071,  0.37830985, -0.18597547, -0.0058177 , -0.0922326 ,
       -0.15518186]) 

Generation: 591 
 - Generation Avg Fit: 200.16276439082245 
 - Best Fitness: 343.4583821668844
 - Best Solution: array([ 0.2287975 , -0.39325761,  0.34100228, -0.02633914,  0.00083204,
        0.37884224,  0.01251058, -0.43292492, -0.14980948,  0.24910449,
       -0.01510166, -0.2344266 ,  0.21499858, -0.53511595, -0.51045147,
       -0.20016807, -0.32015048,  0.46024266,  0.19373222, -0.05801152,
       -0.14493134, -0.24461438,  0.10051575,  0.41377925,  0.28970491,
       -0.22352889,  0.41767435, -0.07858562,  0.40130425,  0.14717663,
        0.39068071,  0.37830985, -0.18597547, -0.0058177 , -0.0922326 ,
       -0.15518186]) 

Generation: 592 
 - Generation Avg Fit: 196.49340470068194 
 - Best Fitness: 343.4583821668844
 - Best Solution: array([ 0.2287975 , -0.39325761,  0.34100228, -0.02633914,  0.00083204,
        0.37884224,  0.01251058, -0.43292492, -0.14980948,  0.24910449,
       -0.01510166, -0.2344266 ,  0.21499858, -0.53511595, -0.51045147,
       -0.20016807, -0.32015048,  0.46024266,  0.19373222, -0.05801152,
       -0.14493134, -0.24461438,  0.10051575,  0.41377925,  0.28970491,
       -0.22352889,  0.41767435, -0.07858562,  0.40130425,  0.14717663,
        0.39068071,  0.37830985, -0.18597547, -0.0058177 , -0.0922326 ,
       -0.15518186]) 

Generation: 593 
 - Generation Avg Fit: 205.91648481288902 
 - Best Fitness: 343.4583821668844
 - Best Solution: array([ 0.2287975 , -0.39325761,  0.34100228, -0.02633914,  0.00083204,
        0.37884224,  0.01251058, -0.43292492, -0.14980948,  0.24910449,
       -0.01510166, -0.2344266 ,  0.21499858, -0.53511595, -0.51045147,
       -0.20016807, -0.32015048,  0.46024266,  0.19373222, -0.05801152,
       -0.14493134, -0.24461438,  0.10051575,  0.41377925,  0.28970491,
       -0.22352889,  0.41767435, -0.07858562,  0.40130425,  0.14717663,
        0.39068071,  0.37830985, -0.18597547, -0.0058177 , -0.0922326 ,
       -0.15518186]) 

Generation: 594 
 - Generation Avg Fit: 214.6929851167671 
 - Best Fitness: 343.4583821668844
 - Best Solution: array([ 0.2287975 , -0.39325761,  0.34100228, -0.02633914,  0.00083204,
        0.37884224,  0.01251058, -0.43292492, -0.14980948,  0.24910449,
       -0.01510166, -0.2344266 ,  0.21499858, -0.53511595, -0.51045147,
       -0.20016807, -0.32015048,  0.46024266,  0.19373222, -0.05801152,
       -0.14493134, -0.24461438,  0.10051575,  0.41377925,  0.28970491,
       -0.22352889,  0.41767435, -0.07858562,  0.40130425,  0.14717663,
        0.39068071,  0.37830985, -0.18597547, -0.0058177 , -0.0922326 ,
       -0.15518186]) 

Generation: 595 
 - Generation Avg Fit: 205.19714015471024 
 - Best Fitness: 343.4583821668844
 - Best Solution: array([ 0.2287975 , -0.39325761,  0.34100228, -0.02633914,  0.00083204,
        0.37884224,  0.01251058, -0.43292492, -0.14980948,  0.24910449,
       -0.01510166, -0.2344266 ,  0.21499858, -0.53511595, -0.51045147,
       -0.20016807, -0.32015048,  0.46024266,  0.19373222, -0.05801152,
       -0.14493134, -0.24461438,  0.10051575,  0.41377925,  0.28970491,
       -0.22352889,  0.41767435, -0.07858562,  0.40130425,  0.14717663,
        0.39068071,  0.37830985, -0.18597547, -0.0058177 , -0.0922326 ,
       -0.15518186]) 

Generation: 596 
 - Generation Avg Fit: 219.56549899982522 
 - Best Fitness: 343.4583821668844
 - Best Solution: array([ 0.2287975 , -0.39325761,  0.34100228, -0.02633914,  0.00083204,
        0.37884224,  0.01251058, -0.43292492, -0.14980948,  0.24910449,
       -0.01510166, -0.2344266 ,  0.21499858, -0.53511595, -0.51045147,
       -0.20016807, -0.32015048,  0.46024266,  0.19373222, -0.05801152,
       -0.14493134, -0.24461438,  0.10051575,  0.41377925,  0.28970491,
       -0.22352889,  0.41767435, -0.07858562,  0.40130425,  0.14717663,
        0.39068071,  0.37830985, -0.18597547, -0.0058177 , -0.0922326 ,
       -0.15518186]) 

Generation: 597 
 - Generation Avg Fit: 206.47098824778493 
 - Best Fitness: 343.4583821668844
 - Best Solution: array([ 0.2287975 , -0.39325761,  0.34100228, -0.02633914,  0.00083204,
        0.37884224,  0.01251058, -0.43292492, -0.14980948,  0.24910449,
       -0.01510166, -0.2344266 ,  0.21499858, -0.53511595, -0.51045147,
       -0.20016807, -0.32015048,  0.46024266,  0.19373222, -0.05801152,
       -0.14493134, -0.24461438,  0.10051575,  0.41377925,  0.28970491,
       -0.22352889,  0.41767435, -0.07858562,  0.40130425,  0.14717663,
        0.39068071,  0.37830985, -0.18597547, -0.0058177 , -0.0922326 ,
       -0.15518186]) 

Generation: 598 
 - Generation Avg Fit: 213.60012983789 
 - Best Fitness: 343.4583821668844
 - Best Solution: array([ 0.2287975 , -0.39325761,  0.34100228, -0.02633914,  0.00083204,
        0.37884224,  0.01251058, -0.43292492, -0.14980948,  0.24910449,
       -0.01510166, -0.2344266 ,  0.21499858, -0.53511595, -0.51045147,
       -0.20016807, -0.32015048,  0.46024266,  0.19373222, -0.05801152,
       -0.14493134, -0.24461438,  0.10051575,  0.41377925,  0.28970491,
       -0.22352889,  0.41767435, -0.07858562,  0.40130425,  0.14717663,
        0.39068071,  0.37830985, -0.18597547, -0.0058177 , -0.0922326 ,
       -0.15518186]) 

Generation: 599 
 - Generation Avg Fit: 211.7200793231673 
 - Best Fitness: 343.4583821668844
 - Best Solution: array([ 0.2287975 , -0.39325761,  0.34100228, -0.02633914,  0.00083204,
        0.37884224,  0.01251058, -0.43292492, -0.14980948,  0.24910449,
       -0.01510166, -0.2344266 ,  0.21499858, -0.53511595, -0.51045147,
       -0.20016807, -0.32015048,  0.46024266,  0.19373222, -0.05801152,
       -0.14493134, -0.24461438,  0.10051575,  0.41377925,  0.28970491,
       -0.22352889,  0.41767435, -0.07858562,  0.40130425,  0.14717663,
        0.39068071,  0.37830985, -0.18597547, -0.0058177 , -0.0922326 ,
       -0.15518186]) 

Generation: 600 
 - Generation Avg Fit: 212.22317965665098 
 - Best Fitness: 343.4583821668844
 - Best Solution: array([ 0.2287975 , -0.39325761,  0.34100228, -0.02633914,  0.00083204,
        0.37884224,  0.01251058, -0.43292492, -0.14980948,  0.24910449,
       -0.01510166, -0.2344266 ,  0.21499858, -0.53511595, -0.51045147,
       -0.20016807, -0.32015048,  0.46024266,  0.19373222, -0.05801152,
       -0.14493134, -0.24461438,  0.10051575,  0.41377925,  0.28970491,
       -0.22352889,  0.41767435, -0.07858562,  0.40130425,  0.14717663,
        0.39068071,  0.37830985, -0.18597547, -0.0058177 , -0.0922326 ,
       -0.15518186]) 

Generation: 601 
 - Generation Avg Fit: 199.01075928433977 
 - Best Fitness: 343.4583821668844
 - Best Solution: array([ 0.2287975 , -0.39325761,  0.34100228, -0.02633914,  0.00083204,
        0.37884224,  0.01251058, -0.43292492, -0.14980948,  0.24910449,
       -0.01510166, -0.2344266 ,  0.21499858, -0.53511595, -0.51045147,
       -0.20016807, -0.32015048,  0.46024266,  0.19373222, -0.05801152,
       -0.14493134, -0.24461438,  0.10051575,  0.41377925,  0.28970491,
       -0.22352889,  0.41767435, -0.07858562,  0.40130425,  0.14717663,
        0.39068071,  0.37830985, -0.18597547, -0.0058177 , -0.0922326 ,
       -0.15518186]) 

Generation: 602 
 - Generation Avg Fit: 211.80791827675137 
 - Best Fitness: 343.4583821668844
 - Best Solution: array([ 0.2287975 , -0.39325761,  0.34100228, -0.02633914,  0.00083204,
        0.37884224,  0.01251058, -0.43292492, -0.14980948,  0.24910449,
       -0.01510166, -0.2344266 ,  0.21499858, -0.53511595, -0.51045147,
       -0.20016807, -0.32015048,  0.46024266,  0.19373222, -0.05801152,
       -0.14493134, -0.24461438,  0.10051575,  0.41377925,  0.28970491,
       -0.22352889,  0.41767435, -0.07858562,  0.40130425,  0.14717663,
        0.39068071,  0.37830985, -0.18597547, -0.0058177 , -0.0922326 ,
       -0.15518186]) 

Generation: 603 
 - Generation Avg Fit: 213.7093989515611 
 - Best Fitness: 343.4583821668844
 - Best Solution: array([ 0.2287975 , -0.39325761,  0.34100228, -0.02633914,  0.00083204,
        0.37884224,  0.01251058, -0.43292492, -0.14980948,  0.24910449,
       -0.01510166, -0.2344266 ,  0.21499858, -0.53511595, -0.51045147,
       -0.20016807, -0.32015048,  0.46024266,  0.19373222, -0.05801152,
       -0.14493134, -0.24461438,  0.10051575,  0.41377925,  0.28970491,
       -0.22352889,  0.41767435, -0.07858562,  0.40130425,  0.14717663,
        0.39068071,  0.37830985, -0.18597547, -0.0058177 , -0.0922326 ,
       -0.15518186]) 

Generation: 604 
 - Generation Avg Fit: 207.63022307317652 
 - Best Fitness: 343.4583821668844
 - Best Solution: array([ 0.2287975 , -0.39325761,  0.34100228, -0.02633914,  0.00083204,
        0.37884224,  0.01251058, -0.43292492, -0.14980948,  0.24910449,
       -0.01510166, -0.2344266 ,  0.21499858, -0.53511595, -0.51045147,
       -0.20016807, -0.32015048,  0.46024266,  0.19373222, -0.05801152,
       -0.14493134, -0.24461438,  0.10051575,  0.41377925,  0.28970491,
       -0.22352889,  0.41767435, -0.07858562,  0.40130425,  0.14717663,
        0.39068071,  0.37830985, -0.18597547, -0.0058177 , -0.0922326 ,
       -0.15518186]) 

Generation: 605 
 - Generation Avg Fit: 199.76965998457513 
 - Best Fitness: 343.4583821668844
 - Best Solution: array([ 0.2287975 , -0.39325761,  0.34100228, -0.02633914,  0.00083204,
        0.37884224,  0.01251058, -0.43292492, -0.14980948,  0.24910449,
       -0.01510166, -0.2344266 ,  0.21499858, -0.53511595, -0.51045147,
       -0.20016807, -0.32015048,  0.46024266,  0.19373222, -0.05801152,
       -0.14493134, -0.24461438,  0.10051575,  0.41377925,  0.28970491,
       -0.22352889,  0.41767435, -0.07858562,  0.40130425,  0.14717663,
        0.39068071,  0.37830985, -0.18597547, -0.0058177 , -0.0922326 ,
       -0.15518186]) 

Generation: 606 
 - Generation Avg Fit: 197.71330863787654 
 - Best Fitness: 343.4583821668844
 - Best Solution: array([ 0.2287975 , -0.39325761,  0.34100228, -0.02633914,  0.00083204,
        0.37884224,  0.01251058, -0.43292492, -0.14980948,  0.24910449,
       -0.01510166, -0.2344266 ,  0.21499858, -0.53511595, -0.51045147,
       -0.20016807, -0.32015048,  0.46024266,  0.19373222, -0.05801152,
       -0.14493134, -0.24461438,  0.10051575,  0.41377925,  0.28970491,
       -0.22352889,  0.41767435, -0.07858562,  0.40130425,  0.14717663,
        0.39068071,  0.37830985, -0.18597547, -0.0058177 , -0.0922326 ,
       -0.15518186]) 

Generation: 607 
 - Generation Avg Fit: 205.20008870413912 
 - Best Fitness: 343.4583821668844
 - Best Solution: array([ 0.2287975 , -0.39325761,  0.34100228, -0.02633914,  0.00083204,
        0.37884224,  0.01251058, -0.43292492, -0.14980948,  0.24910449,
       -0.01510166, -0.2344266 ,  0.21499858, -0.53511595, -0.51045147,
       -0.20016807, -0.32015048,  0.46024266,  0.19373222, -0.05801152,
       -0.14493134, -0.24461438,  0.10051575,  0.41377925,  0.28970491,
       -0.22352889,  0.41767435, -0.07858562,  0.40130425,  0.14717663,
        0.39068071,  0.37830985, -0.18597547, -0.0058177 , -0.0922326 ,
       -0.15518186]) 

Generation: 608 
 - Generation Avg Fit: 202.15179055181272 
 - Best Fitness: 343.4583821668844
 - Best Solution: array([ 0.2287975 , -0.39325761,  0.34100228, -0.02633914,  0.00083204,
        0.37884224,  0.01251058, -0.43292492, -0.14980948,  0.24910449,
       -0.01510166, -0.2344266 ,  0.21499858, -0.53511595, -0.51045147,
       -0.20016807, -0.32015048,  0.46024266,  0.19373222, -0.05801152,
       -0.14493134, -0.24461438,  0.10051575,  0.41377925,  0.28970491,
       -0.22352889,  0.41767435, -0.07858562,  0.40130425,  0.14717663,
        0.39068071,  0.37830985, -0.18597547, -0.0058177 , -0.0922326 ,
       -0.15518186]) 

Generation: 609 
 - Generation Avg Fit: 205.62296195585245 
 - Best Fitness: 343.4583821668844
 - Best Solution: array([ 0.2287975 , -0.39325761,  0.34100228, -0.02633914,  0.00083204,
        0.37884224,  0.01251058, -0.43292492, -0.14980948,  0.24910449,
       -0.01510166, -0.2344266 ,  0.21499858, -0.53511595, -0.51045147,
       -0.20016807, -0.32015048,  0.46024266,  0.19373222, -0.05801152,
       -0.14493134, -0.24461438,  0.10051575,  0.41377925,  0.28970491,
       -0.22352889,  0.41767435, -0.07858562,  0.40130425,  0.14717663,
        0.39068071,  0.37830985, -0.18597547, -0.0058177 , -0.0922326 ,
       -0.15518186]) 

Generation: 610 
 - Generation Avg Fit: 198.04663105964042 
 - Best Fitness: 343.4583821668844
 - Best Solution: array([ 0.2287975 , -0.39325761,  0.34100228, -0.02633914,  0.00083204,
        0.37884224,  0.01251058, -0.43292492, -0.14980948,  0.24910449,
       -0.01510166, -0.2344266 ,  0.21499858, -0.53511595, -0.51045147,
       -0.20016807, -0.32015048,  0.46024266,  0.19373222, -0.05801152,
       -0.14493134, -0.24461438,  0.10051575,  0.41377925,  0.28970491,
       -0.22352889,  0.41767435, -0.07858562,  0.40130425,  0.14717663,
        0.39068071,  0.37830985, -0.18597547, -0.0058177 , -0.0922326 ,
       -0.15518186]) 

Generation: 611 
 - Generation Avg Fit: 197.08037966460978 
 - Best Fitness: 343.4583821668844
 - Best Solution: array([ 0.2287975 , -0.39325761,  0.34100228, -0.02633914,  0.00083204,
        0.37884224,  0.01251058, -0.43292492, -0.14980948,  0.24910449,
       -0.01510166, -0.2344266 ,  0.21499858, -0.53511595, -0.51045147,
       -0.20016807, -0.32015048,  0.46024266,  0.19373222, -0.05801152,
       -0.14493134, -0.24461438,  0.10051575,  0.41377925,  0.28970491,
       -0.22352889,  0.41767435, -0.07858562,  0.40130425,  0.14717663,
        0.39068071,  0.37830985, -0.18597547, -0.0058177 , -0.0922326 ,
       -0.15518186]) 

Generation: 612 
 - Generation Avg Fit: 202.6302856405112 
 - Best Fitness: 343.4583821668844
 - Best Solution: array([ 0.2287975 , -0.39325761,  0.34100228, -0.02633914,  0.00083204,
        0.37884224,  0.01251058, -0.43292492, -0.14980948,  0.24910449,
       -0.01510166, -0.2344266 ,  0.21499858, -0.53511595, -0.51045147,
       -0.20016807, -0.32015048,  0.46024266,  0.19373222, -0.05801152,
       -0.14493134, -0.24461438,  0.10051575,  0.41377925,  0.28970491,
       -0.22352889,  0.41767435, -0.07858562,  0.40130425,  0.14717663,
        0.39068071,  0.37830985, -0.18597547, -0.0058177 , -0.0922326 ,
       -0.15518186]) 

Generation: 613 
 - Generation Avg Fit: 201.55885143732849 
 - Best Fitness: 343.4583821668844
 - Best Solution: array([ 0.2287975 , -0.39325761,  0.34100228, -0.02633914,  0.00083204,
        0.37884224,  0.01251058, -0.43292492, -0.14980948,  0.24910449,
       -0.01510166, -0.2344266 ,  0.21499858, -0.53511595, -0.51045147,
       -0.20016807, -0.32015048,  0.46024266,  0.19373222, -0.05801152,
       -0.14493134, -0.24461438,  0.10051575,  0.41377925,  0.28970491,
       -0.22352889,  0.41767435, -0.07858562,  0.40130425,  0.14717663,
        0.39068071,  0.37830985, -0.18597547, -0.0058177 , -0.0922326 ,
       -0.15518186]) 

Generation: 614 
 - Generation Avg Fit: 206.35381353260775 
 - Best Fitness: 343.4583821668844
 - Best Solution: array([ 0.2287975 , -0.39325761,  0.34100228, -0.02633914,  0.00083204,
        0.37884224,  0.01251058, -0.43292492, -0.14980948,  0.24910449,
       -0.01510166, -0.2344266 ,  0.21499858, -0.53511595, -0.51045147,
       -0.20016807, -0.32015048,  0.46024266,  0.19373222, -0.05801152,
       -0.14493134, -0.24461438,  0.10051575,  0.41377925,  0.28970491,
       -0.22352889,  0.41767435, -0.07858562,  0.40130425,  0.14717663,
        0.39068071,  0.37830985, -0.18597547, -0.0058177 , -0.0922326 ,
       -0.15518186]) 

Generation: 615 
 - Generation Avg Fit: 203.29268920477315 
 - Best Fitness: 343.4583821668844
 - Best Solution: array([ 0.2287975 , -0.39325761,  0.34100228, -0.02633914,  0.00083204,
        0.37884224,  0.01251058, -0.43292492, -0.14980948,  0.24910449,
       -0.01510166, -0.2344266 ,  0.21499858, -0.53511595, -0.51045147,
       -0.20016807, -0.32015048,  0.46024266,  0.19373222, -0.05801152,
       -0.14493134, -0.24461438,  0.10051575,  0.41377925,  0.28970491,
       -0.22352889,  0.41767435, -0.07858562,  0.40130425,  0.14717663,
        0.39068071,  0.37830985, -0.18597547, -0.0058177 , -0.0922326 ,
       -0.15518186]) 

Generation: 616 
 - Generation Avg Fit: 208.62592978043244 
 - Best Fitness: 353.6854085027392
 - Best Solution: array([-0.00122304, -0.40787604,  0.31131739, -0.10620645, -0.00811562,
        0.37546733, -0.00550199, -0.47097723, -0.13620048,  0.25419703,
       -0.00565001, -0.23743135,  0.18420829, -0.52602963, -0.53202662,
       -0.18513971, -0.33042974,  0.47964944,  0.20390248, -0.06520912,
       -0.13501299, -0.26577706,  0.10088144,  0.42500712,  0.28986313,
       -0.20171245,  0.39839088, -0.0842673 ,  0.40347435,  0.1456457 ,
        0.37588749,  0.4696231 , -0.20721098, -0.05355421, -0.10050136,
       -0.17138722]) 

Generation: 617 
 - Generation Avg Fit: 202.4453512969838 
 - Best Fitness: 353.6854085027392
 - Best Solution: array([ 0.2287975 , -0.39325761,  0.34100228, -0.02633914,  0.00083204,
        0.37884224,  0.01251058, -0.43292492, -0.14980948,  0.24910449,
       -0.01510166, -0.2344266 ,  0.21499858, -0.53511595, -0.51045147,
       -0.20016807, -0.32015048,  0.46024266,  0.19373222, -0.05801152,
       -0.14493134, -0.24461438,  0.10051575,  0.41377925,  0.28970491,
       -0.22352889,  0.41767435, -0.07858562,  0.40130425,  0.14717663,
        0.39068071,  0.37830985, -0.18597547, -0.0058177 , -0.0922326 ,
       -0.15518186]) 

Generation: 618 
 - Generation Avg Fit: 207.55477758144755 
 - Best Fitness: 353.6854085027392
 - Best Solution: array([-0.00122304, -0.40787604,  0.31131739, -0.10620645, -0.00811562,
        0.37546733, -0.00550199, -0.47097723, -0.13620048,  0.25419703,
       -0.00565001, -0.23743135,  0.18420829, -0.52602963, -0.53202662,
       -0.18513971, -0.33042974,  0.47964944,  0.20390248, -0.06520912,
       -0.13501299, -0.26577706,  0.10088144,  0.42500712,  0.28986313,
       -0.20171245,  0.39839088, -0.0842673 ,  0.40347435,  0.1456457 ,
        0.37588749,  0.4696231 , -0.20721098, -0.05355421, -0.10050136,
       -0.17138722]) 

Generation: 619 
 - Generation Avg Fit: 210.37604364191407 
 - Best Fitness: 353.6854085027392
 - Best Solution: array([-0.00122304, -0.40787604,  0.31131739, -0.10620645, -0.00811562,
        0.37546733, -0.00550199, -0.47097723, -0.13620048,  0.25419703,
       -0.00565001, -0.23743135,  0.18420829, -0.52602963, -0.53202662,
       -0.18513971, -0.33042974,  0.47964944,  0.20390248, -0.06520912,
       -0.13501299, -0.26577706,  0.10088144,  0.42500712,  0.28986313,
       -0.20171245,  0.39839088, -0.0842673 ,  0.40347435,  0.1456457 ,
        0.37588749,  0.4696231 , -0.20721098, -0.05355421, -0.10050136,
       -0.17138722]) 

Generation: 620 
 - Generation Avg Fit: 206.7653494921829 
 - Best Fitness: 353.6854085027392
 - Best Solution: array([-0.00122304, -0.40787604,  0.31131739, -0.10620645, -0.00811562,
        0.37546733, -0.00550199, -0.47097723, -0.13620048,  0.25419703,
       -0.00565001, -0.23743135,  0.18420829, -0.52602963, -0.53202662,
       -0.18513971, -0.33042974,  0.47964944,  0.20390248, -0.06520912,
       -0.13501299, -0.26577706,  0.10088144,  0.42500712,  0.28986313,
       -0.20171245,  0.39839088, -0.0842673 ,  0.40347435,  0.1456457 ,
        0.37588749,  0.4696231 , -0.20721098, -0.05355421, -0.10050136,
       -0.17138722]) 

Generation: 621 
 - Generation Avg Fit: 198.05470900796135 
 - Best Fitness: 353.6854085027392
 - Best Solution: array([-0.00122304, -0.40787604,  0.31131739, -0.10620645, -0.00811562,
        0.37546733, -0.00550199, -0.47097723, -0.13620048,  0.25419703,
       -0.00565001, -0.23743135,  0.18420829, -0.52602963, -0.53202662,
       -0.18513971, -0.33042974,  0.47964944,  0.20390248, -0.06520912,
       -0.13501299, -0.26577706,  0.10088144,  0.42500712,  0.28986313,
       -0.20171245,  0.39839088, -0.0842673 ,  0.40347435,  0.1456457 ,
        0.37588749,  0.4696231 , -0.20721098, -0.05355421, -0.10050136,
       -0.17138722]) 

Generation: 622 
 - Generation Avg Fit: 215.70424848343427 
 - Best Fitness: 353.6854085027392
 - Best Solution: array([-0.00122304, -0.40787604,  0.31131739, -0.10620645, -0.00811562,
        0.37546733, -0.00550199, -0.47097723, -0.13620048,  0.25419703,
       -0.00565001, -0.23743135,  0.18420829, -0.52602963, -0.53202662,
       -0.18513971, -0.33042974,  0.47964944,  0.20390248, -0.06520912,
       -0.13501299, -0.26577706,  0.10088144,  0.42500712,  0.28986313,
       -0.20171245,  0.39839088, -0.0842673 ,  0.40347435,  0.1456457 ,
        0.37588749,  0.4696231 , -0.20721098, -0.05355421, -0.10050136,
       -0.17138722]) 

Generation: 623 
 - Generation Avg Fit: 210.45836846286747 
 - Best Fitness: 353.6854085027392
 - Best Solution: array([-0.00122304, -0.40787604,  0.31131739, -0.10620645, -0.00811562,
        0.37546733, -0.00550199, -0.47097723, -0.13620048,  0.25419703,
       -0.00565001, -0.23743135,  0.18420829, -0.52602963, -0.53202662,
       -0.18513971, -0.33042974,  0.47964944,  0.20390248, -0.06520912,
       -0.13501299, -0.26577706,  0.10088144,  0.42500712,  0.28986313,
       -0.20171245,  0.39839088, -0.0842673 ,  0.40347435,  0.1456457 ,
        0.37588749,  0.4696231 , -0.20721098, -0.05355421, -0.10050136,
       -0.17138722]) 

Generation: 624 
 - Generation Avg Fit: 204.24327267641195 
 - Best Fitness: 353.6854085027392
 - Best Solution: array([-0.00122304, -0.40787604,  0.31131739, -0.10620645, -0.00811562,
        0.37546733, -0.00550199, -0.47097723, -0.13620048,  0.25419703,
       -0.00565001, -0.23743135,  0.18420829, -0.52602963, -0.53202662,
       -0.18513971, -0.33042974,  0.47964944,  0.20390248, -0.06520912,
       -0.13501299, -0.26577706,  0.10088144,  0.42500712,  0.28986313,
       -0.20171245,  0.39839088, -0.0842673 ,  0.40347435,  0.1456457 ,
        0.37588749,  0.4696231 , -0.20721098, -0.05355421, -0.10050136,
       -0.17138722]) 

Generation: 625 
 - Generation Avg Fit: 204.67073196726605 
 - Best Fitness: 353.6854085027392
 - Best Solution: array([-0.00122304, -0.40787604,  0.31131739, -0.10620645, -0.00811562,
        0.37546733, -0.00550199, -0.47097723, -0.13620048,  0.25419703,
       -0.00565001, -0.23743135,  0.18420829, -0.52602963, -0.53202662,
       -0.18513971, -0.33042974,  0.47964944,  0.20390248, -0.06520912,
       -0.13501299, -0.26577706,  0.10088144,  0.42500712,  0.28986313,
       -0.20171245,  0.39839088, -0.0842673 ,  0.40347435,  0.1456457 ,
        0.37588749,  0.4696231 , -0.20721098, -0.05355421, -0.10050136,
       -0.17138722]) 

Generation: 626 
 - Generation Avg Fit: 196.41469152379506 
 - Best Fitness: 353.6854085027392
 - Best Solution: array([-0.00122304, -0.40787604,  0.31131739, -0.10620645, -0.00811562,
        0.37546733, -0.00550199, -0.47097723, -0.13620048,  0.25419703,
       -0.00565001, -0.23743135,  0.18420829, -0.52602963, -0.53202662,
       -0.18513971, -0.33042974,  0.47964944,  0.20390248, -0.06520912,
       -0.13501299, -0.26577706,  0.10088144,  0.42500712,  0.28986313,
       -0.20171245,  0.39839088, -0.0842673 ,  0.40347435,  0.1456457 ,
        0.37588749,  0.4696231 , -0.20721098, -0.05355421, -0.10050136,
       -0.17138722]) 

Generation: 627 
 - Generation Avg Fit: 200.3840486164263 
 - Best Fitness: 353.6854085027392
 - Best Solution: array([-0.00122304, -0.40787604,  0.31131739, -0.10620645, -0.00811562,
        0.37546733, -0.00550199, -0.47097723, -0.13620048,  0.25419703,
       -0.00565001, -0.23743135,  0.18420829, -0.52602963, -0.53202662,
       -0.18513971, -0.33042974,  0.47964944,  0.20390248, -0.06520912,
       -0.13501299, -0.26577706,  0.10088144,  0.42500712,  0.28986313,
       -0.20171245,  0.39839088, -0.0842673 ,  0.40347435,  0.1456457 ,
        0.37588749,  0.4696231 , -0.20721098, -0.05355421, -0.10050136,
       -0.17138722]) 

Generation: 628 
 - Generation Avg Fit: 203.2170424778632 
 - Best Fitness: 353.6854085027392
 - Best Solution: array([-0.00122304, -0.40787604,  0.31131739, -0.10620645, -0.00811562,
        0.37546733, -0.00550199, -0.47097723, -0.13620048,  0.25419703,
       -0.00565001, -0.23743135,  0.18420829, -0.52602963, -0.53202662,
       -0.18513971, -0.33042974,  0.47964944,  0.20390248, -0.06520912,
       -0.13501299, -0.26577706,  0.10088144,  0.42500712,  0.28986313,
       -0.20171245,  0.39839088, -0.0842673 ,  0.40347435,  0.1456457 ,
        0.37588749,  0.4696231 , -0.20721098, -0.05355421, -0.10050136,
       -0.17138722]) 

Generation: 629 
 - Generation Avg Fit: 202.25132122693537 
 - Best Fitness: 353.6854085027392
 - Best Solution: array([-0.00122304, -0.40787604,  0.31131739, -0.10620645, -0.00811562,
        0.37546733, -0.00550199, -0.47097723, -0.13620048,  0.25419703,
       -0.00565001, -0.23743135,  0.18420829, -0.52602963, -0.53202662,
       -0.18513971, -0.33042974,  0.47964944,  0.20390248, -0.06520912,
       -0.13501299, -0.26577706,  0.10088144,  0.42500712,  0.28986313,
       -0.20171245,  0.39839088, -0.0842673 ,  0.40347435,  0.1456457 ,
        0.37588749,  0.4696231 , -0.20721098, -0.05355421, -0.10050136,
       -0.17138722]) 

Generation: 630 
 - Generation Avg Fit: 212.34798355593787 
 - Best Fitness: 353.6854085027392
 - Best Solution: array([-0.00122304, -0.40787604,  0.31131739, -0.10620645, -0.00811562,
        0.37546733, -0.00550199, -0.47097723, -0.13620048,  0.25419703,
       -0.00565001, -0.23743135,  0.18420829, -0.52602963, -0.53202662,
       -0.18513971, -0.33042974,  0.47964944,  0.20390248, -0.06520912,
       -0.13501299, -0.26577706,  0.10088144,  0.42500712,  0.28986313,
       -0.20171245,  0.39839088, -0.0842673 ,  0.40347435,  0.1456457 ,
        0.37588749,  0.4696231 , -0.20721098, -0.05355421, -0.10050136,
       -0.17138722]) 

Generation: 631 
 - Generation Avg Fit: 204.1352276907836 
 - Best Fitness: 353.6854085027392
 - Best Solution: array([-0.00122304, -0.40787604,  0.31131739, -0.10620645, -0.00811562,
        0.37546733, -0.00550199, -0.47097723, -0.13620048,  0.25419703,
       -0.00565001, -0.23743135,  0.18420829, -0.52602963, -0.53202662,
       -0.18513971, -0.33042974,  0.47964944,  0.20390248, -0.06520912,
       -0.13501299, -0.26577706,  0.10088144,  0.42500712,  0.28986313,
       -0.20171245,  0.39839088, -0.0842673 ,  0.40347435,  0.1456457 ,
        0.37588749,  0.4696231 , -0.20721098, -0.05355421, -0.10050136,
       -0.17138722]) 

Generation: 632 
 - Generation Avg Fit: 206.3687591961148 
 - Best Fitness: 353.6854085027392
 - Best Solution: array([-0.00122304, -0.40787604,  0.31131739, -0.10620645, -0.00811562,
        0.37546733, -0.00550199, -0.47097723, -0.13620048,  0.25419703,
       -0.00565001, -0.23743135,  0.18420829, -0.52602963, -0.53202662,
       -0.18513971, -0.33042974,  0.47964944,  0.20390248, -0.06520912,
       -0.13501299, -0.26577706,  0.10088144,  0.42500712,  0.28986313,
       -0.20171245,  0.39839088, -0.0842673 ,  0.40347435,  0.1456457 ,
        0.37588749,  0.4696231 , -0.20721098, -0.05355421, -0.10050136,
       -0.17138722]) 

Generation: 633 
 - Generation Avg Fit: 207.01756775023077 
 - Best Fitness: 353.6854085027392
 - Best Solution: array([-0.00122304, -0.40787604,  0.31131739, -0.10620645, -0.00811562,
        0.37546733, -0.00550199, -0.47097723, -0.13620048,  0.25419703,
       -0.00565001, -0.23743135,  0.18420829, -0.52602963, -0.53202662,
       -0.18513971, -0.33042974,  0.47964944,  0.20390248, -0.06520912,
       -0.13501299, -0.26577706,  0.10088144,  0.42500712,  0.28986313,
       -0.20171245,  0.39839088, -0.0842673 ,  0.40347435,  0.1456457 ,
        0.37588749,  0.4696231 , -0.20721098, -0.05355421, -0.10050136,
       -0.17138722]) 

Generation: 634 
 - Generation Avg Fit: 210.97903639471696 
 - Best Fitness: 353.6854085027392
 - Best Solution: array([-0.00122304, -0.40787604,  0.31131739, -0.10620645, -0.00811562,
        0.37546733, -0.00550199, -0.47097723, -0.13620048,  0.25419703,
       -0.00565001, -0.23743135,  0.18420829, -0.52602963, -0.53202662,
       -0.18513971, -0.33042974,  0.47964944,  0.20390248, -0.06520912,
       -0.13501299, -0.26577706,  0.10088144,  0.42500712,  0.28986313,
       -0.20171245,  0.39839088, -0.0842673 ,  0.40347435,  0.1456457 ,
        0.37588749,  0.4696231 , -0.20721098, -0.05355421, -0.10050136,
       -0.17138722]) 

Generation: 635 
 - Generation Avg Fit: 208.40638415546056 
 - Best Fitness: 353.6854085027392
 - Best Solution: array([-0.00122304, -0.40787604,  0.31131739, -0.10620645, -0.00811562,
        0.37546733, -0.00550199, -0.47097723, -0.13620048,  0.25419703,
       -0.00565001, -0.23743135,  0.18420829, -0.52602963, -0.53202662,
       -0.18513971, -0.33042974,  0.47964944,  0.20390248, -0.06520912,
       -0.13501299, -0.26577706,  0.10088144,  0.42500712,  0.28986313,
       -0.20171245,  0.39839088, -0.0842673 ,  0.40347435,  0.1456457 ,
        0.37588749,  0.4696231 , -0.20721098, -0.05355421, -0.10050136,
       -0.17138722]) 

Generation: 636 
 - Generation Avg Fit: 210.64439954782193 
 - Best Fitness: 353.6854085027392
 - Best Solution: array([-0.00122304, -0.40787604,  0.31131739, -0.10620645, -0.00811562,
        0.37546733, -0.00550199, -0.47097723, -0.13620048,  0.25419703,
       -0.00565001, -0.23743135,  0.18420829, -0.52602963, -0.53202662,
       -0.18513971, -0.33042974,  0.47964944,  0.20390248, -0.06520912,
       -0.13501299, -0.26577706,  0.10088144,  0.42500712,  0.28986313,
       -0.20171245,  0.39839088, -0.0842673 ,  0.40347435,  0.1456457 ,
        0.37588749,  0.4696231 , -0.20721098, -0.05355421, -0.10050136,
       -0.17138722]) 

Generation: 637 
 - Generation Avg Fit: 210.92176190076367 
 - Best Fitness: 353.6854085027392
 - Best Solution: array([-0.00122304, -0.40787604,  0.31131739, -0.10620645, -0.00811562,
        0.37546733, -0.00550199, -0.47097723, -0.13620048,  0.25419703,
       -0.00565001, -0.23743135,  0.18420829, -0.52602963, -0.53202662,
       -0.18513971, -0.33042974,  0.47964944,  0.20390248, -0.06520912,
       -0.13501299, -0.26577706,  0.10088144,  0.42500712,  0.28986313,
       -0.20171245,  0.39839088, -0.0842673 ,  0.40347435,  0.1456457 ,
        0.37588749,  0.4696231 , -0.20721098, -0.05355421, -0.10050136,
       -0.17138722]) 

Generation: 638 
 - Generation Avg Fit: 200.5447270838313 
 - Best Fitness: 353.6854085027392
 - Best Solution: array([-0.00122304, -0.40787604,  0.31131739, -0.10620645, -0.00811562,
        0.37546733, -0.00550199, -0.47097723, -0.13620048,  0.25419703,
       -0.00565001, -0.23743135,  0.18420829, -0.52602963, -0.53202662,
       -0.18513971, -0.33042974,  0.47964944,  0.20390248, -0.06520912,
       -0.13501299, -0.26577706,  0.10088144,  0.42500712,  0.28986313,
       -0.20171245,  0.39839088, -0.0842673 ,  0.40347435,  0.1456457 ,
        0.37588749,  0.4696231 , -0.20721098, -0.05355421, -0.10050136,
       -0.17138722]) 

Generation: 639 
 - Generation Avg Fit: 212.72218879742476 
 - Best Fitness: 353.6854085027392
 - Best Solution: array([-0.00122304, -0.40787604,  0.31131739, -0.10620645, -0.00811562,
        0.37546733, -0.00550199, -0.47097723, -0.13620048,  0.25419703,
       -0.00565001, -0.23743135,  0.18420829, -0.52602963, -0.53202662,
       -0.18513971, -0.33042974,  0.47964944,  0.20390248, -0.06520912,
       -0.13501299, -0.26577706,  0.10088144,  0.42500712,  0.28986313,
       -0.20171245,  0.39839088, -0.0842673 ,  0.40347435,  0.1456457 ,
        0.37588749,  0.4696231 , -0.20721098, -0.05355421, -0.10050136,
       -0.17138722]) 

Generation: 640 
 - Generation Avg Fit: 213.0268920062238 
 - Best Fitness: 353.6854085027392
 - Best Solution: array([-0.00122304, -0.40787604,  0.31131739, -0.10620645, -0.00811562,
        0.37546733, -0.00550199, -0.47097723, -0.13620048,  0.25419703,
       -0.00565001, -0.23743135,  0.18420829, -0.52602963, -0.53202662,
       -0.18513971, -0.33042974,  0.47964944,  0.20390248, -0.06520912,
       -0.13501299, -0.26577706,  0.10088144,  0.42500712,  0.28986313,
       -0.20171245,  0.39839088, -0.0842673 ,  0.40347435,  0.1456457 ,
        0.37588749,  0.4696231 , -0.20721098, -0.05355421, -0.10050136,
       -0.17138722]) 

Generation: 641 
 - Generation Avg Fit: 211.43234731589374 
 - Best Fitness: 353.6854085027392
 - Best Solution: array([-0.00122304, -0.40787604,  0.31131739, -0.10620645, -0.00811562,
        0.37546733, -0.00550199, -0.47097723, -0.13620048,  0.25419703,
       -0.00565001, -0.23743135,  0.18420829, -0.52602963, -0.53202662,
       -0.18513971, -0.33042974,  0.47964944,  0.20390248, -0.06520912,
       -0.13501299, -0.26577706,  0.10088144,  0.42500712,  0.28986313,
       -0.20171245,  0.39839088, -0.0842673 ,  0.40347435,  0.1456457 ,
        0.37588749,  0.4696231 , -0.20721098, -0.05355421, -0.10050136,
       -0.17138722]) 

Generation: 642 
 - Generation Avg Fit: 202.84559912679518 
 - Best Fitness: 353.6854085027392
 - Best Solution: array([-0.00122304, -0.40787604,  0.31131739, -0.10620645, -0.00811562,
        0.37546733, -0.00550199, -0.47097723, -0.13620048,  0.25419703,
       -0.00565001, -0.23743135,  0.18420829, -0.52602963, -0.53202662,
       -0.18513971, -0.33042974,  0.47964944,  0.20390248, -0.06520912,
       -0.13501299, -0.26577706,  0.10088144,  0.42500712,  0.28986313,
       -0.20171245,  0.39839088, -0.0842673 ,  0.40347435,  0.1456457 ,
        0.37588749,  0.4696231 , -0.20721098, -0.05355421, -0.10050136,
       -0.17138722]) 

Generation: 643 
 - Generation Avg Fit: 211.62693099002155 
 - Best Fitness: 353.6854085027392
 - Best Solution: array([-0.00122304, -0.40787604,  0.31131739, -0.10620645, -0.00811562,
        0.37546733, -0.00550199, -0.47097723, -0.13620048,  0.25419703,
       -0.00565001, -0.23743135,  0.18420829, -0.52602963, -0.53202662,
       -0.18513971, -0.33042974,  0.47964944,  0.20390248, -0.06520912,
       -0.13501299, -0.26577706,  0.10088144,  0.42500712,  0.28986313,
       -0.20171245,  0.39839088, -0.0842673 ,  0.40347435,  0.1456457 ,
        0.37588749,  0.4696231 , -0.20721098, -0.05355421, -0.10050136,
       -0.17138722]) 

Generation: 644 
 - Generation Avg Fit: 203.97242880897696 
 - Best Fitness: 353.6854085027392
 - Best Solution: array([-0.00122304, -0.40787604,  0.31131739, -0.10620645, -0.00811562,
        0.37546733, -0.00550199, -0.47097723, -0.13620048,  0.25419703,
       -0.00565001, -0.23743135,  0.18420829, -0.52602963, -0.53202662,
       -0.18513971, -0.33042974,  0.47964944,  0.20390248, -0.06520912,
       -0.13501299, -0.26577706,  0.10088144,  0.42500712,  0.28986313,
       -0.20171245,  0.39839088, -0.0842673 ,  0.40347435,  0.1456457 ,
        0.37588749,  0.4696231 , -0.20721098, -0.05355421, -0.10050136,
       -0.17138722]) 

Generation: 645 
 - Generation Avg Fit: 195.17976111506206 
 - Best Fitness: 353.6854085027392
 - Best Solution: array([-0.00122304, -0.40787604,  0.31131739, -0.10620645, -0.00811562,
        0.37546733, -0.00550199, -0.47097723, -0.13620048,  0.25419703,
       -0.00565001, -0.23743135,  0.18420829, -0.52602963, -0.53202662,
       -0.18513971, -0.33042974,  0.47964944,  0.20390248, -0.06520912,
       -0.13501299, -0.26577706,  0.10088144,  0.42500712,  0.28986313,
       -0.20171245,  0.39839088, -0.0842673 ,  0.40347435,  0.1456457 ,
        0.37588749,  0.4696231 , -0.20721098, -0.05355421, -0.10050136,
       -0.17138722]) 

Generation: 646 
 - Generation Avg Fit: 204.69759559259742 
 - Best Fitness: 353.6854085027392
 - Best Solution: array([-0.00122304, -0.40787604,  0.31131739, -0.10620645, -0.00811562,
        0.37546733, -0.00550199, -0.47097723, -0.13620048,  0.25419703,
       -0.00565001, -0.23743135,  0.18420829, -0.52602963, -0.53202662,
       -0.18513971, -0.33042974,  0.47964944,  0.20390248, -0.06520912,
       -0.13501299, -0.26577706,  0.10088144,  0.42500712,  0.28986313,
       -0.20171245,  0.39839088, -0.0842673 ,  0.40347435,  0.1456457 ,
        0.37588749,  0.4696231 , -0.20721098, -0.05355421, -0.10050136,
       -0.17138722]) 

Generation: 647 
 - Generation Avg Fit: 212.81695246328553 
 - Best Fitness: 353.6854085027392
 - Best Solution: array([-0.00122304, -0.40787604,  0.31131739, -0.10620645, -0.00811562,
        0.37546733, -0.00550199, -0.47097723, -0.13620048,  0.25419703,
       -0.00565001, -0.23743135,  0.18420829, -0.52602963, -0.53202662,
       -0.18513971, -0.33042974,  0.47964944,  0.20390248, -0.06520912,
       -0.13501299, -0.26577706,  0.10088144,  0.42500712,  0.28986313,
       -0.20171245,  0.39839088, -0.0842673 ,  0.40347435,  0.1456457 ,
        0.37588749,  0.4696231 , -0.20721098, -0.05355421, -0.10050136,
       -0.17138722]) 

Generation: 648 
 - Generation Avg Fit: 204.6977495841321 
 - Best Fitness: 353.6854085027392
 - Best Solution: array([-0.00122304, -0.40787604,  0.31131739, -0.10620645, -0.00811562,
        0.37546733, -0.00550199, -0.47097723, -0.13620048,  0.25419703,
       -0.00565001, -0.23743135,  0.18420829, -0.52602963, -0.53202662,
       -0.18513971, -0.33042974,  0.47964944,  0.20390248, -0.06520912,
       -0.13501299, -0.26577706,  0.10088144,  0.42500712,  0.28986313,
       -0.20171245,  0.39839088, -0.0842673 ,  0.40347435,  0.1456457 ,
        0.37588749,  0.4696231 , -0.20721098, -0.05355421, -0.10050136,
       -0.17138722]) 

Generation: 649 
 - Generation Avg Fit: 208.9533210350402 
 - Best Fitness: 353.6854085027392
 - Best Solution: array([-0.00122304, -0.40787604,  0.31131739, -0.10620645, -0.00811562,
        0.37546733, -0.00550199, -0.47097723, -0.13620048,  0.25419703,
       -0.00565001, -0.23743135,  0.18420829, -0.52602963, -0.53202662,
       -0.18513971, -0.33042974,  0.47964944,  0.20390248, -0.06520912,
       -0.13501299, -0.26577706,  0.10088144,  0.42500712,  0.28986313,
       -0.20171245,  0.39839088, -0.0842673 ,  0.40347435,  0.1456457 ,
        0.37588749,  0.4696231 , -0.20721098, -0.05355421, -0.10050136,
       -0.17138722]) 

Generation: 650 
 - Generation Avg Fit: 217.44845434701818 
 - Best Fitness: 353.6854085027392
 - Best Solution: array([-0.00122304, -0.40787604,  0.31131739, -0.10620645, -0.00811562,
        0.37546733, -0.00550199, -0.47097723, -0.13620048,  0.25419703,
       -0.00565001, -0.23743135,  0.18420829, -0.52602963, -0.53202662,
       -0.18513971, -0.33042974,  0.47964944,  0.20390248, -0.06520912,
       -0.13501299, -0.26577706,  0.10088144,  0.42500712,  0.28986313,
       -0.20171245,  0.39839088, -0.0842673 ,  0.40347435,  0.1456457 ,
        0.37588749,  0.4696231 , -0.20721098, -0.05355421, -0.10050136,
       -0.17138722]) 

Generation: 651 
 - Generation Avg Fit: 213.22733474942913 
 - Best Fitness: 353.6854085027392
 - Best Solution: array([-0.00122304, -0.40787604,  0.31131739, -0.10620645, -0.00811562,
        0.37546733, -0.00550199, -0.47097723, -0.13620048,  0.25419703,
       -0.00565001, -0.23743135,  0.18420829, -0.52602963, -0.53202662,
       -0.18513971, -0.33042974,  0.47964944,  0.20390248, -0.06520912,
       -0.13501299, -0.26577706,  0.10088144,  0.42500712,  0.28986313,
       -0.20171245,  0.39839088, -0.0842673 ,  0.40347435,  0.1456457 ,
        0.37588749,  0.4696231 , -0.20721098, -0.05355421, -0.10050136,
       -0.17138722]) 

Generation: 652 
 - Generation Avg Fit: 216.17176235517297 
 - Best Fitness: 353.6854085027392
 - Best Solution: array([-0.00122304, -0.40787604,  0.31131739, -0.10620645, -0.00811562,
        0.37546733, -0.00550199, -0.47097723, -0.13620048,  0.25419703,
       -0.00565001, -0.23743135,  0.18420829, -0.52602963, -0.53202662,
       -0.18513971, -0.33042974,  0.47964944,  0.20390248, -0.06520912,
       -0.13501299, -0.26577706,  0.10088144,  0.42500712,  0.28986313,
       -0.20171245,  0.39839088, -0.0842673 ,  0.40347435,  0.1456457 ,
        0.37588749,  0.4696231 , -0.20721098, -0.05355421, -0.10050136,
       -0.17138722]) 

Generation: 653 
 - Generation Avg Fit: 200.68213641152667 
 - Best Fitness: 353.6854085027392
 - Best Solution: array([-0.00122304, -0.40787604,  0.31131739, -0.10620645, -0.00811562,
        0.37546733, -0.00550199, -0.47097723, -0.13620048,  0.25419703,
       -0.00565001, -0.23743135,  0.18420829, -0.52602963, -0.53202662,
       -0.18513971, -0.33042974,  0.47964944,  0.20390248, -0.06520912,
       -0.13501299, -0.26577706,  0.10088144,  0.42500712,  0.28986313,
       -0.20171245,  0.39839088, -0.0842673 ,  0.40347435,  0.1456457 ,
        0.37588749,  0.4696231 , -0.20721098, -0.05355421, -0.10050136,
       -0.17138722]) 

Generation: 654 
 - Generation Avg Fit: 205.6343927750681 
 - Best Fitness: 353.6854085027392
 - Best Solution: array([-0.00122304, -0.40787604,  0.31131739, -0.10620645, -0.00811562,
        0.37546733, -0.00550199, -0.47097723, -0.13620048,  0.25419703,
       -0.00565001, -0.23743135,  0.18420829, -0.52602963, -0.53202662,
       -0.18513971, -0.33042974,  0.47964944,  0.20390248, -0.06520912,
       -0.13501299, -0.26577706,  0.10088144,  0.42500712,  0.28986313,
       -0.20171245,  0.39839088, -0.0842673 ,  0.40347435,  0.1456457 ,
        0.37588749,  0.4696231 , -0.20721098, -0.05355421, -0.10050136,
       -0.17138722]) 

Generation: 655 
 - Generation Avg Fit: 205.78899887497482 
 - Best Fitness: 353.6854085027392
 - Best Solution: array([-0.00122304, -0.40787604,  0.31131739, -0.10620645, -0.00811562,
        0.37546733, -0.00550199, -0.47097723, -0.13620048,  0.25419703,
       -0.00565001, -0.23743135,  0.18420829, -0.52602963, -0.53202662,
       -0.18513971, -0.33042974,  0.47964944,  0.20390248, -0.06520912,
       -0.13501299, -0.26577706,  0.10088144,  0.42500712,  0.28986313,
       -0.20171245,  0.39839088, -0.0842673 ,  0.40347435,  0.1456457 ,
        0.37588749,  0.4696231 , -0.20721098, -0.05355421, -0.10050136,
       -0.17138722]) 

Generation: 656 
 - Generation Avg Fit: 196.34570183574678 
 - Best Fitness: 353.6854085027392
 - Best Solution: array([-0.00122304, -0.40787604,  0.31131739, -0.10620645, -0.00811562,
        0.37546733, -0.00550199, -0.47097723, -0.13620048,  0.25419703,
       -0.00565001, -0.23743135,  0.18420829, -0.52602963, -0.53202662,
       -0.18513971, -0.33042974,  0.47964944,  0.20390248, -0.06520912,
       -0.13501299, -0.26577706,  0.10088144,  0.42500712,  0.28986313,
       -0.20171245,  0.39839088, -0.0842673 ,  0.40347435,  0.1456457 ,
        0.37588749,  0.4696231 , -0.20721098, -0.05355421, -0.10050136,
       -0.17138722]) 

Generation: 657 
 - Generation Avg Fit: 219.4651430176708 
 - Best Fitness: 353.6854085027392
 - Best Solution: array([-0.00122304, -0.40787604,  0.31131739, -0.10620645, -0.00811562,
        0.37546733, -0.00550199, -0.47097723, -0.13620048,  0.25419703,
       -0.00565001, -0.23743135,  0.18420829, -0.52602963, -0.53202662,
       -0.18513971, -0.33042974,  0.47964944,  0.20390248, -0.06520912,
       -0.13501299, -0.26577706,  0.10088144,  0.42500712,  0.28986313,
       -0.20171245,  0.39839088, -0.0842673 ,  0.40347435,  0.1456457 ,
        0.37588749,  0.4696231 , -0.20721098, -0.05355421, -0.10050136,
       -0.17138722]) 

Generation: 658 
 - Generation Avg Fit: 210.19423825954343 
 - Best Fitness: 353.6854085027392
 - Best Solution: array([-0.00122304, -0.40787604,  0.31131739, -0.10620645, -0.00811562,
        0.37546733, -0.00550199, -0.47097723, -0.13620048,  0.25419703,
       -0.00565001, -0.23743135,  0.18420829, -0.52602963, -0.53202662,
       -0.18513971, -0.33042974,  0.47964944,  0.20390248, -0.06520912,
       -0.13501299, -0.26577706,  0.10088144,  0.42500712,  0.28986313,
       -0.20171245,  0.39839088, -0.0842673 ,  0.40347435,  0.1456457 ,
        0.37588749,  0.4696231 , -0.20721098, -0.05355421, -0.10050136,
       -0.17138722]) 

Generation: 659 
 - Generation Avg Fit: 215.86737576138836 
 - Best Fitness: 353.6854085027392
 - Best Solution: array([-0.00122304, -0.40787604,  0.31131739, -0.10620645, -0.00811562,
        0.37546733, -0.00550199, -0.47097723, -0.13620048,  0.25419703,
       -0.00565001, -0.23743135,  0.18420829, -0.52602963, -0.53202662,
       -0.18513971, -0.33042974,  0.47964944,  0.20390248, -0.06520912,
       -0.13501299, -0.26577706,  0.10088144,  0.42500712,  0.28986313,
       -0.20171245,  0.39839088, -0.0842673 ,  0.40347435,  0.1456457 ,
        0.37588749,  0.4696231 , -0.20721098, -0.05355421, -0.10050136,
       -0.17138722]) 

Generation: 660 
 - Generation Avg Fit: 212.61307602883463 
 - Best Fitness: 353.6854085027392
 - Best Solution: array([-0.00122304, -0.40787604,  0.31131739, -0.10620645, -0.00811562,
        0.37546733, -0.00550199, -0.47097723, -0.13620048,  0.25419703,
       -0.00565001, -0.23743135,  0.18420829, -0.52602963, -0.53202662,
       -0.18513971, -0.33042974,  0.47964944,  0.20390248, -0.06520912,
       -0.13501299, -0.26577706,  0.10088144,  0.42500712,  0.28986313,
       -0.20171245,  0.39839088, -0.0842673 ,  0.40347435,  0.1456457 ,
        0.37588749,  0.4696231 , -0.20721098, -0.05355421, -0.10050136,
       -0.17138722]) 

Generation: 661 
 - Generation Avg Fit: 204.2250226740568 
 - Best Fitness: 353.6854085027392
 - Best Solution: array([-0.00122304, -0.40787604,  0.31131739, -0.10620645, -0.00811562,
        0.37546733, -0.00550199, -0.47097723, -0.13620048,  0.25419703,
       -0.00565001, -0.23743135,  0.18420829, -0.52602963, -0.53202662,
       -0.18513971, -0.33042974,  0.47964944,  0.20390248, -0.06520912,
       -0.13501299, -0.26577706,  0.10088144,  0.42500712,  0.28986313,
       -0.20171245,  0.39839088, -0.0842673 ,  0.40347435,  0.1456457 ,
        0.37588749,  0.4696231 , -0.20721098, -0.05355421, -0.10050136,
       -0.17138722]) 

Generation: 662 
 - Generation Avg Fit: 221.82274944557597 
 - Best Fitness: 353.6854085027392
 - Best Solution: array([-0.00122304, -0.40787604,  0.31131739, -0.10620645, -0.00811562,
        0.37546733, -0.00550199, -0.47097723, -0.13620048,  0.25419703,
       -0.00565001, -0.23743135,  0.18420829, -0.52602963, -0.53202662,
       -0.18513971, -0.33042974,  0.47964944,  0.20390248, -0.06520912,
       -0.13501299, -0.26577706,  0.10088144,  0.42500712,  0.28986313,
       -0.20171245,  0.39839088, -0.0842673 ,  0.40347435,  0.1456457 ,
        0.37588749,  0.4696231 , -0.20721098, -0.05355421, -0.10050136,
       -0.17138722]) 

Generation: 663 
 - Generation Avg Fit: 204.6077432913361 
 - Best Fitness: 353.6854085027392
 - Best Solution: array([-0.00122304, -0.40787604,  0.31131739, -0.10620645, -0.00811562,
        0.37546733, -0.00550199, -0.47097723, -0.13620048,  0.25419703,
       -0.00565001, -0.23743135,  0.18420829, -0.52602963, -0.53202662,
       -0.18513971, -0.33042974,  0.47964944,  0.20390248, -0.06520912,
       -0.13501299, -0.26577706,  0.10088144,  0.42500712,  0.28986313,
       -0.20171245,  0.39839088, -0.0842673 ,  0.40347435,  0.1456457 ,
        0.37588749,  0.4696231 , -0.20721098, -0.05355421, -0.10050136,
       -0.17138722]) 

Generation: 664 
 - Generation Avg Fit: 221.04013905494787 
 - Best Fitness: 353.6854085027392
 - Best Solution: array([-0.00122304, -0.40787604,  0.31131739, -0.10620645, -0.00811562,
        0.37546733, -0.00550199, -0.47097723, -0.13620048,  0.25419703,
       -0.00565001, -0.23743135,  0.18420829, -0.52602963, -0.53202662,
       -0.18513971, -0.33042974,  0.47964944,  0.20390248, -0.06520912,
       -0.13501299, -0.26577706,  0.10088144,  0.42500712,  0.28986313,
       -0.20171245,  0.39839088, -0.0842673 ,  0.40347435,  0.1456457 ,
        0.37588749,  0.4696231 , -0.20721098, -0.05355421, -0.10050136,
       -0.17138722]) 

Generation: 665 
 - Generation Avg Fit: 220.06914781204446 
 - Best Fitness: 353.6854085027392
 - Best Solution: array([-0.00122304, -0.40787604,  0.31131739, -0.10620645, -0.00811562,
        0.37546733, -0.00550199, -0.47097723, -0.13620048,  0.25419703,
       -0.00565001, -0.23743135,  0.18420829, -0.52602963, -0.53202662,
       -0.18513971, -0.33042974,  0.47964944,  0.20390248, -0.06520912,
       -0.13501299, -0.26577706,  0.10088144,  0.42500712,  0.28986313,
       -0.20171245,  0.39839088, -0.0842673 ,  0.40347435,  0.1456457 ,
        0.37588749,  0.4696231 , -0.20721098, -0.05355421, -0.10050136,
       -0.17138722]) 

Generation: 666 
 - Generation Avg Fit: 211.8473228495134 
 - Best Fitness: 353.6854085027392
 - Best Solution: array([-0.00122304, -0.40787604,  0.31131739, -0.10620645, -0.00811562,
        0.37546733, -0.00550199, -0.47097723, -0.13620048,  0.25419703,
       -0.00565001, -0.23743135,  0.18420829, -0.52602963, -0.53202662,
       -0.18513971, -0.33042974,  0.47964944,  0.20390248, -0.06520912,
       -0.13501299, -0.26577706,  0.10088144,  0.42500712,  0.28986313,
       -0.20171245,  0.39839088, -0.0842673 ,  0.40347435,  0.1456457 ,
        0.37588749,  0.4696231 , -0.20721098, -0.05355421, -0.10050136,
       -0.17138722]) 

Generation: 667 
 - Generation Avg Fit: 206.21497340924856 
 - Best Fitness: 353.6854085027392
 - Best Solution: array([-0.00122304, -0.40787604,  0.31131739, -0.10620645, -0.00811562,
        0.37546733, -0.00550199, -0.47097723, -0.13620048,  0.25419703,
       -0.00565001, -0.23743135,  0.18420829, -0.52602963, -0.53202662,
       -0.18513971, -0.33042974,  0.47964944,  0.20390248, -0.06520912,
       -0.13501299, -0.26577706,  0.10088144,  0.42500712,  0.28986313,
       -0.20171245,  0.39839088, -0.0842673 ,  0.40347435,  0.1456457 ,
        0.37588749,  0.4696231 , -0.20721098, -0.05355421, -0.10050136,
       -0.17138722]) 

Generation: 668 
 - Generation Avg Fit: 211.6370166641238 
 - Best Fitness: 353.6854085027392
 - Best Solution: array([-0.00122304, -0.40787604,  0.31131739, -0.10620645, -0.00811562,
        0.37546733, -0.00550199, -0.47097723, -0.13620048,  0.25419703,
       -0.00565001, -0.23743135,  0.18420829, -0.52602963, -0.53202662,
       -0.18513971, -0.33042974,  0.47964944,  0.20390248, -0.06520912,
       -0.13501299, -0.26577706,  0.10088144,  0.42500712,  0.28986313,
       -0.20171245,  0.39839088, -0.0842673 ,  0.40347435,  0.1456457 ,
        0.37588749,  0.4696231 , -0.20721098, -0.05355421, -0.10050136,
       -0.17138722]) 

Generation: 669 
 - Generation Avg Fit: 216.35069464257793 
 - Best Fitness: 353.6854085027392
 - Best Solution: array([-0.00122304, -0.40787604,  0.31131739, -0.10620645, -0.00811562,
        0.37546733, -0.00550199, -0.47097723, -0.13620048,  0.25419703,
       -0.00565001, -0.23743135,  0.18420829, -0.52602963, -0.53202662,
       -0.18513971, -0.33042974,  0.47964944,  0.20390248, -0.06520912,
       -0.13501299, -0.26577706,  0.10088144,  0.42500712,  0.28986313,
       -0.20171245,  0.39839088, -0.0842673 ,  0.40347435,  0.1456457 ,
        0.37588749,  0.4696231 , -0.20721098, -0.05355421, -0.10050136,
       -0.17138722]) 

Generation: 670 
 - Generation Avg Fit: 211.44757048128832 
 - Best Fitness: 353.6854085027392
 - Best Solution: array([-0.00122304, -0.40787604,  0.31131739, -0.10620645, -0.00811562,
        0.37546733, -0.00550199, -0.47097723, -0.13620048,  0.25419703,
       -0.00565001, -0.23743135,  0.18420829, -0.52602963, -0.53202662,
       -0.18513971, -0.33042974,  0.47964944,  0.20390248, -0.06520912,
       -0.13501299, -0.26577706,  0.10088144,  0.42500712,  0.28986313,
       -0.20171245,  0.39839088, -0.0842673 ,  0.40347435,  0.1456457 ,
        0.37588749,  0.4696231 , -0.20721098, -0.05355421, -0.10050136,
       -0.17138722]) 

Generation: 671 
 - Generation Avg Fit: 210.47244936738423 
 - Best Fitness: 353.6854085027392
 - Best Solution: array([-0.00122304, -0.40787604,  0.31131739, -0.10620645, -0.00811562,
        0.37546733, -0.00550199, -0.47097723, -0.13620048,  0.25419703,
       -0.00565001, -0.23743135,  0.18420829, -0.52602963, -0.53202662,
       -0.18513971, -0.33042974,  0.47964944,  0.20390248, -0.06520912,
       -0.13501299, -0.26577706,  0.10088144,  0.42500712,  0.28986313,
       -0.20171245,  0.39839088, -0.0842673 ,  0.40347435,  0.1456457 ,
        0.37588749,  0.4696231 , -0.20721098, -0.05355421, -0.10050136,
       -0.17138722]) 

Generation: 672 
 - Generation Avg Fit: 213.56090776387893 
 - Best Fitness: 353.6854085027392
 - Best Solution: array([-0.00122304, -0.40787604,  0.31131739, -0.10620645, -0.00811562,
        0.37546733, -0.00550199, -0.47097723, -0.13620048,  0.25419703,
       -0.00565001, -0.23743135,  0.18420829, -0.52602963, -0.53202662,
       -0.18513971, -0.33042974,  0.47964944,  0.20390248, -0.06520912,
       -0.13501299, -0.26577706,  0.10088144,  0.42500712,  0.28986313,
       -0.20171245,  0.39839088, -0.0842673 ,  0.40347435,  0.1456457 ,
        0.37588749,  0.4696231 , -0.20721098, -0.05355421, -0.10050136,
       -0.17138722]) 

Generation: 673 
 - Generation Avg Fit: 226.74051919527912 
 - Best Fitness: 353.6854085027392
 - Best Solution: array([-0.00122304, -0.40787604,  0.31131739, -0.10620645, -0.00811562,
        0.37546733, -0.00550199, -0.47097723, -0.13620048,  0.25419703,
       -0.00565001, -0.23743135,  0.18420829, -0.52602963, -0.53202662,
       -0.18513971, -0.33042974,  0.47964944,  0.20390248, -0.06520912,
       -0.13501299, -0.26577706,  0.10088144,  0.42500712,  0.28986313,
       -0.20171245,  0.39839088, -0.0842673 ,  0.40347435,  0.1456457 ,
        0.37588749,  0.4696231 , -0.20721098, -0.05355421, -0.10050136,
       -0.17138722]) 

Generation: 674 
 - Generation Avg Fit: 209.3715740079701 
 - Best Fitness: 353.6854085027392
 - Best Solution: array([-0.00122304, -0.40787604,  0.31131739, -0.10620645, -0.00811562,
        0.37546733, -0.00550199, -0.47097723, -0.13620048,  0.25419703,
       -0.00565001, -0.23743135,  0.18420829, -0.52602963, -0.53202662,
       -0.18513971, -0.33042974,  0.47964944,  0.20390248, -0.06520912,
       -0.13501299, -0.26577706,  0.10088144,  0.42500712,  0.28986313,
       -0.20171245,  0.39839088, -0.0842673 ,  0.40347435,  0.1456457 ,
        0.37588749,  0.4696231 , -0.20721098, -0.05355421, -0.10050136,
       -0.17138722]) 

Generation: 675 
 - Generation Avg Fit: 206.8720747052205 
 - Best Fitness: 353.6854085027392
 - Best Solution: array([-0.00122304, -0.40787604,  0.31131739, -0.10620645, -0.00811562,
        0.37546733, -0.00550199, -0.47097723, -0.13620048,  0.25419703,
       -0.00565001, -0.23743135,  0.18420829, -0.52602963, -0.53202662,
       -0.18513971, -0.33042974,  0.47964944,  0.20390248, -0.06520912,
       -0.13501299, -0.26577706,  0.10088144,  0.42500712,  0.28986313,
       -0.20171245,  0.39839088, -0.0842673 ,  0.40347435,  0.1456457 ,
        0.37588749,  0.4696231 , -0.20721098, -0.05355421, -0.10050136,
       -0.17138722]) 

Generation: 676 
 - Generation Avg Fit: 206.5423678546908 
 - Best Fitness: 353.6854085027392
 - Best Solution: array([-0.00122304, -0.40787604,  0.31131739, -0.10620645, -0.00811562,
        0.37546733, -0.00550199, -0.47097723, -0.13620048,  0.25419703,
       -0.00565001, -0.23743135,  0.18420829, -0.52602963, -0.53202662,
       -0.18513971, -0.33042974,  0.47964944,  0.20390248, -0.06520912,
       -0.13501299, -0.26577706,  0.10088144,  0.42500712,  0.28986313,
       -0.20171245,  0.39839088, -0.0842673 ,  0.40347435,  0.1456457 ,
        0.37588749,  0.4696231 , -0.20721098, -0.05355421, -0.10050136,
       -0.17138722]) 

Generation: 677 
 - Generation Avg Fit: 213.03527905918392 
 - Best Fitness: 353.6854085027392
 - Best Solution: array([-0.00122304, -0.40787604,  0.31131739, -0.10620645, -0.00811562,
        0.37546733, -0.00550199, -0.47097723, -0.13620048,  0.25419703,
       -0.00565001, -0.23743135,  0.18420829, -0.52602963, -0.53202662,
       -0.18513971, -0.33042974,  0.47964944,  0.20390248, -0.06520912,
       -0.13501299, -0.26577706,  0.10088144,  0.42500712,  0.28986313,
       -0.20171245,  0.39839088, -0.0842673 ,  0.40347435,  0.1456457 ,
        0.37588749,  0.4696231 , -0.20721098, -0.05355421, -0.10050136,
       -0.17138722]) 

Generation: 678 
 - Generation Avg Fit: 203.98825245748168 
 - Best Fitness: 353.6854085027392
 - Best Solution: array([-0.00122304, -0.40787604,  0.31131739, -0.10620645, -0.00811562,
        0.37546733, -0.00550199, -0.47097723, -0.13620048,  0.25419703,
       -0.00565001, -0.23743135,  0.18420829, -0.52602963, -0.53202662,
       -0.18513971, -0.33042974,  0.47964944,  0.20390248, -0.06520912,
       -0.13501299, -0.26577706,  0.10088144,  0.42500712,  0.28986313,
       -0.20171245,  0.39839088, -0.0842673 ,  0.40347435,  0.1456457 ,
        0.37588749,  0.4696231 , -0.20721098, -0.05355421, -0.10050136,
       -0.17138722]) 

Generation: 679 
 - Generation Avg Fit: 211.14385123395112 
 - Best Fitness: 353.6854085027392
 - Best Solution: array([-0.00122304, -0.40787604,  0.31131739, -0.10620645, -0.00811562,
        0.37546733, -0.00550199, -0.47097723, -0.13620048,  0.25419703,
       -0.00565001, -0.23743135,  0.18420829, -0.52602963, -0.53202662,
       -0.18513971, -0.33042974,  0.47964944,  0.20390248, -0.06520912,
       -0.13501299, -0.26577706,  0.10088144,  0.42500712,  0.28986313,
       -0.20171245,  0.39839088, -0.0842673 ,  0.40347435,  0.1456457 ,
        0.37588749,  0.4696231 , -0.20721098, -0.05355421, -0.10050136,
       -0.17138722]) 

Generation: 680 
 - Generation Avg Fit: 209.65126441033743 
 - Best Fitness: 353.6854085027392
 - Best Solution: array([-0.00122304, -0.40787604,  0.31131739, -0.10620645, -0.00811562,
        0.37546733, -0.00550199, -0.47097723, -0.13620048,  0.25419703,
       -0.00565001, -0.23743135,  0.18420829, -0.52602963, -0.53202662,
       -0.18513971, -0.33042974,  0.47964944,  0.20390248, -0.06520912,
       -0.13501299, -0.26577706,  0.10088144,  0.42500712,  0.28986313,
       -0.20171245,  0.39839088, -0.0842673 ,  0.40347435,  0.1456457 ,
        0.37588749,  0.4696231 , -0.20721098, -0.05355421, -0.10050136,
       -0.17138722]) 

Generation: 681 
 - Generation Avg Fit: 209.36176250649802 
 - Best Fitness: 353.6854085027392
 - Best Solution: array([-0.00122304, -0.40787604,  0.31131739, -0.10620645, -0.00811562,
        0.37546733, -0.00550199, -0.47097723, -0.13620048,  0.25419703,
       -0.00565001, -0.23743135,  0.18420829, -0.52602963, -0.53202662,
       -0.18513971, -0.33042974,  0.47964944,  0.20390248, -0.06520912,
       -0.13501299, -0.26577706,  0.10088144,  0.42500712,  0.28986313,
       -0.20171245,  0.39839088, -0.0842673 ,  0.40347435,  0.1456457 ,
        0.37588749,  0.4696231 , -0.20721098, -0.05355421, -0.10050136,
       -0.17138722]) 

Generation: 682 
 - Generation Avg Fit: 199.04914631085995 
 - Best Fitness: 353.6854085027392
 - Best Solution: array([-0.00122304, -0.40787604,  0.31131739, -0.10620645, -0.00811562,
        0.37546733, -0.00550199, -0.47097723, -0.13620048,  0.25419703,
       -0.00565001, -0.23743135,  0.18420829, -0.52602963, -0.53202662,
       -0.18513971, -0.33042974,  0.47964944,  0.20390248, -0.06520912,
       -0.13501299, -0.26577706,  0.10088144,  0.42500712,  0.28986313,
       -0.20171245,  0.39839088, -0.0842673 ,  0.40347435,  0.1456457 ,
        0.37588749,  0.4696231 , -0.20721098, -0.05355421, -0.10050136,
       -0.17138722]) 

Generation: 683 
 - Generation Avg Fit: 212.78877596412894 
 - Best Fitness: 353.6854085027392
 - Best Solution: array([-0.00122304, -0.40787604,  0.31131739, -0.10620645, -0.00811562,
        0.37546733, -0.00550199, -0.47097723, -0.13620048,  0.25419703,
       -0.00565001, -0.23743135,  0.18420829, -0.52602963, -0.53202662,
       -0.18513971, -0.33042974,  0.47964944,  0.20390248, -0.06520912,
       -0.13501299, -0.26577706,  0.10088144,  0.42500712,  0.28986313,
       -0.20171245,  0.39839088, -0.0842673 ,  0.40347435,  0.1456457 ,
        0.37588749,  0.4696231 , -0.20721098, -0.05355421, -0.10050136,
       -0.17138722]) 

Generation: 684 
 - Generation Avg Fit: 212.90765992437846 
 - Best Fitness: 353.6854085027392
 - Best Solution: array([-0.00122304, -0.40787604,  0.31131739, -0.10620645, -0.00811562,
        0.37546733, -0.00550199, -0.47097723, -0.13620048,  0.25419703,
       -0.00565001, -0.23743135,  0.18420829, -0.52602963, -0.53202662,
       -0.18513971, -0.33042974,  0.47964944,  0.20390248, -0.06520912,
       -0.13501299, -0.26577706,  0.10088144,  0.42500712,  0.28986313,
       -0.20171245,  0.39839088, -0.0842673 ,  0.40347435,  0.1456457 ,
        0.37588749,  0.4696231 , -0.20721098, -0.05355421, -0.10050136,
       -0.17138722]) 

Generation: 685 
 - Generation Avg Fit: 211.67244053955656 
 - Best Fitness: 353.6854085027392
 - Best Solution: array([-0.00122304, -0.40787604,  0.31131739, -0.10620645, -0.00811562,
        0.37546733, -0.00550199, -0.47097723, -0.13620048,  0.25419703,
       -0.00565001, -0.23743135,  0.18420829, -0.52602963, -0.53202662,
       -0.18513971, -0.33042974,  0.47964944,  0.20390248, -0.06520912,
       -0.13501299, -0.26577706,  0.10088144,  0.42500712,  0.28986313,
       -0.20171245,  0.39839088, -0.0842673 ,  0.40347435,  0.1456457 ,
        0.37588749,  0.4696231 , -0.20721098, -0.05355421, -0.10050136,
       -0.17138722]) 

Generation: 686 
 - Generation Avg Fit: 211.7158695467466 
 - Best Fitness: 353.6854085027392
 - Best Solution: array([-0.00122304, -0.40787604,  0.31131739, -0.10620645, -0.00811562,
        0.37546733, -0.00550199, -0.47097723, -0.13620048,  0.25419703,
       -0.00565001, -0.23743135,  0.18420829, -0.52602963, -0.53202662,
       -0.18513971, -0.33042974,  0.47964944,  0.20390248, -0.06520912,
       -0.13501299, -0.26577706,  0.10088144,  0.42500712,  0.28986313,
       -0.20171245,  0.39839088, -0.0842673 ,  0.40347435,  0.1456457 ,
        0.37588749,  0.4696231 , -0.20721098, -0.05355421, -0.10050136,
       -0.17138722]) 

Generation: 687 
 - Generation Avg Fit: 212.10898405735688 
 - Best Fitness: 353.6854085027392
 - Best Solution: array([-0.00122304, -0.40787604,  0.31131739, -0.10620645, -0.00811562,
        0.37546733, -0.00550199, -0.47097723, -0.13620048,  0.25419703,
       -0.00565001, -0.23743135,  0.18420829, -0.52602963, -0.53202662,
       -0.18513971, -0.33042974,  0.47964944,  0.20390248, -0.06520912,
       -0.13501299, -0.26577706,  0.10088144,  0.42500712,  0.28986313,
       -0.20171245,  0.39839088, -0.0842673 ,  0.40347435,  0.1456457 ,
        0.37588749,  0.4696231 , -0.20721098, -0.05355421, -0.10050136,
       -0.17138722]) 

Generation: 688 
 - Generation Avg Fit: 209.58751171572996 
 - Best Fitness: 353.6854085027392
 - Best Solution: array([-0.00122304, -0.40787604,  0.31131739, -0.10620645, -0.00811562,
        0.37546733, -0.00550199, -0.47097723, -0.13620048,  0.25419703,
       -0.00565001, -0.23743135,  0.18420829, -0.52602963, -0.53202662,
       -0.18513971, -0.33042974,  0.47964944,  0.20390248, -0.06520912,
       -0.13501299, -0.26577706,  0.10088144,  0.42500712,  0.28986313,
       -0.20171245,  0.39839088, -0.0842673 ,  0.40347435,  0.1456457 ,
        0.37588749,  0.4696231 , -0.20721098, -0.05355421, -0.10050136,
       -0.17138722]) 

Generation: 689 
 - Generation Avg Fit: 217.4274085457441 
 - Best Fitness: 353.6854085027392
 - Best Solution: array([-0.00122304, -0.40787604,  0.31131739, -0.10620645, -0.00811562,
        0.37546733, -0.00550199, -0.47097723, -0.13620048,  0.25419703,
       -0.00565001, -0.23743135,  0.18420829, -0.52602963, -0.53202662,
       -0.18513971, -0.33042974,  0.47964944,  0.20390248, -0.06520912,
       -0.13501299, -0.26577706,  0.10088144,  0.42500712,  0.28986313,
       -0.20171245,  0.39839088, -0.0842673 ,  0.40347435,  0.1456457 ,
        0.37588749,  0.4696231 , -0.20721098, -0.05355421, -0.10050136,
       -0.17138722]) 

Generation: 690 
 - Generation Avg Fit: 215.14659060001614 
 - Best Fitness: 353.6854085027392
 - Best Solution: array([-0.00122304, -0.40787604,  0.31131739, -0.10620645, -0.00811562,
        0.37546733, -0.00550199, -0.47097723, -0.13620048,  0.25419703,
       -0.00565001, -0.23743135,  0.18420829, -0.52602963, -0.53202662,
       -0.18513971, -0.33042974,  0.47964944,  0.20390248, -0.06520912,
       -0.13501299, -0.26577706,  0.10088144,  0.42500712,  0.28986313,
       -0.20171245,  0.39839088, -0.0842673 ,  0.40347435,  0.1456457 ,
        0.37588749,  0.4696231 , -0.20721098, -0.05355421, -0.10050136,
       -0.17138722]) 

Generation: 691 
 - Generation Avg Fit: 219.46488734677538 
 - Best Fitness: 353.6854085027392
 - Best Solution: array([-0.00122304, -0.40787604,  0.31131739, -0.10620645, -0.00811562,
        0.37546733, -0.00550199, -0.47097723, -0.13620048,  0.25419703,
       -0.00565001, -0.23743135,  0.18420829, -0.52602963, -0.53202662,
       -0.18513971, -0.33042974,  0.47964944,  0.20390248, -0.06520912,
       -0.13501299, -0.26577706,  0.10088144,  0.42500712,  0.28986313,
       -0.20171245,  0.39839088, -0.0842673 ,  0.40347435,  0.1456457 ,
        0.37588749,  0.4696231 , -0.20721098, -0.05355421, -0.10050136,
       -0.17138722]) 

Generation: 692 
 - Generation Avg Fit: 216.56231320455575 
 - Best Fitness: 353.6854085027392
 - Best Solution: array([-0.00122304, -0.40787604,  0.31131739, -0.10620645, -0.00811562,
        0.37546733, -0.00550199, -0.47097723, -0.13620048,  0.25419703,
       -0.00565001, -0.23743135,  0.18420829, -0.52602963, -0.53202662,
       -0.18513971, -0.33042974,  0.47964944,  0.20390248, -0.06520912,
       -0.13501299, -0.26577706,  0.10088144,  0.42500712,  0.28986313,
       -0.20171245,  0.39839088, -0.0842673 ,  0.40347435,  0.1456457 ,
        0.37588749,  0.4696231 , -0.20721098, -0.05355421, -0.10050136,
       -0.17138722]) 

Generation: 693 
 - Generation Avg Fit: 219.21580726448192 
 - Best Fitness: 353.6854085027392
 - Best Solution: array([-0.00122304, -0.40787604,  0.31131739, -0.10620645, -0.00811562,
        0.37546733, -0.00550199, -0.47097723, -0.13620048,  0.25419703,
       -0.00565001, -0.23743135,  0.18420829, -0.52602963, -0.53202662,
       -0.18513971, -0.33042974,  0.47964944,  0.20390248, -0.06520912,
       -0.13501299, -0.26577706,  0.10088144,  0.42500712,  0.28986313,
       -0.20171245,  0.39839088, -0.0842673 ,  0.40347435,  0.1456457 ,
        0.37588749,  0.4696231 , -0.20721098, -0.05355421, -0.10050136,
       -0.17138722]) 

Generation: 694 
 - Generation Avg Fit: 212.3101196072617 
 - Best Fitness: 353.6854085027392
 - Best Solution: array([-0.00122304, -0.40787604,  0.31131739, -0.10620645, -0.00811562,
        0.37546733, -0.00550199, -0.47097723, -0.13620048,  0.25419703,
       -0.00565001, -0.23743135,  0.18420829, -0.52602963, -0.53202662,
       -0.18513971, -0.33042974,  0.47964944,  0.20390248, -0.06520912,
       -0.13501299, -0.26577706,  0.10088144,  0.42500712,  0.28986313,
       -0.20171245,  0.39839088, -0.0842673 ,  0.40347435,  0.1456457 ,
        0.37588749,  0.4696231 , -0.20721098, -0.05355421, -0.10050136,
       -0.17138722]) 

Generation: 695 
 - Generation Avg Fit: 223.24249694164715 
 - Best Fitness: 353.6854085027392
 - Best Solution: array([-0.00122304, -0.40787604,  0.31131739, -0.10620645, -0.00811562,
        0.37546733, -0.00550199, -0.47097723, -0.13620048,  0.25419703,
       -0.00565001, -0.23743135,  0.18420829, -0.52602963, -0.53202662,
       -0.18513971, -0.33042974,  0.47964944,  0.20390248, -0.06520912,
       -0.13501299, -0.26577706,  0.10088144,  0.42500712,  0.28986313,
       -0.20171245,  0.39839088, -0.0842673 ,  0.40347435,  0.1456457 ,
        0.37588749,  0.4696231 , -0.20721098, -0.05355421, -0.10050136,
       -0.17138722]) 

Generation: 696 
 - Generation Avg Fit: 216.5539690863999 
 - Best Fitness: 353.6854085027392
 - Best Solution: array([-0.00122304, -0.40787604,  0.31131739, -0.10620645, -0.00811562,
        0.37546733, -0.00550199, -0.47097723, -0.13620048,  0.25419703,
       -0.00565001, -0.23743135,  0.18420829, -0.52602963, -0.53202662,
       -0.18513971, -0.33042974,  0.47964944,  0.20390248, -0.06520912,
       -0.13501299, -0.26577706,  0.10088144,  0.42500712,  0.28986313,
       -0.20171245,  0.39839088, -0.0842673 ,  0.40347435,  0.1456457 ,
        0.37588749,  0.4696231 , -0.20721098, -0.05355421, -0.10050136,
       -0.17138722]) 

Generation: 697 
 - Generation Avg Fit: 205.70176976385548 
 - Best Fitness: 353.6854085027392
 - Best Solution: array([-0.00122304, -0.40787604,  0.31131739, -0.10620645, -0.00811562,
        0.37546733, -0.00550199, -0.47097723, -0.13620048,  0.25419703,
       -0.00565001, -0.23743135,  0.18420829, -0.52602963, -0.53202662,
       -0.18513971, -0.33042974,  0.47964944,  0.20390248, -0.06520912,
       -0.13501299, -0.26577706,  0.10088144,  0.42500712,  0.28986313,
       -0.20171245,  0.39839088, -0.0842673 ,  0.40347435,  0.1456457 ,
        0.37588749,  0.4696231 , -0.20721098, -0.05355421, -0.10050136,
       -0.17138722]) 

Generation: 698 
 - Generation Avg Fit: 207.87103137075735 
 - Best Fitness: 353.6854085027392
 - Best Solution: array([-0.00122304, -0.40787604,  0.31131739, -0.10620645, -0.00811562,
        0.37546733, -0.00550199, -0.47097723, -0.13620048,  0.25419703,
       -0.00565001, -0.23743135,  0.18420829, -0.52602963, -0.53202662,
       -0.18513971, -0.33042974,  0.47964944,  0.20390248, -0.06520912,
       -0.13501299, -0.26577706,  0.10088144,  0.42500712,  0.28986313,
       -0.20171245,  0.39839088, -0.0842673 ,  0.40347435,  0.1456457 ,
        0.37588749,  0.4696231 , -0.20721098, -0.05355421, -0.10050136,
       -0.17138722]) 

Generation: 699 
 - Generation Avg Fit: 215.8494587414706 
 - Best Fitness: 353.6854085027392
 - Best Solution: array([-0.00122304, -0.40787604,  0.31131739, -0.10620645, -0.00811562,
        0.37546733, -0.00550199, -0.47097723, -0.13620048,  0.25419703,
       -0.00565001, -0.23743135,  0.18420829, -0.52602963, -0.53202662,
       -0.18513971, -0.33042974,  0.47964944,  0.20390248, -0.06520912,
       -0.13501299, -0.26577706,  0.10088144,  0.42500712,  0.28986313,
       -0.20171245,  0.39839088, -0.0842673 ,  0.40347435,  0.1456457 ,
        0.37588749,  0.4696231 , -0.20721098, -0.05355421, -0.10050136,
       -0.17138722]) 

Generation: 700 
 - Generation Avg Fit: 219.22784257502204 
 - Best Fitness: 353.6854085027392
 - Best Solution: array([-0.00122304, -0.40787604,  0.31131739, -0.10620645, -0.00811562,
        0.37546733, -0.00550199, -0.47097723, -0.13620048,  0.25419703,
       -0.00565001, -0.23743135,  0.18420829, -0.52602963, -0.53202662,
       -0.18513971, -0.33042974,  0.47964944,  0.20390248, -0.06520912,
       -0.13501299, -0.26577706,  0.10088144,  0.42500712,  0.28986313,
       -0.20171245,  0.39839088, -0.0842673 ,  0.40347435,  0.1456457 ,
        0.37588749,  0.4696231 , -0.20721098, -0.05355421, -0.10050136,
       -0.17138722]) 

Generation: 701 
 - Generation Avg Fit: 212.53343471129202 
 - Best Fitness: 353.6854085027392
 - Best Solution: array([-0.00122304, -0.40787604,  0.31131739, -0.10620645, -0.00811562,
        0.37546733, -0.00550199, -0.47097723, -0.13620048,  0.25419703,
       -0.00565001, -0.23743135,  0.18420829, -0.52602963, -0.53202662,
       -0.18513971, -0.33042974,  0.47964944,  0.20390248, -0.06520912,
       -0.13501299, -0.26577706,  0.10088144,  0.42500712,  0.28986313,
       -0.20171245,  0.39839088, -0.0842673 ,  0.40347435,  0.1456457 ,
        0.37588749,  0.4696231 , -0.20721098, -0.05355421, -0.10050136,
       -0.17138722]) 

Generation: 702 
 - Generation Avg Fit: 211.04204248975037 
 - Best Fitness: 353.6854085027392
 - Best Solution: array([-0.00122304, -0.40787604,  0.31131739, -0.10620645, -0.00811562,
        0.37546733, -0.00550199, -0.47097723, -0.13620048,  0.25419703,
       -0.00565001, -0.23743135,  0.18420829, -0.52602963, -0.53202662,
       -0.18513971, -0.33042974,  0.47964944,  0.20390248, -0.06520912,
       -0.13501299, -0.26577706,  0.10088144,  0.42500712,  0.28986313,
       -0.20171245,  0.39839088, -0.0842673 ,  0.40347435,  0.1456457 ,
        0.37588749,  0.4696231 , -0.20721098, -0.05355421, -0.10050136,
       -0.17138722]) 

Generation: 703 
 - Generation Avg Fit: 216.13479646841006 
 - Best Fitness: 353.6854085027392
 - Best Solution: array([-0.00122304, -0.40787604,  0.31131739, -0.10620645, -0.00811562,
        0.37546733, -0.00550199, -0.47097723, -0.13620048,  0.25419703,
       -0.00565001, -0.23743135,  0.18420829, -0.52602963, -0.53202662,
       -0.18513971, -0.33042974,  0.47964944,  0.20390248, -0.06520912,
       -0.13501299, -0.26577706,  0.10088144,  0.42500712,  0.28986313,
       -0.20171245,  0.39839088, -0.0842673 ,  0.40347435,  0.1456457 ,
        0.37588749,  0.4696231 , -0.20721098, -0.05355421, -0.10050136,
       -0.17138722]) 

Generation: 704 
 - Generation Avg Fit: 216.44750109280537 
 - Best Fitness: 353.6854085027392
 - Best Solution: array([-0.00122304, -0.40787604,  0.31131739, -0.10620645, -0.00811562,
        0.37546733, -0.00550199, -0.47097723, -0.13620048,  0.25419703,
       -0.00565001, -0.23743135,  0.18420829, -0.52602963, -0.53202662,
       -0.18513971, -0.33042974,  0.47964944,  0.20390248, -0.06520912,
       -0.13501299, -0.26577706,  0.10088144,  0.42500712,  0.28986313,
       -0.20171245,  0.39839088, -0.0842673 ,  0.40347435,  0.1456457 ,
        0.37588749,  0.4696231 , -0.20721098, -0.05355421, -0.10050136,
       -0.17138722]) 

Generation: 705 
 - Generation Avg Fit: 213.3991647506252 
 - Best Fitness: 353.6854085027392
 - Best Solution: array([-0.00122304, -0.40787604,  0.31131739, -0.10620645, -0.00811562,
        0.37546733, -0.00550199, -0.47097723, -0.13620048,  0.25419703,
       -0.00565001, -0.23743135,  0.18420829, -0.52602963, -0.53202662,
       -0.18513971, -0.33042974,  0.47964944,  0.20390248, -0.06520912,
       -0.13501299, -0.26577706,  0.10088144,  0.42500712,  0.28986313,
       -0.20171245,  0.39839088, -0.0842673 ,  0.40347435,  0.1456457 ,
        0.37588749,  0.4696231 , -0.20721098, -0.05355421, -0.10050136,
       -0.17138722]) 

Generation: 706 
 - Generation Avg Fit: 223.78487506261024 
 - Best Fitness: 353.6854085027392
 - Best Solution: array([-0.00122304, -0.40787604,  0.31131739, -0.10620645, -0.00811562,
        0.37546733, -0.00550199, -0.47097723, -0.13620048,  0.25419703,
       -0.00565001, -0.23743135,  0.18420829, -0.52602963, -0.53202662,
       -0.18513971, -0.33042974,  0.47964944,  0.20390248, -0.06520912,
       -0.13501299, -0.26577706,  0.10088144,  0.42500712,  0.28986313,
       -0.20171245,  0.39839088, -0.0842673 ,  0.40347435,  0.1456457 ,
        0.37588749,  0.4696231 , -0.20721098, -0.05355421, -0.10050136,
       -0.17138722]) 

Generation: 707 
 - Generation Avg Fit: 223.1437284593947 
 - Best Fitness: 353.6854085027392
 - Best Solution: array([-0.00122304, -0.40787604,  0.31131739, -0.10620645, -0.00811562,
        0.37546733, -0.00550199, -0.47097723, -0.13620048,  0.25419703,
       -0.00565001, -0.23743135,  0.18420829, -0.52602963, -0.53202662,
       -0.18513971, -0.33042974,  0.47964944,  0.20390248, -0.06520912,
       -0.13501299, -0.26577706,  0.10088144,  0.42500712,  0.28986313,
       -0.20171245,  0.39839088, -0.0842673 ,  0.40347435,  0.1456457 ,
        0.37588749,  0.4696231 , -0.20721098, -0.05355421, -0.10050136,
       -0.17138722]) 

Generation: 708 
 - Generation Avg Fit: 220.40643746895446 
 - Best Fitness: 353.6854085027392
 - Best Solution: array([-0.00122304, -0.40787604,  0.31131739, -0.10620645, -0.00811562,
        0.37546733, -0.00550199, -0.47097723, -0.13620048,  0.25419703,
       -0.00565001, -0.23743135,  0.18420829, -0.52602963, -0.53202662,
       -0.18513971, -0.33042974,  0.47964944,  0.20390248, -0.06520912,
       -0.13501299, -0.26577706,  0.10088144,  0.42500712,  0.28986313,
       -0.20171245,  0.39839088, -0.0842673 ,  0.40347435,  0.1456457 ,
        0.37588749,  0.4696231 , -0.20721098, -0.05355421, -0.10050136,
       -0.17138722]) 

Generation: 709 
 - Generation Avg Fit: 209.02968606383325 
 - Best Fitness: 353.6854085027392
 - Best Solution: array([-0.00122304, -0.40787604,  0.31131739, -0.10620645, -0.00811562,
        0.37546733, -0.00550199, -0.47097723, -0.13620048,  0.25419703,
       -0.00565001, -0.23743135,  0.18420829, -0.52602963, -0.53202662,
       -0.18513971, -0.33042974,  0.47964944,  0.20390248, -0.06520912,
       -0.13501299, -0.26577706,  0.10088144,  0.42500712,  0.28986313,
       -0.20171245,  0.39839088, -0.0842673 ,  0.40347435,  0.1456457 ,
        0.37588749,  0.4696231 , -0.20721098, -0.05355421, -0.10050136,
       -0.17138722]) 

Generation: 710 
 - Generation Avg Fit: 216.58357574299663 
 - Best Fitness: 353.6854085027392
 - Best Solution: array([-0.00122304, -0.40787604,  0.31131739, -0.10620645, -0.00811562,
        0.37546733, -0.00550199, -0.47097723, -0.13620048,  0.25419703,
       -0.00565001, -0.23743135,  0.18420829, -0.52602963, -0.53202662,
       -0.18513971, -0.33042974,  0.47964944,  0.20390248, -0.06520912,
       -0.13501299, -0.26577706,  0.10088144,  0.42500712,  0.28986313,
       -0.20171245,  0.39839088, -0.0842673 ,  0.40347435,  0.1456457 ,
        0.37588749,  0.4696231 , -0.20721098, -0.05355421, -0.10050136,
       -0.17138722]) 

Generation: 711 
 - Generation Avg Fit: 214.798956384201 
 - Best Fitness: 353.6854085027392
 - Best Solution: array([-0.00122304, -0.40787604,  0.31131739, -0.10620645, -0.00811562,
        0.37546733, -0.00550199, -0.47097723, -0.13620048,  0.25419703,
       -0.00565001, -0.23743135,  0.18420829, -0.52602963, -0.53202662,
       -0.18513971, -0.33042974,  0.47964944,  0.20390248, -0.06520912,
       -0.13501299, -0.26577706,  0.10088144,  0.42500712,  0.28986313,
       -0.20171245,  0.39839088, -0.0842673 ,  0.40347435,  0.1456457 ,
        0.37588749,  0.4696231 , -0.20721098, -0.05355421, -0.10050136,
       -0.17138722]) 

Generation: 712 
 - Generation Avg Fit: 218.02790841284477 
 - Best Fitness: 353.6854085027392
 - Best Solution: array([-0.00122304, -0.40787604,  0.31131739, -0.10620645, -0.00811562,
        0.37546733, -0.00550199, -0.47097723, -0.13620048,  0.25419703,
       -0.00565001, -0.23743135,  0.18420829, -0.52602963, -0.53202662,
       -0.18513971, -0.33042974,  0.47964944,  0.20390248, -0.06520912,
       -0.13501299, -0.26577706,  0.10088144,  0.42500712,  0.28986313,
       -0.20171245,  0.39839088, -0.0842673 ,  0.40347435,  0.1456457 ,
        0.37588749,  0.4696231 , -0.20721098, -0.05355421, -0.10050136,
       -0.17138722]) 

Generation: 713 
 - Generation Avg Fit: 215.66292576544424 
 - Best Fitness: 353.6854085027392
 - Best Solution: array([-0.00122304, -0.40787604,  0.31131739, -0.10620645, -0.00811562,
        0.37546733, -0.00550199, -0.47097723, -0.13620048,  0.25419703,
       -0.00565001, -0.23743135,  0.18420829, -0.52602963, -0.53202662,
       -0.18513971, -0.33042974,  0.47964944,  0.20390248, -0.06520912,
       -0.13501299, -0.26577706,  0.10088144,  0.42500712,  0.28986313,
       -0.20171245,  0.39839088, -0.0842673 ,  0.40347435,  0.1456457 ,
        0.37588749,  0.4696231 , -0.20721098, -0.05355421, -0.10050136,
       -0.17138722]) 

Generation: 714 
 - Generation Avg Fit: 208.3986688921271 
 - Best Fitness: 353.6854085027392
 - Best Solution: array([-0.00122304, -0.40787604,  0.31131739, -0.10620645, -0.00811562,
        0.37546733, -0.00550199, -0.47097723, -0.13620048,  0.25419703,
       -0.00565001, -0.23743135,  0.18420829, -0.52602963, -0.53202662,
       -0.18513971, -0.33042974,  0.47964944,  0.20390248, -0.06520912,
       -0.13501299, -0.26577706,  0.10088144,  0.42500712,  0.28986313,
       -0.20171245,  0.39839088, -0.0842673 ,  0.40347435,  0.1456457 ,
        0.37588749,  0.4696231 , -0.20721098, -0.05355421, -0.10050136,
       -0.17138722]) 

Generation: 715 
 - Generation Avg Fit: 210.51310556310563 
 - Best Fitness: 353.6854085027392
 - Best Solution: array([-0.00122304, -0.40787604,  0.31131739, -0.10620645, -0.00811562,
        0.37546733, -0.00550199, -0.47097723, -0.13620048,  0.25419703,
       -0.00565001, -0.23743135,  0.18420829, -0.52602963, -0.53202662,
       -0.18513971, -0.33042974,  0.47964944,  0.20390248, -0.06520912,
       -0.13501299, -0.26577706,  0.10088144,  0.42500712,  0.28986313,
       -0.20171245,  0.39839088, -0.0842673 ,  0.40347435,  0.1456457 ,
        0.37588749,  0.4696231 , -0.20721098, -0.05355421, -0.10050136,
       -0.17138722]) 

Generation: 716 
 - Generation Avg Fit: 219.0175834440635 
 - Best Fitness: 353.6854085027392
 - Best Solution: array([-0.00122304, -0.40787604,  0.31131739, -0.10620645, -0.00811562,
        0.37546733, -0.00550199, -0.47097723, -0.13620048,  0.25419703,
       -0.00565001, -0.23743135,  0.18420829, -0.52602963, -0.53202662,
       -0.18513971, -0.33042974,  0.47964944,  0.20390248, -0.06520912,
       -0.13501299, -0.26577706,  0.10088144,  0.42500712,  0.28986313,
       -0.20171245,  0.39839088, -0.0842673 ,  0.40347435,  0.1456457 ,
        0.37588749,  0.4696231 , -0.20721098, -0.05355421, -0.10050136,
       -0.17138722]) 

Generation: 717 
 - Generation Avg Fit: 227.3601391234787 
 - Best Fitness: 353.6854085027392
 - Best Solution: array([-0.00122304, -0.40787604,  0.31131739, -0.10620645, -0.00811562,
        0.37546733, -0.00550199, -0.47097723, -0.13620048,  0.25419703,
       -0.00565001, -0.23743135,  0.18420829, -0.52602963, -0.53202662,
       -0.18513971, -0.33042974,  0.47964944,  0.20390248, -0.06520912,
       -0.13501299, -0.26577706,  0.10088144,  0.42500712,  0.28986313,
       -0.20171245,  0.39839088, -0.0842673 ,  0.40347435,  0.1456457 ,
        0.37588749,  0.4696231 , -0.20721098, -0.05355421, -0.10050136,
       -0.17138722]) 

Generation: 718 
 - Generation Avg Fit: 216.08644784854008 
 - Best Fitness: 353.6854085027392
 - Best Solution: array([-0.00122304, -0.40787604,  0.31131739, -0.10620645, -0.00811562,
        0.37546733, -0.00550199, -0.47097723, -0.13620048,  0.25419703,
       -0.00565001, -0.23743135,  0.18420829, -0.52602963, -0.53202662,
       -0.18513971, -0.33042974,  0.47964944,  0.20390248, -0.06520912,
       -0.13501299, -0.26577706,  0.10088144,  0.42500712,  0.28986313,
       -0.20171245,  0.39839088, -0.0842673 ,  0.40347435,  0.1456457 ,
        0.37588749,  0.4696231 , -0.20721098, -0.05355421, -0.10050136,
       -0.17138722]) 

Generation: 719 
 - Generation Avg Fit: 208.06000162170238 
 - Best Fitness: 353.6854085027392
 - Best Solution: array([-0.00122304, -0.40787604,  0.31131739, -0.10620645, -0.00811562,
        0.37546733, -0.00550199, -0.47097723, -0.13620048,  0.25419703,
       -0.00565001, -0.23743135,  0.18420829, -0.52602963, -0.53202662,
       -0.18513971, -0.33042974,  0.47964944,  0.20390248, -0.06520912,
       -0.13501299, -0.26577706,  0.10088144,  0.42500712,  0.28986313,
       -0.20171245,  0.39839088, -0.0842673 ,  0.40347435,  0.1456457 ,
        0.37588749,  0.4696231 , -0.20721098, -0.05355421, -0.10050136,
       -0.17138722]) 

Generation: 720 
 - Generation Avg Fit: 215.57380269041278 
 - Best Fitness: 353.6854085027392
 - Best Solution: array([-0.00122304, -0.40787604,  0.31131739, -0.10620645, -0.00811562,
        0.37546733, -0.00550199, -0.47097723, -0.13620048,  0.25419703,
       -0.00565001, -0.23743135,  0.18420829, -0.52602963, -0.53202662,
       -0.18513971, -0.33042974,  0.47964944,  0.20390248, -0.06520912,
       -0.13501299, -0.26577706,  0.10088144,  0.42500712,  0.28986313,
       -0.20171245,  0.39839088, -0.0842673 ,  0.40347435,  0.1456457 ,
        0.37588749,  0.4696231 , -0.20721098, -0.05355421, -0.10050136,
       -0.17138722]) 

Generation: 721 
 - Generation Avg Fit: 209.59451082927174 
 - Best Fitness: 353.6854085027392
 - Best Solution: array([-0.00122304, -0.40787604,  0.31131739, -0.10620645, -0.00811562,
        0.37546733, -0.00550199, -0.47097723, -0.13620048,  0.25419703,
       -0.00565001, -0.23743135,  0.18420829, -0.52602963, -0.53202662,
       -0.18513971, -0.33042974,  0.47964944,  0.20390248, -0.06520912,
       -0.13501299, -0.26577706,  0.10088144,  0.42500712,  0.28986313,
       -0.20171245,  0.39839088, -0.0842673 ,  0.40347435,  0.1456457 ,
        0.37588749,  0.4696231 , -0.20721098, -0.05355421, -0.10050136,
       -0.17138722]) 

Generation: 722 
 - Generation Avg Fit: 206.56441386097558 
 - Best Fitness: 353.6854085027392
 - Best Solution: array([-0.00122304, -0.40787604,  0.31131739, -0.10620645, -0.00811562,
        0.37546733, -0.00550199, -0.47097723, -0.13620048,  0.25419703,
       -0.00565001, -0.23743135,  0.18420829, -0.52602963, -0.53202662,
       -0.18513971, -0.33042974,  0.47964944,  0.20390248, -0.06520912,
       -0.13501299, -0.26577706,  0.10088144,  0.42500712,  0.28986313,
       -0.20171245,  0.39839088, -0.0842673 ,  0.40347435,  0.1456457 ,
        0.37588749,  0.4696231 , -0.20721098, -0.05355421, -0.10050136,
       -0.17138722]) 

Generation: 723 
 - Generation Avg Fit: 213.22681600683583 
 - Best Fitness: 353.6854085027392
 - Best Solution: array([-0.00122304, -0.40787604,  0.31131739, -0.10620645, -0.00811562,
        0.37546733, -0.00550199, -0.47097723, -0.13620048,  0.25419703,
       -0.00565001, -0.23743135,  0.18420829, -0.52602963, -0.53202662,
       -0.18513971, -0.33042974,  0.47964944,  0.20390248, -0.06520912,
       -0.13501299, -0.26577706,  0.10088144,  0.42500712,  0.28986313,
       -0.20171245,  0.39839088, -0.0842673 ,  0.40347435,  0.1456457 ,
        0.37588749,  0.4696231 , -0.20721098, -0.05355421, -0.10050136,
       -0.17138722]) 

Generation: 724 
 - Generation Avg Fit: 210.51130200410682 
 - Best Fitness: 353.6854085027392
 - Best Solution: array([-0.00122304, -0.40787604,  0.31131739, -0.10620645, -0.00811562,
        0.37546733, -0.00550199, -0.47097723, -0.13620048,  0.25419703,
       -0.00565001, -0.23743135,  0.18420829, -0.52602963, -0.53202662,
       -0.18513971, -0.33042974,  0.47964944,  0.20390248, -0.06520912,
       -0.13501299, -0.26577706,  0.10088144,  0.42500712,  0.28986313,
       -0.20171245,  0.39839088, -0.0842673 ,  0.40347435,  0.1456457 ,
        0.37588749,  0.4696231 , -0.20721098, -0.05355421, -0.10050136,
       -0.17138722]) 

Generation: 725 
 - Generation Avg Fit: 219.33029356964872 
 - Best Fitness: 353.6854085027392
 - Best Solution: array([-0.00122304, -0.40787604,  0.31131739, -0.10620645, -0.00811562,
        0.37546733, -0.00550199, -0.47097723, -0.13620048,  0.25419703,
       -0.00565001, -0.23743135,  0.18420829, -0.52602963, -0.53202662,
       -0.18513971, -0.33042974,  0.47964944,  0.20390248, -0.06520912,
       -0.13501299, -0.26577706,  0.10088144,  0.42500712,  0.28986313,
       -0.20171245,  0.39839088, -0.0842673 ,  0.40347435,  0.1456457 ,
        0.37588749,  0.4696231 , -0.20721098, -0.05355421, -0.10050136,
       -0.17138722]) 

Generation: 726 
 - Generation Avg Fit: 224.49334053130215 
 - Best Fitness: 361.01310198643625
 - Best Solution: array([ 0.21150883, -0.38569091,  0.31906724, -0.10586777,  0.00990925,
        0.41904553,  0.01545107, -0.47269161, -0.1504093 ,  0.2404376 ,
       -0.03032599, -0.22002677,  0.21722608, -0.50717146, -0.51475036,
       -0.17596302, -0.31381999,  0.44926534,  0.21876677, -0.05913291,
       -0.13561076, -0.24450617,  0.10027234,  0.42893965,  0.28426217,
       -0.22801728,  0.41767435, -0.04670673,  0.40164071,  0.14211018,
        0.38922544,  0.37399857, -0.19309236, -0.06954751, -0.12045858,
       -0.16518209]) 

Generation: 727 
 - Generation Avg Fit: 216.73995224530546 
 - Best Fitness: 361.01310198643625
 - Best Solution: array([-0.00122304, -0.40787604,  0.31131739, -0.10620645, -0.00811562,
        0.37546733, -0.00550199, -0.47097723, -0.13620048,  0.25419703,
       -0.00565001, -0.23743135,  0.18420829, -0.52602963, -0.53202662,
       -0.18513971, -0.33042974,  0.47964944,  0.20390248, -0.06520912,
       -0.13501299, -0.26577706,  0.10088144,  0.42500712,  0.28986313,
       -0.20171245,  0.39839088, -0.0842673 ,  0.40347435,  0.1456457 ,
        0.37588749,  0.4696231 , -0.20721098, -0.05355421, -0.10050136,
       -0.17138722]) 

Generation: 728 
 - Generation Avg Fit: 217.7445136324104 
 - Best Fitness: 361.01310198643625
 - Best Solution: array([ 0.21150883, -0.38569091,  0.31906724, -0.10586777,  0.00990925,
        0.41904553,  0.01545107, -0.47269161, -0.1504093 ,  0.2404376 ,
       -0.03032599, -0.22002677,  0.21722608, -0.50717146, -0.51475036,
       -0.17596302, -0.31381999,  0.44926534,  0.21876677, -0.05913291,
       -0.13561076, -0.24450617,  0.10027234,  0.42893965,  0.28426217,
       -0.22801728,  0.41767435, -0.04670673,  0.40164071,  0.14211018,
        0.38922544,  0.37399857, -0.19309236, -0.06954751, -0.12045858,
       -0.16518209]) 

Generation: 729 
 - Generation Avg Fit: 216.76323016029085 
 - Best Fitness: 361.01310198643625
 - Best Solution: array([ 0.21150883, -0.38569091,  0.31906724, -0.10586777,  0.00990925,
        0.41904553,  0.01545107, -0.47269161, -0.1504093 ,  0.2404376 ,
       -0.03032599, -0.22002677,  0.21722608, -0.50717146, -0.51475036,
       -0.17596302, -0.31381999,  0.44926534,  0.21876677, -0.05913291,
       -0.13561076, -0.24450617,  0.10027234,  0.42893965,  0.28426217,
       -0.22801728,  0.41767435, -0.04670673,  0.40164071,  0.14211018,
        0.38922544,  0.37399857, -0.19309236, -0.06954751, -0.12045858,
       -0.16518209]) 

Generation: 730 
 - Generation Avg Fit: 206.716736860932 
 - Best Fitness: 361.01310198643625
 - Best Solution: array([ 0.21150883, -0.38569091,  0.31906724, -0.10586777,  0.00990925,
        0.41904553,  0.01545107, -0.47269161, -0.1504093 ,  0.2404376 ,
       -0.03032599, -0.22002677,  0.21722608, -0.50717146, -0.51475036,
       -0.17596302, -0.31381999,  0.44926534,  0.21876677, -0.05913291,
       -0.13561076, -0.24450617,  0.10027234,  0.42893965,  0.28426217,
       -0.22801728,  0.41767435, -0.04670673,  0.40164071,  0.14211018,
        0.38922544,  0.37399857, -0.19309236, -0.06954751, -0.12045858,
       -0.16518209]) 

Generation: 731 
 - Generation Avg Fit: 210.0207399035812 
 - Best Fitness: 361.01310198643625
 - Best Solution: array([ 0.21150883, -0.38569091,  0.31906724, -0.10586777,  0.00990925,
        0.41904553,  0.01545107, -0.47269161, -0.1504093 ,  0.2404376 ,
       -0.03032599, -0.22002677,  0.21722608, -0.50717146, -0.51475036,
       -0.17596302, -0.31381999,  0.44926534,  0.21876677, -0.05913291,
       -0.13561076, -0.24450617,  0.10027234,  0.42893965,  0.28426217,
       -0.22801728,  0.41767435, -0.04670673,  0.40164071,  0.14211018,
        0.38922544,  0.37399857, -0.19309236, -0.06954751, -0.12045858,
       -0.16518209]) 

Generation: 732 
 - Generation Avg Fit: 217.8877743802397 
 - Best Fitness: 361.01310198643625
 - Best Solution: array([ 0.21150883, -0.38569091,  0.31906724, -0.10586777,  0.00990925,
        0.41904553,  0.01545107, -0.47269161, -0.1504093 ,  0.2404376 ,
       -0.03032599, -0.22002677,  0.21722608, -0.50717146, -0.51475036,
       -0.17596302, -0.31381999,  0.44926534,  0.21876677, -0.05913291,
       -0.13561076, -0.24450617,  0.10027234,  0.42893965,  0.28426217,
       -0.22801728,  0.41767435, -0.04670673,  0.40164071,  0.14211018,
        0.38922544,  0.37399857, -0.19309236, -0.06954751, -0.12045858,
       -0.16518209]) 

Generation: 733 
 - Generation Avg Fit: 220.0369962117393 
 - Best Fitness: 361.01310198643625
 - Best Solution: array([ 0.21150883, -0.38569091,  0.31906724, -0.10586777,  0.00990925,
        0.41904553,  0.01545107, -0.47269161, -0.1504093 ,  0.2404376 ,
       -0.03032599, -0.22002677,  0.21722608, -0.50717146, -0.51475036,
       -0.17596302, -0.31381999,  0.44926534,  0.21876677, -0.05913291,
       -0.13561076, -0.24450617,  0.10027234,  0.42893965,  0.28426217,
       -0.22801728,  0.41767435, -0.04670673,  0.40164071,  0.14211018,
        0.38922544,  0.37399857, -0.19309236, -0.06954751, -0.12045858,
       -0.16518209]) 

Generation: 734 
 - Generation Avg Fit: 210.9014040193965 
 - Best Fitness: 361.01310198643625
 - Best Solution: array([ 0.21150883, -0.38569091,  0.31906724, -0.10586777,  0.00990925,
        0.41904553,  0.01545107, -0.47269161, -0.1504093 ,  0.2404376 ,
       -0.03032599, -0.22002677,  0.21722608, -0.50717146, -0.51475036,
       -0.17596302, -0.31381999,  0.44926534,  0.21876677, -0.05913291,
       -0.13561076, -0.24450617,  0.10027234,  0.42893965,  0.28426217,
       -0.22801728,  0.41767435, -0.04670673,  0.40164071,  0.14211018,
        0.38922544,  0.37399857, -0.19309236, -0.06954751, -0.12045858,
       -0.16518209]) 

Generation: 735 
 - Generation Avg Fit: 206.02395624392548 
 - Best Fitness: 361.01310198643625
 - Best Solution: array([ 0.21150883, -0.38569091,  0.31906724, -0.10586777,  0.00990925,
        0.41904553,  0.01545107, -0.47269161, -0.1504093 ,  0.2404376 ,
       -0.03032599, -0.22002677,  0.21722608, -0.50717146, -0.51475036,
       -0.17596302, -0.31381999,  0.44926534,  0.21876677, -0.05913291,
       -0.13561076, -0.24450617,  0.10027234,  0.42893965,  0.28426217,
       -0.22801728,  0.41767435, -0.04670673,  0.40164071,  0.14211018,
        0.38922544,  0.37399857, -0.19309236, -0.06954751, -0.12045858,
       -0.16518209]) 

Generation: 736 
 - Generation Avg Fit: 223.9555612526487 
 - Best Fitness: 361.01310198643625
 - Best Solution: array([ 0.21150883, -0.38569091,  0.31906724, -0.10586777,  0.00990925,
        0.41904553,  0.01545107, -0.47269161, -0.1504093 ,  0.2404376 ,
       -0.03032599, -0.22002677,  0.21722608, -0.50717146, -0.51475036,
       -0.17596302, -0.31381999,  0.44926534,  0.21876677, -0.05913291,
       -0.13561076, -0.24450617,  0.10027234,  0.42893965,  0.28426217,
       -0.22801728,  0.41767435, -0.04670673,  0.40164071,  0.14211018,
        0.38922544,  0.37399857, -0.19309236, -0.06954751, -0.12045858,
       -0.16518209]) 

Generation: 737 
 - Generation Avg Fit: 215.9703067456225 
 - Best Fitness: 361.01310198643625
 - Best Solution: array([ 0.21150883, -0.38569091,  0.31906724, -0.10586777,  0.00990925,
        0.41904553,  0.01545107, -0.47269161, -0.1504093 ,  0.2404376 ,
       -0.03032599, -0.22002677,  0.21722608, -0.50717146, -0.51475036,
       -0.17596302, -0.31381999,  0.44926534,  0.21876677, -0.05913291,
       -0.13561076, -0.24450617,  0.10027234,  0.42893965,  0.28426217,
       -0.22801728,  0.41767435, -0.04670673,  0.40164071,  0.14211018,
        0.38922544,  0.37399857, -0.19309236, -0.06954751, -0.12045858,
       -0.16518209]) 

Generation: 738 
 - Generation Avg Fit: 224.2460288461001 
 - Best Fitness: 361.01310198643625
 - Best Solution: array([ 0.21150883, -0.38569091,  0.31906724, -0.10586777,  0.00990925,
        0.41904553,  0.01545107, -0.47269161, -0.1504093 ,  0.2404376 ,
       -0.03032599, -0.22002677,  0.21722608, -0.50717146, -0.51475036,
       -0.17596302, -0.31381999,  0.44926534,  0.21876677, -0.05913291,
       -0.13561076, -0.24450617,  0.10027234,  0.42893965,  0.28426217,
       -0.22801728,  0.41767435, -0.04670673,  0.40164071,  0.14211018,
        0.38922544,  0.37399857, -0.19309236, -0.06954751, -0.12045858,
       -0.16518209]) 

Generation: 739 
 - Generation Avg Fit: 212.69962352058172 
 - Best Fitness: 361.01310198643625
 - Best Solution: array([ 0.21150883, -0.38569091,  0.31906724, -0.10586777,  0.00990925,
        0.41904553,  0.01545107, -0.47269161, -0.1504093 ,  0.2404376 ,
       -0.03032599, -0.22002677,  0.21722608, -0.50717146, -0.51475036,
       -0.17596302, -0.31381999,  0.44926534,  0.21876677, -0.05913291,
       -0.13561076, -0.24450617,  0.10027234,  0.42893965,  0.28426217,
       -0.22801728,  0.41767435, -0.04670673,  0.40164071,  0.14211018,
        0.38922544,  0.37399857, -0.19309236, -0.06954751, -0.12045858,
       -0.16518209]) 

Generation: 740 
 - Generation Avg Fit: 208.15942373709703 
 - Best Fitness: 372.7850105090744
 - Best Solution: array([-0.0089698 , -0.38719179,  0.32931231, -0.03000257,  0.00083204,
        0.38988129,  0.00276372, -0.4325146 , -0.14618291,  0.22486378,
       -0.01781504, -0.24420628, -0.30489943, -0.48652606, -0.06549168,
       -0.203903  , -0.30807204, -0.24327194,  0.19125088, -0.29334711,
       -0.13772293, -0.24072533,  0.09774259,  0.42771572,  0.30073877,
       -0.21444844,  0.42770078, -0.07794686,  0.41089183,  0.1527902 ,
        0.37862832, -0.43740566, -0.16678915, -0.06155264, -0.08497604,
       -0.0060938 ]) 

Generation: 741 
 - Generation Avg Fit: 224.85353498586807 
 - Best Fitness: 372.7850105090744
 - Best Solution: array([ 0.21150883, -0.38569091,  0.31906724, -0.10586777,  0.00990925,
        0.41904553,  0.01545107, -0.47269161, -0.1504093 ,  0.2404376 ,
       -0.03032599, -0.22002677,  0.21722608, -0.50717146, -0.51475036,
       -0.17596302, -0.31381999,  0.44926534,  0.21876677, -0.05913291,
       -0.13561076, -0.24450617,  0.10027234,  0.42893965,  0.28426217,
       -0.22801728,  0.41767435, -0.04670673,  0.40164071,  0.14211018,
        0.38922544,  0.37399857, -0.19309236, -0.06954751, -0.12045858,
       -0.16518209]) 

Generation: 742 
 - Generation Avg Fit: 225.48878078605142 
 - Best Fitness: 372.7850105090744
 - Best Solution: array([-0.0089698 , -0.38719179,  0.32931231, -0.03000257,  0.00083204,
        0.38988129,  0.00276372, -0.4325146 , -0.14618291,  0.22486378,
       -0.01781504, -0.24420628, -0.30489943, -0.48652606, -0.06549168,
       -0.203903  , -0.30807204, -0.24327194,  0.19125088, -0.29334711,
       -0.13772293, -0.24072533,  0.09774259,  0.42771572,  0.30073877,
       -0.21444844,  0.42770078, -0.07794686,  0.41089183,  0.1527902 ,
        0.37862832, -0.43740566, -0.16678915, -0.06155264, -0.08497604,
       -0.0060938 ]) 

Generation: 743 
 - Generation Avg Fit: 221.39352126299625 
 - Best Fitness: 372.7850105090744
 - Best Solution: array([-0.0089698 , -0.38719179,  0.32931231, -0.03000257,  0.00083204,
        0.38988129,  0.00276372, -0.4325146 , -0.14618291,  0.22486378,
       -0.01781504, -0.24420628, -0.30489943, -0.48652606, -0.06549168,
       -0.203903  , -0.30807204, -0.24327194,  0.19125088, -0.29334711,
       -0.13772293, -0.24072533,  0.09774259,  0.42771572,  0.30073877,
       -0.21444844,  0.42770078, -0.07794686,  0.41089183,  0.1527902 ,
        0.37862832, -0.43740566, -0.16678915, -0.06155264, -0.08497604,
       -0.0060938 ]) 

Generation: 744 
 - Generation Avg Fit: 225.11078832144563 
 - Best Fitness: 372.7850105090744
 - Best Solution: array([-0.0089698 , -0.38719179,  0.32931231, -0.03000257,  0.00083204,
        0.38988129,  0.00276372, -0.4325146 , -0.14618291,  0.22486378,
       -0.01781504, -0.24420628, -0.30489943, -0.48652606, -0.06549168,
       -0.203903  , -0.30807204, -0.24327194,  0.19125088, -0.29334711,
       -0.13772293, -0.24072533,  0.09774259,  0.42771572,  0.30073877,
       -0.21444844,  0.42770078, -0.07794686,  0.41089183,  0.1527902 ,
        0.37862832, -0.43740566, -0.16678915, -0.06155264, -0.08497604,
       -0.0060938 ]) 

Generation: 745 
 - Generation Avg Fit: 222.17236883855927 
 - Best Fitness: 372.7850105090744
 - Best Solution: array([-0.0089698 , -0.38719179,  0.32931231, -0.03000257,  0.00083204,
        0.38988129,  0.00276372, -0.4325146 , -0.14618291,  0.22486378,
       -0.01781504, -0.24420628, -0.30489943, -0.48652606, -0.06549168,
       -0.203903  , -0.30807204, -0.24327194,  0.19125088, -0.29334711,
       -0.13772293, -0.24072533,  0.09774259,  0.42771572,  0.30073877,
       -0.21444844,  0.42770078, -0.07794686,  0.41089183,  0.1527902 ,
        0.37862832, -0.43740566, -0.16678915, -0.06155264, -0.08497604,
       -0.0060938 ]) 

Generation: 746 
 - Generation Avg Fit: 226.9935056650502 
 - Best Fitness: 372.7850105090744
 - Best Solution: array([-0.0089698 , -0.38719179,  0.32931231, -0.03000257,  0.00083204,
        0.38988129,  0.00276372, -0.4325146 , -0.14618291,  0.22486378,
       -0.01781504, -0.24420628, -0.30489943, -0.48652606, -0.06549168,
       -0.203903  , -0.30807204, -0.24327194,  0.19125088, -0.29334711,
       -0.13772293, -0.24072533,  0.09774259,  0.42771572,  0.30073877,
       -0.21444844,  0.42770078, -0.07794686,  0.41089183,  0.1527902 ,
        0.37862832, -0.43740566, -0.16678915, -0.06155264, -0.08497604,
       -0.0060938 ]) 

Generation: 747 
 - Generation Avg Fit: 217.28076863461115 
 - Best Fitness: 372.7850105090744
 - Best Solution: array([-0.0089698 , -0.38719179,  0.32931231, -0.03000257,  0.00083204,
        0.38988129,  0.00276372, -0.4325146 , -0.14618291,  0.22486378,
       -0.01781504, -0.24420628, -0.30489943, -0.48652606, -0.06549168,
       -0.203903  , -0.30807204, -0.24327194,  0.19125088, -0.29334711,
       -0.13772293, -0.24072533,  0.09774259,  0.42771572,  0.30073877,
       -0.21444844,  0.42770078, -0.07794686,  0.41089183,  0.1527902 ,
        0.37862832, -0.43740566, -0.16678915, -0.06155264, -0.08497604,
       -0.0060938 ]) 

Generation: 748 
 - Generation Avg Fit: 214.45107767526721 
 - Best Fitness: 372.7850105090744
 - Best Solution: array([-0.0089698 , -0.38719179,  0.32931231, -0.03000257,  0.00083204,
        0.38988129,  0.00276372, -0.4325146 , -0.14618291,  0.22486378,
       -0.01781504, -0.24420628, -0.30489943, -0.48652606, -0.06549168,
       -0.203903  , -0.30807204, -0.24327194,  0.19125088, -0.29334711,
       -0.13772293, -0.24072533,  0.09774259,  0.42771572,  0.30073877,
       -0.21444844,  0.42770078, -0.07794686,  0.41089183,  0.1527902 ,
        0.37862832, -0.43740566, -0.16678915, -0.06155264, -0.08497604,
       -0.0060938 ]) 

Generation: 749 
 - Generation Avg Fit: 221.57546442898808 
 - Best Fitness: 372.7850105090744
 - Best Solution: array([-0.0089698 , -0.38719179,  0.32931231, -0.03000257,  0.00083204,
        0.38988129,  0.00276372, -0.4325146 , -0.14618291,  0.22486378,
       -0.01781504, -0.24420628, -0.30489943, -0.48652606, -0.06549168,
       -0.203903  , -0.30807204, -0.24327194,  0.19125088, -0.29334711,
       -0.13772293, -0.24072533,  0.09774259,  0.42771572,  0.30073877,
       -0.21444844,  0.42770078, -0.07794686,  0.41089183,  0.1527902 ,
        0.37862832, -0.43740566, -0.16678915, -0.06155264, -0.08497604,
       -0.0060938 ]) 

Generation: 750 
 - Generation Avg Fit: 225.89877953611563 
 - Best Fitness: 372.7850105090744
 - Best Solution: array([-0.0089698 , -0.38719179,  0.32931231, -0.03000257,  0.00083204,
        0.38988129,  0.00276372, -0.4325146 , -0.14618291,  0.22486378,
       -0.01781504, -0.24420628, -0.30489943, -0.48652606, -0.06549168,
       -0.203903  , -0.30807204, -0.24327194,  0.19125088, -0.29334711,
       -0.13772293, -0.24072533,  0.09774259,  0.42771572,  0.30073877,
       -0.21444844,  0.42770078, -0.07794686,  0.41089183,  0.1527902 ,
        0.37862832, -0.43740566, -0.16678915, -0.06155264, -0.08497604,
       -0.0060938 ]) 

Generation: 751 
 - Generation Avg Fit: 220.3422429634714 
 - Best Fitness: 372.7850105090744
 - Best Solution: array([-0.0089698 , -0.38719179,  0.32931231, -0.03000257,  0.00083204,
        0.38988129,  0.00276372, -0.4325146 , -0.14618291,  0.22486378,
       -0.01781504, -0.24420628, -0.30489943, -0.48652606, -0.06549168,
       -0.203903  , -0.30807204, -0.24327194,  0.19125088, -0.29334711,
       -0.13772293, -0.24072533,  0.09774259,  0.42771572,  0.30073877,
       -0.21444844,  0.42770078, -0.07794686,  0.41089183,  0.1527902 ,
        0.37862832, -0.43740566, -0.16678915, -0.06155264, -0.08497604,
       -0.0060938 ]) 

Generation: 752 
 - Generation Avg Fit: 216.22646286658303 
 - Best Fitness: 372.7850105090744
 - Best Solution: array([-0.0089698 , -0.38719179,  0.32931231, -0.03000257,  0.00083204,
        0.38988129,  0.00276372, -0.4325146 , -0.14618291,  0.22486378,
       -0.01781504, -0.24420628, -0.30489943, -0.48652606, -0.06549168,
       -0.203903  , -0.30807204, -0.24327194,  0.19125088, -0.29334711,
       -0.13772293, -0.24072533,  0.09774259,  0.42771572,  0.30073877,
       -0.21444844,  0.42770078, -0.07794686,  0.41089183,  0.1527902 ,
        0.37862832, -0.43740566, -0.16678915, -0.06155264, -0.08497604,
       -0.0060938 ]) 

Generation: 753 
 - Generation Avg Fit: 214.19968971527996 
 - Best Fitness: 372.7850105090744
 - Best Solution: array([-0.0089698 , -0.38719179,  0.32931231, -0.03000257,  0.00083204,
        0.38988129,  0.00276372, -0.4325146 , -0.14618291,  0.22486378,
       -0.01781504, -0.24420628, -0.30489943, -0.48652606, -0.06549168,
       -0.203903  , -0.30807204, -0.24327194,  0.19125088, -0.29334711,
       -0.13772293, -0.24072533,  0.09774259,  0.42771572,  0.30073877,
       -0.21444844,  0.42770078, -0.07794686,  0.41089183,  0.1527902 ,
        0.37862832, -0.43740566, -0.16678915, -0.06155264, -0.08497604,
       -0.0060938 ]) 

Generation: 754 
 - Generation Avg Fit: 224.534577502225 
 - Best Fitness: 372.7850105090744
 - Best Solution: array([-0.0089698 , -0.38719179,  0.32931231, -0.03000257,  0.00083204,
        0.38988129,  0.00276372, -0.4325146 , -0.14618291,  0.22486378,
       -0.01781504, -0.24420628, -0.30489943, -0.48652606, -0.06549168,
       -0.203903  , -0.30807204, -0.24327194,  0.19125088, -0.29334711,
       -0.13772293, -0.24072533,  0.09774259,  0.42771572,  0.30073877,
       -0.21444844,  0.42770078, -0.07794686,  0.41089183,  0.1527902 ,
        0.37862832, -0.43740566, -0.16678915, -0.06155264, -0.08497604,
       -0.0060938 ]) 

Generation: 755 
 - Generation Avg Fit: 217.9751141979303 
 - Best Fitness: 372.7850105090744
 - Best Solution: array([-0.0089698 , -0.38719179,  0.32931231, -0.03000257,  0.00083204,
        0.38988129,  0.00276372, -0.4325146 , -0.14618291,  0.22486378,
       -0.01781504, -0.24420628, -0.30489943, -0.48652606, -0.06549168,
       -0.203903  , -0.30807204, -0.24327194,  0.19125088, -0.29334711,
       -0.13772293, -0.24072533,  0.09774259,  0.42771572,  0.30073877,
       -0.21444844,  0.42770078, -0.07794686,  0.41089183,  0.1527902 ,
        0.37862832, -0.43740566, -0.16678915, -0.06155264, -0.08497604,
       -0.0060938 ]) 

Generation: 756 
 - Generation Avg Fit: 220.24613856086867 
 - Best Fitness: 372.7850105090744
 - Best Solution: array([-0.0089698 , -0.38719179,  0.32931231, -0.03000257,  0.00083204,
        0.38988129,  0.00276372, -0.4325146 , -0.14618291,  0.22486378,
       -0.01781504, -0.24420628, -0.30489943, -0.48652606, -0.06549168,
       -0.203903  , -0.30807204, -0.24327194,  0.19125088, -0.29334711,
       -0.13772293, -0.24072533,  0.09774259,  0.42771572,  0.30073877,
       -0.21444844,  0.42770078, -0.07794686,  0.41089183,  0.1527902 ,
        0.37862832, -0.43740566, -0.16678915, -0.06155264, -0.08497604,
       -0.0060938 ]) 

Generation: 757 
 - Generation Avg Fit: 219.38820776693177 
 - Best Fitness: 372.7850105090744
 - Best Solution: array([-0.0089698 , -0.38719179,  0.32931231, -0.03000257,  0.00083204,
        0.38988129,  0.00276372, -0.4325146 , -0.14618291,  0.22486378,
       -0.01781504, -0.24420628, -0.30489943, -0.48652606, -0.06549168,
       -0.203903  , -0.30807204, -0.24327194,  0.19125088, -0.29334711,
       -0.13772293, -0.24072533,  0.09774259,  0.42771572,  0.30073877,
       -0.21444844,  0.42770078, -0.07794686,  0.41089183,  0.1527902 ,
        0.37862832, -0.43740566, -0.16678915, -0.06155264, -0.08497604,
       -0.0060938 ]) 

Generation: 758 
 - Generation Avg Fit: 216.17055674334094 
 - Best Fitness: 372.7850105090744
 - Best Solution: array([-0.0089698 , -0.38719179,  0.32931231, -0.03000257,  0.00083204,
        0.38988129,  0.00276372, -0.4325146 , -0.14618291,  0.22486378,
       -0.01781504, -0.24420628, -0.30489943, -0.48652606, -0.06549168,
       -0.203903  , -0.30807204, -0.24327194,  0.19125088, -0.29334711,
       -0.13772293, -0.24072533,  0.09774259,  0.42771572,  0.30073877,
       -0.21444844,  0.42770078, -0.07794686,  0.41089183,  0.1527902 ,
        0.37862832, -0.43740566, -0.16678915, -0.06155264, -0.08497604,
       -0.0060938 ]) 

Generation: 759 
 - Generation Avg Fit: 229.21389103047187 
 - Best Fitness: 372.7850105090744
 - Best Solution: array([-0.0089698 , -0.38719179,  0.32931231, -0.03000257,  0.00083204,
        0.38988129,  0.00276372, -0.4325146 , -0.14618291,  0.22486378,
       -0.01781504, -0.24420628, -0.30489943, -0.48652606, -0.06549168,
       -0.203903  , -0.30807204, -0.24327194,  0.19125088, -0.29334711,
       -0.13772293, -0.24072533,  0.09774259,  0.42771572,  0.30073877,
       -0.21444844,  0.42770078, -0.07794686,  0.41089183,  0.1527902 ,
        0.37862832, -0.43740566, -0.16678915, -0.06155264, -0.08497604,
       -0.0060938 ]) 

Generation: 760 
 - Generation Avg Fit: 212.85822605295198 
 - Best Fitness: 372.7850105090744
 - Best Solution: array([-0.0089698 , -0.38719179,  0.32931231, -0.03000257,  0.00083204,
        0.38988129,  0.00276372, -0.4325146 , -0.14618291,  0.22486378,
       -0.01781504, -0.24420628, -0.30489943, -0.48652606, -0.06549168,
       -0.203903  , -0.30807204, -0.24327194,  0.19125088, -0.29334711,
       -0.13772293, -0.24072533,  0.09774259,  0.42771572,  0.30073877,
       -0.21444844,  0.42770078, -0.07794686,  0.41089183,  0.1527902 ,
        0.37862832, -0.43740566, -0.16678915, -0.06155264, -0.08497604,
       -0.0060938 ]) 

Generation: 761 
 - Generation Avg Fit: 219.58283888172843 
 - Best Fitness: 372.7850105090744
 - Best Solution: array([-0.0089698 , -0.38719179,  0.32931231, -0.03000257,  0.00083204,
        0.38988129,  0.00276372, -0.4325146 , -0.14618291,  0.22486378,
       -0.01781504, -0.24420628, -0.30489943, -0.48652606, -0.06549168,
       -0.203903  , -0.30807204, -0.24327194,  0.19125088, -0.29334711,
       -0.13772293, -0.24072533,  0.09774259,  0.42771572,  0.30073877,
       -0.21444844,  0.42770078, -0.07794686,  0.41089183,  0.1527902 ,
        0.37862832, -0.43740566, -0.16678915, -0.06155264, -0.08497604,
       -0.0060938 ]) 

Generation: 762 
 - Generation Avg Fit: 225.54989418279726 
 - Best Fitness: 372.7850105090744
 - Best Solution: array([-0.0089698 , -0.38719179,  0.32931231, -0.03000257,  0.00083204,
        0.38988129,  0.00276372, -0.4325146 , -0.14618291,  0.22486378,
       -0.01781504, -0.24420628, -0.30489943, -0.48652606, -0.06549168,
       -0.203903  , -0.30807204, -0.24327194,  0.19125088, -0.29334711,
       -0.13772293, -0.24072533,  0.09774259,  0.42771572,  0.30073877,
       -0.21444844,  0.42770078, -0.07794686,  0.41089183,  0.1527902 ,
        0.37862832, -0.43740566, -0.16678915, -0.06155264, -0.08497604,
       -0.0060938 ]) 

Generation: 763 
 - Generation Avg Fit: 226.5308074914211 
 - Best Fitness: 372.7850105090744
 - Best Solution: array([-0.0089698 , -0.38719179,  0.32931231, -0.03000257,  0.00083204,
        0.38988129,  0.00276372, -0.4325146 , -0.14618291,  0.22486378,
       -0.01781504, -0.24420628, -0.30489943, -0.48652606, -0.06549168,
       -0.203903  , -0.30807204, -0.24327194,  0.19125088, -0.29334711,
       -0.13772293, -0.24072533,  0.09774259,  0.42771572,  0.30073877,
       -0.21444844,  0.42770078, -0.07794686,  0.41089183,  0.1527902 ,
        0.37862832, -0.43740566, -0.16678915, -0.06155264, -0.08497604,
       -0.0060938 ]) 

Generation: 764 
 - Generation Avg Fit: 225.4273941389915 
 - Best Fitness: 372.7850105090744
 - Best Solution: array([-0.0089698 , -0.38719179,  0.32931231, -0.03000257,  0.00083204,
        0.38988129,  0.00276372, -0.4325146 , -0.14618291,  0.22486378,
       -0.01781504, -0.24420628, -0.30489943, -0.48652606, -0.06549168,
       -0.203903  , -0.30807204, -0.24327194,  0.19125088, -0.29334711,
       -0.13772293, -0.24072533,  0.09774259,  0.42771572,  0.30073877,
       -0.21444844,  0.42770078, -0.07794686,  0.41089183,  0.1527902 ,
        0.37862832, -0.43740566, -0.16678915, -0.06155264, -0.08497604,
       -0.0060938 ]) 

Generation: 765 
 - Generation Avg Fit: 207.68340287584925 
 - Best Fitness: 372.7850105090744
 - Best Solution: array([-0.0089698 , -0.38719179,  0.32931231, -0.03000257,  0.00083204,
        0.38988129,  0.00276372, -0.4325146 , -0.14618291,  0.22486378,
       -0.01781504, -0.24420628, -0.30489943, -0.48652606, -0.06549168,
       -0.203903  , -0.30807204, -0.24327194,  0.19125088, -0.29334711,
       -0.13772293, -0.24072533,  0.09774259,  0.42771572,  0.30073877,
       -0.21444844,  0.42770078, -0.07794686,  0.41089183,  0.1527902 ,
        0.37862832, -0.43740566, -0.16678915, -0.06155264, -0.08497604,
       -0.0060938 ]) 

Generation: 766 
 - Generation Avg Fit: 227.02773968456106 
 - Best Fitness: 372.7850105090744
 - Best Solution: array([-0.0089698 , -0.38719179,  0.32931231, -0.03000257,  0.00083204,
        0.38988129,  0.00276372, -0.4325146 , -0.14618291,  0.22486378,
       -0.01781504, -0.24420628, -0.30489943, -0.48652606, -0.06549168,
       -0.203903  , -0.30807204, -0.24327194,  0.19125088, -0.29334711,
       -0.13772293, -0.24072533,  0.09774259,  0.42771572,  0.30073877,
       -0.21444844,  0.42770078, -0.07794686,  0.41089183,  0.1527902 ,
        0.37862832, -0.43740566, -0.16678915, -0.06155264, -0.08497604,
       -0.0060938 ]) 

Generation: 767 
 - Generation Avg Fit: 215.7480822581457 
 - Best Fitness: 372.7850105090744
 - Best Solution: array([-0.0089698 , -0.38719179,  0.32931231, -0.03000257,  0.00083204,
        0.38988129,  0.00276372, -0.4325146 , -0.14618291,  0.22486378,
       -0.01781504, -0.24420628, -0.30489943, -0.48652606, -0.06549168,
       -0.203903  , -0.30807204, -0.24327194,  0.19125088, -0.29334711,
       -0.13772293, -0.24072533,  0.09774259,  0.42771572,  0.30073877,
       -0.21444844,  0.42770078, -0.07794686,  0.41089183,  0.1527902 ,
        0.37862832, -0.43740566, -0.16678915, -0.06155264, -0.08497604,
       -0.0060938 ]) 

Generation: 768 
 - Generation Avg Fit: 218.77682682029337 
 - Best Fitness: 372.7850105090744
 - Best Solution: array([-0.0089698 , -0.38719179,  0.32931231, -0.03000257,  0.00083204,
        0.38988129,  0.00276372, -0.4325146 , -0.14618291,  0.22486378,
       -0.01781504, -0.24420628, -0.30489943, -0.48652606, -0.06549168,
       -0.203903  , -0.30807204, -0.24327194,  0.19125088, -0.29334711,
       -0.13772293, -0.24072533,  0.09774259,  0.42771572,  0.30073877,
       -0.21444844,  0.42770078, -0.07794686,  0.41089183,  0.1527902 ,
        0.37862832, -0.43740566, -0.16678915, -0.06155264, -0.08497604,
       -0.0060938 ]) 

Generation: 769 
 - Generation Avg Fit: 221.68881975088038 
 - Best Fitness: 372.7850105090744
 - Best Solution: array([-0.0089698 , -0.38719179,  0.32931231, -0.03000257,  0.00083204,
        0.38988129,  0.00276372, -0.4325146 , -0.14618291,  0.22486378,
       -0.01781504, -0.24420628, -0.30489943, -0.48652606, -0.06549168,
       -0.203903  , -0.30807204, -0.24327194,  0.19125088, -0.29334711,
       -0.13772293, -0.24072533,  0.09774259,  0.42771572,  0.30073877,
       -0.21444844,  0.42770078, -0.07794686,  0.41089183,  0.1527902 ,
        0.37862832, -0.43740566, -0.16678915, -0.06155264, -0.08497604,
       -0.0060938 ]) 

Generation: 770 
 - Generation Avg Fit: 223.01993341609833 
 - Best Fitness: 372.7850105090744
 - Best Solution: array([-0.0089698 , -0.38719179,  0.32931231, -0.03000257,  0.00083204,
        0.38988129,  0.00276372, -0.4325146 , -0.14618291,  0.22486378,
       -0.01781504, -0.24420628, -0.30489943, -0.48652606, -0.06549168,
       -0.203903  , -0.30807204, -0.24327194,  0.19125088, -0.29334711,
       -0.13772293, -0.24072533,  0.09774259,  0.42771572,  0.30073877,
       -0.21444844,  0.42770078, -0.07794686,  0.41089183,  0.1527902 ,
        0.37862832, -0.43740566, -0.16678915, -0.06155264, -0.08497604,
       -0.0060938 ]) 

Generation: 771 
 - Generation Avg Fit: 220.84421244692348 
 - Best Fitness: 372.7850105090744
 - Best Solution: array([-0.0089698 , -0.38719179,  0.32931231, -0.03000257,  0.00083204,
        0.38988129,  0.00276372, -0.4325146 , -0.14618291,  0.22486378,
       -0.01781504, -0.24420628, -0.30489943, -0.48652606, -0.06549168,
       -0.203903  , -0.30807204, -0.24327194,  0.19125088, -0.29334711,
       -0.13772293, -0.24072533,  0.09774259,  0.42771572,  0.30073877,
       -0.21444844,  0.42770078, -0.07794686,  0.41089183,  0.1527902 ,
        0.37862832, -0.43740566, -0.16678915, -0.06155264, -0.08497604,
       -0.0060938 ]) 

Generation: 772 
 - Generation Avg Fit: 216.3972330793641 
 - Best Fitness: 372.7850105090744
 - Best Solution: array([-0.0089698 , -0.38719179,  0.32931231, -0.03000257,  0.00083204,
        0.38988129,  0.00276372, -0.4325146 , -0.14618291,  0.22486378,
       -0.01781504, -0.24420628, -0.30489943, -0.48652606, -0.06549168,
       -0.203903  , -0.30807204, -0.24327194,  0.19125088, -0.29334711,
       -0.13772293, -0.24072533,  0.09774259,  0.42771572,  0.30073877,
       -0.21444844,  0.42770078, -0.07794686,  0.41089183,  0.1527902 ,
        0.37862832, -0.43740566, -0.16678915, -0.06155264, -0.08497604,
       -0.0060938 ]) 

Generation: 773 
 - Generation Avg Fit: 208.05192265524494 
 - Best Fitness: 372.7850105090744
 - Best Solution: array([-0.0089698 , -0.38719179,  0.32931231, -0.03000257,  0.00083204,
        0.38988129,  0.00276372, -0.4325146 , -0.14618291,  0.22486378,
       -0.01781504, -0.24420628, -0.30489943, -0.48652606, -0.06549168,
       -0.203903  , -0.30807204, -0.24327194,  0.19125088, -0.29334711,
       -0.13772293, -0.24072533,  0.09774259,  0.42771572,  0.30073877,
       -0.21444844,  0.42770078, -0.07794686,  0.41089183,  0.1527902 ,
        0.37862832, -0.43740566, -0.16678915, -0.06155264, -0.08497604,
       -0.0060938 ]) 

Generation: 774 
 - Generation Avg Fit: 219.0671149171285 
 - Best Fitness: 372.7850105090744
 - Best Solution: array([-0.0089698 , -0.38719179,  0.32931231, -0.03000257,  0.00083204,
        0.38988129,  0.00276372, -0.4325146 , -0.14618291,  0.22486378,
       -0.01781504, -0.24420628, -0.30489943, -0.48652606, -0.06549168,
       -0.203903  , -0.30807204, -0.24327194,  0.19125088, -0.29334711,
       -0.13772293, -0.24072533,  0.09774259,  0.42771572,  0.30073877,
       -0.21444844,  0.42770078, -0.07794686,  0.41089183,  0.1527902 ,
        0.37862832, -0.43740566, -0.16678915, -0.06155264, -0.08497604,
       -0.0060938 ]) 

Generation: 775 
 - Generation Avg Fit: 214.1195753378076 
 - Best Fitness: 372.7850105090744
 - Best Solution: array([-0.0089698 , -0.38719179,  0.32931231, -0.03000257,  0.00083204,
        0.38988129,  0.00276372, -0.4325146 , -0.14618291,  0.22486378,
       -0.01781504, -0.24420628, -0.30489943, -0.48652606, -0.06549168,
       -0.203903  , -0.30807204, -0.24327194,  0.19125088, -0.29334711,
       -0.13772293, -0.24072533,  0.09774259,  0.42771572,  0.30073877,
       -0.21444844,  0.42770078, -0.07794686,  0.41089183,  0.1527902 ,
        0.37862832, -0.43740566, -0.16678915, -0.06155264, -0.08497604,
       -0.0060938 ]) 

Generation: 776 
 - Generation Avg Fit: 215.97494293524034 
 - Best Fitness: 372.7850105090744
 - Best Solution: array([-0.0089698 , -0.38719179,  0.32931231, -0.03000257,  0.00083204,
        0.38988129,  0.00276372, -0.4325146 , -0.14618291,  0.22486378,
       -0.01781504, -0.24420628, -0.30489943, -0.48652606, -0.06549168,
       -0.203903  , -0.30807204, -0.24327194,  0.19125088, -0.29334711,
       -0.13772293, -0.24072533,  0.09774259,  0.42771572,  0.30073877,
       -0.21444844,  0.42770078, -0.07794686,  0.41089183,  0.1527902 ,
        0.37862832, -0.43740566, -0.16678915, -0.06155264, -0.08497604,
       -0.0060938 ]) 

Generation: 777 
 - Generation Avg Fit: 211.15414098288272 
 - Best Fitness: 372.7850105090744
 - Best Solution: array([-0.0089698 , -0.38719179,  0.32931231, -0.03000257,  0.00083204,
        0.38988129,  0.00276372, -0.4325146 , -0.14618291,  0.22486378,
       -0.01781504, -0.24420628, -0.30489943, -0.48652606, -0.06549168,
       -0.203903  , -0.30807204, -0.24327194,  0.19125088, -0.29334711,
       -0.13772293, -0.24072533,  0.09774259,  0.42771572,  0.30073877,
       -0.21444844,  0.42770078, -0.07794686,  0.41089183,  0.1527902 ,
        0.37862832, -0.43740566, -0.16678915, -0.06155264, -0.08497604,
       -0.0060938 ]) 

Generation: 778 
 - Generation Avg Fit: 224.2219688937122 
 - Best Fitness: 372.7850105090744
 - Best Solution: array([-0.0089698 , -0.38719179,  0.32931231, -0.03000257,  0.00083204,
        0.38988129,  0.00276372, -0.4325146 , -0.14618291,  0.22486378,
       -0.01781504, -0.24420628, -0.30489943, -0.48652606, -0.06549168,
       -0.203903  , -0.30807204, -0.24327194,  0.19125088, -0.29334711,
       -0.13772293, -0.24072533,  0.09774259,  0.42771572,  0.30073877,
       -0.21444844,  0.42770078, -0.07794686,  0.41089183,  0.1527902 ,
        0.37862832, -0.43740566, -0.16678915, -0.06155264, -0.08497604,
       -0.0060938 ]) 

Generation: 779 
 - Generation Avg Fit: 224.37454895416116 
 - Best Fitness: 372.7850105090744
 - Best Solution: array([-0.0089698 , -0.38719179,  0.32931231, -0.03000257,  0.00083204,
        0.38988129,  0.00276372, -0.4325146 , -0.14618291,  0.22486378,
       -0.01781504, -0.24420628, -0.30489943, -0.48652606, -0.06549168,
       -0.203903  , -0.30807204, -0.24327194,  0.19125088, -0.29334711,
       -0.13772293, -0.24072533,  0.09774259,  0.42771572,  0.30073877,
       -0.21444844,  0.42770078, -0.07794686,  0.41089183,  0.1527902 ,
        0.37862832, -0.43740566, -0.16678915, -0.06155264, -0.08497604,
       -0.0060938 ]) 

Generation: 780 
 - Generation Avg Fit: 218.7722093308265 
 - Best Fitness: 372.7850105090744
 - Best Solution: array([-0.0089698 , -0.38719179,  0.32931231, -0.03000257,  0.00083204,
        0.38988129,  0.00276372, -0.4325146 , -0.14618291,  0.22486378,
       -0.01781504, -0.24420628, -0.30489943, -0.48652606, -0.06549168,
       -0.203903  , -0.30807204, -0.24327194,  0.19125088, -0.29334711,
       -0.13772293, -0.24072533,  0.09774259,  0.42771572,  0.30073877,
       -0.21444844,  0.42770078, -0.07794686,  0.41089183,  0.1527902 ,
        0.37862832, -0.43740566, -0.16678915, -0.06155264, -0.08497604,
       -0.0060938 ]) 

Generation: 781 
 - Generation Avg Fit: 224.8066064275775 
 - Best Fitness: 372.7850105090744
 - Best Solution: array([-0.0089698 , -0.38719179,  0.32931231, -0.03000257,  0.00083204,
        0.38988129,  0.00276372, -0.4325146 , -0.14618291,  0.22486378,
       -0.01781504, -0.24420628, -0.30489943, -0.48652606, -0.06549168,
       -0.203903  , -0.30807204, -0.24327194,  0.19125088, -0.29334711,
       -0.13772293, -0.24072533,  0.09774259,  0.42771572,  0.30073877,
       -0.21444844,  0.42770078, -0.07794686,  0.41089183,  0.1527902 ,
        0.37862832, -0.43740566, -0.16678915, -0.06155264, -0.08497604,
       -0.0060938 ]) 

Generation: 782 
 - Generation Avg Fit: 218.7695281445722 
 - Best Fitness: 372.7850105090744
 - Best Solution: array([-0.0089698 , -0.38719179,  0.32931231, -0.03000257,  0.00083204,
        0.38988129,  0.00276372, -0.4325146 , -0.14618291,  0.22486378,
       -0.01781504, -0.24420628, -0.30489943, -0.48652606, -0.06549168,
       -0.203903  , -0.30807204, -0.24327194,  0.19125088, -0.29334711,
       -0.13772293, -0.24072533,  0.09774259,  0.42771572,  0.30073877,
       -0.21444844,  0.42770078, -0.07794686,  0.41089183,  0.1527902 ,
        0.37862832, -0.43740566, -0.16678915, -0.06155264, -0.08497604,
       -0.0060938 ]) 

Generation: 783 
 - Generation Avg Fit: 222.8900683246293 
 - Best Fitness: 372.7850105090744
 - Best Solution: array([-0.0089698 , -0.38719179,  0.32931231, -0.03000257,  0.00083204,
        0.38988129,  0.00276372, -0.4325146 , -0.14618291,  0.22486378,
       -0.01781504, -0.24420628, -0.30489943, -0.48652606, -0.06549168,
       -0.203903  , -0.30807204, -0.24327194,  0.19125088, -0.29334711,
       -0.13772293, -0.24072533,  0.09774259,  0.42771572,  0.30073877,
       -0.21444844,  0.42770078, -0.07794686,  0.41089183,  0.1527902 ,
        0.37862832, -0.43740566, -0.16678915, -0.06155264, -0.08497604,
       -0.0060938 ]) 

Generation: 784 
 - Generation Avg Fit: 213.43542651700864 
 - Best Fitness: 372.7850105090744
 - Best Solution: array([-0.0089698 , -0.38719179,  0.32931231, -0.03000257,  0.00083204,
        0.38988129,  0.00276372, -0.4325146 , -0.14618291,  0.22486378,
       -0.01781504, -0.24420628, -0.30489943, -0.48652606, -0.06549168,
       -0.203903  , -0.30807204, -0.24327194,  0.19125088, -0.29334711,
       -0.13772293, -0.24072533,  0.09774259,  0.42771572,  0.30073877,
       -0.21444844,  0.42770078, -0.07794686,  0.41089183,  0.1527902 ,
        0.37862832, -0.43740566, -0.16678915, -0.06155264, -0.08497604,
       -0.0060938 ]) 

Generation: 785 
 - Generation Avg Fit: 219.30662560242502 
 - Best Fitness: 372.7850105090744
 - Best Solution: array([-0.0089698 , -0.38719179,  0.32931231, -0.03000257,  0.00083204,
        0.38988129,  0.00276372, -0.4325146 , -0.14618291,  0.22486378,
       -0.01781504, -0.24420628, -0.30489943, -0.48652606, -0.06549168,
       -0.203903  , -0.30807204, -0.24327194,  0.19125088, -0.29334711,
       -0.13772293, -0.24072533,  0.09774259,  0.42771572,  0.30073877,
       -0.21444844,  0.42770078, -0.07794686,  0.41089183,  0.1527902 ,
        0.37862832, -0.43740566, -0.16678915, -0.06155264, -0.08497604,
       -0.0060938 ]) 

Generation: 786 
 - Generation Avg Fit: 220.2084646485441 
 - Best Fitness: 372.7850105090744
 - Best Solution: array([-0.0089698 , -0.38719179,  0.32931231, -0.03000257,  0.00083204,
        0.38988129,  0.00276372, -0.4325146 , -0.14618291,  0.22486378,
       -0.01781504, -0.24420628, -0.30489943, -0.48652606, -0.06549168,
       -0.203903  , -0.30807204, -0.24327194,  0.19125088, -0.29334711,
       -0.13772293, -0.24072533,  0.09774259,  0.42771572,  0.30073877,
       -0.21444844,  0.42770078, -0.07794686,  0.41089183,  0.1527902 ,
        0.37862832, -0.43740566, -0.16678915, -0.06155264, -0.08497604,
       -0.0060938 ]) 

Generation: 787 
 - Generation Avg Fit: 211.8993993242248 
 - Best Fitness: 372.7850105090744
 - Best Solution: array([-0.0089698 , -0.38719179,  0.32931231, -0.03000257,  0.00083204,
        0.38988129,  0.00276372, -0.4325146 , -0.14618291,  0.22486378,
       -0.01781504, -0.24420628, -0.30489943, -0.48652606, -0.06549168,
       -0.203903  , -0.30807204, -0.24327194,  0.19125088, -0.29334711,
       -0.13772293, -0.24072533,  0.09774259,  0.42771572,  0.30073877,
       -0.21444844,  0.42770078, -0.07794686,  0.41089183,  0.1527902 ,
        0.37862832, -0.43740566, -0.16678915, -0.06155264, -0.08497604,
       -0.0060938 ]) 

Generation: 788 
 - Generation Avg Fit: 219.43344878553663 
 - Best Fitness: 372.7850105090744
 - Best Solution: array([-0.0089698 , -0.38719179,  0.32931231, -0.03000257,  0.00083204,
        0.38988129,  0.00276372, -0.4325146 , -0.14618291,  0.22486378,
       -0.01781504, -0.24420628, -0.30489943, -0.48652606, -0.06549168,
       -0.203903  , -0.30807204, -0.24327194,  0.19125088, -0.29334711,
       -0.13772293, -0.24072533,  0.09774259,  0.42771572,  0.30073877,
       -0.21444844,  0.42770078, -0.07794686,  0.41089183,  0.1527902 ,
        0.37862832, -0.43740566, -0.16678915, -0.06155264, -0.08497604,
       -0.0060938 ]) 

Generation: 789 
 - Generation Avg Fit: 226.27885977257597 
 - Best Fitness: 372.7850105090744
 - Best Solution: array([-0.0089698 , -0.38719179,  0.32931231, -0.03000257,  0.00083204,
        0.38988129,  0.00276372, -0.4325146 , -0.14618291,  0.22486378,
       -0.01781504, -0.24420628, -0.30489943, -0.48652606, -0.06549168,
       -0.203903  , -0.30807204, -0.24327194,  0.19125088, -0.29334711,
       -0.13772293, -0.24072533,  0.09774259,  0.42771572,  0.30073877,
       -0.21444844,  0.42770078, -0.07794686,  0.41089183,  0.1527902 ,
        0.37862832, -0.43740566, -0.16678915, -0.06155264, -0.08497604,
       -0.0060938 ]) 

Generation: 790 
 - Generation Avg Fit: 216.37753321808202 
 - Best Fitness: 372.7850105090744
 - Best Solution: array([-0.0089698 , -0.38719179,  0.32931231, -0.03000257,  0.00083204,
        0.38988129,  0.00276372, -0.4325146 , -0.14618291,  0.22486378,
       -0.01781504, -0.24420628, -0.30489943, -0.48652606, -0.06549168,
       -0.203903  , -0.30807204, -0.24327194,  0.19125088, -0.29334711,
       -0.13772293, -0.24072533,  0.09774259,  0.42771572,  0.30073877,
       -0.21444844,  0.42770078, -0.07794686,  0.41089183,  0.1527902 ,
        0.37862832, -0.43740566, -0.16678915, -0.06155264, -0.08497604,
       -0.0060938 ]) 

Generation: 791 
 - Generation Avg Fit: 217.83936637668614 
 - Best Fitness: 372.7850105090744
 - Best Solution: array([-0.0089698 , -0.38719179,  0.32931231, -0.03000257,  0.00083204,
        0.38988129,  0.00276372, -0.4325146 , -0.14618291,  0.22486378,
       -0.01781504, -0.24420628, -0.30489943, -0.48652606, -0.06549168,
       -0.203903  , -0.30807204, -0.24327194,  0.19125088, -0.29334711,
       -0.13772293, -0.24072533,  0.09774259,  0.42771572,  0.30073877,
       -0.21444844,  0.42770078, -0.07794686,  0.41089183,  0.1527902 ,
        0.37862832, -0.43740566, -0.16678915, -0.06155264, -0.08497604,
       -0.0060938 ]) 

Generation: 792 
 - Generation Avg Fit: 225.66814949268118 
 - Best Fitness: 372.7850105090744
 - Best Solution: array([-0.0089698 , -0.38719179,  0.32931231, -0.03000257,  0.00083204,
        0.38988129,  0.00276372, -0.4325146 , -0.14618291,  0.22486378,
       -0.01781504, -0.24420628, -0.30489943, -0.48652606, -0.06549168,
       -0.203903  , -0.30807204, -0.24327194,  0.19125088, -0.29334711,
       -0.13772293, -0.24072533,  0.09774259,  0.42771572,  0.30073877,
       -0.21444844,  0.42770078, -0.07794686,  0.41089183,  0.1527902 ,
        0.37862832, -0.43740566, -0.16678915, -0.06155264, -0.08497604,
       -0.0060938 ]) 

Generation: 793 
 - Generation Avg Fit: 221.09211801182101 
 - Best Fitness: 372.7850105090744
 - Best Solution: array([-0.0089698 , -0.38719179,  0.32931231, -0.03000257,  0.00083204,
        0.38988129,  0.00276372, -0.4325146 , -0.14618291,  0.22486378,
       -0.01781504, -0.24420628, -0.30489943, -0.48652606, -0.06549168,
       -0.203903  , -0.30807204, -0.24327194,  0.19125088, -0.29334711,
       -0.13772293, -0.24072533,  0.09774259,  0.42771572,  0.30073877,
       -0.21444844,  0.42770078, -0.07794686,  0.41089183,  0.1527902 ,
        0.37862832, -0.43740566, -0.16678915, -0.06155264, -0.08497604,
       -0.0060938 ]) 

Generation: 794 
 - Generation Avg Fit: 214.19797492451355 
 - Best Fitness: 372.7850105090744
 - Best Solution: array([-0.0089698 , -0.38719179,  0.32931231, -0.03000257,  0.00083204,
        0.38988129,  0.00276372, -0.4325146 , -0.14618291,  0.22486378,
       -0.01781504, -0.24420628, -0.30489943, -0.48652606, -0.06549168,
       -0.203903  , -0.30807204, -0.24327194,  0.19125088, -0.29334711,
       -0.13772293, -0.24072533,  0.09774259,  0.42771572,  0.30073877,
       -0.21444844,  0.42770078, -0.07794686,  0.41089183,  0.1527902 ,
        0.37862832, -0.43740566, -0.16678915, -0.06155264, -0.08497604,
       -0.0060938 ]) 

Generation: 795 
 - Generation Avg Fit: 215.48166983241208 
 - Best Fitness: 372.7850105090744
 - Best Solution: array([-0.0089698 , -0.38719179,  0.32931231, -0.03000257,  0.00083204,
        0.38988129,  0.00276372, -0.4325146 , -0.14618291,  0.22486378,
       -0.01781504, -0.24420628, -0.30489943, -0.48652606, -0.06549168,
       -0.203903  , -0.30807204, -0.24327194,  0.19125088, -0.29334711,
       -0.13772293, -0.24072533,  0.09774259,  0.42771572,  0.30073877,
       -0.21444844,  0.42770078, -0.07794686,  0.41089183,  0.1527902 ,
        0.37862832, -0.43740566, -0.16678915, -0.06155264, -0.08497604,
       -0.0060938 ]) 

Generation: 796 
 - Generation Avg Fit: 208.19955507260386 
 - Best Fitness: 372.7850105090744
 - Best Solution: array([-0.0089698 , -0.38719179,  0.32931231, -0.03000257,  0.00083204,
        0.38988129,  0.00276372, -0.4325146 , -0.14618291,  0.22486378,
       -0.01781504, -0.24420628, -0.30489943, -0.48652606, -0.06549168,
       -0.203903  , -0.30807204, -0.24327194,  0.19125088, -0.29334711,
       -0.13772293, -0.24072533,  0.09774259,  0.42771572,  0.30073877,
       -0.21444844,  0.42770078, -0.07794686,  0.41089183,  0.1527902 ,
        0.37862832, -0.43740566, -0.16678915, -0.06155264, -0.08497604,
       -0.0060938 ]) 

Generation: 797 
 - Generation Avg Fit: 220.91104170609796 
 - Best Fitness: 372.7850105090744
 - Best Solution: array([-0.0089698 , -0.38719179,  0.32931231, -0.03000257,  0.00083204,
        0.38988129,  0.00276372, -0.4325146 , -0.14618291,  0.22486378,
       -0.01781504, -0.24420628, -0.30489943, -0.48652606, -0.06549168,
       -0.203903  , -0.30807204, -0.24327194,  0.19125088, -0.29334711,
       -0.13772293, -0.24072533,  0.09774259,  0.42771572,  0.30073877,
       -0.21444844,  0.42770078, -0.07794686,  0.41089183,  0.1527902 ,
        0.37862832, -0.43740566, -0.16678915, -0.06155264, -0.08497604,
       -0.0060938 ]) 

Generation: 798 
 - Generation Avg Fit: 218.06558391219826 
 - Best Fitness: 372.7850105090744
 - Best Solution: array([-0.0089698 , -0.38719179,  0.32931231, -0.03000257,  0.00083204,
        0.38988129,  0.00276372, -0.4325146 , -0.14618291,  0.22486378,
       -0.01781504, -0.24420628, -0.30489943, -0.48652606, -0.06549168,
       -0.203903  , -0.30807204, -0.24327194,  0.19125088, -0.29334711,
       -0.13772293, -0.24072533,  0.09774259,  0.42771572,  0.30073877,
       -0.21444844,  0.42770078, -0.07794686,  0.41089183,  0.1527902 ,
        0.37862832, -0.43740566, -0.16678915, -0.06155264, -0.08497604,
       -0.0060938 ]) 

Generation: 799 
 - Generation Avg Fit: 220.93776354449727 
 - Best Fitness: 372.7850105090744
 - Best Solution: array([-0.0089698 , -0.38719179,  0.32931231, -0.03000257,  0.00083204,
        0.38988129,  0.00276372, -0.4325146 , -0.14618291,  0.22486378,
       -0.01781504, -0.24420628, -0.30489943, -0.48652606, -0.06549168,
       -0.203903  , -0.30807204, -0.24327194,  0.19125088, -0.29334711,
       -0.13772293, -0.24072533,  0.09774259,  0.42771572,  0.30073877,
       -0.21444844,  0.42770078, -0.07794686,  0.41089183,  0.1527902 ,
        0.37862832, -0.43740566, -0.16678915, -0.06155264, -0.08497604,
       -0.0060938 ]) 

Generation: 800 
 - Generation Avg Fit: 225.75723685038932 
 - Best Fitness: 372.7850105090744
 - Best Solution: array([-0.0089698 , -0.38719179,  0.32931231, -0.03000257,  0.00083204,
        0.38988129,  0.00276372, -0.4325146 , -0.14618291,  0.22486378,
       -0.01781504, -0.24420628, -0.30489943, -0.48652606, -0.06549168,
       -0.203903  , -0.30807204, -0.24327194,  0.19125088, -0.29334711,
       -0.13772293, -0.24072533,  0.09774259,  0.42771572,  0.30073877,
       -0.21444844,  0.42770078, -0.07794686,  0.41089183,  0.1527902 ,
        0.37862832, -0.43740566, -0.16678915, -0.06155264, -0.08497604,
       -0.0060938 ]) 

Generation: 801 
 - Generation Avg Fit: 225.28719141058656 
 - Best Fitness: 372.7850105090744
 - Best Solution: array([-0.0089698 , -0.38719179,  0.32931231, -0.03000257,  0.00083204,
        0.38988129,  0.00276372, -0.4325146 , -0.14618291,  0.22486378,
       -0.01781504, -0.24420628, -0.30489943, -0.48652606, -0.06549168,
       -0.203903  , -0.30807204, -0.24327194,  0.19125088, -0.29334711,
       -0.13772293, -0.24072533,  0.09774259,  0.42771572,  0.30073877,
       -0.21444844,  0.42770078, -0.07794686,  0.41089183,  0.1527902 ,
        0.37862832, -0.43740566, -0.16678915, -0.06155264, -0.08497604,
       -0.0060938 ]) 

Generation: 802 
 - Generation Avg Fit: 220.7086851419694 
 - Best Fitness: 372.7850105090744
 - Best Solution: array([-0.0089698 , -0.38719179,  0.32931231, -0.03000257,  0.00083204,
        0.38988129,  0.00276372, -0.4325146 , -0.14618291,  0.22486378,
       -0.01781504, -0.24420628, -0.30489943, -0.48652606, -0.06549168,
       -0.203903  , -0.30807204, -0.24327194,  0.19125088, -0.29334711,
       -0.13772293, -0.24072533,  0.09774259,  0.42771572,  0.30073877,
       -0.21444844,  0.42770078, -0.07794686,  0.41089183,  0.1527902 ,
        0.37862832, -0.43740566, -0.16678915, -0.06155264, -0.08497604,
       -0.0060938 ]) 

Generation: 803 
 - Generation Avg Fit: 218.3357462776195 
 - Best Fitness: 372.7850105090744
 - Best Solution: array([-0.0089698 , -0.38719179,  0.32931231, -0.03000257,  0.00083204,
        0.38988129,  0.00276372, -0.4325146 , -0.14618291,  0.22486378,
       -0.01781504, -0.24420628, -0.30489943, -0.48652606, -0.06549168,
       -0.203903  , -0.30807204, -0.24327194,  0.19125088, -0.29334711,
       -0.13772293, -0.24072533,  0.09774259,  0.42771572,  0.30073877,
       -0.21444844,  0.42770078, -0.07794686,  0.41089183,  0.1527902 ,
        0.37862832, -0.43740566, -0.16678915, -0.06155264, -0.08497604,
       -0.0060938 ]) 

Generation: 804 
 - Generation Avg Fit: 215.65187969360258 
 - Best Fitness: 372.7850105090744
 - Best Solution: array([-0.0089698 , -0.38719179,  0.32931231, -0.03000257,  0.00083204,
        0.38988129,  0.00276372, -0.4325146 , -0.14618291,  0.22486378,
       -0.01781504, -0.24420628, -0.30489943, -0.48652606, -0.06549168,
       -0.203903  , -0.30807204, -0.24327194,  0.19125088, -0.29334711,
       -0.13772293, -0.24072533,  0.09774259,  0.42771572,  0.30073877,
       -0.21444844,  0.42770078, -0.07794686,  0.41089183,  0.1527902 ,
        0.37862832, -0.43740566, -0.16678915, -0.06155264, -0.08497604,
       -0.0060938 ]) 

Generation: 805 
 - Generation Avg Fit: 220.70634638477554 
 - Best Fitness: 372.7850105090744
 - Best Solution: array([-0.0089698 , -0.38719179,  0.32931231, -0.03000257,  0.00083204,
        0.38988129,  0.00276372, -0.4325146 , -0.14618291,  0.22486378,
       -0.01781504, -0.24420628, -0.30489943, -0.48652606, -0.06549168,
       -0.203903  , -0.30807204, -0.24327194,  0.19125088, -0.29334711,
       -0.13772293, -0.24072533,  0.09774259,  0.42771572,  0.30073877,
       -0.21444844,  0.42770078, -0.07794686,  0.41089183,  0.1527902 ,
        0.37862832, -0.43740566, -0.16678915, -0.06155264, -0.08497604,
       -0.0060938 ]) 

Generation: 806 
 - Generation Avg Fit: 220.18012986848993 
 - Best Fitness: 372.7850105090744
 - Best Solution: array([-0.0089698 , -0.38719179,  0.32931231, -0.03000257,  0.00083204,
        0.38988129,  0.00276372, -0.4325146 , -0.14618291,  0.22486378,
       -0.01781504, -0.24420628, -0.30489943, -0.48652606, -0.06549168,
       -0.203903  , -0.30807204, -0.24327194,  0.19125088, -0.29334711,
       -0.13772293, -0.24072533,  0.09774259,  0.42771572,  0.30073877,
       -0.21444844,  0.42770078, -0.07794686,  0.41089183,  0.1527902 ,
        0.37862832, -0.43740566, -0.16678915, -0.06155264, -0.08497604,
       -0.0060938 ]) 

Generation: 807 
 - Generation Avg Fit: 220.371561191137 
 - Best Fitness: 372.7850105090744
 - Best Solution: array([-0.0089698 , -0.38719179,  0.32931231, -0.03000257,  0.00083204,
        0.38988129,  0.00276372, -0.4325146 , -0.14618291,  0.22486378,
       -0.01781504, -0.24420628, -0.30489943, -0.48652606, -0.06549168,
       -0.203903  , -0.30807204, -0.24327194,  0.19125088, -0.29334711,
       -0.13772293, -0.24072533,  0.09774259,  0.42771572,  0.30073877,
       -0.21444844,  0.42770078, -0.07794686,  0.41089183,  0.1527902 ,
        0.37862832, -0.43740566, -0.16678915, -0.06155264, -0.08497604,
       -0.0060938 ]) 

Generation: 808 
 - Generation Avg Fit: 214.6154023577139 
 - Best Fitness: 372.7850105090744
 - Best Solution: array([-0.0089698 , -0.38719179,  0.32931231, -0.03000257,  0.00083204,
        0.38988129,  0.00276372, -0.4325146 , -0.14618291,  0.22486378,
       -0.01781504, -0.24420628, -0.30489943, -0.48652606, -0.06549168,
       -0.203903  , -0.30807204, -0.24327194,  0.19125088, -0.29334711,
       -0.13772293, -0.24072533,  0.09774259,  0.42771572,  0.30073877,
       -0.21444844,  0.42770078, -0.07794686,  0.41089183,  0.1527902 ,
        0.37862832, -0.43740566, -0.16678915, -0.06155264, -0.08497604,
       -0.0060938 ]) 

Generation: 809 
 - Generation Avg Fit: 223.03092114171614 
 - Best Fitness: 372.7850105090744
 - Best Solution: array([-0.0089698 , -0.38719179,  0.32931231, -0.03000257,  0.00083204,
        0.38988129,  0.00276372, -0.4325146 , -0.14618291,  0.22486378,
       -0.01781504, -0.24420628, -0.30489943, -0.48652606, -0.06549168,
       -0.203903  , -0.30807204, -0.24327194,  0.19125088, -0.29334711,
       -0.13772293, -0.24072533,  0.09774259,  0.42771572,  0.30073877,
       -0.21444844,  0.42770078, -0.07794686,  0.41089183,  0.1527902 ,
        0.37862832, -0.43740566, -0.16678915, -0.06155264, -0.08497604,
       -0.0060938 ]) 

Generation: 810 
 - Generation Avg Fit: 222.93250908471046 
 - Best Fitness: 372.7850105090744
 - Best Solution: array([-0.0089698 , -0.38719179,  0.32931231, -0.03000257,  0.00083204,
        0.38988129,  0.00276372, -0.4325146 , -0.14618291,  0.22486378,
       -0.01781504, -0.24420628, -0.30489943, -0.48652606, -0.06549168,
       -0.203903  , -0.30807204, -0.24327194,  0.19125088, -0.29334711,
       -0.13772293, -0.24072533,  0.09774259,  0.42771572,  0.30073877,
       -0.21444844,  0.42770078, -0.07794686,  0.41089183,  0.1527902 ,
        0.37862832, -0.43740566, -0.16678915, -0.06155264, -0.08497604,
       -0.0060938 ]) 

Generation: 811 
 - Generation Avg Fit: 221.28400654641283 
 - Best Fitness: 372.7850105090744
 - Best Solution: array([-0.0089698 , -0.38719179,  0.32931231, -0.03000257,  0.00083204,
        0.38988129,  0.00276372, -0.4325146 , -0.14618291,  0.22486378,
       -0.01781504, -0.24420628, -0.30489943, -0.48652606, -0.06549168,
       -0.203903  , -0.30807204, -0.24327194,  0.19125088, -0.29334711,
       -0.13772293, -0.24072533,  0.09774259,  0.42771572,  0.30073877,
       -0.21444844,  0.42770078, -0.07794686,  0.41089183,  0.1527902 ,
        0.37862832, -0.43740566, -0.16678915, -0.06155264, -0.08497604,
       -0.0060938 ]) 

Generation: 812 
 - Generation Avg Fit: 232.44705977491103 
 - Best Fitness: 372.7850105090744
 - Best Solution: array([-0.0089698 , -0.38719179,  0.32931231, -0.03000257,  0.00083204,
        0.38988129,  0.00276372, -0.4325146 , -0.14618291,  0.22486378,
       -0.01781504, -0.24420628, -0.30489943, -0.48652606, -0.06549168,
       -0.203903  , -0.30807204, -0.24327194,  0.19125088, -0.29334711,
       -0.13772293, -0.24072533,  0.09774259,  0.42771572,  0.30073877,
       -0.21444844,  0.42770078, -0.07794686,  0.41089183,  0.1527902 ,
        0.37862832, -0.43740566, -0.16678915, -0.06155264, -0.08497604,
       -0.0060938 ]) 

Generation: 813 
 - Generation Avg Fit: 216.41436343882967 
 - Best Fitness: 372.7850105090744
 - Best Solution: array([-0.0089698 , -0.38719179,  0.32931231, -0.03000257,  0.00083204,
        0.38988129,  0.00276372, -0.4325146 , -0.14618291,  0.22486378,
       -0.01781504, -0.24420628, -0.30489943, -0.48652606, -0.06549168,
       -0.203903  , -0.30807204, -0.24327194,  0.19125088, -0.29334711,
       -0.13772293, -0.24072533,  0.09774259,  0.42771572,  0.30073877,
       -0.21444844,  0.42770078, -0.07794686,  0.41089183,  0.1527902 ,
        0.37862832, -0.43740566, -0.16678915, -0.06155264, -0.08497604,
       -0.0060938 ]) 

Generation: 814 
 - Generation Avg Fit: 223.5329366832432 
 - Best Fitness: 372.7850105090744
 - Best Solution: array([-0.0089698 , -0.38719179,  0.32931231, -0.03000257,  0.00083204,
        0.38988129,  0.00276372, -0.4325146 , -0.14618291,  0.22486378,
       -0.01781504, -0.24420628, -0.30489943, -0.48652606, -0.06549168,
       -0.203903  , -0.30807204, -0.24327194,  0.19125088, -0.29334711,
       -0.13772293, -0.24072533,  0.09774259,  0.42771572,  0.30073877,
       -0.21444844,  0.42770078, -0.07794686,  0.41089183,  0.1527902 ,
        0.37862832, -0.43740566, -0.16678915, -0.06155264, -0.08497604,
       -0.0060938 ]) 

Generation: 815 
 - Generation Avg Fit: 218.28224474131662 
 - Best Fitness: 372.7850105090744
 - Best Solution: array([-0.0089698 , -0.38719179,  0.32931231, -0.03000257,  0.00083204,
        0.38988129,  0.00276372, -0.4325146 , -0.14618291,  0.22486378,
       -0.01781504, -0.24420628, -0.30489943, -0.48652606, -0.06549168,
       -0.203903  , -0.30807204, -0.24327194,  0.19125088, -0.29334711,
       -0.13772293, -0.24072533,  0.09774259,  0.42771572,  0.30073877,
       -0.21444844,  0.42770078, -0.07794686,  0.41089183,  0.1527902 ,
        0.37862832, -0.43740566, -0.16678915, -0.06155264, -0.08497604,
       -0.0060938 ]) 

Generation: 816 
 - Generation Avg Fit: 218.26812804981165 
 - Best Fitness: 372.7850105090744
 - Best Solution: array([-0.0089698 , -0.38719179,  0.32931231, -0.03000257,  0.00083204,
        0.38988129,  0.00276372, -0.4325146 , -0.14618291,  0.22486378,
       -0.01781504, -0.24420628, -0.30489943, -0.48652606, -0.06549168,
       -0.203903  , -0.30807204, -0.24327194,  0.19125088, -0.29334711,
       -0.13772293, -0.24072533,  0.09774259,  0.42771572,  0.30073877,
       -0.21444844,  0.42770078, -0.07794686,  0.41089183,  0.1527902 ,
        0.37862832, -0.43740566, -0.16678915, -0.06155264, -0.08497604,
       -0.0060938 ]) 

Generation: 817 
 - Generation Avg Fit: 219.00364637670893 
 - Best Fitness: 372.7850105090744
 - Best Solution: array([-0.0089698 , -0.38719179,  0.32931231, -0.03000257,  0.00083204,
        0.38988129,  0.00276372, -0.4325146 , -0.14618291,  0.22486378,
       -0.01781504, -0.24420628, -0.30489943, -0.48652606, -0.06549168,
       -0.203903  , -0.30807204, -0.24327194,  0.19125088, -0.29334711,
       -0.13772293, -0.24072533,  0.09774259,  0.42771572,  0.30073877,
       -0.21444844,  0.42770078, -0.07794686,  0.41089183,  0.1527902 ,
        0.37862832, -0.43740566, -0.16678915, -0.06155264, -0.08497604,
       -0.0060938 ]) 

Generation: 818 
 - Generation Avg Fit: 216.6593304815029 
 - Best Fitness: 372.7850105090744
 - Best Solution: array([-0.0089698 , -0.38719179,  0.32931231, -0.03000257,  0.00083204,
        0.38988129,  0.00276372, -0.4325146 , -0.14618291,  0.22486378,
       -0.01781504, -0.24420628, -0.30489943, -0.48652606, -0.06549168,
       -0.203903  , -0.30807204, -0.24327194,  0.19125088, -0.29334711,
       -0.13772293, -0.24072533,  0.09774259,  0.42771572,  0.30073877,
       -0.21444844,  0.42770078, -0.07794686,  0.41089183,  0.1527902 ,
        0.37862832, -0.43740566, -0.16678915, -0.06155264, -0.08497604,
       -0.0060938 ]) 

Generation: 819 
 - Generation Avg Fit: 218.13899445689572 
 - Best Fitness: 372.7850105090744
 - Best Solution: array([-0.0089698 , -0.38719179,  0.32931231, -0.03000257,  0.00083204,
        0.38988129,  0.00276372, -0.4325146 , -0.14618291,  0.22486378,
       -0.01781504, -0.24420628, -0.30489943, -0.48652606, -0.06549168,
       -0.203903  , -0.30807204, -0.24327194,  0.19125088, -0.29334711,
       -0.13772293, -0.24072533,  0.09774259,  0.42771572,  0.30073877,
       -0.21444844,  0.42770078, -0.07794686,  0.41089183,  0.1527902 ,
        0.37862832, -0.43740566, -0.16678915, -0.06155264, -0.08497604,
       -0.0060938 ]) 

Generation: 820 
 - Generation Avg Fit: 210.80227698130412 
 - Best Fitness: 372.7850105090744
 - Best Solution: array([-0.0089698 , -0.38719179,  0.32931231, -0.03000257,  0.00083204,
        0.38988129,  0.00276372, -0.4325146 , -0.14618291,  0.22486378,
       -0.01781504, -0.24420628, -0.30489943, -0.48652606, -0.06549168,
       -0.203903  , -0.30807204, -0.24327194,  0.19125088, -0.29334711,
       -0.13772293, -0.24072533,  0.09774259,  0.42771572,  0.30073877,
       -0.21444844,  0.42770078, -0.07794686,  0.41089183,  0.1527902 ,
        0.37862832, -0.43740566, -0.16678915, -0.06155264, -0.08497604,
       -0.0060938 ]) 

Generation: 821 
 - Generation Avg Fit: 227.8047993969886 
 - Best Fitness: 372.7850105090744
 - Best Solution: array([-0.0089698 , -0.38719179,  0.32931231, -0.03000257,  0.00083204,
        0.38988129,  0.00276372, -0.4325146 , -0.14618291,  0.22486378,
       -0.01781504, -0.24420628, -0.30489943, -0.48652606, -0.06549168,
       -0.203903  , -0.30807204, -0.24327194,  0.19125088, -0.29334711,
       -0.13772293, -0.24072533,  0.09774259,  0.42771572,  0.30073877,
       -0.21444844,  0.42770078, -0.07794686,  0.41089183,  0.1527902 ,
        0.37862832, -0.43740566, -0.16678915, -0.06155264, -0.08497604,
       -0.0060938 ]) 

Generation: 822 
 - Generation Avg Fit: 216.20739568564449 
 - Best Fitness: 372.7850105090744
 - Best Solution: array([-0.0089698 , -0.38719179,  0.32931231, -0.03000257,  0.00083204,
        0.38988129,  0.00276372, -0.4325146 , -0.14618291,  0.22486378,
       -0.01781504, -0.24420628, -0.30489943, -0.48652606, -0.06549168,
       -0.203903  , -0.30807204, -0.24327194,  0.19125088, -0.29334711,
       -0.13772293, -0.24072533,  0.09774259,  0.42771572,  0.30073877,
       -0.21444844,  0.42770078, -0.07794686,  0.41089183,  0.1527902 ,
        0.37862832, -0.43740566, -0.16678915, -0.06155264, -0.08497604,
       -0.0060938 ]) 

Generation: 823 
 - Generation Avg Fit: 212.82813054666792 
 - Best Fitness: 372.7850105090744
 - Best Solution: array([-0.0089698 , -0.38719179,  0.32931231, -0.03000257,  0.00083204,
        0.38988129,  0.00276372, -0.4325146 , -0.14618291,  0.22486378,
       -0.01781504, -0.24420628, -0.30489943, -0.48652606, -0.06549168,
       -0.203903  , -0.30807204, -0.24327194,  0.19125088, -0.29334711,
       -0.13772293, -0.24072533,  0.09774259,  0.42771572,  0.30073877,
       -0.21444844,  0.42770078, -0.07794686,  0.41089183,  0.1527902 ,
        0.37862832, -0.43740566, -0.16678915, -0.06155264, -0.08497604,
       -0.0060938 ]) 

Generation: 824 
 - Generation Avg Fit: 213.6243208033189 
 - Best Fitness: 372.7850105090744
 - Best Solution: array([-0.0089698 , -0.38719179,  0.32931231, -0.03000257,  0.00083204,
        0.38988129,  0.00276372, -0.4325146 , -0.14618291,  0.22486378,
       -0.01781504, -0.24420628, -0.30489943, -0.48652606, -0.06549168,
       -0.203903  , -0.30807204, -0.24327194,  0.19125088, -0.29334711,
       -0.13772293, -0.24072533,  0.09774259,  0.42771572,  0.30073877,
       -0.21444844,  0.42770078, -0.07794686,  0.41089183,  0.1527902 ,
        0.37862832, -0.43740566, -0.16678915, -0.06155264, -0.08497604,
       -0.0060938 ]) 

Generation: 825 
 - Generation Avg Fit: 232.09786109322573 
 - Best Fitness: 372.7850105090744
 - Best Solution: array([-0.0089698 , -0.38719179,  0.32931231, -0.03000257,  0.00083204,
        0.38988129,  0.00276372, -0.4325146 , -0.14618291,  0.22486378,
       -0.01781504, -0.24420628, -0.30489943, -0.48652606, -0.06549168,
       -0.203903  , -0.30807204, -0.24327194,  0.19125088, -0.29334711,
       -0.13772293, -0.24072533,  0.09774259,  0.42771572,  0.30073877,
       -0.21444844,  0.42770078, -0.07794686,  0.41089183,  0.1527902 ,
        0.37862832, -0.43740566, -0.16678915, -0.06155264, -0.08497604,
       -0.0060938 ]) 

Generation: 826 
 - Generation Avg Fit: 224.98635512033005 
 - Best Fitness: 372.7850105090744
 - Best Solution: array([-0.0089698 , -0.38719179,  0.32931231, -0.03000257,  0.00083204,
        0.38988129,  0.00276372, -0.4325146 , -0.14618291,  0.22486378,
       -0.01781504, -0.24420628, -0.30489943, -0.48652606, -0.06549168,
       -0.203903  , -0.30807204, -0.24327194,  0.19125088, -0.29334711,
       -0.13772293, -0.24072533,  0.09774259,  0.42771572,  0.30073877,
       -0.21444844,  0.42770078, -0.07794686,  0.41089183,  0.1527902 ,
        0.37862832, -0.43740566, -0.16678915, -0.06155264, -0.08497604,
       -0.0060938 ]) 

Generation: 827 
 - Generation Avg Fit: 214.94154957587773 
 - Best Fitness: 372.7850105090744
 - Best Solution: array([-0.0089698 , -0.38719179,  0.32931231, -0.03000257,  0.00083204,
        0.38988129,  0.00276372, -0.4325146 , -0.14618291,  0.22486378,
       -0.01781504, -0.24420628, -0.30489943, -0.48652606, -0.06549168,
       -0.203903  , -0.30807204, -0.24327194,  0.19125088, -0.29334711,
       -0.13772293, -0.24072533,  0.09774259,  0.42771572,  0.30073877,
       -0.21444844,  0.42770078, -0.07794686,  0.41089183,  0.1527902 ,
        0.37862832, -0.43740566, -0.16678915, -0.06155264, -0.08497604,
       -0.0060938 ]) 

Generation: 828 
 - Generation Avg Fit: 230.63333535268285 
 - Best Fitness: 372.7850105090744
 - Best Solution: array([-0.0089698 , -0.38719179,  0.32931231, -0.03000257,  0.00083204,
        0.38988129,  0.00276372, -0.4325146 , -0.14618291,  0.22486378,
       -0.01781504, -0.24420628, -0.30489943, -0.48652606, -0.06549168,
       -0.203903  , -0.30807204, -0.24327194,  0.19125088, -0.29334711,
       -0.13772293, -0.24072533,  0.09774259,  0.42771572,  0.30073877,
       -0.21444844,  0.42770078, -0.07794686,  0.41089183,  0.1527902 ,
        0.37862832, -0.43740566, -0.16678915, -0.06155264, -0.08497604,
       -0.0060938 ]) 

Generation: 829 
 - Generation Avg Fit: 220.1259942282658 
 - Best Fitness: 372.7850105090744
 - Best Solution: array([-0.0089698 , -0.38719179,  0.32931231, -0.03000257,  0.00083204,
        0.38988129,  0.00276372, -0.4325146 , -0.14618291,  0.22486378,
       -0.01781504, -0.24420628, -0.30489943, -0.48652606, -0.06549168,
       -0.203903  , -0.30807204, -0.24327194,  0.19125088, -0.29334711,
       -0.13772293, -0.24072533,  0.09774259,  0.42771572,  0.30073877,
       -0.21444844,  0.42770078, -0.07794686,  0.41089183,  0.1527902 ,
        0.37862832, -0.43740566, -0.16678915, -0.06155264, -0.08497604,
       -0.0060938 ]) 

Generation: 830 
 - Generation Avg Fit: 221.99049254174616 
 - Best Fitness: 372.7850105090744
 - Best Solution: array([-0.0089698 , -0.38719179,  0.32931231, -0.03000257,  0.00083204,
        0.38988129,  0.00276372, -0.4325146 , -0.14618291,  0.22486378,
       -0.01781504, -0.24420628, -0.30489943, -0.48652606, -0.06549168,
       -0.203903  , -0.30807204, -0.24327194,  0.19125088, -0.29334711,
       -0.13772293, -0.24072533,  0.09774259,  0.42771572,  0.30073877,
       -0.21444844,  0.42770078, -0.07794686,  0.41089183,  0.1527902 ,
        0.37862832, -0.43740566, -0.16678915, -0.06155264, -0.08497604,
       -0.0060938 ]) 

Generation: 831 
 - Generation Avg Fit: 223.60683936312643 
 - Best Fitness: 372.7850105090744
 - Best Solution: array([-0.0089698 , -0.38719179,  0.32931231, -0.03000257,  0.00083204,
        0.38988129,  0.00276372, -0.4325146 , -0.14618291,  0.22486378,
       -0.01781504, -0.24420628, -0.30489943, -0.48652606, -0.06549168,
       -0.203903  , -0.30807204, -0.24327194,  0.19125088, -0.29334711,
       -0.13772293, -0.24072533,  0.09774259,  0.42771572,  0.30073877,
       -0.21444844,  0.42770078, -0.07794686,  0.41089183,  0.1527902 ,
        0.37862832, -0.43740566, -0.16678915, -0.06155264, -0.08497604,
       -0.0060938 ]) 

Generation: 832 
 - Generation Avg Fit: 224.84481397326235 
 - Best Fitness: 372.7850105090744
 - Best Solution: array([-0.0089698 , -0.38719179,  0.32931231, -0.03000257,  0.00083204,
        0.38988129,  0.00276372, -0.4325146 , -0.14618291,  0.22486378,
       -0.01781504, -0.24420628, -0.30489943, -0.48652606, -0.06549168,
       -0.203903  , -0.30807204, -0.24327194,  0.19125088, -0.29334711,
       -0.13772293, -0.24072533,  0.09774259,  0.42771572,  0.30073877,
       -0.21444844,  0.42770078, -0.07794686,  0.41089183,  0.1527902 ,
        0.37862832, -0.43740566, -0.16678915, -0.06155264, -0.08497604,
       -0.0060938 ]) 

Generation: 833 
 - Generation Avg Fit: 225.13449026498384 
 - Best Fitness: 372.7850105090744
 - Best Solution: array([-0.0089698 , -0.38719179,  0.32931231, -0.03000257,  0.00083204,
        0.38988129,  0.00276372, -0.4325146 , -0.14618291,  0.22486378,
       -0.01781504, -0.24420628, -0.30489943, -0.48652606, -0.06549168,
       -0.203903  , -0.30807204, -0.24327194,  0.19125088, -0.29334711,
       -0.13772293, -0.24072533,  0.09774259,  0.42771572,  0.30073877,
       -0.21444844,  0.42770078, -0.07794686,  0.41089183,  0.1527902 ,
        0.37862832, -0.43740566, -0.16678915, -0.06155264, -0.08497604,
       -0.0060938 ]) 

Generation: 834 
 - Generation Avg Fit: 213.01538342596336 
 - Best Fitness: 372.7850105090744
 - Best Solution: array([-0.0089698 , -0.38719179,  0.32931231, -0.03000257,  0.00083204,
        0.38988129,  0.00276372, -0.4325146 , -0.14618291,  0.22486378,
       -0.01781504, -0.24420628, -0.30489943, -0.48652606, -0.06549168,
       -0.203903  , -0.30807204, -0.24327194,  0.19125088, -0.29334711,
       -0.13772293, -0.24072533,  0.09774259,  0.42771572,  0.30073877,
       -0.21444844,  0.42770078, -0.07794686,  0.41089183,  0.1527902 ,
        0.37862832, -0.43740566, -0.16678915, -0.06155264, -0.08497604,
       -0.0060938 ]) 

Generation: 835 
 - Generation Avg Fit: 225.7136326306219 
 - Best Fitness: 372.7850105090744
 - Best Solution: array([-0.0089698 , -0.38719179,  0.32931231, -0.03000257,  0.00083204,
        0.38988129,  0.00276372, -0.4325146 , -0.14618291,  0.22486378,
       -0.01781504, -0.24420628, -0.30489943, -0.48652606, -0.06549168,
       -0.203903  , -0.30807204, -0.24327194,  0.19125088, -0.29334711,
       -0.13772293, -0.24072533,  0.09774259,  0.42771572,  0.30073877,
       -0.21444844,  0.42770078, -0.07794686,  0.41089183,  0.1527902 ,
        0.37862832, -0.43740566, -0.16678915, -0.06155264, -0.08497604,
       -0.0060938 ]) 

Generation: 836 
 - Generation Avg Fit: 226.72666525966073 
 - Best Fitness: 372.7850105090744
 - Best Solution: array([-0.0089698 , -0.38719179,  0.32931231, -0.03000257,  0.00083204,
        0.38988129,  0.00276372, -0.4325146 , -0.14618291,  0.22486378,
       -0.01781504, -0.24420628, -0.30489943, -0.48652606, -0.06549168,
       -0.203903  , -0.30807204, -0.24327194,  0.19125088, -0.29334711,
       -0.13772293, -0.24072533,  0.09774259,  0.42771572,  0.30073877,
       -0.21444844,  0.42770078, -0.07794686,  0.41089183,  0.1527902 ,
        0.37862832, -0.43740566, -0.16678915, -0.06155264, -0.08497604,
       -0.0060938 ]) 

Generation: 837 
 - Generation Avg Fit: 221.97146914737004 
 - Best Fitness: 372.7850105090744
 - Best Solution: array([-0.0089698 , -0.38719179,  0.32931231, -0.03000257,  0.00083204,
        0.38988129,  0.00276372, -0.4325146 , -0.14618291,  0.22486378,
       -0.01781504, -0.24420628, -0.30489943, -0.48652606, -0.06549168,
       -0.203903  , -0.30807204, -0.24327194,  0.19125088, -0.29334711,
       -0.13772293, -0.24072533,  0.09774259,  0.42771572,  0.30073877,
       -0.21444844,  0.42770078, -0.07794686,  0.41089183,  0.1527902 ,
        0.37862832, -0.43740566, -0.16678915, -0.06155264, -0.08497604,
       -0.0060938 ]) 

Generation: 838 
 - Generation Avg Fit: 229.10175841860126 
 - Best Fitness: 372.7850105090744
 - Best Solution: array([-0.0089698 , -0.38719179,  0.32931231, -0.03000257,  0.00083204,
        0.38988129,  0.00276372, -0.4325146 , -0.14618291,  0.22486378,
       -0.01781504, -0.24420628, -0.30489943, -0.48652606, -0.06549168,
       -0.203903  , -0.30807204, -0.24327194,  0.19125088, -0.29334711,
       -0.13772293, -0.24072533,  0.09774259,  0.42771572,  0.30073877,
       -0.21444844,  0.42770078, -0.07794686,  0.41089183,  0.1527902 ,
        0.37862832, -0.43740566, -0.16678915, -0.06155264, -0.08497604,
       -0.0060938 ]) 

Generation: 839 
 - Generation Avg Fit: 212.79437161085258 
 - Best Fitness: 372.7850105090744
 - Best Solution: array([-0.0089698 , -0.38719179,  0.32931231, -0.03000257,  0.00083204,
        0.38988129,  0.00276372, -0.4325146 , -0.14618291,  0.22486378,
       -0.01781504, -0.24420628, -0.30489943, -0.48652606, -0.06549168,
       -0.203903  , -0.30807204, -0.24327194,  0.19125088, -0.29334711,
       -0.13772293, -0.24072533,  0.09774259,  0.42771572,  0.30073877,
       -0.21444844,  0.42770078, -0.07794686,  0.41089183,  0.1527902 ,
        0.37862832, -0.43740566, -0.16678915, -0.06155264, -0.08497604,
       -0.0060938 ]) 

Generation: 840 
 - Generation Avg Fit: 214.99240777724938 
 - Best Fitness: 372.7850105090744
 - Best Solution: array([-0.0089698 , -0.38719179,  0.32931231, -0.03000257,  0.00083204,
        0.38988129,  0.00276372, -0.4325146 , -0.14618291,  0.22486378,
       -0.01781504, -0.24420628, -0.30489943, -0.48652606, -0.06549168,
       -0.203903  , -0.30807204, -0.24327194,  0.19125088, -0.29334711,
       -0.13772293, -0.24072533,  0.09774259,  0.42771572,  0.30073877,
       -0.21444844,  0.42770078, -0.07794686,  0.41089183,  0.1527902 ,
        0.37862832, -0.43740566, -0.16678915, -0.06155264, -0.08497604,
       -0.0060938 ]) 

Generation: 841 
 - Generation Avg Fit: 221.6506836639542 
 - Best Fitness: 372.7850105090744
 - Best Solution: array([-0.0089698 , -0.38719179,  0.32931231, -0.03000257,  0.00083204,
        0.38988129,  0.00276372, -0.4325146 , -0.14618291,  0.22486378,
       -0.01781504, -0.24420628, -0.30489943, -0.48652606, -0.06549168,
       -0.203903  , -0.30807204, -0.24327194,  0.19125088, -0.29334711,
       -0.13772293, -0.24072533,  0.09774259,  0.42771572,  0.30073877,
       -0.21444844,  0.42770078, -0.07794686,  0.41089183,  0.1527902 ,
        0.37862832, -0.43740566, -0.16678915, -0.06155264, -0.08497604,
       -0.0060938 ]) 

Generation: 842 
 - Generation Avg Fit: 222.5827578493719 
 - Best Fitness: 372.7850105090744
 - Best Solution: array([-0.0089698 , -0.38719179,  0.32931231, -0.03000257,  0.00083204,
        0.38988129,  0.00276372, -0.4325146 , -0.14618291,  0.22486378,
       -0.01781504, -0.24420628, -0.30489943, -0.48652606, -0.06549168,
       -0.203903  , -0.30807204, -0.24327194,  0.19125088, -0.29334711,
       -0.13772293, -0.24072533,  0.09774259,  0.42771572,  0.30073877,
       -0.21444844,  0.42770078, -0.07794686,  0.41089183,  0.1527902 ,
        0.37862832, -0.43740566, -0.16678915, -0.06155264, -0.08497604,
       -0.0060938 ]) 

Generation: 843 
 - Generation Avg Fit: 221.55313792683717 
 - Best Fitness: 372.7850105090744
 - Best Solution: array([-0.0089698 , -0.38719179,  0.32931231, -0.03000257,  0.00083204,
        0.38988129,  0.00276372, -0.4325146 , -0.14618291,  0.22486378,
       -0.01781504, -0.24420628, -0.30489943, -0.48652606, -0.06549168,
       -0.203903  , -0.30807204, -0.24327194,  0.19125088, -0.29334711,
       -0.13772293, -0.24072533,  0.09774259,  0.42771572,  0.30073877,
       -0.21444844,  0.42770078, -0.07794686,  0.41089183,  0.1527902 ,
        0.37862832, -0.43740566, -0.16678915, -0.06155264, -0.08497604,
       -0.0060938 ]) 

Generation: 844 
 - Generation Avg Fit: 220.47716888237474 
 - Best Fitness: 372.7850105090744
 - Best Solution: array([-0.0089698 , -0.38719179,  0.32931231, -0.03000257,  0.00083204,
        0.38988129,  0.00276372, -0.4325146 , -0.14618291,  0.22486378,
       -0.01781504, -0.24420628, -0.30489943, -0.48652606, -0.06549168,
       -0.203903  , -0.30807204, -0.24327194,  0.19125088, -0.29334711,
       -0.13772293, -0.24072533,  0.09774259,  0.42771572,  0.30073877,
       -0.21444844,  0.42770078, -0.07794686,  0.41089183,  0.1527902 ,
        0.37862832, -0.43740566, -0.16678915, -0.06155264, -0.08497604,
       -0.0060938 ]) 

Generation: 845 
 - Generation Avg Fit: 221.29184839222324 
 - Best Fitness: 372.7850105090744
 - Best Solution: array([-0.0089698 , -0.38719179,  0.32931231, -0.03000257,  0.00083204,
        0.38988129,  0.00276372, -0.4325146 , -0.14618291,  0.22486378,
       -0.01781504, -0.24420628, -0.30489943, -0.48652606, -0.06549168,
       -0.203903  , -0.30807204, -0.24327194,  0.19125088, -0.29334711,
       -0.13772293, -0.24072533,  0.09774259,  0.42771572,  0.30073877,
       -0.21444844,  0.42770078, -0.07794686,  0.41089183,  0.1527902 ,
        0.37862832, -0.43740566, -0.16678915, -0.06155264, -0.08497604,
       -0.0060938 ]) 

Generation: 846 
 - Generation Avg Fit: 225.10571365160342 
 - Best Fitness: 372.7850105090744
 - Best Solution: array([-0.0089698 , -0.38719179,  0.32931231, -0.03000257,  0.00083204,
        0.38988129,  0.00276372, -0.4325146 , -0.14618291,  0.22486378,
       -0.01781504, -0.24420628, -0.30489943, -0.48652606, -0.06549168,
       -0.203903  , -0.30807204, -0.24327194,  0.19125088, -0.29334711,
       -0.13772293, -0.24072533,  0.09774259,  0.42771572,  0.30073877,
       -0.21444844,  0.42770078, -0.07794686,  0.41089183,  0.1527902 ,
        0.37862832, -0.43740566, -0.16678915, -0.06155264, -0.08497604,
       -0.0060938 ]) 

Generation: 847 
 - Generation Avg Fit: 223.84756272116155 
 - Best Fitness: 372.7850105090744
 - Best Solution: array([-0.0089698 , -0.38719179,  0.32931231, -0.03000257,  0.00083204,
        0.38988129,  0.00276372, -0.4325146 , -0.14618291,  0.22486378,
       -0.01781504, -0.24420628, -0.30489943, -0.48652606, -0.06549168,
       -0.203903  , -0.30807204, -0.24327194,  0.19125088, -0.29334711,
       -0.13772293, -0.24072533,  0.09774259,  0.42771572,  0.30073877,
       -0.21444844,  0.42770078, -0.07794686,  0.41089183,  0.1527902 ,
        0.37862832, -0.43740566, -0.16678915, -0.06155264, -0.08497604,
       -0.0060938 ]) 

Generation: 848 
 - Generation Avg Fit: 221.51302834723273 
 - Best Fitness: 372.7850105090744
 - Best Solution: array([-0.0089698 , -0.38719179,  0.32931231, -0.03000257,  0.00083204,
        0.38988129,  0.00276372, -0.4325146 , -0.14618291,  0.22486378,
       -0.01781504, -0.24420628, -0.30489943, -0.48652606, -0.06549168,
       -0.203903  , -0.30807204, -0.24327194,  0.19125088, -0.29334711,
       -0.13772293, -0.24072533,  0.09774259,  0.42771572,  0.30073877,
       -0.21444844,  0.42770078, -0.07794686,  0.41089183,  0.1527902 ,
        0.37862832, -0.43740566, -0.16678915, -0.06155264, -0.08497604,
       -0.0060938 ]) 

Generation: 849 
 - Generation Avg Fit: 226.37264738069155 
 - Best Fitness: 372.7850105090744
 - Best Solution: array([-0.0089698 , -0.38719179,  0.32931231, -0.03000257,  0.00083204,
        0.38988129,  0.00276372, -0.4325146 , -0.14618291,  0.22486378,
       -0.01781504, -0.24420628, -0.30489943, -0.48652606, -0.06549168,
       -0.203903  , -0.30807204, -0.24327194,  0.19125088, -0.29334711,
       -0.13772293, -0.24072533,  0.09774259,  0.42771572,  0.30073877,
       -0.21444844,  0.42770078, -0.07794686,  0.41089183,  0.1527902 ,
        0.37862832, -0.43740566, -0.16678915, -0.06155264, -0.08497604,
       -0.0060938 ]) 

Generation: 850 
 - Generation Avg Fit: 224.75583818767345 
 - Best Fitness: 372.7850105090744
 - Best Solution: array([-0.0089698 , -0.38719179,  0.32931231, -0.03000257,  0.00083204,
        0.38988129,  0.00276372, -0.4325146 , -0.14618291,  0.22486378,
       -0.01781504, -0.24420628, -0.30489943, -0.48652606, -0.06549168,
       -0.203903  , -0.30807204, -0.24327194,  0.19125088, -0.29334711,
       -0.13772293, -0.24072533,  0.09774259,  0.42771572,  0.30073877,
       -0.21444844,  0.42770078, -0.07794686,  0.41089183,  0.1527902 ,
        0.37862832, -0.43740566, -0.16678915, -0.06155264, -0.08497604,
       -0.0060938 ]) 

Generation: 851 
 - Generation Avg Fit: 221.56130536233948 
 - Best Fitness: 372.7850105090744
 - Best Solution: array([-0.0089698 , -0.38719179,  0.32931231, -0.03000257,  0.00083204,
        0.38988129,  0.00276372, -0.4325146 , -0.14618291,  0.22486378,
       -0.01781504, -0.24420628, -0.30489943, -0.48652606, -0.06549168,
       -0.203903  , -0.30807204, -0.24327194,  0.19125088, -0.29334711,
       -0.13772293, -0.24072533,  0.09774259,  0.42771572,  0.30073877,
       -0.21444844,  0.42770078, -0.07794686,  0.41089183,  0.1527902 ,
        0.37862832, -0.43740566, -0.16678915, -0.06155264, -0.08497604,
       -0.0060938 ]) 

Generation: 852 
 - Generation Avg Fit: 222.6950733375796 
 - Best Fitness: 372.7850105090744
 - Best Solution: array([-0.0089698 , -0.38719179,  0.32931231, -0.03000257,  0.00083204,
        0.38988129,  0.00276372, -0.4325146 , -0.14618291,  0.22486378,
       -0.01781504, -0.24420628, -0.30489943, -0.48652606, -0.06549168,
       -0.203903  , -0.30807204, -0.24327194,  0.19125088, -0.29334711,
       -0.13772293, -0.24072533,  0.09774259,  0.42771572,  0.30073877,
       -0.21444844,  0.42770078, -0.07794686,  0.41089183,  0.1527902 ,
        0.37862832, -0.43740566, -0.16678915, -0.06155264, -0.08497604,
       -0.0060938 ]) 

Generation: 853 
 - Generation Avg Fit: 221.51843127421728 
 - Best Fitness: 372.7850105090744
 - Best Solution: array([-0.0089698 , -0.38719179,  0.32931231, -0.03000257,  0.00083204,
        0.38988129,  0.00276372, -0.4325146 , -0.14618291,  0.22486378,
       -0.01781504, -0.24420628, -0.30489943, -0.48652606, -0.06549168,
       -0.203903  , -0.30807204, -0.24327194,  0.19125088, -0.29334711,
       -0.13772293, -0.24072533,  0.09774259,  0.42771572,  0.30073877,
       -0.21444844,  0.42770078, -0.07794686,  0.41089183,  0.1527902 ,
        0.37862832, -0.43740566, -0.16678915, -0.06155264, -0.08497604,
       -0.0060938 ]) 

Generation: 854 
 - Generation Avg Fit: 218.60528514131786 
 - Best Fitness: 372.7850105090744
 - Best Solution: array([-0.0089698 , -0.38719179,  0.32931231, -0.03000257,  0.00083204,
        0.38988129,  0.00276372, -0.4325146 , -0.14618291,  0.22486378,
       -0.01781504, -0.24420628, -0.30489943, -0.48652606, -0.06549168,
       -0.203903  , -0.30807204, -0.24327194,  0.19125088, -0.29334711,
       -0.13772293, -0.24072533,  0.09774259,  0.42771572,  0.30073877,
       -0.21444844,  0.42770078, -0.07794686,  0.41089183,  0.1527902 ,
        0.37862832, -0.43740566, -0.16678915, -0.06155264, -0.08497604,
       -0.0060938 ]) 

Generation: 855 
 - Generation Avg Fit: 224.10152717430665 
 - Best Fitness: 372.7850105090744
 - Best Solution: array([-0.0089698 , -0.38719179,  0.32931231, -0.03000257,  0.00083204,
        0.38988129,  0.00276372, -0.4325146 , -0.14618291,  0.22486378,
       -0.01781504, -0.24420628, -0.30489943, -0.48652606, -0.06549168,
       -0.203903  , -0.30807204, -0.24327194,  0.19125088, -0.29334711,
       -0.13772293, -0.24072533,  0.09774259,  0.42771572,  0.30073877,
       -0.21444844,  0.42770078, -0.07794686,  0.41089183,  0.1527902 ,
        0.37862832, -0.43740566, -0.16678915, -0.06155264, -0.08497604,
       -0.0060938 ]) 

Generation: 856 
 - Generation Avg Fit: 222.74998521220965 
 - Best Fitness: 372.7850105090744
 - Best Solution: array([-0.0089698 , -0.38719179,  0.32931231, -0.03000257,  0.00083204,
        0.38988129,  0.00276372, -0.4325146 , -0.14618291,  0.22486378,
       -0.01781504, -0.24420628, -0.30489943, -0.48652606, -0.06549168,
       -0.203903  , -0.30807204, -0.24327194,  0.19125088, -0.29334711,
       -0.13772293, -0.24072533,  0.09774259,  0.42771572,  0.30073877,
       -0.21444844,  0.42770078, -0.07794686,  0.41089183,  0.1527902 ,
        0.37862832, -0.43740566, -0.16678915, -0.06155264, -0.08497604,
       -0.0060938 ]) 

Generation: 857 
 - Generation Avg Fit: 216.3142336466249 
 - Best Fitness: 372.7850105090744
 - Best Solution: array([-0.0089698 , -0.38719179,  0.32931231, -0.03000257,  0.00083204,
        0.38988129,  0.00276372, -0.4325146 , -0.14618291,  0.22486378,
       -0.01781504, -0.24420628, -0.30489943, -0.48652606, -0.06549168,
       -0.203903  , -0.30807204, -0.24327194,  0.19125088, -0.29334711,
       -0.13772293, -0.24072533,  0.09774259,  0.42771572,  0.30073877,
       -0.21444844,  0.42770078, -0.07794686,  0.41089183,  0.1527902 ,
        0.37862832, -0.43740566, -0.16678915, -0.06155264, -0.08497604,
       -0.0060938 ]) 

Generation: 858 
 - Generation Avg Fit: 222.6792307468084 
 - Best Fitness: 372.7850105090744
 - Best Solution: array([-0.0089698 , -0.38719179,  0.32931231, -0.03000257,  0.00083204,
        0.38988129,  0.00276372, -0.4325146 , -0.14618291,  0.22486378,
       -0.01781504, -0.24420628, -0.30489943, -0.48652606, -0.06549168,
       -0.203903  , -0.30807204, -0.24327194,  0.19125088, -0.29334711,
       -0.13772293, -0.24072533,  0.09774259,  0.42771572,  0.30073877,
       -0.21444844,  0.42770078, -0.07794686,  0.41089183,  0.1527902 ,
        0.37862832, -0.43740566, -0.16678915, -0.06155264, -0.08497604,
       -0.0060938 ]) 

Generation: 859 
 - Generation Avg Fit: 216.28542975378718 
 - Best Fitness: 372.7850105090744
 - Best Solution: array([-0.0089698 , -0.38719179,  0.32931231, -0.03000257,  0.00083204,
        0.38988129,  0.00276372, -0.4325146 , -0.14618291,  0.22486378,
       -0.01781504, -0.24420628, -0.30489943, -0.48652606, -0.06549168,
       -0.203903  , -0.30807204, -0.24327194,  0.19125088, -0.29334711,
       -0.13772293, -0.24072533,  0.09774259,  0.42771572,  0.30073877,
       -0.21444844,  0.42770078, -0.07794686,  0.41089183,  0.1527902 ,
        0.37862832, -0.43740566, -0.16678915, -0.06155264, -0.08497604,
       -0.0060938 ]) 

Generation: 860 
 - Generation Avg Fit: 221.13691099128064 
 - Best Fitness: 372.7850105090744
 - Best Solution: array([-0.0089698 , -0.38719179,  0.32931231, -0.03000257,  0.00083204,
        0.38988129,  0.00276372, -0.4325146 , -0.14618291,  0.22486378,
       -0.01781504, -0.24420628, -0.30489943, -0.48652606, -0.06549168,
       -0.203903  , -0.30807204, -0.24327194,  0.19125088, -0.29334711,
       -0.13772293, -0.24072533,  0.09774259,  0.42771572,  0.30073877,
       -0.21444844,  0.42770078, -0.07794686,  0.41089183,  0.1527902 ,
        0.37862832, -0.43740566, -0.16678915, -0.06155264, -0.08497604,
       -0.0060938 ]) 

Generation: 861 
 - Generation Avg Fit: 236.01171101312082 
 - Best Fitness: 372.7850105090744
 - Best Solution: array([-0.0089698 , -0.38719179,  0.32931231, -0.03000257,  0.00083204,
        0.38988129,  0.00276372, -0.4325146 , -0.14618291,  0.22486378,
       -0.01781504, -0.24420628, -0.30489943, -0.48652606, -0.06549168,
       -0.203903  , -0.30807204, -0.24327194,  0.19125088, -0.29334711,
       -0.13772293, -0.24072533,  0.09774259,  0.42771572,  0.30073877,
       -0.21444844,  0.42770078, -0.07794686,  0.41089183,  0.1527902 ,
        0.37862832, -0.43740566, -0.16678915, -0.06155264, -0.08497604,
       -0.0060938 ]) 

Generation: 862 
 - Generation Avg Fit: 220.1803482420236 
 - Best Fitness: 372.7850105090744
 - Best Solution: array([-0.0089698 , -0.38719179,  0.32931231, -0.03000257,  0.00083204,
        0.38988129,  0.00276372, -0.4325146 , -0.14618291,  0.22486378,
       -0.01781504, -0.24420628, -0.30489943, -0.48652606, -0.06549168,
       -0.203903  , -0.30807204, -0.24327194,  0.19125088, -0.29334711,
       -0.13772293, -0.24072533,  0.09774259,  0.42771572,  0.30073877,
       -0.21444844,  0.42770078, -0.07794686,  0.41089183,  0.1527902 ,
        0.37862832, -0.43740566, -0.16678915, -0.06155264, -0.08497604,
       -0.0060938 ]) 

Generation: 863 
 - Generation Avg Fit: 222.8626567606055 
 - Best Fitness: 372.7850105090744
 - Best Solution: array([-0.0089698 , -0.38719179,  0.32931231, -0.03000257,  0.00083204,
        0.38988129,  0.00276372, -0.4325146 , -0.14618291,  0.22486378,
       -0.01781504, -0.24420628, -0.30489943, -0.48652606, -0.06549168,
       -0.203903  , -0.30807204, -0.24327194,  0.19125088, -0.29334711,
       -0.13772293, -0.24072533,  0.09774259,  0.42771572,  0.30073877,
       -0.21444844,  0.42770078, -0.07794686,  0.41089183,  0.1527902 ,
        0.37862832, -0.43740566, -0.16678915, -0.06155264, -0.08497604,
       -0.0060938 ]) 

Generation: 864 
 - Generation Avg Fit: 221.9654803784502 
 - Best Fitness: 372.7850105090744
 - Best Solution: array([-0.0089698 , -0.38719179,  0.32931231, -0.03000257,  0.00083204,
        0.38988129,  0.00276372, -0.4325146 , -0.14618291,  0.22486378,
       -0.01781504, -0.24420628, -0.30489943, -0.48652606, -0.06549168,
       -0.203903  , -0.30807204, -0.24327194,  0.19125088, -0.29334711,
       -0.13772293, -0.24072533,  0.09774259,  0.42771572,  0.30073877,
       -0.21444844,  0.42770078, -0.07794686,  0.41089183,  0.1527902 ,
        0.37862832, -0.43740566, -0.16678915, -0.06155264, -0.08497604,
       -0.0060938 ]) 

Generation: 865 
 - Generation Avg Fit: 217.75373990422457 
 - Best Fitness: 372.7850105090744
 - Best Solution: array([-0.0089698 , -0.38719179,  0.32931231, -0.03000257,  0.00083204,
        0.38988129,  0.00276372, -0.4325146 , -0.14618291,  0.22486378,
       -0.01781504, -0.24420628, -0.30489943, -0.48652606, -0.06549168,
       -0.203903  , -0.30807204, -0.24327194,  0.19125088, -0.29334711,
       -0.13772293, -0.24072533,  0.09774259,  0.42771572,  0.30073877,
       -0.21444844,  0.42770078, -0.07794686,  0.41089183,  0.1527902 ,
        0.37862832, -0.43740566, -0.16678915, -0.06155264, -0.08497604,
       -0.0060938 ]) 

Generation: 866 
 - Generation Avg Fit: 214.70002584701072 
 - Best Fitness: 372.7850105090744
 - Best Solution: array([-0.0089698 , -0.38719179,  0.32931231, -0.03000257,  0.00083204,
        0.38988129,  0.00276372, -0.4325146 , -0.14618291,  0.22486378,
       -0.01781504, -0.24420628, -0.30489943, -0.48652606, -0.06549168,
       -0.203903  , -0.30807204, -0.24327194,  0.19125088, -0.29334711,
       -0.13772293, -0.24072533,  0.09774259,  0.42771572,  0.30073877,
       -0.21444844,  0.42770078, -0.07794686,  0.41089183,  0.1527902 ,
        0.37862832, -0.43740566, -0.16678915, -0.06155264, -0.08497604,
       -0.0060938 ]) 

Generation: 867 
 - Generation Avg Fit: 222.15963290280632 
 - Best Fitness: 372.7850105090744
 - Best Solution: array([-0.0089698 , -0.38719179,  0.32931231, -0.03000257,  0.00083204,
        0.38988129,  0.00276372, -0.4325146 , -0.14618291,  0.22486378,
       -0.01781504, -0.24420628, -0.30489943, -0.48652606, -0.06549168,
       -0.203903  , -0.30807204, -0.24327194,  0.19125088, -0.29334711,
       -0.13772293, -0.24072533,  0.09774259,  0.42771572,  0.30073877,
       -0.21444844,  0.42770078, -0.07794686,  0.41089183,  0.1527902 ,
        0.37862832, -0.43740566, -0.16678915, -0.06155264, -0.08497604,
       -0.0060938 ]) 

Generation: 868 
 - Generation Avg Fit: 214.325464410958 
 - Best Fitness: 372.7850105090744
 - Best Solution: array([-0.0089698 , -0.38719179,  0.32931231, -0.03000257,  0.00083204,
        0.38988129,  0.00276372, -0.4325146 , -0.14618291,  0.22486378,
       -0.01781504, -0.24420628, -0.30489943, -0.48652606, -0.06549168,
       -0.203903  , -0.30807204, -0.24327194,  0.19125088, -0.29334711,
       -0.13772293, -0.24072533,  0.09774259,  0.42771572,  0.30073877,
       -0.21444844,  0.42770078, -0.07794686,  0.41089183,  0.1527902 ,
        0.37862832, -0.43740566, -0.16678915, -0.06155264, -0.08497604,
       -0.0060938 ]) 

Generation: 869 
 - Generation Avg Fit: 228.65447833594325 
 - Best Fitness: 372.7850105090744
 - Best Solution: array([-0.0089698 , -0.38719179,  0.32931231, -0.03000257,  0.00083204,
        0.38988129,  0.00276372, -0.4325146 , -0.14618291,  0.22486378,
       -0.01781504, -0.24420628, -0.30489943, -0.48652606, -0.06549168,
       -0.203903  , -0.30807204, -0.24327194,  0.19125088, -0.29334711,
       -0.13772293, -0.24072533,  0.09774259,  0.42771572,  0.30073877,
       -0.21444844,  0.42770078, -0.07794686,  0.41089183,  0.1527902 ,
        0.37862832, -0.43740566, -0.16678915, -0.06155264, -0.08497604,
       -0.0060938 ]) 

Generation: 870 
 - Generation Avg Fit: 216.12914101098548 
 - Best Fitness: 372.7850105090744
 - Best Solution: array([-0.0089698 , -0.38719179,  0.32931231, -0.03000257,  0.00083204,
        0.38988129,  0.00276372, -0.4325146 , -0.14618291,  0.22486378,
       -0.01781504, -0.24420628, -0.30489943, -0.48652606, -0.06549168,
       -0.203903  , -0.30807204, -0.24327194,  0.19125088, -0.29334711,
       -0.13772293, -0.24072533,  0.09774259,  0.42771572,  0.30073877,
       -0.21444844,  0.42770078, -0.07794686,  0.41089183,  0.1527902 ,
        0.37862832, -0.43740566, -0.16678915, -0.06155264, -0.08497604,
       -0.0060938 ]) 

Generation: 871 
 - Generation Avg Fit: 229.20906008262855 
 - Best Fitness: 372.7850105090744
 - Best Solution: array([-0.0089698 , -0.38719179,  0.32931231, -0.03000257,  0.00083204,
        0.38988129,  0.00276372, -0.4325146 , -0.14618291,  0.22486378,
       -0.01781504, -0.24420628, -0.30489943, -0.48652606, -0.06549168,
       -0.203903  , -0.30807204, -0.24327194,  0.19125088, -0.29334711,
       -0.13772293, -0.24072533,  0.09774259,  0.42771572,  0.30073877,
       -0.21444844,  0.42770078, -0.07794686,  0.41089183,  0.1527902 ,
        0.37862832, -0.43740566, -0.16678915, -0.06155264, -0.08497604,
       -0.0060938 ]) 

Generation: 872 
 - Generation Avg Fit: 214.67199245264695 
 - Best Fitness: 372.7850105090744
 - Best Solution: array([-0.0089698 , -0.38719179,  0.32931231, -0.03000257,  0.00083204,
        0.38988129,  0.00276372, -0.4325146 , -0.14618291,  0.22486378,
       -0.01781504, -0.24420628, -0.30489943, -0.48652606, -0.06549168,
       -0.203903  , -0.30807204, -0.24327194,  0.19125088, -0.29334711,
       -0.13772293, -0.24072533,  0.09774259,  0.42771572,  0.30073877,
       -0.21444844,  0.42770078, -0.07794686,  0.41089183,  0.1527902 ,
        0.37862832, -0.43740566, -0.16678915, -0.06155264, -0.08497604,
       -0.0060938 ]) 

Generation: 873 
 - Generation Avg Fit: 220.62609578545968 
 - Best Fitness: 372.7850105090744
 - Best Solution: array([-0.0089698 , -0.38719179,  0.32931231, -0.03000257,  0.00083204,
        0.38988129,  0.00276372, -0.4325146 , -0.14618291,  0.22486378,
       -0.01781504, -0.24420628, -0.30489943, -0.48652606, -0.06549168,
       -0.203903  , -0.30807204, -0.24327194,  0.19125088, -0.29334711,
       -0.13772293, -0.24072533,  0.09774259,  0.42771572,  0.30073877,
       -0.21444844,  0.42770078, -0.07794686,  0.41089183,  0.1527902 ,
        0.37862832, -0.43740566, -0.16678915, -0.06155264, -0.08497604,
       -0.0060938 ]) 

Generation: 874 
 - Generation Avg Fit: 224.9012673351609 
 - Best Fitness: 372.7850105090744
 - Best Solution: array([-0.0089698 , -0.38719179,  0.32931231, -0.03000257,  0.00083204,
        0.38988129,  0.00276372, -0.4325146 , -0.14618291,  0.22486378,
       -0.01781504, -0.24420628, -0.30489943, -0.48652606, -0.06549168,
       -0.203903  , -0.30807204, -0.24327194,  0.19125088, -0.29334711,
       -0.13772293, -0.24072533,  0.09774259,  0.42771572,  0.30073877,
       -0.21444844,  0.42770078, -0.07794686,  0.41089183,  0.1527902 ,
        0.37862832, -0.43740566, -0.16678915, -0.06155264, -0.08497604,
       -0.0060938 ]) 

Generation: 875 
 - Generation Avg Fit: 212.4894643399943 
 - Best Fitness: 372.7850105090744
 - Best Solution: array([-0.0089698 , -0.38719179,  0.32931231, -0.03000257,  0.00083204,
        0.38988129,  0.00276372, -0.4325146 , -0.14618291,  0.22486378,
       -0.01781504, -0.24420628, -0.30489943, -0.48652606, -0.06549168,
       -0.203903  , -0.30807204, -0.24327194,  0.19125088, -0.29334711,
       -0.13772293, -0.24072533,  0.09774259,  0.42771572,  0.30073877,
       -0.21444844,  0.42770078, -0.07794686,  0.41089183,  0.1527902 ,
        0.37862832, -0.43740566, -0.16678915, -0.06155264, -0.08497604,
       -0.0060938 ]) 

Generation: 876 
 - Generation Avg Fit: 225.94045452650826 
 - Best Fitness: 372.7850105090744
 - Best Solution: array([-0.0089698 , -0.38719179,  0.32931231, -0.03000257,  0.00083204,
        0.38988129,  0.00276372, -0.4325146 , -0.14618291,  0.22486378,
       -0.01781504, -0.24420628, -0.30489943, -0.48652606, -0.06549168,
       -0.203903  , -0.30807204, -0.24327194,  0.19125088, -0.29334711,
       -0.13772293, -0.24072533,  0.09774259,  0.42771572,  0.30073877,
       -0.21444844,  0.42770078, -0.07794686,  0.41089183,  0.1527902 ,
        0.37862832, -0.43740566, -0.16678915, -0.06155264, -0.08497604,
       -0.0060938 ]) 

Generation: 877 
 - Generation Avg Fit: 221.37661778254275 
 - Best Fitness: 372.7850105090744
 - Best Solution: array([-0.0089698 , -0.38719179,  0.32931231, -0.03000257,  0.00083204,
        0.38988129,  0.00276372, -0.4325146 , -0.14618291,  0.22486378,
       -0.01781504, -0.24420628, -0.30489943, -0.48652606, -0.06549168,
       -0.203903  , -0.30807204, -0.24327194,  0.19125088, -0.29334711,
       -0.13772293, -0.24072533,  0.09774259,  0.42771572,  0.30073877,
       -0.21444844,  0.42770078, -0.07794686,  0.41089183,  0.1527902 ,
        0.37862832, -0.43740566, -0.16678915, -0.06155264, -0.08497604,
       -0.0060938 ]) 

Generation: 878 
 - Generation Avg Fit: 216.6605645528849 
 - Best Fitness: 372.7850105090744
 - Best Solution: array([-0.0089698 , -0.38719179,  0.32931231, -0.03000257,  0.00083204,
        0.38988129,  0.00276372, -0.4325146 , -0.14618291,  0.22486378,
       -0.01781504, -0.24420628, -0.30489943, -0.48652606, -0.06549168,
       -0.203903  , -0.30807204, -0.24327194,  0.19125088, -0.29334711,
       -0.13772293, -0.24072533,  0.09774259,  0.42771572,  0.30073877,
       -0.21444844,  0.42770078, -0.07794686,  0.41089183,  0.1527902 ,
        0.37862832, -0.43740566, -0.16678915, -0.06155264, -0.08497604,
       -0.0060938 ]) 

Generation: 879 
 - Generation Avg Fit: 220.8207867547144 
 - Best Fitness: 372.7850105090744
 - Best Solution: array([-0.0089698 , -0.38719179,  0.32931231, -0.03000257,  0.00083204,
        0.38988129,  0.00276372, -0.4325146 , -0.14618291,  0.22486378,
       -0.01781504, -0.24420628, -0.30489943, -0.48652606, -0.06549168,
       -0.203903  , -0.30807204, -0.24327194,  0.19125088, -0.29334711,
       -0.13772293, -0.24072533,  0.09774259,  0.42771572,  0.30073877,
       -0.21444844,  0.42770078, -0.07794686,  0.41089183,  0.1527902 ,
        0.37862832, -0.43740566, -0.16678915, -0.06155264, -0.08497604,
       -0.0060938 ]) 

Generation: 880 
 - Generation Avg Fit: 216.2149255744531 
 - Best Fitness: 372.7850105090744
 - Best Solution: array([-0.0089698 , -0.38719179,  0.32931231, -0.03000257,  0.00083204,
        0.38988129,  0.00276372, -0.4325146 , -0.14618291,  0.22486378,
       -0.01781504, -0.24420628, -0.30489943, -0.48652606, -0.06549168,
       -0.203903  , -0.30807204, -0.24327194,  0.19125088, -0.29334711,
       -0.13772293, -0.24072533,  0.09774259,  0.42771572,  0.30073877,
       -0.21444844,  0.42770078, -0.07794686,  0.41089183,  0.1527902 ,
        0.37862832, -0.43740566, -0.16678915, -0.06155264, -0.08497604,
       -0.0060938 ]) 

Generation: 881 
 - Generation Avg Fit: 223.30667382975952 
 - Best Fitness: 372.7850105090744
 - Best Solution: array([-0.0089698 , -0.38719179,  0.32931231, -0.03000257,  0.00083204,
        0.38988129,  0.00276372, -0.4325146 , -0.14618291,  0.22486378,
       -0.01781504, -0.24420628, -0.30489943, -0.48652606, -0.06549168,
       -0.203903  , -0.30807204, -0.24327194,  0.19125088, -0.29334711,
       -0.13772293, -0.24072533,  0.09774259,  0.42771572,  0.30073877,
       -0.21444844,  0.42770078, -0.07794686,  0.41089183,  0.1527902 ,
        0.37862832, -0.43740566, -0.16678915, -0.06155264, -0.08497604,
       -0.0060938 ]) 

Generation: 882 
 - Generation Avg Fit: 219.983886986051 
 - Best Fitness: 372.7850105090744
 - Best Solution: array([-0.0089698 , -0.38719179,  0.32931231, -0.03000257,  0.00083204,
        0.38988129,  0.00276372, -0.4325146 , -0.14618291,  0.22486378,
       -0.01781504, -0.24420628, -0.30489943, -0.48652606, -0.06549168,
       -0.203903  , -0.30807204, -0.24327194,  0.19125088, -0.29334711,
       -0.13772293, -0.24072533,  0.09774259,  0.42771572,  0.30073877,
       -0.21444844,  0.42770078, -0.07794686,  0.41089183,  0.1527902 ,
        0.37862832, -0.43740566, -0.16678915, -0.06155264, -0.08497604,
       -0.0060938 ]) 

Generation: 883 
 - Generation Avg Fit: 225.13028172920852 
 - Best Fitness: 372.7850105090744
 - Best Solution: array([-0.0089698 , -0.38719179,  0.32931231, -0.03000257,  0.00083204,
        0.38988129,  0.00276372, -0.4325146 , -0.14618291,  0.22486378,
       -0.01781504, -0.24420628, -0.30489943, -0.48652606, -0.06549168,
       -0.203903  , -0.30807204, -0.24327194,  0.19125088, -0.29334711,
       -0.13772293, -0.24072533,  0.09774259,  0.42771572,  0.30073877,
       -0.21444844,  0.42770078, -0.07794686,  0.41089183,  0.1527902 ,
        0.37862832, -0.43740566, -0.16678915, -0.06155264, -0.08497604,
       -0.0060938 ]) 

Generation: 884 
 - Generation Avg Fit: 219.63483405980995 
 - Best Fitness: 372.7850105090744
 - Best Solution: array([-0.0089698 , -0.38719179,  0.32931231, -0.03000257,  0.00083204,
        0.38988129,  0.00276372, -0.4325146 , -0.14618291,  0.22486378,
       -0.01781504, -0.24420628, -0.30489943, -0.48652606, -0.06549168,
       -0.203903  , -0.30807204, -0.24327194,  0.19125088, -0.29334711,
       -0.13772293, -0.24072533,  0.09774259,  0.42771572,  0.30073877,
       -0.21444844,  0.42770078, -0.07794686,  0.41089183,  0.1527902 ,
        0.37862832, -0.43740566, -0.16678915, -0.06155264, -0.08497604,
       -0.0060938 ]) 

Generation: 885 
 - Generation Avg Fit: 216.43827369454723 
 - Best Fitness: 372.7850105090744
 - Best Solution: array([-0.0089698 , -0.38719179,  0.32931231, -0.03000257,  0.00083204,
        0.38988129,  0.00276372, -0.4325146 , -0.14618291,  0.22486378,
       -0.01781504, -0.24420628, -0.30489943, -0.48652606, -0.06549168,
       -0.203903  , -0.30807204, -0.24327194,  0.19125088, -0.29334711,
       -0.13772293, -0.24072533,  0.09774259,  0.42771572,  0.30073877,
       -0.21444844,  0.42770078, -0.07794686,  0.41089183,  0.1527902 ,
        0.37862832, -0.43740566, -0.16678915, -0.06155264, -0.08497604,
       -0.0060938 ]) 

Generation: 886 
 - Generation Avg Fit: 226.3971432482248 
 - Best Fitness: 372.7850105090744
 - Best Solution: array([-0.0089698 , -0.38719179,  0.32931231, -0.03000257,  0.00083204,
        0.38988129,  0.00276372, -0.4325146 , -0.14618291,  0.22486378,
       -0.01781504, -0.24420628, -0.30489943, -0.48652606, -0.06549168,
       -0.203903  , -0.30807204, -0.24327194,  0.19125088, -0.29334711,
       -0.13772293, -0.24072533,  0.09774259,  0.42771572,  0.30073877,
       -0.21444844,  0.42770078, -0.07794686,  0.41089183,  0.1527902 ,
        0.37862832, -0.43740566, -0.16678915, -0.06155264, -0.08497604,
       -0.0060938 ]) 

Generation: 887 
 - Generation Avg Fit: 206.92487792049505 
 - Best Fitness: 372.7850105090744
 - Best Solution: array([-0.0089698 , -0.38719179,  0.32931231, -0.03000257,  0.00083204,
        0.38988129,  0.00276372, -0.4325146 , -0.14618291,  0.22486378,
       -0.01781504, -0.24420628, -0.30489943, -0.48652606, -0.06549168,
       -0.203903  , -0.30807204, -0.24327194,  0.19125088, -0.29334711,
       -0.13772293, -0.24072533,  0.09774259,  0.42771572,  0.30073877,
       -0.21444844,  0.42770078, -0.07794686,  0.41089183,  0.1527902 ,
        0.37862832, -0.43740566, -0.16678915, -0.06155264, -0.08497604,
       -0.0060938 ]) 

Generation: 888 
 - Generation Avg Fit: 212.55407561762746 
 - Best Fitness: 372.7850105090744
 - Best Solution: array([-0.0089698 , -0.38719179,  0.32931231, -0.03000257,  0.00083204,
        0.38988129,  0.00276372, -0.4325146 , -0.14618291,  0.22486378,
       -0.01781504, -0.24420628, -0.30489943, -0.48652606, -0.06549168,
       -0.203903  , -0.30807204, -0.24327194,  0.19125088, -0.29334711,
       -0.13772293, -0.24072533,  0.09774259,  0.42771572,  0.30073877,
       -0.21444844,  0.42770078, -0.07794686,  0.41089183,  0.1527902 ,
        0.37862832, -0.43740566, -0.16678915, -0.06155264, -0.08497604,
       -0.0060938 ]) 

Generation: 889 
 - Generation Avg Fit: 214.3256652929011 
 - Best Fitness: 372.7850105090744
 - Best Solution: array([-0.0089698 , -0.38719179,  0.32931231, -0.03000257,  0.00083204,
        0.38988129,  0.00276372, -0.4325146 , -0.14618291,  0.22486378,
       -0.01781504, -0.24420628, -0.30489943, -0.48652606, -0.06549168,
       -0.203903  , -0.30807204, -0.24327194,  0.19125088, -0.29334711,
       -0.13772293, -0.24072533,  0.09774259,  0.42771572,  0.30073877,
       -0.21444844,  0.42770078, -0.07794686,  0.41089183,  0.1527902 ,
        0.37862832, -0.43740566, -0.16678915, -0.06155264, -0.08497604,
       -0.0060938 ]) 

Generation: 890 
 - Generation Avg Fit: 217.0420549549198 
 - Best Fitness: 372.7850105090744
 - Best Solution: array([-0.0089698 , -0.38719179,  0.32931231, -0.03000257,  0.00083204,
        0.38988129,  0.00276372, -0.4325146 , -0.14618291,  0.22486378,
       -0.01781504, -0.24420628, -0.30489943, -0.48652606, -0.06549168,
       -0.203903  , -0.30807204, -0.24327194,  0.19125088, -0.29334711,
       -0.13772293, -0.24072533,  0.09774259,  0.42771572,  0.30073877,
       -0.21444844,  0.42770078, -0.07794686,  0.41089183,  0.1527902 ,
        0.37862832, -0.43740566, -0.16678915, -0.06155264, -0.08497604,
       -0.0060938 ]) 

Generation: 891 
 - Generation Avg Fit: 224.78215536141687 
 - Best Fitness: 372.7850105090744
 - Best Solution: array([-0.0089698 , -0.38719179,  0.32931231, -0.03000257,  0.00083204,
        0.38988129,  0.00276372, -0.4325146 , -0.14618291,  0.22486378,
       -0.01781504, -0.24420628, -0.30489943, -0.48652606, -0.06549168,
       -0.203903  , -0.30807204, -0.24327194,  0.19125088, -0.29334711,
       -0.13772293, -0.24072533,  0.09774259,  0.42771572,  0.30073877,
       -0.21444844,  0.42770078, -0.07794686,  0.41089183,  0.1527902 ,
        0.37862832, -0.43740566, -0.16678915, -0.06155264, -0.08497604,
       -0.0060938 ]) 

Generation: 892 
 - Generation Avg Fit: 215.9130473725603 
 - Best Fitness: 372.7850105090744
 - Best Solution: array([-0.0089698 , -0.38719179,  0.32931231, -0.03000257,  0.00083204,
        0.38988129,  0.00276372, -0.4325146 , -0.14618291,  0.22486378,
       -0.01781504, -0.24420628, -0.30489943, -0.48652606, -0.06549168,
       -0.203903  , -0.30807204, -0.24327194,  0.19125088, -0.29334711,
       -0.13772293, -0.24072533,  0.09774259,  0.42771572,  0.30073877,
       -0.21444844,  0.42770078, -0.07794686,  0.41089183,  0.1527902 ,
        0.37862832, -0.43740566, -0.16678915, -0.06155264, -0.08497604,
       -0.0060938 ]) 

Generation: 893 
 - Generation Avg Fit: 212.56282214268546 
 - Best Fitness: 372.7850105090744
 - Best Solution: array([-0.0089698 , -0.38719179,  0.32931231, -0.03000257,  0.00083204,
        0.38988129,  0.00276372, -0.4325146 , -0.14618291,  0.22486378,
       -0.01781504, -0.24420628, -0.30489943, -0.48652606, -0.06549168,
       -0.203903  , -0.30807204, -0.24327194,  0.19125088, -0.29334711,
       -0.13772293, -0.24072533,  0.09774259,  0.42771572,  0.30073877,
       -0.21444844,  0.42770078, -0.07794686,  0.41089183,  0.1527902 ,
        0.37862832, -0.43740566, -0.16678915, -0.06155264, -0.08497604,
       -0.0060938 ]) 

Generation: 894 
 - Generation Avg Fit: 222.02244887481578 
 - Best Fitness: 372.7850105090744
 - Best Solution: array([-0.0089698 , -0.38719179,  0.32931231, -0.03000257,  0.00083204,
        0.38988129,  0.00276372, -0.4325146 , -0.14618291,  0.22486378,
       -0.01781504, -0.24420628, -0.30489943, -0.48652606, -0.06549168,
       -0.203903  , -0.30807204, -0.24327194,  0.19125088, -0.29334711,
       -0.13772293, -0.24072533,  0.09774259,  0.42771572,  0.30073877,
       -0.21444844,  0.42770078, -0.07794686,  0.41089183,  0.1527902 ,
        0.37862832, -0.43740566, -0.16678915, -0.06155264, -0.08497604,
       -0.0060938 ]) 

Generation: 895 
 - Generation Avg Fit: 218.4744940454345 
 - Best Fitness: 372.7850105090744
 - Best Solution: array([-0.0089698 , -0.38719179,  0.32931231, -0.03000257,  0.00083204,
        0.38988129,  0.00276372, -0.4325146 , -0.14618291,  0.22486378,
       -0.01781504, -0.24420628, -0.30489943, -0.48652606, -0.06549168,
       -0.203903  , -0.30807204, -0.24327194,  0.19125088, -0.29334711,
       -0.13772293, -0.24072533,  0.09774259,  0.42771572,  0.30073877,
       -0.21444844,  0.42770078, -0.07794686,  0.41089183,  0.1527902 ,
        0.37862832, -0.43740566, -0.16678915, -0.06155264, -0.08497604,
       -0.0060938 ]) 

Generation: 896 
 - Generation Avg Fit: 221.85233405990235 
 - Best Fitness: 372.7850105090744
 - Best Solution: array([-0.0089698 , -0.38719179,  0.32931231, -0.03000257,  0.00083204,
        0.38988129,  0.00276372, -0.4325146 , -0.14618291,  0.22486378,
       -0.01781504, -0.24420628, -0.30489943, -0.48652606, -0.06549168,
       -0.203903  , -0.30807204, -0.24327194,  0.19125088, -0.29334711,
       -0.13772293, -0.24072533,  0.09774259,  0.42771572,  0.30073877,
       -0.21444844,  0.42770078, -0.07794686,  0.41089183,  0.1527902 ,
        0.37862832, -0.43740566, -0.16678915, -0.06155264, -0.08497604,
       -0.0060938 ]) 

Generation: 897 
 - Generation Avg Fit: 225.57760085774507 
 - Best Fitness: 372.7850105090744
 - Best Solution: array([-0.0089698 , -0.38719179,  0.32931231, -0.03000257,  0.00083204,
        0.38988129,  0.00276372, -0.4325146 , -0.14618291,  0.22486378,
       -0.01781504, -0.24420628, -0.30489943, -0.48652606, -0.06549168,
       -0.203903  , -0.30807204, -0.24327194,  0.19125088, -0.29334711,
       -0.13772293, -0.24072533,  0.09774259,  0.42771572,  0.30073877,
       -0.21444844,  0.42770078, -0.07794686,  0.41089183,  0.1527902 ,
        0.37862832, -0.43740566, -0.16678915, -0.06155264, -0.08497604,
       -0.0060938 ]) 

Generation: 898 
 - Generation Avg Fit: 224.45545672252103 
 - Best Fitness: 372.7850105090744
 - Best Solution: array([-0.0089698 , -0.38719179,  0.32931231, -0.03000257,  0.00083204,
        0.38988129,  0.00276372, -0.4325146 , -0.14618291,  0.22486378,
       -0.01781504, -0.24420628, -0.30489943, -0.48652606, -0.06549168,
       -0.203903  , -0.30807204, -0.24327194,  0.19125088, -0.29334711,
       -0.13772293, -0.24072533,  0.09774259,  0.42771572,  0.30073877,
       -0.21444844,  0.42770078, -0.07794686,  0.41089183,  0.1527902 ,
        0.37862832, -0.43740566, -0.16678915, -0.06155264, -0.08497604,
       -0.0060938 ]) 

Generation: 899 
 - Generation Avg Fit: 216.28981170662246 
 - Best Fitness: 372.7850105090744
 - Best Solution: array([-0.0089698 , -0.38719179,  0.32931231, -0.03000257,  0.00083204,
        0.38988129,  0.00276372, -0.4325146 , -0.14618291,  0.22486378,
       -0.01781504, -0.24420628, -0.30489943, -0.48652606, -0.06549168,
       -0.203903  , -0.30807204, -0.24327194,  0.19125088, -0.29334711,
       -0.13772293, -0.24072533,  0.09774259,  0.42771572,  0.30073877,
       -0.21444844,  0.42770078, -0.07794686,  0.41089183,  0.1527902 ,
        0.37862832, -0.43740566, -0.16678915, -0.06155264, -0.08497604,
       -0.0060938 ]) 

Generation: 900 
 - Generation Avg Fit: 223.43923112316924 
 - Best Fitness: 372.7850105090744
 - Best Solution: array([-0.0089698 , -0.38719179,  0.32931231, -0.03000257,  0.00083204,
        0.38988129,  0.00276372, -0.4325146 , -0.14618291,  0.22486378,
       -0.01781504, -0.24420628, -0.30489943, -0.48652606, -0.06549168,
       -0.203903  , -0.30807204, -0.24327194,  0.19125088, -0.29334711,
       -0.13772293, -0.24072533,  0.09774259,  0.42771572,  0.30073877,
       -0.21444844,  0.42770078, -0.07794686,  0.41089183,  0.1527902 ,
        0.37862832, -0.43740566, -0.16678915, -0.06155264, -0.08497604,
       -0.0060938 ]) 

Generation: 901 
 - Generation Avg Fit: 224.1490600767934 
 - Best Fitness: 372.7850105090744
 - Best Solution: array([-0.0089698 , -0.38719179,  0.32931231, -0.03000257,  0.00083204,
        0.38988129,  0.00276372, -0.4325146 , -0.14618291,  0.22486378,
       -0.01781504, -0.24420628, -0.30489943, -0.48652606, -0.06549168,
       -0.203903  , -0.30807204, -0.24327194,  0.19125088, -0.29334711,
       -0.13772293, -0.24072533,  0.09774259,  0.42771572,  0.30073877,
       -0.21444844,  0.42770078, -0.07794686,  0.41089183,  0.1527902 ,
        0.37862832, -0.43740566, -0.16678915, -0.06155264, -0.08497604,
       -0.0060938 ]) 

Generation: 902 
 - Generation Avg Fit: 218.65688965295595 
 - Best Fitness: 372.7850105090744
 - Best Solution: array([-0.0089698 , -0.38719179,  0.32931231, -0.03000257,  0.00083204,
        0.38988129,  0.00276372, -0.4325146 , -0.14618291,  0.22486378,
       -0.01781504, -0.24420628, -0.30489943, -0.48652606, -0.06549168,
       -0.203903  , -0.30807204, -0.24327194,  0.19125088, -0.29334711,
       -0.13772293, -0.24072533,  0.09774259,  0.42771572,  0.30073877,
       -0.21444844,  0.42770078, -0.07794686,  0.41089183,  0.1527902 ,
        0.37862832, -0.43740566, -0.16678915, -0.06155264, -0.08497604,
       -0.0060938 ]) 

Generation: 903 
 - Generation Avg Fit: 217.56950608363528 
 - Best Fitness: 372.7850105090744
 - Best Solution: array([-0.0089698 , -0.38719179,  0.32931231, -0.03000257,  0.00083204,
        0.38988129,  0.00276372, -0.4325146 , -0.14618291,  0.22486378,
       -0.01781504, -0.24420628, -0.30489943, -0.48652606, -0.06549168,
       -0.203903  , -0.30807204, -0.24327194,  0.19125088, -0.29334711,
       -0.13772293, -0.24072533,  0.09774259,  0.42771572,  0.30073877,
       -0.21444844,  0.42770078, -0.07794686,  0.41089183,  0.1527902 ,
        0.37862832, -0.43740566, -0.16678915, -0.06155264, -0.08497604,
       -0.0060938 ]) 

Generation: 904 
 - Generation Avg Fit: 220.2030057255909 
 - Best Fitness: 372.7850105090744
 - Best Solution: array([-0.0089698 , -0.38719179,  0.32931231, -0.03000257,  0.00083204,
        0.38988129,  0.00276372, -0.4325146 , -0.14618291,  0.22486378,
       -0.01781504, -0.24420628, -0.30489943, -0.48652606, -0.06549168,
       -0.203903  , -0.30807204, -0.24327194,  0.19125088, -0.29334711,
       -0.13772293, -0.24072533,  0.09774259,  0.42771572,  0.30073877,
       -0.21444844,  0.42770078, -0.07794686,  0.41089183,  0.1527902 ,
        0.37862832, -0.43740566, -0.16678915, -0.06155264, -0.08497604,
       -0.0060938 ]) 

Generation: 905 
 - Generation Avg Fit: 222.55173933018548 
 - Best Fitness: 372.7850105090744
 - Best Solution: array([-0.0089698 , -0.38719179,  0.32931231, -0.03000257,  0.00083204,
        0.38988129,  0.00276372, -0.4325146 , -0.14618291,  0.22486378,
       -0.01781504, -0.24420628, -0.30489943, -0.48652606, -0.06549168,
       -0.203903  , -0.30807204, -0.24327194,  0.19125088, -0.29334711,
       -0.13772293, -0.24072533,  0.09774259,  0.42771572,  0.30073877,
       -0.21444844,  0.42770078, -0.07794686,  0.41089183,  0.1527902 ,
        0.37862832, -0.43740566, -0.16678915, -0.06155264, -0.08497604,
       -0.0060938 ]) 

Generation: 906 
 - Generation Avg Fit: 229.33396756426984 
 - Best Fitness: 372.7850105090744
 - Best Solution: array([-0.0089698 , -0.38719179,  0.32931231, -0.03000257,  0.00083204,
        0.38988129,  0.00276372, -0.4325146 , -0.14618291,  0.22486378,
       -0.01781504, -0.24420628, -0.30489943, -0.48652606, -0.06549168,
       -0.203903  , -0.30807204, -0.24327194,  0.19125088, -0.29334711,
       -0.13772293, -0.24072533,  0.09774259,  0.42771572,  0.30073877,
       -0.21444844,  0.42770078, -0.07794686,  0.41089183,  0.1527902 ,
        0.37862832, -0.43740566, -0.16678915, -0.06155264, -0.08497604,
       -0.0060938 ]) 

Generation: 907 
 - Generation Avg Fit: 218.1207248205631 
 - Best Fitness: 372.7850105090744
 - Best Solution: array([-0.0089698 , -0.38719179,  0.32931231, -0.03000257,  0.00083204,
        0.38988129,  0.00276372, -0.4325146 , -0.14618291,  0.22486378,
       -0.01781504, -0.24420628, -0.30489943, -0.48652606, -0.06549168,
       -0.203903  , -0.30807204, -0.24327194,  0.19125088, -0.29334711,
       -0.13772293, -0.24072533,  0.09774259,  0.42771572,  0.30073877,
       -0.21444844,  0.42770078, -0.07794686,  0.41089183,  0.1527902 ,
        0.37862832, -0.43740566, -0.16678915, -0.06155264, -0.08497604,
       -0.0060938 ]) 

Generation: 908 
 - Generation Avg Fit: 224.1336162844475 
 - Best Fitness: 372.7850105090744
 - Best Solution: array([-0.0089698 , -0.38719179,  0.32931231, -0.03000257,  0.00083204,
        0.38988129,  0.00276372, -0.4325146 , -0.14618291,  0.22486378,
       -0.01781504, -0.24420628, -0.30489943, -0.48652606, -0.06549168,
       -0.203903  , -0.30807204, -0.24327194,  0.19125088, -0.29334711,
       -0.13772293, -0.24072533,  0.09774259,  0.42771572,  0.30073877,
       -0.21444844,  0.42770078, -0.07794686,  0.41089183,  0.1527902 ,
        0.37862832, -0.43740566, -0.16678915, -0.06155264, -0.08497604,
       -0.0060938 ]) 

Generation: 909 
 - Generation Avg Fit: 223.94420290459217 
 - Best Fitness: 372.7850105090744
 - Best Solution: array([-0.0089698 , -0.38719179,  0.32931231, -0.03000257,  0.00083204,
        0.38988129,  0.00276372, -0.4325146 , -0.14618291,  0.22486378,
       -0.01781504, -0.24420628, -0.30489943, -0.48652606, -0.06549168,
       -0.203903  , -0.30807204, -0.24327194,  0.19125088, -0.29334711,
       -0.13772293, -0.24072533,  0.09774259,  0.42771572,  0.30073877,
       -0.21444844,  0.42770078, -0.07794686,  0.41089183,  0.1527902 ,
        0.37862832, -0.43740566, -0.16678915, -0.06155264, -0.08497604,
       -0.0060938 ]) 

Generation: 910 
 - Generation Avg Fit: 223.1367257272101 
 - Best Fitness: 372.7850105090744
 - Best Solution: array([-0.0089698 , -0.38719179,  0.32931231, -0.03000257,  0.00083204,
        0.38988129,  0.00276372, -0.4325146 , -0.14618291,  0.22486378,
       -0.01781504, -0.24420628, -0.30489943, -0.48652606, -0.06549168,
       -0.203903  , -0.30807204, -0.24327194,  0.19125088, -0.29334711,
       -0.13772293, -0.24072533,  0.09774259,  0.42771572,  0.30073877,
       -0.21444844,  0.42770078, -0.07794686,  0.41089183,  0.1527902 ,
        0.37862832, -0.43740566, -0.16678915, -0.06155264, -0.08497604,
       -0.0060938 ]) 

Generation: 911 
 - Generation Avg Fit: 216.50700885965827 
 - Best Fitness: 372.7850105090744
 - Best Solution: array([-0.0089698 , -0.38719179,  0.32931231, -0.03000257,  0.00083204,
        0.38988129,  0.00276372, -0.4325146 , -0.14618291,  0.22486378,
       -0.01781504, -0.24420628, -0.30489943, -0.48652606, -0.06549168,
       -0.203903  , -0.30807204, -0.24327194,  0.19125088, -0.29334711,
       -0.13772293, -0.24072533,  0.09774259,  0.42771572,  0.30073877,
       -0.21444844,  0.42770078, -0.07794686,  0.41089183,  0.1527902 ,
        0.37862832, -0.43740566, -0.16678915, -0.06155264, -0.08497604,
       -0.0060938 ]) 

Generation: 912 
 - Generation Avg Fit: 219.50165123329046 
 - Best Fitness: 372.7850105090744
 - Best Solution: array([-0.0089698 , -0.38719179,  0.32931231, -0.03000257,  0.00083204,
        0.38988129,  0.00276372, -0.4325146 , -0.14618291,  0.22486378,
       -0.01781504, -0.24420628, -0.30489943, -0.48652606, -0.06549168,
       -0.203903  , -0.30807204, -0.24327194,  0.19125088, -0.29334711,
       -0.13772293, -0.24072533,  0.09774259,  0.42771572,  0.30073877,
       -0.21444844,  0.42770078, -0.07794686,  0.41089183,  0.1527902 ,
        0.37862832, -0.43740566, -0.16678915, -0.06155264, -0.08497604,
       -0.0060938 ]) 

Generation: 913 
 - Generation Avg Fit: 218.80249152961886 
 - Best Fitness: 372.7850105090744
 - Best Solution: array([-0.0089698 , -0.38719179,  0.32931231, -0.03000257,  0.00083204,
        0.38988129,  0.00276372, -0.4325146 , -0.14618291,  0.22486378,
       -0.01781504, -0.24420628, -0.30489943, -0.48652606, -0.06549168,
       -0.203903  , -0.30807204, -0.24327194,  0.19125088, -0.29334711,
       -0.13772293, -0.24072533,  0.09774259,  0.42771572,  0.30073877,
       -0.21444844,  0.42770078, -0.07794686,  0.41089183,  0.1527902 ,
        0.37862832, -0.43740566, -0.16678915, -0.06155264, -0.08497604,
       -0.0060938 ]) 

Generation: 914 
 - Generation Avg Fit: 217.5705889193021 
 - Best Fitness: 372.7850105090744
 - Best Solution: array([-0.0089698 , -0.38719179,  0.32931231, -0.03000257,  0.00083204,
        0.38988129,  0.00276372, -0.4325146 , -0.14618291,  0.22486378,
       -0.01781504, -0.24420628, -0.30489943, -0.48652606, -0.06549168,
       -0.203903  , -0.30807204, -0.24327194,  0.19125088, -0.29334711,
       -0.13772293, -0.24072533,  0.09774259,  0.42771572,  0.30073877,
       -0.21444844,  0.42770078, -0.07794686,  0.41089183,  0.1527902 ,
        0.37862832, -0.43740566, -0.16678915, -0.06155264, -0.08497604,
       -0.0060938 ]) 

Generation: 915 
 - Generation Avg Fit: 219.53526803380308 
 - Best Fitness: 372.7850105090744
 - Best Solution: array([-0.0089698 , -0.38719179,  0.32931231, -0.03000257,  0.00083204,
        0.38988129,  0.00276372, -0.4325146 , -0.14618291,  0.22486378,
       -0.01781504, -0.24420628, -0.30489943, -0.48652606, -0.06549168,
       -0.203903  , -0.30807204, -0.24327194,  0.19125088, -0.29334711,
       -0.13772293, -0.24072533,  0.09774259,  0.42771572,  0.30073877,
       -0.21444844,  0.42770078, -0.07794686,  0.41089183,  0.1527902 ,
        0.37862832, -0.43740566, -0.16678915, -0.06155264, -0.08497604,
       -0.0060938 ]) 

Generation: 916 
 - Generation Avg Fit: 215.9501344609406 
 - Best Fitness: 372.7850105090744
 - Best Solution: array([-0.0089698 , -0.38719179,  0.32931231, -0.03000257,  0.00083204,
        0.38988129,  0.00276372, -0.4325146 , -0.14618291,  0.22486378,
       -0.01781504, -0.24420628, -0.30489943, -0.48652606, -0.06549168,
       -0.203903  , -0.30807204, -0.24327194,  0.19125088, -0.29334711,
       -0.13772293, -0.24072533,  0.09774259,  0.42771572,  0.30073877,
       -0.21444844,  0.42770078, -0.07794686,  0.41089183,  0.1527902 ,
        0.37862832, -0.43740566, -0.16678915, -0.06155264, -0.08497604,
       -0.0060938 ]) 

Generation: 917 
 - Generation Avg Fit: 212.9401811707886 
 - Best Fitness: 372.7850105090744
 - Best Solution: array([-0.0089698 , -0.38719179,  0.32931231, -0.03000257,  0.00083204,
        0.38988129,  0.00276372, -0.4325146 , -0.14618291,  0.22486378,
       -0.01781504, -0.24420628, -0.30489943, -0.48652606, -0.06549168,
       -0.203903  , -0.30807204, -0.24327194,  0.19125088, -0.29334711,
       -0.13772293, -0.24072533,  0.09774259,  0.42771572,  0.30073877,
       -0.21444844,  0.42770078, -0.07794686,  0.41089183,  0.1527902 ,
        0.37862832, -0.43740566, -0.16678915, -0.06155264, -0.08497604,
       -0.0060938 ]) 

Generation: 918 
 - Generation Avg Fit: 207.06598322680037 
 - Best Fitness: 372.7850105090744
 - Best Solution: array([-0.0089698 , -0.38719179,  0.32931231, -0.03000257,  0.00083204,
        0.38988129,  0.00276372, -0.4325146 , -0.14618291,  0.22486378,
       -0.01781504, -0.24420628, -0.30489943, -0.48652606, -0.06549168,
       -0.203903  , -0.30807204, -0.24327194,  0.19125088, -0.29334711,
       -0.13772293, -0.24072533,  0.09774259,  0.42771572,  0.30073877,
       -0.21444844,  0.42770078, -0.07794686,  0.41089183,  0.1527902 ,
        0.37862832, -0.43740566, -0.16678915, -0.06155264, -0.08497604,
       -0.0060938 ]) 

Generation: 919 
 - Generation Avg Fit: 219.2344783135075 
 - Best Fitness: 372.7850105090744
 - Best Solution: array([-0.0089698 , -0.38719179,  0.32931231, -0.03000257,  0.00083204,
        0.38988129,  0.00276372, -0.4325146 , -0.14618291,  0.22486378,
       -0.01781504, -0.24420628, -0.30489943, -0.48652606, -0.06549168,
       -0.203903  , -0.30807204, -0.24327194,  0.19125088, -0.29334711,
       -0.13772293, -0.24072533,  0.09774259,  0.42771572,  0.30073877,
       -0.21444844,  0.42770078, -0.07794686,  0.41089183,  0.1527902 ,
        0.37862832, -0.43740566, -0.16678915, -0.06155264, -0.08497604,
       -0.0060938 ]) 

Generation: 920 
 - Generation Avg Fit: 224.13642677935465 
 - Best Fitness: 379.3196491061871
 - Best Solution: array([ 0.18285138, -0.39005174,  0.33142668, -0.09133642,  0.01225236,
        0.39604901,  0.00726075, -0.47285364, -0.14086868,  0.27599474,
       -0.02254147, -0.23768584,  0.24145848, -0.53188998, -0.52623219,
       -0.19307205, -0.32709997,  0.40750663,  0.18138268, -0.07207434,
       -0.13031257, -0.24787247,  0.0599032 ,  0.41875939,  0.33152446,
       -0.22244394,  0.40588174, -0.05905537,  0.41088933,  0.12125602,
        0.3992812 ,  0.41891897, -0.20563472,  0.00157702, -0.08260178,
       -0.14096005]) 

Generation: 921 
 - Generation Avg Fit: 216.579627043255 
 - Best Fitness: 379.3196491061871
 - Best Solution: array([-0.0089698 , -0.38719179,  0.32931231, -0.03000257,  0.00083204,
        0.38988129,  0.00276372, -0.4325146 , -0.14618291,  0.22486378,
       -0.01781504, -0.24420628, -0.30489943, -0.48652606, -0.06549168,
       -0.203903  , -0.30807204, -0.24327194,  0.19125088, -0.29334711,
       -0.13772293, -0.24072533,  0.09774259,  0.42771572,  0.30073877,
       -0.21444844,  0.42770078, -0.07794686,  0.41089183,  0.1527902 ,
        0.37862832, -0.43740566, -0.16678915, -0.06155264, -0.08497604,
       -0.0060938 ]) 

Generation: 922 
 - Generation Avg Fit: 227.36339856616775 
 - Best Fitness: 379.3196491061871
 - Best Solution: array([ 0.18285138, -0.39005174,  0.33142668, -0.09133642,  0.01225236,
        0.39604901,  0.00726075, -0.47285364, -0.14086868,  0.27599474,
       -0.02254147, -0.23768584,  0.24145848, -0.53188998, -0.52623219,
       -0.19307205, -0.32709997,  0.40750663,  0.18138268, -0.07207434,
       -0.13031257, -0.24787247,  0.0599032 ,  0.41875939,  0.33152446,
       -0.22244394,  0.40588174, -0.05905537,  0.41088933,  0.12125602,
        0.3992812 ,  0.41891897, -0.20563472,  0.00157702, -0.08260178,
       -0.14096005]) 

Generation: 923 
 - Generation Avg Fit: 220.57754412948844 
 - Best Fitness: 379.3196491061871
 - Best Solution: array([ 0.18285138, -0.39005174,  0.33142668, -0.09133642,  0.01225236,
        0.39604901,  0.00726075, -0.47285364, -0.14086868,  0.27599474,
       -0.02254147, -0.23768584,  0.24145848, -0.53188998, -0.52623219,
       -0.19307205, -0.32709997,  0.40750663,  0.18138268, -0.07207434,
       -0.13031257, -0.24787247,  0.0599032 ,  0.41875939,  0.33152446,
       -0.22244394,  0.40588174, -0.05905537,  0.41088933,  0.12125602,
        0.3992812 ,  0.41891897, -0.20563472,  0.00157702, -0.08260178,
       -0.14096005]) 

Generation: 924 
 - Generation Avg Fit: 218.8076786248722 
 - Best Fitness: 379.3196491061871
 - Best Solution: array([ 0.18285138, -0.39005174,  0.33142668, -0.09133642,  0.01225236,
        0.39604901,  0.00726075, -0.47285364, -0.14086868,  0.27599474,
       -0.02254147, -0.23768584,  0.24145848, -0.53188998, -0.52623219,
       -0.19307205, -0.32709997,  0.40750663,  0.18138268, -0.07207434,
       -0.13031257, -0.24787247,  0.0599032 ,  0.41875939,  0.33152446,
       -0.22244394,  0.40588174, -0.05905537,  0.41088933,  0.12125602,
        0.3992812 ,  0.41891897, -0.20563472,  0.00157702, -0.08260178,
       -0.14096005]) 

Generation: 925 
 - Generation Avg Fit: 219.00563923184936 
 - Best Fitness: 379.3196491061871
 - Best Solution: array([ 0.18285138, -0.39005174,  0.33142668, -0.09133642,  0.01225236,
        0.39604901,  0.00726075, -0.47285364, -0.14086868,  0.27599474,
       -0.02254147, -0.23768584,  0.24145848, -0.53188998, -0.52623219,
       -0.19307205, -0.32709997,  0.40750663,  0.18138268, -0.07207434,
       -0.13031257, -0.24787247,  0.0599032 ,  0.41875939,  0.33152446,
       -0.22244394,  0.40588174, -0.05905537,  0.41088933,  0.12125602,
        0.3992812 ,  0.41891897, -0.20563472,  0.00157702, -0.08260178,
       -0.14096005]) 

Generation: 926 
 - Generation Avg Fit: 222.4183791326434 
 - Best Fitness: 379.3196491061871
 - Best Solution: array([ 0.18285138, -0.39005174,  0.33142668, -0.09133642,  0.01225236,
        0.39604901,  0.00726075, -0.47285364, -0.14086868,  0.27599474,
       -0.02254147, -0.23768584,  0.24145848, -0.53188998, -0.52623219,
       -0.19307205, -0.32709997,  0.40750663,  0.18138268, -0.07207434,
       -0.13031257, -0.24787247,  0.0599032 ,  0.41875939,  0.33152446,
       -0.22244394,  0.40588174, -0.05905537,  0.41088933,  0.12125602,
        0.3992812 ,  0.41891897, -0.20563472,  0.00157702, -0.08260178,
       -0.14096005]) 

Generation: 927 
 - Generation Avg Fit: 214.56279558757382 
 - Best Fitness: 379.3196491061871
 - Best Solution: array([ 0.18285138, -0.39005174,  0.33142668, -0.09133642,  0.01225236,
        0.39604901,  0.00726075, -0.47285364, -0.14086868,  0.27599474,
       -0.02254147, -0.23768584,  0.24145848, -0.53188998, -0.52623219,
       -0.19307205, -0.32709997,  0.40750663,  0.18138268, -0.07207434,
       -0.13031257, -0.24787247,  0.0599032 ,  0.41875939,  0.33152446,
       -0.22244394,  0.40588174, -0.05905537,  0.41088933,  0.12125602,
        0.3992812 ,  0.41891897, -0.20563472,  0.00157702, -0.08260178,
       -0.14096005]) 

Generation: 928 
 - Generation Avg Fit: 221.51471166396684 
 - Best Fitness: 379.3196491061871
 - Best Solution: array([ 0.18285138, -0.39005174,  0.33142668, -0.09133642,  0.01225236,
        0.39604901,  0.00726075, -0.47285364, -0.14086868,  0.27599474,
       -0.02254147, -0.23768584,  0.24145848, -0.53188998, -0.52623219,
       -0.19307205, -0.32709997,  0.40750663,  0.18138268, -0.07207434,
       -0.13031257, -0.24787247,  0.0599032 ,  0.41875939,  0.33152446,
       -0.22244394,  0.40588174, -0.05905537,  0.41088933,  0.12125602,
        0.3992812 ,  0.41891897, -0.20563472,  0.00157702, -0.08260178,
       -0.14096005]) 

Generation: 929 
 - Generation Avg Fit: 213.961304426028 
 - Best Fitness: 379.3196491061871
 - Best Solution: array([ 0.18285138, -0.39005174,  0.33142668, -0.09133642,  0.01225236,
        0.39604901,  0.00726075, -0.47285364, -0.14086868,  0.27599474,
       -0.02254147, -0.23768584,  0.24145848, -0.53188998, -0.52623219,
       -0.19307205, -0.32709997,  0.40750663,  0.18138268, -0.07207434,
       -0.13031257, -0.24787247,  0.0599032 ,  0.41875939,  0.33152446,
       -0.22244394,  0.40588174, -0.05905537,  0.41088933,  0.12125602,
        0.3992812 ,  0.41891897, -0.20563472,  0.00157702, -0.08260178,
       -0.14096005]) 

Generation: 930 
 - Generation Avg Fit: 228.25108660243257 
 - Best Fitness: 379.3196491061871
 - Best Solution: array([ 0.18285138, -0.39005174,  0.33142668, -0.09133642,  0.01225236,
        0.39604901,  0.00726075, -0.47285364, -0.14086868,  0.27599474,
       -0.02254147, -0.23768584,  0.24145848, -0.53188998, -0.52623219,
       -0.19307205, -0.32709997,  0.40750663,  0.18138268, -0.07207434,
       -0.13031257, -0.24787247,  0.0599032 ,  0.41875939,  0.33152446,
       -0.22244394,  0.40588174, -0.05905537,  0.41088933,  0.12125602,
        0.3992812 ,  0.41891897, -0.20563472,  0.00157702, -0.08260178,
       -0.14096005]) 

Generation: 931 
 - Generation Avg Fit: 217.20430632522326 
 - Best Fitness: 379.3196491061871
 - Best Solution: array([ 0.18285138, -0.39005174,  0.33142668, -0.09133642,  0.01225236,
        0.39604901,  0.00726075, -0.47285364, -0.14086868,  0.27599474,
       -0.02254147, -0.23768584,  0.24145848, -0.53188998, -0.52623219,
       -0.19307205, -0.32709997,  0.40750663,  0.18138268, -0.07207434,
       -0.13031257, -0.24787247,  0.0599032 ,  0.41875939,  0.33152446,
       -0.22244394,  0.40588174, -0.05905537,  0.41088933,  0.12125602,
        0.3992812 ,  0.41891897, -0.20563472,  0.00157702, -0.08260178,
       -0.14096005]) 

Generation: 932 
 - Generation Avg Fit: 223.8001757409176 
 - Best Fitness: 379.3196491061871
 - Best Solution: array([ 0.18285138, -0.39005174,  0.33142668, -0.09133642,  0.01225236,
        0.39604901,  0.00726075, -0.47285364, -0.14086868,  0.27599474,
       -0.02254147, -0.23768584,  0.24145848, -0.53188998, -0.52623219,
       -0.19307205, -0.32709997,  0.40750663,  0.18138268, -0.07207434,
       -0.13031257, -0.24787247,  0.0599032 ,  0.41875939,  0.33152446,
       -0.22244394,  0.40588174, -0.05905537,  0.41088933,  0.12125602,
        0.3992812 ,  0.41891897, -0.20563472,  0.00157702, -0.08260178,
       -0.14096005]) 

Generation: 933 
 - Generation Avg Fit: 216.11839060341634 
 - Best Fitness: 379.3196491061871
 - Best Solution: array([ 0.18285138, -0.39005174,  0.33142668, -0.09133642,  0.01225236,
        0.39604901,  0.00726075, -0.47285364, -0.14086868,  0.27599474,
       -0.02254147, -0.23768584,  0.24145848, -0.53188998, -0.52623219,
       -0.19307205, -0.32709997,  0.40750663,  0.18138268, -0.07207434,
       -0.13031257, -0.24787247,  0.0599032 ,  0.41875939,  0.33152446,
       -0.22244394,  0.40588174, -0.05905537,  0.41088933,  0.12125602,
        0.3992812 ,  0.41891897, -0.20563472,  0.00157702, -0.08260178,
       -0.14096005]) 

Generation: 934 
 - Generation Avg Fit: 213.62628826152078 
 - Best Fitness: 379.3196491061871
 - Best Solution: array([ 0.18285138, -0.39005174,  0.33142668, -0.09133642,  0.01225236,
        0.39604901,  0.00726075, -0.47285364, -0.14086868,  0.27599474,
       -0.02254147, -0.23768584,  0.24145848, -0.53188998, -0.52623219,
       -0.19307205, -0.32709997,  0.40750663,  0.18138268, -0.07207434,
       -0.13031257, -0.24787247,  0.0599032 ,  0.41875939,  0.33152446,
       -0.22244394,  0.40588174, -0.05905537,  0.41088933,  0.12125602,
        0.3992812 ,  0.41891897, -0.20563472,  0.00157702, -0.08260178,
       -0.14096005]) 

Generation: 935 
 - Generation Avg Fit: 223.81157344774567 
 - Best Fitness: 379.3196491061871
 - Best Solution: array([ 0.18285138, -0.39005174,  0.33142668, -0.09133642,  0.01225236,
        0.39604901,  0.00726075, -0.47285364, -0.14086868,  0.27599474,
       -0.02254147, -0.23768584,  0.24145848, -0.53188998, -0.52623219,
       -0.19307205, -0.32709997,  0.40750663,  0.18138268, -0.07207434,
       -0.13031257, -0.24787247,  0.0599032 ,  0.41875939,  0.33152446,
       -0.22244394,  0.40588174, -0.05905537,  0.41088933,  0.12125602,
        0.3992812 ,  0.41891897, -0.20563472,  0.00157702, -0.08260178,
       -0.14096005]) 

Generation: 936 
 - Generation Avg Fit: 215.88866818296202 
 - Best Fitness: 379.3196491061871
 - Best Solution: array([ 0.18285138, -0.39005174,  0.33142668, -0.09133642,  0.01225236,
        0.39604901,  0.00726075, -0.47285364, -0.14086868,  0.27599474,
       -0.02254147, -0.23768584,  0.24145848, -0.53188998, -0.52623219,
       -0.19307205, -0.32709997,  0.40750663,  0.18138268, -0.07207434,
       -0.13031257, -0.24787247,  0.0599032 ,  0.41875939,  0.33152446,
       -0.22244394,  0.40588174, -0.05905537,  0.41088933,  0.12125602,
        0.3992812 ,  0.41891897, -0.20563472,  0.00157702, -0.08260178,
       -0.14096005]) 

Generation: 937 
 - Generation Avg Fit: 221.6495576646226 
 - Best Fitness: 379.3196491061871
 - Best Solution: array([ 0.18285138, -0.39005174,  0.33142668, -0.09133642,  0.01225236,
        0.39604901,  0.00726075, -0.47285364, -0.14086868,  0.27599474,
       -0.02254147, -0.23768584,  0.24145848, -0.53188998, -0.52623219,
       -0.19307205, -0.32709997,  0.40750663,  0.18138268, -0.07207434,
       -0.13031257, -0.24787247,  0.0599032 ,  0.41875939,  0.33152446,
       -0.22244394,  0.40588174, -0.05905537,  0.41088933,  0.12125602,
        0.3992812 ,  0.41891897, -0.20563472,  0.00157702, -0.08260178,
       -0.14096005]) 

Generation: 938 
 - Generation Avg Fit: 221.2738155880643 
 - Best Fitness: 379.3196491061871
 - Best Solution: array([ 0.18285138, -0.39005174,  0.33142668, -0.09133642,  0.01225236,
        0.39604901,  0.00726075, -0.47285364, -0.14086868,  0.27599474,
       -0.02254147, -0.23768584,  0.24145848, -0.53188998, -0.52623219,
       -0.19307205, -0.32709997,  0.40750663,  0.18138268, -0.07207434,
       -0.13031257, -0.24787247,  0.0599032 ,  0.41875939,  0.33152446,
       -0.22244394,  0.40588174, -0.05905537,  0.41088933,  0.12125602,
        0.3992812 ,  0.41891897, -0.20563472,  0.00157702, -0.08260178,
       -0.14096005]) 

Generation: 939 
 - Generation Avg Fit: 224.9669780348752 
 - Best Fitness: 379.3196491061871
 - Best Solution: array([ 0.18285138, -0.39005174,  0.33142668, -0.09133642,  0.01225236,
        0.39604901,  0.00726075, -0.47285364, -0.14086868,  0.27599474,
       -0.02254147, -0.23768584,  0.24145848, -0.53188998, -0.52623219,
       -0.19307205, -0.32709997,  0.40750663,  0.18138268, -0.07207434,
       -0.13031257, -0.24787247,  0.0599032 ,  0.41875939,  0.33152446,
       -0.22244394,  0.40588174, -0.05905537,  0.41088933,  0.12125602,
        0.3992812 ,  0.41891897, -0.20563472,  0.00157702, -0.08260178,
       -0.14096005]) 

Generation: 940 
 - Generation Avg Fit: 210.7222793806708 
 - Best Fitness: 379.3196491061871
 - Best Solution: array([ 0.18285138, -0.39005174,  0.33142668, -0.09133642,  0.01225236,
        0.39604901,  0.00726075, -0.47285364, -0.14086868,  0.27599474,
       -0.02254147, -0.23768584,  0.24145848, -0.53188998, -0.52623219,
       -0.19307205, -0.32709997,  0.40750663,  0.18138268, -0.07207434,
       -0.13031257, -0.24787247,  0.0599032 ,  0.41875939,  0.33152446,
       -0.22244394,  0.40588174, -0.05905537,  0.41088933,  0.12125602,
        0.3992812 ,  0.41891897, -0.20563472,  0.00157702, -0.08260178,
       -0.14096005]) 

Generation: 941 
 - Generation Avg Fit: 213.2021690222446 
 - Best Fitness: 379.3196491061871
 - Best Solution: array([ 0.18285138, -0.39005174,  0.33142668, -0.09133642,  0.01225236,
        0.39604901,  0.00726075, -0.47285364, -0.14086868,  0.27599474,
       -0.02254147, -0.23768584,  0.24145848, -0.53188998, -0.52623219,
       -0.19307205, -0.32709997,  0.40750663,  0.18138268, -0.07207434,
       -0.13031257, -0.24787247,  0.0599032 ,  0.41875939,  0.33152446,
       -0.22244394,  0.40588174, -0.05905537,  0.41088933,  0.12125602,
        0.3992812 ,  0.41891897, -0.20563472,  0.00157702, -0.08260178,
       -0.14096005]) 

Generation: 942 
 - Generation Avg Fit: 204.26332080462907 
 - Best Fitness: 379.3196491061871
 - Best Solution: array([ 0.18285138, -0.39005174,  0.33142668, -0.09133642,  0.01225236,
        0.39604901,  0.00726075, -0.47285364, -0.14086868,  0.27599474,
       -0.02254147, -0.23768584,  0.24145848, -0.53188998, -0.52623219,
       -0.19307205, -0.32709997,  0.40750663,  0.18138268, -0.07207434,
       -0.13031257, -0.24787247,  0.0599032 ,  0.41875939,  0.33152446,
       -0.22244394,  0.40588174, -0.05905537,  0.41088933,  0.12125602,
        0.3992812 ,  0.41891897, -0.20563472,  0.00157702, -0.08260178,
       -0.14096005]) 

Generation: 943 
 - Generation Avg Fit: 214.3053859799594 
 - Best Fitness: 379.3196491061871
 - Best Solution: array([ 0.18285138, -0.39005174,  0.33142668, -0.09133642,  0.01225236,
        0.39604901,  0.00726075, -0.47285364, -0.14086868,  0.27599474,
       -0.02254147, -0.23768584,  0.24145848, -0.53188998, -0.52623219,
       -0.19307205, -0.32709997,  0.40750663,  0.18138268, -0.07207434,
       -0.13031257, -0.24787247,  0.0599032 ,  0.41875939,  0.33152446,
       -0.22244394,  0.40588174, -0.05905537,  0.41088933,  0.12125602,
        0.3992812 ,  0.41891897, -0.20563472,  0.00157702, -0.08260178,
       -0.14096005]) 

Generation: 944 
 - Generation Avg Fit: 211.1226352406349 
 - Best Fitness: 379.3196491061871
 - Best Solution: array([ 0.18285138, -0.39005174,  0.33142668, -0.09133642,  0.01225236,
        0.39604901,  0.00726075, -0.47285364, -0.14086868,  0.27599474,
       -0.02254147, -0.23768584,  0.24145848, -0.53188998, -0.52623219,
       -0.19307205, -0.32709997,  0.40750663,  0.18138268, -0.07207434,
       -0.13031257, -0.24787247,  0.0599032 ,  0.41875939,  0.33152446,
       -0.22244394,  0.40588174, -0.05905537,  0.41088933,  0.12125602,
        0.3992812 ,  0.41891897, -0.20563472,  0.00157702, -0.08260178,
       -0.14096005]) 

Generation: 945 
 - Generation Avg Fit: 219.88046467140003 
 - Best Fitness: 379.3196491061871
 - Best Solution: array([ 0.18285138, -0.39005174,  0.33142668, -0.09133642,  0.01225236,
        0.39604901,  0.00726075, -0.47285364, -0.14086868,  0.27599474,
       -0.02254147, -0.23768584,  0.24145848, -0.53188998, -0.52623219,
       -0.19307205, -0.32709997,  0.40750663,  0.18138268, -0.07207434,
       -0.13031257, -0.24787247,  0.0599032 ,  0.41875939,  0.33152446,
       -0.22244394,  0.40588174, -0.05905537,  0.41088933,  0.12125602,
        0.3992812 ,  0.41891897, -0.20563472,  0.00157702, -0.08260178,
       -0.14096005]) 

Generation: 946 
 - Generation Avg Fit: 222.4052744051204 
 - Best Fitness: 379.3196491061871
 - Best Solution: array([ 0.18285138, -0.39005174,  0.33142668, -0.09133642,  0.01225236,
        0.39604901,  0.00726075, -0.47285364, -0.14086868,  0.27599474,
       -0.02254147, -0.23768584,  0.24145848, -0.53188998, -0.52623219,
       -0.19307205, -0.32709997,  0.40750663,  0.18138268, -0.07207434,
       -0.13031257, -0.24787247,  0.0599032 ,  0.41875939,  0.33152446,
       -0.22244394,  0.40588174, -0.05905537,  0.41088933,  0.12125602,
        0.3992812 ,  0.41891897, -0.20563472,  0.00157702, -0.08260178,
       -0.14096005]) 

Generation: 947 
 - Generation Avg Fit: 223.15223561858508 
 - Best Fitness: 379.3196491061871
 - Best Solution: array([ 0.18285138, -0.39005174,  0.33142668, -0.09133642,  0.01225236,
        0.39604901,  0.00726075, -0.47285364, -0.14086868,  0.27599474,
       -0.02254147, -0.23768584,  0.24145848, -0.53188998, -0.52623219,
       -0.19307205, -0.32709997,  0.40750663,  0.18138268, -0.07207434,
       -0.13031257, -0.24787247,  0.0599032 ,  0.41875939,  0.33152446,
       -0.22244394,  0.40588174, -0.05905537,  0.41088933,  0.12125602,
        0.3992812 ,  0.41891897, -0.20563472,  0.00157702, -0.08260178,
       -0.14096005]) 

Generation: 948 
 - Generation Avg Fit: 215.21099405585417 
 - Best Fitness: 379.3196491061871
 - Best Solution: array([ 0.18285138, -0.39005174,  0.33142668, -0.09133642,  0.01225236,
        0.39604901,  0.00726075, -0.47285364, -0.14086868,  0.27599474,
       -0.02254147, -0.23768584,  0.24145848, -0.53188998, -0.52623219,
       -0.19307205, -0.32709997,  0.40750663,  0.18138268, -0.07207434,
       -0.13031257, -0.24787247,  0.0599032 ,  0.41875939,  0.33152446,
       -0.22244394,  0.40588174, -0.05905537,  0.41088933,  0.12125602,
        0.3992812 ,  0.41891897, -0.20563472,  0.00157702, -0.08260178,
       -0.14096005]) 

Generation: 949 
 - Generation Avg Fit: 221.287936117492 
 - Best Fitness: 379.3196491061871
 - Best Solution: array([ 0.18285138, -0.39005174,  0.33142668, -0.09133642,  0.01225236,
        0.39604901,  0.00726075, -0.47285364, -0.14086868,  0.27599474,
       -0.02254147, -0.23768584,  0.24145848, -0.53188998, -0.52623219,
       -0.19307205, -0.32709997,  0.40750663,  0.18138268, -0.07207434,
       -0.13031257, -0.24787247,  0.0599032 ,  0.41875939,  0.33152446,
       -0.22244394,  0.40588174, -0.05905537,  0.41088933,  0.12125602,
        0.3992812 ,  0.41891897, -0.20563472,  0.00157702, -0.08260178,
       -0.14096005]) 

Generation: 950 
 - Generation Avg Fit: 215.7609253167741 
 - Best Fitness: 379.3196491061871
 - Best Solution: array([ 0.18285138, -0.39005174,  0.33142668, -0.09133642,  0.01225236,
        0.39604901,  0.00726075, -0.47285364, -0.14086868,  0.27599474,
       -0.02254147, -0.23768584,  0.24145848, -0.53188998, -0.52623219,
       -0.19307205, -0.32709997,  0.40750663,  0.18138268, -0.07207434,
       -0.13031257, -0.24787247,  0.0599032 ,  0.41875939,  0.33152446,
       -0.22244394,  0.40588174, -0.05905537,  0.41088933,  0.12125602,
        0.3992812 ,  0.41891897, -0.20563472,  0.00157702, -0.08260178,
       -0.14096005]) 

Generation: 951 
 - Generation Avg Fit: 212.5943939912883 
 - Best Fitness: 379.3196491061871
 - Best Solution: array([ 0.18285138, -0.39005174,  0.33142668, -0.09133642,  0.01225236,
        0.39604901,  0.00726075, -0.47285364, -0.14086868,  0.27599474,
       -0.02254147, -0.23768584,  0.24145848, -0.53188998, -0.52623219,
       -0.19307205, -0.32709997,  0.40750663,  0.18138268, -0.07207434,
       -0.13031257, -0.24787247,  0.0599032 ,  0.41875939,  0.33152446,
       -0.22244394,  0.40588174, -0.05905537,  0.41088933,  0.12125602,
        0.3992812 ,  0.41891897, -0.20563472,  0.00157702, -0.08260178,
       -0.14096005]) 

Generation: 952 
 - Generation Avg Fit: 221.3811173766428 
 - Best Fitness: 379.3196491061871
 - Best Solution: array([ 0.18285138, -0.39005174,  0.33142668, -0.09133642,  0.01225236,
        0.39604901,  0.00726075, -0.47285364, -0.14086868,  0.27599474,
       -0.02254147, -0.23768584,  0.24145848, -0.53188998, -0.52623219,
       -0.19307205, -0.32709997,  0.40750663,  0.18138268, -0.07207434,
       -0.13031257, -0.24787247,  0.0599032 ,  0.41875939,  0.33152446,
       -0.22244394,  0.40588174, -0.05905537,  0.41088933,  0.12125602,
        0.3992812 ,  0.41891897, -0.20563472,  0.00157702, -0.08260178,
       -0.14096005]) 

Generation: 953 
 - Generation Avg Fit: 209.27153825138174 
 - Best Fitness: 379.3196491061871
 - Best Solution: array([ 0.18285138, -0.39005174,  0.33142668, -0.09133642,  0.01225236,
        0.39604901,  0.00726075, -0.47285364, -0.14086868,  0.27599474,
       -0.02254147, -0.23768584,  0.24145848, -0.53188998, -0.52623219,
       -0.19307205, -0.32709997,  0.40750663,  0.18138268, -0.07207434,
       -0.13031257, -0.24787247,  0.0599032 ,  0.41875939,  0.33152446,
       -0.22244394,  0.40588174, -0.05905537,  0.41088933,  0.12125602,
        0.3992812 ,  0.41891897, -0.20563472,  0.00157702, -0.08260178,
       -0.14096005]) 

Generation: 954 
 - Generation Avg Fit: 211.08271942816057 
 - Best Fitness: 379.3196491061871
 - Best Solution: array([ 0.18285138, -0.39005174,  0.33142668, -0.09133642,  0.01225236,
        0.39604901,  0.00726075, -0.47285364, -0.14086868,  0.27599474,
       -0.02254147, -0.23768584,  0.24145848, -0.53188998, -0.52623219,
       -0.19307205, -0.32709997,  0.40750663,  0.18138268, -0.07207434,
       -0.13031257, -0.24787247,  0.0599032 ,  0.41875939,  0.33152446,
       -0.22244394,  0.40588174, -0.05905537,  0.41088933,  0.12125602,
        0.3992812 ,  0.41891897, -0.20563472,  0.00157702, -0.08260178,
       -0.14096005]) 

Generation: 955 
 - Generation Avg Fit: 211.32568971817156 
 - Best Fitness: 379.3196491061871
 - Best Solution: array([ 0.18285138, -0.39005174,  0.33142668, -0.09133642,  0.01225236,
        0.39604901,  0.00726075, -0.47285364, -0.14086868,  0.27599474,
       -0.02254147, -0.23768584,  0.24145848, -0.53188998, -0.52623219,
       -0.19307205, -0.32709997,  0.40750663,  0.18138268, -0.07207434,
       -0.13031257, -0.24787247,  0.0599032 ,  0.41875939,  0.33152446,
       -0.22244394,  0.40588174, -0.05905537,  0.41088933,  0.12125602,
        0.3992812 ,  0.41891897, -0.20563472,  0.00157702, -0.08260178,
       -0.14096005]) 

Generation: 956 
 - Generation Avg Fit: 220.2622676359937 
 - Best Fitness: 379.3196491061871
 - Best Solution: array([ 0.18285138, -0.39005174,  0.33142668, -0.09133642,  0.01225236,
        0.39604901,  0.00726075, -0.47285364, -0.14086868,  0.27599474,
       -0.02254147, -0.23768584,  0.24145848, -0.53188998, -0.52623219,
       -0.19307205, -0.32709997,  0.40750663,  0.18138268, -0.07207434,
       -0.13031257, -0.24787247,  0.0599032 ,  0.41875939,  0.33152446,
       -0.22244394,  0.40588174, -0.05905537,  0.41088933,  0.12125602,
        0.3992812 ,  0.41891897, -0.20563472,  0.00157702, -0.08260178,
       -0.14096005]) 

Generation: 957 
 - Generation Avg Fit: 211.6357003111585 
 - Best Fitness: 379.3196491061871
 - Best Solution: array([ 0.18285138, -0.39005174,  0.33142668, -0.09133642,  0.01225236,
        0.39604901,  0.00726075, -0.47285364, -0.14086868,  0.27599474,
       -0.02254147, -0.23768584,  0.24145848, -0.53188998, -0.52623219,
       -0.19307205, -0.32709997,  0.40750663,  0.18138268, -0.07207434,
       -0.13031257, -0.24787247,  0.0599032 ,  0.41875939,  0.33152446,
       -0.22244394,  0.40588174, -0.05905537,  0.41088933,  0.12125602,
        0.3992812 ,  0.41891897, -0.20563472,  0.00157702, -0.08260178,
       -0.14096005]) 

Generation: 958 
 - Generation Avg Fit: 218.64115820533047 
 - Best Fitness: 379.3196491061871
 - Best Solution: array([ 0.18285138, -0.39005174,  0.33142668, -0.09133642,  0.01225236,
        0.39604901,  0.00726075, -0.47285364, -0.14086868,  0.27599474,
       -0.02254147, -0.23768584,  0.24145848, -0.53188998, -0.52623219,
       -0.19307205, -0.32709997,  0.40750663,  0.18138268, -0.07207434,
       -0.13031257, -0.24787247,  0.0599032 ,  0.41875939,  0.33152446,
       -0.22244394,  0.40588174, -0.05905537,  0.41088933,  0.12125602,
        0.3992812 ,  0.41891897, -0.20563472,  0.00157702, -0.08260178,
       -0.14096005]) 

Generation: 959 
 - Generation Avg Fit: 209.28436512107564 
 - Best Fitness: 379.3196491061871
 - Best Solution: array([ 0.18285138, -0.39005174,  0.33142668, -0.09133642,  0.01225236,
        0.39604901,  0.00726075, -0.47285364, -0.14086868,  0.27599474,
       -0.02254147, -0.23768584,  0.24145848, -0.53188998, -0.52623219,
       -0.19307205, -0.32709997,  0.40750663,  0.18138268, -0.07207434,
       -0.13031257, -0.24787247,  0.0599032 ,  0.41875939,  0.33152446,
       -0.22244394,  0.40588174, -0.05905537,  0.41088933,  0.12125602,
        0.3992812 ,  0.41891897, -0.20563472,  0.00157702, -0.08260178,
       -0.14096005]) 

Generation: 960 
 - Generation Avg Fit: 208.26584993419513 
 - Best Fitness: 379.3196491061871
 - Best Solution: array([ 0.18285138, -0.39005174,  0.33142668, -0.09133642,  0.01225236,
        0.39604901,  0.00726075, -0.47285364, -0.14086868,  0.27599474,
       -0.02254147, -0.23768584,  0.24145848, -0.53188998, -0.52623219,
       -0.19307205, -0.32709997,  0.40750663,  0.18138268, -0.07207434,
       -0.13031257, -0.24787247,  0.0599032 ,  0.41875939,  0.33152446,
       -0.22244394,  0.40588174, -0.05905537,  0.41088933,  0.12125602,
        0.3992812 ,  0.41891897, -0.20563472,  0.00157702, -0.08260178,
       -0.14096005]) 

Generation: 961 
 - Generation Avg Fit: 207.5569278943402 
 - Best Fitness: 379.3196491061871
 - Best Solution: array([ 0.18285138, -0.39005174,  0.33142668, -0.09133642,  0.01225236,
        0.39604901,  0.00726075, -0.47285364, -0.14086868,  0.27599474,
       -0.02254147, -0.23768584,  0.24145848, -0.53188998, -0.52623219,
       -0.19307205, -0.32709997,  0.40750663,  0.18138268, -0.07207434,
       -0.13031257, -0.24787247,  0.0599032 ,  0.41875939,  0.33152446,
       -0.22244394,  0.40588174, -0.05905537,  0.41088933,  0.12125602,
        0.3992812 ,  0.41891897, -0.20563472,  0.00157702, -0.08260178,
       -0.14096005]) 

Generation: 962 
 - Generation Avg Fit: 214.20533609848397 
 - Best Fitness: 379.3196491061871
 - Best Solution: array([ 0.18285138, -0.39005174,  0.33142668, -0.09133642,  0.01225236,
        0.39604901,  0.00726075, -0.47285364, -0.14086868,  0.27599474,
       -0.02254147, -0.23768584,  0.24145848, -0.53188998, -0.52623219,
       -0.19307205, -0.32709997,  0.40750663,  0.18138268, -0.07207434,
       -0.13031257, -0.24787247,  0.0599032 ,  0.41875939,  0.33152446,
       -0.22244394,  0.40588174, -0.05905537,  0.41088933,  0.12125602,
        0.3992812 ,  0.41891897, -0.20563472,  0.00157702, -0.08260178,
       -0.14096005]) 

Generation: 963 
 - Generation Avg Fit: 216.5421079381473 
 - Best Fitness: 379.3196491061871
 - Best Solution: array([ 0.18285138, -0.39005174,  0.33142668, -0.09133642,  0.01225236,
        0.39604901,  0.00726075, -0.47285364, -0.14086868,  0.27599474,
       -0.02254147, -0.23768584,  0.24145848, -0.53188998, -0.52623219,
       -0.19307205, -0.32709997,  0.40750663,  0.18138268, -0.07207434,
       -0.13031257, -0.24787247,  0.0599032 ,  0.41875939,  0.33152446,
       -0.22244394,  0.40588174, -0.05905537,  0.41088933,  0.12125602,
        0.3992812 ,  0.41891897, -0.20563472,  0.00157702, -0.08260178,
       -0.14096005]) 

Generation: 964 
 - Generation Avg Fit: 218.55292740869538 
 - Best Fitness: 379.3196491061871
 - Best Solution: array([ 0.18285138, -0.39005174,  0.33142668, -0.09133642,  0.01225236,
        0.39604901,  0.00726075, -0.47285364, -0.14086868,  0.27599474,
       -0.02254147, -0.23768584,  0.24145848, -0.53188998, -0.52623219,
       -0.19307205, -0.32709997,  0.40750663,  0.18138268, -0.07207434,
       -0.13031257, -0.24787247,  0.0599032 ,  0.41875939,  0.33152446,
       -0.22244394,  0.40588174, -0.05905537,  0.41088933,  0.12125602,
        0.3992812 ,  0.41891897, -0.20563472,  0.00157702, -0.08260178,
       -0.14096005]) 

Generation: 965 
 - Generation Avg Fit: 211.06428045533758 
 - Best Fitness: 379.3196491061871
 - Best Solution: array([ 0.18285138, -0.39005174,  0.33142668, -0.09133642,  0.01225236,
        0.39604901,  0.00726075, -0.47285364, -0.14086868,  0.27599474,
       -0.02254147, -0.23768584,  0.24145848, -0.53188998, -0.52623219,
       -0.19307205, -0.32709997,  0.40750663,  0.18138268, -0.07207434,
       -0.13031257, -0.24787247,  0.0599032 ,  0.41875939,  0.33152446,
       -0.22244394,  0.40588174, -0.05905537,  0.41088933,  0.12125602,
        0.3992812 ,  0.41891897, -0.20563472,  0.00157702, -0.08260178,
       -0.14096005]) 

Generation: 966 
 - Generation Avg Fit: 212.23618538214862 
 - Best Fitness: 379.3196491061871
 - Best Solution: array([ 0.18285138, -0.39005174,  0.33142668, -0.09133642,  0.01225236,
        0.39604901,  0.00726075, -0.47285364, -0.14086868,  0.27599474,
       -0.02254147, -0.23768584,  0.24145848, -0.53188998, -0.52623219,
       -0.19307205, -0.32709997,  0.40750663,  0.18138268, -0.07207434,
       -0.13031257, -0.24787247,  0.0599032 ,  0.41875939,  0.33152446,
       -0.22244394,  0.40588174, -0.05905537,  0.41088933,  0.12125602,
        0.3992812 ,  0.41891897, -0.20563472,  0.00157702, -0.08260178,
       -0.14096005]) 

Generation: 967 
 - Generation Avg Fit: 208.0846002226786 
 - Best Fitness: 379.3196491061871
 - Best Solution: array([ 0.18285138, -0.39005174,  0.33142668, -0.09133642,  0.01225236,
        0.39604901,  0.00726075, -0.47285364, -0.14086868,  0.27599474,
       -0.02254147, -0.23768584,  0.24145848, -0.53188998, -0.52623219,
       -0.19307205, -0.32709997,  0.40750663,  0.18138268, -0.07207434,
       -0.13031257, -0.24787247,  0.0599032 ,  0.41875939,  0.33152446,
       -0.22244394,  0.40588174, -0.05905537,  0.41088933,  0.12125602,
        0.3992812 ,  0.41891897, -0.20563472,  0.00157702, -0.08260178,
       -0.14096005]) 

Generation: 968 
 - Generation Avg Fit: 226.61175192071417 
 - Best Fitness: 379.3196491061871
 - Best Solution: array([ 0.18285138, -0.39005174,  0.33142668, -0.09133642,  0.01225236,
        0.39604901,  0.00726075, -0.47285364, -0.14086868,  0.27599474,
       -0.02254147, -0.23768584,  0.24145848, -0.53188998, -0.52623219,
       -0.19307205, -0.32709997,  0.40750663,  0.18138268, -0.07207434,
       -0.13031257, -0.24787247,  0.0599032 ,  0.41875939,  0.33152446,
       -0.22244394,  0.40588174, -0.05905537,  0.41088933,  0.12125602,
        0.3992812 ,  0.41891897, -0.20563472,  0.00157702, -0.08260178,
       -0.14096005]) 

Generation: 969 
 - Generation Avg Fit: 210.27829338601703 
 - Best Fitness: 379.3196491061871
 - Best Solution: array([ 0.18285138, -0.39005174,  0.33142668, -0.09133642,  0.01225236,
        0.39604901,  0.00726075, -0.47285364, -0.14086868,  0.27599474,
       -0.02254147, -0.23768584,  0.24145848, -0.53188998, -0.52623219,
       -0.19307205, -0.32709997,  0.40750663,  0.18138268, -0.07207434,
       -0.13031257, -0.24787247,  0.0599032 ,  0.41875939,  0.33152446,
       -0.22244394,  0.40588174, -0.05905537,  0.41088933,  0.12125602,
        0.3992812 ,  0.41891897, -0.20563472,  0.00157702, -0.08260178,
       -0.14096005]) 

Generation: 970 
 - Generation Avg Fit: 214.1533420680934 
 - Best Fitness: 379.3196491061871
 - Best Solution: array([ 0.18285138, -0.39005174,  0.33142668, -0.09133642,  0.01225236,
        0.39604901,  0.00726075, -0.47285364, -0.14086868,  0.27599474,
       -0.02254147, -0.23768584,  0.24145848, -0.53188998, -0.52623219,
       -0.19307205, -0.32709997,  0.40750663,  0.18138268, -0.07207434,
       -0.13031257, -0.24787247,  0.0599032 ,  0.41875939,  0.33152446,
       -0.22244394,  0.40588174, -0.05905537,  0.41088933,  0.12125602,
        0.3992812 ,  0.41891897, -0.20563472,  0.00157702, -0.08260178,
       -0.14096005]) 

Generation: 971 
 - Generation Avg Fit: 229.83165508032405 
 - Best Fitness: 379.3196491061871
 - Best Solution: array([ 0.18285138, -0.39005174,  0.33142668, -0.09133642,  0.01225236,
        0.39604901,  0.00726075, -0.47285364, -0.14086868,  0.27599474,
       -0.02254147, -0.23768584,  0.24145848, -0.53188998, -0.52623219,
       -0.19307205, -0.32709997,  0.40750663,  0.18138268, -0.07207434,
       -0.13031257, -0.24787247,  0.0599032 ,  0.41875939,  0.33152446,
       -0.22244394,  0.40588174, -0.05905537,  0.41088933,  0.12125602,
        0.3992812 ,  0.41891897, -0.20563472,  0.00157702, -0.08260178,
       -0.14096005]) 

Generation: 972 
 - Generation Avg Fit: 221.3315305332985 
 - Best Fitness: 379.3196491061871
 - Best Solution: array([ 0.18285138, -0.39005174,  0.33142668, -0.09133642,  0.01225236,
        0.39604901,  0.00726075, -0.47285364, -0.14086868,  0.27599474,
       -0.02254147, -0.23768584,  0.24145848, -0.53188998, -0.52623219,
       -0.19307205, -0.32709997,  0.40750663,  0.18138268, -0.07207434,
       -0.13031257, -0.24787247,  0.0599032 ,  0.41875939,  0.33152446,
       -0.22244394,  0.40588174, -0.05905537,  0.41088933,  0.12125602,
        0.3992812 ,  0.41891897, -0.20563472,  0.00157702, -0.08260178,
       -0.14096005]) 

Generation: 973 
 - Generation Avg Fit: 217.3283630718484 
 - Best Fitness: 379.3196491061871
 - Best Solution: array([ 0.18285138, -0.39005174,  0.33142668, -0.09133642,  0.01225236,
        0.39604901,  0.00726075, -0.47285364, -0.14086868,  0.27599474,
       -0.02254147, -0.23768584,  0.24145848, -0.53188998, -0.52623219,
       -0.19307205, -0.32709997,  0.40750663,  0.18138268, -0.07207434,
       -0.13031257, -0.24787247,  0.0599032 ,  0.41875939,  0.33152446,
       -0.22244394,  0.40588174, -0.05905537,  0.41088933,  0.12125602,
        0.3992812 ,  0.41891897, -0.20563472,  0.00157702, -0.08260178,
       -0.14096005]) 

Generation: 974 
 - Generation Avg Fit: 221.19878663649564 
 - Best Fitness: 379.3196491061871
 - Best Solution: array([ 0.18285138, -0.39005174,  0.33142668, -0.09133642,  0.01225236,
        0.39604901,  0.00726075, -0.47285364, -0.14086868,  0.27599474,
       -0.02254147, -0.23768584,  0.24145848, -0.53188998, -0.52623219,
       -0.19307205, -0.32709997,  0.40750663,  0.18138268, -0.07207434,
       -0.13031257, -0.24787247,  0.0599032 ,  0.41875939,  0.33152446,
       -0.22244394,  0.40588174, -0.05905537,  0.41088933,  0.12125602,
        0.3992812 ,  0.41891897, -0.20563472,  0.00157702, -0.08260178,
       -0.14096005]) 

Generation: 975 
 - Generation Avg Fit: 217.26134160595535 
 - Best Fitness: 379.3196491061871
 - Best Solution: array([ 0.18285138, -0.39005174,  0.33142668, -0.09133642,  0.01225236,
        0.39604901,  0.00726075, -0.47285364, -0.14086868,  0.27599474,
       -0.02254147, -0.23768584,  0.24145848, -0.53188998, -0.52623219,
       -0.19307205, -0.32709997,  0.40750663,  0.18138268, -0.07207434,
       -0.13031257, -0.24787247,  0.0599032 ,  0.41875939,  0.33152446,
       -0.22244394,  0.40588174, -0.05905537,  0.41088933,  0.12125602,
        0.3992812 ,  0.41891897, -0.20563472,  0.00157702, -0.08260178,
       -0.14096005]) 

Generation: 976 
 - Generation Avg Fit: 218.66983578655478 
 - Best Fitness: 379.3196491061871
 - Best Solution: array([ 0.18285138, -0.39005174,  0.33142668, -0.09133642,  0.01225236,
        0.39604901,  0.00726075, -0.47285364, -0.14086868,  0.27599474,
       -0.02254147, -0.23768584,  0.24145848, -0.53188998, -0.52623219,
       -0.19307205, -0.32709997,  0.40750663,  0.18138268, -0.07207434,
       -0.13031257, -0.24787247,  0.0599032 ,  0.41875939,  0.33152446,
       -0.22244394,  0.40588174, -0.05905537,  0.41088933,  0.12125602,
        0.3992812 ,  0.41891897, -0.20563472,  0.00157702, -0.08260178,
       -0.14096005]) 

Generation: 977 
 - Generation Avg Fit: 216.1212875342179 
 - Best Fitness: 379.3196491061871
 - Best Solution: array([ 0.18285138, -0.39005174,  0.33142668, -0.09133642,  0.01225236,
        0.39604901,  0.00726075, -0.47285364, -0.14086868,  0.27599474,
       -0.02254147, -0.23768584,  0.24145848, -0.53188998, -0.52623219,
       -0.19307205, -0.32709997,  0.40750663,  0.18138268, -0.07207434,
       -0.13031257, -0.24787247,  0.0599032 ,  0.41875939,  0.33152446,
       -0.22244394,  0.40588174, -0.05905537,  0.41088933,  0.12125602,
        0.3992812 ,  0.41891897, -0.20563472,  0.00157702, -0.08260178,
       -0.14096005]) 

Generation: 978 
 - Generation Avg Fit: 217.93040286606413 
 - Best Fitness: 379.3196491061871
 - Best Solution: array([ 0.18285138, -0.39005174,  0.33142668, -0.09133642,  0.01225236,
        0.39604901,  0.00726075, -0.47285364, -0.14086868,  0.27599474,
       -0.02254147, -0.23768584,  0.24145848, -0.53188998, -0.52623219,
       -0.19307205, -0.32709997,  0.40750663,  0.18138268, -0.07207434,
       -0.13031257, -0.24787247,  0.0599032 ,  0.41875939,  0.33152446,
       -0.22244394,  0.40588174, -0.05905537,  0.41088933,  0.12125602,
        0.3992812 ,  0.41891897, -0.20563472,  0.00157702, -0.08260178,
       -0.14096005]) 

Generation: 979 
 - Generation Avg Fit: 216.6295018158162 
 - Best Fitness: 379.3196491061871
 - Best Solution: array([ 0.18285138, -0.39005174,  0.33142668, -0.09133642,  0.01225236,
        0.39604901,  0.00726075, -0.47285364, -0.14086868,  0.27599474,
       -0.02254147, -0.23768584,  0.24145848, -0.53188998, -0.52623219,
       -0.19307205, -0.32709997,  0.40750663,  0.18138268, -0.07207434,
       -0.13031257, -0.24787247,  0.0599032 ,  0.41875939,  0.33152446,
       -0.22244394,  0.40588174, -0.05905537,  0.41088933,  0.12125602,
        0.3992812 ,  0.41891897, -0.20563472,  0.00157702, -0.08260178,
       -0.14096005]) 

Generation: 980 
 - Generation Avg Fit: 204.81586881304412 
 - Best Fitness: 379.3196491061871
 - Best Solution: array([ 0.18285138, -0.39005174,  0.33142668, -0.09133642,  0.01225236,
        0.39604901,  0.00726075, -0.47285364, -0.14086868,  0.27599474,
       -0.02254147, -0.23768584,  0.24145848, -0.53188998, -0.52623219,
       -0.19307205, -0.32709997,  0.40750663,  0.18138268, -0.07207434,
       -0.13031257, -0.24787247,  0.0599032 ,  0.41875939,  0.33152446,
       -0.22244394,  0.40588174, -0.05905537,  0.41088933,  0.12125602,
        0.3992812 ,  0.41891897, -0.20563472,  0.00157702, -0.08260178,
       -0.14096005]) 

Generation: 981 
 - Generation Avg Fit: 210.687143280144 
 - Best Fitness: 379.3196491061871
 - Best Solution: array([ 0.18285138, -0.39005174,  0.33142668, -0.09133642,  0.01225236,
        0.39604901,  0.00726075, -0.47285364, -0.14086868,  0.27599474,
       -0.02254147, -0.23768584,  0.24145848, -0.53188998, -0.52623219,
       -0.19307205, -0.32709997,  0.40750663,  0.18138268, -0.07207434,
       -0.13031257, -0.24787247,  0.0599032 ,  0.41875939,  0.33152446,
       -0.22244394,  0.40588174, -0.05905537,  0.41088933,  0.12125602,
        0.3992812 ,  0.41891897, -0.20563472,  0.00157702, -0.08260178,
       -0.14096005]) 

Generation: 982 
 - Generation Avg Fit: 217.28154357846827 
 - Best Fitness: 379.3196491061871
 - Best Solution: array([ 0.18285138, -0.39005174,  0.33142668, -0.09133642,  0.01225236,
        0.39604901,  0.00726075, -0.47285364, -0.14086868,  0.27599474,
       -0.02254147, -0.23768584,  0.24145848, -0.53188998, -0.52623219,
       -0.19307205, -0.32709997,  0.40750663,  0.18138268, -0.07207434,
       -0.13031257, -0.24787247,  0.0599032 ,  0.41875939,  0.33152446,
       -0.22244394,  0.40588174, -0.05905537,  0.41088933,  0.12125602,
        0.3992812 ,  0.41891897, -0.20563472,  0.00157702, -0.08260178,
       -0.14096005]) 

Generation: 983 
 - Generation Avg Fit: 208.17427983305788 
 - Best Fitness: 379.3196491061871
 - Best Solution: array([ 0.18285138, -0.39005174,  0.33142668, -0.09133642,  0.01225236,
        0.39604901,  0.00726075, -0.47285364, -0.14086868,  0.27599474,
       -0.02254147, -0.23768584,  0.24145848, -0.53188998, -0.52623219,
       -0.19307205, -0.32709997,  0.40750663,  0.18138268, -0.07207434,
       -0.13031257, -0.24787247,  0.0599032 ,  0.41875939,  0.33152446,
       -0.22244394,  0.40588174, -0.05905537,  0.41088933,  0.12125602,
        0.3992812 ,  0.41891897, -0.20563472,  0.00157702, -0.08260178,
       -0.14096005]) 

Generation: 984 
 - Generation Avg Fit: 222.88812098019244 
 - Best Fitness: 379.3196491061871
 - Best Solution: array([ 0.18285138, -0.39005174,  0.33142668, -0.09133642,  0.01225236,
        0.39604901,  0.00726075, -0.47285364, -0.14086868,  0.27599474,
       -0.02254147, -0.23768584,  0.24145848, -0.53188998, -0.52623219,
       -0.19307205, -0.32709997,  0.40750663,  0.18138268, -0.07207434,
       -0.13031257, -0.24787247,  0.0599032 ,  0.41875939,  0.33152446,
       -0.22244394,  0.40588174, -0.05905537,  0.41088933,  0.12125602,
        0.3992812 ,  0.41891897, -0.20563472,  0.00157702, -0.08260178,
       -0.14096005]) 

Generation: 985 
 - Generation Avg Fit: 212.53425197120595 
 - Best Fitness: 379.3196491061871
 - Best Solution: array([ 0.18285138, -0.39005174,  0.33142668, -0.09133642,  0.01225236,
        0.39604901,  0.00726075, -0.47285364, -0.14086868,  0.27599474,
       -0.02254147, -0.23768584,  0.24145848, -0.53188998, -0.52623219,
       -0.19307205, -0.32709997,  0.40750663,  0.18138268, -0.07207434,
       -0.13031257, -0.24787247,  0.0599032 ,  0.41875939,  0.33152446,
       -0.22244394,  0.40588174, -0.05905537,  0.41088933,  0.12125602,
        0.3992812 ,  0.41891897, -0.20563472,  0.00157702, -0.08260178,
       -0.14096005]) 

Generation: 986 
 - Generation Avg Fit: 217.89037661667962 
 - Best Fitness: 379.3196491061871
 - Best Solution: array([ 0.18285138, -0.39005174,  0.33142668, -0.09133642,  0.01225236,
        0.39604901,  0.00726075, -0.47285364, -0.14086868,  0.27599474,
       -0.02254147, -0.23768584,  0.24145848, -0.53188998, -0.52623219,
       -0.19307205, -0.32709997,  0.40750663,  0.18138268, -0.07207434,
       -0.13031257, -0.24787247,  0.0599032 ,  0.41875939,  0.33152446,
       -0.22244394,  0.40588174, -0.05905537,  0.41088933,  0.12125602,
        0.3992812 ,  0.41891897, -0.20563472,  0.00157702, -0.08260178,
       -0.14096005]) 

Generation: 987 
 - Generation Avg Fit: 216.37130347756465 
 - Best Fitness: 379.3196491061871
 - Best Solution: array([ 0.18285138, -0.39005174,  0.33142668, -0.09133642,  0.01225236,
        0.39604901,  0.00726075, -0.47285364, -0.14086868,  0.27599474,
       -0.02254147, -0.23768584,  0.24145848, -0.53188998, -0.52623219,
       -0.19307205, -0.32709997,  0.40750663,  0.18138268, -0.07207434,
       -0.13031257, -0.24787247,  0.0599032 ,  0.41875939,  0.33152446,
       -0.22244394,  0.40588174, -0.05905537,  0.41088933,  0.12125602,
        0.3992812 ,  0.41891897, -0.20563472,  0.00157702, -0.08260178,
       -0.14096005]) 

Generation: 988 
 - Generation Avg Fit: 220.46283094813944 
 - Best Fitness: 397.72165775939465
 - Best Solution: array([ 0.19283423, -0.38250187,  0.34080916, -0.11337548,  0.00499933,
        0.36637143,  0.00726075, -0.4737333 , -0.14487808,  0.27270997,
       -0.01687994, -0.23734413,  0.1878677 , -0.53188998, -0.54202488,
       -0.1680772 , -0.33283493,  0.41687313,  0.18679969, -0.08283204,
       -0.12660015, -0.24787247,  0.06835829,  0.43198692,  0.34486532,
       -0.21964981,  0.41082496, -0.05209472,  0.41088933,  0.14789098,
        0.39155203,  0.41681993, -0.19773918,  0.00157702, -0.10979726,
       -0.15703264]) 

Generation: 989 
 - Generation Avg Fit: 211.03129670623733 
 - Best Fitness: 397.72165775939465
 - Best Solution: array([ 0.18285138, -0.39005174,  0.33142668, -0.09133642,  0.01225236,
        0.39604901,  0.00726075, -0.47285364, -0.14086868,  0.27599474,
       -0.02254147, -0.23768584,  0.24145848, -0.53188998, -0.52623219,
       -0.19307205, -0.32709997,  0.40750663,  0.18138268, -0.07207434,
       -0.13031257, -0.24787247,  0.0599032 ,  0.41875939,  0.33152446,
       -0.22244394,  0.40588174, -0.05905537,  0.41088933,  0.12125602,
        0.3992812 ,  0.41891897, -0.20563472,  0.00157702, -0.08260178,
       -0.14096005]) 

Generation: 990 
 - Generation Avg Fit: 208.56015238701067 
 - Best Fitness: 397.72165775939465
 - Best Solution: array([ 0.19283423, -0.38250187,  0.34080916, -0.11337548,  0.00499933,
        0.36637143,  0.00726075, -0.4737333 , -0.14487808,  0.27270997,
       -0.01687994, -0.23734413,  0.1878677 , -0.53188998, -0.54202488,
       -0.1680772 , -0.33283493,  0.41687313,  0.18679969, -0.08283204,
       -0.12660015, -0.24787247,  0.06835829,  0.43198692,  0.34486532,
       -0.21964981,  0.41082496, -0.05209472,  0.41088933,  0.14789098,
        0.39155203,  0.41681993, -0.19773918,  0.00157702, -0.10979726,
       -0.15703264]) 

Generation: 991 
 - Generation Avg Fit: 212.5797128043326 
 - Best Fitness: 397.72165775939465
 - Best Solution: array([ 0.19283423, -0.38250187,  0.34080916, -0.11337548,  0.00499933,
        0.36637143,  0.00726075, -0.4737333 , -0.14487808,  0.27270997,
       -0.01687994, -0.23734413,  0.1878677 , -0.53188998, -0.54202488,
       -0.1680772 , -0.33283493,  0.41687313,  0.18679969, -0.08283204,
       -0.12660015, -0.24787247,  0.06835829,  0.43198692,  0.34486532,
       -0.21964981,  0.41082496, -0.05209472,  0.41088933,  0.14789098,
        0.39155203,  0.41681993, -0.19773918,  0.00157702, -0.10979726,
       -0.15703264]) 

Generation: 992 
 - Generation Avg Fit: 222.91870632485953 
 - Best Fitness: 397.72165775939465
 - Best Solution: array([ 0.19283423, -0.38250187,  0.34080916, -0.11337548,  0.00499933,
        0.36637143,  0.00726075, -0.4737333 , -0.14487808,  0.27270997,
       -0.01687994, -0.23734413,  0.1878677 , -0.53188998, -0.54202488,
       -0.1680772 , -0.33283493,  0.41687313,  0.18679969, -0.08283204,
       -0.12660015, -0.24787247,  0.06835829,  0.43198692,  0.34486532,
       -0.21964981,  0.41082496, -0.05209472,  0.41088933,  0.14789098,
        0.39155203,  0.41681993, -0.19773918,  0.00157702, -0.10979726,
       -0.15703264]) 

Generation: 993 
 - Generation Avg Fit: 210.37946619583042 
 - Best Fitness: 397.72165775939465
 - Best Solution: array([ 0.19283423, -0.38250187,  0.34080916, -0.11337548,  0.00499933,
        0.36637143,  0.00726075, -0.4737333 , -0.14487808,  0.27270997,
       -0.01687994, -0.23734413,  0.1878677 , -0.53188998, -0.54202488,
       -0.1680772 , -0.33283493,  0.41687313,  0.18679969, -0.08283204,
       -0.12660015, -0.24787247,  0.06835829,  0.43198692,  0.34486532,
       -0.21964981,  0.41082496, -0.05209472,  0.41088933,  0.14789098,
        0.39155203,  0.41681993, -0.19773918,  0.00157702, -0.10979726,
       -0.15703264]) 

Generation: 994 
 - Generation Avg Fit: 215.802425255344 
 - Best Fitness: 397.72165775939465
 - Best Solution: array([ 0.19283423, -0.38250187,  0.34080916, -0.11337548,  0.00499933,
        0.36637143,  0.00726075, -0.4737333 , -0.14487808,  0.27270997,
       -0.01687994, -0.23734413,  0.1878677 , -0.53188998, -0.54202488,
       -0.1680772 , -0.33283493,  0.41687313,  0.18679969, -0.08283204,
       -0.12660015, -0.24787247,  0.06835829,  0.43198692,  0.34486532,
       -0.21964981,  0.41082496, -0.05209472,  0.41088933,  0.14789098,
        0.39155203,  0.41681993, -0.19773918,  0.00157702, -0.10979726,
       -0.15703264]) 

Generation: 995 
 - Generation Avg Fit: 219.58305180516015 
 - Best Fitness: 397.72165775939465
 - Best Solution: array([ 0.19283423, -0.38250187,  0.34080916, -0.11337548,  0.00499933,
        0.36637143,  0.00726075, -0.4737333 , -0.14487808,  0.27270997,
       -0.01687994, -0.23734413,  0.1878677 , -0.53188998, -0.54202488,
       -0.1680772 , -0.33283493,  0.41687313,  0.18679969, -0.08283204,
       -0.12660015, -0.24787247,  0.06835829,  0.43198692,  0.34486532,
       -0.21964981,  0.41082496, -0.05209472,  0.41088933,  0.14789098,
        0.39155203,  0.41681993, -0.19773918,  0.00157702, -0.10979726,
       -0.15703264]) 

Generation: 996 
 - Generation Avg Fit: 215.79741349491292 
 - Best Fitness: 397.72165775939465
 - Best Solution: array([ 0.19283423, -0.38250187,  0.34080916, -0.11337548,  0.00499933,
        0.36637143,  0.00726075, -0.4737333 , -0.14487808,  0.27270997,
       -0.01687994, -0.23734413,  0.1878677 , -0.53188998, -0.54202488,
       -0.1680772 , -0.33283493,  0.41687313,  0.18679969, -0.08283204,
       -0.12660015, -0.24787247,  0.06835829,  0.43198692,  0.34486532,
       -0.21964981,  0.41082496, -0.05209472,  0.41088933,  0.14789098,
        0.39155203,  0.41681993, -0.19773918,  0.00157702, -0.10979726,
       -0.15703264]) 

Generation: 997 
 - Generation Avg Fit: 232.91735349041167 
 - Best Fitness: 397.72165775939465
 - Best Solution: array([ 0.19283423, -0.38250187,  0.34080916, -0.11337548,  0.00499933,
        0.36637143,  0.00726075, -0.4737333 , -0.14487808,  0.27270997,
       -0.01687994, -0.23734413,  0.1878677 , -0.53188998, -0.54202488,
       -0.1680772 , -0.33283493,  0.41687313,  0.18679969, -0.08283204,
       -0.12660015, -0.24787247,  0.06835829,  0.43198692,  0.34486532,
       -0.21964981,  0.41082496, -0.05209472,  0.41088933,  0.14789098,
        0.39155203,  0.41681993, -0.19773918,  0.00157702, -0.10979726,
       -0.15703264]) 

Generation: 998 
 - Generation Avg Fit: 211.35507350978068 
 - Best Fitness: 397.72165775939465
 - Best Solution: array([ 0.19283423, -0.38250187,  0.34080916, -0.11337548,  0.00499933,
        0.36637143,  0.00726075, -0.4737333 , -0.14487808,  0.27270997,
       -0.01687994, -0.23734413,  0.1878677 , -0.53188998, -0.54202488,
       -0.1680772 , -0.33283493,  0.41687313,  0.18679969, -0.08283204,
       -0.12660015, -0.24787247,  0.06835829,  0.43198692,  0.34486532,
       -0.21964981,  0.41082496, -0.05209472,  0.41088933,  0.14789098,
        0.39155203,  0.41681993, -0.19773918,  0.00157702, -0.10979726,
       -0.15703264]) 

Generation: 999 
 - Generation Avg Fit: 202.73427479710844 
 - Best Fitness: 401.4146167412743
 - Best Solution: array([ 0.20072699, -0.38763581,  0.3466499 , -0.03000257,  0.00083204,
        0.38431687,  0.00276372, -0.42941266, -0.148796  ,  0.26728627,
       -0.02432611, -0.24420628, -0.29593883, -0.54639046, -0.06549168,
       -0.18468376, -0.31624058, -0.25137023,  0.19065808, -0.29334711,
       -0.13922868, -0.24072533,  0.06791043,  0.41295824,  0.30073877,
       -0.21189688,  0.43325883, -0.07794686,  0.41089183,  0.13912207,
        0.37862832, -0.43072851, -0.16678915, -0.00286882, -0.10988312,
       -0.00446144]) 

Generation: 1000 
 - Generation Avg Fit: 214.44712320159098 
 - Best Fitness: 401.4146167412743
 - Best Solution: array([ 0.19283423, -0.38250187,  0.34080916, -0.11337548,  0.00499933,
        0.36637143,  0.00726075, -0.4737333 , -0.14487808,  0.27270997,
       -0.01687994, -0.23734413,  0.1878677 , -0.53188998, -0.54202488,
       -0.1680772 , -0.33283493,  0.41687313,  0.18679969, -0.08283204,
       -0.12660015, -0.24787247,  0.06835829,  0.43198692,  0.34486532,
       -0.21964981,  0.41082496, -0.05209472,  0.41088933,  0.14789098,
        0.39155203,  0.41681993, -0.19773918,  0.00157702, -0.10979726,
       -0.15703264]) 
