
-------------------------------------------------------------------------------------------------------
                                --- Method Parameters ---                                            
-------------------------------------------------------------------------------------------------------

method: PyGAD, entity: hydrostat_reservoir, volume: 40, sim_duration: 500, dt: 0.05, 
fitness_func: pygad_fitness, pop_size: 200, gen_size: 100, weight_search: 0.5, 

-------------------------------------------------------------------------------------------------------
                                --- Pygad  Parameters ---                                            
-------------------------------------------------------------------------------------------------------

parent_selection_type: rank, parents mating: 100, keep parents: 100, crossover type: uniform, 
mutation type: random, mutation prob: 0.5, mutation_max_val: 0.01, mutation_min_val: -0.01, 

=======================================================================================================


Generation: 1 
 - Generation Avg Fit: 134.1789313923269 
 - Best Fitness: 2935.808425439807 
 - Worst Fitness: 0.0
 - Best Solution: array([0., 0., 0., 0., 0., 0., 0., 0., 0., 0., 0., 0., 0., 0., 0., 0., 0.,
       0., 0., 0., 0., 0., 0., 0., 0., 0., 0., 0., 0., 0., 0., 0., 0., 0.,
       0., 0., 0., 0., 0., 0., 0., 0., 0., 0., 0., 0., 0., 0., 0., 0., 0.,
       0., 0., 0., 0., 0., 0., 0., 0., 0., 0., 0., 0., 0.]) 

Generation: 2 
 - Generation Avg Fit: 169.36096468986085 
 - Best Fitness: 2935.808425439807 
 - Worst Fitness: 0.0
 - Best Solution: array([ 0.28001987,  0.45416646,  0.06136021, -0.26461509,  0.20999714,
       -0.12179542,  0.17732123, -0.16038811, -0.05135727, -0.42708837,
       -0.03942911, -0.15840897, -0.01465186,  0.36371279,  0.09932655,
        0.28112813, -0.06175612,  0.39915231, -0.07615588, -0.32333502,
        0.1266166 ,  0.26379271,  0.31789849, -0.34412078,  0.16770482,
       -0.06041125,  0.46289287, -0.36214536,  0.09667643,  0.29988901,
        0.12272208,  0.33315351, -0.20101063,  0.41214643,  0.06632845,
       -0.49092891, -0.3523005 ,  0.48415779,  0.12057992,  0.10576883,
        0.28332463, -0.35239101,  0.49128768, -0.1190186 ,  0.19925493,
       -0.29285353,  0.28897302, -0.24599063, -0.11962124, -0.27228716,
       -0.07598328,  0.02193697,  0.26082873, -0.0882086 , -0.20270391,
       -0.04145808, -0.43798542,  0.0197629 ,  0.09922651, -0.05033378,
       -0.01955168, -0.49248599, -0.21994856, -0.32629637]) 

Generation: 3 
 - Generation Avg Fit: 253.905347948014 
 - Best Fitness: 2935.808425439807 
 - Worst Fitness: 0.0
 - Best Solution: array([ 0.28001987,  0.45416646,  0.06136021, -0.26461509,  0.20999714,
       -0.12179542,  0.17732123, -0.16038811, -0.05135727, -0.42708837,
       -0.03942911, -0.15840897, -0.01465186,  0.36371279,  0.09932655,
        0.28112813, -0.06175612,  0.39915231, -0.07615588, -0.32333502,
        0.1266166 ,  0.26379271,  0.31789849, -0.34412078,  0.16770482,
       -0.06041125,  0.46289287, -0.36214536,  0.09667643,  0.29988901,
        0.12272208,  0.33315351, -0.20101063,  0.41214643,  0.06632845,
       -0.49092891, -0.3523005 ,  0.48415779,  0.12057992,  0.10576883,
        0.28332463, -0.35239101,  0.49128768, -0.1190186 ,  0.19925493,
       -0.29285353,  0.28897302, -0.24599063, -0.11962124, -0.27228716,
       -0.07598328,  0.02193697,  0.26082873, -0.0882086 , -0.20270391,
       -0.04145808, -0.43798542,  0.0197629 ,  0.09922651, -0.05033378,
       -0.01955168, -0.49248599, -0.21994856, -0.32629637]) 

Generation: 4 
 - Generation Avg Fit: 337.5974012290579 
 - Best Fitness: 2935.808425439807 
 - Worst Fitness: 0.0
 - Best Solution: array([ 0.28001987,  0.45416646,  0.06136021, -0.26461509,  0.20999714,
       -0.12179542,  0.17732123, -0.16038811, -0.05135727, -0.42708837,
       -0.03942911, -0.15840897, -0.01465186,  0.36371279,  0.09932655,
        0.28112813, -0.06175612,  0.39915231, -0.07615588, -0.32333502,
        0.1266166 ,  0.26379271,  0.31789849, -0.34412078,  0.16770482,
       -0.06041125,  0.46289287, -0.36214536,  0.09667643,  0.29988901,
        0.12272208,  0.33315351, -0.20101063,  0.41214643,  0.06632845,
       -0.49092891, -0.3523005 ,  0.48415779,  0.12057992,  0.10576883,
        0.28332463, -0.35239101,  0.49128768, -0.1190186 ,  0.19925493,
       -0.29285353,  0.28897302, -0.24599063, -0.11962124, -0.27228716,
       -0.07598328,  0.02193697,  0.26082873, -0.0882086 , -0.20270391,
       -0.04145808, -0.43798542,  0.0197629 ,  0.09922651, -0.05033378,
       -0.01955168, -0.49248599, -0.21994856, -0.32629637]) 

Generation: 5 
 - Generation Avg Fit: 461.85758236278053 
 - Best Fitness: 2935.808425439807 
 - Worst Fitness: 0.0
 - Best Solution: array([ 0.28001987,  0.45416646,  0.06136021, -0.26461509,  0.20999714,
       -0.12179542,  0.17732123, -0.16038811, -0.05135727, -0.42708837,
       -0.03942911, -0.15840897, -0.01465186,  0.36371279,  0.09932655,
        0.28112813, -0.06175612,  0.39915231, -0.07615588, -0.32333502,
        0.1266166 ,  0.26379271,  0.31789849, -0.34412078,  0.16770482,
       -0.06041125,  0.46289287, -0.36214536,  0.09667643,  0.29988901,
        0.12272208,  0.33315351, -0.20101063,  0.41214643,  0.06632845,
       -0.49092891, -0.3523005 ,  0.48415779,  0.12057992,  0.10576883,
        0.28332463, -0.35239101,  0.49128768, -0.1190186 ,  0.19925493,
       -0.29285353,  0.28897302, -0.24599063, -0.11962124, -0.27228716,
       -0.07598328,  0.02193697,  0.26082873, -0.0882086 , -0.20270391,
       -0.04145808, -0.43798542,  0.0197629 ,  0.09922651, -0.05033378,
       -0.01955168, -0.49248599, -0.21994856, -0.32629637]) 

Generation: 6 
 - Generation Avg Fit: 579.3252099765417 
 - Best Fitness: 2935.808425439807 
 - Worst Fitness: 0.0
 - Best Solution: array([ 0.28001987,  0.45416646,  0.06136021, -0.26461509,  0.20999714,
       -0.12179542,  0.17732123, -0.16038811, -0.05135727, -0.42708837,
       -0.03942911, -0.15840897, -0.01465186,  0.36371279,  0.09932655,
        0.28112813, -0.06175612,  0.39915231, -0.07615588, -0.32333502,
        0.1266166 ,  0.26379271,  0.31789849, -0.34412078,  0.16770482,
       -0.06041125,  0.46289287, -0.36214536,  0.09667643,  0.29988901,
        0.12272208,  0.33315351, -0.20101063,  0.41214643,  0.06632845,
       -0.49092891, -0.3523005 ,  0.48415779,  0.12057992,  0.10576883,
        0.28332463, -0.35239101,  0.49128768, -0.1190186 ,  0.19925493,
       -0.29285353,  0.28897302, -0.24599063, -0.11962124, -0.27228716,
       -0.07598328,  0.02193697,  0.26082873, -0.0882086 , -0.20270391,
       -0.04145808, -0.43798542,  0.0197629 ,  0.09922651, -0.05033378,
       -0.01955168, -0.49248599, -0.21994856, -0.32629637]) 

Generation: 7 
 - Generation Avg Fit: 669.1134909164397 
 - Best Fitness: 2935.808425439807 
 - Worst Fitness: 0.0
 - Best Solution: array([ 0.28001987,  0.45416646,  0.06136021, -0.26461509,  0.20999714,
       -0.12179542,  0.17732123, -0.16038811, -0.05135727, -0.42708837,
       -0.03942911, -0.15840897, -0.01465186,  0.36371279,  0.09932655,
        0.28112813, -0.06175612,  0.39915231, -0.07615588, -0.32333502,
        0.1266166 ,  0.26379271,  0.31789849, -0.34412078,  0.16770482,
       -0.06041125,  0.46289287, -0.36214536,  0.09667643,  0.29988901,
        0.12272208,  0.33315351, -0.20101063,  0.41214643,  0.06632845,
       -0.49092891, -0.3523005 ,  0.48415779,  0.12057992,  0.10576883,
        0.28332463, -0.35239101,  0.49128768, -0.1190186 ,  0.19925493,
       -0.29285353,  0.28897302, -0.24599063, -0.11962124, -0.27228716,
       -0.07598328,  0.02193697,  0.26082873, -0.0882086 , -0.20270391,
       -0.04145808, -0.43798542,  0.0197629 ,  0.09922651, -0.05033378,
       -0.01955168, -0.49248599, -0.21994856, -0.32629637]) 

Generation: 8 
 - Generation Avg Fit: 747.1245857700486 
 - Best Fitness: 2935.808425439807 
 - Worst Fitness: 0.0
 - Best Solution: array([ 0.28001987,  0.45416646,  0.06136021, -0.26461509,  0.20999714,
       -0.12179542,  0.17732123, -0.16038811, -0.05135727, -0.42708837,
       -0.03942911, -0.15840897, -0.01465186,  0.36371279,  0.09932655,
        0.28112813, -0.06175612,  0.39915231, -0.07615588, -0.32333502,
        0.1266166 ,  0.26379271,  0.31789849, -0.34412078,  0.16770482,
       -0.06041125,  0.46289287, -0.36214536,  0.09667643,  0.29988901,
        0.12272208,  0.33315351, -0.20101063,  0.41214643,  0.06632845,
       -0.49092891, -0.3523005 ,  0.48415779,  0.12057992,  0.10576883,
        0.28332463, -0.35239101,  0.49128768, -0.1190186 ,  0.19925493,
       -0.29285353,  0.28897302, -0.24599063, -0.11962124, -0.27228716,
       -0.07598328,  0.02193697,  0.26082873, -0.0882086 , -0.20270391,
       -0.04145808, -0.43798542,  0.0197629 ,  0.09922651, -0.05033378,
       -0.01955168, -0.49248599, -0.21994856, -0.32629637]) 

Generation: 9 
 - Generation Avg Fit: 851.2769477872877 
 - Best Fitness: 3073.780363026445 
 - Worst Fitness: 0.0
 - Best Solution: array([ 0.06898043, -0.10406324,  0.318127  , -0.21393206, -0.28621624,
        0.41375848,  0.37389283, -0.07067018, -0.04880417, -0.28460386,
        0.25901279, -0.13248135, -0.0115737 , -0.35364489,  0.09819938,
       -0.0197876 ,  0.10917551,  0.16967699,  0.40560048,  0.34826601,
       -0.27189718,  0.4873004 , -0.35318685,  0.43801232, -0.24694435,
        0.19372063,  0.1815764 ,  0.27646594,  0.01089154, -0.20028533,
       -0.4228998 , -0.1240887 ,  0.21767406,  0.26135194,  0.38808428,
       -0.22942871,  0.37334862,  0.271557  ,  0.45757541, -0.07513583,
        0.25279474,  0.29380732,  0.330418  ,  0.23648323, -0.30538339,
        0.15546928, -0.06636929,  0.10669388, -0.02136117, -0.16121132,
        0.44212354,  0.448374  ,  0.22030983, -0.34899615, -0.44270833,
        0.42000849,  0.04709103,  0.13187139,  0.37911492, -0.0775316 ,
       -0.26561822, -0.32696039, -0.43466235, -0.28397802]) 

Generation: 10 
 - Generation Avg Fit: 936.2989992081057 
 - Best Fitness: 3073.780363026445 
 - Worst Fitness: 0.0
 - Best Solution: array([ 0.28001987,  0.45416646,  0.06136021, -0.26461509,  0.20999714,
       -0.12179542,  0.17732123, -0.16038811, -0.05135727, -0.42708837,
       -0.03942911, -0.15840897, -0.01465186,  0.36371279,  0.09932655,
        0.28112813, -0.06175612,  0.39915231, -0.07615588, -0.32333502,
        0.1266166 ,  0.26379271,  0.31789849, -0.34412078,  0.16770482,
       -0.06041125,  0.46289287, -0.36214536,  0.09667643,  0.29988901,
        0.12272208,  0.33315351, -0.20101063,  0.41214643,  0.06632845,
       -0.49092891, -0.3523005 ,  0.48415779,  0.12057992,  0.10576883,
        0.28332463, -0.35239101,  0.49128768, -0.1190186 ,  0.19925493,
       -0.29285353,  0.28897302, -0.24599063, -0.11962124, -0.27228716,
       -0.07598328,  0.02193697,  0.26082873, -0.0882086 , -0.20270391,
       -0.04145808, -0.43798542,  0.0197629 ,  0.09922651, -0.05033378,
       -0.01955168, -0.49248599, -0.21994856, -0.32629637]) 

Generation: 11 
 - Generation Avg Fit: 1028.5481999651156 
 - Best Fitness: 3073.780363026445 
 - Worst Fitness: 0.0
 - Best Solution: array([ 0.06898043, -0.10406324,  0.318127  , -0.21393206, -0.28621624,
        0.41375848,  0.37389283, -0.07067018, -0.04880417, -0.28460386,
        0.25901279, -0.13248135, -0.0115737 , -0.35364489,  0.09819938,
       -0.0197876 ,  0.10917551,  0.16967699,  0.40560048,  0.34826601,
       -0.27189718,  0.4873004 , -0.35318685,  0.43801232, -0.24694435,
        0.19372063,  0.1815764 ,  0.27646594,  0.01089154, -0.20028533,
       -0.4228998 , -0.1240887 ,  0.21767406,  0.26135194,  0.38808428,
       -0.22942871,  0.37334862,  0.271557  ,  0.45757541, -0.07513583,
        0.25279474,  0.29380732,  0.330418  ,  0.23648323, -0.30538339,
        0.15546928, -0.06636929,  0.10669388, -0.02136117, -0.16121132,
        0.44212354,  0.448374  ,  0.22030983, -0.34899615, -0.44270833,
        0.42000849,  0.04709103,  0.13187139,  0.37911492, -0.0775316 ,
       -0.26561822, -0.32696039, -0.43466235, -0.28397802]) 

Generation: 12 
 - Generation Avg Fit: 1049.9548899242684 
 - Best Fitness: 3073.780363026445 
 - Worst Fitness: 0.0
 - Best Solution: array([ 0.06898043, -0.10406324,  0.318127  , -0.21393206, -0.28621624,
        0.41375848,  0.37389283, -0.07067018, -0.04880417, -0.28460386,
        0.25901279, -0.13248135, -0.0115737 , -0.35364489,  0.09819938,
       -0.0197876 ,  0.10917551,  0.16967699,  0.40560048,  0.34826601,
       -0.27189718,  0.4873004 , -0.35318685,  0.43801232, -0.24694435,
        0.19372063,  0.1815764 ,  0.27646594,  0.01089154, -0.20028533,
       -0.4228998 , -0.1240887 ,  0.21767406,  0.26135194,  0.38808428,
       -0.22942871,  0.37334862,  0.271557  ,  0.45757541, -0.07513583,
        0.25279474,  0.29380732,  0.330418  ,  0.23648323, -0.30538339,
        0.15546928, -0.06636929,  0.10669388, -0.02136117, -0.16121132,
        0.44212354,  0.448374  ,  0.22030983, -0.34899615, -0.44270833,
        0.42000849,  0.04709103,  0.13187139,  0.37911492, -0.0775316 ,
       -0.26561822, -0.32696039, -0.43466235, -0.28397802]) 

Generation: 13 
 - Generation Avg Fit: 1108.3426053003684 
 - Best Fitness: 3073.780363026445 
 - Worst Fitness: 0.0
 - Best Solution: array([ 0.06898043, -0.10406324,  0.318127  , -0.21393206, -0.28621624,
        0.41375848,  0.37389283, -0.07067018, -0.04880417, -0.28460386,
        0.25901279, -0.13248135, -0.0115737 , -0.35364489,  0.09819938,
       -0.0197876 ,  0.10917551,  0.16967699,  0.40560048,  0.34826601,
       -0.27189718,  0.4873004 , -0.35318685,  0.43801232, -0.24694435,
        0.19372063,  0.1815764 ,  0.27646594,  0.01089154, -0.20028533,
       -0.4228998 , -0.1240887 ,  0.21767406,  0.26135194,  0.38808428,
       -0.22942871,  0.37334862,  0.271557  ,  0.45757541, -0.07513583,
        0.25279474,  0.29380732,  0.330418  ,  0.23648323, -0.30538339,
        0.15546928, -0.06636929,  0.10669388, -0.02136117, -0.16121132,
        0.44212354,  0.448374  ,  0.22030983, -0.34899615, -0.44270833,
        0.42000849,  0.04709103,  0.13187139,  0.37911492, -0.0775316 ,
       -0.26561822, -0.32696039, -0.43466235, -0.28397802]) 

Generation: 14 
 - Generation Avg Fit: 1214.6993956943052 
 - Best Fitness: 3073.780363026445 
 - Worst Fitness: 0.0
 - Best Solution: array([ 0.06898043, -0.10406324,  0.318127  , -0.21393206, -0.28621624,
        0.41375848,  0.37389283, -0.07067018, -0.04880417, -0.28460386,
        0.25901279, -0.13248135, -0.0115737 , -0.35364489,  0.09819938,
       -0.0197876 ,  0.10917551,  0.16967699,  0.40560048,  0.34826601,
       -0.27189718,  0.4873004 , -0.35318685,  0.43801232, -0.24694435,
        0.19372063,  0.1815764 ,  0.27646594,  0.01089154, -0.20028533,
       -0.4228998 , -0.1240887 ,  0.21767406,  0.26135194,  0.38808428,
       -0.22942871,  0.37334862,  0.271557  ,  0.45757541, -0.07513583,
        0.25279474,  0.29380732,  0.330418  ,  0.23648323, -0.30538339,
        0.15546928, -0.06636929,  0.10669388, -0.02136117, -0.16121132,
        0.44212354,  0.448374  ,  0.22030983, -0.34899615, -0.44270833,
        0.42000849,  0.04709103,  0.13187139,  0.37911492, -0.0775316 ,
       -0.26561822, -0.32696039, -0.43466235, -0.28397802]) 

Generation: 15 
 - Generation Avg Fit: 1261.2583422848966 
 - Best Fitness: 3073.780363026445 
 - Worst Fitness: 0.0
 - Best Solution: array([ 0.06898043, -0.10406324,  0.318127  , -0.21393206, -0.28621624,
        0.41375848,  0.37389283, -0.07067018, -0.04880417, -0.28460386,
        0.25901279, -0.13248135, -0.0115737 , -0.35364489,  0.09819938,
       -0.0197876 ,  0.10917551,  0.16967699,  0.40560048,  0.34826601,
       -0.27189718,  0.4873004 , -0.35318685,  0.43801232, -0.24694435,
        0.19372063,  0.1815764 ,  0.27646594,  0.01089154, -0.20028533,
       -0.4228998 , -0.1240887 ,  0.21767406,  0.26135194,  0.38808428,
       -0.22942871,  0.37334862,  0.271557  ,  0.45757541, -0.07513583,
        0.25279474,  0.29380732,  0.330418  ,  0.23648323, -0.30538339,
        0.15546928, -0.06636929,  0.10669388, -0.02136117, -0.16121132,
        0.44212354,  0.448374  ,  0.22030983, -0.34899615, -0.44270833,
        0.42000849,  0.04709103,  0.13187139,  0.37911492, -0.0775316 ,
       -0.26561822, -0.32696039, -0.43466235, -0.28397802]) 

Generation: 16 
 - Generation Avg Fit: 1356.7808017238206 
 - Best Fitness: 3163.1488076165497 
 - Worst Fitness: 0.0
 - Best Solution: array([ 0.48883768,  0.20440198,  0.39557189, -0.08986471,  0.3952118 ,
        0.18177479,  0.36983569,  0.363377  , -0.31022241,  0.3159315 ,
        0.25833496,  0.47138232,  0.06275629, -0.35122812, -0.49326138,
        0.05601834,  0.33690002, -0.0542638 ,  0.40057157, -0.04645436,
        0.14977055, -0.09942945, -0.38012126, -0.02907433,  0.383491  ,
        0.06009564,  0.50860391,  0.23888915,  0.00181686, -0.07091273,
       -0.29186006,  0.21821172,  0.21297563, -0.43783454,  0.30340304,
       -0.23722566, -0.38968712, -0.25006005,  0.44150948,  0.33886466,
        0.37433521,  0.2738723 , -0.08583303, -0.06119182,  0.04037062,
        0.35889054, -0.47642874,  0.36845407, -0.01436428, -0.20192763,
        0.31056193, -0.31077421, -0.00230559, -0.01846288,  0.05278561,
       -0.14601088, -0.4749561 ,  0.02966859,  0.47701183,  0.25335826,
       -0.2549397 ,  0.37958941, -0.4528999 , -0.2437263 ]) 

Generation: 17 
 - Generation Avg Fit: 1407.838926013225 
 - Best Fitness: 3163.1488076165497 
 - Worst Fitness: 0.0
 - Best Solution: array([ 0.06898043, -0.10406324,  0.318127  , -0.21393206, -0.28621624,
        0.41375848,  0.37389283, -0.07067018, -0.04880417, -0.28460386,
        0.25901279, -0.13248135, -0.0115737 , -0.35364489,  0.09819938,
       -0.0197876 ,  0.10917551,  0.16967699,  0.40560048,  0.34826601,
       -0.27189718,  0.4873004 , -0.35318685,  0.43801232, -0.24694435,
        0.19372063,  0.1815764 ,  0.27646594,  0.01089154, -0.20028533,
       -0.4228998 , -0.1240887 ,  0.21767406,  0.26135194,  0.38808428,
       -0.22942871,  0.37334862,  0.271557  ,  0.45757541, -0.07513583,
        0.25279474,  0.29380732,  0.330418  ,  0.23648323, -0.30538339,
        0.15546928, -0.06636929,  0.10669388, -0.02136117, -0.16121132,
        0.44212354,  0.448374  ,  0.22030983, -0.34899615, -0.44270833,
        0.42000849,  0.04709103,  0.13187139,  0.37911492, -0.0775316 ,
       -0.26561822, -0.32696039, -0.43466235, -0.28397802]) 

Generation: 18 
 - Generation Avg Fit: 1516.3735411513178 
 - Best Fitness: 3314.4622850176556 
 - Worst Fitness: 0.0
 - Best Solution: array([ 0.12888051, -0.09955366,  0.44271525, -0.22200548,  0.39222202,
        0.18234442,  0.37705622,  0.18617422, -0.07489388,  0.32339384,
        0.25740662,  0.47914458,  0.06656426, -0.19313635,  0.01593944,
       -0.07038515,  0.30609974, -0.2544875 ,  0.39853597,  0.03247655,
        0.4365289 ,  0.14184516,  0.10965556, -0.02759622, -0.10860128,
        0.04366802,  0.29829362,  0.24475966,  0.03492426,  0.14021375,
       -0.420454  , -0.11224632,  0.19481805,  0.26497204,  0.0557437 ,
       -0.23686595, -0.12355925,  0.01341532,  0.12194009, -0.09343384,
       -0.32878002,  0.36847398,  0.34637145,  0.26554378, -0.3516444 ,
        0.36790041,  0.21507346,  0.36737642,  0.33439315, -0.2800909 ,
        0.30146766, -0.30786919,  0.11016457, -0.34273688, -0.15503218,
       -0.15262407,  0.30479644,  0.02616434, -0.02063026, -0.49483186,
       -0.35981995, -0.48629295, -0.46993544,  0.14301691]) 

Generation: 19 
 - Generation Avg Fit: 1632.7374394091332 
 - Best Fitness: 3366.6444954884446 
 - Worst Fitness: 0.0
 - Best Solution: array([ 0.3180788 ,  0.20551076,  0.40237297, -0.24451687,  0.39219843,
        0.41595398,  0.12631577,  0.45213886, -0.12638635,  0.30952431,
        0.25133492, -0.11345101,  0.05788352, -0.17453968, -0.44073858,
        0.05781809,  0.33994473, -0.18511424,  0.39849636,  0.17245069,
       -0.26222951, -0.09942945, -0.38541712,  0.2950986 ,  0.24693327,
        0.04505148,  0.4934358 , -0.15254825, -0.38276338, -0.17523753,
       -0.41941808, -0.13180959, -0.44245542,  0.24260383,  0.26054573,
       -0.23270006, -0.11546822, -0.23948091,  0.45873386,  0.21099303,
        0.38462435, -0.02997763,  0.34889737,  0.29475812,  0.03996056,
        0.29656218,  0.37201996,  0.37433401, -0.03699059, -0.17950177,
        0.2964306 , -0.31149105,  0.11153901, -0.03088935, -0.44702626,
       -0.14063329, -0.11340868,  0.15099066,  0.00088936,  0.24436719,
       -0.27153499, -0.28271977, -0.44660592, -0.24055469]) 

Generation: 20 
 - Generation Avg Fit: 1690.827775654033 
 - Best Fitness: 3696.269182048222 
 - Worst Fitness: 0.0
 - Best Solution: array([ 0.12824879, -0.45748931,  0.45323183, -0.03381489, -0.28621624,
       -0.21437424,  0.1307053 ,  0.25949884, -0.08146219,  0.41445158,
        0.26120681, -0.12506515,  0.06336401, -0.36371976,  0.31386991,
        0.04390267,  0.29369802, -0.26722487,  0.07788472, -0.29901187,
       -0.24177217,  0.15511916, -0.37923626,  0.33235907, -0.25045065,
        0.42865465,  0.13559722, -0.16929735,  0.07494129,  0.13776126,
       -0.43024759, -0.13803608,  0.20328354,  0.26140095,  0.17016713,
       -0.23881691,  0.34980335, -0.2283784 ,  0.44940444,  0.23036106,
        0.38671726,  0.4213175 ,  0.32832851, -0.16849417, -0.34570151,
        0.31160404, -0.1759183 ,  0.1059554 , -0.01404234, -0.16916641,
        0.31256292, -0.30850453,  0.09480454, -0.21340028,  0.20771185,
        0.0703413 , -0.10501628, -0.36205563,  0.26683619, -0.19583622,
       -0.02053502, -0.26245261, -0.44762945, -0.08760631]) 

Generation: 21 
 - Generation Avg Fit: 1629.5042293583645 
 - Best Fitness: 3819.4982136000394 
 - Worst Fitness: 0.0
 - Best Solution: array([ 0.28001987, -0.01353428,  0.39908322, -0.41068258, -0.06190653,
        0.43706698,  0.36907079,  0.13208743, -0.0759349 ,  0.32551151,
        0.25333908, -0.11257128,  0.07192321, -0.35719129,  0.09932655,
       -0.06374001, -0.0715321 ,  0.38577698,  0.40257716, -0.32073723,
        0.13040951,  0.2726102 , -0.38118119, -0.03678527,  0.17327966,
       -0.21550236,  0.04049884,  0.25415506,  0.01771867,  0.13322774,
       -0.43079433, -0.14357543, -0.43663627,  0.25962561,  0.0423219 ,
       -0.49127898,  0.35261932, -0.22864826,  0.44886439,  0.20267174,
        0.2652837 ,  0.36494599,  0.20312664,  0.05554852,  0.20909371,
        0.36389724, -0.18655378,  0.37963434, -0.01059267, -0.26325087,
        0.31369133, -0.31107129,  0.16797032, -0.08509337, -0.16907156,
       -0.16782693, -0.43581686,  0.11920875,  0.00807667, -0.05033378,
       -0.2479543 , -0.28468865, -0.21994856, -0.32629637]) 

Generation: 22 
 - Generation Avg Fit: 1857.2623340568796 
 - Best Fitness: 3819.4982136000394 
 - Worst Fitness: 0.0
 - Best Solution: array([ 0.49562095,  0.21489342,  0.38716454, -0.20195932,  0.38044374,
        0.41192188,  0.14167805,  0.16142707, -0.07369531,  0.31959038,
        0.26311259, -0.4985924 ,  0.0760673 , -0.35943832,  0.32432962,
        0.05471971,  0.34227029,  0.16942641,  0.39240367,  0.03786821,
       -0.23747349, -0.09207206, -0.38491297, -0.03126273, -0.1244001 ,
       -0.03780737,  0.48920016,  0.23261435,  0.00965727,  0.15566504,
       -0.420454  ,  0.02720996,  0.22133687,  0.24870889,  0.00587033,
       -0.32973771, -0.12136572, -0.31481855,  0.44109361, -0.11775877,
        0.37161744,  0.28362469, -0.09264392,  0.05381411,  0.04160052,
        0.35766965,  0.21457768,  0.38107741,  0.33731562, -0.1669896 ,
        0.3053583 , -0.3029886 ,  0.15649314, -0.03044021, -0.16413762,
       -0.1666801 , -0.46886153, -0.27392112, -0.11688517, -0.19053618,
       -0.34406138,  0.38962494, -0.01393861, -0.25003674]) 

Generation: 23 
 - Generation Avg Fit: 2052.1571916443872 
 - Best Fitness: 4177.3437873070125 
 - Worst Fitness: 0.0
 - Best Solution: array([ 0.49562095,  0.21332563,  0.39141479, -0.2029826 , -0.07484999,
       -0.09281364,  0.14220839,  0.16142707, -0.07704489,  0.32218944,
        0.26311259, -0.1073325 ,  0.08429655,  0.37409003,  0.09739029,
       -0.06160072,  0.34227029,  0.38932715,  0.39877309, -0.34461529,
       -0.24060354, -0.08452277, -0.37637867, -0.03126273, -0.11074191,
       -0.04355072,  0.48920016,  0.23726436,  0.02067112,  0.30043214,
       -0.43002919,  0.02720996,  0.21656225,  0.24870889,  0.29628599,
       -0.33589224, -0.11390954, -0.23533568,  0.43489257,  0.20179295,
        0.36546319,  0.28642124, -0.10011729, -0.06752128,  0.0386961 ,
        0.35766965,  0.20907202,  0.38107741, -0.02136117, -0.1669896 ,
        0.45593815, -0.305138  ,  0.16189535, -0.02246023, -0.17378848,
       -0.16318176,  0.29517736, -0.36684735,  0.00374344, -0.19519284,
       -0.25858553,  0.38962494, -0.45373394, -0.25003674]) 

Generation: 24 
 - Generation Avg Fit: 2022.8393649911457 
 - Best Fitness: 4261.408840937674 
 - Worst Fitness: 0.0
 - Best Solution: array([ 0.49562095,  0.21332563,  0.39141479, -0.2029826 , -0.07484999,
       -0.09281364,  0.14220839,  0.16142707, -0.07704489,  0.32218944,
        0.26311259, -0.1073325 ,  0.08429655,  0.37409003,  0.09739029,
       -0.06160072,  0.34227029,  0.38932715,  0.39877309, -0.34461529,
       -0.24060354, -0.08452277, -0.37637867, -0.03126273, -0.11074191,
       -0.04355072,  0.48920016,  0.23726436,  0.02067112,  0.30043214,
       -0.43002919,  0.02720996,  0.21656225,  0.24870889,  0.29628599,
       -0.33589224, -0.11390954, -0.23533568,  0.43489257,  0.20179295,
        0.36546319,  0.28642124, -0.10011729, -0.06752128,  0.0386961 ,
        0.35766965,  0.20907202,  0.38107741, -0.02136117, -0.1669896 ,
        0.45593815, -0.305138  ,  0.16189535, -0.02246023, -0.17378848,
       -0.16318176,  0.29517736, -0.36684735,  0.00374344, -0.19519284,
       -0.25858553,  0.38962494, -0.45373394, -0.25003674]) 

Generation: 25 
 - Generation Avg Fit: 2051.206651716277 
 - Best Fitness: 4566.074288610976 
 - Worst Fitness: 0.0
 - Best Solution: array([ 0.11601263,  0.00753467,  0.38956208, -0.25408917, -0.06962249,
        0.41178733,  0.3539588 ,  0.16719479, -0.0741041 ,  0.3213412 ,
        0.11679711, -0.11356877,  0.0735387 , -0.35028443,  0.32432962,
       -0.06408234,  0.34227029,  0.16596795,  0.40938263, -0.33957129,
       -0.23747349,  0.48432988, -0.38818132, -0.02796275, -0.11935776,
        0.03795814,  0.48920016,  0.23652272,  0.01151592,  0.14625608,
       -0.43208046,  0.02605615,  0.2227083 ,  0.25403124,  0.29628599,
       -0.32973771,  0.35284276, -0.22962215,  0.43131804, -0.12384314,
        0.35823986,  0.28855379, -0.11156193, -0.06084265,  0.04160052,
        0.37174103,  0.22132219,  0.37751131,  0.33731562, -0.16659284,
        0.3144827 , -0.31014209,  0.01535754, -0.33214478, -0.2747881 ,
       -0.1666801 , -0.46019599, -0.37031233, -0.12038303,  0.24391393,
       -0.34337481,  0.39885893, -0.45373394, -0.23914402]) 

Generation: 26 
 - Generation Avg Fit: 2189.67890817185 
 - Best Fitness: 4566.074288610976 
 - Worst Fitness: 0.0
 - Best Solution: array([ 0.47825274, -0.02428798,  0.39557189, -0.20250611,  0.39524379,
       -0.09465867,  0.36085181, -0.08222611, -0.151321  ,  0.32204435,
        0.25101634, -0.1096197 ,  0.05900055, -0.34449514, -0.48310318,
       -0.0733043 ,  0.33152199,  0.31402525,  0.39977108, -0.05822325,
        0.05274998,  0.09503916, -0.35879887, -0.05084893,  0.38852083,
        0.05864918,  0.50860391,  0.24762545,  0.04254042, -0.07412285,
       -0.439296  , -0.09607739, -0.37023706,  0.2477901 ,  0.30340304,
       -0.23708216, -0.38968712, -0.31387744,  0.43589389,  0.21612608,
        0.38082814,  0.27428671, -0.09308212,  0.046701  ,  0.0418736 ,
        0.3517229 , -0.47642874, -0.17749003, -0.02815613,  0.25417636,
        0.31045343, -0.30823017,  0.00296917, -0.01846288,  0.02766535,
       -0.13268591, -0.43249824, -0.26191526,  0.00402106, -0.21160953,
       -0.26001197, -0.32042117, -0.44385364, -0.02877679]) 

Generation: 27 
 - Generation Avg Fit: 2295.794866968707 
 - Best Fitness: 4566.074288610976 
 - Worst Fitness: 0.0
 - Best Solution: array([ 0.11601263,  0.00753467,  0.38956208, -0.25408917, -0.06962249,
        0.41178733,  0.3539588 ,  0.16719479, -0.0741041 ,  0.3213412 ,
        0.11679711, -0.11356877,  0.0735387 , -0.35028443,  0.32432962,
       -0.06408234,  0.34227029,  0.16596795,  0.40938263, -0.33957129,
       -0.23747349,  0.48432988, -0.38818132, -0.02796275, -0.11935776,
        0.03795814,  0.48920016,  0.23652272,  0.01151592,  0.14625608,
       -0.43208046,  0.02605615,  0.2227083 ,  0.25403124,  0.29628599,
       -0.32973771,  0.35284276, -0.22962215,  0.43131804, -0.12384314,
        0.35823986,  0.28855379, -0.11156193, -0.06084265,  0.04160052,
        0.37174103,  0.22132219,  0.37751131,  0.33731562, -0.16659284,
        0.3144827 , -0.31014209,  0.01535754, -0.33214478, -0.2747881 ,
       -0.1666801 , -0.46019599, -0.37031233, -0.12038303,  0.24391393,
       -0.34337481,  0.39885893, -0.45373394, -0.23914402]) 

Generation: 28 
 - Generation Avg Fit: 2190.2125915714514 
 - Best Fitness: 4566.074288610976 
 - Worst Fitness: 0.0
 - Best Solution: array([ 0.11601263,  0.00753467,  0.38956208, -0.25408917, -0.06962249,
        0.41178733,  0.3539588 ,  0.16719479, -0.0741041 ,  0.3213412 ,
        0.11679711, -0.11356877,  0.0735387 , -0.35028443,  0.32432962,
       -0.06408234,  0.34227029,  0.16596795,  0.40938263, -0.33957129,
       -0.23747349,  0.48432988, -0.38818132, -0.02796275, -0.11935776,
        0.03795814,  0.48920016,  0.23652272,  0.01151592,  0.14625608,
       -0.43208046,  0.02605615,  0.2227083 ,  0.25403124,  0.29628599,
       -0.32973771,  0.35284276, -0.22962215,  0.43131804, -0.12384314,
        0.35823986,  0.28855379, -0.11156193, -0.06084265,  0.04160052,
        0.37174103,  0.22132219,  0.37751131,  0.33731562, -0.16659284,
        0.3144827 , -0.31014209,  0.01535754, -0.33214478, -0.2747881 ,
       -0.1666801 , -0.46019599, -0.37031233, -0.12038303,  0.24391393,
       -0.34337481,  0.39885893, -0.45373394, -0.23914402]) 

Generation: 29 
 - Generation Avg Fit: 2300.749977704713 
 - Best Fitness: 4566.074288610976 
 - Worst Fitness: 0.0
 - Best Solution: array([ 0.11601263,  0.00753467,  0.38956208, -0.25408917, -0.06962249,
        0.41178733,  0.3539588 ,  0.16719479, -0.0741041 ,  0.3213412 ,
        0.11679711, -0.11356877,  0.0735387 , -0.35028443,  0.32432962,
       -0.06408234,  0.34227029,  0.16596795,  0.40938263, -0.33957129,
       -0.23747349,  0.48432988, -0.38818132, -0.02796275, -0.11935776,
        0.03795814,  0.48920016,  0.23652272,  0.01151592,  0.14625608,
       -0.43208046,  0.02605615,  0.2227083 ,  0.25403124,  0.29628599,
       -0.32973771,  0.35284276, -0.22962215,  0.43131804, -0.12384314,
        0.35823986,  0.28855379, -0.11156193, -0.06084265,  0.04160052,
        0.37174103,  0.22132219,  0.37751131,  0.33731562, -0.16659284,
        0.3144827 , -0.31014209,  0.01535754, -0.33214478, -0.2747881 ,
       -0.1666801 , -0.46019599, -0.37031233, -0.12038303,  0.24391393,
       -0.34337481,  0.39885893, -0.45373394, -0.23914402]) 

Generation: 30 
 - Generation Avg Fit: 2416.1061679845398 
 - Best Fitness: 4572.474668590588 
 - Worst Fitness: 0.0
 - Best Solution: array([ 0.48629909,  0.21201094,  0.39557189, -0.28294711, -0.07129888,
       -0.09974218,  0.34468077,  0.19473476, -0.08000322,  0.32218944,
        0.25198149,  0.48364243,  0.0870171 , -0.34699462,  0.10276143,
       -0.0706464 ,  0.33930085,  0.31039083,  0.40778756,  0.1586827 ,
       -0.2514176 ,  0.14731642, -0.38793308, -0.0336705 ,  0.38660013,
       -0.05933483,  0.04440959,  0.24644314,  0.03728999, -0.07412285,
       -0.42102711, -0.14247387, -0.41579452,  0.25309608,  0.29286996,
       -0.2350775 , -0.121248  , -0.2555397 ,  0.28199522,  0.34686743,
        0.37175411,  0.35806625, -0.08583303, -0.07996784,  0.03864566,
        0.35693509,  0.20907202,  0.11328462, -0.02341263, -0.15488283,
        0.32268346, -0.32266631,  0.09979068, -0.01419506, -0.1588099 ,
       -0.16318176,  0.04017637, -0.37476475,  0.00452101, -0.20372488,
       -0.26984307, -0.27157184, -0.45923331, -0.259991  ]) 

Generation: 31 
 - Generation Avg Fit: 2593.7670857555177 
 - Best Fitness: 4918.503911722297 
 - Worst Fitness: 0.0
 - Best Solution: array([ 0.28001987, -0.0096054 ,  0.39908322, -0.21342349, -0.08263291,
        0.43706698,  0.36881788,  0.12512101, -0.0759349 ,  0.32972846,
        0.26311259, -0.11257128,  0.07192321, -0.35719129,  0.0903401 ,
       -0.0777172 ,  0.32519059,  0.38577698,  0.39678857, -0.31738144,
        0.06032885, -0.08452277, -0.38118119, -0.05084893, -0.11073133,
        0.05864918,  0.03761432,  0.24671089,  0.0225698 ,  0.13322774,
       -0.43109655, -0.14357543, -0.43663627,  0.25016907,  0.0423219 ,
       -0.3390249 , -0.11344151, -0.23500253,  0.42848   ,  0.20526429,
        0.38082814,  0.28803514,  0.211344  ,  0.0481932 ,  0.0418736 ,
        0.34925684, -0.18655378,  0.37142282, -0.00384638, -0.17568543,
        0.31369133, -0.3084378 ,  0.15742853, -0.0925787 , -0.16372142,
       -0.16318176, -0.43581686, -0.25872604,  0.00807667, -0.05033378,
       -0.24100505,  0.386651  , -0.45023296, -0.32779311]) 

Generation: 32 
 - Generation Avg Fit: 2713.419784945698 
 - Best Fitness: 4918.503911722297 
 - Worst Fitness: 0.0
 - Best Solution: array([ 0.48629909,  0.21201094,  0.39557189, -0.28294711, -0.07129888,
       -0.09974218,  0.34468077,  0.19473476, -0.08000322,  0.32218944,
        0.25198149,  0.48364243,  0.0870171 , -0.34699462,  0.10276143,
       -0.0706464 ,  0.33930085,  0.31039083,  0.40778756,  0.1586827 ,
       -0.2514176 ,  0.14731642, -0.38793308, -0.0336705 ,  0.38660013,
       -0.05933483,  0.04440959,  0.24644314,  0.03728999, -0.07412285,
       -0.42102711, -0.14247387, -0.41579452,  0.25309608,  0.29286996,
       -0.2350775 , -0.121248  , -0.2555397 ,  0.28199522,  0.34686743,
        0.37175411,  0.35806625, -0.08583303, -0.07996784,  0.03864566,
        0.35693509,  0.20907202,  0.11328462, -0.02341263, -0.15488283,
        0.32268346, -0.32266631,  0.09979068, -0.01419506, -0.1588099 ,
       -0.16318176,  0.04017637, -0.37476475,  0.00452101, -0.20372488,
       -0.26984307, -0.27157184, -0.45923331, -0.259991  ]) 

Generation: 33 
 - Generation Avg Fit: 2593.8840540656765 
 - Best Fitness: 4918.503911722297 
 - Worst Fitness: 0.0
 - Best Solution: array([ 0.28001987, -0.0096054 ,  0.39908322, -0.21342349, -0.08263291,
        0.43706698,  0.36881788,  0.12512101, -0.0759349 ,  0.32972846,
        0.26311259, -0.11257128,  0.07192321, -0.35719129,  0.0903401 ,
       -0.0777172 ,  0.32519059,  0.38577698,  0.39678857, -0.31738144,
        0.06032885, -0.08452277, -0.38118119, -0.05084893, -0.11073133,
        0.05864918,  0.03761432,  0.24671089,  0.0225698 ,  0.13322774,
       -0.43109655, -0.14357543, -0.43663627,  0.25016907,  0.0423219 ,
       -0.3390249 , -0.11344151, -0.23500253,  0.42848   ,  0.20526429,
        0.38082814,  0.28803514,  0.211344  ,  0.0481932 ,  0.0418736 ,
        0.34925684, -0.18655378,  0.37142282, -0.00384638, -0.17568543,
        0.31369133, -0.3084378 ,  0.15742853, -0.0925787 , -0.16372142,
       -0.16318176, -0.43581686, -0.25872604,  0.00807667, -0.05033378,
       -0.24100505,  0.386651  , -0.45023296, -0.32779311]) 

Generation: 34 
 - Generation Avg Fit: 2660.137532459824 
 - Best Fitness: 4918.503911722297 
 - Worst Fitness: 0.0
 - Best Solution: array([ 0.28001987, -0.0096054 ,  0.39908322, -0.21342349, -0.08263291,
        0.43706698,  0.36881788,  0.12512101, -0.0759349 ,  0.32972846,
        0.26311259, -0.11257128,  0.07192321, -0.35719129,  0.0903401 ,
       -0.0777172 ,  0.32519059,  0.38577698,  0.39678857, -0.31738144,
        0.06032885, -0.08452277, -0.38118119, -0.05084893, -0.11073133,
        0.05864918,  0.03761432,  0.24671089,  0.0225698 ,  0.13322774,
       -0.43109655, -0.14357543, -0.43663627,  0.25016907,  0.0423219 ,
       -0.3390249 , -0.11344151, -0.23500253,  0.42848   ,  0.20526429,
        0.38082814,  0.28803514,  0.211344  ,  0.0481932 ,  0.0418736 ,
        0.34925684, -0.18655378,  0.37142282, -0.00384638, -0.17568543,
        0.31369133, -0.3084378 ,  0.15742853, -0.0925787 , -0.16372142,
       -0.16318176, -0.43581686, -0.25872604,  0.00807667, -0.05033378,
       -0.24100505,  0.386651  , -0.45023296, -0.32779311]) 

Generation: 35 
 - Generation Avg Fit: 2658.990497287329 
 - Best Fitness: 4918.503911722297 
 - Worst Fitness: 0.0
 - Best Solution: array([ 0.28001987, -0.0096054 ,  0.39908322, -0.21342349, -0.08263291,
        0.43706698,  0.36881788,  0.12512101, -0.0759349 ,  0.32972846,
        0.26311259, -0.11257128,  0.07192321, -0.35719129,  0.0903401 ,
       -0.0777172 ,  0.32519059,  0.38577698,  0.39678857, -0.31738144,
        0.06032885, -0.08452277, -0.38118119, -0.05084893, -0.11073133,
        0.05864918,  0.03761432,  0.24671089,  0.0225698 ,  0.13322774,
       -0.43109655, -0.14357543, -0.43663627,  0.25016907,  0.0423219 ,
       -0.3390249 , -0.11344151, -0.23500253,  0.42848   ,  0.20526429,
        0.38082814,  0.28803514,  0.211344  ,  0.0481932 ,  0.0418736 ,
        0.34925684, -0.18655378,  0.37142282, -0.00384638, -0.17568543,
        0.31369133, -0.3084378 ,  0.15742853, -0.0925787 , -0.16372142,
       -0.16318176, -0.43581686, -0.25872604,  0.00807667, -0.05033378,
       -0.24100505,  0.386651  , -0.45023296, -0.32779311]) 

Generation: 36 
 - Generation Avg Fit: 2634.29836217291 
 - Best Fitness: 4918.503911722297 
 - Worst Fitness: 0.0
 - Best Solution: array([ 0.28001987, -0.0096054 ,  0.39908322, -0.21342349, -0.08263291,
        0.43706698,  0.36881788,  0.12512101, -0.0759349 ,  0.32972846,
        0.26311259, -0.11257128,  0.07192321, -0.35719129,  0.0903401 ,
       -0.0777172 ,  0.32519059,  0.38577698,  0.39678857, -0.31738144,
        0.06032885, -0.08452277, -0.38118119, -0.05084893, -0.11073133,
        0.05864918,  0.03761432,  0.24671089,  0.0225698 ,  0.13322774,
       -0.43109655, -0.14357543, -0.43663627,  0.25016907,  0.0423219 ,
       -0.3390249 , -0.11344151, -0.23500253,  0.42848   ,  0.20526429,
        0.38082814,  0.28803514,  0.211344  ,  0.0481932 ,  0.0418736 ,
        0.34925684, -0.18655378,  0.37142282, -0.00384638, -0.17568543,
        0.31369133, -0.3084378 ,  0.15742853, -0.0925787 , -0.16372142,
       -0.16318176, -0.43581686, -0.25872604,  0.00807667, -0.05033378,
       -0.24100505,  0.386651  , -0.45023296, -0.32779311]) 

Generation: 37 
 - Generation Avg Fit: 2689.395931279892 
 - Best Fitness: 4918.503911722297 
 - Worst Fitness: 0.0
 - Best Solution: array([ 0.28001987, -0.0096054 ,  0.39908322, -0.21342349, -0.08263291,
        0.43706698,  0.36881788,  0.12512101, -0.0759349 ,  0.32972846,
        0.26311259, -0.11257128,  0.07192321, -0.35719129,  0.0903401 ,
       -0.0777172 ,  0.32519059,  0.38577698,  0.39678857, -0.31738144,
        0.06032885, -0.08452277, -0.38118119, -0.05084893, -0.11073133,
        0.05864918,  0.03761432,  0.24671089,  0.0225698 ,  0.13322774,
       -0.43109655, -0.14357543, -0.43663627,  0.25016907,  0.0423219 ,
       -0.3390249 , -0.11344151, -0.23500253,  0.42848   ,  0.20526429,
        0.38082814,  0.28803514,  0.211344  ,  0.0481932 ,  0.0418736 ,
        0.34925684, -0.18655378,  0.37142282, -0.00384638, -0.17568543,
        0.31369133, -0.3084378 ,  0.15742853, -0.0925787 , -0.16372142,
       -0.16318176, -0.43581686, -0.25872604,  0.00807667, -0.05033378,
       -0.24100505,  0.386651  , -0.45023296, -0.32779311]) 

Generation: 38 
 - Generation Avg Fit: 2667.161261056721 
 - Best Fitness: 4918.503911722297 
 - Worst Fitness: 0.0
 - Best Solution: array([ 0.28001987, -0.0096054 ,  0.39908322, -0.21342349, -0.08263291,
        0.43706698,  0.36881788,  0.12512101, -0.0759349 ,  0.32972846,
        0.26311259, -0.11257128,  0.07192321, -0.35719129,  0.0903401 ,
       -0.0777172 ,  0.32519059,  0.38577698,  0.39678857, -0.31738144,
        0.06032885, -0.08452277, -0.38118119, -0.05084893, -0.11073133,
        0.05864918,  0.03761432,  0.24671089,  0.0225698 ,  0.13322774,
       -0.43109655, -0.14357543, -0.43663627,  0.25016907,  0.0423219 ,
       -0.3390249 , -0.11344151, -0.23500253,  0.42848   ,  0.20526429,
        0.38082814,  0.28803514,  0.211344  ,  0.0481932 ,  0.0418736 ,
        0.34925684, -0.18655378,  0.37142282, -0.00384638, -0.17568543,
        0.31369133, -0.3084378 ,  0.15742853, -0.0925787 , -0.16372142,
       -0.16318176, -0.43581686, -0.25872604,  0.00807667, -0.05033378,
       -0.24100505,  0.386651  , -0.45023296, -0.32779311]) 

Generation: 39 
 - Generation Avg Fit: 2686.6212853917177 
 - Best Fitness: 5105.115494090181 
 - Worst Fitness: 0.0
 - Best Solution: array([ 0.13201788, -0.00185868,  0.38507597, -0.27727148,  0.19712332,
       -0.37130199,  0.18024153,  0.13208743, -0.05649537,  0.31308269,
        0.25424163, -0.4861457 ,  0.06569018, -0.37562608,  0.3223119 ,
        0.0612142 , -0.07015717,  0.37173646,  0.40257716,  0.16351718,
       -0.24315467,  0.14422875, -0.37896959, -0.0208052 , -0.11773333,
       -0.21295812,  0.04538754, -0.3794155 ,  0.00608544,  0.11325215,
       -0.45335391, -0.13059049, -0.42450014,  0.24544148,  0.29390468,
        0.21955596, -0.34238848, -0.31690165,  0.28292317,  0.34412965,
        0.27312734,  0.36168934,  0.4890415 ,  0.04737753,  0.04557463,
        0.37078596,  0.37627065,  0.10875397,  0.25520609, -0.19103021,
        0.31799531, -0.31588955,  0.05215939, -0.07859636, -0.18702894,
       -0.15120185, -0.09585649, -0.37372284, -0.00220259, -0.05890095,
       -0.25857413, -0.00216421, -0.44278614, -0.32514269]) 

Generation: 40 
 - Generation Avg Fit: 2834.8528602465203 
 - Best Fitness: 5154.323346231319 
 - Worst Fitness: 0.0
 - Best Solution: array([ 0.11974805, -0.009039  ,  0.3943731 , -0.24900817, -0.29255726,
        0.45441234,  0.37591681, -0.0882334 , -0.07838755,  0.3180982 ,
        0.25333908, -0.4915245 ,  0.0640705 , -0.36477194,  0.10725363,
       -0.06374001, -0.06349126,  0.38577698,  0.40551354, -0.0535876 ,
        0.15481687,  0.28033145, -0.38674343,  0.31906046,  0.18194502,
       -0.21411505,  0.4691537 , -0.14334595,  0.01532083,  0.14108138,
       -0.43469255, -0.11834508, -0.36561824,  0.2578886 ,  0.0428338 ,
        0.24058326,  0.2298303 , -0.22864826,  0.44480085,  0.21102369,
        0.36647763,  0.36839198, -0.07715156,  0.20601111,  0.04160052,
        0.37733737,  0.3725974 ,  0.11064242, -0.00314765, -0.26325087,
        0.29105806, -0.30405765,  0.16797032,  0.16092541, -0.1487634 ,
        0.05397427, -0.09039122, -0.38488183,  0.00597491, -0.17263075,
       -0.2559076 , -0.27733795, -0.22649911, -0.2215755 ]) 

Generation: 41 
 - Generation Avg Fit: 2877.1471674722548 
 - Best Fitness: 5154.323346231319 
 - Worst Fitness: 0.0
 - Best Solution: array([ 0.13201788, -0.00185868,  0.38507597, -0.27727148,  0.19712332,
       -0.37130199,  0.18024153,  0.13208743, -0.05649537,  0.31308269,
        0.25424163, -0.4861457 ,  0.06569018, -0.37562608,  0.3223119 ,
        0.0612142 , -0.07015717,  0.37173646,  0.40257716,  0.16351718,
       -0.24315467,  0.14422875, -0.37896959, -0.0208052 , -0.11773333,
       -0.21295812,  0.04538754, -0.3794155 ,  0.00608544,  0.11325215,
       -0.45335391, -0.13059049, -0.42450014,  0.24544148,  0.29390468,
        0.21955596, -0.34238848, -0.31690165,  0.28292317,  0.34412965,
        0.27312734,  0.36168934,  0.4890415 ,  0.04737753,  0.04557463,
        0.37078596,  0.37627065,  0.10875397,  0.25520609, -0.19103021,
        0.31799531, -0.31588955,  0.05215939, -0.07859636, -0.18702894,
       -0.15120185, -0.09585649, -0.37372284, -0.00220259, -0.05890095,
       -0.25857413, -0.00216421, -0.44278614, -0.32514269]) 

Generation: 42 
 - Generation Avg Fit: 2762.290553513021 
 - Best Fitness: 5154.323346231319 
 - Worst Fitness: 0.0
 - Best Solution: array([ 0.11974805, -0.009039  ,  0.3943731 , -0.24900817, -0.29255726,
        0.45441234,  0.37591681, -0.0882334 , -0.07838755,  0.3180982 ,
        0.25333908, -0.4915245 ,  0.0640705 , -0.36477194,  0.10725363,
       -0.06374001, -0.06349126,  0.38577698,  0.40551354, -0.0535876 ,
        0.15481687,  0.28033145, -0.38674343,  0.31906046,  0.18194502,
       -0.21411505,  0.4691537 , -0.14334595,  0.01532083,  0.14108138,
       -0.43469255, -0.11834508, -0.36561824,  0.2578886 ,  0.0428338 ,
        0.24058326,  0.2298303 , -0.22864826,  0.44480085,  0.21102369,
        0.36647763,  0.36839198, -0.07715156,  0.20601111,  0.04160052,
        0.37733737,  0.3725974 ,  0.11064242, -0.00314765, -0.26325087,
        0.29105806, -0.30405765,  0.16797032,  0.16092541, -0.1487634 ,
        0.05397427, -0.09039122, -0.38488183,  0.00597491, -0.17263075,
       -0.2559076 , -0.27733795, -0.22649911, -0.2215755 ]) 

Generation: 43 
 - Generation Avg Fit: 2797.82848009331 
 - Best Fitness: 5154.323346231319 
 - Worst Fitness: 0.0
 - Best Solution: array([ 0.11974805, -0.009039  ,  0.3943731 , -0.24900817, -0.29255726,
        0.45441234,  0.37591681, -0.0882334 , -0.07838755,  0.3180982 ,
        0.25333908, -0.4915245 ,  0.0640705 , -0.36477194,  0.10725363,
       -0.06374001, -0.06349126,  0.38577698,  0.40551354, -0.0535876 ,
        0.15481687,  0.28033145, -0.38674343,  0.31906046,  0.18194502,
       -0.21411505,  0.4691537 , -0.14334595,  0.01532083,  0.14108138,
       -0.43469255, -0.11834508, -0.36561824,  0.2578886 ,  0.0428338 ,
        0.24058326,  0.2298303 , -0.22864826,  0.44480085,  0.21102369,
        0.36647763,  0.36839198, -0.07715156,  0.20601111,  0.04160052,
        0.37733737,  0.3725974 ,  0.11064242, -0.00314765, -0.26325087,
        0.29105806, -0.30405765,  0.16797032,  0.16092541, -0.1487634 ,
        0.05397427, -0.09039122, -0.38488183,  0.00597491, -0.17263075,
       -0.2559076 , -0.27733795, -0.22649911, -0.2215755 ]) 

Generation: 44 
 - Generation Avg Fit: 2855.8937112809285 
 - Best Fitness: 5154.323346231319 
 - Worst Fitness: 0.0
 - Best Solution: array([ 0.11974805, -0.009039  ,  0.3943731 , -0.24900817, -0.29255726,
        0.45441234,  0.37591681, -0.0882334 , -0.07838755,  0.3180982 ,
        0.25333908, -0.4915245 ,  0.0640705 , -0.36477194,  0.10725363,
       -0.06374001, -0.06349126,  0.38577698,  0.40551354, -0.0535876 ,
        0.15481687,  0.28033145, -0.38674343,  0.31906046,  0.18194502,
       -0.21411505,  0.4691537 , -0.14334595,  0.01532083,  0.14108138,
       -0.43469255, -0.11834508, -0.36561824,  0.2578886 ,  0.0428338 ,
        0.24058326,  0.2298303 , -0.22864826,  0.44480085,  0.21102369,
        0.36647763,  0.36839198, -0.07715156,  0.20601111,  0.04160052,
        0.37733737,  0.3725974 ,  0.11064242, -0.00314765, -0.26325087,
        0.29105806, -0.30405765,  0.16797032,  0.16092541, -0.1487634 ,
        0.05397427, -0.09039122, -0.38488183,  0.00597491, -0.17263075,
       -0.2559076 , -0.27733795, -0.22649911, -0.2215755 ]) 

Generation: 45 
 - Generation Avg Fit: 2939.0898603307155 
 - Best Fitness: 5154.323346231319 
 - Worst Fitness: 0.0
 - Best Solution: array([ 0.11974805, -0.009039  ,  0.3943731 , -0.24900817, -0.29255726,
        0.45441234,  0.37591681, -0.0882334 , -0.07838755,  0.3180982 ,
        0.25333908, -0.4915245 ,  0.0640705 , -0.36477194,  0.10725363,
       -0.06374001, -0.06349126,  0.38577698,  0.40551354, -0.0535876 ,
        0.15481687,  0.28033145, -0.38674343,  0.31906046,  0.18194502,
       -0.21411505,  0.4691537 , -0.14334595,  0.01532083,  0.14108138,
       -0.43469255, -0.11834508, -0.36561824,  0.2578886 ,  0.0428338 ,
        0.24058326,  0.2298303 , -0.22864826,  0.44480085,  0.21102369,
        0.36647763,  0.36839198, -0.07715156,  0.20601111,  0.04160052,
        0.37733737,  0.3725974 ,  0.11064242, -0.00314765, -0.26325087,
        0.29105806, -0.30405765,  0.16797032,  0.16092541, -0.1487634 ,
        0.05397427, -0.09039122, -0.38488183,  0.00597491, -0.17263075,
       -0.2559076 , -0.27733795, -0.22649911, -0.2215755 ]) 

Generation: 46 
 - Generation Avg Fit: 2886.3568444790635 
 - Best Fitness: 5154.323346231319 
 - Worst Fitness: 0.0
 - Best Solution: array([ 0.11974805, -0.009039  ,  0.3943731 , -0.24900817, -0.29255726,
        0.45441234,  0.37591681, -0.0882334 , -0.07838755,  0.3180982 ,
        0.25333908, -0.4915245 ,  0.0640705 , -0.36477194,  0.10725363,
       -0.06374001, -0.06349126,  0.38577698,  0.40551354, -0.0535876 ,
        0.15481687,  0.28033145, -0.38674343,  0.31906046,  0.18194502,
       -0.21411505,  0.4691537 , -0.14334595,  0.01532083,  0.14108138,
       -0.43469255, -0.11834508, -0.36561824,  0.2578886 ,  0.0428338 ,
        0.24058326,  0.2298303 , -0.22864826,  0.44480085,  0.21102369,
        0.36647763,  0.36839198, -0.07715156,  0.20601111,  0.04160052,
        0.37733737,  0.3725974 ,  0.11064242, -0.00314765, -0.26325087,
        0.29105806, -0.30405765,  0.16797032,  0.16092541, -0.1487634 ,
        0.05397427, -0.09039122, -0.38488183,  0.00597491, -0.17263075,
       -0.2559076 , -0.27733795, -0.22649911, -0.2215755 ]) 

Generation: 47 
 - Generation Avg Fit: 3006.960641978207 
 - Best Fitness: 5154.323346231319 
 - Worst Fitness: 0.0
 - Best Solution: array([ 0.11974805, -0.009039  ,  0.3943731 , -0.24900817, -0.29255726,
        0.45441234,  0.37591681, -0.0882334 , -0.07838755,  0.3180982 ,
        0.25333908, -0.4915245 ,  0.0640705 , -0.36477194,  0.10725363,
       -0.06374001, -0.06349126,  0.38577698,  0.40551354, -0.0535876 ,
        0.15481687,  0.28033145, -0.38674343,  0.31906046,  0.18194502,
       -0.21411505,  0.4691537 , -0.14334595,  0.01532083,  0.14108138,
       -0.43469255, -0.11834508, -0.36561824,  0.2578886 ,  0.0428338 ,
        0.24058326,  0.2298303 , -0.22864826,  0.44480085,  0.21102369,
        0.36647763,  0.36839198, -0.07715156,  0.20601111,  0.04160052,
        0.37733737,  0.3725974 ,  0.11064242, -0.00314765, -0.26325087,
        0.29105806, -0.30405765,  0.16797032,  0.16092541, -0.1487634 ,
        0.05397427, -0.09039122, -0.38488183,  0.00597491, -0.17263075,
       -0.2559076 , -0.27733795, -0.22649911, -0.2215755 ]) 

Generation: 48 
 - Generation Avg Fit: 3091.270151280631 
 - Best Fitness: 5154.323346231319 
 - Worst Fitness: 0.0
 - Best Solution: array([ 0.11974805, -0.009039  ,  0.3943731 , -0.24900817, -0.29255726,
        0.45441234,  0.37591681, -0.0882334 , -0.07838755,  0.3180982 ,
        0.25333908, -0.4915245 ,  0.0640705 , -0.36477194,  0.10725363,
       -0.06374001, -0.06349126,  0.38577698,  0.40551354, -0.0535876 ,
        0.15481687,  0.28033145, -0.38674343,  0.31906046,  0.18194502,
       -0.21411505,  0.4691537 , -0.14334595,  0.01532083,  0.14108138,
       -0.43469255, -0.11834508, -0.36561824,  0.2578886 ,  0.0428338 ,
        0.24058326,  0.2298303 , -0.22864826,  0.44480085,  0.21102369,
        0.36647763,  0.36839198, -0.07715156,  0.20601111,  0.04160052,
        0.37733737,  0.3725974 ,  0.11064242, -0.00314765, -0.26325087,
        0.29105806, -0.30405765,  0.16797032,  0.16092541, -0.1487634 ,
        0.05397427, -0.09039122, -0.38488183,  0.00597491, -0.17263075,
       -0.2559076 , -0.27733795, -0.22649911, -0.2215755 ]) 

Generation: 49 
 - Generation Avg Fit: 3015.009964590776 
 - Best Fitness: 5154.323346231319 
 - Worst Fitness: 0.0
 - Best Solution: array([ 0.11974805, -0.009039  ,  0.3943731 , -0.24900817, -0.29255726,
        0.45441234,  0.37591681, -0.0882334 , -0.07838755,  0.3180982 ,
        0.25333908, -0.4915245 ,  0.0640705 , -0.36477194,  0.10725363,
       -0.06374001, -0.06349126,  0.38577698,  0.40551354, -0.0535876 ,
        0.15481687,  0.28033145, -0.38674343,  0.31906046,  0.18194502,
       -0.21411505,  0.4691537 , -0.14334595,  0.01532083,  0.14108138,
       -0.43469255, -0.11834508, -0.36561824,  0.2578886 ,  0.0428338 ,
        0.24058326,  0.2298303 , -0.22864826,  0.44480085,  0.21102369,
        0.36647763,  0.36839198, -0.07715156,  0.20601111,  0.04160052,
        0.37733737,  0.3725974 ,  0.11064242, -0.00314765, -0.26325087,
        0.29105806, -0.30405765,  0.16797032,  0.16092541, -0.1487634 ,
        0.05397427, -0.09039122, -0.38488183,  0.00597491, -0.17263075,
       -0.2559076 , -0.27733795, -0.22649911, -0.2215755 ]) 

Generation: 50 
 - Generation Avg Fit: 3005.3315810014915 
 - Best Fitness: 5154.323346231319 
 - Worst Fitness: 0.0
 - Best Solution: array([ 0.11974805, -0.009039  ,  0.3943731 , -0.24900817, -0.29255726,
        0.45441234,  0.37591681, -0.0882334 , -0.07838755,  0.3180982 ,
        0.25333908, -0.4915245 ,  0.0640705 , -0.36477194,  0.10725363,
       -0.06374001, -0.06349126,  0.38577698,  0.40551354, -0.0535876 ,
        0.15481687,  0.28033145, -0.38674343,  0.31906046,  0.18194502,
       -0.21411505,  0.4691537 , -0.14334595,  0.01532083,  0.14108138,
       -0.43469255, -0.11834508, -0.36561824,  0.2578886 ,  0.0428338 ,
        0.24058326,  0.2298303 , -0.22864826,  0.44480085,  0.21102369,
        0.36647763,  0.36839198, -0.07715156,  0.20601111,  0.04160052,
        0.37733737,  0.3725974 ,  0.11064242, -0.00314765, -0.26325087,
        0.29105806, -0.30405765,  0.16797032,  0.16092541, -0.1487634 ,
        0.05397427, -0.09039122, -0.38488183,  0.00597491, -0.17263075,
       -0.2559076 , -0.27733795, -0.22649911, -0.2215755 ]) 

Generation: 51 
 - Generation Avg Fit: 3149.2453907637228 
 - Best Fitness: 5154.323346231319 
 - Worst Fitness: 0.0
 - Best Solution: array([ 0.11974805, -0.009039  ,  0.3943731 , -0.24900817, -0.29255726,
        0.45441234,  0.37591681, -0.0882334 , -0.07838755,  0.3180982 ,
        0.25333908, -0.4915245 ,  0.0640705 , -0.36477194,  0.10725363,
       -0.06374001, -0.06349126,  0.38577698,  0.40551354, -0.0535876 ,
        0.15481687,  0.28033145, -0.38674343,  0.31906046,  0.18194502,
       -0.21411505,  0.4691537 , -0.14334595,  0.01532083,  0.14108138,
       -0.43469255, -0.11834508, -0.36561824,  0.2578886 ,  0.0428338 ,
        0.24058326,  0.2298303 , -0.22864826,  0.44480085,  0.21102369,
        0.36647763,  0.36839198, -0.07715156,  0.20601111,  0.04160052,
        0.37733737,  0.3725974 ,  0.11064242, -0.00314765, -0.26325087,
        0.29105806, -0.30405765,  0.16797032,  0.16092541, -0.1487634 ,
        0.05397427, -0.09039122, -0.38488183,  0.00597491, -0.17263075,
       -0.2559076 , -0.27733795, -0.22649911, -0.2215755 ]) 

Generation: 52 
 - Generation Avg Fit: 3160.4459194253186 
 - Best Fitness: 5154.323346231319 
 - Worst Fitness: 0.0
 - Best Solution: array([ 0.11974805, -0.009039  ,  0.3943731 , -0.24900817, -0.29255726,
        0.45441234,  0.37591681, -0.0882334 , -0.07838755,  0.3180982 ,
        0.25333908, -0.4915245 ,  0.0640705 , -0.36477194,  0.10725363,
       -0.06374001, -0.06349126,  0.38577698,  0.40551354, -0.0535876 ,
        0.15481687,  0.28033145, -0.38674343,  0.31906046,  0.18194502,
       -0.21411505,  0.4691537 , -0.14334595,  0.01532083,  0.14108138,
       -0.43469255, -0.11834508, -0.36561824,  0.2578886 ,  0.0428338 ,
        0.24058326,  0.2298303 , -0.22864826,  0.44480085,  0.21102369,
        0.36647763,  0.36839198, -0.07715156,  0.20601111,  0.04160052,
        0.37733737,  0.3725974 ,  0.11064242, -0.00314765, -0.26325087,
        0.29105806, -0.30405765,  0.16797032,  0.16092541, -0.1487634 ,
        0.05397427, -0.09039122, -0.38488183,  0.00597491, -0.17263075,
       -0.2559076 , -0.27733795, -0.22649911, -0.2215755 ]) 

Generation: 53 
 - Generation Avg Fit: 3026.0905226501823 
 - Best Fitness: 5154.323346231319 
 - Worst Fitness: 0.0
 - Best Solution: array([ 0.11974805, -0.009039  ,  0.3943731 , -0.24900817, -0.29255726,
        0.45441234,  0.37591681, -0.0882334 , -0.07838755,  0.3180982 ,
        0.25333908, -0.4915245 ,  0.0640705 , -0.36477194,  0.10725363,
       -0.06374001, -0.06349126,  0.38577698,  0.40551354, -0.0535876 ,
        0.15481687,  0.28033145, -0.38674343,  0.31906046,  0.18194502,
       -0.21411505,  0.4691537 , -0.14334595,  0.01532083,  0.14108138,
       -0.43469255, -0.11834508, -0.36561824,  0.2578886 ,  0.0428338 ,
        0.24058326,  0.2298303 , -0.22864826,  0.44480085,  0.21102369,
        0.36647763,  0.36839198, -0.07715156,  0.20601111,  0.04160052,
        0.37733737,  0.3725974 ,  0.11064242, -0.00314765, -0.26325087,
        0.29105806, -0.30405765,  0.16797032,  0.16092541, -0.1487634 ,
        0.05397427, -0.09039122, -0.38488183,  0.00597491, -0.17263075,
       -0.2559076 , -0.27733795, -0.22649911, -0.2215755 ]) 

Generation: 54 
 - Generation Avg Fit: 2999.305829155701 
 - Best Fitness: 5154.323346231319 
 - Worst Fitness: 0.0
 - Best Solution: array([ 0.11974805, -0.009039  ,  0.3943731 , -0.24900817, -0.29255726,
        0.45441234,  0.37591681, -0.0882334 , -0.07838755,  0.3180982 ,
        0.25333908, -0.4915245 ,  0.0640705 , -0.36477194,  0.10725363,
       -0.06374001, -0.06349126,  0.38577698,  0.40551354, -0.0535876 ,
        0.15481687,  0.28033145, -0.38674343,  0.31906046,  0.18194502,
       -0.21411505,  0.4691537 , -0.14334595,  0.01532083,  0.14108138,
       -0.43469255, -0.11834508, -0.36561824,  0.2578886 ,  0.0428338 ,
        0.24058326,  0.2298303 , -0.22864826,  0.44480085,  0.21102369,
        0.36647763,  0.36839198, -0.07715156,  0.20601111,  0.04160052,
        0.37733737,  0.3725974 ,  0.11064242, -0.00314765, -0.26325087,
        0.29105806, -0.30405765,  0.16797032,  0.16092541, -0.1487634 ,
        0.05397427, -0.09039122, -0.38488183,  0.00597491, -0.17263075,
       -0.2559076 , -0.27733795, -0.22649911, -0.2215755 ]) 

Generation: 55 
 - Generation Avg Fit: 3091.301831993541 
 - Best Fitness: 5154.323346231319 
 - Worst Fitness: 0.0
 - Best Solution: array([ 0.11974805, -0.009039  ,  0.3943731 , -0.24900817, -0.29255726,
        0.45441234,  0.37591681, -0.0882334 , -0.07838755,  0.3180982 ,
        0.25333908, -0.4915245 ,  0.0640705 , -0.36477194,  0.10725363,
       -0.06374001, -0.06349126,  0.38577698,  0.40551354, -0.0535876 ,
        0.15481687,  0.28033145, -0.38674343,  0.31906046,  0.18194502,
       -0.21411505,  0.4691537 , -0.14334595,  0.01532083,  0.14108138,
       -0.43469255, -0.11834508, -0.36561824,  0.2578886 ,  0.0428338 ,
        0.24058326,  0.2298303 , -0.22864826,  0.44480085,  0.21102369,
        0.36647763,  0.36839198, -0.07715156,  0.20601111,  0.04160052,
        0.37733737,  0.3725974 ,  0.11064242, -0.00314765, -0.26325087,
        0.29105806, -0.30405765,  0.16797032,  0.16092541, -0.1487634 ,
        0.05397427, -0.09039122, -0.38488183,  0.00597491, -0.17263075,
       -0.2559076 , -0.27733795, -0.22649911, -0.2215755 ]) 

Generation: 56 
 - Generation Avg Fit: 3169.615565750669 
 - Best Fitness: 5154.323346231319 
 - Worst Fitness: 0.0
 - Best Solution: array([ 0.11974805, -0.009039  ,  0.3943731 , -0.24900817, -0.29255726,
        0.45441234,  0.37591681, -0.0882334 , -0.07838755,  0.3180982 ,
        0.25333908, -0.4915245 ,  0.0640705 , -0.36477194,  0.10725363,
       -0.06374001, -0.06349126,  0.38577698,  0.40551354, -0.0535876 ,
        0.15481687,  0.28033145, -0.38674343,  0.31906046,  0.18194502,
       -0.21411505,  0.4691537 , -0.14334595,  0.01532083,  0.14108138,
       -0.43469255, -0.11834508, -0.36561824,  0.2578886 ,  0.0428338 ,
        0.24058326,  0.2298303 , -0.22864826,  0.44480085,  0.21102369,
        0.36647763,  0.36839198, -0.07715156,  0.20601111,  0.04160052,
        0.37733737,  0.3725974 ,  0.11064242, -0.00314765, -0.26325087,
        0.29105806, -0.30405765,  0.16797032,  0.16092541, -0.1487634 ,
        0.05397427, -0.09039122, -0.38488183,  0.00597491, -0.17263075,
       -0.2559076 , -0.27733795, -0.22649911, -0.2215755 ]) 

Generation: 57 
 - Generation Avg Fit: 3277.957343343615 
 - Best Fitness: 5154.323346231319 
 - Worst Fitness: 0.0
 - Best Solution: array([ 0.11974805, -0.009039  ,  0.3943731 , -0.24900817, -0.29255726,
        0.45441234,  0.37591681, -0.0882334 , -0.07838755,  0.3180982 ,
        0.25333908, -0.4915245 ,  0.0640705 , -0.36477194,  0.10725363,
       -0.06374001, -0.06349126,  0.38577698,  0.40551354, -0.0535876 ,
        0.15481687,  0.28033145, -0.38674343,  0.31906046,  0.18194502,
       -0.21411505,  0.4691537 , -0.14334595,  0.01532083,  0.14108138,
       -0.43469255, -0.11834508, -0.36561824,  0.2578886 ,  0.0428338 ,
        0.24058326,  0.2298303 , -0.22864826,  0.44480085,  0.21102369,
        0.36647763,  0.36839198, -0.07715156,  0.20601111,  0.04160052,
        0.37733737,  0.3725974 ,  0.11064242, -0.00314765, -0.26325087,
        0.29105806, -0.30405765,  0.16797032,  0.16092541, -0.1487634 ,
        0.05397427, -0.09039122, -0.38488183,  0.00597491, -0.17263075,
       -0.2559076 , -0.27733795, -0.22649911, -0.2215755 ]) 

Generation: 58 
 - Generation Avg Fit: 3073.8649055076075 
 - Best Fitness: 5230.037482469698 
 - Worst Fitness: 0.0
 - Best Solution: array([ 0.12515202, -0.08458668,  0.38441863, -0.20367149, -0.07943239,
        0.44282999,  0.12575696, -0.0625161 , -0.09546318,  0.33806157,
        0.26631928, -0.11283731,  0.09773881, -0.17562525, -0.44706672,
        0.05740512,  0.34245646, -0.18429744,  0.3957276 , -0.31931102,
        0.14419485, -0.07789755, -0.35348867, -0.02249958, -0.11194613,
       -0.02354588,  0.47737766,  0.23990773,  0.00315514,  0.31259236,
       -0.42472766, -0.1057175 , -0.37844869,  0.25186717,  0.2883822 ,
       -0.4905992 , -0.12038209, -0.24147263,  0.28525363,  0.23530954,
        0.3667254 , -0.03435874, -0.07854265,  0.03822822, -0.3364519 ,
        0.3441871 ,  0.22787787,  0.38787353, -0.0048682 , -0.24936757,
        0.31939168, -0.30197477,  0.14218532, -0.00886364, -0.27875335,
       -0.16897915,  0.05771937, -0.27937822,  0.00351185,  0.24221845,
       -0.25769616, -0.02240413, -0.20413548, -0.24384083]) 

Generation: 59 
 - Generation Avg Fit: 3250.155358281535 
 - Best Fitness: 5230.037482469698 
 - Worst Fitness: 0.0
 - Best Solution: array([ 0.11974805, -0.009039  ,  0.3943731 , -0.24900817, -0.29255726,
        0.45441234,  0.37591681, -0.0882334 , -0.07838755,  0.3180982 ,
        0.25333908, -0.4915245 ,  0.0640705 , -0.36477194,  0.10725363,
       -0.06374001, -0.06349126,  0.38577698,  0.40551354, -0.0535876 ,
        0.15481687,  0.28033145, -0.38674343,  0.31906046,  0.18194502,
       -0.21411505,  0.4691537 , -0.14334595,  0.01532083,  0.14108138,
       -0.43469255, -0.11834508, -0.36561824,  0.2578886 ,  0.0428338 ,
        0.24058326,  0.2298303 , -0.22864826,  0.44480085,  0.21102369,
        0.36647763,  0.36839198, -0.07715156,  0.20601111,  0.04160052,
        0.37733737,  0.3725974 ,  0.11064242, -0.00314765, -0.26325087,
        0.29105806, -0.30405765,  0.16797032,  0.16092541, -0.1487634 ,
        0.05397427, -0.09039122, -0.38488183,  0.00597491, -0.17263075,
       -0.2559076 , -0.27733795, -0.22649911, -0.2215755 ]) 

Generation: 60 
 - Generation Avg Fit: 3561.323371848245 
 - Best Fitness: 5230.037482469698 
 - Worst Fitness: 0.0
 - Best Solution: array([ 0.12515202, -0.08458668,  0.38441863, -0.20367149, -0.07943239,
        0.44282999,  0.12575696, -0.0625161 , -0.09546318,  0.33806157,
        0.26631928, -0.11283731,  0.09773881, -0.17562525, -0.44706672,
        0.05740512,  0.34245646, -0.18429744,  0.3957276 , -0.31931102,
        0.14419485, -0.07789755, -0.35348867, -0.02249958, -0.11194613,
       -0.02354588,  0.47737766,  0.23990773,  0.00315514,  0.31259236,
       -0.42472766, -0.1057175 , -0.37844869,  0.25186717,  0.2883822 ,
       -0.4905992 , -0.12038209, -0.24147263,  0.28525363,  0.23530954,
        0.3667254 , -0.03435874, -0.07854265,  0.03822822, -0.3364519 ,
        0.3441871 ,  0.22787787,  0.38787353, -0.0048682 , -0.24936757,
        0.31939168, -0.30197477,  0.14218532, -0.00886364, -0.27875335,
       -0.16897915,  0.05771937, -0.27937822,  0.00351185,  0.24221845,
       -0.25769616, -0.02240413, -0.20413548, -0.24384083]) 

Generation: 61 
 - Generation Avg Fit: 3513.297246393369 
 - Best Fitness: 5230.037482469698 
 - Worst Fitness: 0.0
 - Best Solution: array([ 0.12515202, -0.08458668,  0.38441863, -0.20367149, -0.07943239,
        0.44282999,  0.12575696, -0.0625161 , -0.09546318,  0.33806157,
        0.26631928, -0.11283731,  0.09773881, -0.17562525, -0.44706672,
        0.05740512,  0.34245646, -0.18429744,  0.3957276 , -0.31931102,
        0.14419485, -0.07789755, -0.35348867, -0.02249958, -0.11194613,
       -0.02354588,  0.47737766,  0.23990773,  0.00315514,  0.31259236,
       -0.42472766, -0.1057175 , -0.37844869,  0.25186717,  0.2883822 ,
       -0.4905992 , -0.12038209, -0.24147263,  0.28525363,  0.23530954,
        0.3667254 , -0.03435874, -0.07854265,  0.03822822, -0.3364519 ,
        0.3441871 ,  0.22787787,  0.38787353, -0.0048682 , -0.24936757,
        0.31939168, -0.30197477,  0.14218532, -0.00886364, -0.27875335,
       -0.16897915,  0.05771937, -0.27937822,  0.00351185,  0.24221845,
       -0.25769616, -0.02240413, -0.20413548, -0.24384083]) 

Generation: 62 
 - Generation Avg Fit: 3309.0230839053843 
 - Best Fitness: 5230.037482469698 
 - Worst Fitness: 0.0
 - Best Solution: array([ 0.12515202, -0.08458668,  0.38441863, -0.20367149, -0.07943239,
        0.44282999,  0.12575696, -0.0625161 , -0.09546318,  0.33806157,
        0.26631928, -0.11283731,  0.09773881, -0.17562525, -0.44706672,
        0.05740512,  0.34245646, -0.18429744,  0.3957276 , -0.31931102,
        0.14419485, -0.07789755, -0.35348867, -0.02249958, -0.11194613,
       -0.02354588,  0.47737766,  0.23990773,  0.00315514,  0.31259236,
       -0.42472766, -0.1057175 , -0.37844869,  0.25186717,  0.2883822 ,
       -0.4905992 , -0.12038209, -0.24147263,  0.28525363,  0.23530954,
        0.3667254 , -0.03435874, -0.07854265,  0.03822822, -0.3364519 ,
        0.3441871 ,  0.22787787,  0.38787353, -0.0048682 , -0.24936757,
        0.31939168, -0.30197477,  0.14218532, -0.00886364, -0.27875335,
       -0.16897915,  0.05771937, -0.27937822,  0.00351185,  0.24221845,
       -0.25769616, -0.02240413, -0.20413548, -0.24384083]) 

Generation: 63 
 - Generation Avg Fit: 3389.614915257715 
 - Best Fitness: 5230.037482469698 
 - Worst Fitness: 0.0
 - Best Solution: array([ 0.12515202, -0.08458668,  0.38441863, -0.20367149, -0.07943239,
        0.44282999,  0.12575696, -0.0625161 , -0.09546318,  0.33806157,
        0.26631928, -0.11283731,  0.09773881, -0.17562525, -0.44706672,
        0.05740512,  0.34245646, -0.18429744,  0.3957276 , -0.31931102,
        0.14419485, -0.07789755, -0.35348867, -0.02249958, -0.11194613,
       -0.02354588,  0.47737766,  0.23990773,  0.00315514,  0.31259236,
       -0.42472766, -0.1057175 , -0.37844869,  0.25186717,  0.2883822 ,
       -0.4905992 , -0.12038209, -0.24147263,  0.28525363,  0.23530954,
        0.3667254 , -0.03435874, -0.07854265,  0.03822822, -0.3364519 ,
        0.3441871 ,  0.22787787,  0.38787353, -0.0048682 , -0.24936757,
        0.31939168, -0.30197477,  0.14218532, -0.00886364, -0.27875335,
       -0.16897915,  0.05771937, -0.27937822,  0.00351185,  0.24221845,
       -0.25769616, -0.02240413, -0.20413548, -0.24384083]) 

Generation: 64 
 - Generation Avg Fit: 3272.25150872053 
 - Best Fitness: 5255.504653174704 
 - Worst Fitness: 0.0
 - Best Solution: array([ 0.26776528,  0.21002956,  0.38393038, -0.2565068 , -0.07302286,
        0.43909105,  0.12838914, -0.07149747, -0.12786955,  0.33407922,
        0.26130474, -0.50537655,  0.09148647, -0.17488907, -0.44075226,
       -0.07490209,  0.29417449,  0.17552566,  0.4012647 , -0.30578541,
        0.11979809, -0.11269315, -0.35131883, -0.01392357, -0.11137226,
       -0.03080238,  0.45351492,  0.2352869 ,  0.04192807,  0.15177948,
       -0.43849958, -0.0985808 , -0.37300453,  0.26875504,  0.31332214,
       -0.34099108, -0.10978761, -0.23365791,  0.28610971,  0.20193698,
        0.35820309, -0.03585054, -0.0959295 ,  0.01893991, -0.3451357 ,
        0.34420408,  0.20858624,  0.38284287, -0.01127303, -0.24458712,
        0.32656671, -0.30373816,  0.15984935, -0.33199854, -0.16217116,
       -0.1719306 ,  0.04709103, -0.25185216,  0.0072502 , -0.19894731,
       -0.28696305, -0.00936477, -0.45365142, -0.20376767]) 

Generation: 65 
 - Generation Avg Fit: 3367.5479243559203 
 - Best Fitness: 5255.504653174704 
 - Worst Fitness: 0.0
 - Best Solution: array([ 0.12515202, -0.08458668,  0.38441863, -0.20367149, -0.07943239,
        0.44282999,  0.12575696, -0.0625161 , -0.09546318,  0.33806157,
        0.26631928, -0.11283731,  0.09773881, -0.17562525, -0.44706672,
        0.05740512,  0.34245646, -0.18429744,  0.3957276 , -0.31931102,
        0.14419485, -0.07789755, -0.35348867, -0.02249958, -0.11194613,
       -0.02354588,  0.47737766,  0.23990773,  0.00315514,  0.31259236,
       -0.42472766, -0.1057175 , -0.37844869,  0.25186717,  0.2883822 ,
       -0.4905992 , -0.12038209, -0.24147263,  0.28525363,  0.23530954,
        0.3667254 , -0.03435874, -0.07854265,  0.03822822, -0.3364519 ,
        0.3441871 ,  0.22787787,  0.38787353, -0.0048682 , -0.24936757,
        0.31939168, -0.30197477,  0.14218532, -0.00886364, -0.27875335,
       -0.16897915,  0.05771937, -0.27937822,  0.00351185,  0.24221845,
       -0.25769616, -0.02240413, -0.20413548, -0.24384083]) 

Generation: 66 
 - Generation Avg Fit: 3419.5577276497525 
 - Best Fitness: 5255.504653174704 
 - Worst Fitness: 0.0
 - Best Solution: array([ 0.26776528,  0.21002956,  0.38393038, -0.2565068 , -0.07302286,
        0.43909105,  0.12838914, -0.07149747, -0.12786955,  0.33407922,
        0.26130474, -0.50537655,  0.09148647, -0.17488907, -0.44075226,
       -0.07490209,  0.29417449,  0.17552566,  0.4012647 , -0.30578541,
        0.11979809, -0.11269315, -0.35131883, -0.01392357, -0.11137226,
       -0.03080238,  0.45351492,  0.2352869 ,  0.04192807,  0.15177948,
       -0.43849958, -0.0985808 , -0.37300453,  0.26875504,  0.31332214,
       -0.34099108, -0.10978761, -0.23365791,  0.28610971,  0.20193698,
        0.35820309, -0.03585054, -0.0959295 ,  0.01893991, -0.3451357 ,
        0.34420408,  0.20858624,  0.38284287, -0.01127303, -0.24458712,
        0.32656671, -0.30373816,  0.15984935, -0.33199854, -0.16217116,
       -0.1719306 ,  0.04709103, -0.25185216,  0.0072502 , -0.19894731,
       -0.28696305, -0.00936477, -0.45365142, -0.20376767]) 

Generation: 67 
 - Generation Avg Fit: 3497.6098196109774 
 - Best Fitness: 5255.504653174704 
 - Worst Fitness: 0.0
 - Best Solution: array([ 0.26776528,  0.21002956,  0.38393038, -0.2565068 , -0.07302286,
        0.43909105,  0.12838914, -0.07149747, -0.12786955,  0.33407922,
        0.26130474, -0.50537655,  0.09148647, -0.17488907, -0.44075226,
       -0.07490209,  0.29417449,  0.17552566,  0.4012647 , -0.30578541,
        0.11979809, -0.11269315, -0.35131883, -0.01392357, -0.11137226,
       -0.03080238,  0.45351492,  0.2352869 ,  0.04192807,  0.15177948,
       -0.43849958, -0.0985808 , -0.37300453,  0.26875504,  0.31332214,
       -0.34099108, -0.10978761, -0.23365791,  0.28610971,  0.20193698,
        0.35820309, -0.03585054, -0.0959295 ,  0.01893991, -0.3451357 ,
        0.34420408,  0.20858624,  0.38284287, -0.01127303, -0.24458712,
        0.32656671, -0.30373816,  0.15984935, -0.33199854, -0.16217116,
       -0.1719306 ,  0.04709103, -0.25185216,  0.0072502 , -0.19894731,
       -0.28696305, -0.00936477, -0.45365142, -0.20376767]) 

Generation: 68 
 - Generation Avg Fit: 3524.8946336836043 
 - Best Fitness: 5255.504653174704 
 - Worst Fitness: 0.0
 - Best Solution: array([ 0.26776528,  0.21002956,  0.38393038, -0.2565068 , -0.07302286,
        0.43909105,  0.12838914, -0.07149747, -0.12786955,  0.33407922,
        0.26130474, -0.50537655,  0.09148647, -0.17488907, -0.44075226,
       -0.07490209,  0.29417449,  0.17552566,  0.4012647 , -0.30578541,
        0.11979809, -0.11269315, -0.35131883, -0.01392357, -0.11137226,
       -0.03080238,  0.45351492,  0.2352869 ,  0.04192807,  0.15177948,
       -0.43849958, -0.0985808 , -0.37300453,  0.26875504,  0.31332214,
       -0.34099108, -0.10978761, -0.23365791,  0.28610971,  0.20193698,
        0.35820309, -0.03585054, -0.0959295 ,  0.01893991, -0.3451357 ,
        0.34420408,  0.20858624,  0.38284287, -0.01127303, -0.24458712,
        0.32656671, -0.30373816,  0.15984935, -0.33199854, -0.16217116,
       -0.1719306 ,  0.04709103, -0.25185216,  0.0072502 , -0.19894731,
       -0.28696305, -0.00936477, -0.45365142, -0.20376767]) 

Generation: 69 
 - Generation Avg Fit: 3364.8483474515774 
 - Best Fitness: 5262.002692023893 
 - Worst Fitness: 0.0
 - Best Solution: array([ 0.26930798,  0.20407097,  0.37705007, -0.20989009, -0.07290286,
        0.42965012,  0.10609434,  0.17053119, -0.13387696,  0.33819077,
        0.25926385, -0.50782335,  0.06739345, -0.16770028,  0.06887397,
       -0.07490209,  0.2943641 ,  0.17552566,  0.41921674, -0.35011345,
        0.06032885,  0.14561355, -0.37832073, -0.01392357, -0.11423074,
       -0.21134056,  0.4791238 ,  0.2352869 ,  0.03368626,  0.15458806,
       -0.43849958, -0.12794528, -0.36031321,  0.26875504,  0.31332214,
       -0.3321673 , -0.12516729, -0.23040223,  0.27901794,  0.20193698,
        0.38424936, -0.03585054, -0.07234778, -0.07696053, -0.3451357 ,
        0.37655151, -0.17216607,  0.08754747, -0.01989924, -0.19894651,
        0.31213377, -0.30373816,  0.17506013, -0.32799448, -0.16217116,
       -0.15614329,  0.04709103, -0.26275256,  0.00167331, -0.20658351,
       -0.26444062, -0.00936477, -0.45365142, -0.20809285]) 

Generation: 70 
 - Generation Avg Fit: 3566.8896207703137 
 - Best Fitness: 5262.002692023893 
 - Worst Fitness: 0.0
 - Best Solution: array([ 0.26776528,  0.21002956,  0.38393038, -0.2565068 , -0.07302286,
        0.43909105,  0.12838914, -0.07149747, -0.12786955,  0.33407922,
        0.26130474, -0.50537655,  0.09148647, -0.17488907, -0.44075226,
       -0.07490209,  0.29417449,  0.17552566,  0.4012647 , -0.30578541,
        0.11979809, -0.11269315, -0.35131883, -0.01392357, -0.11137226,
       -0.03080238,  0.45351492,  0.2352869 ,  0.04192807,  0.15177948,
       -0.43849958, -0.0985808 , -0.37300453,  0.26875504,  0.31332214,
       -0.34099108, -0.10978761, -0.23365791,  0.28610971,  0.20193698,
        0.35820309, -0.03585054, -0.0959295 ,  0.01893991, -0.3451357 ,
        0.34420408,  0.20858624,  0.38284287, -0.01127303, -0.24458712,
        0.32656671, -0.30373816,  0.15984935, -0.33199854, -0.16217116,
       -0.1719306 ,  0.04709103, -0.25185216,  0.0072502 , -0.19894731,
       -0.28696305, -0.00936477, -0.45365142, -0.20376767]) 

Generation: 71 
 - Generation Avg Fit: 2436.1575586089357 
 - Best Fitness: 5262.002692023893 
 - Worst Fitness: 0.0
 - Best Solution: array([ 0.26930798,  0.20407097,  0.37705007, -0.20989009, -0.07290286,
        0.42965012,  0.10609434,  0.17053119, -0.13387696,  0.33819077,
        0.25926385, -0.50782335,  0.06739345, -0.16770028,  0.06887397,
       -0.07490209,  0.2943641 ,  0.17552566,  0.41921674, -0.35011345,
        0.06032885,  0.14561355, -0.37832073, -0.01392357, -0.11423074,
       -0.21134056,  0.4791238 ,  0.2352869 ,  0.03368626,  0.15458806,
       -0.43849958, -0.12794528, -0.36031321,  0.26875504,  0.31332214,
       -0.3321673 , -0.12516729, -0.23040223,  0.27901794,  0.20193698,
        0.38424936, -0.03585054, -0.07234778, -0.07696053, -0.3451357 ,
        0.37655151, -0.17216607,  0.08754747, -0.01989924, -0.19894651,
        0.31213377, -0.30373816,  0.17506013, -0.32799448, -0.16217116,
       -0.15614329,  0.04709103, -0.26275256,  0.00167331, -0.20658351,
       -0.26444062, -0.00936477, -0.45365142, -0.20809285]) 

Generation: 72 
 - Generation Avg Fit: 2436.1575586089357 
 - Best Fitness: 5262.002692023893 
 - Worst Fitness: 0.0
 - Best Solution: array([ 0.26930798,  0.20407097,  0.37705007, -0.20989009, -0.07290286,
        0.42965012,  0.10609434,  0.17053119, -0.13387696,  0.33819077,
        0.25926385, -0.50782335,  0.06739345, -0.16770028,  0.06887397,
       -0.07490209,  0.2943641 ,  0.17552566,  0.41921674, -0.35011345,
        0.06032885,  0.14561355, -0.37832073, -0.01392357, -0.11423074,
       -0.21134056,  0.4791238 ,  0.2352869 ,  0.03368626,  0.15458806,
       -0.43849958, -0.12794528, -0.36031321,  0.26875504,  0.31332214,
       -0.3321673 , -0.12516729, -0.23040223,  0.27901794,  0.20193698,
        0.38424936, -0.03585054, -0.07234778, -0.07696053, -0.3451357 ,
        0.37655151, -0.17216607,  0.08754747, -0.01989924, -0.19894651,
        0.31213377, -0.30373816,  0.17506013, -0.32799448, -0.16217116,
       -0.15614329,  0.04709103, -0.26275256,  0.00167331, -0.20658351,
       -0.26444062, -0.00936477, -0.45365142, -0.20809285]) 

Generation: 73 
 - Generation Avg Fit: 2436.1575586089357 
 - Best Fitness: 5262.002692023893 
 - Worst Fitness: 0.0
 - Best Solution: array([ 0.26930798,  0.20407097,  0.37705007, -0.20989009, -0.07290286,
        0.42965012,  0.10609434,  0.17053119, -0.13387696,  0.33819077,
        0.25926385, -0.50782335,  0.06739345, -0.16770028,  0.06887397,
       -0.07490209,  0.2943641 ,  0.17552566,  0.41921674, -0.35011345,
        0.06032885,  0.14561355, -0.37832073, -0.01392357, -0.11423074,
       -0.21134056,  0.4791238 ,  0.2352869 ,  0.03368626,  0.15458806,
       -0.43849958, -0.12794528, -0.36031321,  0.26875504,  0.31332214,
       -0.3321673 , -0.12516729, -0.23040223,  0.27901794,  0.20193698,
        0.38424936, -0.03585054, -0.07234778, -0.07696053, -0.3451357 ,
        0.37655151, -0.17216607,  0.08754747, -0.01989924, -0.19894651,
        0.31213377, -0.30373816,  0.17506013, -0.32799448, -0.16217116,
       -0.15614329,  0.04709103, -0.26275256,  0.00167331, -0.20658351,
       -0.26444062, -0.00936477, -0.45365142, -0.20809285]) 

Generation: 74 
 - Generation Avg Fit: 2436.1575586089357 
 - Best Fitness: 5262.002692023893 
 - Worst Fitness: 0.0
 - Best Solution: array([ 0.26930798,  0.20407097,  0.37705007, -0.20989009, -0.07290286,
        0.42965012,  0.10609434,  0.17053119, -0.13387696,  0.33819077,
        0.25926385, -0.50782335,  0.06739345, -0.16770028,  0.06887397,
       -0.07490209,  0.2943641 ,  0.17552566,  0.41921674, -0.35011345,
        0.06032885,  0.14561355, -0.37832073, -0.01392357, -0.11423074,
       -0.21134056,  0.4791238 ,  0.2352869 ,  0.03368626,  0.15458806,
       -0.43849958, -0.12794528, -0.36031321,  0.26875504,  0.31332214,
       -0.3321673 , -0.12516729, -0.23040223,  0.27901794,  0.20193698,
        0.38424936, -0.03585054, -0.07234778, -0.07696053, -0.3451357 ,
        0.37655151, -0.17216607,  0.08754747, -0.01989924, -0.19894651,
        0.31213377, -0.30373816,  0.17506013, -0.32799448, -0.16217116,
       -0.15614329,  0.04709103, -0.26275256,  0.00167331, -0.20658351,
       -0.26444062, -0.00936477, -0.45365142, -0.20809285]) 

Generation: 75 
 - Generation Avg Fit: 2436.1575586089357 
 - Best Fitness: 5262.002692023893 
 - Worst Fitness: 0.0
 - Best Solution: array([ 0.26930798,  0.20407097,  0.37705007, -0.20989009, -0.07290286,
        0.42965012,  0.10609434,  0.17053119, -0.13387696,  0.33819077,
        0.25926385, -0.50782335,  0.06739345, -0.16770028,  0.06887397,
       -0.07490209,  0.2943641 ,  0.17552566,  0.41921674, -0.35011345,
        0.06032885,  0.14561355, -0.37832073, -0.01392357, -0.11423074,
       -0.21134056,  0.4791238 ,  0.2352869 ,  0.03368626,  0.15458806,
       -0.43849958, -0.12794528, -0.36031321,  0.26875504,  0.31332214,
       -0.3321673 , -0.12516729, -0.23040223,  0.27901794,  0.20193698,
        0.38424936, -0.03585054, -0.07234778, -0.07696053, -0.3451357 ,
        0.37655151, -0.17216607,  0.08754747, -0.01989924, -0.19894651,
        0.31213377, -0.30373816,  0.17506013, -0.32799448, -0.16217116,
       -0.15614329,  0.04709103, -0.26275256,  0.00167331, -0.20658351,
       -0.26444062, -0.00936477, -0.45365142, -0.20809285]) 

Generation: 76 
 - Generation Avg Fit: 2436.1575586089357 
 - Best Fitness: 5262.002692023893 
 - Worst Fitness: 0.0
 - Best Solution: array([ 0.26930798,  0.20407097,  0.37705007, -0.20989009, -0.07290286,
        0.42965012,  0.10609434,  0.17053119, -0.13387696,  0.33819077,
        0.25926385, -0.50782335,  0.06739345, -0.16770028,  0.06887397,
       -0.07490209,  0.2943641 ,  0.17552566,  0.41921674, -0.35011345,
        0.06032885,  0.14561355, -0.37832073, -0.01392357, -0.11423074,
       -0.21134056,  0.4791238 ,  0.2352869 ,  0.03368626,  0.15458806,
       -0.43849958, -0.12794528, -0.36031321,  0.26875504,  0.31332214,
       -0.3321673 , -0.12516729, -0.23040223,  0.27901794,  0.20193698,
        0.38424936, -0.03585054, -0.07234778, -0.07696053, -0.3451357 ,
        0.37655151, -0.17216607,  0.08754747, -0.01989924, -0.19894651,
        0.31213377, -0.30373816,  0.17506013, -0.32799448, -0.16217116,
       -0.15614329,  0.04709103, -0.26275256,  0.00167331, -0.20658351,
       -0.26444062, -0.00936477, -0.45365142, -0.20809285]) 

Generation: 77 
 - Generation Avg Fit: 2436.1575586089357 
 - Best Fitness: 5262.002692023893 
 - Worst Fitness: 0.0
 - Best Solution: array([ 0.26930798,  0.20407097,  0.37705007, -0.20989009, -0.07290286,
        0.42965012,  0.10609434,  0.17053119, -0.13387696,  0.33819077,
        0.25926385, -0.50782335,  0.06739345, -0.16770028,  0.06887397,
       -0.07490209,  0.2943641 ,  0.17552566,  0.41921674, -0.35011345,
        0.06032885,  0.14561355, -0.37832073, -0.01392357, -0.11423074,
       -0.21134056,  0.4791238 ,  0.2352869 ,  0.03368626,  0.15458806,
       -0.43849958, -0.12794528, -0.36031321,  0.26875504,  0.31332214,
       -0.3321673 , -0.12516729, -0.23040223,  0.27901794,  0.20193698,
        0.38424936, -0.03585054, -0.07234778, -0.07696053, -0.3451357 ,
        0.37655151, -0.17216607,  0.08754747, -0.01989924, -0.19894651,
        0.31213377, -0.30373816,  0.17506013, -0.32799448, -0.16217116,
       -0.15614329,  0.04709103, -0.26275256,  0.00167331, -0.20658351,
       -0.26444062, -0.00936477, -0.45365142, -0.20809285]) 

Generation: 78 
 - Generation Avg Fit: 2436.1575586089357 
 - Best Fitness: 5262.002692023893 
 - Worst Fitness: 0.0
 - Best Solution: array([ 0.26930798,  0.20407097,  0.37705007, -0.20989009, -0.07290286,
        0.42965012,  0.10609434,  0.17053119, -0.13387696,  0.33819077,
        0.25926385, -0.50782335,  0.06739345, -0.16770028,  0.06887397,
       -0.07490209,  0.2943641 ,  0.17552566,  0.41921674, -0.35011345,
        0.06032885,  0.14561355, -0.37832073, -0.01392357, -0.11423074,
       -0.21134056,  0.4791238 ,  0.2352869 ,  0.03368626,  0.15458806,
       -0.43849958, -0.12794528, -0.36031321,  0.26875504,  0.31332214,
       -0.3321673 , -0.12516729, -0.23040223,  0.27901794,  0.20193698,
        0.38424936, -0.03585054, -0.07234778, -0.07696053, -0.3451357 ,
        0.37655151, -0.17216607,  0.08754747, -0.01989924, -0.19894651,
        0.31213377, -0.30373816,  0.17506013, -0.32799448, -0.16217116,
       -0.15614329,  0.04709103, -0.26275256,  0.00167331, -0.20658351,
       -0.26444062, -0.00936477, -0.45365142, -0.20809285]) 

Generation: 79 
 - Generation Avg Fit: 2436.1575586089357 
 - Best Fitness: 5262.002692023893 
 - Worst Fitness: 0.0
 - Best Solution: array([ 0.26930798,  0.20407097,  0.37705007, -0.20989009, -0.07290286,
        0.42965012,  0.10609434,  0.17053119, -0.13387696,  0.33819077,
        0.25926385, -0.50782335,  0.06739345, -0.16770028,  0.06887397,
       -0.07490209,  0.2943641 ,  0.17552566,  0.41921674, -0.35011345,
        0.06032885,  0.14561355, -0.37832073, -0.01392357, -0.11423074,
       -0.21134056,  0.4791238 ,  0.2352869 ,  0.03368626,  0.15458806,
       -0.43849958, -0.12794528, -0.36031321,  0.26875504,  0.31332214,
       -0.3321673 , -0.12516729, -0.23040223,  0.27901794,  0.20193698,
        0.38424936, -0.03585054, -0.07234778, -0.07696053, -0.3451357 ,
        0.37655151, -0.17216607,  0.08754747, -0.01989924, -0.19894651,
        0.31213377, -0.30373816,  0.17506013, -0.32799448, -0.16217116,
       -0.15614329,  0.04709103, -0.26275256,  0.00167331, -0.20658351,
       -0.26444062, -0.00936477, -0.45365142, -0.20809285]) 

Generation: 80 
 - Generation Avg Fit: 2436.1575586089357 
 - Best Fitness: 5262.002692023893 
 - Worst Fitness: 0.0
 - Best Solution: array([ 0.26930798,  0.20407097,  0.37705007, -0.20989009, -0.07290286,
        0.42965012,  0.10609434,  0.17053119, -0.13387696,  0.33819077,
        0.25926385, -0.50782335,  0.06739345, -0.16770028,  0.06887397,
       -0.07490209,  0.2943641 ,  0.17552566,  0.41921674, -0.35011345,
        0.06032885,  0.14561355, -0.37832073, -0.01392357, -0.11423074,
       -0.21134056,  0.4791238 ,  0.2352869 ,  0.03368626,  0.15458806,
       -0.43849958, -0.12794528, -0.36031321,  0.26875504,  0.31332214,
       -0.3321673 , -0.12516729, -0.23040223,  0.27901794,  0.20193698,
        0.38424936, -0.03585054, -0.07234778, -0.07696053, -0.3451357 ,
        0.37655151, -0.17216607,  0.08754747, -0.01989924, -0.19894651,
        0.31213377, -0.30373816,  0.17506013, -0.32799448, -0.16217116,
       -0.15614329,  0.04709103, -0.26275256,  0.00167331, -0.20658351,
       -0.26444062, -0.00936477, -0.45365142, -0.20809285]) 

Generation: 81 
 - Generation Avg Fit: 3476.10991285612 
 - Best Fitness: 5262.002692023893 
 - Worst Fitness: 0.0
 - Best Solution: array([ 0.26930798,  0.20407097,  0.37705007, -0.20989009, -0.07290286,
        0.42965012,  0.10609434,  0.17053119, -0.13387696,  0.33819077,
        0.25926385, -0.50782335,  0.06739345, -0.16770028,  0.06887397,
       -0.07490209,  0.2943641 ,  0.17552566,  0.41921674, -0.35011345,
        0.06032885,  0.14561355, -0.37832073, -0.01392357, -0.11423074,
       -0.21134056,  0.4791238 ,  0.2352869 ,  0.03368626,  0.15458806,
       -0.43849958, -0.12794528, -0.36031321,  0.26875504,  0.31332214,
       -0.3321673 , -0.12516729, -0.23040223,  0.27901794,  0.20193698,
        0.38424936, -0.03585054, -0.07234778, -0.07696053, -0.3451357 ,
        0.37655151, -0.17216607,  0.08754747, -0.01989924, -0.19894651,
        0.31213377, -0.30373816,  0.17506013, -0.32799448, -0.16217116,
       -0.15614329,  0.04709103, -0.26275256,  0.00167331, -0.20658351,
       -0.26444062, -0.00936477, -0.45365142, -0.20809285]) 

Generation: 82 
 - Generation Avg Fit: 3460.8016143599675 
 - Best Fitness: 5262.002692023893 
 - Worst Fitness: 0.0
 - Best Solution: array([ 0.26930798,  0.20407097,  0.37705007, -0.20989009, -0.07290286,
        0.42965012,  0.10609434,  0.17053119, -0.13387696,  0.33819077,
        0.25926385, -0.50782335,  0.06739345, -0.16770028,  0.06887397,
       -0.07490209,  0.2943641 ,  0.17552566,  0.41921674, -0.35011345,
        0.06032885,  0.14561355, -0.37832073, -0.01392357, -0.11423074,
       -0.21134056,  0.4791238 ,  0.2352869 ,  0.03368626,  0.15458806,
       -0.43849958, -0.12794528, -0.36031321,  0.26875504,  0.31332214,
       -0.3321673 , -0.12516729, -0.23040223,  0.27901794,  0.20193698,
        0.38424936, -0.03585054, -0.07234778, -0.07696053, -0.3451357 ,
        0.37655151, -0.17216607,  0.08754747, -0.01989924, -0.19894651,
        0.31213377, -0.30373816,  0.17506013, -0.32799448, -0.16217116,
       -0.15614329,  0.04709103, -0.26275256,  0.00167331, -0.20658351,
       -0.26444062, -0.00936477, -0.45365142, -0.20809285]) 

Generation: 83 
 - Generation Avg Fit: 3583.5963098919824 
 - Best Fitness: 5262.002692023893 
 - Worst Fitness: 0.0
 - Best Solution: array([ 0.26930798,  0.20407097,  0.37705007, -0.20989009, -0.07290286,
        0.42965012,  0.10609434,  0.17053119, -0.13387696,  0.33819077,
        0.25926385, -0.50782335,  0.06739345, -0.16770028,  0.06887397,
       -0.07490209,  0.2943641 ,  0.17552566,  0.41921674, -0.35011345,
        0.06032885,  0.14561355, -0.37832073, -0.01392357, -0.11423074,
       -0.21134056,  0.4791238 ,  0.2352869 ,  0.03368626,  0.15458806,
       -0.43849958, -0.12794528, -0.36031321,  0.26875504,  0.31332214,
       -0.3321673 , -0.12516729, -0.23040223,  0.27901794,  0.20193698,
        0.38424936, -0.03585054, -0.07234778, -0.07696053, -0.3451357 ,
        0.37655151, -0.17216607,  0.08754747, -0.01989924, -0.19894651,
        0.31213377, -0.30373816,  0.17506013, -0.32799448, -0.16217116,
       -0.15614329,  0.04709103, -0.26275256,  0.00167331, -0.20658351,
       -0.26444062, -0.00936477, -0.45365142, -0.20809285]) 

Generation: 84 
 - Generation Avg Fit: 3640.3710393264364 
 - Best Fitness: 5262.002692023893 
 - Worst Fitness: 0.0
 - Best Solution: array([ 0.26930798,  0.20407097,  0.37705007, -0.20989009, -0.07290286,
        0.42965012,  0.10609434,  0.17053119, -0.13387696,  0.33819077,
        0.25926385, -0.50782335,  0.06739345, -0.16770028,  0.06887397,
       -0.07490209,  0.2943641 ,  0.17552566,  0.41921674, -0.35011345,
        0.06032885,  0.14561355, -0.37832073, -0.01392357, -0.11423074,
       -0.21134056,  0.4791238 ,  0.2352869 ,  0.03368626,  0.15458806,
       -0.43849958, -0.12794528, -0.36031321,  0.26875504,  0.31332214,
       -0.3321673 , -0.12516729, -0.23040223,  0.27901794,  0.20193698,
        0.38424936, -0.03585054, -0.07234778, -0.07696053, -0.3451357 ,
        0.37655151, -0.17216607,  0.08754747, -0.01989924, -0.19894651,
        0.31213377, -0.30373816,  0.17506013, -0.32799448, -0.16217116,
       -0.15614329,  0.04709103, -0.26275256,  0.00167331, -0.20658351,
       -0.26444062, -0.00936477, -0.45365142, -0.20809285]) 

Generation: 85 
 - Generation Avg Fit: 3521.515600251964 
 - Best Fitness: 5262.002692023893 
 - Worst Fitness: 0.0
 - Best Solution: array([ 0.26930798,  0.20407097,  0.37705007, -0.20989009, -0.07290286,
        0.42965012,  0.10609434,  0.17053119, -0.13387696,  0.33819077,
        0.25926385, -0.50782335,  0.06739345, -0.16770028,  0.06887397,
       -0.07490209,  0.2943641 ,  0.17552566,  0.41921674, -0.35011345,
        0.06032885,  0.14561355, -0.37832073, -0.01392357, -0.11423074,
       -0.21134056,  0.4791238 ,  0.2352869 ,  0.03368626,  0.15458806,
       -0.43849958, -0.12794528, -0.36031321,  0.26875504,  0.31332214,
       -0.3321673 , -0.12516729, -0.23040223,  0.27901794,  0.20193698,
        0.38424936, -0.03585054, -0.07234778, -0.07696053, -0.3451357 ,
        0.37655151, -0.17216607,  0.08754747, -0.01989924, -0.19894651,
        0.31213377, -0.30373816,  0.17506013, -0.32799448, -0.16217116,
       -0.15614329,  0.04709103, -0.26275256,  0.00167331, -0.20658351,
       -0.26444062, -0.00936477, -0.45365142, -0.20809285]) 

Generation: 86 
 - Generation Avg Fit: 3823.9050089266484 
 - Best Fitness: 5262.002692023893 
 - Worst Fitness: 0.0
 - Best Solution: array([ 0.26930798,  0.20407097,  0.37705007, -0.20989009, -0.07290286,
        0.42965012,  0.10609434,  0.17053119, -0.13387696,  0.33819077,
        0.25926385, -0.50782335,  0.06739345, -0.16770028,  0.06887397,
       -0.07490209,  0.2943641 ,  0.17552566,  0.41921674, -0.35011345,
        0.06032885,  0.14561355, -0.37832073, -0.01392357, -0.11423074,
       -0.21134056,  0.4791238 ,  0.2352869 ,  0.03368626,  0.15458806,
       -0.43849958, -0.12794528, -0.36031321,  0.26875504,  0.31332214,
       -0.3321673 , -0.12516729, -0.23040223,  0.27901794,  0.20193698,
        0.38424936, -0.03585054, -0.07234778, -0.07696053, -0.3451357 ,
        0.37655151, -0.17216607,  0.08754747, -0.01989924, -0.19894651,
        0.31213377, -0.30373816,  0.17506013, -0.32799448, -0.16217116,
       -0.15614329,  0.04709103, -0.26275256,  0.00167331, -0.20658351,
       -0.26444062, -0.00936477, -0.45365142, -0.20809285]) 

Generation: 87 
 - Generation Avg Fit: 2490.724661993996 
 - Best Fitness: 5262.002692023893 
 - Worst Fitness: 0.0
 - Best Solution: array([ 0.26930798,  0.20407097,  0.37705007, -0.20989009, -0.07290286,
        0.42965012,  0.10609434,  0.17053119, -0.13387696,  0.33819077,
        0.25926385, -0.50782335,  0.06739345, -0.16770028,  0.06887397,
       -0.07490209,  0.2943641 ,  0.17552566,  0.41921674, -0.35011345,
        0.06032885,  0.14561355, -0.37832073, -0.01392357, -0.11423074,
       -0.21134056,  0.4791238 ,  0.2352869 ,  0.03368626,  0.15458806,
       -0.43849958, -0.12794528, -0.36031321,  0.26875504,  0.31332214,
       -0.3321673 , -0.12516729, -0.23040223,  0.27901794,  0.20193698,
        0.38424936, -0.03585054, -0.07234778, -0.07696053, -0.3451357 ,
        0.37655151, -0.17216607,  0.08754747, -0.01989924, -0.19894651,
        0.31213377, -0.30373816,  0.17506013, -0.32799448, -0.16217116,
       -0.15614329,  0.04709103, -0.26275256,  0.00167331, -0.20658351,
       -0.26444062, -0.00936477, -0.45365142, -0.20809285]) 

Generation: 88 
 - Generation Avg Fit: 2490.724661993996 
 - Best Fitness: 5262.002692023893 
 - Worst Fitness: 0.0
 - Best Solution: array([ 0.26930798,  0.20407097,  0.37705007, -0.20989009, -0.07290286,
        0.42965012,  0.10609434,  0.17053119, -0.13387696,  0.33819077,
        0.25926385, -0.50782335,  0.06739345, -0.16770028,  0.06887397,
       -0.07490209,  0.2943641 ,  0.17552566,  0.41921674, -0.35011345,
        0.06032885,  0.14561355, -0.37832073, -0.01392357, -0.11423074,
       -0.21134056,  0.4791238 ,  0.2352869 ,  0.03368626,  0.15458806,
       -0.43849958, -0.12794528, -0.36031321,  0.26875504,  0.31332214,
       -0.3321673 , -0.12516729, -0.23040223,  0.27901794,  0.20193698,
        0.38424936, -0.03585054, -0.07234778, -0.07696053, -0.3451357 ,
        0.37655151, -0.17216607,  0.08754747, -0.01989924, -0.19894651,
        0.31213377, -0.30373816,  0.17506013, -0.32799448, -0.16217116,
       -0.15614329,  0.04709103, -0.26275256,  0.00167331, -0.20658351,
       -0.26444062, -0.00936477, -0.45365142, -0.20809285]) 

Generation: 89 
 - Generation Avg Fit: 3809.048131713497 
 - Best Fitness: 5262.002692023893 
 - Worst Fitness: 0.0
 - Best Solution: array([ 0.26930798,  0.20407097,  0.37705007, -0.20989009, -0.07290286,
        0.42965012,  0.10609434,  0.17053119, -0.13387696,  0.33819077,
        0.25926385, -0.50782335,  0.06739345, -0.16770028,  0.06887397,
       -0.07490209,  0.2943641 ,  0.17552566,  0.41921674, -0.35011345,
        0.06032885,  0.14561355, -0.37832073, -0.01392357, -0.11423074,
       -0.21134056,  0.4791238 ,  0.2352869 ,  0.03368626,  0.15458806,
       -0.43849958, -0.12794528, -0.36031321,  0.26875504,  0.31332214,
       -0.3321673 , -0.12516729, -0.23040223,  0.27901794,  0.20193698,
        0.38424936, -0.03585054, -0.07234778, -0.07696053, -0.3451357 ,
        0.37655151, -0.17216607,  0.08754747, -0.01989924, -0.19894651,
        0.31213377, -0.30373816,  0.17506013, -0.32799448, -0.16217116,
       -0.15614329,  0.04709103, -0.26275256,  0.00167331, -0.20658351,
       -0.26444062, -0.00936477, -0.45365142, -0.20809285]) 

Generation: 90 
 - Generation Avg Fit: 3924.187218049024 
 - Best Fitness: 5262.002692023893 
 - Worst Fitness: 0.0
 - Best Solution: array([ 0.26930798,  0.20407097,  0.37705007, -0.20989009, -0.07290286,
        0.42965012,  0.10609434,  0.17053119, -0.13387696,  0.33819077,
        0.25926385, -0.50782335,  0.06739345, -0.16770028,  0.06887397,
       -0.07490209,  0.2943641 ,  0.17552566,  0.41921674, -0.35011345,
        0.06032885,  0.14561355, -0.37832073, -0.01392357, -0.11423074,
       -0.21134056,  0.4791238 ,  0.2352869 ,  0.03368626,  0.15458806,
       -0.43849958, -0.12794528, -0.36031321,  0.26875504,  0.31332214,
       -0.3321673 , -0.12516729, -0.23040223,  0.27901794,  0.20193698,
        0.38424936, -0.03585054, -0.07234778, -0.07696053, -0.3451357 ,
        0.37655151, -0.17216607,  0.08754747, -0.01989924, -0.19894651,
        0.31213377, -0.30373816,  0.17506013, -0.32799448, -0.16217116,
       -0.15614329,  0.04709103, -0.26275256,  0.00167331, -0.20658351,
       -0.26444062, -0.00936477, -0.45365142, -0.20809285]) 

Generation: 91 
 - Generation Avg Fit: 3919.716041093852 
 - Best Fitness: 5262.002692023893 
 - Worst Fitness: 0.0
 - Best Solution: array([ 0.26930798,  0.20407097,  0.37705007, -0.20989009, -0.07290286,
        0.42965012,  0.10609434,  0.17053119, -0.13387696,  0.33819077,
        0.25926385, -0.50782335,  0.06739345, -0.16770028,  0.06887397,
       -0.07490209,  0.2943641 ,  0.17552566,  0.41921674, -0.35011345,
        0.06032885,  0.14561355, -0.37832073, -0.01392357, -0.11423074,
       -0.21134056,  0.4791238 ,  0.2352869 ,  0.03368626,  0.15458806,
       -0.43849958, -0.12794528, -0.36031321,  0.26875504,  0.31332214,
       -0.3321673 , -0.12516729, -0.23040223,  0.27901794,  0.20193698,
        0.38424936, -0.03585054, -0.07234778, -0.07696053, -0.3451357 ,
        0.37655151, -0.17216607,  0.08754747, -0.01989924, -0.19894651,
        0.31213377, -0.30373816,  0.17506013, -0.32799448, -0.16217116,
       -0.15614329,  0.04709103, -0.26275256,  0.00167331, -0.20658351,
       -0.26444062, -0.00936477, -0.45365142, -0.20809285]) 

Generation: 92 
 - Generation Avg Fit: 4031.2187633439967 
 - Best Fitness: 5262.002692023893 
 - Worst Fitness: 0.0
 - Best Solution: array([ 0.26930798,  0.20407097,  0.37705007, -0.20989009, -0.07290286,
        0.42965012,  0.10609434,  0.17053119, -0.13387696,  0.33819077,
        0.25926385, -0.50782335,  0.06739345, -0.16770028,  0.06887397,
       -0.07490209,  0.2943641 ,  0.17552566,  0.41921674, -0.35011345,
        0.06032885,  0.14561355, -0.37832073, -0.01392357, -0.11423074,
       -0.21134056,  0.4791238 ,  0.2352869 ,  0.03368626,  0.15458806,
       -0.43849958, -0.12794528, -0.36031321,  0.26875504,  0.31332214,
       -0.3321673 , -0.12516729, -0.23040223,  0.27901794,  0.20193698,
        0.38424936, -0.03585054, -0.07234778, -0.07696053, -0.3451357 ,
        0.37655151, -0.17216607,  0.08754747, -0.01989924, -0.19894651,
        0.31213377, -0.30373816,  0.17506013, -0.32799448, -0.16217116,
       -0.15614329,  0.04709103, -0.26275256,  0.00167331, -0.20658351,
       -0.26444062, -0.00936477, -0.45365142, -0.20809285]) 

Generation: 93 
 - Generation Avg Fit: 4080.120803676103 
 - Best Fitness: 5262.002692023893 
 - Worst Fitness: 0.0
 - Best Solution: array([ 0.26930798,  0.20407097,  0.37705007, -0.20989009, -0.07290286,
        0.42965012,  0.10609434,  0.17053119, -0.13387696,  0.33819077,
        0.25926385, -0.50782335,  0.06739345, -0.16770028,  0.06887397,
       -0.07490209,  0.2943641 ,  0.17552566,  0.41921674, -0.35011345,
        0.06032885,  0.14561355, -0.37832073, -0.01392357, -0.11423074,
       -0.21134056,  0.4791238 ,  0.2352869 ,  0.03368626,  0.15458806,
       -0.43849958, -0.12794528, -0.36031321,  0.26875504,  0.31332214,
       -0.3321673 , -0.12516729, -0.23040223,  0.27901794,  0.20193698,
        0.38424936, -0.03585054, -0.07234778, -0.07696053, -0.3451357 ,
        0.37655151, -0.17216607,  0.08754747, -0.01989924, -0.19894651,
        0.31213377, -0.30373816,  0.17506013, -0.32799448, -0.16217116,
       -0.15614329,  0.04709103, -0.26275256,  0.00167331, -0.20658351,
       -0.26444062, -0.00936477, -0.45365142, -0.20809285]) 

Generation: 94 
 - Generation Avg Fit: 4091.5033540923637 
 - Best Fitness: 5262.002692023893 
 - Worst Fitness: 0.0
 - Best Solution: array([ 0.26930798,  0.20407097,  0.37705007, -0.20989009, -0.07290286,
        0.42965012,  0.10609434,  0.17053119, -0.13387696,  0.33819077,
        0.25926385, -0.50782335,  0.06739345, -0.16770028,  0.06887397,
       -0.07490209,  0.2943641 ,  0.17552566,  0.41921674, -0.35011345,
        0.06032885,  0.14561355, -0.37832073, -0.01392357, -0.11423074,
       -0.21134056,  0.4791238 ,  0.2352869 ,  0.03368626,  0.15458806,
       -0.43849958, -0.12794528, -0.36031321,  0.26875504,  0.31332214,
       -0.3321673 , -0.12516729, -0.23040223,  0.27901794,  0.20193698,
        0.38424936, -0.03585054, -0.07234778, -0.07696053, -0.3451357 ,
        0.37655151, -0.17216607,  0.08754747, -0.01989924, -0.19894651,
        0.31213377, -0.30373816,  0.17506013, -0.32799448, -0.16217116,
       -0.15614329,  0.04709103, -0.26275256,  0.00167331, -0.20658351,
       -0.26444062, -0.00936477, -0.45365142, -0.20809285]) 

Generation: 95 
 - Generation Avg Fit: 4130.736378157999 
 - Best Fitness: 5262.002692023893 
 - Worst Fitness: 0.0
 - Best Solution: array([ 0.26930798,  0.20407097,  0.37705007, -0.20989009, -0.07290286,
        0.42965012,  0.10609434,  0.17053119, -0.13387696,  0.33819077,
        0.25926385, -0.50782335,  0.06739345, -0.16770028,  0.06887397,
       -0.07490209,  0.2943641 ,  0.17552566,  0.41921674, -0.35011345,
        0.06032885,  0.14561355, -0.37832073, -0.01392357, -0.11423074,
       -0.21134056,  0.4791238 ,  0.2352869 ,  0.03368626,  0.15458806,
       -0.43849958, -0.12794528, -0.36031321,  0.26875504,  0.31332214,
       -0.3321673 , -0.12516729, -0.23040223,  0.27901794,  0.20193698,
        0.38424936, -0.03585054, -0.07234778, -0.07696053, -0.3451357 ,
        0.37655151, -0.17216607,  0.08754747, -0.01989924, -0.19894651,
        0.31213377, -0.30373816,  0.17506013, -0.32799448, -0.16217116,
       -0.15614329,  0.04709103, -0.26275256,  0.00167331, -0.20658351,
       -0.26444062, -0.00936477, -0.45365142, -0.20809285]) 

Generation: 96 
 - Generation Avg Fit: 4348.8119112849 
 - Best Fitness: 5262.002692023893 
 - Worst Fitness: 0.0
 - Best Solution: array([ 0.26930798,  0.20407097,  0.37705007, -0.20989009, -0.07290286,
        0.42965012,  0.10609434,  0.17053119, -0.13387696,  0.33819077,
        0.25926385, -0.50782335,  0.06739345, -0.16770028,  0.06887397,
       -0.07490209,  0.2943641 ,  0.17552566,  0.41921674, -0.35011345,
        0.06032885,  0.14561355, -0.37832073, -0.01392357, -0.11423074,
       -0.21134056,  0.4791238 ,  0.2352869 ,  0.03368626,  0.15458806,
       -0.43849958, -0.12794528, -0.36031321,  0.26875504,  0.31332214,
       -0.3321673 , -0.12516729, -0.23040223,  0.27901794,  0.20193698,
        0.38424936, -0.03585054, -0.07234778, -0.07696053, -0.3451357 ,
        0.37655151, -0.17216607,  0.08754747, -0.01989924, -0.19894651,
        0.31213377, -0.30373816,  0.17506013, -0.32799448, -0.16217116,
       -0.15614329,  0.04709103, -0.26275256,  0.00167331, -0.20658351,
       -0.26444062, -0.00936477, -0.45365142, -0.20809285]) 

Generation: 97 
 - Generation Avg Fit: 4287.117192097355 
 - Best Fitness: 5262.002692023893 
 - Worst Fitness: 0.0
 - Best Solution: array([ 0.26930798,  0.20407097,  0.37705007, -0.20989009, -0.07290286,
        0.42965012,  0.10609434,  0.17053119, -0.13387696,  0.33819077,
        0.25926385, -0.50782335,  0.06739345, -0.16770028,  0.06887397,
       -0.07490209,  0.2943641 ,  0.17552566,  0.41921674, -0.35011345,
        0.06032885,  0.14561355, -0.37832073, -0.01392357, -0.11423074,
       -0.21134056,  0.4791238 ,  0.2352869 ,  0.03368626,  0.15458806,
       -0.43849958, -0.12794528, -0.36031321,  0.26875504,  0.31332214,
       -0.3321673 , -0.12516729, -0.23040223,  0.27901794,  0.20193698,
        0.38424936, -0.03585054, -0.07234778, -0.07696053, -0.3451357 ,
        0.37655151, -0.17216607,  0.08754747, -0.01989924, -0.19894651,
        0.31213377, -0.30373816,  0.17506013, -0.32799448, -0.16217116,
       -0.15614329,  0.04709103, -0.26275256,  0.00167331, -0.20658351,
       -0.26444062, -0.00936477, -0.45365142, -0.20809285]) 

Generation: 98 
 - Generation Avg Fit: 4359.745024341053 
 - Best Fitness: 5262.002692023893 
 - Worst Fitness: 0.0
 - Best Solution: array([ 0.26930798,  0.20407097,  0.37705007, -0.20989009, -0.07290286,
        0.42965012,  0.10609434,  0.17053119, -0.13387696,  0.33819077,
        0.25926385, -0.50782335,  0.06739345, -0.16770028,  0.06887397,
       -0.07490209,  0.2943641 ,  0.17552566,  0.41921674, -0.35011345,
        0.06032885,  0.14561355, -0.37832073, -0.01392357, -0.11423074,
       -0.21134056,  0.4791238 ,  0.2352869 ,  0.03368626,  0.15458806,
       -0.43849958, -0.12794528, -0.36031321,  0.26875504,  0.31332214,
       -0.3321673 , -0.12516729, -0.23040223,  0.27901794,  0.20193698,
        0.38424936, -0.03585054, -0.07234778, -0.07696053, -0.3451357 ,
        0.37655151, -0.17216607,  0.08754747, -0.01989924, -0.19894651,
        0.31213377, -0.30373816,  0.17506013, -0.32799448, -0.16217116,
       -0.15614329,  0.04709103, -0.26275256,  0.00167331, -0.20658351,
       -0.26444062, -0.00936477, -0.45365142, -0.20809285]) 

Generation: 99 
 - Generation Avg Fit: 4400.399669656289 
 - Best Fitness: 5262.002692023893 
 - Worst Fitness: 0.0
 - Best Solution: array([ 0.26930798,  0.20407097,  0.37705007, -0.20989009, -0.07290286,
        0.42965012,  0.10609434,  0.17053119, -0.13387696,  0.33819077,
        0.25926385, -0.50782335,  0.06739345, -0.16770028,  0.06887397,
       -0.07490209,  0.2943641 ,  0.17552566,  0.41921674, -0.35011345,
        0.06032885,  0.14561355, -0.37832073, -0.01392357, -0.11423074,
       -0.21134056,  0.4791238 ,  0.2352869 ,  0.03368626,  0.15458806,
       -0.43849958, -0.12794528, -0.36031321,  0.26875504,  0.31332214,
       -0.3321673 , -0.12516729, -0.23040223,  0.27901794,  0.20193698,
        0.38424936, -0.03585054, -0.07234778, -0.07696053, -0.3451357 ,
        0.37655151, -0.17216607,  0.08754747, -0.01989924, -0.19894651,
        0.31213377, -0.30373816,  0.17506013, -0.32799448, -0.16217116,
       -0.15614329,  0.04709103, -0.26275256,  0.00167331, -0.20658351,
       -0.26444062, -0.00936477, -0.45365142, -0.20809285]) 

Generation: 100 
 - Generation Avg Fit: 4471.937558664049 
 - Best Fitness: 5346.569800507731 
 - Worst Fitness: 0.0
 - Best Solution: array([ 0.26530737, -0.11821539,  0.37723396, -0.25706043, -0.06137684,
        0.43281887,  0.35476367, -0.0645727 , -0.08738609,  0.34689445,
        0.25549388, -0.10187746,  0.08198814,  0.34334516,  0.00648547,
       -0.07596627,  0.35111173,  0.41021067,  0.38310625, -0.30734755,
        0.10685552, -0.11121982, -0.36064222, -0.02481393, -0.11702993,
        0.06890996,  0.53029948,  0.22852385,  0.02067286, -0.07980213,
       -0.43104481, -0.10559592, -0.37125018,  0.25837619,  0.29040392,
       -0.52766667, -0.13154965, -0.22535366,  0.39796675,  0.21026993,
       -0.14803107,  0.27489717, -0.0855006 ,  0.04775685,  0.02928579,
        0.34318753,  0.22875865,  0.11825409, -0.01121675, -0.17332534,
        0.29082175, -0.30292824,  0.16779385, -0.08090593, -0.1774842 ,
        0.00338501,  0.05286945,  0.15626578,  0.01453319, -0.2015811 ,
       -0.28088309, -0.29243127, -0.44168555, -0.23909836]) 
