
-------------------------------------------------------------------------------------------------------
                                --- Method Parameters ---                                            
-------------------------------------------------------------------------------------------------------

method: PyGAD, entity: hydrostat_reservoir, volume: 50, sim_duration: 500, dt: 0.05, 
fitness_func: pygad_fitness, pop_size: 200, gen_size: 100, weight_search: 0.5, 

-------------------------------------------------------------------------------------------------------
                                --- Pygad  Parameters ---                                            
-------------------------------------------------------------------------------------------------------

parent_selection_type: rank, parents mating: 100, keep parents: 100, crossover type: uniform, 
mutation type: random, mutation prob: 0.5, mutation_max_val: 0.01, mutation_min_val: -0.01, 

=======================================================================================================


Generation: 1 
 - Generation Avg Fit: 100.55807569789002 
 - Best Fitness: 2947.3157543281386 
 - Worst Fitness: 0.0
 - Best Solution: array([0., 0., 0., 0., 0., 0., 0., 0., 0., 0., 0., 0., 0., 0., 0., 0., 0.,
       0., 0., 0., 0., 0., 0., 0., 0., 0., 0., 0., 0., 0., 0., 0., 0., 0.,
       0., 0., 0., 0., 0., 0., 0., 0., 0., 0., 0., 0., 0., 0., 0., 0., 0.,
       0., 0., 0., 0., 0., 0., 0., 0., 0., 0., 0., 0., 0.]) 

Generation: 2 
 - Generation Avg Fit: 153.7581550686982 
 - Best Fitness: 2947.3157543281386 
 - Worst Fitness: 0.0
 - Best Solution: array([-0.45580867,  0.00918702, -0.09787073, -0.24556717,  0.38376781,
       -0.13451679,  0.33463004,  0.24488768,  0.19268109,  0.27231706,
       -0.2939318 ,  0.02740194,  0.26000768, -0.13304601, -0.11999683,
        0.27154818, -0.27942062,  0.13621802,  0.27677453,  0.00345094,
       -0.07620561,  0.21911791,  0.003356  , -0.1410277 ,  0.41323195,
        0.03226732,  0.44103455, -0.40525712, -0.08134166, -0.4167412 ,
       -0.47848613, -0.07895976, -0.01271528,  0.44520996, -0.19635533,
        0.09931137, -0.00501563, -0.02474283,  0.05069188, -0.28622521,
        0.03542144,  0.11463632,  0.26952924,  0.16433049, -0.29225932,
        0.34798888, -0.07429205,  0.27361482,  0.28274157, -0.48948007,
        0.41035869, -0.32286235, -0.10063644, -0.07369805,  0.4333221 ,
       -0.09099489,  0.32381817,  0.07502306,  0.46547772, -0.32081458,
        0.17717185, -0.39301888,  0.33654533,  0.43973361]) 

Generation: 3 
 - Generation Avg Fit: 206.79703556314783 
 - Best Fitness: 3203.5353547581335 
 - Worst Fitness: 0.0
 - Best Solution: array([-0.24482331,  0.41144593, -0.44868866, -0.40342756,  0.06012207,
       -0.0604352 ,  0.24646888,  0.28227456,  0.22856085,  0.41380538,
       -0.44967979, -0.13388666, -0.31555049, -0.14970653,  0.05441931,
        0.45404461, -0.05020011, -0.17556785,  0.09344399,  0.07056747,
        0.1956809 , -0.06841071,  0.03065786,  0.22081744,  0.08930346,
       -0.42441235, -0.12433064, -0.3962657 , -0.33314282,  0.21814249,
        0.08269904, -0.18365592, -0.01226412,  0.16121938, -0.42047577,
       -0.45476734, -0.175034  ,  0.21937231, -0.44526742,  0.33423444,
       -0.49261946, -0.34906369,  0.23862762,  0.28270161,  0.47704184,
       -0.13426537,  0.36154946,  0.38681366, -0.44944605,  0.45721379,
        0.41478709, -0.33745394,  0.39620875, -0.21302823,  0.31853331,
       -0.29400363, -0.34911622,  0.08475491, -0.13109646, -0.01349942,
       -0.46052044, -0.23725961,  0.30172861,  0.27995514]) 

Generation: 4 
 - Generation Avg Fit: 276.61196198776724 
 - Best Fitness: 3203.5353547581335 
 - Worst Fitness: 0.0
 - Best Solution: array([-0.45580867,  0.00918702, -0.09787073, -0.24556717,  0.38376781,
       -0.13451679,  0.33463004,  0.24488768,  0.19268109,  0.27231706,
       -0.2939318 ,  0.02740194,  0.26000768, -0.13304601, -0.11999683,
        0.27154818, -0.27942062,  0.13621802,  0.27677453,  0.00345094,
       -0.07620561,  0.21911791,  0.003356  , -0.1410277 ,  0.41323195,
        0.03226732,  0.44103455, -0.40525712, -0.08134166, -0.4167412 ,
       -0.47848613, -0.07895976, -0.01271528,  0.44520996, -0.19635533,
        0.09931137, -0.00501563, -0.02474283,  0.05069188, -0.28622521,
        0.03542144,  0.11463632,  0.26952924,  0.16433049, -0.29225932,
        0.34798888, -0.07429205,  0.27361482,  0.28274157, -0.48948007,
        0.41035869, -0.32286235, -0.10063644, -0.07369805,  0.4333221 ,
       -0.09099489,  0.32381817,  0.07502306,  0.46547772, -0.32081458,
        0.17717185, -0.39301888,  0.33654533,  0.43973361]) 

Generation: 5 
 - Generation Avg Fit: 348.5268562328545 
 - Best Fitness: 3203.5353547581335 
 - Worst Fitness: 0.0
 - Best Solution: array([-0.11637892,  0.29209167, -0.37278773,  0.12718794,  0.34913041,
        0.47778375,  0.39911201, -0.17741965, -0.15421737,  0.45669041,
        0.16094599,  0.46997296, -0.33008064, -0.32238721,  0.20960974,
       -0.23655746, -0.11436189, -0.39303515,  0.02971412, -0.18575655,
        0.33402395,  0.00104941,  0.38441756, -0.41237181, -0.40743604,
        0.15059514, -0.09926075, -0.34568815, -0.11930983, -0.29330742,
        0.13385462, -0.32754387, -0.35868691, -0.09546131,  0.3372032 ,
        0.10567453, -0.22493072,  0.2700748 , -0.0489731 ,  0.16440641,
        0.09461758, -0.38319415, -0.15288376, -0.36470092, -0.06399933,
        0.0327008 ,  0.38255732,  0.16266372, -0.48366693, -0.08052427,
       -0.29027477,  0.15441612, -0.18729287, -0.42088669,  0.4524376 ,
        0.36149148, -0.30655486,  0.27942568,  0.03671966,  0.28515876,
       -0.3854275 ,  0.28720058, -0.31182025,  0.41273006]) 

Generation: 6 
 - Generation Avg Fit: 434.53939689953506 
 - Best Fitness: 3203.5353547581335 
 - Worst Fitness: 0.0
 - Best Solution: array([-0.11637892,  0.29209167, -0.37278773,  0.12718794,  0.34913041,
        0.47778375,  0.39911201, -0.17741965, -0.15421737,  0.45669041,
        0.16094599,  0.46997296, -0.33008064, -0.32238721,  0.20960974,
       -0.23655746, -0.11436189, -0.39303515,  0.02971412, -0.18575655,
        0.33402395,  0.00104941,  0.38441756, -0.41237181, -0.40743604,
        0.15059514, -0.09926075, -0.34568815, -0.11930983, -0.29330742,
        0.13385462, -0.32754387, -0.35868691, -0.09546131,  0.3372032 ,
        0.10567453, -0.22493072,  0.2700748 , -0.0489731 ,  0.16440641,
        0.09461758, -0.38319415, -0.15288376, -0.36470092, -0.06399933,
        0.0327008 ,  0.38255732,  0.16266372, -0.48366693, -0.08052427,
       -0.29027477,  0.15441612, -0.18729287, -0.42088669,  0.4524376 ,
        0.36149148, -0.30655486,  0.27942568,  0.03671966,  0.28515876,
       -0.3854275 ,  0.28720058, -0.31182025,  0.41273006]) 

Generation: 7 
 - Generation Avg Fit: 514.701179681611 
 - Best Fitness: 3203.5353547581335 
 - Worst Fitness: 0.0
 - Best Solution: array([-0.11637892,  0.29209167, -0.37278773,  0.12718794,  0.34913041,
        0.47778375,  0.39911201, -0.17741965, -0.15421737,  0.45669041,
        0.16094599,  0.46997296, -0.33008064, -0.32238721,  0.20960974,
       -0.23655746, -0.11436189, -0.39303515,  0.02971412, -0.18575655,
        0.33402395,  0.00104941,  0.38441756, -0.41237181, -0.40743604,
        0.15059514, -0.09926075, -0.34568815, -0.11930983, -0.29330742,
        0.13385462, -0.32754387, -0.35868691, -0.09546131,  0.3372032 ,
        0.10567453, -0.22493072,  0.2700748 , -0.0489731 ,  0.16440641,
        0.09461758, -0.38319415, -0.15288376, -0.36470092, -0.06399933,
        0.0327008 ,  0.38255732,  0.16266372, -0.48366693, -0.08052427,
       -0.29027477,  0.15441612, -0.18729287, -0.42088669,  0.4524376 ,
        0.36149148, -0.30655486,  0.27942568,  0.03671966,  0.28515876,
       -0.3854275 ,  0.28720058, -0.31182025,  0.41273006]) 

Generation: 8 
 - Generation Avg Fit: 589.003194559541 
 - Best Fitness: 3203.5353547581335 
 - Worst Fitness: 0.0
 - Best Solution: array([-0.11637892,  0.29209167, -0.37278773,  0.12718794,  0.34913041,
        0.47778375,  0.39911201, -0.17741965, -0.15421737,  0.45669041,
        0.16094599,  0.46997296, -0.33008064, -0.32238721,  0.20960974,
       -0.23655746, -0.11436189, -0.39303515,  0.02971412, -0.18575655,
        0.33402395,  0.00104941,  0.38441756, -0.41237181, -0.40743604,
        0.15059514, -0.09926075, -0.34568815, -0.11930983, -0.29330742,
        0.13385462, -0.32754387, -0.35868691, -0.09546131,  0.3372032 ,
        0.10567453, -0.22493072,  0.2700748 , -0.0489731 ,  0.16440641,
        0.09461758, -0.38319415, -0.15288376, -0.36470092, -0.06399933,
        0.0327008 ,  0.38255732,  0.16266372, -0.48366693, -0.08052427,
       -0.29027477,  0.15441612, -0.18729287, -0.42088669,  0.4524376 ,
        0.36149148, -0.30655486,  0.27942568,  0.03671966,  0.28515876,
       -0.3854275 ,  0.28720058, -0.31182025,  0.41273006]) 

Generation: 9 
 - Generation Avg Fit: 666.0282831369674 
 - Best Fitness: 3203.5353547581335 
 - Worst Fitness: 0.0
 - Best Solution: array([-0.11637892,  0.29209167, -0.37278773,  0.12718794,  0.34913041,
        0.47778375,  0.39911201, -0.17741965, -0.15421737,  0.45669041,
        0.16094599,  0.46997296, -0.33008064, -0.32238721,  0.20960974,
       -0.23655746, -0.11436189, -0.39303515,  0.02971412, -0.18575655,
        0.33402395,  0.00104941,  0.38441756, -0.41237181, -0.40743604,
        0.15059514, -0.09926075, -0.34568815, -0.11930983, -0.29330742,
        0.13385462, -0.32754387, -0.35868691, -0.09546131,  0.3372032 ,
        0.10567453, -0.22493072,  0.2700748 , -0.0489731 ,  0.16440641,
        0.09461758, -0.38319415, -0.15288376, -0.36470092, -0.06399933,
        0.0327008 ,  0.38255732,  0.16266372, -0.48366693, -0.08052427,
       -0.29027477,  0.15441612, -0.18729287, -0.42088669,  0.4524376 ,
        0.36149148, -0.30655486,  0.27942568,  0.03671966,  0.28515876,
       -0.3854275 ,  0.28720058, -0.31182025,  0.41273006]) 

Generation: 10 
 - Generation Avg Fit: 765.8131407125658 
 - Best Fitness: 3203.5353547581335 
 - Worst Fitness: 0.0
 - Best Solution: array([-0.11637892,  0.29209167, -0.37278773,  0.12718794,  0.34913041,
        0.47778375,  0.39911201, -0.17741965, -0.15421737,  0.45669041,
        0.16094599,  0.46997296, -0.33008064, -0.32238721,  0.20960974,
       -0.23655746, -0.11436189, -0.39303515,  0.02971412, -0.18575655,
        0.33402395,  0.00104941,  0.38441756, -0.41237181, -0.40743604,
        0.15059514, -0.09926075, -0.34568815, -0.11930983, -0.29330742,
        0.13385462, -0.32754387, -0.35868691, -0.09546131,  0.3372032 ,
        0.10567453, -0.22493072,  0.2700748 , -0.0489731 ,  0.16440641,
        0.09461758, -0.38319415, -0.15288376, -0.36470092, -0.06399933,
        0.0327008 ,  0.38255732,  0.16266372, -0.48366693, -0.08052427,
       -0.29027477,  0.15441612, -0.18729287, -0.42088669,  0.4524376 ,
        0.36149148, -0.30655486,  0.27942568,  0.03671966,  0.28515876,
       -0.3854275 ,  0.28720058, -0.31182025,  0.41273006]) 

Generation: 11 
 - Generation Avg Fit: 792.3519860990564 
 - Best Fitness: 3452.99566691749 
 - Worst Fitness: 0.0
 - Best Solution: array([ 0.29932698, -0.30003066,  0.07825119,  0.16469493, -0.42314208,
       -0.32189328, -0.45180331,  0.03256595, -0.3540819 , -0.13491522,
        0.34608475,  0.17078411, -0.15900067,  0.11805256, -0.00391998,
       -0.04097173, -0.4796176 ,  0.12998088,  0.12309913, -0.15044893,
       -0.00387962, -0.43558029,  0.18381146,  0.4152918 , -0.21676173,
       -0.37879499,  0.49954332, -0.00644552, -0.08569805,  0.2046885 ,
        0.48138309,  0.4382782 , -0.13477564,  0.00911743, -0.06530305,
        0.1273749 , -0.0715495 ,  0.40144512,  0.1406509 , -0.18006032,
        0.01175901,  0.05943017, -0.15025277, -0.20092852, -0.2983276 ,
       -0.04400897, -0.32975755, -0.29828889,  0.01556533,  0.501374  ,
        0.00282202, -0.10288855,  0.48023065, -0.24292683, -0.2084647 ,
        0.1741495 ,  0.02944384, -0.07382482,  0.22108076, -0.44889555,
       -0.11187492,  0.0127165 ,  0.13094239, -0.003139  ]) 

Generation: 12 
 - Generation Avg Fit: 812.3171370981541 
 - Best Fitness: 3452.99566691749 
 - Worst Fitness: 0.0
 - Best Solution: array([-0.11637892,  0.29209167, -0.37278773,  0.12718794,  0.34913041,
        0.47778375,  0.39911201, -0.17741965, -0.15421737,  0.45669041,
        0.16094599,  0.46997296, -0.33008064, -0.32238721,  0.20960974,
       -0.23655746, -0.11436189, -0.39303515,  0.02971412, -0.18575655,
        0.33402395,  0.00104941,  0.38441756, -0.41237181, -0.40743604,
        0.15059514, -0.09926075, -0.34568815, -0.11930983, -0.29330742,
        0.13385462, -0.32754387, -0.35868691, -0.09546131,  0.3372032 ,
        0.10567453, -0.22493072,  0.2700748 , -0.0489731 ,  0.16440641,
        0.09461758, -0.38319415, -0.15288376, -0.36470092, -0.06399933,
        0.0327008 ,  0.38255732,  0.16266372, -0.48366693, -0.08052427,
       -0.29027477,  0.15441612, -0.18729287, -0.42088669,  0.4524376 ,
        0.36149148, -0.30655486,  0.27942568,  0.03671966,  0.28515876,
       -0.3854275 ,  0.28720058, -0.31182025,  0.41273006]) 

Generation: 13 
 - Generation Avg Fit: 884.1410420334337 
 - Best Fitness: 3452.99566691749 
 - Worst Fitness: 0.0
 - Best Solution: array([ 0.29932698, -0.30003066,  0.07825119,  0.16469493, -0.42314208,
       -0.32189328, -0.45180331,  0.03256595, -0.3540819 , -0.13491522,
        0.34608475,  0.17078411, -0.15900067,  0.11805256, -0.00391998,
       -0.04097173, -0.4796176 ,  0.12998088,  0.12309913, -0.15044893,
       -0.00387962, -0.43558029,  0.18381146,  0.4152918 , -0.21676173,
       -0.37879499,  0.49954332, -0.00644552, -0.08569805,  0.2046885 ,
        0.48138309,  0.4382782 , -0.13477564,  0.00911743, -0.06530305,
        0.1273749 , -0.0715495 ,  0.40144512,  0.1406509 , -0.18006032,
        0.01175901,  0.05943017, -0.15025277, -0.20092852, -0.2983276 ,
       -0.04400897, -0.32975755, -0.29828889,  0.01556533,  0.501374  ,
        0.00282202, -0.10288855,  0.48023065, -0.24292683, -0.2084647 ,
        0.1741495 ,  0.02944384, -0.07382482,  0.22108076, -0.44889555,
       -0.11187492,  0.0127165 ,  0.13094239, -0.003139  ]) 

Generation: 14 
 - Generation Avg Fit: 960.7872460017909 
 - Best Fitness: 3452.99566691749 
 - Worst Fitness: 0.0
 - Best Solution: array([ 0.29932698, -0.30003066,  0.07825119,  0.16469493, -0.42314208,
       -0.32189328, -0.45180331,  0.03256595, -0.3540819 , -0.13491522,
        0.34608475,  0.17078411, -0.15900067,  0.11805256, -0.00391998,
       -0.04097173, -0.4796176 ,  0.12998088,  0.12309913, -0.15044893,
       -0.00387962, -0.43558029,  0.18381146,  0.4152918 , -0.21676173,
       -0.37879499,  0.49954332, -0.00644552, -0.08569805,  0.2046885 ,
        0.48138309,  0.4382782 , -0.13477564,  0.00911743, -0.06530305,
        0.1273749 , -0.0715495 ,  0.40144512,  0.1406509 , -0.18006032,
        0.01175901,  0.05943017, -0.15025277, -0.20092852, -0.2983276 ,
       -0.04400897, -0.32975755, -0.29828889,  0.01556533,  0.501374  ,
        0.00282202, -0.10288855,  0.48023065, -0.24292683, -0.2084647 ,
        0.1741495 ,  0.02944384, -0.07382482,  0.22108076, -0.44889555,
       -0.11187492,  0.0127165 ,  0.13094239, -0.003139  ]) 

Generation: 15 
 - Generation Avg Fit: 953.3537893746401 
 - Best Fitness: 3452.99566691749 
 - Worst Fitness: 0.0
 - Best Solution: array([ 0.29932698, -0.30003066,  0.07825119,  0.16469493, -0.42314208,
       -0.32189328, -0.45180331,  0.03256595, -0.3540819 , -0.13491522,
        0.34608475,  0.17078411, -0.15900067,  0.11805256, -0.00391998,
       -0.04097173, -0.4796176 ,  0.12998088,  0.12309913, -0.15044893,
       -0.00387962, -0.43558029,  0.18381146,  0.4152918 , -0.21676173,
       -0.37879499,  0.49954332, -0.00644552, -0.08569805,  0.2046885 ,
        0.48138309,  0.4382782 , -0.13477564,  0.00911743, -0.06530305,
        0.1273749 , -0.0715495 ,  0.40144512,  0.1406509 , -0.18006032,
        0.01175901,  0.05943017, -0.15025277, -0.20092852, -0.2983276 ,
       -0.04400897, -0.32975755, -0.29828889,  0.01556533,  0.501374  ,
        0.00282202, -0.10288855,  0.48023065, -0.24292683, -0.2084647 ,
        0.1741495 ,  0.02944384, -0.07382482,  0.22108076, -0.44889555,
       -0.11187492,  0.0127165 ,  0.13094239, -0.003139  ]) 

Generation: 16 
 - Generation Avg Fit: 989.3948448696599 
 - Best Fitness: 3452.99566691749 
 - Worst Fitness: 0.0
 - Best Solution: array([ 0.29932698, -0.30003066,  0.07825119,  0.16469493, -0.42314208,
       -0.32189328, -0.45180331,  0.03256595, -0.3540819 , -0.13491522,
        0.34608475,  0.17078411, -0.15900067,  0.11805256, -0.00391998,
       -0.04097173, -0.4796176 ,  0.12998088,  0.12309913, -0.15044893,
       -0.00387962, -0.43558029,  0.18381146,  0.4152918 , -0.21676173,
       -0.37879499,  0.49954332, -0.00644552, -0.08569805,  0.2046885 ,
        0.48138309,  0.4382782 , -0.13477564,  0.00911743, -0.06530305,
        0.1273749 , -0.0715495 ,  0.40144512,  0.1406509 , -0.18006032,
        0.01175901,  0.05943017, -0.15025277, -0.20092852, -0.2983276 ,
       -0.04400897, -0.32975755, -0.29828889,  0.01556533,  0.501374  ,
        0.00282202, -0.10288855,  0.48023065, -0.24292683, -0.2084647 ,
        0.1741495 ,  0.02944384, -0.07382482,  0.22108076, -0.44889555,
       -0.11187492,  0.0127165 ,  0.13094239, -0.003139  ]) 

Generation: 17 
 - Generation Avg Fit: 1013.5825955330677 
 - Best Fitness: 3452.99566691749 
 - Worst Fitness: 0.0
 - Best Solution: array([ 0.29932698, -0.30003066,  0.07825119,  0.16469493, -0.42314208,
       -0.32189328, -0.45180331,  0.03256595, -0.3540819 , -0.13491522,
        0.34608475,  0.17078411, -0.15900067,  0.11805256, -0.00391998,
       -0.04097173, -0.4796176 ,  0.12998088,  0.12309913, -0.15044893,
       -0.00387962, -0.43558029,  0.18381146,  0.4152918 , -0.21676173,
       -0.37879499,  0.49954332, -0.00644552, -0.08569805,  0.2046885 ,
        0.48138309,  0.4382782 , -0.13477564,  0.00911743, -0.06530305,
        0.1273749 , -0.0715495 ,  0.40144512,  0.1406509 , -0.18006032,
        0.01175901,  0.05943017, -0.15025277, -0.20092852, -0.2983276 ,
       -0.04400897, -0.32975755, -0.29828889,  0.01556533,  0.501374  ,
        0.00282202, -0.10288855,  0.48023065, -0.24292683, -0.2084647 ,
        0.1741495 ,  0.02944384, -0.07382482,  0.22108076, -0.44889555,
       -0.11187492,  0.0127165 ,  0.13094239, -0.003139  ]) 

Generation: 18 
 - Generation Avg Fit: 1025.3872400944135 
 - Best Fitness: 3452.99566691749 
 - Worst Fitness: 0.0
 - Best Solution: array([ 0.29932698, -0.30003066,  0.07825119,  0.16469493, -0.42314208,
       -0.32189328, -0.45180331,  0.03256595, -0.3540819 , -0.13491522,
        0.34608475,  0.17078411, -0.15900067,  0.11805256, -0.00391998,
       -0.04097173, -0.4796176 ,  0.12998088,  0.12309913, -0.15044893,
       -0.00387962, -0.43558029,  0.18381146,  0.4152918 , -0.21676173,
       -0.37879499,  0.49954332, -0.00644552, -0.08569805,  0.2046885 ,
        0.48138309,  0.4382782 , -0.13477564,  0.00911743, -0.06530305,
        0.1273749 , -0.0715495 ,  0.40144512,  0.1406509 , -0.18006032,
        0.01175901,  0.05943017, -0.15025277, -0.20092852, -0.2983276 ,
       -0.04400897, -0.32975755, -0.29828889,  0.01556533,  0.501374  ,
        0.00282202, -0.10288855,  0.48023065, -0.24292683, -0.2084647 ,
        0.1741495 ,  0.02944384, -0.07382482,  0.22108076, -0.44889555,
       -0.11187492,  0.0127165 ,  0.13094239, -0.003139  ]) 

Generation: 19 
 - Generation Avg Fit: 1124.4526883870667 
 - Best Fitness: 3452.99566691749 
 - Worst Fitness: 0.0
 - Best Solution: array([ 0.29932698, -0.30003066,  0.07825119,  0.16469493, -0.42314208,
       -0.32189328, -0.45180331,  0.03256595, -0.3540819 , -0.13491522,
        0.34608475,  0.17078411, -0.15900067,  0.11805256, -0.00391998,
       -0.04097173, -0.4796176 ,  0.12998088,  0.12309913, -0.15044893,
       -0.00387962, -0.43558029,  0.18381146,  0.4152918 , -0.21676173,
       -0.37879499,  0.49954332, -0.00644552, -0.08569805,  0.2046885 ,
        0.48138309,  0.4382782 , -0.13477564,  0.00911743, -0.06530305,
        0.1273749 , -0.0715495 ,  0.40144512,  0.1406509 , -0.18006032,
        0.01175901,  0.05943017, -0.15025277, -0.20092852, -0.2983276 ,
       -0.04400897, -0.32975755, -0.29828889,  0.01556533,  0.501374  ,
        0.00282202, -0.10288855,  0.48023065, -0.24292683, -0.2084647 ,
        0.1741495 ,  0.02944384, -0.07382482,  0.22108076, -0.44889555,
       -0.11187492,  0.0127165 ,  0.13094239, -0.003139  ]) 

Generation: 20 
 - Generation Avg Fit: 1138.6387723159694 
 - Best Fitness: 3452.99566691749 
 - Worst Fitness: 0.0
 - Best Solution: array([ 0.29932698, -0.30003066,  0.07825119,  0.16469493, -0.42314208,
       -0.32189328, -0.45180331,  0.03256595, -0.3540819 , -0.13491522,
        0.34608475,  0.17078411, -0.15900067,  0.11805256, -0.00391998,
       -0.04097173, -0.4796176 ,  0.12998088,  0.12309913, -0.15044893,
       -0.00387962, -0.43558029,  0.18381146,  0.4152918 , -0.21676173,
       -0.37879499,  0.49954332, -0.00644552, -0.08569805,  0.2046885 ,
        0.48138309,  0.4382782 , -0.13477564,  0.00911743, -0.06530305,
        0.1273749 , -0.0715495 ,  0.40144512,  0.1406509 , -0.18006032,
        0.01175901,  0.05943017, -0.15025277, -0.20092852, -0.2983276 ,
       -0.04400897, -0.32975755, -0.29828889,  0.01556533,  0.501374  ,
        0.00282202, -0.10288855,  0.48023065, -0.24292683, -0.2084647 ,
        0.1741495 ,  0.02944384, -0.07382482,  0.22108076, -0.44889555,
       -0.11187492,  0.0127165 ,  0.13094239, -0.003139  ]) 

Generation: 21 
 - Generation Avg Fit: 1159.3379914124755 
 - Best Fitness: 3452.99566691749 
 - Worst Fitness: 0.0
 - Best Solution: array([ 0.29932698, -0.30003066,  0.07825119,  0.16469493, -0.42314208,
       -0.32189328, -0.45180331,  0.03256595, -0.3540819 , -0.13491522,
        0.34608475,  0.17078411, -0.15900067,  0.11805256, -0.00391998,
       -0.04097173, -0.4796176 ,  0.12998088,  0.12309913, -0.15044893,
       -0.00387962, -0.43558029,  0.18381146,  0.4152918 , -0.21676173,
       -0.37879499,  0.49954332, -0.00644552, -0.08569805,  0.2046885 ,
        0.48138309,  0.4382782 , -0.13477564,  0.00911743, -0.06530305,
        0.1273749 , -0.0715495 ,  0.40144512,  0.1406509 , -0.18006032,
        0.01175901,  0.05943017, -0.15025277, -0.20092852, -0.2983276 ,
       -0.04400897, -0.32975755, -0.29828889,  0.01556533,  0.501374  ,
        0.00282202, -0.10288855,  0.48023065, -0.24292683, -0.2084647 ,
        0.1741495 ,  0.02944384, -0.07382482,  0.22108076, -0.44889555,
       -0.11187492,  0.0127165 ,  0.13094239, -0.003139  ]) 

Generation: 22 
 - Generation Avg Fit: 1192.2141712027396 
 - Best Fitness: 3452.99566691749 
 - Worst Fitness: 0.0
 - Best Solution: array([ 0.29932698, -0.30003066,  0.07825119,  0.16469493, -0.42314208,
       -0.32189328, -0.45180331,  0.03256595, -0.3540819 , -0.13491522,
        0.34608475,  0.17078411, -0.15900067,  0.11805256, -0.00391998,
       -0.04097173, -0.4796176 ,  0.12998088,  0.12309913, -0.15044893,
       -0.00387962, -0.43558029,  0.18381146,  0.4152918 , -0.21676173,
       -0.37879499,  0.49954332, -0.00644552, -0.08569805,  0.2046885 ,
        0.48138309,  0.4382782 , -0.13477564,  0.00911743, -0.06530305,
        0.1273749 , -0.0715495 ,  0.40144512,  0.1406509 , -0.18006032,
        0.01175901,  0.05943017, -0.15025277, -0.20092852, -0.2983276 ,
       -0.04400897, -0.32975755, -0.29828889,  0.01556533,  0.501374  ,
        0.00282202, -0.10288855,  0.48023065, -0.24292683, -0.2084647 ,
        0.1741495 ,  0.02944384, -0.07382482,  0.22108076, -0.44889555,
       -0.11187492,  0.0127165 ,  0.13094239, -0.003139  ]) 

Generation: 23 
 - Generation Avg Fit: 1223.027892493922 
 - Best Fitness: 3452.99566691749 
 - Worst Fitness: 0.0
 - Best Solution: array([ 0.29932698, -0.30003066,  0.07825119,  0.16469493, -0.42314208,
       -0.32189328, -0.45180331,  0.03256595, -0.3540819 , -0.13491522,
        0.34608475,  0.17078411, -0.15900067,  0.11805256, -0.00391998,
       -0.04097173, -0.4796176 ,  0.12998088,  0.12309913, -0.15044893,
       -0.00387962, -0.43558029,  0.18381146,  0.4152918 , -0.21676173,
       -0.37879499,  0.49954332, -0.00644552, -0.08569805,  0.2046885 ,
        0.48138309,  0.4382782 , -0.13477564,  0.00911743, -0.06530305,
        0.1273749 , -0.0715495 ,  0.40144512,  0.1406509 , -0.18006032,
        0.01175901,  0.05943017, -0.15025277, -0.20092852, -0.2983276 ,
       -0.04400897, -0.32975755, -0.29828889,  0.01556533,  0.501374  ,
        0.00282202, -0.10288855,  0.48023065, -0.24292683, -0.2084647 ,
        0.1741495 ,  0.02944384, -0.07382482,  0.22108076, -0.44889555,
       -0.11187492,  0.0127165 ,  0.13094239, -0.003139  ]) 

Generation: 24 
 - Generation Avg Fit: 1309.8322024461804 
 - Best Fitness: 3726.807362670832 
 - Worst Fitness: 0.0
 - Best Solution: array([ 0.28613737, -0.10523155,  0.23098743,  0.00320735,  0.20871232,
       -0.37531733, -0.44963367, -0.09823126, -0.05530606,  0.3147004 ,
       -0.20480007, -0.38677397,  0.0752235 ,  0.12381037,  0.37653124,
        0.07984052, -0.36090353,  0.28769328,  0.18083459, -0.00410087,
       -0.3668959 ,  0.40439168,  0.38553929,  0.42488041, -0.13155042,
       -0.32884165,  0.47290329,  0.15816256,  0.17800562, -0.01285981,
        0.025723  ,  0.49822173, -0.00434585, -0.33496118, -0.00772945,
        0.20180873,  0.46285518, -0.22239254,  0.43579786, -0.15006158,
        0.13109725, -0.0050935 ,  0.37251551,  0.00439895, -0.17297436,
       -0.03006084, -0.14020771,  0.17991852,  0.3566084 , -0.20445397,
       -0.33780904, -0.38886192, -0.00648131, -0.50227018, -0.08145143,
        0.10773687,  0.02588601,  0.22093665,  0.06935512, -0.2433202 ,
        0.31637264, -0.25463884, -0.30864758,  0.31673101]) 

Generation: 25 
 - Generation Avg Fit: 1390.747799356522 
 - Best Fitness: 3726.807362670832 
 - Worst Fitness: 0.0
 - Best Solution: array([ 0.29932698, -0.30003066,  0.07825119,  0.16469493, -0.42314208,
       -0.32189328, -0.45180331,  0.03256595, -0.3540819 , -0.13491522,
        0.34608475,  0.17078411, -0.15900067,  0.11805256, -0.00391998,
       -0.04097173, -0.4796176 ,  0.12998088,  0.12309913, -0.15044893,
       -0.00387962, -0.43558029,  0.18381146,  0.4152918 , -0.21676173,
       -0.37879499,  0.49954332, -0.00644552, -0.08569805,  0.2046885 ,
        0.48138309,  0.4382782 , -0.13477564,  0.00911743, -0.06530305,
        0.1273749 , -0.0715495 ,  0.40144512,  0.1406509 , -0.18006032,
        0.01175901,  0.05943017, -0.15025277, -0.20092852, -0.2983276 ,
       -0.04400897, -0.32975755, -0.29828889,  0.01556533,  0.501374  ,
        0.00282202, -0.10288855,  0.48023065, -0.24292683, -0.2084647 ,
        0.1741495 ,  0.02944384, -0.07382482,  0.22108076, -0.44889555,
       -0.11187492,  0.0127165 ,  0.13094239, -0.003139  ]) 

Generation: 26 
 - Generation Avg Fit: 1371.461729946565 
 - Best Fitness: 3726.807362670832 
 - Worst Fitness: 0.0
 - Best Solution: array([ 3.37248001e-03, -9.93858477e-02,  0.00000000e+00,  4.27360864e-01,
        7.33418249e-03, -5.90134975e-02,  3.24743745e-01,  4.69464721e-01,
       -7.42802583e-03,  1.00393206e-03, -3.81141123e-01, -2.99473647e-01,
       -3.78700684e-01, -2.58069229e-01,  8.23216887e-03,  6.89790887e-02,
       -4.06164255e-01,  7.10076750e-05,  0.00000000e+00, -4.04188434e-01,
        7.62673263e-02, -2.05817299e-01, -3.33296917e-03, -1.41027701e-01,
        4.14807583e-01, -1.09305523e-01,  4.83138389e-01,  1.63720390e-01,
        2.10747396e-01,  0.00000000e+00,  0.00000000e+00,  8.88561490e-03,
       -4.43323868e-01, -4.66363391e-03, -3.98040483e-03, -3.19365366e-01,
        0.00000000e+00, -2.30122366e-01,  6.81087088e-02, -1.57994902e-01,
       -4.67257958e-01,  3.17102303e-03,  2.68124779e-01, -1.54681845e-02,
       -3.76302698e-03, -2.12749125e-02, -2.37455741e-01,  2.03884955e-01,
        3.52309866e-01,  1.66390730e-01,  3.04547499e-01, -3.00243178e-01,
       -2.55015421e-01, -5.91965353e-03, -6.51748834e-03,  2.31100689e-01,
        4.43921639e-03,  6.61910997e-02,  2.39353516e-03,  4.58226692e-01,
        2.84877654e-02, -2.22444331e-01,  0.00000000e+00,  1.80806583e-01]) 

Generation: 27 
 - Generation Avg Fit: 1408.9936755960985 
 - Best Fitness: 4128.679585928613 
 - Worst Fitness: 0.0
 - Best Solution: array([ 0.2951052 , -0.31315911,  0.320887  ,  0.09065034,  0.36976057,
        0.25650177, -0.46180109, -0.08586509,  0.00159959, -0.26469055,
        0.01507887, -0.3089915 ,  0.09357866, -0.25254891,  0.38100263,
        0.06897909,  0.34241627, -0.19327218, -0.0168288 , -0.17074538,
       -0.00477287, -0.02797246, -0.00232334, -0.34039838,  0.41480758,
        0.26535211,  0.41590526,  0.29852144,  0.1651573 , -0.01421266,
        0.02502379,  0.33208074, -0.00886891, -0.26741131, -0.15781247,
       -0.3059627 , -0.39937257, -0.21436727,  0.04101151, -0.1483127 ,
       -0.00712889, -0.35109312,  0.23650532, -0.02666992, -0.01232723,
        0.19460992,  0.16827198,  0.11945344,  0.03985908,  0.17086939,
        0.31144159, -0.41542628, -0.00655616,  0.34401045, -0.47438493,
       -0.31631805,  0.16148914,  0.21241798, -0.34785848, -0.24808193,
       -0.1135646 , -0.23783806,  0.24901413,  0.17543738]) 

Generation: 28 
 - Generation Avg Fit: 1454.1941179074784 
 - Best Fitness: 4128.679585928613 
 - Worst Fitness: 0.0
 - Best Solution: array([ 3.37248001e-03, -9.93858477e-02,  0.00000000e+00,  4.27360864e-01,
        7.33418249e-03, -5.90134975e-02,  3.24743745e-01,  4.69464721e-01,
       -7.42802583e-03,  1.00393206e-03, -3.81141123e-01, -2.99473647e-01,
       -3.78700684e-01, -2.58069229e-01,  8.23216887e-03,  6.89790887e-02,
       -4.06164255e-01,  7.10076750e-05,  0.00000000e+00, -4.04188434e-01,
        7.62673263e-02, -2.05817299e-01, -3.33296917e-03, -1.41027701e-01,
        4.14807583e-01, -1.09305523e-01,  4.83138389e-01,  1.63720390e-01,
        2.10747396e-01,  0.00000000e+00,  0.00000000e+00,  8.88561490e-03,
       -4.43323868e-01, -4.66363391e-03, -3.98040483e-03, -3.19365366e-01,
        0.00000000e+00, -2.30122366e-01,  6.81087088e-02, -1.57994902e-01,
       -4.67257958e-01,  3.17102303e-03,  2.68124779e-01, -1.54681845e-02,
       -3.76302698e-03, -2.12749125e-02, -2.37455741e-01,  2.03884955e-01,
        3.52309866e-01,  1.66390730e-01,  3.04547499e-01, -3.00243178e-01,
       -2.55015421e-01, -5.91965353e-03, -6.51748834e-03,  2.31100689e-01,
        4.43921639e-03,  6.61910997e-02,  2.39353516e-03,  4.58226692e-01,
        2.84877654e-02, -2.22444331e-01,  0.00000000e+00,  1.80806583e-01]) 

Generation: 29 
 - Generation Avg Fit: 1498.1681039412606 
 - Best Fitness: 4128.679585928613 
 - Worst Fitness: 0.0
 - Best Solution: array([ 0.2951052 , -0.31315911,  0.320887  ,  0.09065034,  0.36976057,
        0.25650177, -0.46180109, -0.08586509,  0.00159959, -0.26469055,
        0.01507887, -0.3089915 ,  0.09357866, -0.25254891,  0.38100263,
        0.06897909,  0.34241627, -0.19327218, -0.0168288 , -0.17074538,
       -0.00477287, -0.02797246, -0.00232334, -0.34039838,  0.41480758,
        0.26535211,  0.41590526,  0.29852144,  0.1651573 , -0.01421266,
        0.02502379,  0.33208074, -0.00886891, -0.26741131, -0.15781247,
       -0.3059627 , -0.39937257, -0.21436727,  0.04101151, -0.1483127 ,
       -0.00712889, -0.35109312,  0.23650532, -0.02666992, -0.01232723,
        0.19460992,  0.16827198,  0.11945344,  0.03985908,  0.17086939,
        0.31144159, -0.41542628, -0.00655616,  0.34401045, -0.47438493,
       -0.31631805,  0.16148914,  0.21241798, -0.34785848, -0.24808193,
       -0.1135646 , -0.23783806,  0.24901413,  0.17543738]) 

Generation: 30 
 - Generation Avg Fit: 1584.8398962633366 
 - Best Fitness: 4128.679585928613 
 - Worst Fitness: 0.0
 - Best Solution: array([ 0.2951052 , -0.31315911,  0.320887  ,  0.09065034,  0.36976057,
        0.25650177, -0.46180109, -0.08586509,  0.00159959, -0.26469055,
        0.01507887, -0.3089915 ,  0.09357866, -0.25254891,  0.38100263,
        0.06897909,  0.34241627, -0.19327218, -0.0168288 , -0.17074538,
       -0.00477287, -0.02797246, -0.00232334, -0.34039838,  0.41480758,
        0.26535211,  0.41590526,  0.29852144,  0.1651573 , -0.01421266,
        0.02502379,  0.33208074, -0.00886891, -0.26741131, -0.15781247,
       -0.3059627 , -0.39937257, -0.21436727,  0.04101151, -0.1483127 ,
       -0.00712889, -0.35109312,  0.23650532, -0.02666992, -0.01232723,
        0.19460992,  0.16827198,  0.11945344,  0.03985908,  0.17086939,
        0.31144159, -0.41542628, -0.00655616,  0.34401045, -0.47438493,
       -0.31631805,  0.16148914,  0.21241798, -0.34785848, -0.24808193,
       -0.1135646 , -0.23783806,  0.24901413,  0.17543738]) 

Generation: 31 
 - Generation Avg Fit: 1560.0916226470508 
 - Best Fitness: 4128.679585928613 
 - Worst Fitness: 0.0
 - Best Solution: array([ 0.2951052 , -0.31315911,  0.320887  ,  0.09065034,  0.36976057,
        0.25650177, -0.46180109, -0.08586509,  0.00159959, -0.26469055,
        0.01507887, -0.3089915 ,  0.09357866, -0.25254891,  0.38100263,
        0.06897909,  0.34241627, -0.19327218, -0.0168288 , -0.17074538,
       -0.00477287, -0.02797246, -0.00232334, -0.34039838,  0.41480758,
        0.26535211,  0.41590526,  0.29852144,  0.1651573 , -0.01421266,
        0.02502379,  0.33208074, -0.00886891, -0.26741131, -0.15781247,
       -0.3059627 , -0.39937257, -0.21436727,  0.04101151, -0.1483127 ,
       -0.00712889, -0.35109312,  0.23650532, -0.02666992, -0.01232723,
        0.19460992,  0.16827198,  0.11945344,  0.03985908,  0.17086939,
        0.31144159, -0.41542628, -0.00655616,  0.34401045, -0.47438493,
       -0.31631805,  0.16148914,  0.21241798, -0.34785848, -0.24808193,
       -0.1135646 , -0.23783806,  0.24901413,  0.17543738]) 

Generation: 32 
 - Generation Avg Fit: 1641.2775949132035 
 - Best Fitness: 4128.679585928613 
 - Worst Fitness: 0.0
 - Best Solution: array([ 0.2951052 , -0.31315911,  0.320887  ,  0.09065034,  0.36976057,
        0.25650177, -0.46180109, -0.08586509,  0.00159959, -0.26469055,
        0.01507887, -0.3089915 ,  0.09357866, -0.25254891,  0.38100263,
        0.06897909,  0.34241627, -0.19327218, -0.0168288 , -0.17074538,
       -0.00477287, -0.02797246, -0.00232334, -0.34039838,  0.41480758,
        0.26535211,  0.41590526,  0.29852144,  0.1651573 , -0.01421266,
        0.02502379,  0.33208074, -0.00886891, -0.26741131, -0.15781247,
       -0.3059627 , -0.39937257, -0.21436727,  0.04101151, -0.1483127 ,
       -0.00712889, -0.35109312,  0.23650532, -0.02666992, -0.01232723,
        0.19460992,  0.16827198,  0.11945344,  0.03985908,  0.17086939,
        0.31144159, -0.41542628, -0.00655616,  0.34401045, -0.47438493,
       -0.31631805,  0.16148914,  0.21241798, -0.34785848, -0.24808193,
       -0.1135646 , -0.23783806,  0.24901413,  0.17543738]) 

Generation: 33 
 - Generation Avg Fit: 1690.0410937552922 
 - Best Fitness: 4128.679585928613 
 - Worst Fitness: 0.0
 - Best Solution: array([ 0.2951052 , -0.31315911,  0.320887  ,  0.09065034,  0.36976057,
        0.25650177, -0.46180109, -0.08586509,  0.00159959, -0.26469055,
        0.01507887, -0.3089915 ,  0.09357866, -0.25254891,  0.38100263,
        0.06897909,  0.34241627, -0.19327218, -0.0168288 , -0.17074538,
       -0.00477287, -0.02797246, -0.00232334, -0.34039838,  0.41480758,
        0.26535211,  0.41590526,  0.29852144,  0.1651573 , -0.01421266,
        0.02502379,  0.33208074, -0.00886891, -0.26741131, -0.15781247,
       -0.3059627 , -0.39937257, -0.21436727,  0.04101151, -0.1483127 ,
       -0.00712889, -0.35109312,  0.23650532, -0.02666992, -0.01232723,
        0.19460992,  0.16827198,  0.11945344,  0.03985908,  0.17086939,
        0.31144159, -0.41542628, -0.00655616,  0.34401045, -0.47438493,
       -0.31631805,  0.16148914,  0.21241798, -0.34785848, -0.24808193,
       -0.1135646 , -0.23783806,  0.24901413,  0.17543738]) 

Generation: 34 
 - Generation Avg Fit: 1702.887454606761 
 - Best Fitness: 4128.679585928613 
 - Worst Fitness: 0.0
 - Best Solution: array([ 0.2951052 , -0.31315911,  0.320887  ,  0.09065034,  0.36976057,
        0.25650177, -0.46180109, -0.08586509,  0.00159959, -0.26469055,
        0.01507887, -0.3089915 ,  0.09357866, -0.25254891,  0.38100263,
        0.06897909,  0.34241627, -0.19327218, -0.0168288 , -0.17074538,
       -0.00477287, -0.02797246, -0.00232334, -0.34039838,  0.41480758,
        0.26535211,  0.41590526,  0.29852144,  0.1651573 , -0.01421266,
        0.02502379,  0.33208074, -0.00886891, -0.26741131, -0.15781247,
       -0.3059627 , -0.39937257, -0.21436727,  0.04101151, -0.1483127 ,
       -0.00712889, -0.35109312,  0.23650532, -0.02666992, -0.01232723,
        0.19460992,  0.16827198,  0.11945344,  0.03985908,  0.17086939,
        0.31144159, -0.41542628, -0.00655616,  0.34401045, -0.47438493,
       -0.31631805,  0.16148914,  0.21241798, -0.34785848, -0.24808193,
       -0.1135646 , -0.23783806,  0.24901413,  0.17543738]) 

Generation: 35 
 - Generation Avg Fit: 1675.3219469278154 
 - Best Fitness: 4128.679585928613 
 - Worst Fitness: 0.0
 - Best Solution: array([ 0.2951052 , -0.31315911,  0.320887  ,  0.09065034,  0.36976057,
        0.25650177, -0.46180109, -0.08586509,  0.00159959, -0.26469055,
        0.01507887, -0.3089915 ,  0.09357866, -0.25254891,  0.38100263,
        0.06897909,  0.34241627, -0.19327218, -0.0168288 , -0.17074538,
       -0.00477287, -0.02797246, -0.00232334, -0.34039838,  0.41480758,
        0.26535211,  0.41590526,  0.29852144,  0.1651573 , -0.01421266,
        0.02502379,  0.33208074, -0.00886891, -0.26741131, -0.15781247,
       -0.3059627 , -0.39937257, -0.21436727,  0.04101151, -0.1483127 ,
       -0.00712889, -0.35109312,  0.23650532, -0.02666992, -0.01232723,
        0.19460992,  0.16827198,  0.11945344,  0.03985908,  0.17086939,
        0.31144159, -0.41542628, -0.00655616,  0.34401045, -0.47438493,
       -0.31631805,  0.16148914,  0.21241798, -0.34785848, -0.24808193,
       -0.1135646 , -0.23783806,  0.24901413,  0.17543738]) 

Generation: 36 
 - Generation Avg Fit: 1825.7803438113385 
 - Best Fitness: 4128.679585928613 
 - Worst Fitness: 0.0
 - Best Solution: array([ 0.2951052 , -0.31315911,  0.320887  ,  0.09065034,  0.36976057,
        0.25650177, -0.46180109, -0.08586509,  0.00159959, -0.26469055,
        0.01507887, -0.3089915 ,  0.09357866, -0.25254891,  0.38100263,
        0.06897909,  0.34241627, -0.19327218, -0.0168288 , -0.17074538,
       -0.00477287, -0.02797246, -0.00232334, -0.34039838,  0.41480758,
        0.26535211,  0.41590526,  0.29852144,  0.1651573 , -0.01421266,
        0.02502379,  0.33208074, -0.00886891, -0.26741131, -0.15781247,
       -0.3059627 , -0.39937257, -0.21436727,  0.04101151, -0.1483127 ,
       -0.00712889, -0.35109312,  0.23650532, -0.02666992, -0.01232723,
        0.19460992,  0.16827198,  0.11945344,  0.03985908,  0.17086939,
        0.31144159, -0.41542628, -0.00655616,  0.34401045, -0.47438493,
       -0.31631805,  0.16148914,  0.21241798, -0.34785848, -0.24808193,
       -0.1135646 , -0.23783806,  0.24901413,  0.17543738]) 

Generation: 37 
 - Generation Avg Fit: 1858.8500114310439 
 - Best Fitness: 4183.3035651075 
 - Worst Fitness: 0.0
 - Best Solution: array([-0.00938795, -0.03351997,  0.10063918, -0.30755841,  0.04235764,
       -0.36921509, -0.01637354, -0.02132707,  0.24266055,  0.38019242,
       -0.14461799, -0.09747566,  0.01890474, -0.4501362 , -0.17403678,
       -0.00127778,  0.34122273,  0.29755524,  0.1868654 , -0.39630069,
        0.14449373,  0.4080959 ,  0.29051679,  0.25535448, -0.13103041,
       -0.40255532,  0.48169366, -0.48448155, -0.11957902, -0.06961763,
        0.03434656, -0.1236469 ,  0.23331232, -0.34172713, -0.47808657,
       -0.19763301,  0.32207108, -0.49328349,  0.02827906, -0.41649486,
        0.37182234, -0.03349225,  0.43225208, -0.00466487, -0.17118335,
       -0.02868486, -0.30394396,  0.01085556,  0.02823328,  0.17752306,
        0.4969837 , -0.13663072,  0.00262157,  0.2131721 , -0.08560978,
        0.19497352, -0.27024234,  0.32929526,  0.38305899,  0.44050536,
       -0.09834245, -0.32433164,  0.14191815,  0.11569562]) 

Generation: 38 
 - Generation Avg Fit: 1875.6004765861248 
 - Best Fitness: 4183.3035651075 
 - Worst Fitness: 0.0
 - Best Solution: array([ 0.2951052 , -0.31315911,  0.320887  ,  0.09065034,  0.36976057,
        0.25650177, -0.46180109, -0.08586509,  0.00159959, -0.26469055,
        0.01507887, -0.3089915 ,  0.09357866, -0.25254891,  0.38100263,
        0.06897909,  0.34241627, -0.19327218, -0.0168288 , -0.17074538,
       -0.00477287, -0.02797246, -0.00232334, -0.34039838,  0.41480758,
        0.26535211,  0.41590526,  0.29852144,  0.1651573 , -0.01421266,
        0.02502379,  0.33208074, -0.00886891, -0.26741131, -0.15781247,
       -0.3059627 , -0.39937257, -0.21436727,  0.04101151, -0.1483127 ,
       -0.00712889, -0.35109312,  0.23650532, -0.02666992, -0.01232723,
        0.19460992,  0.16827198,  0.11945344,  0.03985908,  0.17086939,
        0.31144159, -0.41542628, -0.00655616,  0.34401045, -0.47438493,
       -0.31631805,  0.16148914,  0.21241798, -0.34785848, -0.24808193,
       -0.1135646 , -0.23783806,  0.24901413,  0.17543738]) 

Generation: 39 
 - Generation Avg Fit: 1804.2767460089528 
 - Best Fitness: 4183.3035651075 
 - Worst Fitness: 0.0
 - Best Solution: array([-0.00938795, -0.03351997,  0.10063918, -0.30755841,  0.04235764,
       -0.36921509, -0.01637354, -0.02132707,  0.24266055,  0.38019242,
       -0.14461799, -0.09747566,  0.01890474, -0.4501362 , -0.17403678,
       -0.00127778,  0.34122273,  0.29755524,  0.1868654 , -0.39630069,
        0.14449373,  0.4080959 ,  0.29051679,  0.25535448, -0.13103041,
       -0.40255532,  0.48169366, -0.48448155, -0.11957902, -0.06961763,
        0.03434656, -0.1236469 ,  0.23331232, -0.34172713, -0.47808657,
       -0.19763301,  0.32207108, -0.49328349,  0.02827906, -0.41649486,
        0.37182234, -0.03349225,  0.43225208, -0.00466487, -0.17118335,
       -0.02868486, -0.30394396,  0.01085556,  0.02823328,  0.17752306,
        0.4969837 , -0.13663072,  0.00262157,  0.2131721 , -0.08560978,
        0.19497352, -0.27024234,  0.32929526,  0.38305899,  0.44050536,
       -0.09834245, -0.32433164,  0.14191815,  0.11569562]) 

Generation: 40 
 - Generation Avg Fit: 1958.8593538329349 
 - Best Fitness: 4183.3035651075 
 - Worst Fitness: 0.0
 - Best Solution: array([-0.00938795, -0.03351997,  0.10063918, -0.30755841,  0.04235764,
       -0.36921509, -0.01637354, -0.02132707,  0.24266055,  0.38019242,
       -0.14461799, -0.09747566,  0.01890474, -0.4501362 , -0.17403678,
       -0.00127778,  0.34122273,  0.29755524,  0.1868654 , -0.39630069,
        0.14449373,  0.4080959 ,  0.29051679,  0.25535448, -0.13103041,
       -0.40255532,  0.48169366, -0.48448155, -0.11957902, -0.06961763,
        0.03434656, -0.1236469 ,  0.23331232, -0.34172713, -0.47808657,
       -0.19763301,  0.32207108, -0.49328349,  0.02827906, -0.41649486,
        0.37182234, -0.03349225,  0.43225208, -0.00466487, -0.17118335,
       -0.02868486, -0.30394396,  0.01085556,  0.02823328,  0.17752306,
        0.4969837 , -0.13663072,  0.00262157,  0.2131721 , -0.08560978,
        0.19497352, -0.27024234,  0.32929526,  0.38305899,  0.44050536,
       -0.09834245, -0.32433164,  0.14191815,  0.11569562]) 

Generation: 41 
 - Generation Avg Fit: 1844.055280476169 
 - Best Fitness: 4183.3035651075 
 - Worst Fitness: 0.0
 - Best Solution: array([-0.00938795, -0.03351997,  0.10063918, -0.30755841,  0.04235764,
       -0.36921509, -0.01637354, -0.02132707,  0.24266055,  0.38019242,
       -0.14461799, -0.09747566,  0.01890474, -0.4501362 , -0.17403678,
       -0.00127778,  0.34122273,  0.29755524,  0.1868654 , -0.39630069,
        0.14449373,  0.4080959 ,  0.29051679,  0.25535448, -0.13103041,
       -0.40255532,  0.48169366, -0.48448155, -0.11957902, -0.06961763,
        0.03434656, -0.1236469 ,  0.23331232, -0.34172713, -0.47808657,
       -0.19763301,  0.32207108, -0.49328349,  0.02827906, -0.41649486,
        0.37182234, -0.03349225,  0.43225208, -0.00466487, -0.17118335,
       -0.02868486, -0.30394396,  0.01085556,  0.02823328,  0.17752306,
        0.4969837 , -0.13663072,  0.00262157,  0.2131721 , -0.08560978,
        0.19497352, -0.27024234,  0.32929526,  0.38305899,  0.44050536,
       -0.09834245, -0.32433164,  0.14191815,  0.11569562]) 

Generation: 42 
 - Generation Avg Fit: 1836.8815402774253 
 - Best Fitness: 4183.3035651075 
 - Worst Fitness: 0.0
 - Best Solution: array([-0.00938795, -0.03351997,  0.10063918, -0.30755841,  0.04235764,
       -0.36921509, -0.01637354, -0.02132707,  0.24266055,  0.38019242,
       -0.14461799, -0.09747566,  0.01890474, -0.4501362 , -0.17403678,
       -0.00127778,  0.34122273,  0.29755524,  0.1868654 , -0.39630069,
        0.14449373,  0.4080959 ,  0.29051679,  0.25535448, -0.13103041,
       -0.40255532,  0.48169366, -0.48448155, -0.11957902, -0.06961763,
        0.03434656, -0.1236469 ,  0.23331232, -0.34172713, -0.47808657,
       -0.19763301,  0.32207108, -0.49328349,  0.02827906, -0.41649486,
        0.37182234, -0.03349225,  0.43225208, -0.00466487, -0.17118335,
       -0.02868486, -0.30394396,  0.01085556,  0.02823328,  0.17752306,
        0.4969837 , -0.13663072,  0.00262157,  0.2131721 , -0.08560978,
        0.19497352, -0.27024234,  0.32929526,  0.38305899,  0.44050536,
       -0.09834245, -0.32433164,  0.14191815,  0.11569562]) 

Generation: 43 
 - Generation Avg Fit: 1887.6563605350605 
 - Best Fitness: 4183.3035651075 
 - Worst Fitness: 0.0
 - Best Solution: array([-0.00938795, -0.03351997,  0.10063918, -0.30755841,  0.04235764,
       -0.36921509, -0.01637354, -0.02132707,  0.24266055,  0.38019242,
       -0.14461799, -0.09747566,  0.01890474, -0.4501362 , -0.17403678,
       -0.00127778,  0.34122273,  0.29755524,  0.1868654 , -0.39630069,
        0.14449373,  0.4080959 ,  0.29051679,  0.25535448, -0.13103041,
       -0.40255532,  0.48169366, -0.48448155, -0.11957902, -0.06961763,
        0.03434656, -0.1236469 ,  0.23331232, -0.34172713, -0.47808657,
       -0.19763301,  0.32207108, -0.49328349,  0.02827906, -0.41649486,
        0.37182234, -0.03349225,  0.43225208, -0.00466487, -0.17118335,
       -0.02868486, -0.30394396,  0.01085556,  0.02823328,  0.17752306,
        0.4969837 , -0.13663072,  0.00262157,  0.2131721 , -0.08560978,
        0.19497352, -0.27024234,  0.32929526,  0.38305899,  0.44050536,
       -0.09834245, -0.32433164,  0.14191815,  0.11569562]) 

Generation: 44 
 - Generation Avg Fit: 1897.0521992169704 
 - Best Fitness: 4183.3035651075 
 - Worst Fitness: 0.0
 - Best Solution: array([-0.00938795, -0.03351997,  0.10063918, -0.30755841,  0.04235764,
       -0.36921509, -0.01637354, -0.02132707,  0.24266055,  0.38019242,
       -0.14461799, -0.09747566,  0.01890474, -0.4501362 , -0.17403678,
       -0.00127778,  0.34122273,  0.29755524,  0.1868654 , -0.39630069,
        0.14449373,  0.4080959 ,  0.29051679,  0.25535448, -0.13103041,
       -0.40255532,  0.48169366, -0.48448155, -0.11957902, -0.06961763,
        0.03434656, -0.1236469 ,  0.23331232, -0.34172713, -0.47808657,
       -0.19763301,  0.32207108, -0.49328349,  0.02827906, -0.41649486,
        0.37182234, -0.03349225,  0.43225208, -0.00466487, -0.17118335,
       -0.02868486, -0.30394396,  0.01085556,  0.02823328,  0.17752306,
        0.4969837 , -0.13663072,  0.00262157,  0.2131721 , -0.08560978,
        0.19497352, -0.27024234,  0.32929526,  0.38305899,  0.44050536,
       -0.09834245, -0.32433164,  0.14191815,  0.11569562]) 

Generation: 45 
 - Generation Avg Fit: 2080.9023117781703 
 - Best Fitness: 4183.3035651075 
 - Worst Fitness: 0.0
 - Best Solution: array([-0.00938795, -0.03351997,  0.10063918, -0.30755841,  0.04235764,
       -0.36921509, -0.01637354, -0.02132707,  0.24266055,  0.38019242,
       -0.14461799, -0.09747566,  0.01890474, -0.4501362 , -0.17403678,
       -0.00127778,  0.34122273,  0.29755524,  0.1868654 , -0.39630069,
        0.14449373,  0.4080959 ,  0.29051679,  0.25535448, -0.13103041,
       -0.40255532,  0.48169366, -0.48448155, -0.11957902, -0.06961763,
        0.03434656, -0.1236469 ,  0.23331232, -0.34172713, -0.47808657,
       -0.19763301,  0.32207108, -0.49328349,  0.02827906, -0.41649486,
        0.37182234, -0.03349225,  0.43225208, -0.00466487, -0.17118335,
       -0.02868486, -0.30394396,  0.01085556,  0.02823328,  0.17752306,
        0.4969837 , -0.13663072,  0.00262157,  0.2131721 , -0.08560978,
        0.19497352, -0.27024234,  0.32929526,  0.38305899,  0.44050536,
       -0.09834245, -0.32433164,  0.14191815,  0.11569562]) 

Generation: 46 
 - Generation Avg Fit: 2030.294172716546 
 - Best Fitness: 4183.3035651075 
 - Worst Fitness: 0.0
 - Best Solution: array([-0.00938795, -0.03351997,  0.10063918, -0.30755841,  0.04235764,
       -0.36921509, -0.01637354, -0.02132707,  0.24266055,  0.38019242,
       -0.14461799, -0.09747566,  0.01890474, -0.4501362 , -0.17403678,
       -0.00127778,  0.34122273,  0.29755524,  0.1868654 , -0.39630069,
        0.14449373,  0.4080959 ,  0.29051679,  0.25535448, -0.13103041,
       -0.40255532,  0.48169366, -0.48448155, -0.11957902, -0.06961763,
        0.03434656, -0.1236469 ,  0.23331232, -0.34172713, -0.47808657,
       -0.19763301,  0.32207108, -0.49328349,  0.02827906, -0.41649486,
        0.37182234, -0.03349225,  0.43225208, -0.00466487, -0.17118335,
       -0.02868486, -0.30394396,  0.01085556,  0.02823328,  0.17752306,
        0.4969837 , -0.13663072,  0.00262157,  0.2131721 , -0.08560978,
        0.19497352, -0.27024234,  0.32929526,  0.38305899,  0.44050536,
       -0.09834245, -0.32433164,  0.14191815,  0.11569562]) 

Generation: 47 
 - Generation Avg Fit: 1926.6276256832684 
 - Best Fitness: 4183.3035651075 
 - Worst Fitness: 0.0
 - Best Solution: array([-0.00938795, -0.03351997,  0.10063918, -0.30755841,  0.04235764,
       -0.36921509, -0.01637354, -0.02132707,  0.24266055,  0.38019242,
       -0.14461799, -0.09747566,  0.01890474, -0.4501362 , -0.17403678,
       -0.00127778,  0.34122273,  0.29755524,  0.1868654 , -0.39630069,
        0.14449373,  0.4080959 ,  0.29051679,  0.25535448, -0.13103041,
       -0.40255532,  0.48169366, -0.48448155, -0.11957902, -0.06961763,
        0.03434656, -0.1236469 ,  0.23331232, -0.34172713, -0.47808657,
       -0.19763301,  0.32207108, -0.49328349,  0.02827906, -0.41649486,
        0.37182234, -0.03349225,  0.43225208, -0.00466487, -0.17118335,
       -0.02868486, -0.30394396,  0.01085556,  0.02823328,  0.17752306,
        0.4969837 , -0.13663072,  0.00262157,  0.2131721 , -0.08560978,
        0.19497352, -0.27024234,  0.32929526,  0.38305899,  0.44050536,
       -0.09834245, -0.32433164,  0.14191815,  0.11569562]) 

Generation: 48 
 - Generation Avg Fit: 2002.4395935716402 
 - Best Fitness: 4183.3035651075 
 - Worst Fitness: 0.0
 - Best Solution: array([-0.00938795, -0.03351997,  0.10063918, -0.30755841,  0.04235764,
       -0.36921509, -0.01637354, -0.02132707,  0.24266055,  0.38019242,
       -0.14461799, -0.09747566,  0.01890474, -0.4501362 , -0.17403678,
       -0.00127778,  0.34122273,  0.29755524,  0.1868654 , -0.39630069,
        0.14449373,  0.4080959 ,  0.29051679,  0.25535448, -0.13103041,
       -0.40255532,  0.48169366, -0.48448155, -0.11957902, -0.06961763,
        0.03434656, -0.1236469 ,  0.23331232, -0.34172713, -0.47808657,
       -0.19763301,  0.32207108, -0.49328349,  0.02827906, -0.41649486,
        0.37182234, -0.03349225,  0.43225208, -0.00466487, -0.17118335,
       -0.02868486, -0.30394396,  0.01085556,  0.02823328,  0.17752306,
        0.4969837 , -0.13663072,  0.00262157,  0.2131721 , -0.08560978,
        0.19497352, -0.27024234,  0.32929526,  0.38305899,  0.44050536,
       -0.09834245, -0.32433164,  0.14191815,  0.11569562]) 

Generation: 49 
 - Generation Avg Fit: 2059.080632454471 
 - Best Fitness: 4314.321303204491 
 - Worst Fitness: 0.0
 - Best Solution: array([ 0.32397137, -0.10513895,  0.33064206,  0.02289722,  0.08595059,
        0.30914307, -0.44844548,  0.03500126,  0.46315065, -0.09972606,
        0.00407542, -0.37565228,  0.11505282,  0.0498104 , -0.12285526,
        0.117749  , -0.20442838, -0.19784845,  0.4535941 ,  0.00735999,
        0.00475157, -0.01545565,  0.03970744, -0.10146431, -0.2152881 ,
        0.27944777,  0.45315844,  0.16610899,  0.15654084, -0.02240754,
       -0.47889453, -0.01581417,  0.3705563 ,  0.02653741, -0.40437663,
        0.37014482,  0.46502422, -0.21471625, -0.08566022,  0.0030813 ,
       -0.02112997, -0.3900329 ,  0.38511208, -0.27554766, -0.18808257,
        0.35056422,  0.17558411,  0.45852805,  0.35421857,  0.03284712,
        0.47912514, -0.42439342, -0.04295875,  0.01180202, -0.09091653,
       -0.12982881,  0.02442448, -0.10127847,  0.45325251,  0.04648725,
       -0.11688229, -0.33505582,  0.25578717, -0.20911868]) 

Generation: 50 
 - Generation Avg Fit: 2081.72302478744 
 - Best Fitness: 4314.321303204491 
 - Worst Fitness: 0.0
 - Best Solution: array([-0.00938795, -0.03351997,  0.10063918, -0.30755841,  0.04235764,
       -0.36921509, -0.01637354, -0.02132707,  0.24266055,  0.38019242,
       -0.14461799, -0.09747566,  0.01890474, -0.4501362 , -0.17403678,
       -0.00127778,  0.34122273,  0.29755524,  0.1868654 , -0.39630069,
        0.14449373,  0.4080959 ,  0.29051679,  0.25535448, -0.13103041,
       -0.40255532,  0.48169366, -0.48448155, -0.11957902, -0.06961763,
        0.03434656, -0.1236469 ,  0.23331232, -0.34172713, -0.47808657,
       -0.19763301,  0.32207108, -0.49328349,  0.02827906, -0.41649486,
        0.37182234, -0.03349225,  0.43225208, -0.00466487, -0.17118335,
       -0.02868486, -0.30394396,  0.01085556,  0.02823328,  0.17752306,
        0.4969837 , -0.13663072,  0.00262157,  0.2131721 , -0.08560978,
        0.19497352, -0.27024234,  0.32929526,  0.38305899,  0.44050536,
       -0.09834245, -0.32433164,  0.14191815,  0.11569562]) 

Generation: 51 
 - Generation Avg Fit: 2102.5245106066523 
 - Best Fitness: 4314.321303204491 
 - Worst Fitness: 0.0
 - Best Solution: array([ 0.31577257, -0.09849544, -0.09214157,  0.01783237,  0.0760861 ,
        0.30235352, -0.45327464,  0.03428552,  0.46315065, -0.1049086 ,
       -0.00527854, -0.37584064, -0.40576839,  0.04863977, -0.12854573,
        0.1083489 , -0.19905181, -0.30965117,  0.46339559,  0.01648175,
        0.00266108, -0.02367151, -0.00877388, -0.10146431, -0.20622048,
        0.27944777,  0.4462501 , -0.08768765,  0.15654084, -0.02007839,
       -0.4803972 , -0.01528139, -0.01276062,  0.02408011, -0.40375877,
        0.37187036,  0.45510722, -0.23119676, -0.08803967, -0.17107953,
       -0.02112997, -0.39498493,  0.27643292, -0.28465431, -0.19172245,
        0.35072309, -0.3076524 ,  0.45852805,  0.35421857,  0.02528116,
        0.48818628, -0.42058084, -0.04295875,  0.01359701, -0.09091653,
       -0.13689578, -0.22507558, -0.09678494,  0.45174761,  0.04648725,
       -0.11107828, -0.15608085,  0.26541883, -0.21396255]) 

Generation: 52 
 - Generation Avg Fit: 2156.8357072823374 
 - Best Fitness: 4314.321303204491 
 - Worst Fitness: 0.0
 - Best Solution: array([ 0.31577257, -0.09849544, -0.09214157,  0.01783237,  0.0760861 ,
        0.30235352, -0.45327464,  0.03428552,  0.46315065, -0.1049086 ,
       -0.00527854, -0.37584064, -0.40576839,  0.04863977, -0.12854573,
        0.1083489 , -0.19905181, -0.30965117,  0.46339559,  0.01648175,
        0.00266108, -0.02367151, -0.00877388, -0.10146431, -0.20622048,
        0.27944777,  0.4462501 , -0.08768765,  0.15654084, -0.02007839,
       -0.4803972 , -0.01528139, -0.01276062,  0.02408011, -0.40375877,
        0.37187036,  0.45510722, -0.23119676, -0.08803967, -0.17107953,
       -0.02112997, -0.39498493,  0.27643292, -0.28465431, -0.19172245,
        0.35072309, -0.3076524 ,  0.45852805,  0.35421857,  0.02528116,
        0.48818628, -0.42058084, -0.04295875,  0.01359701, -0.09091653,
       -0.13689578, -0.22507558, -0.09678494,  0.45174761,  0.04648725,
       -0.11107828, -0.15608085,  0.26541883, -0.21396255]) 

Generation: 53 
 - Generation Avg Fit: 2060.2233134591206 
 - Best Fitness: 4314.321303204491 
 - Worst Fitness: 0.0
 - Best Solution: array([ 0.31577257, -0.09849544, -0.09214157,  0.01783237,  0.0760861 ,
        0.30235352, -0.45327464,  0.03428552,  0.46315065, -0.1049086 ,
       -0.00527854, -0.37584064, -0.40576839,  0.04863977, -0.12854573,
        0.1083489 , -0.19905181, -0.30965117,  0.46339559,  0.01648175,
        0.00266108, -0.02367151, -0.00877388, -0.10146431, -0.20622048,
        0.27944777,  0.4462501 , -0.08768765,  0.15654084, -0.02007839,
       -0.4803972 , -0.01528139, -0.01276062,  0.02408011, -0.40375877,
        0.37187036,  0.45510722, -0.23119676, -0.08803967, -0.17107953,
       -0.02112997, -0.39498493,  0.27643292, -0.28465431, -0.19172245,
        0.35072309, -0.3076524 ,  0.45852805,  0.35421857,  0.02528116,
        0.48818628, -0.42058084, -0.04295875,  0.01359701, -0.09091653,
       -0.13689578, -0.22507558, -0.09678494,  0.45174761,  0.04648725,
       -0.11107828, -0.15608085,  0.26541883, -0.21396255]) 

Generation: 54 
 - Generation Avg Fit: 2100.2194312838283 
 - Best Fitness: 4314.321303204491 
 - Worst Fitness: 0.0
 - Best Solution: array([ 0.31577257, -0.09849544, -0.09214157,  0.01783237,  0.0760861 ,
        0.30235352, -0.45327464,  0.03428552,  0.46315065, -0.1049086 ,
       -0.00527854, -0.37584064, -0.40576839,  0.04863977, -0.12854573,
        0.1083489 , -0.19905181, -0.30965117,  0.46339559,  0.01648175,
        0.00266108, -0.02367151, -0.00877388, -0.10146431, -0.20622048,
        0.27944777,  0.4462501 , -0.08768765,  0.15654084, -0.02007839,
       -0.4803972 , -0.01528139, -0.01276062,  0.02408011, -0.40375877,
        0.37187036,  0.45510722, -0.23119676, -0.08803967, -0.17107953,
       -0.02112997, -0.39498493,  0.27643292, -0.28465431, -0.19172245,
        0.35072309, -0.3076524 ,  0.45852805,  0.35421857,  0.02528116,
        0.48818628, -0.42058084, -0.04295875,  0.01359701, -0.09091653,
       -0.13689578, -0.22507558, -0.09678494,  0.45174761,  0.04648725,
       -0.11107828, -0.15608085,  0.26541883, -0.21396255]) 

Generation: 55 
 - Generation Avg Fit: 2147.7544431612023 
 - Best Fitness: 4314.321303204491 
 - Worst Fitness: 0.0
 - Best Solution: array([ 0.31577257, -0.09849544, -0.09214157,  0.01783237,  0.0760861 ,
        0.30235352, -0.45327464,  0.03428552,  0.46315065, -0.1049086 ,
       -0.00527854, -0.37584064, -0.40576839,  0.04863977, -0.12854573,
        0.1083489 , -0.19905181, -0.30965117,  0.46339559,  0.01648175,
        0.00266108, -0.02367151, -0.00877388, -0.10146431, -0.20622048,
        0.27944777,  0.4462501 , -0.08768765,  0.15654084, -0.02007839,
       -0.4803972 , -0.01528139, -0.01276062,  0.02408011, -0.40375877,
        0.37187036,  0.45510722, -0.23119676, -0.08803967, -0.17107953,
       -0.02112997, -0.39498493,  0.27643292, -0.28465431, -0.19172245,
        0.35072309, -0.3076524 ,  0.45852805,  0.35421857,  0.02528116,
        0.48818628, -0.42058084, -0.04295875,  0.01359701, -0.09091653,
       -0.13689578, -0.22507558, -0.09678494,  0.45174761,  0.04648725,
       -0.11107828, -0.15608085,  0.26541883, -0.21396255]) 

Generation: 56 
 - Generation Avg Fit: 2173.878102831303 
 - Best Fitness: 4473.768341985085 
 - Worst Fitness: 0.0
 - Best Solution: array([ 0.00000000e+00, -4.29980161e-02,  1.10716264e-01, -2.56950755e-01,
        4.89686969e-02, -4.01022740e-01,  9.93521615e-02, -3.73427475e-01,
       -6.44176906e-02,  3.68183353e-01, -1.87622782e-03, -2.68389244e-01,
        1.06569599e-01, -1.69470064e-01, -2.22865477e-02,  3.30584671e-01,
        3.38339494e-01, -2.47520672e-01,  1.85590676e-01,  2.11963356e-01,
       -1.46904766e-04,  3.39418856e-03, -3.43338133e-01,  4.27415499e-01,
       -2.25708209e-01, -3.98564379e-01,  2.78149565e-01, -2.24929676e-01,
       -1.14733107e-01, -6.63517105e-02,  2.62479611e-01,  4.11827981e-01,
       -1.93538752e-02,  3.67974065e-01, -3.81534055e-01, -3.30911283e-01,
       -1.68511683e-01, -3.15986986e-01, -6.42778892e-02, -1.50226509e-01,
        5.12898978e-02, -3.07352154e-01,  4.28615756e-01,  1.33740047e-02,
       -1.57372193e-01, -1.43134109e-01, -3.01137796e-01, -3.00665238e-01,
        3.50745484e-01,  1.82564697e-01,  5.14363123e-01, -1.33252523e-01,
        8.42425881e-03, -2.49241156e-01, -1.01178573e-02, -1.67319647e-01,
        1.41581262e-01,  3.29295257e-01, -1.39134483e-01,  6.25556332e-02,
        4.00922457e-01,  2.88227705e-02,  6.70621274e-03, -1.39795198e-02]) 

Generation: 57 
 - Generation Avg Fit: 2146.3957820337378 
 - Best Fitness: 4473.768341985085 
 - Worst Fitness: 0.0
 - Best Solution: array([ 0.31577257, -0.09849544, -0.09214157,  0.01783237,  0.0760861 ,
        0.30235352, -0.45327464,  0.03428552,  0.46315065, -0.1049086 ,
       -0.00527854, -0.37584064, -0.40576839,  0.04863977, -0.12854573,
        0.1083489 , -0.19905181, -0.30965117,  0.46339559,  0.01648175,
        0.00266108, -0.02367151, -0.00877388, -0.10146431, -0.20622048,
        0.27944777,  0.4462501 , -0.08768765,  0.15654084, -0.02007839,
       -0.4803972 , -0.01528139, -0.01276062,  0.02408011, -0.40375877,
        0.37187036,  0.45510722, -0.23119676, -0.08803967, -0.17107953,
       -0.02112997, -0.39498493,  0.27643292, -0.28465431, -0.19172245,
        0.35072309, -0.3076524 ,  0.45852805,  0.35421857,  0.02528116,
        0.48818628, -0.42058084, -0.04295875,  0.01359701, -0.09091653,
       -0.13689578, -0.22507558, -0.09678494,  0.45174761,  0.04648725,
       -0.11107828, -0.15608085,  0.26541883, -0.21396255]) 

Generation: 58 
 - Generation Avg Fit: 2201.5493130573755 
 - Best Fitness: 4473.768341985085 
 - Worst Fitness: 0.0
 - Best Solution: array([ 0.00000000e+00, -4.29980161e-02,  1.10716264e-01, -2.56950755e-01,
        4.89686969e-02, -4.01022740e-01,  9.93521615e-02, -3.73427475e-01,
       -6.44176906e-02,  3.68183353e-01, -1.87622782e-03, -2.68389244e-01,
        1.06569599e-01, -1.69470064e-01, -2.22865477e-02,  3.30584671e-01,
        3.38339494e-01, -2.47520672e-01,  1.85590676e-01,  2.11963356e-01,
       -1.46904766e-04,  3.39418856e-03, -3.43338133e-01,  4.27415499e-01,
       -2.25708209e-01, -3.98564379e-01,  2.78149565e-01, -2.24929676e-01,
       -1.14733107e-01, -6.63517105e-02,  2.62479611e-01,  4.11827981e-01,
       -1.93538752e-02,  3.67974065e-01, -3.81534055e-01, -3.30911283e-01,
       -1.68511683e-01, -3.15986986e-01, -6.42778892e-02, -1.50226509e-01,
        5.12898978e-02, -3.07352154e-01,  4.28615756e-01,  1.33740047e-02,
       -1.57372193e-01, -1.43134109e-01, -3.01137796e-01, -3.00665238e-01,
        3.50745484e-01,  1.82564697e-01,  5.14363123e-01, -1.33252523e-01,
        8.42425881e-03, -2.49241156e-01, -1.01178573e-02, -1.67319647e-01,
        1.41581262e-01,  3.29295257e-01, -1.39134483e-01,  6.25556332e-02,
        4.00922457e-01,  2.88227705e-02,  6.70621274e-03, -1.39795198e-02]) 

Generation: 59 
 - Generation Avg Fit: 2160.2881023846976 
 - Best Fitness: 4473.768341985085 
 - Worst Fitness: 0.0
 - Best Solution: array([ 0.00000000e+00, -4.29980161e-02,  1.10716264e-01, -2.56950755e-01,
        4.89686969e-02, -4.01022740e-01,  9.93521615e-02, -3.73427475e-01,
       -6.44176906e-02,  3.68183353e-01, -1.87622782e-03, -2.68389244e-01,
        1.06569599e-01, -1.69470064e-01, -2.22865477e-02,  3.30584671e-01,
        3.38339494e-01, -2.47520672e-01,  1.85590676e-01,  2.11963356e-01,
       -1.46904766e-04,  3.39418856e-03, -3.43338133e-01,  4.27415499e-01,
       -2.25708209e-01, -3.98564379e-01,  2.78149565e-01, -2.24929676e-01,
       -1.14733107e-01, -6.63517105e-02,  2.62479611e-01,  4.11827981e-01,
       -1.93538752e-02,  3.67974065e-01, -3.81534055e-01, -3.30911283e-01,
       -1.68511683e-01, -3.15986986e-01, -6.42778892e-02, -1.50226509e-01,
        5.12898978e-02, -3.07352154e-01,  4.28615756e-01,  1.33740047e-02,
       -1.57372193e-01, -1.43134109e-01, -3.01137796e-01, -3.00665238e-01,
        3.50745484e-01,  1.82564697e-01,  5.14363123e-01, -1.33252523e-01,
        8.42425881e-03, -2.49241156e-01, -1.01178573e-02, -1.67319647e-01,
        1.41581262e-01,  3.29295257e-01, -1.39134483e-01,  6.25556332e-02,
        4.00922457e-01,  2.88227705e-02,  6.70621274e-03, -1.39795198e-02]) 

Generation: 60 
 - Generation Avg Fit: 2206.897638582521 
 - Best Fitness: 4527.1547982819675 
 - Worst Fitness: 0.0
 - Best Solution: array([ 0.31009109, -0.03983382,  0.23672916,  0.27743289,  0.04269594,
       -0.06913623, -0.47897423, -0.03256967, -0.06441769, -0.25878796,
        0.34781857,  0.30759396,  0.08923736, -0.25836143, -0.01359118,
        0.26772584, -0.30764227, -0.21002178,  0.1918983 , -0.01199214,
       -0.1500477 ,  0.23678785,  0.0111176 ,  0.2589575 , -0.20789153,
        0.03050973,  0.44396831, -0.43845414, -0.11208644, -0.07352702,
        0.24187367, -0.11433722, -0.40446314, -0.06549012, -0.38153405,
        0.17354557,  0.33581008, -0.22860924,  0.44626488, -0.15929107,
       -0.13746601, -0.01889909,  0.47773325, -0.35868416, -0.17247456,
       -0.14388278,  0.16544557, -0.00604681,  0.02806925, -0.50989279,
        0.47509287, -0.41674684, -0.00918216, -0.28399831, -0.01201857,
       -0.16998947,  0.14436355,  0.09772313,  0.01036069,  0.04883488,
        0.08602296, -0.2866414 , -0.32256889,  0.15922892]) 

Generation: 61 
 - Generation Avg Fit: 2200.495560823544 
 - Best Fitness: 4527.1547982819675 
 - Worst Fitness: 0.0
 - Best Solution: array([ 0.00000000e+00, -4.29980161e-02,  1.10716264e-01, -2.56950755e-01,
        4.89686969e-02, -4.01022740e-01,  9.93521615e-02, -3.73427475e-01,
       -6.44176906e-02,  3.68183353e-01, -1.87622782e-03, -2.68389244e-01,
        1.06569599e-01, -1.69470064e-01, -2.22865477e-02,  3.30584671e-01,
        3.38339494e-01, -2.47520672e-01,  1.85590676e-01,  2.11963356e-01,
       -1.46904766e-04,  3.39418856e-03, -3.43338133e-01,  4.27415499e-01,
       -2.25708209e-01, -3.98564379e-01,  2.78149565e-01, -2.24929676e-01,
       -1.14733107e-01, -6.63517105e-02,  2.62479611e-01,  4.11827981e-01,
       -1.93538752e-02,  3.67974065e-01, -3.81534055e-01, -3.30911283e-01,
       -1.68511683e-01, -3.15986986e-01, -6.42778892e-02, -1.50226509e-01,
        5.12898978e-02, -3.07352154e-01,  4.28615756e-01,  1.33740047e-02,
       -1.57372193e-01, -1.43134109e-01, -3.01137796e-01, -3.00665238e-01,
        3.50745484e-01,  1.82564697e-01,  5.14363123e-01, -1.33252523e-01,
        8.42425881e-03, -2.49241156e-01, -1.01178573e-02, -1.67319647e-01,
        1.41581262e-01,  3.29295257e-01, -1.39134483e-01,  6.25556332e-02,
        4.00922457e-01,  2.88227705e-02,  6.70621274e-03, -1.39795198e-02]) 

Generation: 62 
 - Generation Avg Fit: 2286.2360598546884 
 - Best Fitness: 4527.1547982819675 
 - Worst Fitness: 0.0
 - Best Solution: array([ 0.31009109, -0.03983382,  0.23672916,  0.27743289,  0.04269594,
       -0.06913623, -0.47897423, -0.03256967, -0.06441769, -0.25878796,
        0.34781857,  0.30759396,  0.08923736, -0.25836143, -0.01359118,
        0.26772584, -0.30764227, -0.21002178,  0.1918983 , -0.01199214,
       -0.1500477 ,  0.23678785,  0.0111176 ,  0.2589575 , -0.20789153,
        0.03050973,  0.44396831, -0.43845414, -0.11208644, -0.07352702,
        0.24187367, -0.11433722, -0.40446314, -0.06549012, -0.38153405,
        0.17354557,  0.33581008, -0.22860924,  0.44626488, -0.15929107,
       -0.13746601, -0.01889909,  0.47773325, -0.35868416, -0.17247456,
       -0.14388278,  0.16544557, -0.00604681,  0.02806925, -0.50989279,
        0.47509287, -0.41674684, -0.00918216, -0.28399831, -0.01201857,
       -0.16998947,  0.14436355,  0.09772313,  0.01036069,  0.04883488,
        0.08602296, -0.2866414 , -0.32256889,  0.15922892]) 

Generation: 63 
 - Generation Avg Fit: 2339.9311323490056 
 - Best Fitness: 4655.784174671074 
 - Worst Fitness: 0.0
 - Best Solution: array([-0.01124331, -0.10216522, -0.26411489,  0.0086508 ,  0.04865976,
       -0.39934888, -0.45962413, -0.01345703, -0.15128498,  0.41114885,
        0.34215117, -0.38506355,  0.11078874,  0.12325296,  0.39252566,
        0.31465335,  0.34846547,  0.29462378,  0.44669065, -0.39792269,
       -0.02513803, -0.03116292,  0.04405282, -0.13909287, -0.2019013 ,
       -0.39338614,  0.44838242,  0.1828013 , -0.1157405 , -0.29328307,
        0.02637872, -0.10790909, -0.42166818, -0.32975477,  0.32974959,
        0.46301116,  0.32998642, -0.22806689,  0.17469342, -0.14060698,
        0.38744497, -0.30525418,  0.4776601 , -0.04257269, -0.16716742,
       -0.02051451,  0.14992674, -0.15171883,  0.02605844,  0.1854278 ,
       -0.05825793, -0.42198943,  0.0018731 , -0.00459915, -0.07922666,
       -0.16620869,  0.00784505,  0.10128092,  0.43629259,  0.0556103 ,
       -0.05450537, -0.32456297, -0.30183661,  0.15602856]) 

Generation: 64 
 - Generation Avg Fit: 2350.480001583057 
 - Best Fitness: 4655.784174671074 
 - Worst Fitness: 0.0
 - Best Solution: array([ 0.31009109, -0.03983382,  0.23672916,  0.27743289,  0.04269594,
       -0.06913623, -0.47897423, -0.03256967, -0.06441769, -0.25878796,
        0.34781857,  0.30759396,  0.08923736, -0.25836143, -0.01359118,
        0.26772584, -0.30764227, -0.21002178,  0.1918983 , -0.01199214,
       -0.1500477 ,  0.23678785,  0.0111176 ,  0.2589575 , -0.20789153,
        0.03050973,  0.44396831, -0.43845414, -0.11208644, -0.07352702,
        0.24187367, -0.11433722, -0.40446314, -0.06549012, -0.38153405,
        0.17354557,  0.33581008, -0.22860924,  0.44626488, -0.15929107,
       -0.13746601, -0.01889909,  0.47773325, -0.35868416, -0.17247456,
       -0.14388278,  0.16544557, -0.00604681,  0.02806925, -0.50989279,
        0.47509287, -0.41674684, -0.00918216, -0.28399831, -0.01201857,
       -0.16998947,  0.14436355,  0.09772313,  0.01036069,  0.04883488,
        0.08602296, -0.2866414 , -0.32256889,  0.15922892]) 

Generation: 65 
 - Generation Avg Fit: 2326.369063058035 
 - Best Fitness: 4655.784174671074 
 - Worst Fitness: 0.0
 - Best Solution: array([-0.01124331, -0.10216522, -0.26411489,  0.0086508 ,  0.04865976,
       -0.39934888, -0.45962413, -0.01345703, -0.15128498,  0.41114885,
        0.34215117, -0.38506355,  0.11078874,  0.12325296,  0.39252566,
        0.31465335,  0.34846547,  0.29462378,  0.44669065, -0.39792269,
       -0.02513803, -0.03116292,  0.04405282, -0.13909287, -0.2019013 ,
       -0.39338614,  0.44838242,  0.1828013 , -0.1157405 , -0.29328307,
        0.02637872, -0.10790909, -0.42166818, -0.32975477,  0.32974959,
        0.46301116,  0.32998642, -0.22806689,  0.17469342, -0.14060698,
        0.38744497, -0.30525418,  0.4776601 , -0.04257269, -0.16716742,
       -0.02051451,  0.14992674, -0.15171883,  0.02605844,  0.1854278 ,
       -0.05825793, -0.42198943,  0.0018731 , -0.00459915, -0.07922666,
       -0.16620869,  0.00784505,  0.10128092,  0.43629259,  0.0556103 ,
       -0.05450537, -0.32456297, -0.30183661,  0.15602856]) 

Generation: 66 
 - Generation Avg Fit: 2251.626443654041 
 - Best Fitness: 5022.366624698353 
 - Worst Fitness: 0.0
 - Best Solution: array([ 0.28245173, -0.03180675,  0.32667484,  0.02039357, -0.41378094,
        0.30287131, -0.45530129, -0.01810363,  0.09254246,  0.36958773,
       -0.00255775, -0.37431042,  0.10968937, -0.26788461,  0.39013353,
        0.50551435, -0.26217332, -0.18861231,  0.3967331 ,  0.01849607,
        0.00082036, -0.03682794,  0.04165724, -0.11095544, -0.37807946,
       -0.38553945,  0.47014848, -0.49256589,  0.18929807, -0.00546402,
        0.02106555, -0.11777915, -0.02800627, -0.36785151,  0.3290949 ,
        0.37014482,  0.31338492, -0.2226028 ,  0.43950773, -0.15009172,
        0.05343421, -0.03585442,  0.47677694, -0.45159824, -0.17757094,
       -0.18107269, -0.30192046,  0.0039867 ,  0.0375609 ,  0.03030249,
       -0.04321232,  0.14309282, -0.03960747,  0.21833143, -0.09758166,
       -0.14170211,  0.03521912,  0.47438598,  0.46169968,  0.02974336,
       -0.11478125, -0.33385779,  0.27602852, -0.19835   ]) 

Generation: 67 
 - Generation Avg Fit: 2224.799397013593 
 - Best Fitness: 5022.366624698353 
 - Worst Fitness: 0.0
 - Best Solution: array([-0.01124331, -0.10216522, -0.26411489,  0.0086508 ,  0.04865976,
       -0.39934888, -0.45962413, -0.01345703, -0.15128498,  0.41114885,
        0.34215117, -0.38506355,  0.11078874,  0.12325296,  0.39252566,
        0.31465335,  0.34846547,  0.29462378,  0.44669065, -0.39792269,
       -0.02513803, -0.03116292,  0.04405282, -0.13909287, -0.2019013 ,
       -0.39338614,  0.44838242,  0.1828013 , -0.1157405 , -0.29328307,
        0.02637872, -0.10790909, -0.42166818, -0.32975477,  0.32974959,
        0.46301116,  0.32998642, -0.22806689,  0.17469342, -0.14060698,
        0.38744497, -0.30525418,  0.4776601 , -0.04257269, -0.16716742,
       -0.02051451,  0.14992674, -0.15171883,  0.02605844,  0.1854278 ,
       -0.05825793, -0.42198943,  0.0018731 , -0.00459915, -0.07922666,
       -0.16620869,  0.00784505,  0.10128092,  0.43629259,  0.0556103 ,
       -0.05450537, -0.32456297, -0.30183661,  0.15602856]) 

Generation: 68 
 - Generation Avg Fit: 2490.916553221666 
 - Best Fitness: 5022.366624698353 
 - Worst Fitness: 0.0
 - Best Solution: array([ 0.28245173, -0.03180675,  0.32667484,  0.02039357, -0.41378094,
        0.30287131, -0.45530129, -0.01810363,  0.09254246,  0.36958773,
       -0.00255775, -0.37431042,  0.10968937, -0.26788461,  0.39013353,
        0.50551435, -0.26217332, -0.18861231,  0.3967331 ,  0.01849607,
        0.00082036, -0.03682794,  0.04165724, -0.11095544, -0.37807946,
       -0.38553945,  0.47014848, -0.49256589,  0.18929807, -0.00546402,
        0.02106555, -0.11777915, -0.02800627, -0.36785151,  0.3290949 ,
        0.37014482,  0.31338492, -0.2226028 ,  0.43950773, -0.15009172,
        0.05343421, -0.03585442,  0.47677694, -0.45159824, -0.17757094,
       -0.18107269, -0.30192046,  0.0039867 ,  0.0375609 ,  0.03030249,
       -0.04321232,  0.14309282, -0.03960747,  0.21833143, -0.09758166,
       -0.14170211,  0.03521912,  0.47438598,  0.46169968,  0.02974336,
       -0.11478125, -0.33385779,  0.27602852, -0.19835   ]) 

Generation: 69 
 - Generation Avg Fit: 2438.506674681532 
 - Best Fitness: 5022.366624698353 
 - Worst Fitness: 0.0
 - Best Solution: array([ 0.28245173, -0.03180675,  0.32667484,  0.02039357, -0.41378094,
        0.30287131, -0.45530129, -0.01810363,  0.09254246,  0.36958773,
       -0.00255775, -0.37431042,  0.10968937, -0.26788461,  0.39013353,
        0.50551435, -0.26217332, -0.18861231,  0.3967331 ,  0.01849607,
        0.00082036, -0.03682794,  0.04165724, -0.11095544, -0.37807946,
       -0.38553945,  0.47014848, -0.49256589,  0.18929807, -0.00546402,
        0.02106555, -0.11777915, -0.02800627, -0.36785151,  0.3290949 ,
        0.37014482,  0.31338492, -0.2226028 ,  0.43950773, -0.15009172,
        0.05343421, -0.03585442,  0.47677694, -0.45159824, -0.17757094,
       -0.18107269, -0.30192046,  0.0039867 ,  0.0375609 ,  0.03030249,
       -0.04321232,  0.14309282, -0.03960747,  0.21833143, -0.09758166,
       -0.14170211,  0.03521912,  0.47438598,  0.46169968,  0.02974336,
       -0.11478125, -0.33385779,  0.27602852, -0.19835   ]) 

Generation: 70 
 - Generation Avg Fit: 2432.1578432912866 
 - Best Fitness: 5022.366624698353 
 - Worst Fitness: 0.0
 - Best Solution: array([ 0.28245173, -0.03180675,  0.32667484,  0.02039357, -0.41378094,
        0.30287131, -0.45530129, -0.01810363,  0.09254246,  0.36958773,
       -0.00255775, -0.37431042,  0.10968937, -0.26788461,  0.39013353,
        0.50551435, -0.26217332, -0.18861231,  0.3967331 ,  0.01849607,
        0.00082036, -0.03682794,  0.04165724, -0.11095544, -0.37807946,
       -0.38553945,  0.47014848, -0.49256589,  0.18929807, -0.00546402,
        0.02106555, -0.11777915, -0.02800627, -0.36785151,  0.3290949 ,
        0.37014482,  0.31338492, -0.2226028 ,  0.43950773, -0.15009172,
        0.05343421, -0.03585442,  0.47677694, -0.45159824, -0.17757094,
       -0.18107269, -0.30192046,  0.0039867 ,  0.0375609 ,  0.03030249,
       -0.04321232,  0.14309282, -0.03960747,  0.21833143, -0.09758166,
       -0.14170211,  0.03521912,  0.47438598,  0.46169968,  0.02974336,
       -0.11478125, -0.33385779,  0.27602852, -0.19835   ]) 

Generation: 71 
 - Generation Avg Fit: 2371.6540814028613 
 - Best Fitness: 5022.366624698353 
 - Worst Fitness: 0.0
 - Best Solution: array([ 0.28245173, -0.03180675,  0.32667484,  0.02039357, -0.41378094,
        0.30287131, -0.45530129, -0.01810363,  0.09254246,  0.36958773,
       -0.00255775, -0.37431042,  0.10968937, -0.26788461,  0.39013353,
        0.50551435, -0.26217332, -0.18861231,  0.3967331 ,  0.01849607,
        0.00082036, -0.03682794,  0.04165724, -0.11095544, -0.37807946,
       -0.38553945,  0.47014848, -0.49256589,  0.18929807, -0.00546402,
        0.02106555, -0.11777915, -0.02800627, -0.36785151,  0.3290949 ,
        0.37014482,  0.31338492, -0.2226028 ,  0.43950773, -0.15009172,
        0.05343421, -0.03585442,  0.47677694, -0.45159824, -0.17757094,
       -0.18107269, -0.30192046,  0.0039867 ,  0.0375609 ,  0.03030249,
       -0.04321232,  0.14309282, -0.03960747,  0.21833143, -0.09758166,
       -0.14170211,  0.03521912,  0.47438598,  0.46169968,  0.02974336,
       -0.11478125, -0.33385779,  0.27602852, -0.19835   ]) 

Generation: 72 
 - Generation Avg Fit: 2408.523625443156 
 - Best Fitness: 5022.366624698353 
 - Worst Fitness: 0.0
 - Best Solution: array([ 0.28245173, -0.03180675,  0.32667484,  0.02039357, -0.41378094,
        0.30287131, -0.45530129, -0.01810363,  0.09254246,  0.36958773,
       -0.00255775, -0.37431042,  0.10968937, -0.26788461,  0.39013353,
        0.50551435, -0.26217332, -0.18861231,  0.3967331 ,  0.01849607,
        0.00082036, -0.03682794,  0.04165724, -0.11095544, -0.37807946,
       -0.38553945,  0.47014848, -0.49256589,  0.18929807, -0.00546402,
        0.02106555, -0.11777915, -0.02800627, -0.36785151,  0.3290949 ,
        0.37014482,  0.31338492, -0.2226028 ,  0.43950773, -0.15009172,
        0.05343421, -0.03585442,  0.47677694, -0.45159824, -0.17757094,
       -0.18107269, -0.30192046,  0.0039867 ,  0.0375609 ,  0.03030249,
       -0.04321232,  0.14309282, -0.03960747,  0.21833143, -0.09758166,
       -0.14170211,  0.03521912,  0.47438598,  0.46169968,  0.02974336,
       -0.11478125, -0.33385779,  0.27602852, -0.19835   ]) 

Generation: 73 
 - Generation Avg Fit: 2460.1136187861352 
 - Best Fitness: 5022.366624698353 
 - Worst Fitness: 0.0
 - Best Solution: array([ 0.28245173, -0.03180675,  0.32667484,  0.02039357, -0.41378094,
        0.30287131, -0.45530129, -0.01810363,  0.09254246,  0.36958773,
       -0.00255775, -0.37431042,  0.10968937, -0.26788461,  0.39013353,
        0.50551435, -0.26217332, -0.18861231,  0.3967331 ,  0.01849607,
        0.00082036, -0.03682794,  0.04165724, -0.11095544, -0.37807946,
       -0.38553945,  0.47014848, -0.49256589,  0.18929807, -0.00546402,
        0.02106555, -0.11777915, -0.02800627, -0.36785151,  0.3290949 ,
        0.37014482,  0.31338492, -0.2226028 ,  0.43950773, -0.15009172,
        0.05343421, -0.03585442,  0.47677694, -0.45159824, -0.17757094,
       -0.18107269, -0.30192046,  0.0039867 ,  0.0375609 ,  0.03030249,
       -0.04321232,  0.14309282, -0.03960747,  0.21833143, -0.09758166,
       -0.14170211,  0.03521912,  0.47438598,  0.46169968,  0.02974336,
       -0.11478125, -0.33385779,  0.27602852, -0.19835   ]) 

Generation: 74 
 - Generation Avg Fit: 2529.7560099224665 
 - Best Fitness: 5022.366624698353 
 - Worst Fitness: 0.0
 - Best Solution: array([ 0.28245173, -0.03180675,  0.32667484,  0.02039357, -0.41378094,
        0.30287131, -0.45530129, -0.01810363,  0.09254246,  0.36958773,
       -0.00255775, -0.37431042,  0.10968937, -0.26788461,  0.39013353,
        0.50551435, -0.26217332, -0.18861231,  0.3967331 ,  0.01849607,
        0.00082036, -0.03682794,  0.04165724, -0.11095544, -0.37807946,
       -0.38553945,  0.47014848, -0.49256589,  0.18929807, -0.00546402,
        0.02106555, -0.11777915, -0.02800627, -0.36785151,  0.3290949 ,
        0.37014482,  0.31338492, -0.2226028 ,  0.43950773, -0.15009172,
        0.05343421, -0.03585442,  0.47677694, -0.45159824, -0.17757094,
       -0.18107269, -0.30192046,  0.0039867 ,  0.0375609 ,  0.03030249,
       -0.04321232,  0.14309282, -0.03960747,  0.21833143, -0.09758166,
       -0.14170211,  0.03521912,  0.47438598,  0.46169968,  0.02974336,
       -0.11478125, -0.33385779,  0.27602852, -0.19835   ]) 

Generation: 75 
 - Generation Avg Fit: 2478.887840339086 
 - Best Fitness: 5022.366624698353 
 - Worst Fitness: 0.0
 - Best Solution: array([ 0.28245173, -0.03180675,  0.32667484,  0.02039357, -0.41378094,
        0.30287131, -0.45530129, -0.01810363,  0.09254246,  0.36958773,
       -0.00255775, -0.37431042,  0.10968937, -0.26788461,  0.39013353,
        0.50551435, -0.26217332, -0.18861231,  0.3967331 ,  0.01849607,
        0.00082036, -0.03682794,  0.04165724, -0.11095544, -0.37807946,
       -0.38553945,  0.47014848, -0.49256589,  0.18929807, -0.00546402,
        0.02106555, -0.11777915, -0.02800627, -0.36785151,  0.3290949 ,
        0.37014482,  0.31338492, -0.2226028 ,  0.43950773, -0.15009172,
        0.05343421, -0.03585442,  0.47677694, -0.45159824, -0.17757094,
       -0.18107269, -0.30192046,  0.0039867 ,  0.0375609 ,  0.03030249,
       -0.04321232,  0.14309282, -0.03960747,  0.21833143, -0.09758166,
       -0.14170211,  0.03521912,  0.47438598,  0.46169968,  0.02974336,
       -0.11478125, -0.33385779,  0.27602852, -0.19835   ]) 

Generation: 76 
 - Generation Avg Fit: 2022.7608308208926 
 - Best Fitness: 5022.366624698353 
 - Worst Fitness: 0.0
 - Best Solution: array([ 0.28245173, -0.03180675,  0.32667484,  0.02039357, -0.41378094,
        0.30287131, -0.45530129, -0.01810363,  0.09254246,  0.36958773,
       -0.00255775, -0.37431042,  0.10968937, -0.26788461,  0.39013353,
        0.50551435, -0.26217332, -0.18861231,  0.3967331 ,  0.01849607,
        0.00082036, -0.03682794,  0.04165724, -0.11095544, -0.37807946,
       -0.38553945,  0.47014848, -0.49256589,  0.18929807, -0.00546402,
        0.02106555, -0.11777915, -0.02800627, -0.36785151,  0.3290949 ,
        0.37014482,  0.31338492, -0.2226028 ,  0.43950773, -0.15009172,
        0.05343421, -0.03585442,  0.47677694, -0.45159824, -0.17757094,
       -0.18107269, -0.30192046,  0.0039867 ,  0.0375609 ,  0.03030249,
       -0.04321232,  0.14309282, -0.03960747,  0.21833143, -0.09758166,
       -0.14170211,  0.03521912,  0.47438598,  0.46169968,  0.02974336,
       -0.11478125, -0.33385779,  0.27602852, -0.19835   ]) 

Generation: 77 
 - Generation Avg Fit: 2022.7608308208926 
 - Best Fitness: 5022.366624698353 
 - Worst Fitness: 0.0
 - Best Solution: array([ 0.28245173, -0.03180675,  0.32667484,  0.02039357, -0.41378094,
        0.30287131, -0.45530129, -0.01810363,  0.09254246,  0.36958773,
       -0.00255775, -0.37431042,  0.10968937, -0.26788461,  0.39013353,
        0.50551435, -0.26217332, -0.18861231,  0.3967331 ,  0.01849607,
        0.00082036, -0.03682794,  0.04165724, -0.11095544, -0.37807946,
       -0.38553945,  0.47014848, -0.49256589,  0.18929807, -0.00546402,
        0.02106555, -0.11777915, -0.02800627, -0.36785151,  0.3290949 ,
        0.37014482,  0.31338492, -0.2226028 ,  0.43950773, -0.15009172,
        0.05343421, -0.03585442,  0.47677694, -0.45159824, -0.17757094,
       -0.18107269, -0.30192046,  0.0039867 ,  0.0375609 ,  0.03030249,
       -0.04321232,  0.14309282, -0.03960747,  0.21833143, -0.09758166,
       -0.14170211,  0.03521912,  0.47438598,  0.46169968,  0.02974336,
       -0.11478125, -0.33385779,  0.27602852, -0.19835   ]) 

Generation: 78 
 - Generation Avg Fit: 2022.7608308208926 
 - Best Fitness: 5022.366624698353 
 - Worst Fitness: 0.0
 - Best Solution: array([ 0.28245173, -0.03180675,  0.32667484,  0.02039357, -0.41378094,
        0.30287131, -0.45530129, -0.01810363,  0.09254246,  0.36958773,
       -0.00255775, -0.37431042,  0.10968937, -0.26788461,  0.39013353,
        0.50551435, -0.26217332, -0.18861231,  0.3967331 ,  0.01849607,
        0.00082036, -0.03682794,  0.04165724, -0.11095544, -0.37807946,
       -0.38553945,  0.47014848, -0.49256589,  0.18929807, -0.00546402,
        0.02106555, -0.11777915, -0.02800627, -0.36785151,  0.3290949 ,
        0.37014482,  0.31338492, -0.2226028 ,  0.43950773, -0.15009172,
        0.05343421, -0.03585442,  0.47677694, -0.45159824, -0.17757094,
       -0.18107269, -0.30192046,  0.0039867 ,  0.0375609 ,  0.03030249,
       -0.04321232,  0.14309282, -0.03960747,  0.21833143, -0.09758166,
       -0.14170211,  0.03521912,  0.47438598,  0.46169968,  0.02974336,
       -0.11478125, -0.33385779,  0.27602852, -0.19835   ]) 

Generation: 79 
 - Generation Avg Fit: 2022.7608308208926 
 - Best Fitness: 5022.366624698353 
 - Worst Fitness: 0.0
 - Best Solution: array([ 0.28245173, -0.03180675,  0.32667484,  0.02039357, -0.41378094,
        0.30287131, -0.45530129, -0.01810363,  0.09254246,  0.36958773,
       -0.00255775, -0.37431042,  0.10968937, -0.26788461,  0.39013353,
        0.50551435, -0.26217332, -0.18861231,  0.3967331 ,  0.01849607,
        0.00082036, -0.03682794,  0.04165724, -0.11095544, -0.37807946,
       -0.38553945,  0.47014848, -0.49256589,  0.18929807, -0.00546402,
        0.02106555, -0.11777915, -0.02800627, -0.36785151,  0.3290949 ,
        0.37014482,  0.31338492, -0.2226028 ,  0.43950773, -0.15009172,
        0.05343421, -0.03585442,  0.47677694, -0.45159824, -0.17757094,
       -0.18107269, -0.30192046,  0.0039867 ,  0.0375609 ,  0.03030249,
       -0.04321232,  0.14309282, -0.03960747,  0.21833143, -0.09758166,
       -0.14170211,  0.03521912,  0.47438598,  0.46169968,  0.02974336,
       -0.11478125, -0.33385779,  0.27602852, -0.19835   ]) 

Generation: 80 
 - Generation Avg Fit: 2022.7608308208926 
 - Best Fitness: 5022.366624698353 
 - Worst Fitness: 0.0
 - Best Solution: array([ 0.28245173, -0.03180675,  0.32667484,  0.02039357, -0.41378094,
        0.30287131, -0.45530129, -0.01810363,  0.09254246,  0.36958773,
       -0.00255775, -0.37431042,  0.10968937, -0.26788461,  0.39013353,
        0.50551435, -0.26217332, -0.18861231,  0.3967331 ,  0.01849607,
        0.00082036, -0.03682794,  0.04165724, -0.11095544, -0.37807946,
       -0.38553945,  0.47014848, -0.49256589,  0.18929807, -0.00546402,
        0.02106555, -0.11777915, -0.02800627, -0.36785151,  0.3290949 ,
        0.37014482,  0.31338492, -0.2226028 ,  0.43950773, -0.15009172,
        0.05343421, -0.03585442,  0.47677694, -0.45159824, -0.17757094,
       -0.18107269, -0.30192046,  0.0039867 ,  0.0375609 ,  0.03030249,
       -0.04321232,  0.14309282, -0.03960747,  0.21833143, -0.09758166,
       -0.14170211,  0.03521912,  0.47438598,  0.46169968,  0.02974336,
       -0.11478125, -0.33385779,  0.27602852, -0.19835   ]) 

Generation: 81 
 - Generation Avg Fit: 2022.7608308208926 
 - Best Fitness: 5022.366624698353 
 - Worst Fitness: 0.0
 - Best Solution: array([ 0.28245173, -0.03180675,  0.32667484,  0.02039357, -0.41378094,
        0.30287131, -0.45530129, -0.01810363,  0.09254246,  0.36958773,
       -0.00255775, -0.37431042,  0.10968937, -0.26788461,  0.39013353,
        0.50551435, -0.26217332, -0.18861231,  0.3967331 ,  0.01849607,
        0.00082036, -0.03682794,  0.04165724, -0.11095544, -0.37807946,
       -0.38553945,  0.47014848, -0.49256589,  0.18929807, -0.00546402,
        0.02106555, -0.11777915, -0.02800627, -0.36785151,  0.3290949 ,
        0.37014482,  0.31338492, -0.2226028 ,  0.43950773, -0.15009172,
        0.05343421, -0.03585442,  0.47677694, -0.45159824, -0.17757094,
       -0.18107269, -0.30192046,  0.0039867 ,  0.0375609 ,  0.03030249,
       -0.04321232,  0.14309282, -0.03960747,  0.21833143, -0.09758166,
       -0.14170211,  0.03521912,  0.47438598,  0.46169968,  0.02974336,
       -0.11478125, -0.33385779,  0.27602852, -0.19835   ]) 

Generation: 82 
 - Generation Avg Fit: 2022.7608308208926 
 - Best Fitness: 5022.366624698353 
 - Worst Fitness: 0.0
 - Best Solution: array([ 0.28245173, -0.03180675,  0.32667484,  0.02039357, -0.41378094,
        0.30287131, -0.45530129, -0.01810363,  0.09254246,  0.36958773,
       -0.00255775, -0.37431042,  0.10968937, -0.26788461,  0.39013353,
        0.50551435, -0.26217332, -0.18861231,  0.3967331 ,  0.01849607,
        0.00082036, -0.03682794,  0.04165724, -0.11095544, -0.37807946,
       -0.38553945,  0.47014848, -0.49256589,  0.18929807, -0.00546402,
        0.02106555, -0.11777915, -0.02800627, -0.36785151,  0.3290949 ,
        0.37014482,  0.31338492, -0.2226028 ,  0.43950773, -0.15009172,
        0.05343421, -0.03585442,  0.47677694, -0.45159824, -0.17757094,
       -0.18107269, -0.30192046,  0.0039867 ,  0.0375609 ,  0.03030249,
       -0.04321232,  0.14309282, -0.03960747,  0.21833143, -0.09758166,
       -0.14170211,  0.03521912,  0.47438598,  0.46169968,  0.02974336,
       -0.11478125, -0.33385779,  0.27602852, -0.19835   ]) 

Generation: 83 
 - Generation Avg Fit: 2022.7608308208926 
 - Best Fitness: 5022.366624698353 
 - Worst Fitness: 0.0
 - Best Solution: array([ 0.28245173, -0.03180675,  0.32667484,  0.02039357, -0.41378094,
        0.30287131, -0.45530129, -0.01810363,  0.09254246,  0.36958773,
       -0.00255775, -0.37431042,  0.10968937, -0.26788461,  0.39013353,
        0.50551435, -0.26217332, -0.18861231,  0.3967331 ,  0.01849607,
        0.00082036, -0.03682794,  0.04165724, -0.11095544, -0.37807946,
       -0.38553945,  0.47014848, -0.49256589,  0.18929807, -0.00546402,
        0.02106555, -0.11777915, -0.02800627, -0.36785151,  0.3290949 ,
        0.37014482,  0.31338492, -0.2226028 ,  0.43950773, -0.15009172,
        0.05343421, -0.03585442,  0.47677694, -0.45159824, -0.17757094,
       -0.18107269, -0.30192046,  0.0039867 ,  0.0375609 ,  0.03030249,
       -0.04321232,  0.14309282, -0.03960747,  0.21833143, -0.09758166,
       -0.14170211,  0.03521912,  0.47438598,  0.46169968,  0.02974336,
       -0.11478125, -0.33385779,  0.27602852, -0.19835   ]) 

Generation: 84 
 - Generation Avg Fit: 2022.7608308208926 
 - Best Fitness: 5022.366624698353 
 - Worst Fitness: 0.0
 - Best Solution: array([ 0.28245173, -0.03180675,  0.32667484,  0.02039357, -0.41378094,
        0.30287131, -0.45530129, -0.01810363,  0.09254246,  0.36958773,
       -0.00255775, -0.37431042,  0.10968937, -0.26788461,  0.39013353,
        0.50551435, -0.26217332, -0.18861231,  0.3967331 ,  0.01849607,
        0.00082036, -0.03682794,  0.04165724, -0.11095544, -0.37807946,
       -0.38553945,  0.47014848, -0.49256589,  0.18929807, -0.00546402,
        0.02106555, -0.11777915, -0.02800627, -0.36785151,  0.3290949 ,
        0.37014482,  0.31338492, -0.2226028 ,  0.43950773, -0.15009172,
        0.05343421, -0.03585442,  0.47677694, -0.45159824, -0.17757094,
       -0.18107269, -0.30192046,  0.0039867 ,  0.0375609 ,  0.03030249,
       -0.04321232,  0.14309282, -0.03960747,  0.21833143, -0.09758166,
       -0.14170211,  0.03521912,  0.47438598,  0.46169968,  0.02974336,
       -0.11478125, -0.33385779,  0.27602852, -0.19835   ]) 

Generation: 85 
 - Generation Avg Fit: 2022.7608308208926 
 - Best Fitness: 5022.366624698353 
 - Worst Fitness: 0.0
 - Best Solution: array([ 0.28245173, -0.03180675,  0.32667484,  0.02039357, -0.41378094,
        0.30287131, -0.45530129, -0.01810363,  0.09254246,  0.36958773,
       -0.00255775, -0.37431042,  0.10968937, -0.26788461,  0.39013353,
        0.50551435, -0.26217332, -0.18861231,  0.3967331 ,  0.01849607,
        0.00082036, -0.03682794,  0.04165724, -0.11095544, -0.37807946,
       -0.38553945,  0.47014848, -0.49256589,  0.18929807, -0.00546402,
        0.02106555, -0.11777915, -0.02800627, -0.36785151,  0.3290949 ,
        0.37014482,  0.31338492, -0.2226028 ,  0.43950773, -0.15009172,
        0.05343421, -0.03585442,  0.47677694, -0.45159824, -0.17757094,
       -0.18107269, -0.30192046,  0.0039867 ,  0.0375609 ,  0.03030249,
       -0.04321232,  0.14309282, -0.03960747,  0.21833143, -0.09758166,
       -0.14170211,  0.03521912,  0.47438598,  0.46169968,  0.02974336,
       -0.11478125, -0.33385779,  0.27602852, -0.19835   ]) 

Generation: 86 
 - Generation Avg Fit: 2022.7608308208926 
 - Best Fitness: 5022.366624698353 
 - Worst Fitness: 0.0
 - Best Solution: array([ 0.28245173, -0.03180675,  0.32667484,  0.02039357, -0.41378094,
        0.30287131, -0.45530129, -0.01810363,  0.09254246,  0.36958773,
       -0.00255775, -0.37431042,  0.10968937, -0.26788461,  0.39013353,
        0.50551435, -0.26217332, -0.18861231,  0.3967331 ,  0.01849607,
        0.00082036, -0.03682794,  0.04165724, -0.11095544, -0.37807946,
       -0.38553945,  0.47014848, -0.49256589,  0.18929807, -0.00546402,
        0.02106555, -0.11777915, -0.02800627, -0.36785151,  0.3290949 ,
        0.37014482,  0.31338492, -0.2226028 ,  0.43950773, -0.15009172,
        0.05343421, -0.03585442,  0.47677694, -0.45159824, -0.17757094,
       -0.18107269, -0.30192046,  0.0039867 ,  0.0375609 ,  0.03030249,
       -0.04321232,  0.14309282, -0.03960747,  0.21833143, -0.09758166,
       -0.14170211,  0.03521912,  0.47438598,  0.46169968,  0.02974336,
       -0.11478125, -0.33385779,  0.27602852, -0.19835   ]) 

Generation: 87 
 - Generation Avg Fit: 2428.7450208102637 
 - Best Fitness: 5022.366624698353 
 - Worst Fitness: 0.0
 - Best Solution: array([ 0.28245173, -0.03180675,  0.32667484,  0.02039357, -0.41378094,
        0.30287131, -0.45530129, -0.01810363,  0.09254246,  0.36958773,
       -0.00255775, -0.37431042,  0.10968937, -0.26788461,  0.39013353,
        0.50551435, -0.26217332, -0.18861231,  0.3967331 ,  0.01849607,
        0.00082036, -0.03682794,  0.04165724, -0.11095544, -0.37807946,
       -0.38553945,  0.47014848, -0.49256589,  0.18929807, -0.00546402,
        0.02106555, -0.11777915, -0.02800627, -0.36785151,  0.3290949 ,
        0.37014482,  0.31338492, -0.2226028 ,  0.43950773, -0.15009172,
        0.05343421, -0.03585442,  0.47677694, -0.45159824, -0.17757094,
       -0.18107269, -0.30192046,  0.0039867 ,  0.0375609 ,  0.03030249,
       -0.04321232,  0.14309282, -0.03960747,  0.21833143, -0.09758166,
       -0.14170211,  0.03521912,  0.47438598,  0.46169968,  0.02974336,
       -0.11478125, -0.33385779,  0.27602852, -0.19835   ]) 

Generation: 88 
 - Generation Avg Fit: 2512.9422293413645 
 - Best Fitness: 5022.366624698353 
 - Worst Fitness: 0.0
 - Best Solution: array([ 0.28245173, -0.03180675,  0.32667484,  0.02039357, -0.41378094,
        0.30287131, -0.45530129, -0.01810363,  0.09254246,  0.36958773,
       -0.00255775, -0.37431042,  0.10968937, -0.26788461,  0.39013353,
        0.50551435, -0.26217332, -0.18861231,  0.3967331 ,  0.01849607,
        0.00082036, -0.03682794,  0.04165724, -0.11095544, -0.37807946,
       -0.38553945,  0.47014848, -0.49256589,  0.18929807, -0.00546402,
        0.02106555, -0.11777915, -0.02800627, -0.36785151,  0.3290949 ,
        0.37014482,  0.31338492, -0.2226028 ,  0.43950773, -0.15009172,
        0.05343421, -0.03585442,  0.47677694, -0.45159824, -0.17757094,
       -0.18107269, -0.30192046,  0.0039867 ,  0.0375609 ,  0.03030249,
       -0.04321232,  0.14309282, -0.03960747,  0.21833143, -0.09758166,
       -0.14170211,  0.03521912,  0.47438598,  0.46169968,  0.02974336,
       -0.11478125, -0.33385779,  0.27602852, -0.19835   ]) 

Generation: 89 
 - Generation Avg Fit: 2523.383024962263 
 - Best Fitness: 5022.366624698353 
 - Worst Fitness: 0.0
 - Best Solution: array([ 0.28245173, -0.03180675,  0.32667484,  0.02039357, -0.41378094,
        0.30287131, -0.45530129, -0.01810363,  0.09254246,  0.36958773,
       -0.00255775, -0.37431042,  0.10968937, -0.26788461,  0.39013353,
        0.50551435, -0.26217332, -0.18861231,  0.3967331 ,  0.01849607,
        0.00082036, -0.03682794,  0.04165724, -0.11095544, -0.37807946,
       -0.38553945,  0.47014848, -0.49256589,  0.18929807, -0.00546402,
        0.02106555, -0.11777915, -0.02800627, -0.36785151,  0.3290949 ,
        0.37014482,  0.31338492, -0.2226028 ,  0.43950773, -0.15009172,
        0.05343421, -0.03585442,  0.47677694, -0.45159824, -0.17757094,
       -0.18107269, -0.30192046,  0.0039867 ,  0.0375609 ,  0.03030249,
       -0.04321232,  0.14309282, -0.03960747,  0.21833143, -0.09758166,
       -0.14170211,  0.03521912,  0.47438598,  0.46169968,  0.02974336,
       -0.11478125, -0.33385779,  0.27602852, -0.19835   ]) 

Generation: 90 
 - Generation Avg Fit: 2804.1225539640964 
 - Best Fitness: 5022.366624698353 
 - Worst Fitness: 0.0
 - Best Solution: array([ 0.28245173, -0.03180675,  0.32667484,  0.02039357, -0.41378094,
        0.30287131, -0.45530129, -0.01810363,  0.09254246,  0.36958773,
       -0.00255775, -0.37431042,  0.10968937, -0.26788461,  0.39013353,
        0.50551435, -0.26217332, -0.18861231,  0.3967331 ,  0.01849607,
        0.00082036, -0.03682794,  0.04165724, -0.11095544, -0.37807946,
       -0.38553945,  0.47014848, -0.49256589,  0.18929807, -0.00546402,
        0.02106555, -0.11777915, -0.02800627, -0.36785151,  0.3290949 ,
        0.37014482,  0.31338492, -0.2226028 ,  0.43950773, -0.15009172,
        0.05343421, -0.03585442,  0.47677694, -0.45159824, -0.17757094,
       -0.18107269, -0.30192046,  0.0039867 ,  0.0375609 ,  0.03030249,
       -0.04321232,  0.14309282, -0.03960747,  0.21833143, -0.09758166,
       -0.14170211,  0.03521912,  0.47438598,  0.46169968,  0.02974336,
       -0.11478125, -0.33385779,  0.27602852, -0.19835   ]) 

Generation: 91 
 - Generation Avg Fit: 2596.3696810205347 
 - Best Fitness: 5022.366624698353 
 - Worst Fitness: 0.0
 - Best Solution: array([ 0.28245173, -0.03180675,  0.32667484,  0.02039357, -0.41378094,
        0.30287131, -0.45530129, -0.01810363,  0.09254246,  0.36958773,
       -0.00255775, -0.37431042,  0.10968937, -0.26788461,  0.39013353,
        0.50551435, -0.26217332, -0.18861231,  0.3967331 ,  0.01849607,
        0.00082036, -0.03682794,  0.04165724, -0.11095544, -0.37807946,
       -0.38553945,  0.47014848, -0.49256589,  0.18929807, -0.00546402,
        0.02106555, -0.11777915, -0.02800627, -0.36785151,  0.3290949 ,
        0.37014482,  0.31338492, -0.2226028 ,  0.43950773, -0.15009172,
        0.05343421, -0.03585442,  0.47677694, -0.45159824, -0.17757094,
       -0.18107269, -0.30192046,  0.0039867 ,  0.0375609 ,  0.03030249,
       -0.04321232,  0.14309282, -0.03960747,  0.21833143, -0.09758166,
       -0.14170211,  0.03521912,  0.47438598,  0.46169968,  0.02974336,
       -0.11478125, -0.33385779,  0.27602852, -0.19835   ]) 

Generation: 92 
 - Generation Avg Fit: 2680.590349033738 
 - Best Fitness: 5022.366624698353 
 - Worst Fitness: 0.0
 - Best Solution: array([ 0.28245173, -0.03180675,  0.32667484,  0.02039357, -0.41378094,
        0.30287131, -0.45530129, -0.01810363,  0.09254246,  0.36958773,
       -0.00255775, -0.37431042,  0.10968937, -0.26788461,  0.39013353,
        0.50551435, -0.26217332, -0.18861231,  0.3967331 ,  0.01849607,
        0.00082036, -0.03682794,  0.04165724, -0.11095544, -0.37807946,
       -0.38553945,  0.47014848, -0.49256589,  0.18929807, -0.00546402,
        0.02106555, -0.11777915, -0.02800627, -0.36785151,  0.3290949 ,
        0.37014482,  0.31338492, -0.2226028 ,  0.43950773, -0.15009172,
        0.05343421, -0.03585442,  0.47677694, -0.45159824, -0.17757094,
       -0.18107269, -0.30192046,  0.0039867 ,  0.0375609 ,  0.03030249,
       -0.04321232,  0.14309282, -0.03960747,  0.21833143, -0.09758166,
       -0.14170211,  0.03521912,  0.47438598,  0.46169968,  0.02974336,
       -0.11478125, -0.33385779,  0.27602852, -0.19835   ]) 

Generation: 93 
 - Generation Avg Fit: 2097.1294896209524 
 - Best Fitness: 5022.366624698353 
 - Worst Fitness: 0.0
 - Best Solution: array([ 0.28245173, -0.03180675,  0.32667484,  0.02039357, -0.41378094,
        0.30287131, -0.45530129, -0.01810363,  0.09254246,  0.36958773,
       -0.00255775, -0.37431042,  0.10968937, -0.26788461,  0.39013353,
        0.50551435, -0.26217332, -0.18861231,  0.3967331 ,  0.01849607,
        0.00082036, -0.03682794,  0.04165724, -0.11095544, -0.37807946,
       -0.38553945,  0.47014848, -0.49256589,  0.18929807, -0.00546402,
        0.02106555, -0.11777915, -0.02800627, -0.36785151,  0.3290949 ,
        0.37014482,  0.31338492, -0.2226028 ,  0.43950773, -0.15009172,
        0.05343421, -0.03585442,  0.47677694, -0.45159824, -0.17757094,
       -0.18107269, -0.30192046,  0.0039867 ,  0.0375609 ,  0.03030249,
       -0.04321232,  0.14309282, -0.03960747,  0.21833143, -0.09758166,
       -0.14170211,  0.03521912,  0.47438598,  0.46169968,  0.02974336,
       -0.11478125, -0.33385779,  0.27602852, -0.19835   ]) 

Generation: 94 
 - Generation Avg Fit: 2097.1294896209524 
 - Best Fitness: 5022.366624698353 
 - Worst Fitness: 0.0
 - Best Solution: array([ 0.28245173, -0.03180675,  0.32667484,  0.02039357, -0.41378094,
        0.30287131, -0.45530129, -0.01810363,  0.09254246,  0.36958773,
       -0.00255775, -0.37431042,  0.10968937, -0.26788461,  0.39013353,
        0.50551435, -0.26217332, -0.18861231,  0.3967331 ,  0.01849607,
        0.00082036, -0.03682794,  0.04165724, -0.11095544, -0.37807946,
       -0.38553945,  0.47014848, -0.49256589,  0.18929807, -0.00546402,
        0.02106555, -0.11777915, -0.02800627, -0.36785151,  0.3290949 ,
        0.37014482,  0.31338492, -0.2226028 ,  0.43950773, -0.15009172,
        0.05343421, -0.03585442,  0.47677694, -0.45159824, -0.17757094,
       -0.18107269, -0.30192046,  0.0039867 ,  0.0375609 ,  0.03030249,
       -0.04321232,  0.14309282, -0.03960747,  0.21833143, -0.09758166,
       -0.14170211,  0.03521912,  0.47438598,  0.46169968,  0.02974336,
       -0.11478125, -0.33385779,  0.27602852, -0.19835   ]) 

Generation: 95 
 - Generation Avg Fit: 2097.1294896209524 
 - Best Fitness: 5022.366624698353 
 - Worst Fitness: 0.0
 - Best Solution: array([ 0.28245173, -0.03180675,  0.32667484,  0.02039357, -0.41378094,
        0.30287131, -0.45530129, -0.01810363,  0.09254246,  0.36958773,
       -0.00255775, -0.37431042,  0.10968937, -0.26788461,  0.39013353,
        0.50551435, -0.26217332, -0.18861231,  0.3967331 ,  0.01849607,
        0.00082036, -0.03682794,  0.04165724, -0.11095544, -0.37807946,
       -0.38553945,  0.47014848, -0.49256589,  0.18929807, -0.00546402,
        0.02106555, -0.11777915, -0.02800627, -0.36785151,  0.3290949 ,
        0.37014482,  0.31338492, -0.2226028 ,  0.43950773, -0.15009172,
        0.05343421, -0.03585442,  0.47677694, -0.45159824, -0.17757094,
       -0.18107269, -0.30192046,  0.0039867 ,  0.0375609 ,  0.03030249,
       -0.04321232,  0.14309282, -0.03960747,  0.21833143, -0.09758166,
       -0.14170211,  0.03521912,  0.47438598,  0.46169968,  0.02974336,
       -0.11478125, -0.33385779,  0.27602852, -0.19835   ]) 

Generation: 96 
 - Generation Avg Fit: 2546.20173816661 
 - Best Fitness: 5022.366624698353 
 - Worst Fitness: 0.0
 - Best Solution: array([ 0.28245173, -0.03180675,  0.32667484,  0.02039357, -0.41378094,
        0.30287131, -0.45530129, -0.01810363,  0.09254246,  0.36958773,
       -0.00255775, -0.37431042,  0.10968937, -0.26788461,  0.39013353,
        0.50551435, -0.26217332, -0.18861231,  0.3967331 ,  0.01849607,
        0.00082036, -0.03682794,  0.04165724, -0.11095544, -0.37807946,
       -0.38553945,  0.47014848, -0.49256589,  0.18929807, -0.00546402,
        0.02106555, -0.11777915, -0.02800627, -0.36785151,  0.3290949 ,
        0.37014482,  0.31338492, -0.2226028 ,  0.43950773, -0.15009172,
        0.05343421, -0.03585442,  0.47677694, -0.45159824, -0.17757094,
       -0.18107269, -0.30192046,  0.0039867 ,  0.0375609 ,  0.03030249,
       -0.04321232,  0.14309282, -0.03960747,  0.21833143, -0.09758166,
       -0.14170211,  0.03521912,  0.47438598,  0.46169968,  0.02974336,
       -0.11478125, -0.33385779,  0.27602852, -0.19835   ]) 

Generation: 97 
 - Generation Avg Fit: 2609.067812944654 
 - Best Fitness: 5022.366624698353 
 - Worst Fitness: 0.0
 - Best Solution: array([ 0.28245173, -0.03180675,  0.32667484,  0.02039357, -0.41378094,
        0.30287131, -0.45530129, -0.01810363,  0.09254246,  0.36958773,
       -0.00255775, -0.37431042,  0.10968937, -0.26788461,  0.39013353,
        0.50551435, -0.26217332, -0.18861231,  0.3967331 ,  0.01849607,
        0.00082036, -0.03682794,  0.04165724, -0.11095544, -0.37807946,
       -0.38553945,  0.47014848, -0.49256589,  0.18929807, -0.00546402,
        0.02106555, -0.11777915, -0.02800627, -0.36785151,  0.3290949 ,
        0.37014482,  0.31338492, -0.2226028 ,  0.43950773, -0.15009172,
        0.05343421, -0.03585442,  0.47677694, -0.45159824, -0.17757094,
       -0.18107269, -0.30192046,  0.0039867 ,  0.0375609 ,  0.03030249,
       -0.04321232,  0.14309282, -0.03960747,  0.21833143, -0.09758166,
       -0.14170211,  0.03521912,  0.47438598,  0.46169968,  0.02974336,
       -0.11478125, -0.33385779,  0.27602852, -0.19835   ]) 

Generation: 98 
 - Generation Avg Fit: 2660.2251369484898 
 - Best Fitness: 5022.366624698353 
 - Worst Fitness: 0.0
 - Best Solution: array([ 0.28245173, -0.03180675,  0.32667484,  0.02039357, -0.41378094,
        0.30287131, -0.45530129, -0.01810363,  0.09254246,  0.36958773,
       -0.00255775, -0.37431042,  0.10968937, -0.26788461,  0.39013353,
        0.50551435, -0.26217332, -0.18861231,  0.3967331 ,  0.01849607,
        0.00082036, -0.03682794,  0.04165724, -0.11095544, -0.37807946,
       -0.38553945,  0.47014848, -0.49256589,  0.18929807, -0.00546402,
        0.02106555, -0.11777915, -0.02800627, -0.36785151,  0.3290949 ,
        0.37014482,  0.31338492, -0.2226028 ,  0.43950773, -0.15009172,
        0.05343421, -0.03585442,  0.47677694, -0.45159824, -0.17757094,
       -0.18107269, -0.30192046,  0.0039867 ,  0.0375609 ,  0.03030249,
       -0.04321232,  0.14309282, -0.03960747,  0.21833143, -0.09758166,
       -0.14170211,  0.03521912,  0.47438598,  0.46169968,  0.02974336,
       -0.11478125, -0.33385779,  0.27602852, -0.19835   ]) 

Generation: 99 
 - Generation Avg Fit: 2796.2656550726006 
 - Best Fitness: 5022.366624698353 
 - Worst Fitness: 0.0
 - Best Solution: array([ 0.28245173, -0.03180675,  0.32667484,  0.02039357, -0.41378094,
        0.30287131, -0.45530129, -0.01810363,  0.09254246,  0.36958773,
       -0.00255775, -0.37431042,  0.10968937, -0.26788461,  0.39013353,
        0.50551435, -0.26217332, -0.18861231,  0.3967331 ,  0.01849607,
        0.00082036, -0.03682794,  0.04165724, -0.11095544, -0.37807946,
       -0.38553945,  0.47014848, -0.49256589,  0.18929807, -0.00546402,
        0.02106555, -0.11777915, -0.02800627, -0.36785151,  0.3290949 ,
        0.37014482,  0.31338492, -0.2226028 ,  0.43950773, -0.15009172,
        0.05343421, -0.03585442,  0.47677694, -0.45159824, -0.17757094,
       -0.18107269, -0.30192046,  0.0039867 ,  0.0375609 ,  0.03030249,
       -0.04321232,  0.14309282, -0.03960747,  0.21833143, -0.09758166,
       -0.14170211,  0.03521912,  0.47438598,  0.46169968,  0.02974336,
       -0.11478125, -0.33385779,  0.27602852, -0.19835   ]) 

Generation: 100 
 - Generation Avg Fit: 2564.834395296483 
 - Best Fitness: 5022.366624698353 
 - Worst Fitness: 0.0
 - Best Solution: array([ 0.28245173, -0.03180675,  0.32667484,  0.02039357, -0.41378094,
        0.30287131, -0.45530129, -0.01810363,  0.09254246,  0.36958773,
       -0.00255775, -0.37431042,  0.10968937, -0.26788461,  0.39013353,
        0.50551435, -0.26217332, -0.18861231,  0.3967331 ,  0.01849607,
        0.00082036, -0.03682794,  0.04165724, -0.11095544, -0.37807946,
       -0.38553945,  0.47014848, -0.49256589,  0.18929807, -0.00546402,
        0.02106555, -0.11777915, -0.02800627, -0.36785151,  0.3290949 ,
        0.37014482,  0.31338492, -0.2226028 ,  0.43950773, -0.15009172,
        0.05343421, -0.03585442,  0.47677694, -0.45159824, -0.17757094,
       -0.18107269, -0.30192046,  0.0039867 ,  0.0375609 ,  0.03030249,
       -0.04321232,  0.14309282, -0.03960747,  0.21833143, -0.09758166,
       -0.14170211,  0.03521912,  0.47438598,  0.46169968,  0.02974336,
       -0.11478125, -0.33385779,  0.27602852, -0.19835   ]) 
