
-------------------------------------------------------------------------------------------------------
                                --- Method Parameters ---                                            
-------------------------------------------------------------------------------------------------------

method: PyGAD, entity: hydrostat_reservoir, volume: 30, sim_duration: 500, dt: 0.05, 
fitness_func: pygad_fitness, pop_size: 200, gen_size: 100, weight_search: 0.5, 

-------------------------------------------------------------------------------------------------------
                                --- Pygad  Parameters ---                                            
-------------------------------------------------------------------------------------------------------

parent_selection_type: rank, parents mating: 100, keep parents: 100, crossover type: uniform, 
mutation type: random, mutation prob: 0.5, mutation_max_val: 0.01, mutation_min_val: -0.01, 

=======================================================================================================


Generation: 1 
 - Generation Avg Fit: 80.84915916315224 
 - Best Fitness: 2273.17496423988 
 - Worst Fitness: 0.0
 - Best Solution: array([0., 0., 0., 0., 0., 0., 0., 0., 0., 0., 0., 0., 0., 0., 0., 0., 0.,
       0., 0., 0., 0., 0., 0., 0., 0., 0., 0., 0., 0., 0., 0., 0., 0., 0.,
       0., 0., 0., 0., 0., 0., 0., 0., 0., 0., 0., 0., 0., 0., 0., 0., 0.,
       0., 0., 0., 0., 0., 0., 0., 0., 0., 0., 0., 0., 0.]) 

Generation: 2 
 - Generation Avg Fit: 101.0946802226093 
 - Best Fitness: 2273.17496423988 
 - Worst Fitness: 0.0
 - Best Solution: array([-0.23899286,  0.15820347,  0.37052161,  0.49010296, -0.34715906,
       -0.11015126, -0.22891789, -0.12679973, -0.4963376 , -0.23845673,
       -0.39281034,  0.06716535,  0.28550502, -0.41011987, -0.39697492,
        0.4309271 , -0.24583718,  0.14790476, -0.01269884,  0.09104158,
       -0.0305532 ,  0.09930947, -0.29185583, -0.48769933,  0.2542343 ,
        0.06557307,  0.3684322 ,  0.33588774,  0.32340372,  0.20236981,
       -0.47955098,  0.11904356,  0.27280506,  0.39183277,  0.29027323,
        0.31889216, -0.45352411, -0.22392649,  0.24406384,  0.22529083,
        0.09521254, -0.03941959,  0.01131447, -0.36596685,  0.39232237,
       -0.45996368,  0.16695731, -0.18621825, -0.08118359, -0.02641374,
        0.05528638, -0.39852698, -0.33842445,  0.01517344, -0.44544424,
        0.15082625, -0.35684883, -0.29651189,  0.48073269,  0.33365682,
        0.46642273,  0.32669945, -0.07637776,  0.40192595]) 

Generation: 3 
 - Generation Avg Fit: 119.90975502938558 
 - Best Fitness: 2273.17496423988 
 - Worst Fitness: 0.0
 - Best Solution: array([-0.23899286,  0.15820347,  0.37052161,  0.49010296, -0.34715906,
       -0.11015126, -0.22891789, -0.12679973, -0.4963376 , -0.23845673,
       -0.39281034,  0.06716535,  0.28550502, -0.41011987, -0.39697492,
        0.4309271 , -0.24583718,  0.14790476, -0.01269884,  0.09104158,
       -0.0305532 ,  0.09930947, -0.29185583, -0.48769933,  0.2542343 ,
        0.06557307,  0.3684322 ,  0.33588774,  0.32340372,  0.20236981,
       -0.47955098,  0.11904356,  0.27280506,  0.39183277,  0.29027323,
        0.31889216, -0.45352411, -0.22392649,  0.24406384,  0.22529083,
        0.09521254, -0.03941959,  0.01131447, -0.36596685,  0.39232237,
       -0.45996368,  0.16695731, -0.18621825, -0.08118359, -0.02641374,
        0.05528638, -0.39852698, -0.33842445,  0.01517344, -0.44544424,
        0.15082625, -0.35684883, -0.29651189,  0.48073269,  0.33365682,
        0.46642273,  0.32669945, -0.07637776,  0.40192595]) 

Generation: 4 
 - Generation Avg Fit: 161.73629057817072 
 - Best Fitness: 2273.17496423988 
 - Worst Fitness: 0.0
 - Best Solution: array([-0.23899286,  0.15820347,  0.37052161,  0.49010296, -0.34715906,
       -0.11015126, -0.22891789, -0.12679973, -0.4963376 , -0.23845673,
       -0.39281034,  0.06716535,  0.28550502, -0.41011987, -0.39697492,
        0.4309271 , -0.24583718,  0.14790476, -0.01269884,  0.09104158,
       -0.0305532 ,  0.09930947, -0.29185583, -0.48769933,  0.2542343 ,
        0.06557307,  0.3684322 ,  0.33588774,  0.32340372,  0.20236981,
       -0.47955098,  0.11904356,  0.27280506,  0.39183277,  0.29027323,
        0.31889216, -0.45352411, -0.22392649,  0.24406384,  0.22529083,
        0.09521254, -0.03941959,  0.01131447, -0.36596685,  0.39232237,
       -0.45996368,  0.16695731, -0.18621825, -0.08118359, -0.02641374,
        0.05528638, -0.39852698, -0.33842445,  0.01517344, -0.44544424,
        0.15082625, -0.35684883, -0.29651189,  0.48073269,  0.33365682,
        0.46642273,  0.32669945, -0.07637776,  0.40192595]) 

Generation: 5 
 - Generation Avg Fit: 236.2265758435471 
 - Best Fitness: 2463.3027727372123 
 - Worst Fitness: 0.0
 - Best Solution: array([-0.08267863, -0.29919962, -0.34048917, -0.34103215, -0.01130424,
       -0.1783497 , -0.11861942,  0.43999058,  0.20455306, -0.04835913,
        0.38629364,  0.26212036,  0.09006179, -0.01960025,  0.18529452,
       -0.01967109,  0.21784282, -0.09120775, -0.16573446, -0.22481113,
       -0.08323699, -0.39048323, -0.05469068,  0.28557455, -0.43432365,
        0.13048675, -0.07937634,  0.03844167, -0.08009678, -0.36626995,
       -0.25729949, -0.28966341,  0.30862615,  0.17148365, -0.40700416,
        0.09273766, -0.10403554, -0.37530509,  0.07014101, -0.37687596,
       -0.10015147,  0.0758889 , -0.09821271,  0.38248553,  0.4294158 ,
        0.20199361,  0.09495799,  0.3300024 ,  0.07399977, -0.50031664,
       -0.10090467, -0.46792181,  0.06141823,  0.10277452, -0.17946883,
       -0.27456718,  0.12876597, -0.49790107,  0.12710183, -0.14951495,
       -0.36114088, -0.31890337, -0.48754785, -0.05012527]) 

Generation: 6 
 - Generation Avg Fit: 323.6032043177111 
 - Best Fitness: 2463.3027727372123 
 - Worst Fitness: 0.0
 - Best Solution: array([-0.23899286,  0.15820347,  0.37052161,  0.49010296, -0.34715906,
       -0.11015126, -0.22891789, -0.12679973, -0.4963376 , -0.23845673,
       -0.39281034,  0.06716535,  0.28550502, -0.41011987, -0.39697492,
        0.4309271 , -0.24583718,  0.14790476, -0.01269884,  0.09104158,
       -0.0305532 ,  0.09930947, -0.29185583, -0.48769933,  0.2542343 ,
        0.06557307,  0.3684322 ,  0.33588774,  0.32340372,  0.20236981,
       -0.47955098,  0.11904356,  0.27280506,  0.39183277,  0.29027323,
        0.31889216, -0.45352411, -0.22392649,  0.24406384,  0.22529083,
        0.09521254, -0.03941959,  0.01131447, -0.36596685,  0.39232237,
       -0.45996368,  0.16695731, -0.18621825, -0.08118359, -0.02641374,
        0.05528638, -0.39852698, -0.33842445,  0.01517344, -0.44544424,
        0.15082625, -0.35684883, -0.29651189,  0.48073269,  0.33365682,
        0.46642273,  0.32669945, -0.07637776,  0.40192595]) 

Generation: 7 
 - Generation Avg Fit: 432.85066456633217 
 - Best Fitness: 2463.3027727372123 
 - Worst Fitness: 0.0
 - Best Solution: array([-3.63811696e-01,  4.82331042e-01,  2.28484728e-01,  1.04423214e-01,
        1.85463766e-01, -2.94289675e-01, -3.85151590e-01, -2.79830791e-01,
        2.09537241e-01, -1.88312877e-01,  2.46805502e-01, -3.97286688e-01,
       -1.75235156e-01, -4.83888718e-01, -4.40695365e-02,  4.42704927e-01,
       -1.45521122e-01, -1.95369732e-01,  3.54911345e-01, -3.68271330e-04,
        1.83059269e-01,  4.60251198e-01, -1.94338877e-01, -8.47650876e-02,
       -1.39687438e-01,  3.05195137e-01,  1.61924753e-01,  4.83249335e-03,
        1.77292894e-01, -3.35755622e-01, -9.56169229e-02, -3.03194158e-02,
        1.53649167e-01,  1.53253781e-01,  3.82067039e-01,  3.02637113e-01,
       -1.50222552e-01, -3.25865848e-01, -3.07676689e-01, -1.57848726e-01,
       -1.95744962e-01, -2.46636750e-01,  3.77333985e-01,  4.84693473e-01,
       -1.70660564e-01,  2.02743654e-01,  3.99129500e-01, -1.04304713e-01,
        4.93795719e-01,  2.62030281e-01,  2.57313082e-01, -3.67180412e-01,
        7.54521578e-02,  1.06376534e-01, -5.78947975e-02,  4.66813530e-01,
        2.29711560e-01, -3.71375208e-02, -1.29262997e-01, -1.96964960e-01,
       -6.85047902e-02,  2.54115974e-01,  7.53878142e-03,  3.99420549e-01]) 

Generation: 8 
 - Generation Avg Fit: 524.720800967879 
 - Best Fitness: 2463.3027727372123 
 - Worst Fitness: 0.0
 - Best Solution: array([-3.63811696e-01,  4.82331042e-01,  2.28484728e-01,  1.04423214e-01,
        1.85463766e-01, -2.94289675e-01, -3.85151590e-01, -2.79830791e-01,
        2.09537241e-01, -1.88312877e-01,  2.46805502e-01, -3.97286688e-01,
       -1.75235156e-01, -4.83888718e-01, -4.40695365e-02,  4.42704927e-01,
       -1.45521122e-01, -1.95369732e-01,  3.54911345e-01, -3.68271330e-04,
        1.83059269e-01,  4.60251198e-01, -1.94338877e-01, -8.47650876e-02,
       -1.39687438e-01,  3.05195137e-01,  1.61924753e-01,  4.83249335e-03,
        1.77292894e-01, -3.35755622e-01, -9.56169229e-02, -3.03194158e-02,
        1.53649167e-01,  1.53253781e-01,  3.82067039e-01,  3.02637113e-01,
       -1.50222552e-01, -3.25865848e-01, -3.07676689e-01, -1.57848726e-01,
       -1.95744962e-01, -2.46636750e-01,  3.77333985e-01,  4.84693473e-01,
       -1.70660564e-01,  2.02743654e-01,  3.99129500e-01, -1.04304713e-01,
        4.93795719e-01,  2.62030281e-01,  2.57313082e-01, -3.67180412e-01,
        7.54521578e-02,  1.06376534e-01, -5.78947975e-02,  4.66813530e-01,
        2.29711560e-01, -3.71375208e-02, -1.29262997e-01, -1.96964960e-01,
       -6.85047902e-02,  2.54115974e-01,  7.53878142e-03,  3.99420549e-01]) 

Generation: 9 
 - Generation Avg Fit: 576.5658926557999 
 - Best Fitness: 2463.3027727372123 
 - Worst Fitness: 0.0
 - Best Solution: array([-3.63811696e-01,  4.82331042e-01,  2.28484728e-01,  1.04423214e-01,
        1.85463766e-01, -2.94289675e-01, -3.85151590e-01, -2.79830791e-01,
        2.09537241e-01, -1.88312877e-01,  2.46805502e-01, -3.97286688e-01,
       -1.75235156e-01, -4.83888718e-01, -4.40695365e-02,  4.42704927e-01,
       -1.45521122e-01, -1.95369732e-01,  3.54911345e-01, -3.68271330e-04,
        1.83059269e-01,  4.60251198e-01, -1.94338877e-01, -8.47650876e-02,
       -1.39687438e-01,  3.05195137e-01,  1.61924753e-01,  4.83249335e-03,
        1.77292894e-01, -3.35755622e-01, -9.56169229e-02, -3.03194158e-02,
        1.53649167e-01,  1.53253781e-01,  3.82067039e-01,  3.02637113e-01,
       -1.50222552e-01, -3.25865848e-01, -3.07676689e-01, -1.57848726e-01,
       -1.95744962e-01, -2.46636750e-01,  3.77333985e-01,  4.84693473e-01,
       -1.70660564e-01,  2.02743654e-01,  3.99129500e-01, -1.04304713e-01,
        4.93795719e-01,  2.62030281e-01,  2.57313082e-01, -3.67180412e-01,
        7.54521578e-02,  1.06376534e-01, -5.78947975e-02,  4.66813530e-01,
        2.29711560e-01, -3.71375208e-02, -1.29262997e-01, -1.96964960e-01,
       -6.85047902e-02,  2.54115974e-01,  7.53878142e-03,  3.99420549e-01]) 

Generation: 10 
 - Generation Avg Fit: 701.9449707680947 
 - Best Fitness: 3418.5409016687076 
 - Worst Fitness: 0.0
 - Best Solution: array([ 0.48853077, -0.25947592, -0.06062872, -0.42899291,  0.20518154,
        0.19341531,  0.2833375 ,  0.42017069, -0.22270683,  0.27445267,
        0.01949226, -0.23114911, -0.50539135, -0.19121034,  0.19696277,
       -0.11393914, -0.01258741,  0.21190062,  0.11780781, -0.1062515 ,
        0.44196737, -0.36215639,  0.21647417, -0.07046978, -0.12441403,
        0.46181791, -0.47892825,  0.5002169 , -0.13637041, -0.11556184,
        0.3895951 ,  0.17119235, -0.11959432,  0.40631948,  0.3164475 ,
        0.13108309,  0.41660078, -0.07981345, -0.42974912,  0.35106971,
       -0.50099022, -0.34267367,  0.09287437,  0.28018992, -0.47373222,
        0.089275  ,  0.35679246, -0.16291072, -0.20069941, -0.01359007,
        0.44748574,  0.02976502,  0.06730029, -0.38067639,  0.01437372,
       -0.17377513,  0.13215575, -0.46966139, -0.26726085,  0.21550681,
       -0.35931433,  0.43126153,  0.31291048, -0.05220638]) 

Generation: 11 
 - Generation Avg Fit: 725.3262691730648 
 - Best Fitness: 3418.5409016687076 
 - Worst Fitness: 0.0
 - Best Solution: array([-3.63811696e-01,  4.82331042e-01,  2.28484728e-01,  1.04423214e-01,
        1.85463766e-01, -2.94289675e-01, -3.85151590e-01, -2.79830791e-01,
        2.09537241e-01, -1.88312877e-01,  2.46805502e-01, -3.97286688e-01,
       -1.75235156e-01, -4.83888718e-01, -4.40695365e-02,  4.42704927e-01,
       -1.45521122e-01, -1.95369732e-01,  3.54911345e-01, -3.68271330e-04,
        1.83059269e-01,  4.60251198e-01, -1.94338877e-01, -8.47650876e-02,
       -1.39687438e-01,  3.05195137e-01,  1.61924753e-01,  4.83249335e-03,
        1.77292894e-01, -3.35755622e-01, -9.56169229e-02, -3.03194158e-02,
        1.53649167e-01,  1.53253781e-01,  3.82067039e-01,  3.02637113e-01,
       -1.50222552e-01, -3.25865848e-01, -3.07676689e-01, -1.57848726e-01,
       -1.95744962e-01, -2.46636750e-01,  3.77333985e-01,  4.84693473e-01,
       -1.70660564e-01,  2.02743654e-01,  3.99129500e-01, -1.04304713e-01,
        4.93795719e-01,  2.62030281e-01,  2.57313082e-01, -3.67180412e-01,
        7.54521578e-02,  1.06376534e-01, -5.78947975e-02,  4.66813530e-01,
        2.29711560e-01, -3.71375208e-02, -1.29262997e-01, -1.96964960e-01,
       -6.85047902e-02,  2.54115974e-01,  7.53878142e-03,  3.99420549e-01]) 

Generation: 12 
 - Generation Avg Fit: 816.0768060402677 
 - Best Fitness: 3418.5409016687076 
 - Worst Fitness: 0.0
 - Best Solution: array([ 0.48853077, -0.25947592, -0.06062872, -0.42899291,  0.20518154,
        0.19341531,  0.2833375 ,  0.42017069, -0.22270683,  0.27445267,
        0.01949226, -0.23114911, -0.50539135, -0.19121034,  0.19696277,
       -0.11393914, -0.01258741,  0.21190062,  0.11780781, -0.1062515 ,
        0.44196737, -0.36215639,  0.21647417, -0.07046978, -0.12441403,
        0.46181791, -0.47892825,  0.5002169 , -0.13637041, -0.11556184,
        0.3895951 ,  0.17119235, -0.11959432,  0.40631948,  0.3164475 ,
        0.13108309,  0.41660078, -0.07981345, -0.42974912,  0.35106971,
       -0.50099022, -0.34267367,  0.09287437,  0.28018992, -0.47373222,
        0.089275  ,  0.35679246, -0.16291072, -0.20069941, -0.01359007,
        0.44748574,  0.02976502,  0.06730029, -0.38067639,  0.01437372,
       -0.17377513,  0.13215575, -0.46966139, -0.26726085,  0.21550681,
       -0.35931433,  0.43126153,  0.31291048, -0.05220638]) 

Generation: 13 
 - Generation Avg Fit: 827.7551473130117 
 - Best Fitness: 3418.5409016687076 
 - Worst Fitness: 0.0
 - Best Solution: array([ 0.48853077, -0.25947592, -0.06062872, -0.42899291,  0.20518154,
        0.19341531,  0.2833375 ,  0.42017069, -0.22270683,  0.27445267,
        0.01949226, -0.23114911, -0.50539135, -0.19121034,  0.19696277,
       -0.11393914, -0.01258741,  0.21190062,  0.11780781, -0.1062515 ,
        0.44196737, -0.36215639,  0.21647417, -0.07046978, -0.12441403,
        0.46181791, -0.47892825,  0.5002169 , -0.13637041, -0.11556184,
        0.3895951 ,  0.17119235, -0.11959432,  0.40631948,  0.3164475 ,
        0.13108309,  0.41660078, -0.07981345, -0.42974912,  0.35106971,
       -0.50099022, -0.34267367,  0.09287437,  0.28018992, -0.47373222,
        0.089275  ,  0.35679246, -0.16291072, -0.20069941, -0.01359007,
        0.44748574,  0.02976502,  0.06730029, -0.38067639,  0.01437372,
       -0.17377513,  0.13215575, -0.46966139, -0.26726085,  0.21550681,
       -0.35931433,  0.43126153,  0.31291048, -0.05220638]) 

Generation: 14 
 - Generation Avg Fit: 925.1830281823062 
 - Best Fitness: 3418.5409016687076 
 - Worst Fitness: 0.0
 - Best Solution: array([ 0.48853077, -0.25947592, -0.06062872, -0.42899291,  0.20518154,
        0.19341531,  0.2833375 ,  0.42017069, -0.22270683,  0.27445267,
        0.01949226, -0.23114911, -0.50539135, -0.19121034,  0.19696277,
       -0.11393914, -0.01258741,  0.21190062,  0.11780781, -0.1062515 ,
        0.44196737, -0.36215639,  0.21647417, -0.07046978, -0.12441403,
        0.46181791, -0.47892825,  0.5002169 , -0.13637041, -0.11556184,
        0.3895951 ,  0.17119235, -0.11959432,  0.40631948,  0.3164475 ,
        0.13108309,  0.41660078, -0.07981345, -0.42974912,  0.35106971,
       -0.50099022, -0.34267367,  0.09287437,  0.28018992, -0.47373222,
        0.089275  ,  0.35679246, -0.16291072, -0.20069941, -0.01359007,
        0.44748574,  0.02976502,  0.06730029, -0.38067639,  0.01437372,
       -0.17377513,  0.13215575, -0.46966139, -0.26726085,  0.21550681,
       -0.35931433,  0.43126153,  0.31291048, -0.05220638]) 

Generation: 15 
 - Generation Avg Fit: 929.9800242120982 
 - Best Fitness: 3418.5409016687076 
 - Worst Fitness: 0.0
 - Best Solution: array([ 0.48853077, -0.25947592, -0.06062872, -0.42899291,  0.20518154,
        0.19341531,  0.2833375 ,  0.42017069, -0.22270683,  0.27445267,
        0.01949226, -0.23114911, -0.50539135, -0.19121034,  0.19696277,
       -0.11393914, -0.01258741,  0.21190062,  0.11780781, -0.1062515 ,
        0.44196737, -0.36215639,  0.21647417, -0.07046978, -0.12441403,
        0.46181791, -0.47892825,  0.5002169 , -0.13637041, -0.11556184,
        0.3895951 ,  0.17119235, -0.11959432,  0.40631948,  0.3164475 ,
        0.13108309,  0.41660078, -0.07981345, -0.42974912,  0.35106971,
       -0.50099022, -0.34267367,  0.09287437,  0.28018992, -0.47373222,
        0.089275  ,  0.35679246, -0.16291072, -0.20069941, -0.01359007,
        0.44748574,  0.02976502,  0.06730029, -0.38067639,  0.01437372,
       -0.17377513,  0.13215575, -0.46966139, -0.26726085,  0.21550681,
       -0.35931433,  0.43126153,  0.31291048, -0.05220638]) 

Generation: 16 
 - Generation Avg Fit: 1013.8895024179952 
 - Best Fitness: 3418.5409016687076 
 - Worst Fitness: 0.0
 - Best Solution: array([ 0.48853077, -0.25947592, -0.06062872, -0.42899291,  0.20518154,
        0.19341531,  0.2833375 ,  0.42017069, -0.22270683,  0.27445267,
        0.01949226, -0.23114911, -0.50539135, -0.19121034,  0.19696277,
       -0.11393914, -0.01258741,  0.21190062,  0.11780781, -0.1062515 ,
        0.44196737, -0.36215639,  0.21647417, -0.07046978, -0.12441403,
        0.46181791, -0.47892825,  0.5002169 , -0.13637041, -0.11556184,
        0.3895951 ,  0.17119235, -0.11959432,  0.40631948,  0.3164475 ,
        0.13108309,  0.41660078, -0.07981345, -0.42974912,  0.35106971,
       -0.50099022, -0.34267367,  0.09287437,  0.28018992, -0.47373222,
        0.089275  ,  0.35679246, -0.16291072, -0.20069941, -0.01359007,
        0.44748574,  0.02976502,  0.06730029, -0.38067639,  0.01437372,
       -0.17377513,  0.13215575, -0.46966139, -0.26726085,  0.21550681,
       -0.35931433,  0.43126153,  0.31291048, -0.05220638]) 

Generation: 17 
 - Generation Avg Fit: 1063.6356637118804 
 - Best Fitness: 4011.519184781537 
 - Worst Fitness: 0.0
 - Best Solution: array([ 0.39346613,  0.38346057,  0.0065461 ,  0.36761101, -0.00828811,
       -0.30448503,  0.07710056, -0.31160994,  0.21379531,  0.48166821,
       -0.33345982,  0.04641659,  0.49607014,  0.04285106, -0.20408659,
       -0.12459131, -0.23337563, -0.17251644,  0.23628643, -0.11159847,
       -0.00730044, -0.35288585,  0.25864297,  0.095225  ,  0.01101643,
       -0.16322872,  0.26126255, -0.09571038, -0.44862869, -0.25469619,
       -0.31151917,  0.15788509, -0.48698787,  0.12968255,  0.22133915,
        0.14669349, -0.1343742 , -0.07149968, -0.42881042, -0.1686279 ,
       -0.00124033, -0.33419538,  0.17682132, -0.23425583,  0.01994033,
        0.23128653,  0.13456001,  0.06375129,  0.46063874,  0.04872055,
        0.23976975, -0.19803355,  0.07126435, -0.05699221, -0.0647085 ,
       -0.02589618, -0.43019995,  0.46029327, -0.23667604,  0.06044217,
       -0.21798988, -0.4511074 ,  0.08291123,  0.33482901]) 

Generation: 18 
 - Generation Avg Fit: 1149.661736079921 
 - Best Fitness: 4011.519184781537 
 - Worst Fitness: 0.0
 - Best Solution: array([ 0.48853077, -0.25947592, -0.06062872, -0.42899291,  0.20518154,
        0.19341531,  0.2833375 ,  0.42017069, -0.22270683,  0.27445267,
        0.01949226, -0.23114911, -0.50539135, -0.19121034,  0.19696277,
       -0.11393914, -0.01258741,  0.21190062,  0.11780781, -0.1062515 ,
        0.44196737, -0.36215639,  0.21647417, -0.07046978, -0.12441403,
        0.46181791, -0.47892825,  0.5002169 , -0.13637041, -0.11556184,
        0.3895951 ,  0.17119235, -0.11959432,  0.40631948,  0.3164475 ,
        0.13108309,  0.41660078, -0.07981345, -0.42974912,  0.35106971,
       -0.50099022, -0.34267367,  0.09287437,  0.28018992, -0.47373222,
        0.089275  ,  0.35679246, -0.16291072, -0.20069941, -0.01359007,
        0.44748574,  0.02976502,  0.06730029, -0.38067639,  0.01437372,
       -0.17377513,  0.13215575, -0.46966139, -0.26726085,  0.21550681,
       -0.35931433,  0.43126153,  0.31291048, -0.05220638]) 

Generation: 19 
 - Generation Avg Fit: 1154.3676977670536 
 - Best Fitness: 4011.519184781537 
 - Worst Fitness: 0.0
 - Best Solution: array([ 0.39346613,  0.38346057,  0.0065461 ,  0.36761101, -0.00828811,
       -0.30448503,  0.07710056, -0.31160994,  0.21379531,  0.48166821,
       -0.33345982,  0.04641659,  0.49607014,  0.04285106, -0.20408659,
       -0.12459131, -0.23337563, -0.17251644,  0.23628643, -0.11159847,
       -0.00730044, -0.35288585,  0.25864297,  0.095225  ,  0.01101643,
       -0.16322872,  0.26126255, -0.09571038, -0.44862869, -0.25469619,
       -0.31151917,  0.15788509, -0.48698787,  0.12968255,  0.22133915,
        0.14669349, -0.1343742 , -0.07149968, -0.42881042, -0.1686279 ,
       -0.00124033, -0.33419538,  0.17682132, -0.23425583,  0.01994033,
        0.23128653,  0.13456001,  0.06375129,  0.46063874,  0.04872055,
        0.23976975, -0.19803355,  0.07126435, -0.05699221, -0.0647085 ,
       -0.02589618, -0.43019995,  0.46029327, -0.23667604,  0.06044217,
       -0.21798988, -0.4511074 ,  0.08291123,  0.33482901]) 

Generation: 20 
 - Generation Avg Fit: 1232.6748139845126 
 - Best Fitness: 4011.519184781537 
 - Worst Fitness: 0.0
 - Best Solution: array([ 0.39346613,  0.38346057,  0.0065461 ,  0.36761101, -0.00828811,
       -0.30448503,  0.07710056, -0.31160994,  0.21379531,  0.48166821,
       -0.33345982,  0.04641659,  0.49607014,  0.04285106, -0.20408659,
       -0.12459131, -0.23337563, -0.17251644,  0.23628643, -0.11159847,
       -0.00730044, -0.35288585,  0.25864297,  0.095225  ,  0.01101643,
       -0.16322872,  0.26126255, -0.09571038, -0.44862869, -0.25469619,
       -0.31151917,  0.15788509, -0.48698787,  0.12968255,  0.22133915,
        0.14669349, -0.1343742 , -0.07149968, -0.42881042, -0.1686279 ,
       -0.00124033, -0.33419538,  0.17682132, -0.23425583,  0.01994033,
        0.23128653,  0.13456001,  0.06375129,  0.46063874,  0.04872055,
        0.23976975, -0.19803355,  0.07126435, -0.05699221, -0.0647085 ,
       -0.02589618, -0.43019995,  0.46029327, -0.23667604,  0.06044217,
       -0.21798988, -0.4511074 ,  0.08291123,  0.33482901]) 

Generation: 21 
 - Generation Avg Fit: 1255.980302805844 
 - Best Fitness: 4011.519184781537 
 - Worst Fitness: 0.0
 - Best Solution: array([ 0.39346613,  0.38346057,  0.0065461 ,  0.36761101, -0.00828811,
       -0.30448503,  0.07710056, -0.31160994,  0.21379531,  0.48166821,
       -0.33345982,  0.04641659,  0.49607014,  0.04285106, -0.20408659,
       -0.12459131, -0.23337563, -0.17251644,  0.23628643, -0.11159847,
       -0.00730044, -0.35288585,  0.25864297,  0.095225  ,  0.01101643,
       -0.16322872,  0.26126255, -0.09571038, -0.44862869, -0.25469619,
       -0.31151917,  0.15788509, -0.48698787,  0.12968255,  0.22133915,
        0.14669349, -0.1343742 , -0.07149968, -0.42881042, -0.1686279 ,
       -0.00124033, -0.33419538,  0.17682132, -0.23425583,  0.01994033,
        0.23128653,  0.13456001,  0.06375129,  0.46063874,  0.04872055,
        0.23976975, -0.19803355,  0.07126435, -0.05699221, -0.0647085 ,
       -0.02589618, -0.43019995,  0.46029327, -0.23667604,  0.06044217,
       -0.21798988, -0.4511074 ,  0.08291123,  0.33482901]) 

Generation: 22 
 - Generation Avg Fit: 1258.3452568794503 
 - Best Fitness: 4011.519184781537 
 - Worst Fitness: 0.0
 - Best Solution: array([ 0.39346613,  0.38346057,  0.0065461 ,  0.36761101, -0.00828811,
       -0.30448503,  0.07710056, -0.31160994,  0.21379531,  0.48166821,
       -0.33345982,  0.04641659,  0.49607014,  0.04285106, -0.20408659,
       -0.12459131, -0.23337563, -0.17251644,  0.23628643, -0.11159847,
       -0.00730044, -0.35288585,  0.25864297,  0.095225  ,  0.01101643,
       -0.16322872,  0.26126255, -0.09571038, -0.44862869, -0.25469619,
       -0.31151917,  0.15788509, -0.48698787,  0.12968255,  0.22133915,
        0.14669349, -0.1343742 , -0.07149968, -0.42881042, -0.1686279 ,
       -0.00124033, -0.33419538,  0.17682132, -0.23425583,  0.01994033,
        0.23128653,  0.13456001,  0.06375129,  0.46063874,  0.04872055,
        0.23976975, -0.19803355,  0.07126435, -0.05699221, -0.0647085 ,
       -0.02589618, -0.43019995,  0.46029327, -0.23667604,  0.06044217,
       -0.21798988, -0.4511074 ,  0.08291123,  0.33482901]) 

Generation: 23 
 - Generation Avg Fit: 1402.2592318400846 
 - Best Fitness: 4011.519184781537 
 - Worst Fitness: 0.0
 - Best Solution: array([ 0.39346613,  0.38346057,  0.0065461 ,  0.36761101, -0.00828811,
       -0.30448503,  0.07710056, -0.31160994,  0.21379531,  0.48166821,
       -0.33345982,  0.04641659,  0.49607014,  0.04285106, -0.20408659,
       -0.12459131, -0.23337563, -0.17251644,  0.23628643, -0.11159847,
       -0.00730044, -0.35288585,  0.25864297,  0.095225  ,  0.01101643,
       -0.16322872,  0.26126255, -0.09571038, -0.44862869, -0.25469619,
       -0.31151917,  0.15788509, -0.48698787,  0.12968255,  0.22133915,
        0.14669349, -0.1343742 , -0.07149968, -0.42881042, -0.1686279 ,
       -0.00124033, -0.33419538,  0.17682132, -0.23425583,  0.01994033,
        0.23128653,  0.13456001,  0.06375129,  0.46063874,  0.04872055,
        0.23976975, -0.19803355,  0.07126435, -0.05699221, -0.0647085 ,
       -0.02589618, -0.43019995,  0.46029327, -0.23667604,  0.06044217,
       -0.21798988, -0.4511074 ,  0.08291123,  0.33482901]) 

Generation: 24 
 - Generation Avg Fit: 1509.6019612493535 
 - Best Fitness: 4159.624295805194 
 - Worst Fitness: 0.0
 - Best Solution: array([ 0.28616806,  0.15553699,  0.22518423,  0.10421717, -0.13170101,
       -0.22287097,  0.19004421, -0.2825302 , -0.02334431, -0.18503755,
        0.23423437, -0.09654856,  0.43648251,  0.39177351,  0.14951564,
        0.28592443, -0.24256814, -0.13053064,  0.41087491, -0.27906354,
       -0.02236084, -0.38582944,  0.04762787,  0.26783867, -0.23860235,
       -0.26699652,  0.17495855,  0.0745086 ,  0.17039309, -0.33301996,
       -0.2777815 ,  0.09947018, -0.12043921, -0.05116292,  0.27988264,
       -0.23449205,  0.34243275, -0.46125639,  0.33534059, -0.15367359,
        0.24982667,  0.26118608,  0.28681473,  0.47949718,  0.27884654,
        0.22107696, -0.16955381,  0.06649325,  0.50073082,  0.26765187,
        0.11648824, -0.37671407,  0.29395078,  0.1376213 , -0.21322923,
       -0.13005928,  0.12386393,  0.45998325,  0.12488321, -0.17520638,
       -0.24619194,  0.24292299,  0.09645908,  0.01293454]) 

Generation: 25 
 - Generation Avg Fit: 1572.939837615718 
 - Best Fitness: 4159.624295805194 
 - Worst Fitness: 0.0
 - Best Solution: array([ 0.39346613,  0.38346057,  0.0065461 ,  0.36761101, -0.00828811,
       -0.30448503,  0.07710056, -0.31160994,  0.21379531,  0.48166821,
       -0.33345982,  0.04641659,  0.49607014,  0.04285106, -0.20408659,
       -0.12459131, -0.23337563, -0.17251644,  0.23628643, -0.11159847,
       -0.00730044, -0.35288585,  0.25864297,  0.095225  ,  0.01101643,
       -0.16322872,  0.26126255, -0.09571038, -0.44862869, -0.25469619,
       -0.31151917,  0.15788509, -0.48698787,  0.12968255,  0.22133915,
        0.14669349, -0.1343742 , -0.07149968, -0.42881042, -0.1686279 ,
       -0.00124033, -0.33419538,  0.17682132, -0.23425583,  0.01994033,
        0.23128653,  0.13456001,  0.06375129,  0.46063874,  0.04872055,
        0.23976975, -0.19803355,  0.07126435, -0.05699221, -0.0647085 ,
       -0.02589618, -0.43019995,  0.46029327, -0.23667604,  0.06044217,
       -0.21798988, -0.4511074 ,  0.08291123,  0.33482901]) 

Generation: 26 
 - Generation Avg Fit: 1564.1362743924772 
 - Best Fitness: 4159.624295805194 
 - Worst Fitness: 0.0
 - Best Solution: array([-0.3638117 , -0.16223758, -0.08934397,  0.10550059,  0.18212921,
       -0.1455451 , -0.40099997, -0.29258276,  0.20499546, -0.19471436,
        0.11740408, -0.06819997,  0.44542077,  0.33570336, -0.05153513,
        0.4447545 , -0.14678605, -0.20013865,  0.35549138, -0.00053162,
        0.17316935,  0.45064657, -0.18446263, -0.08476509, -0.14657452,
        0.29428813,  0.15984798, -0.08493175,  0.16811325, -0.06265956,
       -0.2585162 , -0.02583975,  0.15572394, -0.25125437,  0.44524848,
        0.31872657, -0.15165333, -0.08911961,  0.20518341, -0.15784873,
       -0.45466708, -0.24682857,  0.37733399,  0.48469347, -0.24189055,
        0.19796064, -0.3600812 , -0.1010709 ,  0.49379572,  0.26351016,
        0.24777338, -0.36042115,  0.07871075,  0.09687811, -0.0578948 ,
       -0.13647713,  0.23277201,  0.33639446, -0.13319636, -0.50931475,
       -0.2327314 ,  0.24292299,  0.31954353,  0.22250828]) 

Generation: 27 
 - Generation Avg Fit: 1654.2864617759374 
 - Best Fitness: 4159.624295805194 
 - Worst Fitness: 0.0
 - Best Solution: array([-0.3638117 , -0.16223758, -0.08934397,  0.10550059,  0.18212921,
       -0.1455451 , -0.40099997, -0.29258276,  0.20499546, -0.19471436,
        0.11740408, -0.06819997,  0.44542077,  0.33570336, -0.05153513,
        0.4447545 , -0.14678605, -0.20013865,  0.35549138, -0.00053162,
        0.17316935,  0.45064657, -0.18446263, -0.08476509, -0.14657452,
        0.29428813,  0.15984798, -0.08493175,  0.16811325, -0.06265956,
       -0.2585162 , -0.02583975,  0.15572394, -0.25125437,  0.44524848,
        0.31872657, -0.15165333, -0.08911961,  0.20518341, -0.15784873,
       -0.45466708, -0.24682857,  0.37733399,  0.48469347, -0.24189055,
        0.19796064, -0.3600812 , -0.1010709 ,  0.49379572,  0.26351016,
        0.24777338, -0.36042115,  0.07871075,  0.09687811, -0.0578948 ,
       -0.13647713,  0.23277201,  0.33639446, -0.13319636, -0.50931475,
       -0.2327314 ,  0.24292299,  0.31954353,  0.22250828]) 

Generation: 28 
 - Generation Avg Fit: 1611.9019622071532 
 - Best Fitness: 4159.624295805194 
 - Worst Fitness: 0.0
 - Best Solution: array([-0.3638117 , -0.16223758, -0.08934397,  0.10550059,  0.18212921,
       -0.1455451 , -0.40099997, -0.29258276,  0.20499546, -0.19471436,
        0.11740408, -0.06819997,  0.44542077,  0.33570336, -0.05153513,
        0.4447545 , -0.14678605, -0.20013865,  0.35549138, -0.00053162,
        0.17316935,  0.45064657, -0.18446263, -0.08476509, -0.14657452,
        0.29428813,  0.15984798, -0.08493175,  0.16811325, -0.06265956,
       -0.2585162 , -0.02583975,  0.15572394, -0.25125437,  0.44524848,
        0.31872657, -0.15165333, -0.08911961,  0.20518341, -0.15784873,
       -0.45466708, -0.24682857,  0.37733399,  0.48469347, -0.24189055,
        0.19796064, -0.3600812 , -0.1010709 ,  0.49379572,  0.26351016,
        0.24777338, -0.36042115,  0.07871075,  0.09687811, -0.0578948 ,
       -0.13647713,  0.23277201,  0.33639446, -0.13319636, -0.50931475,
       -0.2327314 ,  0.24292299,  0.31954353,  0.22250828]) 

Generation: 29 
 - Generation Avg Fit: 1715.27215806184 
 - Best Fitness: 4159.624295805194 
 - Worst Fitness: 0.0
 - Best Solution: array([-0.3638117 , -0.16223758, -0.08934397,  0.10550059,  0.18212921,
       -0.1455451 , -0.40099997, -0.29258276,  0.20499546, -0.19471436,
        0.11740408, -0.06819997,  0.44542077,  0.33570336, -0.05153513,
        0.4447545 , -0.14678605, -0.20013865,  0.35549138, -0.00053162,
        0.17316935,  0.45064657, -0.18446263, -0.08476509, -0.14657452,
        0.29428813,  0.15984798, -0.08493175,  0.16811325, -0.06265956,
       -0.2585162 , -0.02583975,  0.15572394, -0.25125437,  0.44524848,
        0.31872657, -0.15165333, -0.08911961,  0.20518341, -0.15784873,
       -0.45466708, -0.24682857,  0.37733399,  0.48469347, -0.24189055,
        0.19796064, -0.3600812 , -0.1010709 ,  0.49379572,  0.26351016,
        0.24777338, -0.36042115,  0.07871075,  0.09687811, -0.0578948 ,
       -0.13647713,  0.23277201,  0.33639446, -0.13319636, -0.50931475,
       -0.2327314 ,  0.24292299,  0.31954353,  0.22250828]) 

Generation: 30 
 - Generation Avg Fit: 1762.6904475103406 
 - Best Fitness: 4159.624295805194 
 - Worst Fitness: 0.0
 - Best Solution: array([-0.3638117 , -0.16223758, -0.08934397,  0.10550059,  0.18212921,
       -0.1455451 , -0.40099997, -0.29258276,  0.20499546, -0.19471436,
        0.11740408, -0.06819997,  0.44542077,  0.33570336, -0.05153513,
        0.4447545 , -0.14678605, -0.20013865,  0.35549138, -0.00053162,
        0.17316935,  0.45064657, -0.18446263, -0.08476509, -0.14657452,
        0.29428813,  0.15984798, -0.08493175,  0.16811325, -0.06265956,
       -0.2585162 , -0.02583975,  0.15572394, -0.25125437,  0.44524848,
        0.31872657, -0.15165333, -0.08911961,  0.20518341, -0.15784873,
       -0.45466708, -0.24682857,  0.37733399,  0.48469347, -0.24189055,
        0.19796064, -0.3600812 , -0.1010709 ,  0.49379572,  0.26351016,
        0.24777338, -0.36042115,  0.07871075,  0.09687811, -0.0578948 ,
       -0.13647713,  0.23277201,  0.33639446, -0.13319636, -0.50931475,
       -0.2327314 ,  0.24292299,  0.31954353,  0.22250828]) 

Generation: 31 
 - Generation Avg Fit: 1863.8966290808353 
 - Best Fitness: 4159.624295805194 
 - Worst Fitness: 0.0
 - Best Solution: array([-0.3638117 , -0.16223758, -0.08934397,  0.10550059,  0.18212921,
       -0.1455451 , -0.40099997, -0.29258276,  0.20499546, -0.19471436,
        0.11740408, -0.06819997,  0.44542077,  0.33570336, -0.05153513,
        0.4447545 , -0.14678605, -0.20013865,  0.35549138, -0.00053162,
        0.17316935,  0.45064657, -0.18446263, -0.08476509, -0.14657452,
        0.29428813,  0.15984798, -0.08493175,  0.16811325, -0.06265956,
       -0.2585162 , -0.02583975,  0.15572394, -0.25125437,  0.44524848,
        0.31872657, -0.15165333, -0.08911961,  0.20518341, -0.15784873,
       -0.45466708, -0.24682857,  0.37733399,  0.48469347, -0.24189055,
        0.19796064, -0.3600812 , -0.1010709 ,  0.49379572,  0.26351016,
        0.24777338, -0.36042115,  0.07871075,  0.09687811, -0.0578948 ,
       -0.13647713,  0.23277201,  0.33639446, -0.13319636, -0.50931475,
       -0.2327314 ,  0.24292299,  0.31954353,  0.22250828]) 

Generation: 32 
 - Generation Avg Fit: 1848.3840276466583 
 - Best Fitness: 4159.624295805194 
 - Worst Fitness: 0.0
 - Best Solution: array([-0.3638117 , -0.16223758, -0.08934397,  0.10550059,  0.18212921,
       -0.1455451 , -0.40099997, -0.29258276,  0.20499546, -0.19471436,
        0.11740408, -0.06819997,  0.44542077,  0.33570336, -0.05153513,
        0.4447545 , -0.14678605, -0.20013865,  0.35549138, -0.00053162,
        0.17316935,  0.45064657, -0.18446263, -0.08476509, -0.14657452,
        0.29428813,  0.15984798, -0.08493175,  0.16811325, -0.06265956,
       -0.2585162 , -0.02583975,  0.15572394, -0.25125437,  0.44524848,
        0.31872657, -0.15165333, -0.08911961,  0.20518341, -0.15784873,
       -0.45466708, -0.24682857,  0.37733399,  0.48469347, -0.24189055,
        0.19796064, -0.3600812 , -0.1010709 ,  0.49379572,  0.26351016,
        0.24777338, -0.36042115,  0.07871075,  0.09687811, -0.0578948 ,
       -0.13647713,  0.23277201,  0.33639446, -0.13319636, -0.50931475,
       -0.2327314 ,  0.24292299,  0.31954353,  0.22250828]) 

Generation: 33 
 - Generation Avg Fit: 1850.2787367280025 
 - Best Fitness: 4159.624295805194 
 - Worst Fitness: 0.0
 - Best Solution: array([-0.3638117 , -0.16223758, -0.08934397,  0.10550059,  0.18212921,
       -0.1455451 , -0.40099997, -0.29258276,  0.20499546, -0.19471436,
        0.11740408, -0.06819997,  0.44542077,  0.33570336, -0.05153513,
        0.4447545 , -0.14678605, -0.20013865,  0.35549138, -0.00053162,
        0.17316935,  0.45064657, -0.18446263, -0.08476509, -0.14657452,
        0.29428813,  0.15984798, -0.08493175,  0.16811325, -0.06265956,
       -0.2585162 , -0.02583975,  0.15572394, -0.25125437,  0.44524848,
        0.31872657, -0.15165333, -0.08911961,  0.20518341, -0.15784873,
       -0.45466708, -0.24682857,  0.37733399,  0.48469347, -0.24189055,
        0.19796064, -0.3600812 , -0.1010709 ,  0.49379572,  0.26351016,
        0.24777338, -0.36042115,  0.07871075,  0.09687811, -0.0578948 ,
       -0.13647713,  0.23277201,  0.33639446, -0.13319636, -0.50931475,
       -0.2327314 ,  0.24292299,  0.31954353,  0.22250828]) 

Generation: 34 
 - Generation Avg Fit: 1977.866465609424 
 - Best Fitness: 4159.624295805194 
 - Worst Fitness: 0.0
 - Best Solution: array([-0.3638117 , -0.16223758, -0.08934397,  0.10550059,  0.18212921,
       -0.1455451 , -0.40099997, -0.29258276,  0.20499546, -0.19471436,
        0.11740408, -0.06819997,  0.44542077,  0.33570336, -0.05153513,
        0.4447545 , -0.14678605, -0.20013865,  0.35549138, -0.00053162,
        0.17316935,  0.45064657, -0.18446263, -0.08476509, -0.14657452,
        0.29428813,  0.15984798, -0.08493175,  0.16811325, -0.06265956,
       -0.2585162 , -0.02583975,  0.15572394, -0.25125437,  0.44524848,
        0.31872657, -0.15165333, -0.08911961,  0.20518341, -0.15784873,
       -0.45466708, -0.24682857,  0.37733399,  0.48469347, -0.24189055,
        0.19796064, -0.3600812 , -0.1010709 ,  0.49379572,  0.26351016,
        0.24777338, -0.36042115,  0.07871075,  0.09687811, -0.0578948 ,
       -0.13647713,  0.23277201,  0.33639446, -0.13319636, -0.50931475,
       -0.2327314 ,  0.24292299,  0.31954353,  0.22250828]) 

Generation: 35 
 - Generation Avg Fit: 1972.967988335488 
 - Best Fitness: 4159.624295805194 
 - Worst Fitness: 0.0
 - Best Solution: array([-0.3638117 , -0.16223758, -0.08934397,  0.10550059,  0.18212921,
       -0.1455451 , -0.40099997, -0.29258276,  0.20499546, -0.19471436,
        0.11740408, -0.06819997,  0.44542077,  0.33570336, -0.05153513,
        0.4447545 , -0.14678605, -0.20013865,  0.35549138, -0.00053162,
        0.17316935,  0.45064657, -0.18446263, -0.08476509, -0.14657452,
        0.29428813,  0.15984798, -0.08493175,  0.16811325, -0.06265956,
       -0.2585162 , -0.02583975,  0.15572394, -0.25125437,  0.44524848,
        0.31872657, -0.15165333, -0.08911961,  0.20518341, -0.15784873,
       -0.45466708, -0.24682857,  0.37733399,  0.48469347, -0.24189055,
        0.19796064, -0.3600812 , -0.1010709 ,  0.49379572,  0.26351016,
        0.24777338, -0.36042115,  0.07871075,  0.09687811, -0.0578948 ,
       -0.13647713,  0.23277201,  0.33639446, -0.13319636, -0.50931475,
       -0.2327314 ,  0.24292299,  0.31954353,  0.22250828]) 

Generation: 36 
 - Generation Avg Fit: 1975.411639059794 
 - Best Fitness: 4159.624295805194 
 - Worst Fitness: 0.0
 - Best Solution: array([-0.3638117 , -0.16223758, -0.08934397,  0.10550059,  0.18212921,
       -0.1455451 , -0.40099997, -0.29258276,  0.20499546, -0.19471436,
        0.11740408, -0.06819997,  0.44542077,  0.33570336, -0.05153513,
        0.4447545 , -0.14678605, -0.20013865,  0.35549138, -0.00053162,
        0.17316935,  0.45064657, -0.18446263, -0.08476509, -0.14657452,
        0.29428813,  0.15984798, -0.08493175,  0.16811325, -0.06265956,
       -0.2585162 , -0.02583975,  0.15572394, -0.25125437,  0.44524848,
        0.31872657, -0.15165333, -0.08911961,  0.20518341, -0.15784873,
       -0.45466708, -0.24682857,  0.37733399,  0.48469347, -0.24189055,
        0.19796064, -0.3600812 , -0.1010709 ,  0.49379572,  0.26351016,
        0.24777338, -0.36042115,  0.07871075,  0.09687811, -0.0578948 ,
       -0.13647713,  0.23277201,  0.33639446, -0.13319636, -0.50931475,
       -0.2327314 ,  0.24292299,  0.31954353,  0.22250828]) 

Generation: 37 
 - Generation Avg Fit: 2123.9828240601037 
 - Best Fitness: 4529.130659611104 
 - Worst Fitness: 0.0
 - Best Solution: array([ 0.48232495,  0.38986622, -0.09218715,  0.02420251,  0.20507813,
       -0.29139263, -0.04592742, -0.26989257,  0.20017465,  0.22152459,
       -0.04344825, -0.06819997, -0.18773081,  0.25039798,  0.14481993,
        0.32938002,  0.36762673,  0.13520962,  0.35370054, -0.21217379,
       -0.00498366, -0.35719213, -0.18985564, -0.29032737,  0.25281698,
       -0.15644206,  0.23871233,  0.34732368,  0.17795044, -0.26014048,
       -0.27364653,  0.15591769, -0.12811591,  0.24667226,  0.23014398,
        0.1019316 ,  0.0615375 , -0.07658556,  0.29423394, -0.14950325,
        0.11422504,  0.18612407,  0.38270892, -0.22464447,  0.01106714,
       -0.1337518 , -0.36145139,  0.06129898,  0.35811348,  0.27328185,
       -0.01053503, -0.3671543 , -0.31257422, -0.0653359 , -0.25971358,
       -0.02327342, -0.35513655,  0.45739015,  0.4643187 ,  0.06387303,
       -0.23476547,  0.27095538,  0.09145996, -0.00482612]) 

Generation: 38 
 - Generation Avg Fit: 2107.15519889239 
 - Best Fitness: 4529.130659611104 
 - Worst Fitness: 0.0
 - Best Solution: array([-0.3638117 , -0.16223758, -0.08934397,  0.10550059,  0.18212921,
       -0.1455451 , -0.40099997, -0.29258276,  0.20499546, -0.19471436,
        0.11740408, -0.06819997,  0.44542077,  0.33570336, -0.05153513,
        0.4447545 , -0.14678605, -0.20013865,  0.35549138, -0.00053162,
        0.17316935,  0.45064657, -0.18446263, -0.08476509, -0.14657452,
        0.29428813,  0.15984798, -0.08493175,  0.16811325, -0.06265956,
       -0.2585162 , -0.02583975,  0.15572394, -0.25125437,  0.44524848,
        0.31872657, -0.15165333, -0.08911961,  0.20518341, -0.15784873,
       -0.45466708, -0.24682857,  0.37733399,  0.48469347, -0.24189055,
        0.19796064, -0.3600812 , -0.1010709 ,  0.49379572,  0.26351016,
        0.24777338, -0.36042115,  0.07871075,  0.09687811, -0.0578948 ,
       -0.13647713,  0.23277201,  0.33639446, -0.13319636, -0.50931475,
       -0.2327314 ,  0.24292299,  0.31954353,  0.22250828]) 

Generation: 39 
 - Generation Avg Fit: 2155.170095920583 
 - Best Fitness: 4529.130659611104 
 - Worst Fitness: 0.0
 - Best Solution: array([ 0.48232495,  0.38986622, -0.09218715,  0.02420251,  0.20507813,
       -0.29139263, -0.04592742, -0.26989257,  0.20017465,  0.22152459,
       -0.04344825, -0.06819997, -0.18773081,  0.25039798,  0.14481993,
        0.32938002,  0.36762673,  0.13520962,  0.35370054, -0.21217379,
       -0.00498366, -0.35719213, -0.18985564, -0.29032737,  0.25281698,
       -0.15644206,  0.23871233,  0.34732368,  0.17795044, -0.26014048,
       -0.27364653,  0.15591769, -0.12811591,  0.24667226,  0.23014398,
        0.1019316 ,  0.0615375 , -0.07658556,  0.29423394, -0.14950325,
        0.11422504,  0.18612407,  0.38270892, -0.22464447,  0.01106714,
       -0.1337518 , -0.36145139,  0.06129898,  0.35811348,  0.27328185,
       -0.01053503, -0.3671543 , -0.31257422, -0.0653359 , -0.25971358,
       -0.02327342, -0.35513655,  0.45739015,  0.4643187 ,  0.06387303,
       -0.23476547,  0.27095538,  0.09145996, -0.00482612]) 

Generation: 40 
 - Generation Avg Fit: 2145.7586457898706 
 - Best Fitness: 4529.130659611104 
 - Worst Fitness: 0.0
 - Best Solution: array([ 0.48232495,  0.38986622, -0.09218715,  0.02420251,  0.20507813,
       -0.29139263, -0.04592742, -0.26989257,  0.20017465,  0.22152459,
       -0.04344825, -0.06819997, -0.18773081,  0.25039798,  0.14481993,
        0.32938002,  0.36762673,  0.13520962,  0.35370054, -0.21217379,
       -0.00498366, -0.35719213, -0.18985564, -0.29032737,  0.25281698,
       -0.15644206,  0.23871233,  0.34732368,  0.17795044, -0.26014048,
       -0.27364653,  0.15591769, -0.12811591,  0.24667226,  0.23014398,
        0.1019316 ,  0.0615375 , -0.07658556,  0.29423394, -0.14950325,
        0.11422504,  0.18612407,  0.38270892, -0.22464447,  0.01106714,
       -0.1337518 , -0.36145139,  0.06129898,  0.35811348,  0.27328185,
       -0.01053503, -0.3671543 , -0.31257422, -0.0653359 , -0.25971358,
       -0.02327342, -0.35513655,  0.45739015,  0.4643187 ,  0.06387303,
       -0.23476547,  0.27095538,  0.09145996, -0.00482612]) 

Generation: 41 
 - Generation Avg Fit: 2195.6906305551083 
 - Best Fitness: 4846.773085191892 
 - Worst Fitness: 0.0
 - Best Solution: array([ 0.07874208, -0.21076099, -0.00085537,  0.36354847, -0.04418436,
       -0.28947454, -0.05047189, -0.27369963,  0.22701692,  0.47470313,
        0.37581492, -0.26806301, -0.19011628,  0.25236215,  0.15446906,
       -0.00516479,  0.13205718, -0.16086105,  0.41611664,  0.01224881,
        0.19536217,  0.02382517,  0.25628891, -0.29571113,  0.19478934,
        0.3110167 ,  0.15500419,  0.01104777,  0.23292008, -0.45889504,
       -0.28239689,  0.17372921, -0.50659709, -0.10656342,  0.44051186,
       -0.30549634, -0.44475383, -0.01188598,  0.35355071, -0.17401885,
        0.25406268,  0.13176131,  0.37676547, -0.15836393,  0.38051639,
       -0.14748719,  0.01465959,  0.14876547,  0.15382295,  0.26550064,
        0.11031304, -0.2015802 , -0.31121199,  0.18481663, -0.26581299,
       -0.02808658, -0.40695993, -0.04343301,  0.35330812,  0.06857583,
       -0.20938223, -0.21365443,  0.10401396,  0.0056837 ]) 

Generation: 42 
 - Generation Avg Fit: 2348.2968756431947 
 - Best Fitness: 4846.773085191892 
 - Worst Fitness: 0.0
 - Best Solution: array([ 0.48232495,  0.38986622, -0.09218715,  0.02420251,  0.20507813,
       -0.29139263, -0.04592742, -0.26989257,  0.20017465,  0.22152459,
       -0.04344825, -0.06819997, -0.18773081,  0.25039798,  0.14481993,
        0.32938002,  0.36762673,  0.13520962,  0.35370054, -0.21217379,
       -0.00498366, -0.35719213, -0.18985564, -0.29032737,  0.25281698,
       -0.15644206,  0.23871233,  0.34732368,  0.17795044, -0.26014048,
       -0.27364653,  0.15591769, -0.12811591,  0.24667226,  0.23014398,
        0.1019316 ,  0.0615375 , -0.07658556,  0.29423394, -0.14950325,
        0.11422504,  0.18612407,  0.38270892, -0.22464447,  0.01106714,
       -0.1337518 , -0.36145139,  0.06129898,  0.35811348,  0.27328185,
       -0.01053503, -0.3671543 , -0.31257422, -0.0653359 , -0.25971358,
       -0.02327342, -0.35513655,  0.45739015,  0.4643187 ,  0.06387303,
       -0.23476547,  0.27095538,  0.09145996, -0.00482612]) 

Generation: 43 
 - Generation Avg Fit: 2211.6127519466972 
 - Best Fitness: 4846.773085191892 
 - Worst Fitness: 0.0
 - Best Solution: array([ 0.07874208, -0.21076099, -0.00085537,  0.36354847, -0.04418436,
       -0.28947454, -0.05047189, -0.27369963,  0.22701692,  0.47470313,
        0.37581492, -0.26806301, -0.19011628,  0.25236215,  0.15446906,
       -0.00516479,  0.13205718, -0.16086105,  0.41611664,  0.01224881,
        0.19536217,  0.02382517,  0.25628891, -0.29571113,  0.19478934,
        0.3110167 ,  0.15500419,  0.01104777,  0.23292008, -0.45889504,
       -0.28239689,  0.17372921, -0.50659709, -0.10656342,  0.44051186,
       -0.30549634, -0.44475383, -0.01188598,  0.35355071, -0.17401885,
        0.25406268,  0.13176131,  0.37676547, -0.15836393,  0.38051639,
       -0.14748719,  0.01465959,  0.14876547,  0.15382295,  0.26550064,
        0.11031304, -0.2015802 , -0.31121199,  0.18481663, -0.26581299,
       -0.02808658, -0.40695993, -0.04343301,  0.35330812,  0.06857583,
       -0.20938223, -0.21365443,  0.10401396,  0.0056837 ]) 

Generation: 44 
 - Generation Avg Fit: 2197.2300157922205 
 - Best Fitness: 4846.773085191892 
 - Worst Fitness: 0.0
 - Best Solution: array([ 0.07874208, -0.21076099, -0.00085537,  0.36354847, -0.04418436,
       -0.28947454, -0.05047189, -0.27369963,  0.22701692,  0.47470313,
        0.37581492, -0.26806301, -0.19011628,  0.25236215,  0.15446906,
       -0.00516479,  0.13205718, -0.16086105,  0.41611664,  0.01224881,
        0.19536217,  0.02382517,  0.25628891, -0.29571113,  0.19478934,
        0.3110167 ,  0.15500419,  0.01104777,  0.23292008, -0.45889504,
       -0.28239689,  0.17372921, -0.50659709, -0.10656342,  0.44051186,
       -0.30549634, -0.44475383, -0.01188598,  0.35355071, -0.17401885,
        0.25406268,  0.13176131,  0.37676547, -0.15836393,  0.38051639,
       -0.14748719,  0.01465959,  0.14876547,  0.15382295,  0.26550064,
        0.11031304, -0.2015802 , -0.31121199,  0.18481663, -0.26581299,
       -0.02808658, -0.40695993, -0.04343301,  0.35330812,  0.06857583,
       -0.20938223, -0.21365443,  0.10401396,  0.0056837 ]) 

Generation: 45 
 - Generation Avg Fit: 2261.0274776070796 
 - Best Fitness: 4846.773085191892 
 - Worst Fitness: 0.0
 - Best Solution: array([ 0.07874208, -0.21076099, -0.00085537,  0.36354847, -0.04418436,
       -0.28947454, -0.05047189, -0.27369963,  0.22701692,  0.47470313,
        0.37581492, -0.26806301, -0.19011628,  0.25236215,  0.15446906,
       -0.00516479,  0.13205718, -0.16086105,  0.41611664,  0.01224881,
        0.19536217,  0.02382517,  0.25628891, -0.29571113,  0.19478934,
        0.3110167 ,  0.15500419,  0.01104777,  0.23292008, -0.45889504,
       -0.28239689,  0.17372921, -0.50659709, -0.10656342,  0.44051186,
       -0.30549634, -0.44475383, -0.01188598,  0.35355071, -0.17401885,
        0.25406268,  0.13176131,  0.37676547, -0.15836393,  0.38051639,
       -0.14748719,  0.01465959,  0.14876547,  0.15382295,  0.26550064,
        0.11031304, -0.2015802 , -0.31121199,  0.18481663, -0.26581299,
       -0.02808658, -0.40695993, -0.04343301,  0.35330812,  0.06857583,
       -0.20938223, -0.21365443,  0.10401396,  0.0056837 ]) 

Generation: 46 
 - Generation Avg Fit: 2253.3674633787755 
 - Best Fitness: 4846.773085191892 
 - Worst Fitness: 0.0
 - Best Solution: array([ 0.07874208, -0.21076099, -0.00085537,  0.36354847, -0.04418436,
       -0.28947454, -0.05047189, -0.27369963,  0.22701692,  0.47470313,
        0.37581492, -0.26806301, -0.19011628,  0.25236215,  0.15446906,
       -0.00516479,  0.13205718, -0.16086105,  0.41611664,  0.01224881,
        0.19536217,  0.02382517,  0.25628891, -0.29571113,  0.19478934,
        0.3110167 ,  0.15500419,  0.01104777,  0.23292008, -0.45889504,
       -0.28239689,  0.17372921, -0.50659709, -0.10656342,  0.44051186,
       -0.30549634, -0.44475383, -0.01188598,  0.35355071, -0.17401885,
        0.25406268,  0.13176131,  0.37676547, -0.15836393,  0.38051639,
       -0.14748719,  0.01465959,  0.14876547,  0.15382295,  0.26550064,
        0.11031304, -0.2015802 , -0.31121199,  0.18481663, -0.26581299,
       -0.02808658, -0.40695993, -0.04343301,  0.35330812,  0.06857583,
       -0.20938223, -0.21365443,  0.10401396,  0.0056837 ]) 

Generation: 47 
 - Generation Avg Fit: 2352.874165604021 
 - Best Fitness: 4846.773085191892 
 - Worst Fitness: 0.0
 - Best Solution: array([ 0.07874208, -0.21076099, -0.00085537,  0.36354847, -0.04418436,
       -0.28947454, -0.05047189, -0.27369963,  0.22701692,  0.47470313,
        0.37581492, -0.26806301, -0.19011628,  0.25236215,  0.15446906,
       -0.00516479,  0.13205718, -0.16086105,  0.41611664,  0.01224881,
        0.19536217,  0.02382517,  0.25628891, -0.29571113,  0.19478934,
        0.3110167 ,  0.15500419,  0.01104777,  0.23292008, -0.45889504,
       -0.28239689,  0.17372921, -0.50659709, -0.10656342,  0.44051186,
       -0.30549634, -0.44475383, -0.01188598,  0.35355071, -0.17401885,
        0.25406268,  0.13176131,  0.37676547, -0.15836393,  0.38051639,
       -0.14748719,  0.01465959,  0.14876547,  0.15382295,  0.26550064,
        0.11031304, -0.2015802 , -0.31121199,  0.18481663, -0.26581299,
       -0.02808658, -0.40695993, -0.04343301,  0.35330812,  0.06857583,
       -0.20938223, -0.21365443,  0.10401396,  0.0056837 ]) 

Generation: 48 
 - Generation Avg Fit: 2368.6793319428293 
 - Best Fitness: 4846.773085191892 
 - Worst Fitness: 0.0
 - Best Solution: array([ 0.07874208, -0.21076099, -0.00085537,  0.36354847, -0.04418436,
       -0.28947454, -0.05047189, -0.27369963,  0.22701692,  0.47470313,
        0.37581492, -0.26806301, -0.19011628,  0.25236215,  0.15446906,
       -0.00516479,  0.13205718, -0.16086105,  0.41611664,  0.01224881,
        0.19536217,  0.02382517,  0.25628891, -0.29571113,  0.19478934,
        0.3110167 ,  0.15500419,  0.01104777,  0.23292008, -0.45889504,
       -0.28239689,  0.17372921, -0.50659709, -0.10656342,  0.44051186,
       -0.30549634, -0.44475383, -0.01188598,  0.35355071, -0.17401885,
        0.25406268,  0.13176131,  0.37676547, -0.15836393,  0.38051639,
       -0.14748719,  0.01465959,  0.14876547,  0.15382295,  0.26550064,
        0.11031304, -0.2015802 , -0.31121199,  0.18481663, -0.26581299,
       -0.02808658, -0.40695993, -0.04343301,  0.35330812,  0.06857583,
       -0.20938223, -0.21365443,  0.10401396,  0.0056837 ]) 

Generation: 49 
 - Generation Avg Fit: 2298.281806681171 
 - Best Fitness: 4846.773085191892 
 - Worst Fitness: 0.0
 - Best Solution: array([ 0.07874208, -0.21076099, -0.00085537,  0.36354847, -0.04418436,
       -0.28947454, -0.05047189, -0.27369963,  0.22701692,  0.47470313,
        0.37581492, -0.26806301, -0.19011628,  0.25236215,  0.15446906,
       -0.00516479,  0.13205718, -0.16086105,  0.41611664,  0.01224881,
        0.19536217,  0.02382517,  0.25628891, -0.29571113,  0.19478934,
        0.3110167 ,  0.15500419,  0.01104777,  0.23292008, -0.45889504,
       -0.28239689,  0.17372921, -0.50659709, -0.10656342,  0.44051186,
       -0.30549634, -0.44475383, -0.01188598,  0.35355071, -0.17401885,
        0.25406268,  0.13176131,  0.37676547, -0.15836393,  0.38051639,
       -0.14748719,  0.01465959,  0.14876547,  0.15382295,  0.26550064,
        0.11031304, -0.2015802 , -0.31121199,  0.18481663, -0.26581299,
       -0.02808658, -0.40695993, -0.04343301,  0.35330812,  0.06857583,
       -0.20938223, -0.21365443,  0.10401396,  0.0056837 ]) 

Generation: 50 
 - Generation Avg Fit: 2489.3003471686675 
 - Best Fitness: 4846.773085191892 
 - Worst Fitness: 0.0
 - Best Solution: array([ 0.07874208, -0.21076099, -0.00085537,  0.36354847, -0.04418436,
       -0.28947454, -0.05047189, -0.27369963,  0.22701692,  0.47470313,
        0.37581492, -0.26806301, -0.19011628,  0.25236215,  0.15446906,
       -0.00516479,  0.13205718, -0.16086105,  0.41611664,  0.01224881,
        0.19536217,  0.02382517,  0.25628891, -0.29571113,  0.19478934,
        0.3110167 ,  0.15500419,  0.01104777,  0.23292008, -0.45889504,
       -0.28239689,  0.17372921, -0.50659709, -0.10656342,  0.44051186,
       -0.30549634, -0.44475383, -0.01188598,  0.35355071, -0.17401885,
        0.25406268,  0.13176131,  0.37676547, -0.15836393,  0.38051639,
       -0.14748719,  0.01465959,  0.14876547,  0.15382295,  0.26550064,
        0.11031304, -0.2015802 , -0.31121199,  0.18481663, -0.26581299,
       -0.02808658, -0.40695993, -0.04343301,  0.35330812,  0.06857583,
       -0.20938223, -0.21365443,  0.10401396,  0.0056837 ]) 

Generation: 51 
 - Generation Avg Fit: 2503.937202871635 
 - Best Fitness: 4846.773085191892 
 - Worst Fitness: 0.0
 - Best Solution: array([ 0.07874208, -0.21076099, -0.00085537,  0.36354847, -0.04418436,
       -0.28947454, -0.05047189, -0.27369963,  0.22701692,  0.47470313,
        0.37581492, -0.26806301, -0.19011628,  0.25236215,  0.15446906,
       -0.00516479,  0.13205718, -0.16086105,  0.41611664,  0.01224881,
        0.19536217,  0.02382517,  0.25628891, -0.29571113,  0.19478934,
        0.3110167 ,  0.15500419,  0.01104777,  0.23292008, -0.45889504,
       -0.28239689,  0.17372921, -0.50659709, -0.10656342,  0.44051186,
       -0.30549634, -0.44475383, -0.01188598,  0.35355071, -0.17401885,
        0.25406268,  0.13176131,  0.37676547, -0.15836393,  0.38051639,
       -0.14748719,  0.01465959,  0.14876547,  0.15382295,  0.26550064,
        0.11031304, -0.2015802 , -0.31121199,  0.18481663, -0.26581299,
       -0.02808658, -0.40695993, -0.04343301,  0.35330812,  0.06857583,
       -0.20938223, -0.21365443,  0.10401396,  0.0056837 ]) 

Generation: 52 
 - Generation Avg Fit: 2394.8121221129422 
 - Best Fitness: 4846.773085191892 
 - Worst Fitness: 0.0
 - Best Solution: array([ 0.07874208, -0.21076099, -0.00085537,  0.36354847, -0.04418436,
       -0.28947454, -0.05047189, -0.27369963,  0.22701692,  0.47470313,
        0.37581492, -0.26806301, -0.19011628,  0.25236215,  0.15446906,
       -0.00516479,  0.13205718, -0.16086105,  0.41611664,  0.01224881,
        0.19536217,  0.02382517,  0.25628891, -0.29571113,  0.19478934,
        0.3110167 ,  0.15500419,  0.01104777,  0.23292008, -0.45889504,
       -0.28239689,  0.17372921, -0.50659709, -0.10656342,  0.44051186,
       -0.30549634, -0.44475383, -0.01188598,  0.35355071, -0.17401885,
        0.25406268,  0.13176131,  0.37676547, -0.15836393,  0.38051639,
       -0.14748719,  0.01465959,  0.14876547,  0.15382295,  0.26550064,
        0.11031304, -0.2015802 , -0.31121199,  0.18481663, -0.26581299,
       -0.02808658, -0.40695993, -0.04343301,  0.35330812,  0.06857583,
       -0.20938223, -0.21365443,  0.10401396,  0.0056837 ]) 

Generation: 53 
 - Generation Avg Fit: 2395.0850873336317 
 - Best Fitness: 4846.773085191892 
 - Worst Fitness: 0.0
 - Best Solution: array([ 0.07874208, -0.21076099, -0.00085537,  0.36354847, -0.04418436,
       -0.28947454, -0.05047189, -0.27369963,  0.22701692,  0.47470313,
        0.37581492, -0.26806301, -0.19011628,  0.25236215,  0.15446906,
       -0.00516479,  0.13205718, -0.16086105,  0.41611664,  0.01224881,
        0.19536217,  0.02382517,  0.25628891, -0.29571113,  0.19478934,
        0.3110167 ,  0.15500419,  0.01104777,  0.23292008, -0.45889504,
       -0.28239689,  0.17372921, -0.50659709, -0.10656342,  0.44051186,
       -0.30549634, -0.44475383, -0.01188598,  0.35355071, -0.17401885,
        0.25406268,  0.13176131,  0.37676547, -0.15836393,  0.38051639,
       -0.14748719,  0.01465959,  0.14876547,  0.15382295,  0.26550064,
        0.11031304, -0.2015802 , -0.31121199,  0.18481663, -0.26581299,
       -0.02808658, -0.40695993, -0.04343301,  0.35330812,  0.06857583,
       -0.20938223, -0.21365443,  0.10401396,  0.0056837 ]) 

Generation: 54 
 - Generation Avg Fit: 2404.1804114923825 
 - Best Fitness: 4846.773085191892 
 - Worst Fitness: 0.0
 - Best Solution: array([ 0.07874208, -0.21076099, -0.00085537,  0.36354847, -0.04418436,
       -0.28947454, -0.05047189, -0.27369963,  0.22701692,  0.47470313,
        0.37581492, -0.26806301, -0.19011628,  0.25236215,  0.15446906,
       -0.00516479,  0.13205718, -0.16086105,  0.41611664,  0.01224881,
        0.19536217,  0.02382517,  0.25628891, -0.29571113,  0.19478934,
        0.3110167 ,  0.15500419,  0.01104777,  0.23292008, -0.45889504,
       -0.28239689,  0.17372921, -0.50659709, -0.10656342,  0.44051186,
       -0.30549634, -0.44475383, -0.01188598,  0.35355071, -0.17401885,
        0.25406268,  0.13176131,  0.37676547, -0.15836393,  0.38051639,
       -0.14748719,  0.01465959,  0.14876547,  0.15382295,  0.26550064,
        0.11031304, -0.2015802 , -0.31121199,  0.18481663, -0.26581299,
       -0.02808658, -0.40695993, -0.04343301,  0.35330812,  0.06857583,
       -0.20938223, -0.21365443,  0.10401396,  0.0056837 ]) 

Generation: 55 
 - Generation Avg Fit: 2514.564637082498 
 - Best Fitness: 4846.773085191892 
 - Worst Fitness: 0.0
 - Best Solution: array([ 0.07874208, -0.21076099, -0.00085537,  0.36354847, -0.04418436,
       -0.28947454, -0.05047189, -0.27369963,  0.22701692,  0.47470313,
        0.37581492, -0.26806301, -0.19011628,  0.25236215,  0.15446906,
       -0.00516479,  0.13205718, -0.16086105,  0.41611664,  0.01224881,
        0.19536217,  0.02382517,  0.25628891, -0.29571113,  0.19478934,
        0.3110167 ,  0.15500419,  0.01104777,  0.23292008, -0.45889504,
       -0.28239689,  0.17372921, -0.50659709, -0.10656342,  0.44051186,
       -0.30549634, -0.44475383, -0.01188598,  0.35355071, -0.17401885,
        0.25406268,  0.13176131,  0.37676547, -0.15836393,  0.38051639,
       -0.14748719,  0.01465959,  0.14876547,  0.15382295,  0.26550064,
        0.11031304, -0.2015802 , -0.31121199,  0.18481663, -0.26581299,
       -0.02808658, -0.40695993, -0.04343301,  0.35330812,  0.06857583,
       -0.20938223, -0.21365443,  0.10401396,  0.0056837 ]) 

Generation: 56 
 - Generation Avg Fit: 2480.7894144795373 
 - Best Fitness: 4846.773085191892 
 - Worst Fitness: 0.0
 - Best Solution: array([ 0.07874208, -0.21076099, -0.00085537,  0.36354847, -0.04418436,
       -0.28947454, -0.05047189, -0.27369963,  0.22701692,  0.47470313,
        0.37581492, -0.26806301, -0.19011628,  0.25236215,  0.15446906,
       -0.00516479,  0.13205718, -0.16086105,  0.41611664,  0.01224881,
        0.19536217,  0.02382517,  0.25628891, -0.29571113,  0.19478934,
        0.3110167 ,  0.15500419,  0.01104777,  0.23292008, -0.45889504,
       -0.28239689,  0.17372921, -0.50659709, -0.10656342,  0.44051186,
       -0.30549634, -0.44475383, -0.01188598,  0.35355071, -0.17401885,
        0.25406268,  0.13176131,  0.37676547, -0.15836393,  0.38051639,
       -0.14748719,  0.01465959,  0.14876547,  0.15382295,  0.26550064,
        0.11031304, -0.2015802 , -0.31121199,  0.18481663, -0.26581299,
       -0.02808658, -0.40695993, -0.04343301,  0.35330812,  0.06857583,
       -0.20938223, -0.21365443,  0.10401396,  0.0056837 ]) 

Generation: 57 
 - Generation Avg Fit: 2513.5048138687857 
 - Best Fitness: 5153.630682306085 
 - Worst Fitness: 0.0
 - Best Solution: array([ 0.07663388, -0.27985961, -0.00211726,  0.11730048,  0.01057766,
       -0.28949256,  0.10094355,  0.38055158,  0.20031556,  0.21023635,
        0.37185364, -0.27548249, -0.17602282, -0.49394087,  0.15170959,
       -0.01409718,  0.48482982,  0.33999102,  0.42984257, -0.22471134,
       -0.17611609, -0.40188252, -0.29687365, -0.28198238, -0.22014013,
       -0.22473846,  0.15629002,  0.27819799,  0.39095453, -0.07252145,
       -0.10444371, -0.02703081, -0.08782782,  0.24682748,  0.32656035,
        0.09012506,  0.08558176, -0.43196339,  0.14892717, -0.14660829,
       -0.10406953, -0.2221974 ,  0.37420314, -0.16170899,  0.00889638,
       -0.13015965,  0.08811218,  0.04364603,  0.47625874,  0.27128102,
        0.23631604,  0.0489013 , -0.27686284, -0.04372799, -0.27105712,
       -0.28494785, -0.42325923, -0.04130925,  0.33719475, -0.28850049,
       -0.2174955 ,  0.26503206,  0.09863482,  0.08030661]) 

Generation: 58 
 - Generation Avg Fit: 2557.499331043036 
 - Best Fitness: 5153.630682306085 
 - Worst Fitness: 0.0
 - Best Solution: array([ 0.07874208, -0.21076099, -0.00085537,  0.36354847, -0.04418436,
       -0.28947454, -0.05047189, -0.27369963,  0.22701692,  0.47470313,
        0.37581492, -0.26806301, -0.19011628,  0.25236215,  0.15446906,
       -0.00516479,  0.13205718, -0.16086105,  0.41611664,  0.01224881,
        0.19536217,  0.02382517,  0.25628891, -0.29571113,  0.19478934,
        0.3110167 ,  0.15500419,  0.01104777,  0.23292008, -0.45889504,
       -0.28239689,  0.17372921, -0.50659709, -0.10656342,  0.44051186,
       -0.30549634, -0.44475383, -0.01188598,  0.35355071, -0.17401885,
        0.25406268,  0.13176131,  0.37676547, -0.15836393,  0.38051639,
       -0.14748719,  0.01465959,  0.14876547,  0.15382295,  0.26550064,
        0.11031304, -0.2015802 , -0.31121199,  0.18481663, -0.26581299,
       -0.02808658, -0.40695993, -0.04343301,  0.35330812,  0.06857583,
       -0.20938223, -0.21365443,  0.10401396,  0.0056837 ]) 

Generation: 59 
 - Generation Avg Fit: 2605.1953189068972 
 - Best Fitness: 5153.630682306085 
 - Worst Fitness: 0.0
 - Best Solution: array([ 0.07663388, -0.27985961, -0.00211726,  0.11730048,  0.01057766,
       -0.28949256,  0.10094355,  0.38055158,  0.20031556,  0.21023635,
        0.37185364, -0.27548249, -0.17602282, -0.49394087,  0.15170959,
       -0.01409718,  0.48482982,  0.33999102,  0.42984257, -0.22471134,
       -0.17611609, -0.40188252, -0.29687365, -0.28198238, -0.22014013,
       -0.22473846,  0.15629002,  0.27819799,  0.39095453, -0.07252145,
       -0.10444371, -0.02703081, -0.08782782,  0.24682748,  0.32656035,
        0.09012506,  0.08558176, -0.43196339,  0.14892717, -0.14660829,
       -0.10406953, -0.2221974 ,  0.37420314, -0.16170899,  0.00889638,
       -0.13015965,  0.08811218,  0.04364603,  0.47625874,  0.27128102,
        0.23631604,  0.0489013 , -0.27686284, -0.04372799, -0.27105712,
       -0.28494785, -0.42325923, -0.04130925,  0.33719475, -0.28850049,
       -0.2174955 ,  0.26503206,  0.09863482,  0.08030661]) 

Generation: 60 
 - Generation Avg Fit: 2518.303389194867 
 - Best Fitness: 5153.630682306085 
 - Worst Fitness: 0.0
 - Best Solution: array([ 0.07663388, -0.27985961, -0.00211726,  0.11730048,  0.01057766,
       -0.28949256,  0.10094355,  0.38055158,  0.20031556,  0.21023635,
        0.37185364, -0.27548249, -0.17602282, -0.49394087,  0.15170959,
       -0.01409718,  0.48482982,  0.33999102,  0.42984257, -0.22471134,
       -0.17611609, -0.40188252, -0.29687365, -0.28198238, -0.22014013,
       -0.22473846,  0.15629002,  0.27819799,  0.39095453, -0.07252145,
       -0.10444371, -0.02703081, -0.08782782,  0.24682748,  0.32656035,
        0.09012506,  0.08558176, -0.43196339,  0.14892717, -0.14660829,
       -0.10406953, -0.2221974 ,  0.37420314, -0.16170899,  0.00889638,
       -0.13015965,  0.08811218,  0.04364603,  0.47625874,  0.27128102,
        0.23631604,  0.0489013 , -0.27686284, -0.04372799, -0.27105712,
       -0.28494785, -0.42325923, -0.04130925,  0.33719475, -0.28850049,
       -0.2174955 ,  0.26503206,  0.09863482,  0.08030661]) 

Generation: 61 
 - Generation Avg Fit: 2675.928518517866 
 - Best Fitness: 5153.630682306085 
 - Worst Fitness: 0.0
 - Best Solution: array([ 0.07663388, -0.27985961, -0.00211726,  0.11730048,  0.01057766,
       -0.28949256,  0.10094355,  0.38055158,  0.20031556,  0.21023635,
        0.37185364, -0.27548249, -0.17602282, -0.49394087,  0.15170959,
       -0.01409718,  0.48482982,  0.33999102,  0.42984257, -0.22471134,
       -0.17611609, -0.40188252, -0.29687365, -0.28198238, -0.22014013,
       -0.22473846,  0.15629002,  0.27819799,  0.39095453, -0.07252145,
       -0.10444371, -0.02703081, -0.08782782,  0.24682748,  0.32656035,
        0.09012506,  0.08558176, -0.43196339,  0.14892717, -0.14660829,
       -0.10406953, -0.2221974 ,  0.37420314, -0.16170899,  0.00889638,
       -0.13015965,  0.08811218,  0.04364603,  0.47625874,  0.27128102,
        0.23631604,  0.0489013 , -0.27686284, -0.04372799, -0.27105712,
       -0.28494785, -0.42325923, -0.04130925,  0.33719475, -0.28850049,
       -0.2174955 ,  0.26503206,  0.09863482,  0.08030661]) 

Generation: 62 
 - Generation Avg Fit: 2684.067865482739 
 - Best Fitness: 5153.630682306085 
 - Worst Fitness: 0.0
 - Best Solution: array([ 0.07663388, -0.27985961, -0.00211726,  0.11730048,  0.01057766,
       -0.28949256,  0.10094355,  0.38055158,  0.20031556,  0.21023635,
        0.37185364, -0.27548249, -0.17602282, -0.49394087,  0.15170959,
       -0.01409718,  0.48482982,  0.33999102,  0.42984257, -0.22471134,
       -0.17611609, -0.40188252, -0.29687365, -0.28198238, -0.22014013,
       -0.22473846,  0.15629002,  0.27819799,  0.39095453, -0.07252145,
       -0.10444371, -0.02703081, -0.08782782,  0.24682748,  0.32656035,
        0.09012506,  0.08558176, -0.43196339,  0.14892717, -0.14660829,
       -0.10406953, -0.2221974 ,  0.37420314, -0.16170899,  0.00889638,
       -0.13015965,  0.08811218,  0.04364603,  0.47625874,  0.27128102,
        0.23631604,  0.0489013 , -0.27686284, -0.04372799, -0.27105712,
       -0.28494785, -0.42325923, -0.04130925,  0.33719475, -0.28850049,
       -0.2174955 ,  0.26503206,  0.09863482,  0.08030661]) 

Generation: 63 
 - Generation Avg Fit: 2685.2468809559928 
 - Best Fitness: 5153.630682306085 
 - Worst Fitness: 0.0
 - Best Solution: array([ 0.07663388, -0.27985961, -0.00211726,  0.11730048,  0.01057766,
       -0.28949256,  0.10094355,  0.38055158,  0.20031556,  0.21023635,
        0.37185364, -0.27548249, -0.17602282, -0.49394087,  0.15170959,
       -0.01409718,  0.48482982,  0.33999102,  0.42984257, -0.22471134,
       -0.17611609, -0.40188252, -0.29687365, -0.28198238, -0.22014013,
       -0.22473846,  0.15629002,  0.27819799,  0.39095453, -0.07252145,
       -0.10444371, -0.02703081, -0.08782782,  0.24682748,  0.32656035,
        0.09012506,  0.08558176, -0.43196339,  0.14892717, -0.14660829,
       -0.10406953, -0.2221974 ,  0.37420314, -0.16170899,  0.00889638,
       -0.13015965,  0.08811218,  0.04364603,  0.47625874,  0.27128102,
        0.23631604,  0.0489013 , -0.27686284, -0.04372799, -0.27105712,
       -0.28494785, -0.42325923, -0.04130925,  0.33719475, -0.28850049,
       -0.2174955 ,  0.26503206,  0.09863482,  0.08030661]) 

Generation: 64 
 - Generation Avg Fit: 2698.2616603951615 
 - Best Fitness: 5153.630682306085 
 - Worst Fitness: 0.0
 - Best Solution: array([ 0.07663388, -0.27985961, -0.00211726,  0.11730048,  0.01057766,
       -0.28949256,  0.10094355,  0.38055158,  0.20031556,  0.21023635,
        0.37185364, -0.27548249, -0.17602282, -0.49394087,  0.15170959,
       -0.01409718,  0.48482982,  0.33999102,  0.42984257, -0.22471134,
       -0.17611609, -0.40188252, -0.29687365, -0.28198238, -0.22014013,
       -0.22473846,  0.15629002,  0.27819799,  0.39095453, -0.07252145,
       -0.10444371, -0.02703081, -0.08782782,  0.24682748,  0.32656035,
        0.09012506,  0.08558176, -0.43196339,  0.14892717, -0.14660829,
       -0.10406953, -0.2221974 ,  0.37420314, -0.16170899,  0.00889638,
       -0.13015965,  0.08811218,  0.04364603,  0.47625874,  0.27128102,
        0.23631604,  0.0489013 , -0.27686284, -0.04372799, -0.27105712,
       -0.28494785, -0.42325923, -0.04130925,  0.33719475, -0.28850049,
       -0.2174955 ,  0.26503206,  0.09863482,  0.08030661]) 

Generation: 65 
 - Generation Avg Fit: 2753.944841179818 
 - Best Fitness: 5153.630682306085 
 - Worst Fitness: 0.0
 - Best Solution: array([ 0.07663388, -0.27985961, -0.00211726,  0.11730048,  0.01057766,
       -0.28949256,  0.10094355,  0.38055158,  0.20031556,  0.21023635,
        0.37185364, -0.27548249, -0.17602282, -0.49394087,  0.15170959,
       -0.01409718,  0.48482982,  0.33999102,  0.42984257, -0.22471134,
       -0.17611609, -0.40188252, -0.29687365, -0.28198238, -0.22014013,
       -0.22473846,  0.15629002,  0.27819799,  0.39095453, -0.07252145,
       -0.10444371, -0.02703081, -0.08782782,  0.24682748,  0.32656035,
        0.09012506,  0.08558176, -0.43196339,  0.14892717, -0.14660829,
       -0.10406953, -0.2221974 ,  0.37420314, -0.16170899,  0.00889638,
       -0.13015965,  0.08811218,  0.04364603,  0.47625874,  0.27128102,
        0.23631604,  0.0489013 , -0.27686284, -0.04372799, -0.27105712,
       -0.28494785, -0.42325923, -0.04130925,  0.33719475, -0.28850049,
       -0.2174955 ,  0.26503206,  0.09863482,  0.08030661]) 

Generation: 66 
 - Generation Avg Fit: 2745.2988643274202 
 - Best Fitness: 5153.630682306085 
 - Worst Fitness: 0.0
 - Best Solution: array([ 0.07663388, -0.27985961, -0.00211726,  0.11730048,  0.01057766,
       -0.28949256,  0.10094355,  0.38055158,  0.20031556,  0.21023635,
        0.37185364, -0.27548249, -0.17602282, -0.49394087,  0.15170959,
       -0.01409718,  0.48482982,  0.33999102,  0.42984257, -0.22471134,
       -0.17611609, -0.40188252, -0.29687365, -0.28198238, -0.22014013,
       -0.22473846,  0.15629002,  0.27819799,  0.39095453, -0.07252145,
       -0.10444371, -0.02703081, -0.08782782,  0.24682748,  0.32656035,
        0.09012506,  0.08558176, -0.43196339,  0.14892717, -0.14660829,
       -0.10406953, -0.2221974 ,  0.37420314, -0.16170899,  0.00889638,
       -0.13015965,  0.08811218,  0.04364603,  0.47625874,  0.27128102,
        0.23631604,  0.0489013 , -0.27686284, -0.04372799, -0.27105712,
       -0.28494785, -0.42325923, -0.04130925,  0.33719475, -0.28850049,
       -0.2174955 ,  0.26503206,  0.09863482,  0.08030661]) 

Generation: 67 
 - Generation Avg Fit: 2573.42591193142 
 - Best Fitness: 5153.630682306085 
 - Worst Fitness: 0.0
 - Best Solution: array([ 0.07663388, -0.27985961, -0.00211726,  0.11730048,  0.01057766,
       -0.28949256,  0.10094355,  0.38055158,  0.20031556,  0.21023635,
        0.37185364, -0.27548249, -0.17602282, -0.49394087,  0.15170959,
       -0.01409718,  0.48482982,  0.33999102,  0.42984257, -0.22471134,
       -0.17611609, -0.40188252, -0.29687365, -0.28198238, -0.22014013,
       -0.22473846,  0.15629002,  0.27819799,  0.39095453, -0.07252145,
       -0.10444371, -0.02703081, -0.08782782,  0.24682748,  0.32656035,
        0.09012506,  0.08558176, -0.43196339,  0.14892717, -0.14660829,
       -0.10406953, -0.2221974 ,  0.37420314, -0.16170899,  0.00889638,
       -0.13015965,  0.08811218,  0.04364603,  0.47625874,  0.27128102,
        0.23631604,  0.0489013 , -0.27686284, -0.04372799, -0.27105712,
       -0.28494785, -0.42325923, -0.04130925,  0.33719475, -0.28850049,
       -0.2174955 ,  0.26503206,  0.09863482,  0.08030661]) 

Generation: 68 
 - Generation Avg Fit: 2731.367113495305 
 - Best Fitness: 5153.630682306085 
 - Worst Fitness: 0.0
 - Best Solution: array([ 0.07663388, -0.27985961, -0.00211726,  0.11730048,  0.01057766,
       -0.28949256,  0.10094355,  0.38055158,  0.20031556,  0.21023635,
        0.37185364, -0.27548249, -0.17602282, -0.49394087,  0.15170959,
       -0.01409718,  0.48482982,  0.33999102,  0.42984257, -0.22471134,
       -0.17611609, -0.40188252, -0.29687365, -0.28198238, -0.22014013,
       -0.22473846,  0.15629002,  0.27819799,  0.39095453, -0.07252145,
       -0.10444371, -0.02703081, -0.08782782,  0.24682748,  0.32656035,
        0.09012506,  0.08558176, -0.43196339,  0.14892717, -0.14660829,
       -0.10406953, -0.2221974 ,  0.37420314, -0.16170899,  0.00889638,
       -0.13015965,  0.08811218,  0.04364603,  0.47625874,  0.27128102,
        0.23631604,  0.0489013 , -0.27686284, -0.04372799, -0.27105712,
       -0.28494785, -0.42325923, -0.04130925,  0.33719475, -0.28850049,
       -0.2174955 ,  0.26503206,  0.09863482,  0.08030661]) 

Generation: 69 
 - Generation Avg Fit: 2624.676624479082 
 - Best Fitness: 5153.630682306085 
 - Worst Fitness: 0.0
 - Best Solution: array([ 0.07663388, -0.27985961, -0.00211726,  0.11730048,  0.01057766,
       -0.28949256,  0.10094355,  0.38055158,  0.20031556,  0.21023635,
        0.37185364, -0.27548249, -0.17602282, -0.49394087,  0.15170959,
       -0.01409718,  0.48482982,  0.33999102,  0.42984257, -0.22471134,
       -0.17611609, -0.40188252, -0.29687365, -0.28198238, -0.22014013,
       -0.22473846,  0.15629002,  0.27819799,  0.39095453, -0.07252145,
       -0.10444371, -0.02703081, -0.08782782,  0.24682748,  0.32656035,
        0.09012506,  0.08558176, -0.43196339,  0.14892717, -0.14660829,
       -0.10406953, -0.2221974 ,  0.37420314, -0.16170899,  0.00889638,
       -0.13015965,  0.08811218,  0.04364603,  0.47625874,  0.27128102,
        0.23631604,  0.0489013 , -0.27686284, -0.04372799, -0.27105712,
       -0.28494785, -0.42325923, -0.04130925,  0.33719475, -0.28850049,
       -0.2174955 ,  0.26503206,  0.09863482,  0.08030661]) 

Generation: 70 
 - Generation Avg Fit: 2805.908657378799 
 - Best Fitness: 5153.630682306085 
 - Worst Fitness: 0.0
 - Best Solution: array([ 0.07663388, -0.27985961, -0.00211726,  0.11730048,  0.01057766,
       -0.28949256,  0.10094355,  0.38055158,  0.20031556,  0.21023635,
        0.37185364, -0.27548249, -0.17602282, -0.49394087,  0.15170959,
       -0.01409718,  0.48482982,  0.33999102,  0.42984257, -0.22471134,
       -0.17611609, -0.40188252, -0.29687365, -0.28198238, -0.22014013,
       -0.22473846,  0.15629002,  0.27819799,  0.39095453, -0.07252145,
       -0.10444371, -0.02703081, -0.08782782,  0.24682748,  0.32656035,
        0.09012506,  0.08558176, -0.43196339,  0.14892717, -0.14660829,
       -0.10406953, -0.2221974 ,  0.37420314, -0.16170899,  0.00889638,
       -0.13015965,  0.08811218,  0.04364603,  0.47625874,  0.27128102,
        0.23631604,  0.0489013 , -0.27686284, -0.04372799, -0.27105712,
       -0.28494785, -0.42325923, -0.04130925,  0.33719475, -0.28850049,
       -0.2174955 ,  0.26503206,  0.09863482,  0.08030661]) 

Generation: 71 
 - Generation Avg Fit: 2708.953016501458 
 - Best Fitness: 5153.630682306085 
 - Worst Fitness: 0.0
 - Best Solution: array([ 0.07663388, -0.27985961, -0.00211726,  0.11730048,  0.01057766,
       -0.28949256,  0.10094355,  0.38055158,  0.20031556,  0.21023635,
        0.37185364, -0.27548249, -0.17602282, -0.49394087,  0.15170959,
       -0.01409718,  0.48482982,  0.33999102,  0.42984257, -0.22471134,
       -0.17611609, -0.40188252, -0.29687365, -0.28198238, -0.22014013,
       -0.22473846,  0.15629002,  0.27819799,  0.39095453, -0.07252145,
       -0.10444371, -0.02703081, -0.08782782,  0.24682748,  0.32656035,
        0.09012506,  0.08558176, -0.43196339,  0.14892717, -0.14660829,
       -0.10406953, -0.2221974 ,  0.37420314, -0.16170899,  0.00889638,
       -0.13015965,  0.08811218,  0.04364603,  0.47625874,  0.27128102,
        0.23631604,  0.0489013 , -0.27686284, -0.04372799, -0.27105712,
       -0.28494785, -0.42325923, -0.04130925,  0.33719475, -0.28850049,
       -0.2174955 ,  0.26503206,  0.09863482,  0.08030661]) 

Generation: 72 
 - Generation Avg Fit: 2857.2532444585436 
 - Best Fitness: 5153.630682306085 
 - Worst Fitness: 0.0
 - Best Solution: array([ 0.07663388, -0.27985961, -0.00211726,  0.11730048,  0.01057766,
       -0.28949256,  0.10094355,  0.38055158,  0.20031556,  0.21023635,
        0.37185364, -0.27548249, -0.17602282, -0.49394087,  0.15170959,
       -0.01409718,  0.48482982,  0.33999102,  0.42984257, -0.22471134,
       -0.17611609, -0.40188252, -0.29687365, -0.28198238, -0.22014013,
       -0.22473846,  0.15629002,  0.27819799,  0.39095453, -0.07252145,
       -0.10444371, -0.02703081, -0.08782782,  0.24682748,  0.32656035,
        0.09012506,  0.08558176, -0.43196339,  0.14892717, -0.14660829,
       -0.10406953, -0.2221974 ,  0.37420314, -0.16170899,  0.00889638,
       -0.13015965,  0.08811218,  0.04364603,  0.47625874,  0.27128102,
        0.23631604,  0.0489013 , -0.27686284, -0.04372799, -0.27105712,
       -0.28494785, -0.42325923, -0.04130925,  0.33719475, -0.28850049,
       -0.2174955 ,  0.26503206,  0.09863482,  0.08030661]) 

Generation: 73 
 - Generation Avg Fit: 2153.6816071239396 
 - Best Fitness: 5153.630682306085 
 - Worst Fitness: 0.0
 - Best Solution: array([ 0.07663388, -0.27985961, -0.00211726,  0.11730048,  0.01057766,
       -0.28949256,  0.10094355,  0.38055158,  0.20031556,  0.21023635,
        0.37185364, -0.27548249, -0.17602282, -0.49394087,  0.15170959,
       -0.01409718,  0.48482982,  0.33999102,  0.42984257, -0.22471134,
       -0.17611609, -0.40188252, -0.29687365, -0.28198238, -0.22014013,
       -0.22473846,  0.15629002,  0.27819799,  0.39095453, -0.07252145,
       -0.10444371, -0.02703081, -0.08782782,  0.24682748,  0.32656035,
        0.09012506,  0.08558176, -0.43196339,  0.14892717, -0.14660829,
       -0.10406953, -0.2221974 ,  0.37420314, -0.16170899,  0.00889638,
       -0.13015965,  0.08811218,  0.04364603,  0.47625874,  0.27128102,
        0.23631604,  0.0489013 , -0.27686284, -0.04372799, -0.27105712,
       -0.28494785, -0.42325923, -0.04130925,  0.33719475, -0.28850049,
       -0.2174955 ,  0.26503206,  0.09863482,  0.08030661]) 

Generation: 74 
 - Generation Avg Fit: 2153.6816071239396 
 - Best Fitness: 5153.630682306085 
 - Worst Fitness: 0.0
 - Best Solution: array([ 0.07663388, -0.27985961, -0.00211726,  0.11730048,  0.01057766,
       -0.28949256,  0.10094355,  0.38055158,  0.20031556,  0.21023635,
        0.37185364, -0.27548249, -0.17602282, -0.49394087,  0.15170959,
       -0.01409718,  0.48482982,  0.33999102,  0.42984257, -0.22471134,
       -0.17611609, -0.40188252, -0.29687365, -0.28198238, -0.22014013,
       -0.22473846,  0.15629002,  0.27819799,  0.39095453, -0.07252145,
       -0.10444371, -0.02703081, -0.08782782,  0.24682748,  0.32656035,
        0.09012506,  0.08558176, -0.43196339,  0.14892717, -0.14660829,
       -0.10406953, -0.2221974 ,  0.37420314, -0.16170899,  0.00889638,
       -0.13015965,  0.08811218,  0.04364603,  0.47625874,  0.27128102,
        0.23631604,  0.0489013 , -0.27686284, -0.04372799, -0.27105712,
       -0.28494785, -0.42325923, -0.04130925,  0.33719475, -0.28850049,
       -0.2174955 ,  0.26503206,  0.09863482,  0.08030661]) 

Generation: 75 
 - Generation Avg Fit: 2153.6816071239396 
 - Best Fitness: 5153.630682306085 
 - Worst Fitness: 0.0
 - Best Solution: array([ 0.07663388, -0.27985961, -0.00211726,  0.11730048,  0.01057766,
       -0.28949256,  0.10094355,  0.38055158,  0.20031556,  0.21023635,
        0.37185364, -0.27548249, -0.17602282, -0.49394087,  0.15170959,
       -0.01409718,  0.48482982,  0.33999102,  0.42984257, -0.22471134,
       -0.17611609, -0.40188252, -0.29687365, -0.28198238, -0.22014013,
       -0.22473846,  0.15629002,  0.27819799,  0.39095453, -0.07252145,
       -0.10444371, -0.02703081, -0.08782782,  0.24682748,  0.32656035,
        0.09012506,  0.08558176, -0.43196339,  0.14892717, -0.14660829,
       -0.10406953, -0.2221974 ,  0.37420314, -0.16170899,  0.00889638,
       -0.13015965,  0.08811218,  0.04364603,  0.47625874,  0.27128102,
        0.23631604,  0.0489013 , -0.27686284, -0.04372799, -0.27105712,
       -0.28494785, -0.42325923, -0.04130925,  0.33719475, -0.28850049,
       -0.2174955 ,  0.26503206,  0.09863482,  0.08030661]) 

Generation: 76 
 - Generation Avg Fit: 2153.6816071239396 
 - Best Fitness: 5153.630682306085 
 - Worst Fitness: 0.0
 - Best Solution: array([ 0.07663388, -0.27985961, -0.00211726,  0.11730048,  0.01057766,
       -0.28949256,  0.10094355,  0.38055158,  0.20031556,  0.21023635,
        0.37185364, -0.27548249, -0.17602282, -0.49394087,  0.15170959,
       -0.01409718,  0.48482982,  0.33999102,  0.42984257, -0.22471134,
       -0.17611609, -0.40188252, -0.29687365, -0.28198238, -0.22014013,
       -0.22473846,  0.15629002,  0.27819799,  0.39095453, -0.07252145,
       -0.10444371, -0.02703081, -0.08782782,  0.24682748,  0.32656035,
        0.09012506,  0.08558176, -0.43196339,  0.14892717, -0.14660829,
       -0.10406953, -0.2221974 ,  0.37420314, -0.16170899,  0.00889638,
       -0.13015965,  0.08811218,  0.04364603,  0.47625874,  0.27128102,
        0.23631604,  0.0489013 , -0.27686284, -0.04372799, -0.27105712,
       -0.28494785, -0.42325923, -0.04130925,  0.33719475, -0.28850049,
       -0.2174955 ,  0.26503206,  0.09863482,  0.08030661]) 

Generation: 77 
 - Generation Avg Fit: 2153.6816071239396 
 - Best Fitness: 5153.630682306085 
 - Worst Fitness: 0.0
 - Best Solution: array([ 0.07663388, -0.27985961, -0.00211726,  0.11730048,  0.01057766,
       -0.28949256,  0.10094355,  0.38055158,  0.20031556,  0.21023635,
        0.37185364, -0.27548249, -0.17602282, -0.49394087,  0.15170959,
       -0.01409718,  0.48482982,  0.33999102,  0.42984257, -0.22471134,
       -0.17611609, -0.40188252, -0.29687365, -0.28198238, -0.22014013,
       -0.22473846,  0.15629002,  0.27819799,  0.39095453, -0.07252145,
       -0.10444371, -0.02703081, -0.08782782,  0.24682748,  0.32656035,
        0.09012506,  0.08558176, -0.43196339,  0.14892717, -0.14660829,
       -0.10406953, -0.2221974 ,  0.37420314, -0.16170899,  0.00889638,
       -0.13015965,  0.08811218,  0.04364603,  0.47625874,  0.27128102,
        0.23631604,  0.0489013 , -0.27686284, -0.04372799, -0.27105712,
       -0.28494785, -0.42325923, -0.04130925,  0.33719475, -0.28850049,
       -0.2174955 ,  0.26503206,  0.09863482,  0.08030661]) 

Generation: 78 
 - Generation Avg Fit: 2153.6816071239396 
 - Best Fitness: 5153.630682306085 
 - Worst Fitness: 0.0
 - Best Solution: array([ 0.07663388, -0.27985961, -0.00211726,  0.11730048,  0.01057766,
       -0.28949256,  0.10094355,  0.38055158,  0.20031556,  0.21023635,
        0.37185364, -0.27548249, -0.17602282, -0.49394087,  0.15170959,
       -0.01409718,  0.48482982,  0.33999102,  0.42984257, -0.22471134,
       -0.17611609, -0.40188252, -0.29687365, -0.28198238, -0.22014013,
       -0.22473846,  0.15629002,  0.27819799,  0.39095453, -0.07252145,
       -0.10444371, -0.02703081, -0.08782782,  0.24682748,  0.32656035,
        0.09012506,  0.08558176, -0.43196339,  0.14892717, -0.14660829,
       -0.10406953, -0.2221974 ,  0.37420314, -0.16170899,  0.00889638,
       -0.13015965,  0.08811218,  0.04364603,  0.47625874,  0.27128102,
        0.23631604,  0.0489013 , -0.27686284, -0.04372799, -0.27105712,
       -0.28494785, -0.42325923, -0.04130925,  0.33719475, -0.28850049,
       -0.2174955 ,  0.26503206,  0.09863482,  0.08030661]) 

Generation: 79 
 - Generation Avg Fit: 2153.6816071239396 
 - Best Fitness: 5153.630682306085 
 - Worst Fitness: 0.0
 - Best Solution: array([ 0.07663388, -0.27985961, -0.00211726,  0.11730048,  0.01057766,
       -0.28949256,  0.10094355,  0.38055158,  0.20031556,  0.21023635,
        0.37185364, -0.27548249, -0.17602282, -0.49394087,  0.15170959,
       -0.01409718,  0.48482982,  0.33999102,  0.42984257, -0.22471134,
       -0.17611609, -0.40188252, -0.29687365, -0.28198238, -0.22014013,
       -0.22473846,  0.15629002,  0.27819799,  0.39095453, -0.07252145,
       -0.10444371, -0.02703081, -0.08782782,  0.24682748,  0.32656035,
        0.09012506,  0.08558176, -0.43196339,  0.14892717, -0.14660829,
       -0.10406953, -0.2221974 ,  0.37420314, -0.16170899,  0.00889638,
       -0.13015965,  0.08811218,  0.04364603,  0.47625874,  0.27128102,
        0.23631604,  0.0489013 , -0.27686284, -0.04372799, -0.27105712,
       -0.28494785, -0.42325923, -0.04130925,  0.33719475, -0.28850049,
       -0.2174955 ,  0.26503206,  0.09863482,  0.08030661]) 

Generation: 80 
 - Generation Avg Fit: 2153.6816071239396 
 - Best Fitness: 5153.630682306085 
 - Worst Fitness: 0.0
 - Best Solution: array([ 0.07663388, -0.27985961, -0.00211726,  0.11730048,  0.01057766,
       -0.28949256,  0.10094355,  0.38055158,  0.20031556,  0.21023635,
        0.37185364, -0.27548249, -0.17602282, -0.49394087,  0.15170959,
       -0.01409718,  0.48482982,  0.33999102,  0.42984257, -0.22471134,
       -0.17611609, -0.40188252, -0.29687365, -0.28198238, -0.22014013,
       -0.22473846,  0.15629002,  0.27819799,  0.39095453, -0.07252145,
       -0.10444371, -0.02703081, -0.08782782,  0.24682748,  0.32656035,
        0.09012506,  0.08558176, -0.43196339,  0.14892717, -0.14660829,
       -0.10406953, -0.2221974 ,  0.37420314, -0.16170899,  0.00889638,
       -0.13015965,  0.08811218,  0.04364603,  0.47625874,  0.27128102,
        0.23631604,  0.0489013 , -0.27686284, -0.04372799, -0.27105712,
       -0.28494785, -0.42325923, -0.04130925,  0.33719475, -0.28850049,
       -0.2174955 ,  0.26503206,  0.09863482,  0.08030661]) 

Generation: 81 
 - Generation Avg Fit: 2748.211551277749 
 - Best Fitness: 5153.630682306085 
 - Worst Fitness: 0.0
 - Best Solution: array([ 0.07663388, -0.27985961, -0.00211726,  0.11730048,  0.01057766,
       -0.28949256,  0.10094355,  0.38055158,  0.20031556,  0.21023635,
        0.37185364, -0.27548249, -0.17602282, -0.49394087,  0.15170959,
       -0.01409718,  0.48482982,  0.33999102,  0.42984257, -0.22471134,
       -0.17611609, -0.40188252, -0.29687365, -0.28198238, -0.22014013,
       -0.22473846,  0.15629002,  0.27819799,  0.39095453, -0.07252145,
       -0.10444371, -0.02703081, -0.08782782,  0.24682748,  0.32656035,
        0.09012506,  0.08558176, -0.43196339,  0.14892717, -0.14660829,
       -0.10406953, -0.2221974 ,  0.37420314, -0.16170899,  0.00889638,
       -0.13015965,  0.08811218,  0.04364603,  0.47625874,  0.27128102,
        0.23631604,  0.0489013 , -0.27686284, -0.04372799, -0.27105712,
       -0.28494785, -0.42325923, -0.04130925,  0.33719475, -0.28850049,
       -0.2174955 ,  0.26503206,  0.09863482,  0.08030661]) 

Generation: 82 
 - Generation Avg Fit: 2950.951334794229 
 - Best Fitness: 5153.630682306085 
 - Worst Fitness: 0.0
 - Best Solution: array([ 0.07663388, -0.27985961, -0.00211726,  0.11730048,  0.01057766,
       -0.28949256,  0.10094355,  0.38055158,  0.20031556,  0.21023635,
        0.37185364, -0.27548249, -0.17602282, -0.49394087,  0.15170959,
       -0.01409718,  0.48482982,  0.33999102,  0.42984257, -0.22471134,
       -0.17611609, -0.40188252, -0.29687365, -0.28198238, -0.22014013,
       -0.22473846,  0.15629002,  0.27819799,  0.39095453, -0.07252145,
       -0.10444371, -0.02703081, -0.08782782,  0.24682748,  0.32656035,
        0.09012506,  0.08558176, -0.43196339,  0.14892717, -0.14660829,
       -0.10406953, -0.2221974 ,  0.37420314, -0.16170899,  0.00889638,
       -0.13015965,  0.08811218,  0.04364603,  0.47625874,  0.27128102,
        0.23631604,  0.0489013 , -0.27686284, -0.04372799, -0.27105712,
       -0.28494785, -0.42325923, -0.04130925,  0.33719475, -0.28850049,
       -0.2174955 ,  0.26503206,  0.09863482,  0.08030661]) 

Generation: 83 
 - Generation Avg Fit: 2887.209343052847 
 - Best Fitness: 5153.630682306085 
 - Worst Fitness: 0.0
 - Best Solution: array([ 0.07663388, -0.27985961, -0.00211726,  0.11730048,  0.01057766,
       -0.28949256,  0.10094355,  0.38055158,  0.20031556,  0.21023635,
        0.37185364, -0.27548249, -0.17602282, -0.49394087,  0.15170959,
       -0.01409718,  0.48482982,  0.33999102,  0.42984257, -0.22471134,
       -0.17611609, -0.40188252, -0.29687365, -0.28198238, -0.22014013,
       -0.22473846,  0.15629002,  0.27819799,  0.39095453, -0.07252145,
       -0.10444371, -0.02703081, -0.08782782,  0.24682748,  0.32656035,
        0.09012506,  0.08558176, -0.43196339,  0.14892717, -0.14660829,
       -0.10406953, -0.2221974 ,  0.37420314, -0.16170899,  0.00889638,
       -0.13015965,  0.08811218,  0.04364603,  0.47625874,  0.27128102,
        0.23631604,  0.0489013 , -0.27686284, -0.04372799, -0.27105712,
       -0.28494785, -0.42325923, -0.04130925,  0.33719475, -0.28850049,
       -0.2174955 ,  0.26503206,  0.09863482,  0.08030661]) 

Generation: 84 
 - Generation Avg Fit: 2794.0284668975614 
 - Best Fitness: 5337.186522588206 
 - Worst Fitness: 0.0
 - Best Solution: array([ 0.47128622, -0.2895192 ,  0.40191635,  0.10058792,  0.00732843,
       -0.43682982,  0.0365449 ,  0.06206911,  0.12356835,  0.23086499,
        0.47716146, -0.28346687, -0.19576464, -0.00958679, -0.11743909,
       -0.1089497 ,  0.39000874,  0.21791102,  0.41472795,  0.08833124,
       -0.03115506, -0.39303396, -0.1818457 , -0.28620483, -0.12790601,
       -0.18137189,  0.15775774,  0.27232274,  0.40238268, -0.22973247,
       -0.3271868 ,  0.00148805,  0.15318547,  0.14397107,  0.38171712,
        0.0865558 , -0.15276628, -0.23885702,  0.1589624 , -0.17912378,
        0.01873062,  0.12242924,  0.19269096, -0.23785031,  0.00787719,
       -0.11715147,  0.03415742, -0.10505845, -0.2157486 , -0.06210153,
        0.10413136, -0.20367984, -0.21832008, -0.0689211 , -0.26471218,
       -0.08050621,  0.51236545,  0.22590294,  0.44914213, -0.50436164,
       -0.19898527,  0.28398645,  0.0904232 ,  0.07462424]) 

Generation: 85 
 - Generation Avg Fit: 2865.127555984209 
 - Best Fitness: 5337.186522588206 
 - Worst Fitness: 0.0
 - Best Solution: array([ 0.07663388, -0.27985961, -0.00211726,  0.11730048,  0.01057766,
       -0.28949256,  0.10094355,  0.38055158,  0.20031556,  0.21023635,
        0.37185364, -0.27548249, -0.17602282, -0.49394087,  0.15170959,
       -0.01409718,  0.48482982,  0.33999102,  0.42984257, -0.22471134,
       -0.17611609, -0.40188252, -0.29687365, -0.28198238, -0.22014013,
       -0.22473846,  0.15629002,  0.27819799,  0.39095453, -0.07252145,
       -0.10444371, -0.02703081, -0.08782782,  0.24682748,  0.32656035,
        0.09012506,  0.08558176, -0.43196339,  0.14892717, -0.14660829,
       -0.10406953, -0.2221974 ,  0.37420314, -0.16170899,  0.00889638,
       -0.13015965,  0.08811218,  0.04364603,  0.47625874,  0.27128102,
        0.23631604,  0.0489013 , -0.27686284, -0.04372799, -0.27105712,
       -0.28494785, -0.42325923, -0.04130925,  0.33719475, -0.28850049,
       -0.2174955 ,  0.26503206,  0.09863482,  0.08030661]) 

Generation: 86 
 - Generation Avg Fit: 2200.3825820087695 
 - Best Fitness: 5337.186522588206 
 - Worst Fitness: 0.0
 - Best Solution: array([ 0.47128622, -0.2895192 ,  0.40191635,  0.10058792,  0.00732843,
       -0.43682982,  0.0365449 ,  0.06206911,  0.12356835,  0.23086499,
        0.47716146, -0.28346687, -0.19576464, -0.00958679, -0.11743909,
       -0.1089497 ,  0.39000874,  0.21791102,  0.41472795,  0.08833124,
       -0.03115506, -0.39303396, -0.1818457 , -0.28620483, -0.12790601,
       -0.18137189,  0.15775774,  0.27232274,  0.40238268, -0.22973247,
       -0.3271868 ,  0.00148805,  0.15318547,  0.14397107,  0.38171712,
        0.0865558 , -0.15276628, -0.23885702,  0.1589624 , -0.17912378,
        0.01873062,  0.12242924,  0.19269096, -0.23785031,  0.00787719,
       -0.11715147,  0.03415742, -0.10505845, -0.2157486 , -0.06210153,
        0.10413136, -0.20367984, -0.21832008, -0.0689211 , -0.26471218,
       -0.08050621,  0.51236545,  0.22590294,  0.44914213, -0.50436164,
       -0.19898527,  0.28398645,  0.0904232 ,  0.07462424]) 

Generation: 87 
 - Generation Avg Fit: 2200.3825820087695 
 - Best Fitness: 5337.186522588206 
 - Worst Fitness: 0.0
 - Best Solution: array([ 0.47128622, -0.2895192 ,  0.40191635,  0.10058792,  0.00732843,
       -0.43682982,  0.0365449 ,  0.06206911,  0.12356835,  0.23086499,
        0.47716146, -0.28346687, -0.19576464, -0.00958679, -0.11743909,
       -0.1089497 ,  0.39000874,  0.21791102,  0.41472795,  0.08833124,
       -0.03115506, -0.39303396, -0.1818457 , -0.28620483, -0.12790601,
       -0.18137189,  0.15775774,  0.27232274,  0.40238268, -0.22973247,
       -0.3271868 ,  0.00148805,  0.15318547,  0.14397107,  0.38171712,
        0.0865558 , -0.15276628, -0.23885702,  0.1589624 , -0.17912378,
        0.01873062,  0.12242924,  0.19269096, -0.23785031,  0.00787719,
       -0.11715147,  0.03415742, -0.10505845, -0.2157486 , -0.06210153,
        0.10413136, -0.20367984, -0.21832008, -0.0689211 , -0.26471218,
       -0.08050621,  0.51236545,  0.22590294,  0.44914213, -0.50436164,
       -0.19898527,  0.28398645,  0.0904232 ,  0.07462424]) 

Generation: 88 
 - Generation Avg Fit: 2760.2806325919137 
 - Best Fitness: 5337.186522588206 
 - Worst Fitness: 0.0
 - Best Solution: array([ 0.47128622, -0.2895192 ,  0.40191635,  0.10058792,  0.00732843,
       -0.43682982,  0.0365449 ,  0.06206911,  0.12356835,  0.23086499,
        0.47716146, -0.28346687, -0.19576464, -0.00958679, -0.11743909,
       -0.1089497 ,  0.39000874,  0.21791102,  0.41472795,  0.08833124,
       -0.03115506, -0.39303396, -0.1818457 , -0.28620483, -0.12790601,
       -0.18137189,  0.15775774,  0.27232274,  0.40238268, -0.22973247,
       -0.3271868 ,  0.00148805,  0.15318547,  0.14397107,  0.38171712,
        0.0865558 , -0.15276628, -0.23885702,  0.1589624 , -0.17912378,
        0.01873062,  0.12242924,  0.19269096, -0.23785031,  0.00787719,
       -0.11715147,  0.03415742, -0.10505845, -0.2157486 , -0.06210153,
        0.10413136, -0.20367984, -0.21832008, -0.0689211 , -0.26471218,
       -0.08050621,  0.51236545,  0.22590294,  0.44914213, -0.50436164,
       -0.19898527,  0.28398645,  0.0904232 ,  0.07462424]) 

Generation: 89 
 - Generation Avg Fit: 2835.7581621528834 
 - Best Fitness: 5337.186522588206 
 - Worst Fitness: 0.0
 - Best Solution: array([ 0.47128622, -0.2895192 ,  0.40191635,  0.10058792,  0.00732843,
       -0.43682982,  0.0365449 ,  0.06206911,  0.12356835,  0.23086499,
        0.47716146, -0.28346687, -0.19576464, -0.00958679, -0.11743909,
       -0.1089497 ,  0.39000874,  0.21791102,  0.41472795,  0.08833124,
       -0.03115506, -0.39303396, -0.1818457 , -0.28620483, -0.12790601,
       -0.18137189,  0.15775774,  0.27232274,  0.40238268, -0.22973247,
       -0.3271868 ,  0.00148805,  0.15318547,  0.14397107,  0.38171712,
        0.0865558 , -0.15276628, -0.23885702,  0.1589624 , -0.17912378,
        0.01873062,  0.12242924,  0.19269096, -0.23785031,  0.00787719,
       -0.11715147,  0.03415742, -0.10505845, -0.2157486 , -0.06210153,
        0.10413136, -0.20367984, -0.21832008, -0.0689211 , -0.26471218,
       -0.08050621,  0.51236545,  0.22590294,  0.44914213, -0.50436164,
       -0.19898527,  0.28398645,  0.0904232 ,  0.07462424]) 

Generation: 90 
 - Generation Avg Fit: 3090.829822192894 
 - Best Fitness: 5337.186522588206 
 - Worst Fitness: 0.0
 - Best Solution: array([ 0.47128622, -0.2895192 ,  0.40191635,  0.10058792,  0.00732843,
       -0.43682982,  0.0365449 ,  0.06206911,  0.12356835,  0.23086499,
        0.47716146, -0.28346687, -0.19576464, -0.00958679, -0.11743909,
       -0.1089497 ,  0.39000874,  0.21791102,  0.41472795,  0.08833124,
       -0.03115506, -0.39303396, -0.1818457 , -0.28620483, -0.12790601,
       -0.18137189,  0.15775774,  0.27232274,  0.40238268, -0.22973247,
       -0.3271868 ,  0.00148805,  0.15318547,  0.14397107,  0.38171712,
        0.0865558 , -0.15276628, -0.23885702,  0.1589624 , -0.17912378,
        0.01873062,  0.12242924,  0.19269096, -0.23785031,  0.00787719,
       -0.11715147,  0.03415742, -0.10505845, -0.2157486 , -0.06210153,
        0.10413136, -0.20367984, -0.21832008, -0.0689211 , -0.26471218,
       -0.08050621,  0.51236545,  0.22590294,  0.44914213, -0.50436164,
       -0.19898527,  0.28398645,  0.0904232 ,  0.07462424]) 

Generation: 91 
 - Generation Avg Fit: 2918.535512691996 
 - Best Fitness: 5337.186522588206 
 - Worst Fitness: 0.0
 - Best Solution: array([ 0.47128622, -0.2895192 ,  0.40191635,  0.10058792,  0.00732843,
       -0.43682982,  0.0365449 ,  0.06206911,  0.12356835,  0.23086499,
        0.47716146, -0.28346687, -0.19576464, -0.00958679, -0.11743909,
       -0.1089497 ,  0.39000874,  0.21791102,  0.41472795,  0.08833124,
       -0.03115506, -0.39303396, -0.1818457 , -0.28620483, -0.12790601,
       -0.18137189,  0.15775774,  0.27232274,  0.40238268, -0.22973247,
       -0.3271868 ,  0.00148805,  0.15318547,  0.14397107,  0.38171712,
        0.0865558 , -0.15276628, -0.23885702,  0.1589624 , -0.17912378,
        0.01873062,  0.12242924,  0.19269096, -0.23785031,  0.00787719,
       -0.11715147,  0.03415742, -0.10505845, -0.2157486 , -0.06210153,
        0.10413136, -0.20367984, -0.21832008, -0.0689211 , -0.26471218,
       -0.08050621,  0.51236545,  0.22590294,  0.44914213, -0.50436164,
       -0.19898527,  0.28398645,  0.0904232 ,  0.07462424]) 

Generation: 92 
 - Generation Avg Fit: 2816.2674255673155 
 - Best Fitness: 5337.186522588206 
 - Worst Fitness: 0.0
 - Best Solution: array([ 0.47128622, -0.2895192 ,  0.40191635,  0.10058792,  0.00732843,
       -0.43682982,  0.0365449 ,  0.06206911,  0.12356835,  0.23086499,
        0.47716146, -0.28346687, -0.19576464, -0.00958679, -0.11743909,
       -0.1089497 ,  0.39000874,  0.21791102,  0.41472795,  0.08833124,
       -0.03115506, -0.39303396, -0.1818457 , -0.28620483, -0.12790601,
       -0.18137189,  0.15775774,  0.27232274,  0.40238268, -0.22973247,
       -0.3271868 ,  0.00148805,  0.15318547,  0.14397107,  0.38171712,
        0.0865558 , -0.15276628, -0.23885702,  0.1589624 , -0.17912378,
        0.01873062,  0.12242924,  0.19269096, -0.23785031,  0.00787719,
       -0.11715147,  0.03415742, -0.10505845, -0.2157486 , -0.06210153,
        0.10413136, -0.20367984, -0.21832008, -0.0689211 , -0.26471218,
       -0.08050621,  0.51236545,  0.22590294,  0.44914213, -0.50436164,
       -0.19898527,  0.28398645,  0.0904232 ,  0.07462424]) 

Generation: 93 
 - Generation Avg Fit: 3078.5590876284696 
 - Best Fitness: 5337.186522588206 
 - Worst Fitness: 0.0
 - Best Solution: array([ 0.47128622, -0.2895192 ,  0.40191635,  0.10058792,  0.00732843,
       -0.43682982,  0.0365449 ,  0.06206911,  0.12356835,  0.23086499,
        0.47716146, -0.28346687, -0.19576464, -0.00958679, -0.11743909,
       -0.1089497 ,  0.39000874,  0.21791102,  0.41472795,  0.08833124,
       -0.03115506, -0.39303396, -0.1818457 , -0.28620483, -0.12790601,
       -0.18137189,  0.15775774,  0.27232274,  0.40238268, -0.22973247,
       -0.3271868 ,  0.00148805,  0.15318547,  0.14397107,  0.38171712,
        0.0865558 , -0.15276628, -0.23885702,  0.1589624 , -0.17912378,
        0.01873062,  0.12242924,  0.19269096, -0.23785031,  0.00787719,
       -0.11715147,  0.03415742, -0.10505845, -0.2157486 , -0.06210153,
        0.10413136, -0.20367984, -0.21832008, -0.0689211 , -0.26471218,
       -0.08050621,  0.51236545,  0.22590294,  0.44914213, -0.50436164,
       -0.19898527,  0.28398645,  0.0904232 ,  0.07462424]) 

Generation: 94 
 - Generation Avg Fit: 2914.5183061485727 
 - Best Fitness: 5337.186522588206 
 - Worst Fitness: 0.0
 - Best Solution: array([ 0.47128622, -0.2895192 ,  0.40191635,  0.10058792,  0.00732843,
       -0.43682982,  0.0365449 ,  0.06206911,  0.12356835,  0.23086499,
        0.47716146, -0.28346687, -0.19576464, -0.00958679, -0.11743909,
       -0.1089497 ,  0.39000874,  0.21791102,  0.41472795,  0.08833124,
       -0.03115506, -0.39303396, -0.1818457 , -0.28620483, -0.12790601,
       -0.18137189,  0.15775774,  0.27232274,  0.40238268, -0.22973247,
       -0.3271868 ,  0.00148805,  0.15318547,  0.14397107,  0.38171712,
        0.0865558 , -0.15276628, -0.23885702,  0.1589624 , -0.17912378,
        0.01873062,  0.12242924,  0.19269096, -0.23785031,  0.00787719,
       -0.11715147,  0.03415742, -0.10505845, -0.2157486 , -0.06210153,
        0.10413136, -0.20367984, -0.21832008, -0.0689211 , -0.26471218,
       -0.08050621,  0.51236545,  0.22590294,  0.44914213, -0.50436164,
       -0.19898527,  0.28398645,  0.0904232 ,  0.07462424]) 

Generation: 95 
 - Generation Avg Fit: 2859.599664725434 
 - Best Fitness: 5337.186522588206 
 - Worst Fitness: 0.0
 - Best Solution: array([ 0.47128622, -0.2895192 ,  0.40191635,  0.10058792,  0.00732843,
       -0.43682982,  0.0365449 ,  0.06206911,  0.12356835,  0.23086499,
        0.47716146, -0.28346687, -0.19576464, -0.00958679, -0.11743909,
       -0.1089497 ,  0.39000874,  0.21791102,  0.41472795,  0.08833124,
       -0.03115506, -0.39303396, -0.1818457 , -0.28620483, -0.12790601,
       -0.18137189,  0.15775774,  0.27232274,  0.40238268, -0.22973247,
       -0.3271868 ,  0.00148805,  0.15318547,  0.14397107,  0.38171712,
        0.0865558 , -0.15276628, -0.23885702,  0.1589624 , -0.17912378,
        0.01873062,  0.12242924,  0.19269096, -0.23785031,  0.00787719,
       -0.11715147,  0.03415742, -0.10505845, -0.2157486 , -0.06210153,
        0.10413136, -0.20367984, -0.21832008, -0.0689211 , -0.26471218,
       -0.08050621,  0.51236545,  0.22590294,  0.44914213, -0.50436164,
       -0.19898527,  0.28398645,  0.0904232 ,  0.07462424]) 

Generation: 96 
 - Generation Avg Fit: 3051.1830887954134 
 - Best Fitness: 5337.186522588206 
 - Worst Fitness: 0.0
 - Best Solution: array([ 0.47128622, -0.2895192 ,  0.40191635,  0.10058792,  0.00732843,
       -0.43682982,  0.0365449 ,  0.06206911,  0.12356835,  0.23086499,
        0.47716146, -0.28346687, -0.19576464, -0.00958679, -0.11743909,
       -0.1089497 ,  0.39000874,  0.21791102,  0.41472795,  0.08833124,
       -0.03115506, -0.39303396, -0.1818457 , -0.28620483, -0.12790601,
       -0.18137189,  0.15775774,  0.27232274,  0.40238268, -0.22973247,
       -0.3271868 ,  0.00148805,  0.15318547,  0.14397107,  0.38171712,
        0.0865558 , -0.15276628, -0.23885702,  0.1589624 , -0.17912378,
        0.01873062,  0.12242924,  0.19269096, -0.23785031,  0.00787719,
       -0.11715147,  0.03415742, -0.10505845, -0.2157486 , -0.06210153,
        0.10413136, -0.20367984, -0.21832008, -0.0689211 , -0.26471218,
       -0.08050621,  0.51236545,  0.22590294,  0.44914213, -0.50436164,
       -0.19898527,  0.28398645,  0.0904232 ,  0.07462424]) 

Generation: 97 
 - Generation Avg Fit: 2916.9313262145756 
 - Best Fitness: 5337.186522588206 
 - Worst Fitness: 0.0
 - Best Solution: array([ 0.47128622, -0.2895192 ,  0.40191635,  0.10058792,  0.00732843,
       -0.43682982,  0.0365449 ,  0.06206911,  0.12356835,  0.23086499,
        0.47716146, -0.28346687, -0.19576464, -0.00958679, -0.11743909,
       -0.1089497 ,  0.39000874,  0.21791102,  0.41472795,  0.08833124,
       -0.03115506, -0.39303396, -0.1818457 , -0.28620483, -0.12790601,
       -0.18137189,  0.15775774,  0.27232274,  0.40238268, -0.22973247,
       -0.3271868 ,  0.00148805,  0.15318547,  0.14397107,  0.38171712,
        0.0865558 , -0.15276628, -0.23885702,  0.1589624 , -0.17912378,
        0.01873062,  0.12242924,  0.19269096, -0.23785031,  0.00787719,
       -0.11715147,  0.03415742, -0.10505845, -0.2157486 , -0.06210153,
        0.10413136, -0.20367984, -0.21832008, -0.0689211 , -0.26471218,
       -0.08050621,  0.51236545,  0.22590294,  0.44914213, -0.50436164,
       -0.19898527,  0.28398645,  0.0904232 ,  0.07462424]) 

Generation: 98 
 - Generation Avg Fit: 3039.685906726679 
 - Best Fitness: 5337.186522588206 
 - Worst Fitness: 0.0
 - Best Solution: array([ 0.47128622, -0.2895192 ,  0.40191635,  0.10058792,  0.00732843,
       -0.43682982,  0.0365449 ,  0.06206911,  0.12356835,  0.23086499,
        0.47716146, -0.28346687, -0.19576464, -0.00958679, -0.11743909,
       -0.1089497 ,  0.39000874,  0.21791102,  0.41472795,  0.08833124,
       -0.03115506, -0.39303396, -0.1818457 , -0.28620483, -0.12790601,
       -0.18137189,  0.15775774,  0.27232274,  0.40238268, -0.22973247,
       -0.3271868 ,  0.00148805,  0.15318547,  0.14397107,  0.38171712,
        0.0865558 , -0.15276628, -0.23885702,  0.1589624 , -0.17912378,
        0.01873062,  0.12242924,  0.19269096, -0.23785031,  0.00787719,
       -0.11715147,  0.03415742, -0.10505845, -0.2157486 , -0.06210153,
        0.10413136, -0.20367984, -0.21832008, -0.0689211 , -0.26471218,
       -0.08050621,  0.51236545,  0.22590294,  0.44914213, -0.50436164,
       -0.19898527,  0.28398645,  0.0904232 ,  0.07462424]) 

Generation: 99 
 - Generation Avg Fit: 2963.478369298919 
 - Best Fitness: 5337.186522588206 
 - Worst Fitness: 0.0
 - Best Solution: array([ 0.47128622, -0.2895192 ,  0.40191635,  0.10058792,  0.00732843,
       -0.43682982,  0.0365449 ,  0.06206911,  0.12356835,  0.23086499,
        0.47716146, -0.28346687, -0.19576464, -0.00958679, -0.11743909,
       -0.1089497 ,  0.39000874,  0.21791102,  0.41472795,  0.08833124,
       -0.03115506, -0.39303396, -0.1818457 , -0.28620483, -0.12790601,
       -0.18137189,  0.15775774,  0.27232274,  0.40238268, -0.22973247,
       -0.3271868 ,  0.00148805,  0.15318547,  0.14397107,  0.38171712,
        0.0865558 , -0.15276628, -0.23885702,  0.1589624 , -0.17912378,
        0.01873062,  0.12242924,  0.19269096, -0.23785031,  0.00787719,
       -0.11715147,  0.03415742, -0.10505845, -0.2157486 , -0.06210153,
        0.10413136, -0.20367984, -0.21832008, -0.0689211 , -0.26471218,
       -0.08050621,  0.51236545,  0.22590294,  0.44914213, -0.50436164,
       -0.19898527,  0.28398645,  0.0904232 ,  0.07462424]) 

Generation: 100 
 - Generation Avg Fit: 3134.408648972799 
 - Best Fitness: 5337.186522588206 
 - Worst Fitness: 0.0
 - Best Solution: array([ 0.47128622, -0.2895192 ,  0.40191635,  0.10058792,  0.00732843,
       -0.43682982,  0.0365449 ,  0.06206911,  0.12356835,  0.23086499,
        0.47716146, -0.28346687, -0.19576464, -0.00958679, -0.11743909,
       -0.1089497 ,  0.39000874,  0.21791102,  0.41472795,  0.08833124,
       -0.03115506, -0.39303396, -0.1818457 , -0.28620483, -0.12790601,
       -0.18137189,  0.15775774,  0.27232274,  0.40238268, -0.22973247,
       -0.3271868 ,  0.00148805,  0.15318547,  0.14397107,  0.38171712,
        0.0865558 , -0.15276628, -0.23885702,  0.1589624 , -0.17912378,
        0.01873062,  0.12242924,  0.19269096, -0.23785031,  0.00787719,
       -0.11715147,  0.03415742, -0.10505845, -0.2157486 , -0.06210153,
        0.10413136, -0.20367984, -0.21832008, -0.0689211 , -0.26471218,
       -0.08050621,  0.51236545,  0.22590294,  0.44914213, -0.50436164,
       -0.19898527,  0.28398645,  0.0904232 ,  0.07462424]) 
