
-------------------------------------------------------------------------------------------------------
                                --- Method Parameters ---                                            
-------------------------------------------------------------------------------------------------------

method: PyGAD, entity: hydrostat_reservoir, volume: 40, sim_duration: 500, dt: 0.05, 
fitness_func: pygad_fitness, pop_size: 200, gen_size: 2000, weight_search: 0.5, 

-------------------------------------------------------------------------------------------------------
                                --- Pygad  Parameters ---                                            
-------------------------------------------------------------------------------------------------------

parent_selection_type: rank, parents mating: 100, keep parents: 100, crossover type: uniform, 
mutation type: random, mutation prob: 0.5, mutation_max_val: 0.01, mutation_min_val: -0.01, 

=======================================================================================================


Generation: 1 
 - Generation Avg Fit: 80.3515502529336 
 - Best Fitness: 1429.9986473768545 
 - Worst Fitness: 0.0
 - Best Solution: array([0., 0., 0., 0., 0., 0., 0., 0., 0., 0., 0., 0., 0., 0., 0., 0., 0.,
       0., 0., 0., 0., 0., 0., 0., 0., 0., 0., 0., 0., 0., 0., 0., 0., 0.,
       0., 0., 0., 0., 0., 0., 0., 0., 0., 0., 0., 0., 0., 0., 0., 0., 0.,
       0., 0., 0., 0., 0., 0., 0., 0., 0., 0., 0., 0., 0.]) 

Generation: 2 
 - Generation Avg Fit: 127.18233533386189 
 - Best Fitness: 1484.690144669452 
 - Worst Fitness: 0.0
 - Best Solution: array([-0.2758589 , -0.02317782,  0.35142887, -0.10374341,  0.00526266,
        0.43840054, -0.41919757,  0.49480947,  0.09435217, -0.06942999,
       -0.28467008,  0.20683837, -0.41449259,  0.12352295, -0.29138108,
       -0.41242094,  0.02390988, -0.44189604,  0.33485719, -0.26203253,
        0.1299164 ,  0.2056988 , -0.10467169,  0.25609991, -0.08402178,
        0.43521646, -0.13591148,  0.03669706, -0.13510758, -0.12584813,
       -0.42969851, -0.2785183 , -0.09334544, -0.02115659,  0.06548869,
       -0.1953413 , -0.23182916,  0.39426316,  0.0300186 ,  0.13989509,
       -0.43563282,  0.00317705,  0.04577426,  0.24244495, -0.28427064,
        0.26057223,  0.43586063,  0.21054156,  0.10070671,  0.44394029,
        0.26824178,  0.49320712,  0.1964212 ,  0.05144404,  0.3962059 ,
        0.27269222, -0.13800028, -0.46805697,  0.45210937,  0.43289295,
       -0.29785278, -0.3371662 , -0.0180261 ,  0.21571343]) 

Generation: 3 
 - Generation Avg Fit: 196.941795247961 
 - Best Fitness: 2006.4445880930712 
 - Worst Fitness: 0.0
 - Best Solution: array([ 1.84519274e-01,  1.83901157e-02,  4.86910626e-01,  3.21023702e-01,
        2.18673940e-01,  3.57399510e-01,  1.41248177e-01, -4.49943963e-01,
        2.27546722e-01, -4.12794541e-01, -2.46370260e-01,  2.19494970e-01,
        2.22430755e-01, -4.03536470e-01, -1.25036729e-01,  4.74302218e-01,
        4.34783688e-02, -4.63867954e-01,  3.07145435e-01, -8.90205080e-02,
        3.08583177e-02, -3.19258841e-01, -1.42363679e-01,  3.44116518e-01,
        3.43263214e-04, -1.19314627e-01, -1.72394415e-01, -3.58146792e-02,
       -2.65322589e-01,  2.31100496e-01, -4.23334504e-01,  1.21707336e-01,
        4.14586879e-01,  2.47006142e-01, -1.81972332e-01,  3.33906024e-01,
        4.38639211e-01, -2.48778891e-01, -1.20174595e-01, -1.04974417e-01,
       -3.82616948e-01, -4.18133811e-01, -4.66191207e-02,  2.13591580e-01,
        2.44767014e-01,  4.89407302e-01,  4.57946469e-02, -2.46360819e-01,
       -2.60189907e-01,  1.39066658e-02, -2.75088789e-01, -2.27871566e-01,
       -2.53107789e-01, -5.46825278e-02,  3.68506811e-01,  3.29198104e-01,
        3.07556372e-01,  1.40852503e-01,  4.48977716e-01, -4.66552579e-01,
        1.29673074e-01, -3.57865286e-01, -1.58955075e-01, -3.93756840e-01]) 

Generation: 4 
 - Generation Avg Fit: 287.4342540247377 
 - Best Fitness: 2006.4445880930712 
 - Worst Fitness: 0.0
 - Best Solution: array([-0.2758589 , -0.02317782,  0.35142887, -0.10374341,  0.00526266,
        0.43840054, -0.41919757,  0.49480947,  0.09435217, -0.06942999,
       -0.28467008,  0.20683837, -0.41449259,  0.12352295, -0.29138108,
       -0.41242094,  0.02390988, -0.44189604,  0.33485719, -0.26203253,
        0.1299164 ,  0.2056988 , -0.10467169,  0.25609991, -0.08402178,
        0.43521646, -0.13591148,  0.03669706, -0.13510758, -0.12584813,
       -0.42969851, -0.2785183 , -0.09334544, -0.02115659,  0.06548869,
       -0.1953413 , -0.23182916,  0.39426316,  0.0300186 ,  0.13989509,
       -0.43563282,  0.00317705,  0.04577426,  0.24244495, -0.28427064,
        0.26057223,  0.43586063,  0.21054156,  0.10070671,  0.44394029,
        0.26824178,  0.49320712,  0.1964212 ,  0.05144404,  0.3962059 ,
        0.27269222, -0.13800028, -0.46805697,  0.45210937,  0.43289295,
       -0.29785278, -0.3371662 , -0.0180261 ,  0.21571343]) 

Generation: 5 
 - Generation Avg Fit: 409.47827986912 
 - Best Fitness: 2006.4445880930712 
 - Worst Fitness: 0.0
 - Best Solution: array([ 0.15797982, -0.30058651,  0.13729069,  0.36339478, -0.28237569,
        0.19061053, -0.19827863, -0.42074503,  0.26447184,  0.30717354,
        0.08144321, -0.00800729,  0.08748622, -0.48579522, -0.45965912,
        0.21767275, -0.4581626 , -0.12777981, -0.26702507, -0.08831846,
        0.42213799, -0.07655654, -0.03096149,  0.34018583, -0.1959337 ,
        0.19618054, -0.13655589, -0.27043582,  0.31707707, -0.02332774,
       -0.37983744, -0.24093926, -0.20072091, -0.4166321 ,  0.38758119,
       -0.49179923,  0.4831529 , -0.05648244,  0.46690104, -0.292884  ,
       -0.09463903, -0.02052988,  0.28439342, -0.13252853,  0.12383541,
       -0.01479268,  0.16711888, -0.08986655,  0.34970844,  0.45908462,
        0.25188728, -0.05995692, -0.20881493, -0.23390884,  0.11900174,
        0.33462702,  0.18060198, -0.22482364,  0.18447233,  0.3065707 ,
       -0.07467325, -0.39241102, -0.03529698, -0.18594899]) 

Generation: 6 
 - Generation Avg Fit: 527.2555439157662 
 - Best Fitness: 2006.4445880930712 
 - Worst Fitness: 0.0
 - Best Solution: array([ 0.15797982, -0.30058651,  0.13729069,  0.36339478, -0.28237569,
        0.19061053, -0.19827863, -0.42074503,  0.26447184,  0.30717354,
        0.08144321, -0.00800729,  0.08748622, -0.48579522, -0.45965912,
        0.21767275, -0.4581626 , -0.12777981, -0.26702507, -0.08831846,
        0.42213799, -0.07655654, -0.03096149,  0.34018583, -0.1959337 ,
        0.19618054, -0.13655589, -0.27043582,  0.31707707, -0.02332774,
       -0.37983744, -0.24093926, -0.20072091, -0.4166321 ,  0.38758119,
       -0.49179923,  0.4831529 , -0.05648244,  0.46690104, -0.292884  ,
       -0.09463903, -0.02052988,  0.28439342, -0.13252853,  0.12383541,
       -0.01479268,  0.16711888, -0.08986655,  0.34970844,  0.45908462,
        0.25188728, -0.05995692, -0.20881493, -0.23390884,  0.11900174,
        0.33462702,  0.18060198, -0.22482364,  0.18447233,  0.3065707 ,
       -0.07467325, -0.39241102, -0.03529698, -0.18594899]) 

Generation: 7 
 - Generation Avg Fit: 597.3197227191067 
 - Best Fitness: 2170.6260750141923 
 - Worst Fitness: 0.0
 - Best Solution: array([ 0.12376186,  0.22497327, -0.38529169,  0.15546102,  0.48877375,
        0.33260184,  0.04960758,  0.25163087, -0.23291402,  0.0798451 ,
       -0.28169771,  0.21279118,  0.28994735,  0.01588619, -0.29221556,
       -0.05684563,  0.39994194,  0.00878061,  0.06910186,  0.04036504,
        0.43152032, -0.0947888 , -0.44343055,  0.21152234,  0.46432466,
        0.32439619,  0.34804732,  0.16785484, -0.22479658, -0.02499153,
        0.29928436,  0.09641536,  0.31491649, -0.01075017,  0.39276467,
        0.14307818,  0.14729023,  0.24061936,  0.18243435, -0.05013107,
       -0.43634191, -0.45893431,  0.16585442,  0.16990411, -0.29338881,
       -0.27852408,  0.27569508,  0.222493  ,  0.12512462,  0.322016  ,
        0.27868817,  0.3945648 ,  0.24848688,  0.19154154,  0.12840293,
       -0.03950905, -0.27358314,  0.13929574,  0.46691566, -0.46087755,
        0.10241411,  0.23592828,  0.37567898,  0.14728328]) 

Generation: 8 
 - Generation Avg Fit: 685.6295726552614 
 - Best Fitness: 2170.6260750141923 
 - Worst Fitness: 0.0
 - Best Solution: array([ 0.15797982, -0.30058651,  0.13729069,  0.36339478, -0.28237569,
        0.19061053, -0.19827863, -0.42074503,  0.26447184,  0.30717354,
        0.08144321, -0.00800729,  0.08748622, -0.48579522, -0.45965912,
        0.21767275, -0.4581626 , -0.12777981, -0.26702507, -0.08831846,
        0.42213799, -0.07655654, -0.03096149,  0.34018583, -0.1959337 ,
        0.19618054, -0.13655589, -0.27043582,  0.31707707, -0.02332774,
       -0.37983744, -0.24093926, -0.20072091, -0.4166321 ,  0.38758119,
       -0.49179923,  0.4831529 , -0.05648244,  0.46690104, -0.292884  ,
       -0.09463903, -0.02052988,  0.28439342, -0.13252853,  0.12383541,
       -0.01479268,  0.16711888, -0.08986655,  0.34970844,  0.45908462,
        0.25188728, -0.05995692, -0.20881493, -0.23390884,  0.11900174,
        0.33462702,  0.18060198, -0.22482364,  0.18447233,  0.3065707 ,
       -0.07467325, -0.39241102, -0.03529698, -0.18594899]) 

Generation: 9 
 - Generation Avg Fit: 742.7535161481591 
 - Best Fitness: 2617.597319231861 
 - Worst Fitness: 0.0
 - Best Solution: array([ 0.33811957,  0.2227777 ,  0.10244331,  0.16095222, -0.44611926,
       -0.29214242,  0.06756413,  0.2526874 , -0.0244888 , -0.39768792,
        0.28926908, -0.32840902,  0.07839544,  0.01224117,  0.01914257,
        0.00451568, -0.3500719 ,  0.31933451,  0.00281818, -0.44894898,
       -0.01764977,  0.17043524, -0.00841068, -0.00603097, -0.00388103,
        0.03619924, -0.00468032, -0.01673741,  0.00766222, -0.44647383,
        0.00297228, -0.07608865,  0.1373407 ,  0.0064992 ,  0.35052649,
        0.19497295, -0.09047655, -0.00125502, -0.2091862 ,  0.22628394,
       -0.12945267,  0.06233833,  0.05577386,  0.02385499, -0.42560773,
        0.43603202,  0.03107544,  0.31780897,  0.34630233, -0.00591572,
       -0.34411338, -0.22960314, -0.00524001,  0.18451425,  0.00058073,
        0.3080359 , -0.00717302, -0.00969277, -0.04697854,  0.32962091,
       -0.01340654,  0.00325975, -0.01010811,  0.13058257]) 

Generation: 10 
 - Generation Avg Fit: 816.5110981839606 
 - Best Fitness: 2617.597319231861 
 - Worst Fitness: 0.0
 - Best Solution: array([ 0.47982126, -0.03257915,  0.49037273,  0.28126259,  0.49682808,
       -0.26744887,  0.04058624,  0.27788331, -0.2379106 ,  0.08375159,
       -0.27806472,  0.21057683,  0.08810741,  0.17102626,  0.24335984,
       -0.06010047, -0.35751708,  0.17316357,  0.32064174,  0.00895922,
        0.02743199,  0.05579402, -0.27744639,  0.25031575, -0.07907529,
        0.40901379,  0.33380488,  0.16894376, -0.36927281, -0.01457596,
       -0.13203758, -0.07366818, -0.16284973,  0.07151495,  0.21917209,
       -0.33962118,  0.13985258,  0.36564707,  0.1736252 ,  0.14324808,
        0.10602586,  0.09156736,  0.16244691,  0.24439132,  0.20145906,
        0.44489773,  0.26937506, -0.05952121,  0.36709094, -0.06432725,
        0.37093926, -0.15669936,  0.37064525,  0.05960296,  0.24214097,
       -0.14920939, -0.13377091,  0.19243833,  0.11504783, -0.03059196,
       -0.01932729, -0.33502901, -0.20380557, -0.41391041]) 

Generation: 11 
 - Generation Avg Fit: 862.1967404938702 
 - Best Fitness: 2617.597319231861 
 - Worst Fitness: 0.0
 - Best Solution: array([ 0.33811957,  0.2227777 ,  0.10244331,  0.16095222, -0.44611926,
       -0.29214242,  0.06756413,  0.2526874 , -0.0244888 , -0.39768792,
        0.28926908, -0.32840902,  0.07839544,  0.01224117,  0.01914257,
        0.00451568, -0.3500719 ,  0.31933451,  0.00281818, -0.44894898,
       -0.01764977,  0.17043524, -0.00841068, -0.00603097, -0.00388103,
        0.03619924, -0.00468032, -0.01673741,  0.00766222, -0.44647383,
        0.00297228, -0.07608865,  0.1373407 ,  0.0064992 ,  0.35052649,
        0.19497295, -0.09047655, -0.00125502, -0.2091862 ,  0.22628394,
       -0.12945267,  0.06233833,  0.05577386,  0.02385499, -0.42560773,
        0.43603202,  0.03107544,  0.31780897,  0.34630233, -0.00591572,
       -0.34411338, -0.22960314, -0.00524001,  0.18451425,  0.00058073,
        0.3080359 , -0.00717302, -0.00969277, -0.04697854,  0.32962091,
       -0.01340654,  0.00325975, -0.01010811,  0.13058257]) 

Generation: 12 
 - Generation Avg Fit: 868.8147422746007 
 - Best Fitness: 2617.597319231861 
 - Worst Fitness: 0.0
 - Best Solution: array([ 0.33811957,  0.2227777 ,  0.10244331,  0.16095222, -0.44611926,
       -0.29214242,  0.06756413,  0.2526874 , -0.0244888 , -0.39768792,
        0.28926908, -0.32840902,  0.07839544,  0.01224117,  0.01914257,
        0.00451568, -0.3500719 ,  0.31933451,  0.00281818, -0.44894898,
       -0.01764977,  0.17043524, -0.00841068, -0.00603097, -0.00388103,
        0.03619924, -0.00468032, -0.01673741,  0.00766222, -0.44647383,
        0.00297228, -0.07608865,  0.1373407 ,  0.0064992 ,  0.35052649,
        0.19497295, -0.09047655, -0.00125502, -0.2091862 ,  0.22628394,
       -0.12945267,  0.06233833,  0.05577386,  0.02385499, -0.42560773,
        0.43603202,  0.03107544,  0.31780897,  0.34630233, -0.00591572,
       -0.34411338, -0.22960314, -0.00524001,  0.18451425,  0.00058073,
        0.3080359 , -0.00717302, -0.00969277, -0.04697854,  0.32962091,
       -0.01340654,  0.00325975, -0.01010811,  0.13058257]) 

Generation: 13 
 - Generation Avg Fit: 873.0777326214879 
 - Best Fitness: 2617.597319231861 
 - Worst Fitness: 0.0
 - Best Solution: array([ 0.33811957,  0.2227777 ,  0.10244331,  0.16095222, -0.44611926,
       -0.29214242,  0.06756413,  0.2526874 , -0.0244888 , -0.39768792,
        0.28926908, -0.32840902,  0.07839544,  0.01224117,  0.01914257,
        0.00451568, -0.3500719 ,  0.31933451,  0.00281818, -0.44894898,
       -0.01764977,  0.17043524, -0.00841068, -0.00603097, -0.00388103,
        0.03619924, -0.00468032, -0.01673741,  0.00766222, -0.44647383,
        0.00297228, -0.07608865,  0.1373407 ,  0.0064992 ,  0.35052649,
        0.19497295, -0.09047655, -0.00125502, -0.2091862 ,  0.22628394,
       -0.12945267,  0.06233833,  0.05577386,  0.02385499, -0.42560773,
        0.43603202,  0.03107544,  0.31780897,  0.34630233, -0.00591572,
       -0.34411338, -0.22960314, -0.00524001,  0.18451425,  0.00058073,
        0.3080359 , -0.00717302, -0.00969277, -0.04697854,  0.32962091,
       -0.01340654,  0.00325975, -0.01010811,  0.13058257]) 

Generation: 14 
 - Generation Avg Fit: 924.3788672339601 
 - Best Fitness: 2617.597319231861 
 - Worst Fitness: 0.0
 - Best Solution: array([ 0.33811957,  0.2227777 ,  0.10244331,  0.16095222, -0.44611926,
       -0.29214242,  0.06756413,  0.2526874 , -0.0244888 , -0.39768792,
        0.28926908, -0.32840902,  0.07839544,  0.01224117,  0.01914257,
        0.00451568, -0.3500719 ,  0.31933451,  0.00281818, -0.44894898,
       -0.01764977,  0.17043524, -0.00841068, -0.00603097, -0.00388103,
        0.03619924, -0.00468032, -0.01673741,  0.00766222, -0.44647383,
        0.00297228, -0.07608865,  0.1373407 ,  0.0064992 ,  0.35052649,
        0.19497295, -0.09047655, -0.00125502, -0.2091862 ,  0.22628394,
       -0.12945267,  0.06233833,  0.05577386,  0.02385499, -0.42560773,
        0.43603202,  0.03107544,  0.31780897,  0.34630233, -0.00591572,
       -0.34411338, -0.22960314, -0.00524001,  0.18451425,  0.00058073,
        0.3080359 , -0.00717302, -0.00969277, -0.04697854,  0.32962091,
       -0.01340654,  0.00325975, -0.01010811,  0.13058257]) 

Generation: 15 
 - Generation Avg Fit: 965.8358673408184 
 - Best Fitness: 2617.597319231861 
 - Worst Fitness: 0.0
 - Best Solution: array([ 0.33811957,  0.2227777 ,  0.10244331,  0.16095222, -0.44611926,
       -0.29214242,  0.06756413,  0.2526874 , -0.0244888 , -0.39768792,
        0.28926908, -0.32840902,  0.07839544,  0.01224117,  0.01914257,
        0.00451568, -0.3500719 ,  0.31933451,  0.00281818, -0.44894898,
       -0.01764977,  0.17043524, -0.00841068, -0.00603097, -0.00388103,
        0.03619924, -0.00468032, -0.01673741,  0.00766222, -0.44647383,
        0.00297228, -0.07608865,  0.1373407 ,  0.0064992 ,  0.35052649,
        0.19497295, -0.09047655, -0.00125502, -0.2091862 ,  0.22628394,
       -0.12945267,  0.06233833,  0.05577386,  0.02385499, -0.42560773,
        0.43603202,  0.03107544,  0.31780897,  0.34630233, -0.00591572,
       -0.34411338, -0.22960314, -0.00524001,  0.18451425,  0.00058073,
        0.3080359 , -0.00717302, -0.00969277, -0.04697854,  0.32962091,
       -0.01340654,  0.00325975, -0.01010811,  0.13058257]) 

Generation: 16 
 - Generation Avg Fit: 1018.8349437902763 
 - Best Fitness: 2617.597319231861 
 - Worst Fitness: 0.0
 - Best Solution: array([ 0.33811957,  0.2227777 ,  0.10244331,  0.16095222, -0.44611926,
       -0.29214242,  0.06756413,  0.2526874 , -0.0244888 , -0.39768792,
        0.28926908, -0.32840902,  0.07839544,  0.01224117,  0.01914257,
        0.00451568, -0.3500719 ,  0.31933451,  0.00281818, -0.44894898,
       -0.01764977,  0.17043524, -0.00841068, -0.00603097, -0.00388103,
        0.03619924, -0.00468032, -0.01673741,  0.00766222, -0.44647383,
        0.00297228, -0.07608865,  0.1373407 ,  0.0064992 ,  0.35052649,
        0.19497295, -0.09047655, -0.00125502, -0.2091862 ,  0.22628394,
       -0.12945267,  0.06233833,  0.05577386,  0.02385499, -0.42560773,
        0.43603202,  0.03107544,  0.31780897,  0.34630233, -0.00591572,
       -0.34411338, -0.22960314, -0.00524001,  0.18451425,  0.00058073,
        0.3080359 , -0.00717302, -0.00969277, -0.04697854,  0.32962091,
       -0.01340654,  0.00325975, -0.01010811,  0.13058257]) 

Generation: 17 
 - Generation Avg Fit: 1014.2581924746876 
 - Best Fitness: 2851.3274483979394 
 - Worst Fitness: 0.0
 - Best Solution: array([-0.00180266,  0.22919815, -0.00478316,  0.43141926, -0.45317846,
       -0.25892604,  0.06642749,  0.27576728, -0.03502918, -0.38712126,
        0.28926908,  0.11193742,  0.2877659 ,  0.01057673,  0.25323902,
        0.31408877, -0.37776137,  0.3183588 ,  0.00416717, -0.45115849,
        0.23261588, -0.07748572, -0.27563208,  0.26152769, -0.00978313,
        0.41840627,  0.34023529,  0.03267498, -0.00718119, -0.44970493,
        0.23320862, -0.27158984,  0.13761252, -0.01397463,  0.2293359 ,
        0.15117888, -0.07382739, -0.2485456 ,  0.16885886,  0.09841853,
       -0.12487924, -0.05855221,  0.17193441,  0.02385499, -0.30271996,
        0.26057223, -0.06419474,  0.31226786,  0.34630233, -0.12894078,
        0.00323276, -0.22436959, -0.00931067,  0.19327015, -0.27966327,
        0.35070744,  0.18603253,  0.19127264, -0.06004858, -0.00325955,
        0.0894038 ,  0.01744221, -0.01937046,  0.1252628 ]) 

Generation: 18 
 - Generation Avg Fit: 1054.0293887233074 
 - Best Fitness: 3124.0527644307713 
 - Worst Fitness: 0.0
 - Best Solution: array([ 0.02404685, -0.28358579,  0.11704629,  0.16109322, -0.44037902,
       -0.16924277,  0.18168912, -0.07899614, -0.49701236,  0.00767465,
        0.19454229,  0.09507268,  0.40169526,  0.22432569,  0.35405319,
        0.32844407, -0.36064927, -0.4915796 ,  0.10116804, -0.02361657,
       -0.02487867,  0.03266734, -0.44460592,  0.32529469, -0.36457899,
        0.        ,  0.24882051,  0.        ,  0.28860386,  0.15535653,
        0.17007439,  0.06301264, -0.11645522, -0.01890132,  0.12137803,
       -0.49350558,  0.08774059,  0.14715743, -0.06467952, -0.27146099,
        0.09897417,  0.05270583, -0.47937972, -0.13671754, -0.31725637,
       -0.14052116,  0.1575919 ,  0.30097689,  0.16348936,  0.33074051,
       -0.40430755,  0.25729375, -0.00507229, -0.45369977,  0.12606925,
       -0.20668675, -0.49856746, -0.40561803,  0.07627164,  0.44525032,
        0.04569837, -0.13501299,  0.25980624, -0.39970344]) 

Generation: 19 
 - Generation Avg Fit: 1059.903666341078 
 - Best Fitness: 3124.0527644307713 
 - Worst Fitness: 0.0
 - Best Solution: array([-0.29149335,  0.12762103, -0.04649002,  0.42418331, -0.37025591,
       -0.12322479,  0.39369174,  0.07286544, -0.24923939,  0.35953935,
        0.18634938, -0.07999549,  0.08810741, -0.11105436, -0.07731973,
        0.46155129, -0.03036135,  0.27007812, -0.34904368,  0.44875962,
        0.43260652, -0.07751898, -0.00978818, -0.05632509, -0.18943656,
        0.41738901, -0.02786863,  0.41665628,  0.00430412, -0.36935353,
        0.38921243,  0.50640354,  0.15435604,  0.06604965, -0.43842883,
       -0.500907  , -0.08229713,  0.33703881,  0.16288079, -0.47789183,
       -0.00838175,  0.104486  , -0.00815553,  0.40077865, -0.42866783,
        0.4638704 ,  0.03107544, -0.10688766,  0.00412384,  0.00722124,
        0.25445421, -0.12941404,  0.31620644, -0.35356925,  0.37679197,
        0.45317637, -0.07283305, -0.35592633,  0.00574409, -0.45024357,
       -0.00386696,  0.00102056,  0.38367204, -0.18984342]) 

Generation: 20 
 - Generation Avg Fit: 1108.666064893322 
 - Best Fitness: 3124.0527644307713 
 - Worst Fitness: 0.0
 - Best Solution: array([ 0.02404685, -0.28358579,  0.11704629,  0.16109322, -0.44037902,
       -0.16924277,  0.18168912, -0.07899614, -0.49701236,  0.00767465,
        0.19454229,  0.09507268,  0.40169526,  0.22432569,  0.35405319,
        0.32844407, -0.36064927, -0.4915796 ,  0.10116804, -0.02361657,
       -0.02487867,  0.03266734, -0.44460592,  0.32529469, -0.36457899,
        0.        ,  0.24882051,  0.        ,  0.28860386,  0.15535653,
        0.17007439,  0.06301264, -0.11645522, -0.01890132,  0.12137803,
       -0.49350558,  0.08774059,  0.14715743, -0.06467952, -0.27146099,
        0.09897417,  0.05270583, -0.47937972, -0.13671754, -0.31725637,
       -0.14052116,  0.1575919 ,  0.30097689,  0.16348936,  0.33074051,
       -0.40430755,  0.25729375, -0.00507229, -0.45369977,  0.12606925,
       -0.20668675, -0.49856746, -0.40561803,  0.07627164,  0.44525032,
        0.04569837, -0.13501299,  0.25980624, -0.39970344]) 

Generation: 21 
 - Generation Avg Fit: 1202.1522184181847 
 - Best Fitness: 3138.751965685504 
 - Worst Fitness: 0.0
 - Best Solution: array([-0.00523181,  0.00941976,  0.1921259 ,  0.43875716,  0.00567986,
       -0.15138422,  0.46942952, -0.41469041, -0.02569164,  0.00342336,
       -0.32112951,  0.46885462, -0.00208897, -0.00672375,  0.01439433,
        0.00530745, -0.35401208, -0.08402642,  0.02111932,  0.03525538,
       -0.26448702,  0.00291993,  0.00598069,  0.00491857, -0.3674931 ,
        0.23339851,  0.00838023, -0.01736342,  0.01199301,  0.01549931,
       -0.03590151,  0.0017772 , -0.11455424,  0.00588775,  0.00663091,
        0.00785245,  0.00828495,  0.4204474 ,  0.28110912,  0.10512433,
        0.10386557, -0.44721385, -0.03733926,  0.17263055, -0.30993573,
       -0.04379555,  0.15163973,  0.        ,  0.28133906, -0.00923887,
       -0.40104488, -0.08078298,  0.25517379, -0.02237678,  0.00656302,
        0.30289186, -0.27016232,  0.00857216, -0.00580812,  0.46025918,
        0.29719307, -0.09775327,  0.32299876,  0.00065237]) 

Generation: 22 
 - Generation Avg Fit: 1185.482174666844 
 - Best Fitness: 3138.751965685504 
 - Worst Fitness: 0.0
 - Best Solution: array([ 0.02404685, -0.28358579,  0.11704629,  0.16109322, -0.44037902,
       -0.16924277,  0.18168912, -0.07899614, -0.49701236,  0.00767465,
        0.19454229,  0.09507268,  0.40169526,  0.22432569,  0.35405319,
        0.32844407, -0.36064927, -0.4915796 ,  0.10116804, -0.02361657,
       -0.02487867,  0.03266734, -0.44460592,  0.32529469, -0.36457899,
        0.        ,  0.24882051,  0.        ,  0.28860386,  0.15535653,
        0.17007439,  0.06301264, -0.11645522, -0.01890132,  0.12137803,
       -0.49350558,  0.08774059,  0.14715743, -0.06467952, -0.27146099,
        0.09897417,  0.05270583, -0.47937972, -0.13671754, -0.31725637,
       -0.14052116,  0.1575919 ,  0.30097689,  0.16348936,  0.33074051,
       -0.40430755,  0.25729375, -0.00507229, -0.45369977,  0.12606925,
       -0.20668675, -0.49856746, -0.40561803,  0.07627164,  0.44525032,
        0.04569837, -0.13501299,  0.25980624, -0.39970344]) 

Generation: 23 
 - Generation Avg Fit: 1224.720374769759 
 - Best Fitness: 3138.751965685504 
 - Worst Fitness: 0.0
 - Best Solution: array([-0.00523181,  0.00941976,  0.1921259 ,  0.43875716,  0.00567986,
       -0.15138422,  0.46942952, -0.41469041, -0.02569164,  0.00342336,
       -0.32112951,  0.46885462, -0.00208897, -0.00672375,  0.01439433,
        0.00530745, -0.35401208, -0.08402642,  0.02111932,  0.03525538,
       -0.26448702,  0.00291993,  0.00598069,  0.00491857, -0.3674931 ,
        0.23339851,  0.00838023, -0.01736342,  0.01199301,  0.01549931,
       -0.03590151,  0.0017772 , -0.11455424,  0.00588775,  0.00663091,
        0.00785245,  0.00828495,  0.4204474 ,  0.28110912,  0.10512433,
        0.10386557, -0.44721385, -0.03733926,  0.17263055, -0.30993573,
       -0.04379555,  0.15163973,  0.        ,  0.28133906, -0.00923887,
       -0.40104488, -0.08078298,  0.25517379, -0.02237678,  0.00656302,
        0.30289186, -0.27016232,  0.00857216, -0.00580812,  0.46025918,
        0.29719307, -0.09775327,  0.32299876,  0.00065237]) 

Generation: 24 
 - Generation Avg Fit: 1217.8100781166186 
 - Best Fitness: 3138.751965685504 
 - Worst Fitness: 0.0
 - Best Solution: array([-0.00523181,  0.00941976,  0.1921259 ,  0.43875716,  0.00567986,
       -0.15138422,  0.46942952, -0.41469041, -0.02569164,  0.00342336,
       -0.32112951,  0.46885462, -0.00208897, -0.00672375,  0.01439433,
        0.00530745, -0.35401208, -0.08402642,  0.02111932,  0.03525538,
       -0.26448702,  0.00291993,  0.00598069,  0.00491857, -0.3674931 ,
        0.23339851,  0.00838023, -0.01736342,  0.01199301,  0.01549931,
       -0.03590151,  0.0017772 , -0.11455424,  0.00588775,  0.00663091,
        0.00785245,  0.00828495,  0.4204474 ,  0.28110912,  0.10512433,
        0.10386557, -0.44721385, -0.03733926,  0.17263055, -0.30993573,
       -0.04379555,  0.15163973,  0.        ,  0.28133906, -0.00923887,
       -0.40104488, -0.08078298,  0.25517379, -0.02237678,  0.00656302,
        0.30289186, -0.27016232,  0.00857216, -0.00580812,  0.46025918,
        0.29719307, -0.09775327,  0.32299876,  0.00065237]) 

Generation: 25 
 - Generation Avg Fit: 1258.3909128642879 
 - Best Fitness: 3138.751965685504 
 - Worst Fitness: 0.0
 - Best Solution: array([-0.00523181,  0.00941976,  0.1921259 ,  0.43875716,  0.00567986,
       -0.15138422,  0.46942952, -0.41469041, -0.02569164,  0.00342336,
       -0.32112951,  0.46885462, -0.00208897, -0.00672375,  0.01439433,
        0.00530745, -0.35401208, -0.08402642,  0.02111932,  0.03525538,
       -0.26448702,  0.00291993,  0.00598069,  0.00491857, -0.3674931 ,
        0.23339851,  0.00838023, -0.01736342,  0.01199301,  0.01549931,
       -0.03590151,  0.0017772 , -0.11455424,  0.00588775,  0.00663091,
        0.00785245,  0.00828495,  0.4204474 ,  0.28110912,  0.10512433,
        0.10386557, -0.44721385, -0.03733926,  0.17263055, -0.30993573,
       -0.04379555,  0.15163973,  0.        ,  0.28133906, -0.00923887,
       -0.40104488, -0.08078298,  0.25517379, -0.02237678,  0.00656302,
        0.30289186, -0.27016232,  0.00857216, -0.00580812,  0.46025918,
        0.29719307, -0.09775327,  0.32299876,  0.00065237]) 

Generation: 26 
 - Generation Avg Fit: 1300.0029056019619 
 - Best Fitness: 3138.751965685504 
 - Worst Fitness: 0.0
 - Best Solution: array([-0.00523181,  0.00941976,  0.1921259 ,  0.43875716,  0.00567986,
       -0.15138422,  0.46942952, -0.41469041, -0.02569164,  0.00342336,
       -0.32112951,  0.46885462, -0.00208897, -0.00672375,  0.01439433,
        0.00530745, -0.35401208, -0.08402642,  0.02111932,  0.03525538,
       -0.26448702,  0.00291993,  0.00598069,  0.00491857, -0.3674931 ,
        0.23339851,  0.00838023, -0.01736342,  0.01199301,  0.01549931,
       -0.03590151,  0.0017772 , -0.11455424,  0.00588775,  0.00663091,
        0.00785245,  0.00828495,  0.4204474 ,  0.28110912,  0.10512433,
        0.10386557, -0.44721385, -0.03733926,  0.17263055, -0.30993573,
       -0.04379555,  0.15163973,  0.        ,  0.28133906, -0.00923887,
       -0.40104488, -0.08078298,  0.25517379, -0.02237678,  0.00656302,
        0.30289186, -0.27016232,  0.00857216, -0.00580812,  0.46025918,
        0.29719307, -0.09775327,  0.32299876,  0.00065237]) 

Generation: 27 
 - Generation Avg Fit: 1277.108429875398 
 - Best Fitness: 3300.1246273281336 
 - Worst Fitness: 0.0
 - Best Solution: array([ 0.02369054, -0.30058651,  0.3388203 ,  0.36339478, -0.18576016,
        0.18156873, -0.19291308, -0.42927494,  0.26365038,  0.1178588 ,
        0.08299964, -0.0066403 , -0.45928472, -0.48579522, -0.27908665,
        0.2709403 ,  0.3392397 , -0.12951153,  0.21177919, -0.45664505,
        0.13338883, -0.06663631, -0.44390451, -0.05410875, -0.20071445,
        0.19618054, -0.14317297,  0.45732464,  0.31707707, -0.02726463,
       -0.37983744, -0.23839596, -0.20272915, -0.01028723,  0.38758119,
       -0.49179923, -0.08050312, -0.05648244, -0.21002351, -0.29761626,
        0.34786639, -0.02052988,  0.29271294,  0.00232838,  0.11772406,
       -0.28894484,  0.16607385, -0.08469775,  0.35533821,  0.20485816,
        0.24261954, -0.05995692, -0.20881493,  0.31420657,  0.11900174,
        0.33462702, -0.2740623 , -0.22482364,  0.19415322,  0.3065707 ,
        0.16502186, -0.39057529, -0.03489386, -0.18594899]) 

Generation: 28 
 - Generation Avg Fit: 1353.3952455466915 
 - Best Fitness: 3300.1246273281336 
 - Worst Fitness: 0.0
 - Best Solution: array([-0.00523181,  0.00941976,  0.1921259 ,  0.43875716,  0.00567986,
       -0.15138422,  0.46942952, -0.41469041, -0.02569164,  0.00342336,
       -0.32112951,  0.46885462, -0.00208897, -0.00672375,  0.01439433,
        0.00530745, -0.35401208, -0.08402642,  0.02111932,  0.03525538,
       -0.26448702,  0.00291993,  0.00598069,  0.00491857, -0.3674931 ,
        0.23339851,  0.00838023, -0.01736342,  0.01199301,  0.01549931,
       -0.03590151,  0.0017772 , -0.11455424,  0.00588775,  0.00663091,
        0.00785245,  0.00828495,  0.4204474 ,  0.28110912,  0.10512433,
        0.10386557, -0.44721385, -0.03733926,  0.17263055, -0.30993573,
       -0.04379555,  0.15163973,  0.        ,  0.28133906, -0.00923887,
       -0.40104488, -0.08078298,  0.25517379, -0.02237678,  0.00656302,
        0.30289186, -0.27016232,  0.00857216, -0.00580812,  0.46025918,
        0.29719307, -0.09775327,  0.32299876,  0.00065237]) 

Generation: 29 
 - Generation Avg Fit: 1347.818440540182 
 - Best Fitness: 3300.1246273281336 
 - Worst Fitness: 0.0
 - Best Solution: array([ 0.02369054, -0.30058651,  0.3388203 ,  0.36339478, -0.18576016,
        0.18156873, -0.19291308, -0.42927494,  0.26365038,  0.1178588 ,
        0.08299964, -0.0066403 , -0.45928472, -0.48579522, -0.27908665,
        0.2709403 ,  0.3392397 , -0.12951153,  0.21177919, -0.45664505,
        0.13338883, -0.06663631, -0.44390451, -0.05410875, -0.20071445,
        0.19618054, -0.14317297,  0.45732464,  0.31707707, -0.02726463,
       -0.37983744, -0.23839596, -0.20272915, -0.01028723,  0.38758119,
       -0.49179923, -0.08050312, -0.05648244, -0.21002351, -0.29761626,
        0.34786639, -0.02052988,  0.29271294,  0.00232838,  0.11772406,
       -0.28894484,  0.16607385, -0.08469775,  0.35533821,  0.20485816,
        0.24261954, -0.05995692, -0.20881493,  0.31420657,  0.11900174,
        0.33462702, -0.2740623 , -0.22482364,  0.19415322,  0.3065707 ,
        0.16502186, -0.39057529, -0.03489386, -0.18594899]) 

Generation: 30 
 - Generation Avg Fit: 1372.2337126973298 
 - Best Fitness: 3300.1246273281336 
 - Worst Fitness: 0.0
 - Best Solution: array([ 0.02369054, -0.30058651,  0.3388203 ,  0.36339478, -0.18576016,
        0.18156873, -0.19291308, -0.42927494,  0.26365038,  0.1178588 ,
        0.08299964, -0.0066403 , -0.45928472, -0.48579522, -0.27908665,
        0.2709403 ,  0.3392397 , -0.12951153,  0.21177919, -0.45664505,
        0.13338883, -0.06663631, -0.44390451, -0.05410875, -0.20071445,
        0.19618054, -0.14317297,  0.45732464,  0.31707707, -0.02726463,
       -0.37983744, -0.23839596, -0.20272915, -0.01028723,  0.38758119,
       -0.49179923, -0.08050312, -0.05648244, -0.21002351, -0.29761626,
        0.34786639, -0.02052988,  0.29271294,  0.00232838,  0.11772406,
       -0.28894484,  0.16607385, -0.08469775,  0.35533821,  0.20485816,
        0.24261954, -0.05995692, -0.20881493,  0.31420657,  0.11900174,
        0.33462702, -0.2740623 , -0.22482364,  0.19415322,  0.3065707 ,
        0.16502186, -0.39057529, -0.03489386, -0.18594899]) 

Generation: 31 
 - Generation Avg Fit: 1434.823006246395 
 - Best Fitness: 3300.1246273281336 
 - Worst Fitness: 0.0
 - Best Solution: array([ 0.02369054, -0.30058651,  0.3388203 ,  0.36339478, -0.18576016,
        0.18156873, -0.19291308, -0.42927494,  0.26365038,  0.1178588 ,
        0.08299964, -0.0066403 , -0.45928472, -0.48579522, -0.27908665,
        0.2709403 ,  0.3392397 , -0.12951153,  0.21177919, -0.45664505,
        0.13338883, -0.06663631, -0.44390451, -0.05410875, -0.20071445,
        0.19618054, -0.14317297,  0.45732464,  0.31707707, -0.02726463,
       -0.37983744, -0.23839596, -0.20272915, -0.01028723,  0.38758119,
       -0.49179923, -0.08050312, -0.05648244, -0.21002351, -0.29761626,
        0.34786639, -0.02052988,  0.29271294,  0.00232838,  0.11772406,
       -0.28894484,  0.16607385, -0.08469775,  0.35533821,  0.20485816,
        0.24261954, -0.05995692, -0.20881493,  0.31420657,  0.11900174,
        0.33462702, -0.2740623 , -0.22482364,  0.19415322,  0.3065707 ,
        0.16502186, -0.39057529, -0.03489386, -0.18594899]) 

Generation: 32 
 - Generation Avg Fit: 1454.1476162463453 
 - Best Fitness: 3300.1246273281336 
 - Worst Fitness: 0.0
 - Best Solution: array([ 0.02369054, -0.30058651,  0.3388203 ,  0.36339478, -0.18576016,
        0.18156873, -0.19291308, -0.42927494,  0.26365038,  0.1178588 ,
        0.08299964, -0.0066403 , -0.45928472, -0.48579522, -0.27908665,
        0.2709403 ,  0.3392397 , -0.12951153,  0.21177919, -0.45664505,
        0.13338883, -0.06663631, -0.44390451, -0.05410875, -0.20071445,
        0.19618054, -0.14317297,  0.45732464,  0.31707707, -0.02726463,
       -0.37983744, -0.23839596, -0.20272915, -0.01028723,  0.38758119,
       -0.49179923, -0.08050312, -0.05648244, -0.21002351, -0.29761626,
        0.34786639, -0.02052988,  0.29271294,  0.00232838,  0.11772406,
       -0.28894484,  0.16607385, -0.08469775,  0.35533821,  0.20485816,
        0.24261954, -0.05995692, -0.20881493,  0.31420657,  0.11900174,
        0.33462702, -0.2740623 , -0.22482364,  0.19415322,  0.3065707 ,
        0.16502186, -0.39057529, -0.03489386, -0.18594899]) 

Generation: 33 
 - Generation Avg Fit: 1457.1137481861642 
 - Best Fitness: 3300.1246273281336 
 - Worst Fitness: 0.0
 - Best Solution: array([ 0.02369054, -0.30058651,  0.3388203 ,  0.36339478, -0.18576016,
        0.18156873, -0.19291308, -0.42927494,  0.26365038,  0.1178588 ,
        0.08299964, -0.0066403 , -0.45928472, -0.48579522, -0.27908665,
        0.2709403 ,  0.3392397 , -0.12951153,  0.21177919, -0.45664505,
        0.13338883, -0.06663631, -0.44390451, -0.05410875, -0.20071445,
        0.19618054, -0.14317297,  0.45732464,  0.31707707, -0.02726463,
       -0.37983744, -0.23839596, -0.20272915, -0.01028723,  0.38758119,
       -0.49179923, -0.08050312, -0.05648244, -0.21002351, -0.29761626,
        0.34786639, -0.02052988,  0.29271294,  0.00232838,  0.11772406,
       -0.28894484,  0.16607385, -0.08469775,  0.35533821,  0.20485816,
        0.24261954, -0.05995692, -0.20881493,  0.31420657,  0.11900174,
        0.33462702, -0.2740623 , -0.22482364,  0.19415322,  0.3065707 ,
        0.16502186, -0.39057529, -0.03489386, -0.18594899]) 

Generation: 34 
 - Generation Avg Fit: 1424.5043360957081 
 - Best Fitness: 3300.1246273281336 
 - Worst Fitness: 0.0
 - Best Solution: array([ 0.02369054, -0.30058651,  0.3388203 ,  0.36339478, -0.18576016,
        0.18156873, -0.19291308, -0.42927494,  0.26365038,  0.1178588 ,
        0.08299964, -0.0066403 , -0.45928472, -0.48579522, -0.27908665,
        0.2709403 ,  0.3392397 , -0.12951153,  0.21177919, -0.45664505,
        0.13338883, -0.06663631, -0.44390451, -0.05410875, -0.20071445,
        0.19618054, -0.14317297,  0.45732464,  0.31707707, -0.02726463,
       -0.37983744, -0.23839596, -0.20272915, -0.01028723,  0.38758119,
       -0.49179923, -0.08050312, -0.05648244, -0.21002351, -0.29761626,
        0.34786639, -0.02052988,  0.29271294,  0.00232838,  0.11772406,
       -0.28894484,  0.16607385, -0.08469775,  0.35533821,  0.20485816,
        0.24261954, -0.05995692, -0.20881493,  0.31420657,  0.11900174,
        0.33462702, -0.2740623 , -0.22482364,  0.19415322,  0.3065707 ,
        0.16502186, -0.39057529, -0.03489386, -0.18594899]) 

Generation: 35 
 - Generation Avg Fit: 1495.3016998781247 
 - Best Fitness: 3300.1246273281336 
 - Worst Fitness: 0.0
 - Best Solution: array([ 0.02369054, -0.30058651,  0.3388203 ,  0.36339478, -0.18576016,
        0.18156873, -0.19291308, -0.42927494,  0.26365038,  0.1178588 ,
        0.08299964, -0.0066403 , -0.45928472, -0.48579522, -0.27908665,
        0.2709403 ,  0.3392397 , -0.12951153,  0.21177919, -0.45664505,
        0.13338883, -0.06663631, -0.44390451, -0.05410875, -0.20071445,
        0.19618054, -0.14317297,  0.45732464,  0.31707707, -0.02726463,
       -0.37983744, -0.23839596, -0.20272915, -0.01028723,  0.38758119,
       -0.49179923, -0.08050312, -0.05648244, -0.21002351, -0.29761626,
        0.34786639, -0.02052988,  0.29271294,  0.00232838,  0.11772406,
       -0.28894484,  0.16607385, -0.08469775,  0.35533821,  0.20485816,
        0.24261954, -0.05995692, -0.20881493,  0.31420657,  0.11900174,
        0.33462702, -0.2740623 , -0.22482364,  0.19415322,  0.3065707 ,
        0.16502186, -0.39057529, -0.03489386, -0.18594899]) 

Generation: 36 
 - Generation Avg Fit: 1525.0376579774515 
 - Best Fitness: 3552.677293017509 
 - Worst Fitness: 0.0
 - Best Solution: array([ 0.47749804, -0.02978409,  0.48868302,  0.40764239, -0.44337872,
       -0.27049729,  0.03271464,  0.28591668,  0.36963786,  0.0943849 ,
        0.39180993,  0.21782305, -0.23755891,  0.16063799,  0.02819067,
       -0.10547147, -0.3506037 ,  0.17086701,  0.42340521, -0.26145773,
        0.02096739,  0.01399821, -0.27583484,  0.25202956, -0.0732231 ,
        0.01220814,  0.33302066,  0.15390924, -0.22561557, -0.25886559,
       -0.03100615, -0.07414072,  0.13562052,  0.01163009,  0.07675564,
       -0.31752333, -0.09809642, -0.244316  , -0.21320688, -0.31868053,
        0.10747179,  0.0893121 ,  0.17088603,  0.34048787, -0.42698916,
        0.42790469, -0.0679079 ,  0.36288479,  0.3648138 , -0.00654837,
       -0.35293738,  0.00072499,  0.3222043 ,  0.05096089,  0.13519331,
        0.30003933, -0.131827  ,  0.19511997,  0.11833323,  0.32667466,
       -0.02282512, -0.33314293,  0.44531121,  0.0019264 ]) 

Generation: 37 
 - Generation Avg Fit: 1527.937998124717 
 - Best Fitness: 3552.677293017509 
 - Worst Fitness: 0.0
 - Best Solution: array([ 0.02369054, -0.30058651,  0.3388203 ,  0.36339478, -0.18576016,
        0.18156873, -0.19291308, -0.42927494,  0.26365038,  0.1178588 ,
        0.08299964, -0.0066403 , -0.45928472, -0.48579522, -0.27908665,
        0.2709403 ,  0.3392397 , -0.12951153,  0.21177919, -0.45664505,
        0.13338883, -0.06663631, -0.44390451, -0.05410875, -0.20071445,
        0.19618054, -0.14317297,  0.45732464,  0.31707707, -0.02726463,
       -0.37983744, -0.23839596, -0.20272915, -0.01028723,  0.38758119,
       -0.49179923, -0.08050312, -0.05648244, -0.21002351, -0.29761626,
        0.34786639, -0.02052988,  0.29271294,  0.00232838,  0.11772406,
       -0.28894484,  0.16607385, -0.08469775,  0.35533821,  0.20485816,
        0.24261954, -0.05995692, -0.20881493,  0.31420657,  0.11900174,
        0.33462702, -0.2740623 , -0.22482364,  0.19415322,  0.3065707 ,
        0.16502186, -0.39057529, -0.03489386, -0.18594899]) 

Generation: 38 
 - Generation Avg Fit: 1536.7547364895959 
 - Best Fitness: 3552.677293017509 
 - Worst Fitness: 0.0
 - Best Solution: array([ 0.47749804, -0.02978409,  0.48868302,  0.40764239, -0.44337872,
       -0.27049729,  0.03271464,  0.28591668,  0.36963786,  0.0943849 ,
        0.39180993,  0.21782305, -0.23755891,  0.16063799,  0.02819067,
       -0.10547147, -0.3506037 ,  0.17086701,  0.42340521, -0.26145773,
        0.02096739,  0.01399821, -0.27583484,  0.25202956, -0.0732231 ,
        0.01220814,  0.33302066,  0.15390924, -0.22561557, -0.25886559,
       -0.03100615, -0.07414072,  0.13562052,  0.01163009,  0.07675564,
       -0.31752333, -0.09809642, -0.244316  , -0.21320688, -0.31868053,
        0.10747179,  0.0893121 ,  0.17088603,  0.34048787, -0.42698916,
        0.42790469, -0.0679079 ,  0.36288479,  0.3648138 , -0.00654837,
       -0.35293738,  0.00072499,  0.3222043 ,  0.05096089,  0.13519331,
        0.30003933, -0.131827  ,  0.19511997,  0.11833323,  0.32667466,
       -0.02282512, -0.33314293,  0.44531121,  0.0019264 ]) 

Generation: 39 
 - Generation Avg Fit: 1593.1448373003898 
 - Best Fitness: 3552.677293017509 
 - Worst Fitness: 0.0
 - Best Solution: array([ 0.47749804, -0.02978409,  0.48868302,  0.40764239, -0.44337872,
       -0.27049729,  0.03271464,  0.28591668,  0.36963786,  0.0943849 ,
        0.39180993,  0.21782305, -0.23755891,  0.16063799,  0.02819067,
       -0.10547147, -0.3506037 ,  0.17086701,  0.42340521, -0.26145773,
        0.02096739,  0.01399821, -0.27583484,  0.25202956, -0.0732231 ,
        0.01220814,  0.33302066,  0.15390924, -0.22561557, -0.25886559,
       -0.03100615, -0.07414072,  0.13562052,  0.01163009,  0.07675564,
       -0.31752333, -0.09809642, -0.244316  , -0.21320688, -0.31868053,
        0.10747179,  0.0893121 ,  0.17088603,  0.34048787, -0.42698916,
        0.42790469, -0.0679079 ,  0.36288479,  0.3648138 , -0.00654837,
       -0.35293738,  0.00072499,  0.3222043 ,  0.05096089,  0.13519331,
        0.30003933, -0.131827  ,  0.19511997,  0.11833323,  0.32667466,
       -0.02282512, -0.33314293,  0.44531121,  0.0019264 ]) 

Generation: 40 
 - Generation Avg Fit: 1647.364173604526 
 - Best Fitness: 3552.677293017509 
 - Worst Fitness: 0.0
 - Best Solution: array([ 0.47749804, -0.02978409,  0.48868302,  0.40764239, -0.44337872,
       -0.27049729,  0.03271464,  0.28591668,  0.36963786,  0.0943849 ,
        0.39180993,  0.21782305, -0.23755891,  0.16063799,  0.02819067,
       -0.10547147, -0.3506037 ,  0.17086701,  0.42340521, -0.26145773,
        0.02096739,  0.01399821, -0.27583484,  0.25202956, -0.0732231 ,
        0.01220814,  0.33302066,  0.15390924, -0.22561557, -0.25886559,
       -0.03100615, -0.07414072,  0.13562052,  0.01163009,  0.07675564,
       -0.31752333, -0.09809642, -0.244316  , -0.21320688, -0.31868053,
        0.10747179,  0.0893121 ,  0.17088603,  0.34048787, -0.42698916,
        0.42790469, -0.0679079 ,  0.36288479,  0.3648138 , -0.00654837,
       -0.35293738,  0.00072499,  0.3222043 ,  0.05096089,  0.13519331,
        0.30003933, -0.131827  ,  0.19511997,  0.11833323,  0.32667466,
       -0.02282512, -0.33314293,  0.44531121,  0.0019264 ]) 

Generation: 41 
 - Generation Avg Fit: 1674.7390390373384 
 - Best Fitness: 3552.677293017509 
 - Worst Fitness: 0.0
 - Best Solution: array([ 0.47749804, -0.02978409,  0.48868302,  0.40764239, -0.44337872,
       -0.27049729,  0.03271464,  0.28591668,  0.36963786,  0.0943849 ,
        0.39180993,  0.21782305, -0.23755891,  0.16063799,  0.02819067,
       -0.10547147, -0.3506037 ,  0.17086701,  0.42340521, -0.26145773,
        0.02096739,  0.01399821, -0.27583484,  0.25202956, -0.0732231 ,
        0.01220814,  0.33302066,  0.15390924, -0.22561557, -0.25886559,
       -0.03100615, -0.07414072,  0.13562052,  0.01163009,  0.07675564,
       -0.31752333, -0.09809642, -0.244316  , -0.21320688, -0.31868053,
        0.10747179,  0.0893121 ,  0.17088603,  0.34048787, -0.42698916,
        0.42790469, -0.0679079 ,  0.36288479,  0.3648138 , -0.00654837,
       -0.35293738,  0.00072499,  0.3222043 ,  0.05096089,  0.13519331,
        0.30003933, -0.131827  ,  0.19511997,  0.11833323,  0.32667466,
       -0.02282512, -0.33314293,  0.44531121,  0.0019264 ]) 

Generation: 42 
 - Generation Avg Fit: 1664.3005376314945 
 - Best Fitness: 3755.6855622464573 
 - Worst Fitness: 0.0
 - Best Solution: array([ 0.17580537, -0.05972274,  0.38493445,  0.41814693,  0.50106398,
       -0.24173268,  0.06349279,  0.29461768, -0.04187263, -0.06511705,
        0.3859998 , -0.47543282,  0.07775624, -0.24669232,  0.25466862,
       -0.3451064 , -0.36851141,  0.31785407,  0.31691409,  0.01028689,
        0.01381849, -0.04882309, -0.00996715,  0.22511902,  0.14759597,
        0.41765715,  0.34392675, -0.26045138, -0.15282921, -0.43978508,
       -0.03680072, -0.27085343,  0.1394391 ,  0.07355754,  0.21048923,
       -0.33097812, -0.08878617,  0.35210847,  0.0101516 ,  0.13387167,
       -0.11606111,  0.09829434,  0.16720287, -0.11927027, -0.30050414,
        0.25021032,  0.24503622, -0.37740811,  0.08159314, -0.05554444,
        0.3727097 , -0.02952851,  0.36187609,  0.00720496,  0.24476232,
        0.30696511, -0.14049836,  0.18109521,  0.12428755, -0.48168035,
       -0.01141278, -0.3348368 , -0.20747189,  0.36637095]) 

Generation: 43 
 - Generation Avg Fit: 1751.0018133700758 
 - Best Fitness: 3755.6855622464573 
 - Worst Fitness: 0.0
 - Best Solution: array([ 0.47749804, -0.02978409,  0.48868302,  0.40764239, -0.44337872,
       -0.27049729,  0.03271464,  0.28591668,  0.36963786,  0.0943849 ,
        0.39180993,  0.21782305, -0.23755891,  0.16063799,  0.02819067,
       -0.10547147, -0.3506037 ,  0.17086701,  0.42340521, -0.26145773,
        0.02096739,  0.01399821, -0.27583484,  0.25202956, -0.0732231 ,
        0.01220814,  0.33302066,  0.15390924, -0.22561557, -0.25886559,
       -0.03100615, -0.07414072,  0.13562052,  0.01163009,  0.07675564,
       -0.31752333, -0.09809642, -0.244316  , -0.21320688, -0.31868053,
        0.10747179,  0.0893121 ,  0.17088603,  0.34048787, -0.42698916,
        0.42790469, -0.0679079 ,  0.36288479,  0.3648138 , -0.00654837,
       -0.35293738,  0.00072499,  0.3222043 ,  0.05096089,  0.13519331,
        0.30003933, -0.131827  ,  0.19511997,  0.11833323,  0.32667466,
       -0.02282512, -0.33314293,  0.44531121,  0.0019264 ]) 

Generation: 44 
 - Generation Avg Fit: 1822.7411039539695 
 - Best Fitness: 3755.6855622464573 
 - Worst Fitness: 0.0
 - Best Solution: array([ 0.17580537, -0.05972274,  0.38493445,  0.41814693,  0.50106398,
       -0.24173268,  0.06349279,  0.29461768, -0.04187263, -0.06511705,
        0.3859998 , -0.47543282,  0.07775624, -0.24669232,  0.25466862,
       -0.3451064 , -0.36851141,  0.31785407,  0.31691409,  0.01028689,
        0.01381849, -0.04882309, -0.00996715,  0.22511902,  0.14759597,
        0.41765715,  0.34392675, -0.26045138, -0.15282921, -0.43978508,
       -0.03680072, -0.27085343,  0.1394391 ,  0.07355754,  0.21048923,
       -0.33097812, -0.08878617,  0.35210847,  0.0101516 ,  0.13387167,
       -0.11606111,  0.09829434,  0.16720287, -0.11927027, -0.30050414,
        0.25021032,  0.24503622, -0.37740811,  0.08159314, -0.05554444,
        0.3727097 , -0.02952851,  0.36187609,  0.00720496,  0.24476232,
        0.30696511, -0.14049836,  0.18109521,  0.12428755, -0.48168035,
       -0.01141278, -0.3348368 , -0.20747189,  0.36637095]) 

Generation: 45 
 - Generation Avg Fit: 1913.7613025877758 
 - Best Fitness: 3755.6855622464573 
 - Worst Fitness: 0.0
 - Best Solution: array([ 0.17580537, -0.05972274,  0.38493445,  0.41814693,  0.50106398,
       -0.24173268,  0.06349279,  0.29461768, -0.04187263, -0.06511705,
        0.3859998 , -0.47543282,  0.07775624, -0.24669232,  0.25466862,
       -0.3451064 , -0.36851141,  0.31785407,  0.31691409,  0.01028689,
        0.01381849, -0.04882309, -0.00996715,  0.22511902,  0.14759597,
        0.41765715,  0.34392675, -0.26045138, -0.15282921, -0.43978508,
       -0.03680072, -0.27085343,  0.1394391 ,  0.07355754,  0.21048923,
       -0.33097812, -0.08878617,  0.35210847,  0.0101516 ,  0.13387167,
       -0.11606111,  0.09829434,  0.16720287, -0.11927027, -0.30050414,
        0.25021032,  0.24503622, -0.37740811,  0.08159314, -0.05554444,
        0.3727097 , -0.02952851,  0.36187609,  0.00720496,  0.24476232,
        0.30696511, -0.14049836,  0.18109521,  0.12428755, -0.48168035,
       -0.01141278, -0.3348368 , -0.20747189,  0.36637095]) 

Generation: 46 
 - Generation Avg Fit: 2016.552281378439 
 - Best Fitness: 3907.9492166944788 
 - Worst Fitness: 0.0
 - Best Solution: array([ 0.00087885,  0.21680932,  0.19403133,  0.4288909 , -0.00610805,
       -0.23958882,  0.16736275,  0.26314449, -0.0177059 , -0.39835833,
        0.06269063, -0.45872788,  0.05181359, -0.2468593 ,  0.01356729,
       -0.05593663, -0.03710308,  0.32530491,  0.3109758 , -0.43137351,
        0.44121885, -0.04142823, -0.01187475,  0.23585619, -0.08590453,
        0.01551564,  0.3599948 ,  0.17362427, -0.00273845, -0.44300454,
        0.22617   , -0.26846485,  0.14027829,  0.06845191,  0.22056507,
       -0.32208764, -0.07825197, -0.25862086, -0.46943508, -0.31193542,
        0.08706486,  0.09634379,  0.27481047, -0.12026452, -0.29592663,
        0.24875412,  0.02255181,  0.31780897,  0.34417159, -0.13263184,
        0.25317073, -0.04605312,  0.24832813,  0.19206376, -0.27590785,
        0.27860514, -0.09858261,  0.06986804,  0.13743409, -0.4726157 ,
        0.09372014, -0.33979203, -0.01376125, -0.42709865]) 

Generation: 47 
 - Generation Avg Fit: 2153.1079998625755 
 - Best Fitness: 4054.4691404363966 
 - Worst Fitness: 0.0
 - Best Solution: array([ 0.47560438, -0.02097663,  0.48492684,  0.2612132 ,  0.00134059,
       -0.23160728,  0.15093522,  0.28247012, -0.41549742, -0.15430029,
        0.39063665, -0.46136703,  0.01617478, -0.23870547,  0.23810393,
       -0.09463701, -0.05180128,  0.17167417,  0.43019528, -0.42680112,
        0.01289437, -0.03410534, -0.28398376,  0.2553235 , -0.08896476,
        0.33433805,  0.33745391,  0.04118538, -0.27754536, -0.23015096,
        0.2058904 , -0.26680331, -0.27530438,  0.06147386,  0.24126439,
       -0.3438632 ,  0.14202393,  0.00357118,  0.17271088, -0.33035762,
       -0.12195479,  0.15063466,  0.28581349, -0.13348031,  0.20815602,
       -0.31738132,  0.24272619,  0.36639182, -0.48609339, -0.05994093,
        0.3868691 ,  0.00322482,  0.2374786 ,  0.19185341, -0.29414269,
        0.27561856,  0.06942623,  0.1894962 ,  0.11839758, -0.48539052,
       -0.01994012,  0.23017782, -0.34493952,  0.36638043]) 

Generation: 48 
 - Generation Avg Fit: 2192.7836376526266 
 - Best Fitness: 4054.4691404363966 
 - Worst Fitness: 0.0
 - Best Solution: array([ 0.00087885,  0.21680932,  0.19403133,  0.4288909 , -0.00610805,
       -0.23958882,  0.16736275,  0.26314449, -0.0177059 , -0.39835833,
        0.06269063, -0.45872788,  0.05181359, -0.2468593 ,  0.01356729,
       -0.05593663, -0.03710308,  0.32530491,  0.3109758 , -0.43137351,
        0.44121885, -0.04142823, -0.01187475,  0.23585619, -0.08590453,
        0.01551564,  0.3599948 ,  0.17362427, -0.00273845, -0.44300454,
        0.22617   , -0.26846485,  0.14027829,  0.06845191,  0.22056507,
       -0.32208764, -0.07825197, -0.25862086, -0.46943508, -0.31193542,
        0.08706486,  0.09634379,  0.27481047, -0.12026452, -0.29592663,
        0.24875412,  0.02255181,  0.31780897,  0.34417159, -0.13263184,
        0.25317073, -0.04605312,  0.24832813,  0.19206376, -0.27590785,
        0.27860514, -0.09858261,  0.06986804,  0.13743409, -0.4726157 ,
        0.09372014, -0.33979203, -0.01376125, -0.42709865]) 

Generation: 49 
 - Generation Avg Fit: 2189.711327106994 
 - Best Fitness: 4054.4691404363966 
 - Worst Fitness: 0.0
 - Best Solution: array([ 0.47560438, -0.02097663,  0.48492684,  0.2612132 ,  0.00134059,
       -0.23160728,  0.15093522,  0.28247012, -0.41549742, -0.15430029,
        0.39063665, -0.46136703,  0.01617478, -0.23870547,  0.23810393,
       -0.09463701, -0.05180128,  0.17167417,  0.43019528, -0.42680112,
        0.01289437, -0.03410534, -0.28398376,  0.2553235 , -0.08896476,
        0.33433805,  0.33745391,  0.04118538, -0.27754536, -0.23015096,
        0.2058904 , -0.26680331, -0.27530438,  0.06147386,  0.24126439,
       -0.3438632 ,  0.14202393,  0.00357118,  0.17271088, -0.33035762,
       -0.12195479,  0.15063466,  0.28581349, -0.13348031,  0.20815602,
       -0.31738132,  0.24272619,  0.36639182, -0.48609339, -0.05994093,
        0.3868691 ,  0.00322482,  0.2374786 ,  0.19185341, -0.29414269,
        0.27561856,  0.06942623,  0.1894962 ,  0.11839758, -0.48539052,
       -0.01994012,  0.23017782, -0.34493952,  0.36638043]) 

Generation: 50 
 - Generation Avg Fit: 2340.7034754635624 
 - Best Fitness: 4054.4691404363966 
 - Worst Fitness: 0.0
 - Best Solution: array([ 0.47560438, -0.02097663,  0.48492684,  0.2612132 ,  0.00134059,
       -0.23160728,  0.15093522,  0.28247012, -0.41549742, -0.15430029,
        0.39063665, -0.46136703,  0.01617478, -0.23870547,  0.23810393,
       -0.09463701, -0.05180128,  0.17167417,  0.43019528, -0.42680112,
        0.01289437, -0.03410534, -0.28398376,  0.2553235 , -0.08896476,
        0.33433805,  0.33745391,  0.04118538, -0.27754536, -0.23015096,
        0.2058904 , -0.26680331, -0.27530438,  0.06147386,  0.24126439,
       -0.3438632 ,  0.14202393,  0.00357118,  0.17271088, -0.33035762,
       -0.12195479,  0.15063466,  0.28581349, -0.13348031,  0.20815602,
       -0.31738132,  0.24272619,  0.36639182, -0.48609339, -0.05994093,
        0.3868691 ,  0.00322482,  0.2374786 ,  0.19185341, -0.29414269,
        0.27561856,  0.06942623,  0.1894962 ,  0.11839758, -0.48539052,
       -0.01994012,  0.23017782, -0.34493952,  0.36638043]) 

Generation: 51 
 - Generation Avg Fit: 2277.386756730846 
 - Best Fitness: 4054.4691404363966 
 - Worst Fitness: 0.0
 - Best Solution: array([ 0.47560438, -0.02097663,  0.48492684,  0.2612132 ,  0.00134059,
       -0.23160728,  0.15093522,  0.28247012, -0.41549742, -0.15430029,
        0.39063665, -0.46136703,  0.01617478, -0.23870547,  0.23810393,
       -0.09463701, -0.05180128,  0.17167417,  0.43019528, -0.42680112,
        0.01289437, -0.03410534, -0.28398376,  0.2553235 , -0.08896476,
        0.33433805,  0.33745391,  0.04118538, -0.27754536, -0.23015096,
        0.2058904 , -0.26680331, -0.27530438,  0.06147386,  0.24126439,
       -0.3438632 ,  0.14202393,  0.00357118,  0.17271088, -0.33035762,
       -0.12195479,  0.15063466,  0.28581349, -0.13348031,  0.20815602,
       -0.31738132,  0.24272619,  0.36639182, -0.48609339, -0.05994093,
        0.3868691 ,  0.00322482,  0.2374786 ,  0.19185341, -0.29414269,
        0.27561856,  0.06942623,  0.1894962 ,  0.11839758, -0.48539052,
       -0.01994012,  0.23017782, -0.34493952,  0.36638043]) 

Generation: 52 
 - Generation Avg Fit: 2305.176858626925 
 - Best Fitness: 4144.409568868315 
 - Worst Fitness: 0.0
 - Best Solution: array([ 0.16887871,  0.00497462,  0.38068841, -0.14341442, -0.21764544,
       -0.14479483,  0.100463  ,  0.08288299, -0.03709804,  0.36682207,
        0.08240161, -0.46917251,  0.0795262 , -0.00672375,  0.25397462,
        0.00530745, -0.37255802,  0.32493589,  0.30545995, -0.44155223,
       -0.2578266 , -0.02304278,  0.01176145, -0.05754647,  0.4250495 ,
        0.41155415,  0.35858853, -0.26541993,  0.00178358, -0.21830311,
       -0.04198613, -0.27241493, -0.10948421,  0.0082759 ,  0.21750565,
       -0.35709377, -0.08708489,  0.4204474 ,  0.01441676, -0.31152699,
       -0.11672284,  0.04630515,  0.16459968,  0.18089926, -0.30525546,
        0.252222  , -0.48642699, -0.01352067, -0.0015775 , -0.00591218,
        0.35777053, -0.06003898,  0.25467223,  0.18265661, -0.00095171,
        0.30721508, -0.27016232,  0.05781034,  0.12870242, -0.00354855,
       -0.04622501, -0.2959067 , -0.35385976,  0.00921212]) 

Generation: 53 
 - Generation Avg Fit: 2289.8466814715375 
 - Best Fitness: 4345.286669556022 
 - Worst Fitness: 0.0
 - Best Solution: array([ 0.17297486, -0.06327582,  0.19855272,  0.440163  , -0.20713006,
       -0.22700037,  0.08995704,  0.08681922, -0.04285182, -0.38320386,
        0.3606996 , -0.47000739,  0.28098427, -0.23043808,  0.23222076,
       -0.11293924, -0.36599531, -0.41242717,  0.3070622 , -0.46747124,
       -0.04087143, -0.03914608, -0.03454993, -0.05378615, -0.09588973,
        0.02694702,  0.44497582, -0.26276148, -0.13964145, -0.23006475,
       -0.04389419, -0.48062663,  0.13687682, -0.00409909,  0.23231605,
       -0.35156297, -0.09374079,  0.35133538,  0.16903353, -0.32543664,
       -0.12868509,  0.03313684,  0.14258107,  0.02721264, -0.08267328,
        0.23472525, -0.48837109,  0.31369204,  0.35939117, -0.14272352,
        0.36329953, -0.03584223,  0.36084417,  0.2074488 ,  0.24184642,
        0.35120956,  0.07864241,  0.19701276,  0.11651512, -0.46317327,
       -0.00155028, -0.34774566, -0.02784394, -0.01819166]) 

Generation: 54 
 - Generation Avg Fit: 2490.965249883203 
 - Best Fitness: 4345.286669556022 
 - Worst Fitness: 0.0
 - Best Solution: array([ 0.16887871,  0.00497462,  0.38068841, -0.14341442, -0.21764544,
       -0.14479483,  0.100463  ,  0.08288299, -0.03709804,  0.36682207,
        0.08240161, -0.46917251,  0.0795262 , -0.00672375,  0.25397462,
        0.00530745, -0.37255802,  0.32493589,  0.30545995, -0.44155223,
       -0.2578266 , -0.02304278,  0.01176145, -0.05754647,  0.4250495 ,
        0.41155415,  0.35858853, -0.26541993,  0.00178358, -0.21830311,
       -0.04198613, -0.27241493, -0.10948421,  0.0082759 ,  0.21750565,
       -0.35709377, -0.08708489,  0.4204474 ,  0.01441676, -0.31152699,
       -0.11672284,  0.04630515,  0.16459968,  0.18089926, -0.30525546,
        0.252222  , -0.48642699, -0.01352067, -0.0015775 , -0.00591218,
        0.35777053, -0.06003898,  0.25467223,  0.18265661, -0.00095171,
        0.30721508, -0.27016232,  0.05781034,  0.12870242, -0.00354855,
       -0.04622501, -0.2959067 , -0.35385976,  0.00921212]) 

Generation: 55 
 - Generation Avg Fit: 2518.568476877851 
 - Best Fitness: 4345.286669556022 
 - Worst Fitness: 0.0
 - Best Solution: array([ 0.17297486, -0.06327582,  0.19855272,  0.440163  , -0.20713006,
       -0.22700037,  0.08995704,  0.08681922, -0.04285182, -0.38320386,
        0.3606996 , -0.47000739,  0.28098427, -0.23043808,  0.23222076,
       -0.11293924, -0.36599531, -0.41242717,  0.3070622 , -0.46747124,
       -0.04087143, -0.03914608, -0.03454993, -0.05378615, -0.09588973,
        0.02694702,  0.44497582, -0.26276148, -0.13964145, -0.23006475,
       -0.04389419, -0.48062663,  0.13687682, -0.00409909,  0.23231605,
       -0.35156297, -0.09374079,  0.35133538,  0.16903353, -0.32543664,
       -0.12868509,  0.03313684,  0.14258107,  0.02721264, -0.08267328,
        0.23472525, -0.48837109,  0.31369204,  0.35939117, -0.14272352,
        0.36329953, -0.03584223,  0.36084417,  0.2074488 ,  0.24184642,
        0.35120956,  0.07864241,  0.19701276,  0.11651512, -0.46317327,
       -0.00155028, -0.34774566, -0.02784394, -0.01819166]) 

Generation: 56 
 - Generation Avg Fit: 2558.2281589312847 
 - Best Fitness: 4345.286669556022 
 - Worst Fitness: 0.0
 - Best Solution: array([ 0.17297486, -0.06327582,  0.19855272,  0.440163  , -0.20713006,
       -0.22700037,  0.08995704,  0.08681922, -0.04285182, -0.38320386,
        0.3606996 , -0.47000739,  0.28098427, -0.23043808,  0.23222076,
       -0.11293924, -0.36599531, -0.41242717,  0.3070622 , -0.46747124,
       -0.04087143, -0.03914608, -0.03454993, -0.05378615, -0.09588973,
        0.02694702,  0.44497582, -0.26276148, -0.13964145, -0.23006475,
       -0.04389419, -0.48062663,  0.13687682, -0.00409909,  0.23231605,
       -0.35156297, -0.09374079,  0.35133538,  0.16903353, -0.32543664,
       -0.12868509,  0.03313684,  0.14258107,  0.02721264, -0.08267328,
        0.23472525, -0.48837109,  0.31369204,  0.35939117, -0.14272352,
        0.36329953, -0.03584223,  0.36084417,  0.2074488 ,  0.24184642,
        0.35120956,  0.07864241,  0.19701276,  0.11651512, -0.46317327,
       -0.00155028, -0.34774566, -0.02784394, -0.01819166]) 

Generation: 57 
 - Generation Avg Fit: 2496.8068628579886 
 - Best Fitness: 4345.286669556022 
 - Worst Fitness: 0.0
 - Best Solution: array([ 0.17297486, -0.06327582,  0.19855272,  0.440163  , -0.20713006,
       -0.22700037,  0.08995704,  0.08681922, -0.04285182, -0.38320386,
        0.3606996 , -0.47000739,  0.28098427, -0.23043808,  0.23222076,
       -0.11293924, -0.36599531, -0.41242717,  0.3070622 , -0.46747124,
       -0.04087143, -0.03914608, -0.03454993, -0.05378615, -0.09588973,
        0.02694702,  0.44497582, -0.26276148, -0.13964145, -0.23006475,
       -0.04389419, -0.48062663,  0.13687682, -0.00409909,  0.23231605,
       -0.35156297, -0.09374079,  0.35133538,  0.16903353, -0.32543664,
       -0.12868509,  0.03313684,  0.14258107,  0.02721264, -0.08267328,
        0.23472525, -0.48837109,  0.31369204,  0.35939117, -0.14272352,
        0.36329953, -0.03584223,  0.36084417,  0.2074488 ,  0.24184642,
        0.35120956,  0.07864241,  0.19701276,  0.11651512, -0.46317327,
       -0.00155028, -0.34774566, -0.02784394, -0.01819166]) 

Generation: 58 
 - Generation Avg Fit: 2501.747234553163 
 - Best Fitness: 4703.752580537125 
 - Worst Fitness: 0.0
 - Best Solution: array([ 0.17715114, -0.05442421,  0.38650982,  0.42756839, -0.18670846,
       -0.22762969,  0.14658677,  0.08759058, -0.01069925, -0.38522374,
        0.08046931, -0.47218236,  0.02529061, -0.22667402, -0.2780306 ,
       -0.34395735, -0.05316234, -0.41117316,  0.30195155, -0.45623744,
       -0.04701766,  0.06601373, -0.26932072, -0.05633277, -0.20071445,
        0.20516266,  0.33528743, -0.25760823, -0.14015955, -0.3694923 ,
        0.21150904, -0.27822849, -0.20272915, -0.01076099,  0.24407574,
       -0.48204032, -0.0870072 , -0.04929584, -0.47916359, -0.30098156,
        0.34786639,  0.03429243,  0.28393389,  0.02746169,  0.20363478,
       -0.28434665,  0.25100373,  0.31774645,  0.36313488, -0.12910627,
        0.35848497, -0.04397396,  0.35155622,  0.465328  ,  0.11768774,
        0.35120956, -0.14332707,  0.19083548,  0.09432424, -0.46219462,
       -0.29234938, -0.33965093, -0.03489386, -0.00749917]) 

Generation: 59 
 - Generation Avg Fit: 2599.4303931867407 
 - Best Fitness: 4703.752580537125 
 - Worst Fitness: 0.0
 - Best Solution: array([ 0.17297486, -0.06327582,  0.19855272,  0.440163  , -0.20713006,
       -0.22700037,  0.08995704,  0.08681922, -0.04285182, -0.38320386,
        0.3606996 , -0.47000739,  0.28098427, -0.23043808,  0.23222076,
       -0.11293924, -0.36599531, -0.41242717,  0.3070622 , -0.46747124,
       -0.04087143, -0.03914608, -0.03454993, -0.05378615, -0.09588973,
        0.02694702,  0.44497582, -0.26276148, -0.13964145, -0.23006475,
       -0.04389419, -0.48062663,  0.13687682, -0.00409909,  0.23231605,
       -0.35156297, -0.09374079,  0.35133538,  0.16903353, -0.32543664,
       -0.12868509,  0.03313684,  0.14258107,  0.02721264, -0.08267328,
        0.23472525, -0.48837109,  0.31369204,  0.35939117, -0.14272352,
        0.36329953, -0.03584223,  0.36084417,  0.2074488 ,  0.24184642,
        0.35120956,  0.07864241,  0.19701276,  0.11651512, -0.46317327,
       -0.00155028, -0.34774566, -0.02784394, -0.01819166]) 

Generation: 60 
 - Generation Avg Fit: 2626.6003509160337 
 - Best Fitness: 4703.752580537125 
 - Worst Fitness: 0.0
 - Best Solution: array([ 0.17715114, -0.05442421,  0.38650982,  0.42756839, -0.18670846,
       -0.22762969,  0.14658677,  0.08759058, -0.01069925, -0.38522374,
        0.08046931, -0.47218236,  0.02529061, -0.22667402, -0.2780306 ,
       -0.34395735, -0.05316234, -0.41117316,  0.30195155, -0.45623744,
       -0.04701766,  0.06601373, -0.26932072, -0.05633277, -0.20071445,
        0.20516266,  0.33528743, -0.25760823, -0.14015955, -0.3694923 ,
        0.21150904, -0.27822849, -0.20272915, -0.01076099,  0.24407574,
       -0.48204032, -0.0870072 , -0.04929584, -0.47916359, -0.30098156,
        0.34786639,  0.03429243,  0.28393389,  0.02746169,  0.20363478,
       -0.28434665,  0.25100373,  0.31774645,  0.36313488, -0.12910627,
        0.35848497, -0.04397396,  0.35155622,  0.465328  ,  0.11768774,
        0.35120956, -0.14332707,  0.19083548,  0.09432424, -0.46219462,
       -0.29234938, -0.33965093, -0.03489386, -0.00749917]) 

Generation: 61 
 - Generation Avg Fit: 2670.617002002408 
 - Best Fitness: 4703.752580537125 
 - Worst Fitness: 0.0
 - Best Solution: array([ 0.17715114, -0.05442421,  0.38650982,  0.42756839, -0.18670846,
       -0.22762969,  0.14658677,  0.08759058, -0.01069925, -0.38522374,
        0.08046931, -0.47218236,  0.02529061, -0.22667402, -0.2780306 ,
       -0.34395735, -0.05316234, -0.41117316,  0.30195155, -0.45623744,
       -0.04701766,  0.06601373, -0.26932072, -0.05633277, -0.20071445,
        0.20516266,  0.33528743, -0.25760823, -0.14015955, -0.3694923 ,
        0.21150904, -0.27822849, -0.20272915, -0.01076099,  0.24407574,
       -0.48204032, -0.0870072 , -0.04929584, -0.47916359, -0.30098156,
        0.34786639,  0.03429243,  0.28393389,  0.02746169,  0.20363478,
       -0.28434665,  0.25100373,  0.31774645,  0.36313488, -0.12910627,
        0.35848497, -0.04397396,  0.35155622,  0.465328  ,  0.11768774,
        0.35120956, -0.14332707,  0.19083548,  0.09432424, -0.46219462,
       -0.29234938, -0.33965093, -0.03489386, -0.00749917]) 

Generation: 62 
 - Generation Avg Fit: 2728.9751362018637 
 - Best Fitness: 4703.752580537125 
 - Worst Fitness: 0.0
 - Best Solution: array([ 0.17715114, -0.05442421,  0.38650982,  0.42756839, -0.18670846,
       -0.22762969,  0.14658677,  0.08759058, -0.01069925, -0.38522374,
        0.08046931, -0.47218236,  0.02529061, -0.22667402, -0.2780306 ,
       -0.34395735, -0.05316234, -0.41117316,  0.30195155, -0.45623744,
       -0.04701766,  0.06601373, -0.26932072, -0.05633277, -0.20071445,
        0.20516266,  0.33528743, -0.25760823, -0.14015955, -0.3694923 ,
        0.21150904, -0.27822849, -0.20272915, -0.01076099,  0.24407574,
       -0.48204032, -0.0870072 , -0.04929584, -0.47916359, -0.30098156,
        0.34786639,  0.03429243,  0.28393389,  0.02746169,  0.20363478,
       -0.28434665,  0.25100373,  0.31774645,  0.36313488, -0.12910627,
        0.35848497, -0.04397396,  0.35155622,  0.465328  ,  0.11768774,
        0.35120956, -0.14332707,  0.19083548,  0.09432424, -0.46219462,
       -0.29234938, -0.33965093, -0.03489386, -0.00749917]) 

Generation: 63 
 - Generation Avg Fit: 2814.1527277931164 
 - Best Fitness: 4703.752580537125 
 - Worst Fitness: 0.0
 - Best Solution: array([ 0.17715114, -0.05442421,  0.38650982,  0.42756839, -0.18670846,
       -0.22762969,  0.14658677,  0.08759058, -0.01069925, -0.38522374,
        0.08046931, -0.47218236,  0.02529061, -0.22667402, -0.2780306 ,
       -0.34395735, -0.05316234, -0.41117316,  0.30195155, -0.45623744,
       -0.04701766,  0.06601373, -0.26932072, -0.05633277, -0.20071445,
        0.20516266,  0.33528743, -0.25760823, -0.14015955, -0.3694923 ,
        0.21150904, -0.27822849, -0.20272915, -0.01076099,  0.24407574,
       -0.48204032, -0.0870072 , -0.04929584, -0.47916359, -0.30098156,
        0.34786639,  0.03429243,  0.28393389,  0.02746169,  0.20363478,
       -0.28434665,  0.25100373,  0.31774645,  0.36313488, -0.12910627,
        0.35848497, -0.04397396,  0.35155622,  0.465328  ,  0.11768774,
        0.35120956, -0.14332707,  0.19083548,  0.09432424, -0.46219462,
       -0.29234938, -0.33965093, -0.03489386, -0.00749917]) 

Generation: 64 
 - Generation Avg Fit: 2791.9684995835146 
 - Best Fitness: 4703.752580537125 
 - Worst Fitness: 0.0
 - Best Solution: array([ 0.17715114, -0.05442421,  0.38650982,  0.42756839, -0.18670846,
       -0.22762969,  0.14658677,  0.08759058, -0.01069925, -0.38522374,
        0.08046931, -0.47218236,  0.02529061, -0.22667402, -0.2780306 ,
       -0.34395735, -0.05316234, -0.41117316,  0.30195155, -0.45623744,
       -0.04701766,  0.06601373, -0.26932072, -0.05633277, -0.20071445,
        0.20516266,  0.33528743, -0.25760823, -0.14015955, -0.3694923 ,
        0.21150904, -0.27822849, -0.20272915, -0.01076099,  0.24407574,
       -0.48204032, -0.0870072 , -0.04929584, -0.47916359, -0.30098156,
        0.34786639,  0.03429243,  0.28393389,  0.02746169,  0.20363478,
       -0.28434665,  0.25100373,  0.31774645,  0.36313488, -0.12910627,
        0.35848497, -0.04397396,  0.35155622,  0.465328  ,  0.11768774,
        0.35120956, -0.14332707,  0.19083548,  0.09432424, -0.46219462,
       -0.29234938, -0.33965093, -0.03489386, -0.00749917]) 

Generation: 65 
 - Generation Avg Fit: 2844.991990581778 
 - Best Fitness: 5097.634748776 
 - Worst Fitness: 0.0
 - Best Solution: array([ 1.49572479e-02,  3.64796169e-01,  3.77794812e-01,  4.15591554e-01,
       -2.09404291e-01, -2.39312627e-01,  6.65882233e-02,  6.53317444e-02,
       -1.39591513e-02, -4.02698828e-01,  8.97607230e-02, -4.72768355e-01,
        7.82447383e-02, -2.54125190e-01,  2.29181099e-02, -3.43310965e-01,
       -2.59923197e-02, -4.18932490e-01,  2.99515695e-01, -4.32900905e-01,
        1.96428697e-02,  7.33440466e-02,  2.66579599e-04,  2.68364220e-01,
       -1.01907144e-01,  4.06752735e-01,  3.71236190e-01,  3.91304611e-02,
       -1.45072056e-01, -2.10728544e-01,  2.28435917e-01, -2.74094025e-01,
        1.49606385e-01,  5.14576015e-02,  2.34962576e-01, -3.48183259e-01,
       -8.80999427e-02,  1.37354880e-02, -4.81544270e-01, -3.29050410e-01,
       -1.04469212e-01,  6.13974482e-02,  2.90183123e-01,  4.45206333e-02,
        1.91184781e-01,  2.50824514e-01,  3.52511455e-02,  3.18963642e-01,
        8.33226230e-02, -1.54622819e-01,  3.80735351e-01, -4.47670280e-02,
        3.14169448e-01,  1.71176439e-01, -2.76555517e-01,  2.25896453e-01,
        8.87422081e-02,  6.88145731e-02,  1.18960026e-01, -4.87720828e-01,
       -2.90377685e-01, -2.78064774e-01, -2.23267120e-01,  1.85228540e-02]) 

Generation: 66 
 - Generation Avg Fit: 2747.0319066813913 
 - Best Fitness: 5097.634748776 
 - Worst Fitness: 0.0
 - Best Solution: array([ 0.17715114, -0.05442421,  0.38650982,  0.42756839, -0.18670846,
       -0.22762969,  0.14658677,  0.08759058, -0.01069925, -0.38522374,
        0.08046931, -0.47218236,  0.02529061, -0.22667402, -0.2780306 ,
       -0.34395735, -0.05316234, -0.41117316,  0.30195155, -0.45623744,
       -0.04701766,  0.06601373, -0.26932072, -0.05633277, -0.20071445,
        0.20516266,  0.33528743, -0.25760823, -0.14015955, -0.3694923 ,
        0.21150904, -0.27822849, -0.20272915, -0.01076099,  0.24407574,
       -0.48204032, -0.0870072 , -0.04929584, -0.47916359, -0.30098156,
        0.34786639,  0.03429243,  0.28393389,  0.02746169,  0.20363478,
       -0.28434665,  0.25100373,  0.31774645,  0.36313488, -0.12910627,
        0.35848497, -0.04397396,  0.35155622,  0.465328  ,  0.11768774,
        0.35120956, -0.14332707,  0.19083548,  0.09432424, -0.46219462,
       -0.29234938, -0.33965093, -0.03489386, -0.00749917]) 

Generation: 67 
 - Generation Avg Fit: 2964.207306283039 
 - Best Fitness: 5097.634748776 
 - Worst Fitness: 0.0
 - Best Solution: array([ 1.62806730e-01, -6.09714520e-02,  3.64508825e-01,  4.19535584e-01,
       -1.90154013e-01, -2.41116622e-01,  6.68828899e-02,  2.86020742e-01,
       -3.92976817e-02, -3.90651186e-01,  6.71503592e-02, -4.62867250e-01,
        6.46403469e-02, -7.02206390e-04,  2.55139430e-01, -3.43693717e-01,
       -4.74423840e-02,  3.42601495e-01,  3.20265876e-01,  1.22487269e-02,
        4.16138148e-01, -3.45602513e-02, -1.93957692e-02,  2.28181171e-01,
        1.51474554e-01,  4.18465007e-02,  3.44595576e-01, -2.59563861e-01,
       -1.46529082e-01, -4.49358708e-01,  2.18614280e-01, -2.66330647e-01,
        1.49251080e-01,  5.83167071e-02,  2.11443988e-01, -3.21205040e-01,
       -7.28451851e-02, -7.67471632e-05, -4.74518285e-01, -2.95210765e-01,
       -1.16460211e-01,  9.10146696e-02,  2.80608053e-01, -1.28801893e-01,
        2.08385254e-01,  2.41844444e-01,  3.63271959e-02,  7.34065708e-03,
        7.65256854e-02, -6.47684832e-02,  3.57434925e-01, -3.78038678e-02,
        2.38263040e-01,  5.06991408e-03, -2.75023172e-01,  3.27573246e-01,
       -2.72654989e-01,  5.52281584e-02,  1.45405149e-01, -4.68776948e-01,
       -3.86576141e-02, -3.48294341e-01, -1.84797463e-02,  3.57379765e-01]) 

Generation: 68 
 - Generation Avg Fit: 3007.2343372795026 
 - Best Fitness: 5097.634748776 
 - Worst Fitness: 0.0
 - Best Solution: array([ 1.62806730e-01, -6.09714520e-02,  3.64508825e-01,  4.19535584e-01,
       -1.90154013e-01, -2.41116622e-01,  6.68828899e-02,  2.86020742e-01,
       -3.92976817e-02, -3.90651186e-01,  6.71503592e-02, -4.62867250e-01,
        6.46403469e-02, -7.02206390e-04,  2.55139430e-01, -3.43693717e-01,
       -4.74423840e-02,  3.42601495e-01,  3.20265876e-01,  1.22487269e-02,
        4.16138148e-01, -3.45602513e-02, -1.93957692e-02,  2.28181171e-01,
        1.51474554e-01,  4.18465007e-02,  3.44595576e-01, -2.59563861e-01,
       -1.46529082e-01, -4.49358708e-01,  2.18614280e-01, -2.66330647e-01,
        1.49251080e-01,  5.83167071e-02,  2.11443988e-01, -3.21205040e-01,
       -7.28451851e-02, -7.67471632e-05, -4.74518285e-01, -2.95210765e-01,
       -1.16460211e-01,  9.10146696e-02,  2.80608053e-01, -1.28801893e-01,
        2.08385254e-01,  2.41844444e-01,  3.63271959e-02,  7.34065708e-03,
        7.65256854e-02, -6.47684832e-02,  3.57434925e-01, -3.78038678e-02,
        2.38263040e-01,  5.06991408e-03, -2.75023172e-01,  3.27573246e-01,
       -2.72654989e-01,  5.52281584e-02,  1.45405149e-01, -4.68776948e-01,
       -3.86576141e-02, -3.48294341e-01, -1.84797463e-02,  3.57379765e-01]) 

Generation: 69 
 - Generation Avg Fit: 2943.3372693111364 
 - Best Fitness: 5097.634748776 
 - Worst Fitness: 0.0
 - Best Solution: array([ 1.62806730e-01, -6.09714520e-02,  3.64508825e-01,  4.19535584e-01,
       -1.90154013e-01, -2.41116622e-01,  6.68828899e-02,  2.86020742e-01,
       -3.92976817e-02, -3.90651186e-01,  6.71503592e-02, -4.62867250e-01,
        6.46403469e-02, -7.02206390e-04,  2.55139430e-01, -3.43693717e-01,
       -4.74423840e-02,  3.42601495e-01,  3.20265876e-01,  1.22487269e-02,
        4.16138148e-01, -3.45602513e-02, -1.93957692e-02,  2.28181171e-01,
        1.51474554e-01,  4.18465007e-02,  3.44595576e-01, -2.59563861e-01,
       -1.46529082e-01, -4.49358708e-01,  2.18614280e-01, -2.66330647e-01,
        1.49251080e-01,  5.83167071e-02,  2.11443988e-01, -3.21205040e-01,
       -7.28451851e-02, -7.67471632e-05, -4.74518285e-01, -2.95210765e-01,
       -1.16460211e-01,  9.10146696e-02,  2.80608053e-01, -1.28801893e-01,
        2.08385254e-01,  2.41844444e-01,  3.63271959e-02,  7.34065708e-03,
        7.65256854e-02, -6.47684832e-02,  3.57434925e-01, -3.78038678e-02,
        2.38263040e-01,  5.06991408e-03, -2.75023172e-01,  3.27573246e-01,
       -2.72654989e-01,  5.52281584e-02,  1.45405149e-01, -4.68776948e-01,
       -3.86576141e-02, -3.48294341e-01, -1.84797463e-02,  3.57379765e-01]) 

Generation: 70 
 - Generation Avg Fit: 3245.6673929954927 
 - Best Fitness: 5097.634748776 
 - Worst Fitness: 0.0
 - Best Solution: array([ 1.62806730e-01, -6.09714520e-02,  3.64508825e-01,  4.19535584e-01,
       -1.90154013e-01, -2.41116622e-01,  6.68828899e-02,  2.86020742e-01,
       -3.92976817e-02, -3.90651186e-01,  6.71503592e-02, -4.62867250e-01,
        6.46403469e-02, -7.02206390e-04,  2.55139430e-01, -3.43693717e-01,
       -4.74423840e-02,  3.42601495e-01,  3.20265876e-01,  1.22487269e-02,
        4.16138148e-01, -3.45602513e-02, -1.93957692e-02,  2.28181171e-01,
        1.51474554e-01,  4.18465007e-02,  3.44595576e-01, -2.59563861e-01,
       -1.46529082e-01, -4.49358708e-01,  2.18614280e-01, -2.66330647e-01,
        1.49251080e-01,  5.83167071e-02,  2.11443988e-01, -3.21205040e-01,
       -7.28451851e-02, -7.67471632e-05, -4.74518285e-01, -2.95210765e-01,
       -1.16460211e-01,  9.10146696e-02,  2.80608053e-01, -1.28801893e-01,
        2.08385254e-01,  2.41844444e-01,  3.63271959e-02,  7.34065708e-03,
        7.65256854e-02, -6.47684832e-02,  3.57434925e-01, -3.78038678e-02,
        2.38263040e-01,  5.06991408e-03, -2.75023172e-01,  3.27573246e-01,
       -2.72654989e-01,  5.52281584e-02,  1.45405149e-01, -4.68776948e-01,
       -3.86576141e-02, -3.48294341e-01, -1.84797463e-02,  3.57379765e-01]) 

Generation: 71 
 - Generation Avg Fit: 3024.6954726133936 
 - Best Fitness: 5097.634748776 
 - Worst Fitness: 0.0
 - Best Solution: array([ 1.62806730e-01, -6.09714520e-02,  3.64508825e-01,  4.19535584e-01,
       -1.90154013e-01, -2.41116622e-01,  6.68828899e-02,  2.86020742e-01,
       -3.92976817e-02, -3.90651186e-01,  6.71503592e-02, -4.62867250e-01,
        6.46403469e-02, -7.02206390e-04,  2.55139430e-01, -3.43693717e-01,
       -4.74423840e-02,  3.42601495e-01,  3.20265876e-01,  1.22487269e-02,
        4.16138148e-01, -3.45602513e-02, -1.93957692e-02,  2.28181171e-01,
        1.51474554e-01,  4.18465007e-02,  3.44595576e-01, -2.59563861e-01,
       -1.46529082e-01, -4.49358708e-01,  2.18614280e-01, -2.66330647e-01,
        1.49251080e-01,  5.83167071e-02,  2.11443988e-01, -3.21205040e-01,
       -7.28451851e-02, -7.67471632e-05, -4.74518285e-01, -2.95210765e-01,
       -1.16460211e-01,  9.10146696e-02,  2.80608053e-01, -1.28801893e-01,
        2.08385254e-01,  2.41844444e-01,  3.63271959e-02,  7.34065708e-03,
        7.65256854e-02, -6.47684832e-02,  3.57434925e-01, -3.78038678e-02,
        2.38263040e-01,  5.06991408e-03, -2.75023172e-01,  3.27573246e-01,
       -2.72654989e-01,  5.52281584e-02,  1.45405149e-01, -4.68776948e-01,
       -3.86576141e-02, -3.48294341e-01, -1.84797463e-02,  3.57379765e-01]) 

Generation: 72 
 - Generation Avg Fit: 3114.985183645483 
 - Best Fitness: 5097.634748776 
 - Worst Fitness: 0.0
 - Best Solution: array([ 1.62806730e-01, -6.09714520e-02,  3.64508825e-01,  4.19535584e-01,
       -1.90154013e-01, -2.41116622e-01,  6.68828899e-02,  2.86020742e-01,
       -3.92976817e-02, -3.90651186e-01,  6.71503592e-02, -4.62867250e-01,
        6.46403469e-02, -7.02206390e-04,  2.55139430e-01, -3.43693717e-01,
       -4.74423840e-02,  3.42601495e-01,  3.20265876e-01,  1.22487269e-02,
        4.16138148e-01, -3.45602513e-02, -1.93957692e-02,  2.28181171e-01,
        1.51474554e-01,  4.18465007e-02,  3.44595576e-01, -2.59563861e-01,
       -1.46529082e-01, -4.49358708e-01,  2.18614280e-01, -2.66330647e-01,
        1.49251080e-01,  5.83167071e-02,  2.11443988e-01, -3.21205040e-01,
       -7.28451851e-02, -7.67471632e-05, -4.74518285e-01, -2.95210765e-01,
       -1.16460211e-01,  9.10146696e-02,  2.80608053e-01, -1.28801893e-01,
        2.08385254e-01,  2.41844444e-01,  3.63271959e-02,  7.34065708e-03,
        7.65256854e-02, -6.47684832e-02,  3.57434925e-01, -3.78038678e-02,
        2.38263040e-01,  5.06991408e-03, -2.75023172e-01,  3.27573246e-01,
       -2.72654989e-01,  5.52281584e-02,  1.45405149e-01, -4.68776948e-01,
       -3.86576141e-02, -3.48294341e-01, -1.84797463e-02,  3.57379765e-01]) 

Generation: 73 
 - Generation Avg Fit: 3114.151899561098 
 - Best Fitness: 5097.634748776 
 - Worst Fitness: 0.0
 - Best Solution: array([ 1.62806730e-01, -6.09714520e-02,  3.64508825e-01,  4.19535584e-01,
       -1.90154013e-01, -2.41116622e-01,  6.68828899e-02,  2.86020742e-01,
       -3.92976817e-02, -3.90651186e-01,  6.71503592e-02, -4.62867250e-01,
        6.46403469e-02, -7.02206390e-04,  2.55139430e-01, -3.43693717e-01,
       -4.74423840e-02,  3.42601495e-01,  3.20265876e-01,  1.22487269e-02,
        4.16138148e-01, -3.45602513e-02, -1.93957692e-02,  2.28181171e-01,
        1.51474554e-01,  4.18465007e-02,  3.44595576e-01, -2.59563861e-01,
       -1.46529082e-01, -4.49358708e-01,  2.18614280e-01, -2.66330647e-01,
        1.49251080e-01,  5.83167071e-02,  2.11443988e-01, -3.21205040e-01,
       -7.28451851e-02, -7.67471632e-05, -4.74518285e-01, -2.95210765e-01,
       -1.16460211e-01,  9.10146696e-02,  2.80608053e-01, -1.28801893e-01,
        2.08385254e-01,  2.41844444e-01,  3.63271959e-02,  7.34065708e-03,
        7.65256854e-02, -6.47684832e-02,  3.57434925e-01, -3.78038678e-02,
        2.38263040e-01,  5.06991408e-03, -2.75023172e-01,  3.27573246e-01,
       -2.72654989e-01,  5.52281584e-02,  1.45405149e-01, -4.68776948e-01,
       -3.86576141e-02, -3.48294341e-01, -1.84797463e-02,  3.57379765e-01]) 

Generation: 74 
 - Generation Avg Fit: 3108.1709747626046 
 - Best Fitness: 5097.634748776 
 - Worst Fitness: 0.0
 - Best Solution: array([ 1.62806730e-01, -6.09714520e-02,  3.64508825e-01,  4.19535584e-01,
       -1.90154013e-01, -2.41116622e-01,  6.68828899e-02,  2.86020742e-01,
       -3.92976817e-02, -3.90651186e-01,  6.71503592e-02, -4.62867250e-01,
        6.46403469e-02, -7.02206390e-04,  2.55139430e-01, -3.43693717e-01,
       -4.74423840e-02,  3.42601495e-01,  3.20265876e-01,  1.22487269e-02,
        4.16138148e-01, -3.45602513e-02, -1.93957692e-02,  2.28181171e-01,
        1.51474554e-01,  4.18465007e-02,  3.44595576e-01, -2.59563861e-01,
       -1.46529082e-01, -4.49358708e-01,  2.18614280e-01, -2.66330647e-01,
        1.49251080e-01,  5.83167071e-02,  2.11443988e-01, -3.21205040e-01,
       -7.28451851e-02, -7.67471632e-05, -4.74518285e-01, -2.95210765e-01,
       -1.16460211e-01,  9.10146696e-02,  2.80608053e-01, -1.28801893e-01,
        2.08385254e-01,  2.41844444e-01,  3.63271959e-02,  7.34065708e-03,
        7.65256854e-02, -6.47684832e-02,  3.57434925e-01, -3.78038678e-02,
        2.38263040e-01,  5.06991408e-03, -2.75023172e-01,  3.27573246e-01,
       -2.72654989e-01,  5.52281584e-02,  1.45405149e-01, -4.68776948e-01,
       -3.86576141e-02, -3.48294341e-01, -1.84797463e-02,  3.57379765e-01]) 

Generation: 75 
 - Generation Avg Fit: 3131.840823636047 
 - Best Fitness: 5097.634748776 
 - Worst Fitness: 0.0
 - Best Solution: array([ 1.62806730e-01, -6.09714520e-02,  3.64508825e-01,  4.19535584e-01,
       -1.90154013e-01, -2.41116622e-01,  6.68828899e-02,  2.86020742e-01,
       -3.92976817e-02, -3.90651186e-01,  6.71503592e-02, -4.62867250e-01,
        6.46403469e-02, -7.02206390e-04,  2.55139430e-01, -3.43693717e-01,
       -4.74423840e-02,  3.42601495e-01,  3.20265876e-01,  1.22487269e-02,
        4.16138148e-01, -3.45602513e-02, -1.93957692e-02,  2.28181171e-01,
        1.51474554e-01,  4.18465007e-02,  3.44595576e-01, -2.59563861e-01,
       -1.46529082e-01, -4.49358708e-01,  2.18614280e-01, -2.66330647e-01,
        1.49251080e-01,  5.83167071e-02,  2.11443988e-01, -3.21205040e-01,
       -7.28451851e-02, -7.67471632e-05, -4.74518285e-01, -2.95210765e-01,
       -1.16460211e-01,  9.10146696e-02,  2.80608053e-01, -1.28801893e-01,
        2.08385254e-01,  2.41844444e-01,  3.63271959e-02,  7.34065708e-03,
        7.65256854e-02, -6.47684832e-02,  3.57434925e-01, -3.78038678e-02,
        2.38263040e-01,  5.06991408e-03, -2.75023172e-01,  3.27573246e-01,
       -2.72654989e-01,  5.52281584e-02,  1.45405149e-01, -4.68776948e-01,
       -3.86576141e-02, -3.48294341e-01, -1.84797463e-02,  3.57379765e-01]) 

Generation: 76 
 - Generation Avg Fit: 3181.343090177086 
 - Best Fitness: 5276.561121698876 
 - Worst Fitness: 0.0
 - Best Solution: array([ 0.48018315, -0.06129681,  0.38344826,  0.41448065, -0.20283657,
       -0.25881011,  0.16257872,  0.05690891, -0.03184602, -0.14334198,
        0.05400776, -0.47594828,  0.09182567, -0.25322333,  0.02548087,
       -0.33272968, -0.03621633,  0.29967177,  0.29872957, -0.46336163,
       -0.04617789,  0.06910515, -0.26545019,  0.26601495,  0.13702003,
        0.04301256,  0.44649423, -0.25913925, -0.15234639, -0.44423674,
        0.22843592, -0.26541468,  0.14351498,  0.05714657,  0.2498699 ,
       -0.31775752, -0.09043847,  0.01004864, -0.45843422, -0.3111586 ,
       -0.12356884,  0.06001443,  0.2913611 , -0.13692225,  0.1982697 ,
        0.249397  ,  0.25890481,  0.30564788,  0.09512155, -0.15462282,
        0.34983402, -0.04607998,  0.30256889,  0.18647117, -0.28039404,
        0.30257203, -0.14227809,  0.0805443 ,  0.10704258, -0.49402973,
       -0.29272419, -0.34266035, -0.36063282, -0.00336346]) 

Generation: 77 
 - Generation Avg Fit: 3329.1329160413193 
 - Best Fitness: 5276.561121698876 
 - Worst Fitness: 0.0
 - Best Solution: array([ 1.62806730e-01, -6.09714520e-02,  3.64508825e-01,  4.19535584e-01,
       -1.90154013e-01, -2.41116622e-01,  6.68828899e-02,  2.86020742e-01,
       -3.92976817e-02, -3.90651186e-01,  6.71503592e-02, -4.62867250e-01,
        6.46403469e-02, -7.02206390e-04,  2.55139430e-01, -3.43693717e-01,
       -4.74423840e-02,  3.42601495e-01,  3.20265876e-01,  1.22487269e-02,
        4.16138148e-01, -3.45602513e-02, -1.93957692e-02,  2.28181171e-01,
        1.51474554e-01,  4.18465007e-02,  3.44595576e-01, -2.59563861e-01,
       -1.46529082e-01, -4.49358708e-01,  2.18614280e-01, -2.66330647e-01,
        1.49251080e-01,  5.83167071e-02,  2.11443988e-01, -3.21205040e-01,
       -7.28451851e-02, -7.67471632e-05, -4.74518285e-01, -2.95210765e-01,
       -1.16460211e-01,  9.10146696e-02,  2.80608053e-01, -1.28801893e-01,
        2.08385254e-01,  2.41844444e-01,  3.63271959e-02,  7.34065708e-03,
        7.65256854e-02, -6.47684832e-02,  3.57434925e-01, -3.78038678e-02,
        2.38263040e-01,  5.06991408e-03, -2.75023172e-01,  3.27573246e-01,
       -2.72654989e-01,  5.52281584e-02,  1.45405149e-01, -4.68776948e-01,
       -3.86576141e-02, -3.48294341e-01, -1.84797463e-02,  3.57379765e-01]) 

Generation: 78 
 - Generation Avg Fit: 3363.4464091950235 
 - Best Fitness: 5408.298360130195 
 - Worst Fitness: 0.0
 - Best Solution: array([ 4.97763889e-01, -5.31977401e-02,  3.59083952e-01,  4.02293212e-01,
       -2.10961158e-01, -2.49510973e-01,  1.62450768e-01,  7.52690821e-02,
       -2.65047700e-02, -1.70511475e-01,  8.65634762e-02, -4.81079942e-01,
        9.58387736e-02, -2.21204326e-01, -2.97816660e-03, -3.52417573e-01,
       -2.92093814e-02,  3.10337942e-01,  3.06144983e-01, -2.83533797e-01,
        4.40462466e-01, -3.54077550e-02, -5.51413928e-03,  2.54119614e-01,
       -1.03643441e-01,  6.79652179e-02,  4.48320612e-01, -2.50980636e-01,
       -1.79093728e-01, -4.38854878e-01,  2.07487630e-01, -2.69731559e-01,
        1.34235273e-01,  7.33093229e-02,  2.33419324e-01, -3.50192579e-01,
       -9.97216875e-02,  3.37346571e-01, -4.89623450e-01, -3.43366363e-01,
       -1.34484558e-01,  5.26814134e-02,  1.99535050e-01, -1.54692475e-01,
        2.16100756e-01,  2.52493274e-01,  2.58527472e-01,  3.34252895e-01,
       -1.53726653e-04, -8.81595306e-02,  3.61104009e-01, -3.61092402e-02,
        2.37898978e-01,  1.87115575e-01, -2.89489966e-01,  3.27317757e-01,
       -9.48889133e-03,  4.47469266e-02,  1.30739055e-01, -4.89014566e-01,
       -8.12017280e-03, -3.57402412e-01, -3.40986992e-01,  3.56522857e-03]) 

Generation: 79 
 - Generation Avg Fit: 3341.1971859403084 
 - Best Fitness: 5408.298360130195 
 - Worst Fitness: 0.0
 - Best Solution: array([ 0.48018315, -0.06129681,  0.38344826,  0.41448065, -0.20283657,
       -0.25881011,  0.16257872,  0.05690891, -0.03184602, -0.14334198,
        0.05400776, -0.47594828,  0.09182567, -0.25322333,  0.02548087,
       -0.33272968, -0.03621633,  0.29967177,  0.29872957, -0.46336163,
       -0.04617789,  0.06910515, -0.26545019,  0.26601495,  0.13702003,
        0.04301256,  0.44649423, -0.25913925, -0.15234639, -0.44423674,
        0.22843592, -0.26541468,  0.14351498,  0.05714657,  0.2498699 ,
       -0.31775752, -0.09043847,  0.01004864, -0.45843422, -0.3111586 ,
       -0.12356884,  0.06001443,  0.2913611 , -0.13692225,  0.1982697 ,
        0.249397  ,  0.25890481,  0.30564788,  0.09512155, -0.15462282,
        0.34983402, -0.04607998,  0.30256889,  0.18647117, -0.28039404,
        0.30257203, -0.14227809,  0.0805443 ,  0.10704258, -0.49402973,
       -0.29272419, -0.34266035, -0.36063282, -0.00336346]) 

Generation: 80 
 - Generation Avg Fit: 3427.059458835377 
 - Best Fitness: 5410.612717154528 
 - Worst Fitness: 0.0
 - Best Solution: array([ 0.50676485, -0.05909698,  0.36689748,  0.42102447, -0.0310509 ,
       -0.24931451,  0.14174885,  0.05258544, -0.0495165 , -0.38650083,
        0.07460712, -0.47452932,  0.08530261, -0.23148442,  0.02127314,
       -0.35297421, -0.04589712,  0.15236981,  0.29938452, -0.42285912,
       -0.06701547, -0.05254177, -0.01944338,  0.23467841, -0.10446044,
        0.04629487,  0.46348724, -0.26092104, -0.17114796, -0.45197699,
        0.22197398, -0.26233207,  0.14464211,  0.05586161,  0.24723041,
       -0.34646173, -0.09934663,  0.02118219, -0.45479768, -0.30271266,
       -0.12353597,  0.07928021,  0.26862865, -0.15351598,  0.20499091,
        0.2481002 ,  0.24139515,  0.31848251,  0.34114007, -0.0772105 ,
        0.3611467 , -0.04971074,  0.23390233,  0.18435734, -0.28039404,
        0.30118593, -0.13500372,  0.05467903,  0.15701392, -0.47138472,
       -0.28815059, -0.34539242, -0.34100243,  0.0497805 ]) 

Generation: 81 
 - Generation Avg Fit: 3398.5558556211868 
 - Best Fitness: 5429.295341431196 
 - Worst Fitness: 0.0
 - Best Solution: array([ 0.51325253, -0.0493077 ,  0.3773597 ,  0.41904244, -0.21580852,
       -0.26531896,  0.14870792,  0.05803754, -0.04298061, -0.15722087,
        0.08445257, -0.47987498,  0.09395963, -0.23452956,  0.01512938,
       -0.3383604 , -0.02800009,  0.29784152,  0.28139251, -0.4594586 ,
       -0.0402363 , -0.04306156, -0.28197115,  0.25424731, -0.10268326,
        0.06796522,  0.4366522 , -0.25228903, -0.19780096, -0.2346991 ,
        0.22751721, -0.26473588,  0.13753138,  0.05652493,  0.25582674,
       -0.35009986, -0.07548446, -0.00816275, -0.47432877, -0.30362827,
       -0.130145  ,  0.05240391,  0.2996325 ,  0.02813954,  0.20186893,
        0.2345551 ,  0.26138651,  0.33985883,  0.07832159, -0.16208297,
        0.34908772, -0.05797933,  0.23541382,  0.17670448, -0.2942111 ,
        0.32614968, -0.09782637,  0.05522816,  0.16351961, -0.49847248,
       -0.00069785, -0.36173453, -0.34458766,  0.01471422]) 

Generation: 82 
 - Generation Avg Fit: 3583.0307898883752 
 - Best Fitness: 5444.777182059698 
 - Worst Fitness: 0.0
 - Best Solution: array([ 0.51110147, -0.04949988,  0.36570855,  0.40624442, -0.20899274,
       -0.26752083,  0.0575047 ,  0.07413121, -0.16302659,  0.36609533,
        0.082911  , -0.4650493 ,  0.01300457, -0.26048545,  0.03151222,
       -0.33213739, -0.35817267,  0.18635135,  0.43182845, -0.27136827,
       -0.03171632,  0.07470165, -0.01144843,  0.25155408, -0.10476444,
        0.01599889,  0.45297795, -0.27424581, -0.29599552, -0.44696976,
        0.21471894, -0.2785008 ,  0.12983227,  0.02121721,  0.22806333,
       -0.31741483, -0.0817514 , -0.26273612, -0.49185916, -0.31065413,
       -0.09513813,  0.04304632,  0.28809687, -0.13681841,  0.21629081,
        0.27515696,  0.25355652,  0.33963581,  0.33841995, -0.03970098,
        0.35992198, -0.04588296,  0.25310532,  0.19780578,  0.16287641,
        0.30920789, -0.1256564 ,  0.03683437,  0.16647515, -0.49713814,
       -0.00217052, -0.33691019, -0.35178741, -0.00058142]) 

Generation: 83 
 - Generation Avg Fit: 3634.190693401081 
 - Best Fitness: 5444.777182059698 
 - Worst Fitness: 0.0
 - Best Solution: array([ 0.49262777, -0.05311011,  0.39036826,  0.41307856, -0.20133659,
       -0.26699392,  0.1822449 ,  0.05258544, -0.01453502, -0.14170928,
        0.08836086, -0.4728009 ,  0.07826753, -0.24278495,  0.0163175 ,
       -0.34599497, -0.02140263,  0.29863425,  0.28966515, -0.42438629,
       -0.0402363 ,  0.06479586, -0.00932183,  0.23272128, -0.10125577,
        0.04633586,  0.34697735, -0.2489144 , -0.17127974, -0.43053513,
        0.22701116, -0.2783862 ,  0.14933312,  0.07281488,  0.22681505,
       -0.34526022, -0.08040089,  0.01172943, -0.44627567, -0.30902402,
       -0.1310314 ,  0.02076645,  0.28610084, -0.12369429,  0.19665772,
        0.26408667,  0.26621323,  0.3179214 ,  0.32857542, -0.04809619,
        0.35795122, -0.04468174,  0.27423898,  0.16820548, -0.28196609,
        0.31944031, -0.13499829,  0.08842786,  0.15554716, -0.47645267,
       -0.29093977, -0.35892398, -0.35906572,  0.01759082]) 

Generation: 84 
 - Generation Avg Fit: 3683.624408308483 
 - Best Fitness: 5444.777182059698 
 - Worst Fitness: 0.0
 - Best Solution: array([ 0.51110147, -0.04949988,  0.36570855,  0.40624442, -0.20899274,
       -0.26752083,  0.0575047 ,  0.07413121, -0.16302659,  0.36609533,
        0.082911  , -0.4650493 ,  0.01300457, -0.26048545,  0.03151222,
       -0.33213739, -0.35817267,  0.18635135,  0.43182845, -0.27136827,
       -0.03171632,  0.07470165, -0.01144843,  0.25155408, -0.10476444,
        0.01599889,  0.45297795, -0.27424581, -0.29599552, -0.44696976,
        0.21471894, -0.2785008 ,  0.12983227,  0.02121721,  0.22806333,
       -0.31741483, -0.0817514 , -0.26273612, -0.49185916, -0.31065413,
       -0.09513813,  0.04304632,  0.28809687, -0.13681841,  0.21629081,
        0.27515696,  0.25355652,  0.33963581,  0.33841995, -0.03970098,
        0.35992198, -0.04588296,  0.25310532,  0.19780578,  0.16287641,
        0.30920789, -0.1256564 ,  0.03683437,  0.16647515, -0.49713814,
       -0.00217052, -0.33691019, -0.35178741, -0.00058142]) 

Generation: 85 
 - Generation Avg Fit: 3749.640701097093 
 - Best Fitness: 5444.777182059698 
 - Worst Fitness: 0.0
 - Best Solution: array([ 0.51110147, -0.04949988,  0.36570855,  0.40624442, -0.20899274,
       -0.26752083,  0.0575047 ,  0.07413121, -0.16302659,  0.36609533,
        0.082911  , -0.4650493 ,  0.01300457, -0.26048545,  0.03151222,
       -0.33213739, -0.35817267,  0.18635135,  0.43182845, -0.27136827,
       -0.03171632,  0.07470165, -0.01144843,  0.25155408, -0.10476444,
        0.01599889,  0.45297795, -0.27424581, -0.29599552, -0.44696976,
        0.21471894, -0.2785008 ,  0.12983227,  0.02121721,  0.22806333,
       -0.31741483, -0.0817514 , -0.26273612, -0.49185916, -0.31065413,
       -0.09513813,  0.04304632,  0.28809687, -0.13681841,  0.21629081,
        0.27515696,  0.25355652,  0.33963581,  0.33841995, -0.03970098,
        0.35992198, -0.04588296,  0.25310532,  0.19780578,  0.16287641,
        0.30920789, -0.1256564 ,  0.03683437,  0.16647515, -0.49713814,
       -0.00217052, -0.33691019, -0.35178741, -0.00058142]) 

Generation: 86 
 - Generation Avg Fit: 3522.3519222011732 
 - Best Fitness: 5444.777182059698 
 - Worst Fitness: 0.0
 - Best Solution: array([ 0.51110147, -0.04949988,  0.36570855,  0.40624442, -0.20899274,
       -0.26752083,  0.0575047 ,  0.07413121, -0.16302659,  0.36609533,
        0.082911  , -0.4650493 ,  0.01300457, -0.26048545,  0.03151222,
       -0.33213739, -0.35817267,  0.18635135,  0.43182845, -0.27136827,
       -0.03171632,  0.07470165, -0.01144843,  0.25155408, -0.10476444,
        0.01599889,  0.45297795, -0.27424581, -0.29599552, -0.44696976,
        0.21471894, -0.2785008 ,  0.12983227,  0.02121721,  0.22806333,
       -0.31741483, -0.0817514 , -0.26273612, -0.49185916, -0.31065413,
       -0.09513813,  0.04304632,  0.28809687, -0.13681841,  0.21629081,
        0.27515696,  0.25355652,  0.33963581,  0.33841995, -0.03970098,
        0.35992198, -0.04588296,  0.25310532,  0.19780578,  0.16287641,
        0.30920789, -0.1256564 ,  0.03683437,  0.16647515, -0.49713814,
       -0.00217052, -0.33691019, -0.35178741, -0.00058142]) 

Generation: 87 
 - Generation Avg Fit: 3679.7098588359936 
 - Best Fitness: 5444.777182059698 
 - Worst Fitness: 0.0
 - Best Solution: array([ 0.51110147, -0.04949988,  0.36570855,  0.40624442, -0.20899274,
       -0.26752083,  0.0575047 ,  0.07413121, -0.16302659,  0.36609533,
        0.082911  , -0.4650493 ,  0.01300457, -0.26048545,  0.03151222,
       -0.33213739, -0.35817267,  0.18635135,  0.43182845, -0.27136827,
       -0.03171632,  0.07470165, -0.01144843,  0.25155408, -0.10476444,
        0.01599889,  0.45297795, -0.27424581, -0.29599552, -0.44696976,
        0.21471894, -0.2785008 ,  0.12983227,  0.02121721,  0.22806333,
       -0.31741483, -0.0817514 , -0.26273612, -0.49185916, -0.31065413,
       -0.09513813,  0.04304632,  0.28809687, -0.13681841,  0.21629081,
        0.27515696,  0.25355652,  0.33963581,  0.33841995, -0.03970098,
        0.35992198, -0.04588296,  0.25310532,  0.19780578,  0.16287641,
        0.30920789, -0.1256564 ,  0.03683437,  0.16647515, -0.49713814,
       -0.00217052, -0.33691019, -0.35178741, -0.00058142]) 

Generation: 88 
 - Generation Avg Fit: 3666.0384470346244 
 - Best Fitness: 5444.777182059698 
 - Worst Fitness: 0.0
 - Best Solution: array([ 0.51110147, -0.04949988,  0.36570855,  0.40624442, -0.20899274,
       -0.26752083,  0.0575047 ,  0.07413121, -0.16302659,  0.36609533,
        0.082911  , -0.4650493 ,  0.01300457, -0.26048545,  0.03151222,
       -0.33213739, -0.35817267,  0.18635135,  0.43182845, -0.27136827,
       -0.03171632,  0.07470165, -0.01144843,  0.25155408, -0.10476444,
        0.01599889,  0.45297795, -0.27424581, -0.29599552, -0.44696976,
        0.21471894, -0.2785008 ,  0.12983227,  0.02121721,  0.22806333,
       -0.31741483, -0.0817514 , -0.26273612, -0.49185916, -0.31065413,
       -0.09513813,  0.04304632,  0.28809687, -0.13681841,  0.21629081,
        0.27515696,  0.25355652,  0.33963581,  0.33841995, -0.03970098,
        0.35992198, -0.04588296,  0.25310532,  0.19780578,  0.16287641,
        0.30920789, -0.1256564 ,  0.03683437,  0.16647515, -0.49713814,
       -0.00217052, -0.33691019, -0.35178741, -0.00058142]) 

Generation: 89 
 - Generation Avg Fit: 3916.4300708543674 
 - Best Fitness: 5444.777182059698 
 - Worst Fitness: 0.0
 - Best Solution: array([ 0.51110147, -0.04949988,  0.36570855,  0.40624442, -0.20899274,
       -0.26752083,  0.0575047 ,  0.07413121, -0.16302659,  0.36609533,
        0.082911  , -0.4650493 ,  0.01300457, -0.26048545,  0.03151222,
       -0.33213739, -0.35817267,  0.18635135,  0.43182845, -0.27136827,
       -0.03171632,  0.07470165, -0.01144843,  0.25155408, -0.10476444,
        0.01599889,  0.45297795, -0.27424581, -0.29599552, -0.44696976,
        0.21471894, -0.2785008 ,  0.12983227,  0.02121721,  0.22806333,
       -0.31741483, -0.0817514 , -0.26273612, -0.49185916, -0.31065413,
       -0.09513813,  0.04304632,  0.28809687, -0.13681841,  0.21629081,
        0.27515696,  0.25355652,  0.33963581,  0.33841995, -0.03970098,
        0.35992198, -0.04588296,  0.25310532,  0.19780578,  0.16287641,
        0.30920789, -0.1256564 ,  0.03683437,  0.16647515, -0.49713814,
       -0.00217052, -0.33691019, -0.35178741, -0.00058142]) 

Generation: 90 
 - Generation Avg Fit: 3810.8234779264353 
 - Best Fitness: 5444.777182059698 
 - Worst Fitness: 0.0
 - Best Solution: array([ 0.51110147, -0.04949988,  0.36570855,  0.40624442, -0.20899274,
       -0.26752083,  0.0575047 ,  0.07413121, -0.16302659,  0.36609533,
        0.082911  , -0.4650493 ,  0.01300457, -0.26048545,  0.03151222,
       -0.33213739, -0.35817267,  0.18635135,  0.43182845, -0.27136827,
       -0.03171632,  0.07470165, -0.01144843,  0.25155408, -0.10476444,
        0.01599889,  0.45297795, -0.27424581, -0.29599552, -0.44696976,
        0.21471894, -0.2785008 ,  0.12983227,  0.02121721,  0.22806333,
       -0.31741483, -0.0817514 , -0.26273612, -0.49185916, -0.31065413,
       -0.09513813,  0.04304632,  0.28809687, -0.13681841,  0.21629081,
        0.27515696,  0.25355652,  0.33963581,  0.33841995, -0.03970098,
        0.35992198, -0.04588296,  0.25310532,  0.19780578,  0.16287641,
        0.30920789, -0.1256564 ,  0.03683437,  0.16647515, -0.49713814,
       -0.00217052, -0.33691019, -0.35178741, -0.00058142]) 

Generation: 91 
 - Generation Avg Fit: 3758.8999212711665 
 - Best Fitness: 5444.777182059698 
 - Worst Fitness: 0.0
 - Best Solution: array([ 0.51110147, -0.04949988,  0.36570855,  0.40624442, -0.20899274,
       -0.26752083,  0.0575047 ,  0.07413121, -0.16302659,  0.36609533,
        0.082911  , -0.4650493 ,  0.01300457, -0.26048545,  0.03151222,
       -0.33213739, -0.35817267,  0.18635135,  0.43182845, -0.27136827,
       -0.03171632,  0.07470165, -0.01144843,  0.25155408, -0.10476444,
        0.01599889,  0.45297795, -0.27424581, -0.29599552, -0.44696976,
        0.21471894, -0.2785008 ,  0.12983227,  0.02121721,  0.22806333,
       -0.31741483, -0.0817514 , -0.26273612, -0.49185916, -0.31065413,
       -0.09513813,  0.04304632,  0.28809687, -0.13681841,  0.21629081,
        0.27515696,  0.25355652,  0.33963581,  0.33841995, -0.03970098,
        0.35992198, -0.04588296,  0.25310532,  0.19780578,  0.16287641,
        0.30920789, -0.1256564 ,  0.03683437,  0.16647515, -0.49713814,
       -0.00217052, -0.33691019, -0.35178741, -0.00058142]) 

Generation: 92 
 - Generation Avg Fit: 3603.0018263746438 
 - Best Fitness: 5444.777182059698 
 - Worst Fitness: 0.0
 - Best Solution: array([ 0.51110147, -0.04949988,  0.36570855,  0.40624442, -0.20899274,
       -0.26752083,  0.0575047 ,  0.07413121, -0.16302659,  0.36609533,
        0.082911  , -0.4650493 ,  0.01300457, -0.26048545,  0.03151222,
       -0.33213739, -0.35817267,  0.18635135,  0.43182845, -0.27136827,
       -0.03171632,  0.07470165, -0.01144843,  0.25155408, -0.10476444,
        0.01599889,  0.45297795, -0.27424581, -0.29599552, -0.44696976,
        0.21471894, -0.2785008 ,  0.12983227,  0.02121721,  0.22806333,
       -0.31741483, -0.0817514 , -0.26273612, -0.49185916, -0.31065413,
       -0.09513813,  0.04304632,  0.28809687, -0.13681841,  0.21629081,
        0.27515696,  0.25355652,  0.33963581,  0.33841995, -0.03970098,
        0.35992198, -0.04588296,  0.25310532,  0.19780578,  0.16287641,
        0.30920789, -0.1256564 ,  0.03683437,  0.16647515, -0.49713814,
       -0.00217052, -0.33691019, -0.35178741, -0.00058142]) 

Generation: 93 
 - Generation Avg Fit: 3808.2758049838944 
 - Best Fitness: 5634.464877238886 
 - Worst Fitness: 0.0
 - Best Solution: array([ 5.05722676e-01, -2.18166880e-02,  4.00678153e-01,  4.03033328e-01,
       -2.15554606e-01, -2.76527007e-01,  1.45213600e-01,  7.37438136e-02,
       -2.58149259e-02, -3.80943156e-01,  7.91293431e-02, -4.69494358e-01,
        2.96142157e-02, -2.37102367e-01, -9.12754114e-04, -3.49108253e-01,
       -3.62174451e-01,  2.95277117e-01,  2.92571769e-01, -4.65918728e-01,
        4.46984568e-01, -4.34109701e-02,  9.30891521e-03,  2.53604914e-01,
       -1.17330120e-01,  7.70146318e-02,  4.16614838e-01, -2.57058643e-01,
       -1.62773429e-01, -4.38340832e-01,  2.33160940e-01, -2.71302183e-01,
        1.55985535e-01,  7.29835115e-02,  2.40994886e-01, -3.08185313e-01,
       -9.00012497e-02, -1.87559276e-04, -4.58138585e-01, -2.99706085e-01,
       -1.27409241e-01,  4.02592404e-02,  2.88063296e-01, -1.39234963e-01,
        2.11716130e-01,  2.50749252e-01,  2.59567991e-01,  3.09532810e-01,
        3.64201558e-01, -4.84701292e-02,  2.36257848e-01, -5.09726630e-02,
        2.24920261e-01,  1.79854904e-01, -2.94841436e-01,  2.93520500e-01,
       -1.03565059e-01,  7.30170015e-02,  1.43670488e-01, -4.86683593e-01,
       -1.44259837e-02, -3.48294341e-01, -3.36924008e-01, -1.38747005e-02]) 

Generation: 94 
 - Generation Avg Fit: 4017.4386202463124 
 - Best Fitness: 5634.464877238886 
 - Worst Fitness: 0.0
 - Best Solution: array([ 0.51110147, -0.04949988,  0.36570855,  0.40624442, -0.20899274,
       -0.26752083,  0.0575047 ,  0.07413121, -0.16302659,  0.36609533,
        0.082911  , -0.4650493 ,  0.01300457, -0.26048545,  0.03151222,
       -0.33213739, -0.35817267,  0.18635135,  0.43182845, -0.27136827,
       -0.03171632,  0.07470165, -0.01144843,  0.25155408, -0.10476444,
        0.01599889,  0.45297795, -0.27424581, -0.29599552, -0.44696976,
        0.21471894, -0.2785008 ,  0.12983227,  0.02121721,  0.22806333,
       -0.31741483, -0.0817514 , -0.26273612, -0.49185916, -0.31065413,
       -0.09513813,  0.04304632,  0.28809687, -0.13681841,  0.21629081,
        0.27515696,  0.25355652,  0.33963581,  0.33841995, -0.03970098,
        0.35992198, -0.04588296,  0.25310532,  0.19780578,  0.16287641,
        0.30920789, -0.1256564 ,  0.03683437,  0.16647515, -0.49713814,
       -0.00217052, -0.33691019, -0.35178741, -0.00058142]) 

Generation: 95 
 - Generation Avg Fit: 3944.2214636144504 
 - Best Fitness: 5634.464877238886 
 - Worst Fitness: 0.0
 - Best Solution: array([ 5.05722676e-01, -2.18166880e-02,  4.00678153e-01,  4.03033328e-01,
       -2.15554606e-01, -2.76527007e-01,  1.45213600e-01,  7.37438136e-02,
       -2.58149259e-02, -3.80943156e-01,  7.91293431e-02, -4.69494358e-01,
        2.96142157e-02, -2.37102367e-01, -9.12754114e-04, -3.49108253e-01,
       -3.62174451e-01,  2.95277117e-01,  2.92571769e-01, -4.65918728e-01,
        4.46984568e-01, -4.34109701e-02,  9.30891521e-03,  2.53604914e-01,
       -1.17330120e-01,  7.70146318e-02,  4.16614838e-01, -2.57058643e-01,
       -1.62773429e-01, -4.38340832e-01,  2.33160940e-01, -2.71302183e-01,
        1.55985535e-01,  7.29835115e-02,  2.40994886e-01, -3.08185313e-01,
       -9.00012497e-02, -1.87559276e-04, -4.58138585e-01, -2.99706085e-01,
       -1.27409241e-01,  4.02592404e-02,  2.88063296e-01, -1.39234963e-01,
        2.11716130e-01,  2.50749252e-01,  2.59567991e-01,  3.09532810e-01,
        3.64201558e-01, -4.84701292e-02,  2.36257848e-01, -5.09726630e-02,
        2.24920261e-01,  1.79854904e-01, -2.94841436e-01,  2.93520500e-01,
       -1.03565059e-01,  7.30170015e-02,  1.43670488e-01, -4.86683593e-01,
       -1.44259837e-02, -3.48294341e-01, -3.36924008e-01, -1.38747005e-02]) 

Generation: 96 
 - Generation Avg Fit: 4033.2890064708627 
 - Best Fitness: 5634.464877238886 
 - Worst Fitness: 0.0
 - Best Solution: array([ 5.05722676e-01, -2.18166880e-02,  4.00678153e-01,  4.03033328e-01,
       -2.15554606e-01, -2.76527007e-01,  1.45213600e-01,  7.37438136e-02,
       -2.58149259e-02, -3.80943156e-01,  7.91293431e-02, -4.69494358e-01,
        2.96142157e-02, -2.37102367e-01, -9.12754114e-04, -3.49108253e-01,
       -3.62174451e-01,  2.95277117e-01,  2.92571769e-01, -4.65918728e-01,
        4.46984568e-01, -4.34109701e-02,  9.30891521e-03,  2.53604914e-01,
       -1.17330120e-01,  7.70146318e-02,  4.16614838e-01, -2.57058643e-01,
       -1.62773429e-01, -4.38340832e-01,  2.33160940e-01, -2.71302183e-01,
        1.55985535e-01,  7.29835115e-02,  2.40994886e-01, -3.08185313e-01,
       -9.00012497e-02, -1.87559276e-04, -4.58138585e-01, -2.99706085e-01,
       -1.27409241e-01,  4.02592404e-02,  2.88063296e-01, -1.39234963e-01,
        2.11716130e-01,  2.50749252e-01,  2.59567991e-01,  3.09532810e-01,
        3.64201558e-01, -4.84701292e-02,  2.36257848e-01, -5.09726630e-02,
        2.24920261e-01,  1.79854904e-01, -2.94841436e-01,  2.93520500e-01,
       -1.03565059e-01,  7.30170015e-02,  1.43670488e-01, -4.86683593e-01,
       -1.44259837e-02, -3.48294341e-01, -3.36924008e-01, -1.38747005e-02]) 

Generation: 97 
 - Generation Avg Fit: 4071.353084285001 
 - Best Fitness: 5634.464877238886 
 - Worst Fitness: 0.0
 - Best Solution: array([ 5.05722676e-01, -2.18166880e-02,  4.00678153e-01,  4.03033328e-01,
       -2.15554606e-01, -2.76527007e-01,  1.45213600e-01,  7.37438136e-02,
       -2.58149259e-02, -3.80943156e-01,  7.91293431e-02, -4.69494358e-01,
        2.96142157e-02, -2.37102367e-01, -9.12754114e-04, -3.49108253e-01,
       -3.62174451e-01,  2.95277117e-01,  2.92571769e-01, -4.65918728e-01,
        4.46984568e-01, -4.34109701e-02,  9.30891521e-03,  2.53604914e-01,
       -1.17330120e-01,  7.70146318e-02,  4.16614838e-01, -2.57058643e-01,
       -1.62773429e-01, -4.38340832e-01,  2.33160940e-01, -2.71302183e-01,
        1.55985535e-01,  7.29835115e-02,  2.40994886e-01, -3.08185313e-01,
       -9.00012497e-02, -1.87559276e-04, -4.58138585e-01, -2.99706085e-01,
       -1.27409241e-01,  4.02592404e-02,  2.88063296e-01, -1.39234963e-01,
        2.11716130e-01,  2.50749252e-01,  2.59567991e-01,  3.09532810e-01,
        3.64201558e-01, -4.84701292e-02,  2.36257848e-01, -5.09726630e-02,
        2.24920261e-01,  1.79854904e-01, -2.94841436e-01,  2.93520500e-01,
       -1.03565059e-01,  7.30170015e-02,  1.43670488e-01, -4.86683593e-01,
       -1.44259837e-02, -3.48294341e-01, -3.36924008e-01, -1.38747005e-02]) 

Generation: 98 
 - Generation Avg Fit: 4006.0494055071786 
 - Best Fitness: 5634.464877238886 
 - Worst Fitness: 0.0
 - Best Solution: array([ 5.05722676e-01, -2.18166880e-02,  4.00678153e-01,  4.03033328e-01,
       -2.15554606e-01, -2.76527007e-01,  1.45213600e-01,  7.37438136e-02,
       -2.58149259e-02, -3.80943156e-01,  7.91293431e-02, -4.69494358e-01,
        2.96142157e-02, -2.37102367e-01, -9.12754114e-04, -3.49108253e-01,
       -3.62174451e-01,  2.95277117e-01,  2.92571769e-01, -4.65918728e-01,
        4.46984568e-01, -4.34109701e-02,  9.30891521e-03,  2.53604914e-01,
       -1.17330120e-01,  7.70146318e-02,  4.16614838e-01, -2.57058643e-01,
       -1.62773429e-01, -4.38340832e-01,  2.33160940e-01, -2.71302183e-01,
        1.55985535e-01,  7.29835115e-02,  2.40994886e-01, -3.08185313e-01,
       -9.00012497e-02, -1.87559276e-04, -4.58138585e-01, -2.99706085e-01,
       -1.27409241e-01,  4.02592404e-02,  2.88063296e-01, -1.39234963e-01,
        2.11716130e-01,  2.50749252e-01,  2.59567991e-01,  3.09532810e-01,
        3.64201558e-01, -4.84701292e-02,  2.36257848e-01, -5.09726630e-02,
        2.24920261e-01,  1.79854904e-01, -2.94841436e-01,  2.93520500e-01,
       -1.03565059e-01,  7.30170015e-02,  1.43670488e-01, -4.86683593e-01,
       -1.44259837e-02, -3.48294341e-01, -3.36924008e-01, -1.38747005e-02]) 

Generation: 99 
 - Generation Avg Fit: 4113.398822797374 
 - Best Fitness: 5634.464877238886 
 - Worst Fitness: 0.0
 - Best Solution: array([ 5.05722676e-01, -2.18166880e-02,  4.00678153e-01,  4.03033328e-01,
       -2.15554606e-01, -2.76527007e-01,  1.45213600e-01,  7.37438136e-02,
       -2.58149259e-02, -3.80943156e-01,  7.91293431e-02, -4.69494358e-01,
        2.96142157e-02, -2.37102367e-01, -9.12754114e-04, -3.49108253e-01,
       -3.62174451e-01,  2.95277117e-01,  2.92571769e-01, -4.65918728e-01,
        4.46984568e-01, -4.34109701e-02,  9.30891521e-03,  2.53604914e-01,
       -1.17330120e-01,  7.70146318e-02,  4.16614838e-01, -2.57058643e-01,
       -1.62773429e-01, -4.38340832e-01,  2.33160940e-01, -2.71302183e-01,
        1.55985535e-01,  7.29835115e-02,  2.40994886e-01, -3.08185313e-01,
       -9.00012497e-02, -1.87559276e-04, -4.58138585e-01, -2.99706085e-01,
       -1.27409241e-01,  4.02592404e-02,  2.88063296e-01, -1.39234963e-01,
        2.11716130e-01,  2.50749252e-01,  2.59567991e-01,  3.09532810e-01,
        3.64201558e-01, -4.84701292e-02,  2.36257848e-01, -5.09726630e-02,
        2.24920261e-01,  1.79854904e-01, -2.94841436e-01,  2.93520500e-01,
       -1.03565059e-01,  7.30170015e-02,  1.43670488e-01, -4.86683593e-01,
       -1.44259837e-02, -3.48294341e-01, -3.36924008e-01, -1.38747005e-02]) 

Generation: 100 
 - Generation Avg Fit: 4290.577254314217 
 - Best Fitness: 5634.464877238886 
 - Worst Fitness: 0.0
 - Best Solution: array([ 5.05722676e-01, -2.18166880e-02,  4.00678153e-01,  4.03033328e-01,
       -2.15554606e-01, -2.76527007e-01,  1.45213600e-01,  7.37438136e-02,
       -2.58149259e-02, -3.80943156e-01,  7.91293431e-02, -4.69494358e-01,
        2.96142157e-02, -2.37102367e-01, -9.12754114e-04, -3.49108253e-01,
       -3.62174451e-01,  2.95277117e-01,  2.92571769e-01, -4.65918728e-01,
        4.46984568e-01, -4.34109701e-02,  9.30891521e-03,  2.53604914e-01,
       -1.17330120e-01,  7.70146318e-02,  4.16614838e-01, -2.57058643e-01,
       -1.62773429e-01, -4.38340832e-01,  2.33160940e-01, -2.71302183e-01,
        1.55985535e-01,  7.29835115e-02,  2.40994886e-01, -3.08185313e-01,
       -9.00012497e-02, -1.87559276e-04, -4.58138585e-01, -2.99706085e-01,
       -1.27409241e-01,  4.02592404e-02,  2.88063296e-01, -1.39234963e-01,
        2.11716130e-01,  2.50749252e-01,  2.59567991e-01,  3.09532810e-01,
        3.64201558e-01, -4.84701292e-02,  2.36257848e-01, -5.09726630e-02,
        2.24920261e-01,  1.79854904e-01, -2.94841436e-01,  2.93520500e-01,
       -1.03565059e-01,  7.30170015e-02,  1.43670488e-01, -4.86683593e-01,
       -1.44259837e-02, -3.48294341e-01, -3.36924008e-01, -1.38747005e-02]) 

Generation: 101 
 - Generation Avg Fit: 4190.622305216582 
 - Best Fitness: 5634.464877238886 
 - Worst Fitness: 0.0
 - Best Solution: array([ 5.05722676e-01, -2.18166880e-02,  4.00678153e-01,  4.03033328e-01,
       -2.15554606e-01, -2.76527007e-01,  1.45213600e-01,  7.37438136e-02,
       -2.58149259e-02, -3.80943156e-01,  7.91293431e-02, -4.69494358e-01,
        2.96142157e-02, -2.37102367e-01, -9.12754114e-04, -3.49108253e-01,
       -3.62174451e-01,  2.95277117e-01,  2.92571769e-01, -4.65918728e-01,
        4.46984568e-01, -4.34109701e-02,  9.30891521e-03,  2.53604914e-01,
       -1.17330120e-01,  7.70146318e-02,  4.16614838e-01, -2.57058643e-01,
       -1.62773429e-01, -4.38340832e-01,  2.33160940e-01, -2.71302183e-01,
        1.55985535e-01,  7.29835115e-02,  2.40994886e-01, -3.08185313e-01,
       -9.00012497e-02, -1.87559276e-04, -4.58138585e-01, -2.99706085e-01,
       -1.27409241e-01,  4.02592404e-02,  2.88063296e-01, -1.39234963e-01,
        2.11716130e-01,  2.50749252e-01,  2.59567991e-01,  3.09532810e-01,
        3.64201558e-01, -4.84701292e-02,  2.36257848e-01, -5.09726630e-02,
        2.24920261e-01,  1.79854904e-01, -2.94841436e-01,  2.93520500e-01,
       -1.03565059e-01,  7.30170015e-02,  1.43670488e-01, -4.86683593e-01,
       -1.44259837e-02, -3.48294341e-01, -3.36924008e-01, -1.38747005e-02]) 

Generation: 102 
 - Generation Avg Fit: 4208.975094406466 
 - Best Fitness: 5634.464877238886 
 - Worst Fitness: 0.0
 - Best Solution: array([ 5.05722676e-01, -2.18166880e-02,  4.00678153e-01,  4.03033328e-01,
       -2.15554606e-01, -2.76527007e-01,  1.45213600e-01,  7.37438136e-02,
       -2.58149259e-02, -3.80943156e-01,  7.91293431e-02, -4.69494358e-01,
        2.96142157e-02, -2.37102367e-01, -9.12754114e-04, -3.49108253e-01,
       -3.62174451e-01,  2.95277117e-01,  2.92571769e-01, -4.65918728e-01,
        4.46984568e-01, -4.34109701e-02,  9.30891521e-03,  2.53604914e-01,
       -1.17330120e-01,  7.70146318e-02,  4.16614838e-01, -2.57058643e-01,
       -1.62773429e-01, -4.38340832e-01,  2.33160940e-01, -2.71302183e-01,
        1.55985535e-01,  7.29835115e-02,  2.40994886e-01, -3.08185313e-01,
       -9.00012497e-02, -1.87559276e-04, -4.58138585e-01, -2.99706085e-01,
       -1.27409241e-01,  4.02592404e-02,  2.88063296e-01, -1.39234963e-01,
        2.11716130e-01,  2.50749252e-01,  2.59567991e-01,  3.09532810e-01,
        3.64201558e-01, -4.84701292e-02,  2.36257848e-01, -5.09726630e-02,
        2.24920261e-01,  1.79854904e-01, -2.94841436e-01,  2.93520500e-01,
       -1.03565059e-01,  7.30170015e-02,  1.43670488e-01, -4.86683593e-01,
       -1.44259837e-02, -3.48294341e-01, -3.36924008e-01, -1.38747005e-02]) 

Generation: 103 
 - Generation Avg Fit: 4289.6011381298995 
 - Best Fitness: 5634.464877238886 
 - Worst Fitness: 0.0
 - Best Solution: array([ 5.05722676e-01, -2.18166880e-02,  4.00678153e-01,  4.03033328e-01,
       -2.15554606e-01, -2.76527007e-01,  1.45213600e-01,  7.37438136e-02,
       -2.58149259e-02, -3.80943156e-01,  7.91293431e-02, -4.69494358e-01,
        2.96142157e-02, -2.37102367e-01, -9.12754114e-04, -3.49108253e-01,
       -3.62174451e-01,  2.95277117e-01,  2.92571769e-01, -4.65918728e-01,
        4.46984568e-01, -4.34109701e-02,  9.30891521e-03,  2.53604914e-01,
       -1.17330120e-01,  7.70146318e-02,  4.16614838e-01, -2.57058643e-01,
       -1.62773429e-01, -4.38340832e-01,  2.33160940e-01, -2.71302183e-01,
        1.55985535e-01,  7.29835115e-02,  2.40994886e-01, -3.08185313e-01,
       -9.00012497e-02, -1.87559276e-04, -4.58138585e-01, -2.99706085e-01,
       -1.27409241e-01,  4.02592404e-02,  2.88063296e-01, -1.39234963e-01,
        2.11716130e-01,  2.50749252e-01,  2.59567991e-01,  3.09532810e-01,
        3.64201558e-01, -4.84701292e-02,  2.36257848e-01, -5.09726630e-02,
        2.24920261e-01,  1.79854904e-01, -2.94841436e-01,  2.93520500e-01,
       -1.03565059e-01,  7.30170015e-02,  1.43670488e-01, -4.86683593e-01,
       -1.44259837e-02, -3.48294341e-01, -3.36924008e-01, -1.38747005e-02]) 

Generation: 104 
 - Generation Avg Fit: 4366.1965548228445 
 - Best Fitness: 5634.464877238886 
 - Worst Fitness: 0.0
 - Best Solution: array([ 5.05722676e-01, -2.18166880e-02,  4.00678153e-01,  4.03033328e-01,
       -2.15554606e-01, -2.76527007e-01,  1.45213600e-01,  7.37438136e-02,
       -2.58149259e-02, -3.80943156e-01,  7.91293431e-02, -4.69494358e-01,
        2.96142157e-02, -2.37102367e-01, -9.12754114e-04, -3.49108253e-01,
       -3.62174451e-01,  2.95277117e-01,  2.92571769e-01, -4.65918728e-01,
        4.46984568e-01, -4.34109701e-02,  9.30891521e-03,  2.53604914e-01,
       -1.17330120e-01,  7.70146318e-02,  4.16614838e-01, -2.57058643e-01,
       -1.62773429e-01, -4.38340832e-01,  2.33160940e-01, -2.71302183e-01,
        1.55985535e-01,  7.29835115e-02,  2.40994886e-01, -3.08185313e-01,
       -9.00012497e-02, -1.87559276e-04, -4.58138585e-01, -2.99706085e-01,
       -1.27409241e-01,  4.02592404e-02,  2.88063296e-01, -1.39234963e-01,
        2.11716130e-01,  2.50749252e-01,  2.59567991e-01,  3.09532810e-01,
        3.64201558e-01, -4.84701292e-02,  2.36257848e-01, -5.09726630e-02,
        2.24920261e-01,  1.79854904e-01, -2.94841436e-01,  2.93520500e-01,
       -1.03565059e-01,  7.30170015e-02,  1.43670488e-01, -4.86683593e-01,
       -1.44259837e-02, -3.48294341e-01, -3.36924008e-01, -1.38747005e-02]) 

Generation: 105 
 - Generation Avg Fit: 4306.730665223194 
 - Best Fitness: 5634.464877238886 
 - Worst Fitness: 0.0
 - Best Solution: array([ 5.05722676e-01, -2.18166880e-02,  4.00678153e-01,  4.03033328e-01,
       -2.15554606e-01, -2.76527007e-01,  1.45213600e-01,  7.37438136e-02,
       -2.58149259e-02, -3.80943156e-01,  7.91293431e-02, -4.69494358e-01,
        2.96142157e-02, -2.37102367e-01, -9.12754114e-04, -3.49108253e-01,
       -3.62174451e-01,  2.95277117e-01,  2.92571769e-01, -4.65918728e-01,
        4.46984568e-01, -4.34109701e-02,  9.30891521e-03,  2.53604914e-01,
       -1.17330120e-01,  7.70146318e-02,  4.16614838e-01, -2.57058643e-01,
       -1.62773429e-01, -4.38340832e-01,  2.33160940e-01, -2.71302183e-01,
        1.55985535e-01,  7.29835115e-02,  2.40994886e-01, -3.08185313e-01,
       -9.00012497e-02, -1.87559276e-04, -4.58138585e-01, -2.99706085e-01,
       -1.27409241e-01,  4.02592404e-02,  2.88063296e-01, -1.39234963e-01,
        2.11716130e-01,  2.50749252e-01,  2.59567991e-01,  3.09532810e-01,
        3.64201558e-01, -4.84701292e-02,  2.36257848e-01, -5.09726630e-02,
        2.24920261e-01,  1.79854904e-01, -2.94841436e-01,  2.93520500e-01,
       -1.03565059e-01,  7.30170015e-02,  1.43670488e-01, -4.86683593e-01,
       -1.44259837e-02, -3.48294341e-01, -3.36924008e-01, -1.38747005e-02]) 

Generation: 106 
 - Generation Avg Fit: 4485.375845584209 
 - Best Fitness: 5634.464877238886 
 - Worst Fitness: 0.0
 - Best Solution: array([ 5.05722676e-01, -2.18166880e-02,  4.00678153e-01,  4.03033328e-01,
       -2.15554606e-01, -2.76527007e-01,  1.45213600e-01,  7.37438136e-02,
       -2.58149259e-02, -3.80943156e-01,  7.91293431e-02, -4.69494358e-01,
        2.96142157e-02, -2.37102367e-01, -9.12754114e-04, -3.49108253e-01,
       -3.62174451e-01,  2.95277117e-01,  2.92571769e-01, -4.65918728e-01,
        4.46984568e-01, -4.34109701e-02,  9.30891521e-03,  2.53604914e-01,
       -1.17330120e-01,  7.70146318e-02,  4.16614838e-01, -2.57058643e-01,
       -1.62773429e-01, -4.38340832e-01,  2.33160940e-01, -2.71302183e-01,
        1.55985535e-01,  7.29835115e-02,  2.40994886e-01, -3.08185313e-01,
       -9.00012497e-02, -1.87559276e-04, -4.58138585e-01, -2.99706085e-01,
       -1.27409241e-01,  4.02592404e-02,  2.88063296e-01, -1.39234963e-01,
        2.11716130e-01,  2.50749252e-01,  2.59567991e-01,  3.09532810e-01,
        3.64201558e-01, -4.84701292e-02,  2.36257848e-01, -5.09726630e-02,
        2.24920261e-01,  1.79854904e-01, -2.94841436e-01,  2.93520500e-01,
       -1.03565059e-01,  7.30170015e-02,  1.43670488e-01, -4.86683593e-01,
       -1.44259837e-02, -3.48294341e-01, -3.36924008e-01, -1.38747005e-02]) 

Generation: 107 
 - Generation Avg Fit: 4388.751714520757 
 - Best Fitness: 5634.464877238886 
 - Worst Fitness: 0.0
 - Best Solution: array([ 5.05722676e-01, -2.18166880e-02,  4.00678153e-01,  4.03033328e-01,
       -2.15554606e-01, -2.76527007e-01,  1.45213600e-01,  7.37438136e-02,
       -2.58149259e-02, -3.80943156e-01,  7.91293431e-02, -4.69494358e-01,
        2.96142157e-02, -2.37102367e-01, -9.12754114e-04, -3.49108253e-01,
       -3.62174451e-01,  2.95277117e-01,  2.92571769e-01, -4.65918728e-01,
        4.46984568e-01, -4.34109701e-02,  9.30891521e-03,  2.53604914e-01,
       -1.17330120e-01,  7.70146318e-02,  4.16614838e-01, -2.57058643e-01,
       -1.62773429e-01, -4.38340832e-01,  2.33160940e-01, -2.71302183e-01,
        1.55985535e-01,  7.29835115e-02,  2.40994886e-01, -3.08185313e-01,
       -9.00012497e-02, -1.87559276e-04, -4.58138585e-01, -2.99706085e-01,
       -1.27409241e-01,  4.02592404e-02,  2.88063296e-01, -1.39234963e-01,
        2.11716130e-01,  2.50749252e-01,  2.59567991e-01,  3.09532810e-01,
        3.64201558e-01, -4.84701292e-02,  2.36257848e-01, -5.09726630e-02,
        2.24920261e-01,  1.79854904e-01, -2.94841436e-01,  2.93520500e-01,
       -1.03565059e-01,  7.30170015e-02,  1.43670488e-01, -4.86683593e-01,
       -1.44259837e-02, -3.48294341e-01, -3.36924008e-01, -1.38747005e-02]) 

Generation: 108 
 - Generation Avg Fit: 4378.89009176865 
 - Best Fitness: 5634.464877238886 
 - Worst Fitness: 0.0
 - Best Solution: array([ 5.05722676e-01, -2.18166880e-02,  4.00678153e-01,  4.03033328e-01,
       -2.15554606e-01, -2.76527007e-01,  1.45213600e-01,  7.37438136e-02,
       -2.58149259e-02, -3.80943156e-01,  7.91293431e-02, -4.69494358e-01,
        2.96142157e-02, -2.37102367e-01, -9.12754114e-04, -3.49108253e-01,
       -3.62174451e-01,  2.95277117e-01,  2.92571769e-01, -4.65918728e-01,
        4.46984568e-01, -4.34109701e-02,  9.30891521e-03,  2.53604914e-01,
       -1.17330120e-01,  7.70146318e-02,  4.16614838e-01, -2.57058643e-01,
       -1.62773429e-01, -4.38340832e-01,  2.33160940e-01, -2.71302183e-01,
        1.55985535e-01,  7.29835115e-02,  2.40994886e-01, -3.08185313e-01,
       -9.00012497e-02, -1.87559276e-04, -4.58138585e-01, -2.99706085e-01,
       -1.27409241e-01,  4.02592404e-02,  2.88063296e-01, -1.39234963e-01,
        2.11716130e-01,  2.50749252e-01,  2.59567991e-01,  3.09532810e-01,
        3.64201558e-01, -4.84701292e-02,  2.36257848e-01, -5.09726630e-02,
        2.24920261e-01,  1.79854904e-01, -2.94841436e-01,  2.93520500e-01,
       -1.03565059e-01,  7.30170015e-02,  1.43670488e-01, -4.86683593e-01,
       -1.44259837e-02, -3.48294341e-01, -3.36924008e-01, -1.38747005e-02]) 

Generation: 109 
 - Generation Avg Fit: 4534.252428503693 
 - Best Fitness: 5634.464877238886 
 - Worst Fitness: 0.0
 - Best Solution: array([ 5.05722676e-01, -2.18166880e-02,  4.00678153e-01,  4.03033328e-01,
       -2.15554606e-01, -2.76527007e-01,  1.45213600e-01,  7.37438136e-02,
       -2.58149259e-02, -3.80943156e-01,  7.91293431e-02, -4.69494358e-01,
        2.96142157e-02, -2.37102367e-01, -9.12754114e-04, -3.49108253e-01,
       -3.62174451e-01,  2.95277117e-01,  2.92571769e-01, -4.65918728e-01,
        4.46984568e-01, -4.34109701e-02,  9.30891521e-03,  2.53604914e-01,
       -1.17330120e-01,  7.70146318e-02,  4.16614838e-01, -2.57058643e-01,
       -1.62773429e-01, -4.38340832e-01,  2.33160940e-01, -2.71302183e-01,
        1.55985535e-01,  7.29835115e-02,  2.40994886e-01, -3.08185313e-01,
       -9.00012497e-02, -1.87559276e-04, -4.58138585e-01, -2.99706085e-01,
       -1.27409241e-01,  4.02592404e-02,  2.88063296e-01, -1.39234963e-01,
        2.11716130e-01,  2.50749252e-01,  2.59567991e-01,  3.09532810e-01,
        3.64201558e-01, -4.84701292e-02,  2.36257848e-01, -5.09726630e-02,
        2.24920261e-01,  1.79854904e-01, -2.94841436e-01,  2.93520500e-01,
       -1.03565059e-01,  7.30170015e-02,  1.43670488e-01, -4.86683593e-01,
       -1.44259837e-02, -3.48294341e-01, -3.36924008e-01, -1.38747005e-02]) 

Generation: 110 
 - Generation Avg Fit: 4329.596785041604 
 - Best Fitness: 5663.87597670484 
 - Worst Fitness: 0.0
 - Best Solution: array([ 0.49354247, -0.05117183,  0.38315018,  0.41951226, -0.19629443,
       -0.23790178,  0.15670339,  0.06048881, -0.00711074, -0.12544148,
        0.04763228, -0.49213567,  0.08101874, -0.2489231 ,  0.02025846,
       -0.35192492, -0.01332498,  0.29420503,  0.28406272, -0.41443095,
       -0.05022021,  0.07106405, -0.01057419,  0.23862555, -0.1061373 ,
        0.0356586 ,  0.47321744, -0.24771907, -0.16546845, -0.447466  ,
        0.2161679 , -0.25178564,  0.15625038,  0.06970368,  0.23082021,
       -0.34139424, -0.09043208,  0.02226391, -0.43555825, -0.30902402,
       -0.12796428,  0.01928904,  0.29329381, -0.13210418,  0.19665772,
        0.25073427,  0.26298473,  0.30312215,  0.32974204, -0.04829151,
        0.35795122, -0.05671271,  0.30774783,  0.15192107, -0.28789084,
        0.30794903, -0.14060274,  0.05922708,  0.15903013, -0.48547334,
       -0.29065103, -0.33314146, -0.36972779,  0.01187848]) 

Generation: 111 
 - Generation Avg Fit: 4419.562051258062 
 - Best Fitness: 5663.87597670484 
 - Worst Fitness: 0.0
 - Best Solution: array([ 5.05722676e-01, -2.18166880e-02,  4.00678153e-01,  4.03033328e-01,
       -2.15554606e-01, -2.76527007e-01,  1.45213600e-01,  7.37438136e-02,
       -2.58149259e-02, -3.80943156e-01,  7.91293431e-02, -4.69494358e-01,
        2.96142157e-02, -2.37102367e-01, -9.12754114e-04, -3.49108253e-01,
       -3.62174451e-01,  2.95277117e-01,  2.92571769e-01, -4.65918728e-01,
        4.46984568e-01, -4.34109701e-02,  9.30891521e-03,  2.53604914e-01,
       -1.17330120e-01,  7.70146318e-02,  4.16614838e-01, -2.57058643e-01,
       -1.62773429e-01, -4.38340832e-01,  2.33160940e-01, -2.71302183e-01,
        1.55985535e-01,  7.29835115e-02,  2.40994886e-01, -3.08185313e-01,
       -9.00012497e-02, -1.87559276e-04, -4.58138585e-01, -2.99706085e-01,
       -1.27409241e-01,  4.02592404e-02,  2.88063296e-01, -1.39234963e-01,
        2.11716130e-01,  2.50749252e-01,  2.59567991e-01,  3.09532810e-01,
        3.64201558e-01, -4.84701292e-02,  2.36257848e-01, -5.09726630e-02,
        2.24920261e-01,  1.79854904e-01, -2.94841436e-01,  2.93520500e-01,
       -1.03565059e-01,  7.30170015e-02,  1.43670488e-01, -4.86683593e-01,
       -1.44259837e-02, -3.48294341e-01, -3.36924008e-01, -1.38747005e-02]) 

Generation: 112 
 - Generation Avg Fit: 4409.395028928803 
 - Best Fitness: 5663.87597670484 
 - Worst Fitness: 0.0
 - Best Solution: array([ 0.15954899, -0.05112455,  0.36526943,  0.44328885, -0.20219694,
       -0.26296375,  0.15723929,  0.06585865, -0.04313765, -0.17513875,
        0.07212405, -0.49483796,  0.10405523, -0.22693798,  0.00109651,
       -0.34230498, -0.38036134,  0.31666862,  0.29268037, -0.42191026,
       -0.03124939,  0.06683219,  0.0147717 ,  0.27631738, -0.10310337,
        0.07006604,  0.43849242, -0.25386495, -0.17604038, -0.44095738,
        0.22701116, -0.27396266,  0.14407743,  0.06368608,  0.23131711,
       -0.31777774, -0.08040089,  0.01172943, -0.43658255, -0.3206937 ,
       -0.12954333,  0.02732338,  0.3041443 , -0.12369429,  0.19711375,
        0.25340013,  0.26133057,  0.33266749,  0.36791327, -0.05448881,
        0.23844836, -0.04858711,  0.30289867,  0.16595886, -0.26101827,
        0.2950896 , -0.14337181,  0.05638389,  0.15436646, -0.47762854,
       -0.292276  , -0.34368574, -0.34244005,  0.01191694]) 

Generation: 113 
 - Generation Avg Fit: 4462.523554396877 
 - Best Fitness: 5663.87597670484 
 - Worst Fitness: 0.0
 - Best Solution: array([ 0.15954899, -0.05112455,  0.36526943,  0.44328885, -0.20219694,
       -0.26296375,  0.15723929,  0.06585865, -0.04313765, -0.17513875,
        0.07212405, -0.49483796,  0.10405523, -0.22693798,  0.00109651,
       -0.34230498, -0.38036134,  0.31666862,  0.29268037, -0.42191026,
       -0.03124939,  0.06683219,  0.0147717 ,  0.27631738, -0.10310337,
        0.07006604,  0.43849242, -0.25386495, -0.17604038, -0.44095738,
        0.22701116, -0.27396266,  0.14407743,  0.06368608,  0.23131711,
       -0.31777774, -0.08040089,  0.01172943, -0.43658255, -0.3206937 ,
       -0.12954333,  0.02732338,  0.3041443 , -0.12369429,  0.19711375,
        0.25340013,  0.26133057,  0.33266749,  0.36791327, -0.05448881,
        0.23844836, -0.04858711,  0.30289867,  0.16595886, -0.26101827,
        0.2950896 , -0.14337181,  0.05638389,  0.15436646, -0.47762854,
       -0.292276  , -0.34368574, -0.34244005,  0.01191694]) 

Generation: 114 
 - Generation Avg Fit: 4406.326223093732 
 - Best Fitness: 5663.87597670484 
 - Worst Fitness: 0.0
 - Best Solution: array([ 0.15954899, -0.05112455,  0.36526943,  0.44328885, -0.20219694,
       -0.26296375,  0.15723929,  0.06585865, -0.04313765, -0.17513875,
        0.07212405, -0.49483796,  0.10405523, -0.22693798,  0.00109651,
       -0.34230498, -0.38036134,  0.31666862,  0.29268037, -0.42191026,
       -0.03124939,  0.06683219,  0.0147717 ,  0.27631738, -0.10310337,
        0.07006604,  0.43849242, -0.25386495, -0.17604038, -0.44095738,
        0.22701116, -0.27396266,  0.14407743,  0.06368608,  0.23131711,
       -0.31777774, -0.08040089,  0.01172943, -0.43658255, -0.3206937 ,
       -0.12954333,  0.02732338,  0.3041443 , -0.12369429,  0.19711375,
        0.25340013,  0.26133057,  0.33266749,  0.36791327, -0.05448881,
        0.23844836, -0.04858711,  0.30289867,  0.16595886, -0.26101827,
        0.2950896 , -0.14337181,  0.05638389,  0.15436646, -0.47762854,
       -0.292276  , -0.34368574, -0.34244005,  0.01191694]) 

Generation: 115 
 - Generation Avg Fit: 4834.077648382905 
 - Best Fitness: 5663.87597670484 
 - Worst Fitness: 0.0
 - Best Solution: array([ 0.15954899, -0.05112455,  0.36526943,  0.44328885, -0.20219694,
       -0.26296375,  0.15723929,  0.06585865, -0.04313765, -0.17513875,
        0.07212405, -0.49483796,  0.10405523, -0.22693798,  0.00109651,
       -0.34230498, -0.38036134,  0.31666862,  0.29268037, -0.42191026,
       -0.03124939,  0.06683219,  0.0147717 ,  0.27631738, -0.10310337,
        0.07006604,  0.43849242, -0.25386495, -0.17604038, -0.44095738,
        0.22701116, -0.27396266,  0.14407743,  0.06368608,  0.23131711,
       -0.31777774, -0.08040089,  0.01172943, -0.43658255, -0.3206937 ,
       -0.12954333,  0.02732338,  0.3041443 , -0.12369429,  0.19711375,
        0.25340013,  0.26133057,  0.33266749,  0.36791327, -0.05448881,
        0.23844836, -0.04858711,  0.30289867,  0.16595886, -0.26101827,
        0.2950896 , -0.14337181,  0.05638389,  0.15436646, -0.47762854,
       -0.292276  , -0.34368574, -0.34244005,  0.01191694]) 

Generation: 116 
 - Generation Avg Fit: 4496.007314514492 
 - Best Fitness: 5663.87597670484 
 - Worst Fitness: 0.0
 - Best Solution: array([ 0.15954899, -0.05112455,  0.36526943,  0.44328885, -0.20219694,
       -0.26296375,  0.15723929,  0.06585865, -0.04313765, -0.17513875,
        0.07212405, -0.49483796,  0.10405523, -0.22693798,  0.00109651,
       -0.34230498, -0.38036134,  0.31666862,  0.29268037, -0.42191026,
       -0.03124939,  0.06683219,  0.0147717 ,  0.27631738, -0.10310337,
        0.07006604,  0.43849242, -0.25386495, -0.17604038, -0.44095738,
        0.22701116, -0.27396266,  0.14407743,  0.06368608,  0.23131711,
       -0.31777774, -0.08040089,  0.01172943, -0.43658255, -0.3206937 ,
       -0.12954333,  0.02732338,  0.3041443 , -0.12369429,  0.19711375,
        0.25340013,  0.26133057,  0.33266749,  0.36791327, -0.05448881,
        0.23844836, -0.04858711,  0.30289867,  0.16595886, -0.26101827,
        0.2950896 , -0.14337181,  0.05638389,  0.15436646, -0.47762854,
       -0.292276  , -0.34368574, -0.34244005,  0.01191694]) 

Generation: 117 
 - Generation Avg Fit: 4789.70199188616 
 - Best Fitness: 5663.87597670484 
 - Worst Fitness: 0.0
 - Best Solution: array([ 0.15954899, -0.05112455,  0.36526943,  0.44328885, -0.20219694,
       -0.26296375,  0.15723929,  0.06585865, -0.04313765, -0.17513875,
        0.07212405, -0.49483796,  0.10405523, -0.22693798,  0.00109651,
       -0.34230498, -0.38036134,  0.31666862,  0.29268037, -0.42191026,
       -0.03124939,  0.06683219,  0.0147717 ,  0.27631738, -0.10310337,
        0.07006604,  0.43849242, -0.25386495, -0.17604038, -0.44095738,
        0.22701116, -0.27396266,  0.14407743,  0.06368608,  0.23131711,
       -0.31777774, -0.08040089,  0.01172943, -0.43658255, -0.3206937 ,
       -0.12954333,  0.02732338,  0.3041443 , -0.12369429,  0.19711375,
        0.25340013,  0.26133057,  0.33266749,  0.36791327, -0.05448881,
        0.23844836, -0.04858711,  0.30289867,  0.16595886, -0.26101827,
        0.2950896 , -0.14337181,  0.05638389,  0.15436646, -0.47762854,
       -0.292276  , -0.34368574, -0.34244005,  0.01191694]) 

Generation: 118 
 - Generation Avg Fit: 4662.324890263739 
 - Best Fitness: 5663.87597670484 
 - Worst Fitness: 0.0
 - Best Solution: array([ 0.15954899, -0.05112455,  0.36526943,  0.44328885, -0.20219694,
       -0.26296375,  0.15723929,  0.06585865, -0.04313765, -0.17513875,
        0.07212405, -0.49483796,  0.10405523, -0.22693798,  0.00109651,
       -0.34230498, -0.38036134,  0.31666862,  0.29268037, -0.42191026,
       -0.03124939,  0.06683219,  0.0147717 ,  0.27631738, -0.10310337,
        0.07006604,  0.43849242, -0.25386495, -0.17604038, -0.44095738,
        0.22701116, -0.27396266,  0.14407743,  0.06368608,  0.23131711,
       -0.31777774, -0.08040089,  0.01172943, -0.43658255, -0.3206937 ,
       -0.12954333,  0.02732338,  0.3041443 , -0.12369429,  0.19711375,
        0.25340013,  0.26133057,  0.33266749,  0.36791327, -0.05448881,
        0.23844836, -0.04858711,  0.30289867,  0.16595886, -0.26101827,
        0.2950896 , -0.14337181,  0.05638389,  0.15436646, -0.47762854,
       -0.292276  , -0.34368574, -0.34244005,  0.01191694]) 

Generation: 119 
 - Generation Avg Fit: 4800.898978009505 
 - Best Fitness: 5663.87597670484 
 - Worst Fitness: 0.0
 - Best Solution: array([ 0.15954899, -0.05112455,  0.36526943,  0.44328885, -0.20219694,
       -0.26296375,  0.15723929,  0.06585865, -0.04313765, -0.17513875,
        0.07212405, -0.49483796,  0.10405523, -0.22693798,  0.00109651,
       -0.34230498, -0.38036134,  0.31666862,  0.29268037, -0.42191026,
       -0.03124939,  0.06683219,  0.0147717 ,  0.27631738, -0.10310337,
        0.07006604,  0.43849242, -0.25386495, -0.17604038, -0.44095738,
        0.22701116, -0.27396266,  0.14407743,  0.06368608,  0.23131711,
       -0.31777774, -0.08040089,  0.01172943, -0.43658255, -0.3206937 ,
       -0.12954333,  0.02732338,  0.3041443 , -0.12369429,  0.19711375,
        0.25340013,  0.26133057,  0.33266749,  0.36791327, -0.05448881,
        0.23844836, -0.04858711,  0.30289867,  0.16595886, -0.26101827,
        0.2950896 , -0.14337181,  0.05638389,  0.15436646, -0.47762854,
       -0.292276  , -0.34368574, -0.34244005,  0.01191694]) 

Generation: 120 
 - Generation Avg Fit: 4696.555826069116 
 - Best Fitness: 5663.87597670484 
 - Worst Fitness: 0.0
 - Best Solution: array([ 0.15954899, -0.05112455,  0.36526943,  0.44328885, -0.20219694,
       -0.26296375,  0.15723929,  0.06585865, -0.04313765, -0.17513875,
        0.07212405, -0.49483796,  0.10405523, -0.22693798,  0.00109651,
       -0.34230498, -0.38036134,  0.31666862,  0.29268037, -0.42191026,
       -0.03124939,  0.06683219,  0.0147717 ,  0.27631738, -0.10310337,
        0.07006604,  0.43849242, -0.25386495, -0.17604038, -0.44095738,
        0.22701116, -0.27396266,  0.14407743,  0.06368608,  0.23131711,
       -0.31777774, -0.08040089,  0.01172943, -0.43658255, -0.3206937 ,
       -0.12954333,  0.02732338,  0.3041443 , -0.12369429,  0.19711375,
        0.25340013,  0.26133057,  0.33266749,  0.36791327, -0.05448881,
        0.23844836, -0.04858711,  0.30289867,  0.16595886, -0.26101827,
        0.2950896 , -0.14337181,  0.05638389,  0.15436646, -0.47762854,
       -0.292276  , -0.34368574, -0.34244005,  0.01191694]) 

Generation: 121 
 - Generation Avg Fit: 4848.202026995774 
 - Best Fitness: 5663.87597670484 
 - Worst Fitness: 0.0
 - Best Solution: array([ 0.15954899, -0.05112455,  0.36526943,  0.44328885, -0.20219694,
       -0.26296375,  0.15723929,  0.06585865, -0.04313765, -0.17513875,
        0.07212405, -0.49483796,  0.10405523, -0.22693798,  0.00109651,
       -0.34230498, -0.38036134,  0.31666862,  0.29268037, -0.42191026,
       -0.03124939,  0.06683219,  0.0147717 ,  0.27631738, -0.10310337,
        0.07006604,  0.43849242, -0.25386495, -0.17604038, -0.44095738,
        0.22701116, -0.27396266,  0.14407743,  0.06368608,  0.23131711,
       -0.31777774, -0.08040089,  0.01172943, -0.43658255, -0.3206937 ,
       -0.12954333,  0.02732338,  0.3041443 , -0.12369429,  0.19711375,
        0.25340013,  0.26133057,  0.33266749,  0.36791327, -0.05448881,
        0.23844836, -0.04858711,  0.30289867,  0.16595886, -0.26101827,
        0.2950896 , -0.14337181,  0.05638389,  0.15436646, -0.47762854,
       -0.292276  , -0.34368574, -0.34244005,  0.01191694]) 

Generation: 122 
 - Generation Avg Fit: 4794.781710785928 
 - Best Fitness: 5663.87597670484 
 - Worst Fitness: 0.0
 - Best Solution: array([ 0.15954899, -0.05112455,  0.36526943,  0.44328885, -0.20219694,
       -0.26296375,  0.15723929,  0.06585865, -0.04313765, -0.17513875,
        0.07212405, -0.49483796,  0.10405523, -0.22693798,  0.00109651,
       -0.34230498, -0.38036134,  0.31666862,  0.29268037, -0.42191026,
       -0.03124939,  0.06683219,  0.0147717 ,  0.27631738, -0.10310337,
        0.07006604,  0.43849242, -0.25386495, -0.17604038, -0.44095738,
        0.22701116, -0.27396266,  0.14407743,  0.06368608,  0.23131711,
       -0.31777774, -0.08040089,  0.01172943, -0.43658255, -0.3206937 ,
       -0.12954333,  0.02732338,  0.3041443 , -0.12369429,  0.19711375,
        0.25340013,  0.26133057,  0.33266749,  0.36791327, -0.05448881,
        0.23844836, -0.04858711,  0.30289867,  0.16595886, -0.26101827,
        0.2950896 , -0.14337181,  0.05638389,  0.15436646, -0.47762854,
       -0.292276  , -0.34368574, -0.34244005,  0.01191694]) 

Generation: 123 
 - Generation Avg Fit: 4642.573013802459 
 - Best Fitness: 5663.87597670484 
 - Worst Fitness: 0.0
 - Best Solution: array([ 0.15954899, -0.05112455,  0.36526943,  0.44328885, -0.20219694,
       -0.26296375,  0.15723929,  0.06585865, -0.04313765, -0.17513875,
        0.07212405, -0.49483796,  0.10405523, -0.22693798,  0.00109651,
       -0.34230498, -0.38036134,  0.31666862,  0.29268037, -0.42191026,
       -0.03124939,  0.06683219,  0.0147717 ,  0.27631738, -0.10310337,
        0.07006604,  0.43849242, -0.25386495, -0.17604038, -0.44095738,
        0.22701116, -0.27396266,  0.14407743,  0.06368608,  0.23131711,
       -0.31777774, -0.08040089,  0.01172943, -0.43658255, -0.3206937 ,
       -0.12954333,  0.02732338,  0.3041443 , -0.12369429,  0.19711375,
        0.25340013,  0.26133057,  0.33266749,  0.36791327, -0.05448881,
        0.23844836, -0.04858711,  0.30289867,  0.16595886, -0.26101827,
        0.2950896 , -0.14337181,  0.05638389,  0.15436646, -0.47762854,
       -0.292276  , -0.34368574, -0.34244005,  0.01191694]) 

Generation: 124 
 - Generation Avg Fit: 4600.162756618962 
 - Best Fitness: 5670.552345559794 
 - Worst Fitness: 0.0
 - Best Solution: array([ 0.14545922, -0.05627936,  0.36960184,  0.42981307, -0.20026604,
       -0.25932767,  0.15848043,  0.05422746, -0.05054564, -0.13505396,
        0.07295107, -0.49753386,  0.1186035 , -0.21784047,  0.02710977,
       -0.34738861, -0.38556326,  0.30197994,  0.299191  , -0.41643824,
       -0.03948845, -0.05979821, -0.00089518,  0.22983126, -0.10031285,
        0.04833916,  0.43227812, -0.25386495, -0.17229156, -0.45244514,
        0.23367053, -0.27091982,  0.16065828,  0.06549265,  0.21853757,
       -0.32647974, -0.0881524 ,  0.01172943, -0.45055213, -0.30268614,
       -0.12815445,  0.03288032,  0.282795  , -0.13395295,  0.19884008,
        0.25492326,  0.26118843,  0.33008755,  0.33521883, -0.05448881,
        0.36486243, -0.04425091,  0.23866024, -0.01577306, -0.272428  ,
        0.27998379, -0.13154413,  0.08685244,  0.16807647, -0.47541985,
       -0.28821516, -0.36597066, -0.371957  , -0.0081153 ]) 

Generation: 125 
 - Generation Avg Fit: 4617.449926882629 
 - Best Fitness: 5670.552345559794 
 - Worst Fitness: 0.0
 - Best Solution: array([ 0.15954899, -0.05112455,  0.36526943,  0.44328885, -0.20219694,
       -0.26296375,  0.15723929,  0.06585865, -0.04313765, -0.17513875,
        0.07212405, -0.49483796,  0.10405523, -0.22693798,  0.00109651,
       -0.34230498, -0.38036134,  0.31666862,  0.29268037, -0.42191026,
       -0.03124939,  0.06683219,  0.0147717 ,  0.27631738, -0.10310337,
        0.07006604,  0.43849242, -0.25386495, -0.17604038, -0.44095738,
        0.22701116, -0.27396266,  0.14407743,  0.06368608,  0.23131711,
       -0.31777774, -0.08040089,  0.01172943, -0.43658255, -0.3206937 ,
       -0.12954333,  0.02732338,  0.3041443 , -0.12369429,  0.19711375,
        0.25340013,  0.26133057,  0.33266749,  0.36791327, -0.05448881,
        0.23844836, -0.04858711,  0.30289867,  0.16595886, -0.26101827,
        0.2950896 , -0.14337181,  0.05638389,  0.15436646, -0.47762854,
       -0.292276  , -0.34368574, -0.34244005,  0.01191694]) 

Generation: 126 
 - Generation Avg Fit: 4497.599792623955 
 - Best Fitness: 5670.552345559794 
 - Worst Fitness: 0.0
 - Best Solution: array([ 0.14545922, -0.05627936,  0.36960184,  0.42981307, -0.20026604,
       -0.25932767,  0.15848043,  0.05422746, -0.05054564, -0.13505396,
        0.07295107, -0.49753386,  0.1186035 , -0.21784047,  0.02710977,
       -0.34738861, -0.38556326,  0.30197994,  0.299191  , -0.41643824,
       -0.03948845, -0.05979821, -0.00089518,  0.22983126, -0.10031285,
        0.04833916,  0.43227812, -0.25386495, -0.17229156, -0.45244514,
        0.23367053, -0.27091982,  0.16065828,  0.06549265,  0.21853757,
       -0.32647974, -0.0881524 ,  0.01172943, -0.45055213, -0.30268614,
       -0.12815445,  0.03288032,  0.282795  , -0.13395295,  0.19884008,
        0.25492326,  0.26118843,  0.33008755,  0.33521883, -0.05448881,
        0.36486243, -0.04425091,  0.23866024, -0.01577306, -0.272428  ,
        0.27998379, -0.13154413,  0.08685244,  0.16807647, -0.47541985,
       -0.28821516, -0.36597066, -0.371957  , -0.0081153 ]) 

Generation: 127 
 - Generation Avg Fit: 4624.54522290585 
 - Best Fitness: 5670.552345559794 
 - Worst Fitness: 0.0
 - Best Solution: array([ 0.14545922, -0.05627936,  0.36960184,  0.42981307, -0.20026604,
       -0.25932767,  0.15848043,  0.05422746, -0.05054564, -0.13505396,
        0.07295107, -0.49753386,  0.1186035 , -0.21784047,  0.02710977,
       -0.34738861, -0.38556326,  0.30197994,  0.299191  , -0.41643824,
       -0.03948845, -0.05979821, -0.00089518,  0.22983126, -0.10031285,
        0.04833916,  0.43227812, -0.25386495, -0.17229156, -0.45244514,
        0.23367053, -0.27091982,  0.16065828,  0.06549265,  0.21853757,
       -0.32647974, -0.0881524 ,  0.01172943, -0.45055213, -0.30268614,
       -0.12815445,  0.03288032,  0.282795  , -0.13395295,  0.19884008,
        0.25492326,  0.26118843,  0.33008755,  0.33521883, -0.05448881,
        0.36486243, -0.04425091,  0.23866024, -0.01577306, -0.272428  ,
        0.27998379, -0.13154413,  0.08685244,  0.16807647, -0.47541985,
       -0.28821516, -0.36597066, -0.371957  , -0.0081153 ]) 

Generation: 128 
 - Generation Avg Fit: 4424.313839849321 
 - Best Fitness: 5670.552345559794 
 - Worst Fitness: 0.0
 - Best Solution: array([ 0.14545922, -0.05627936,  0.36960184,  0.42981307, -0.20026604,
       -0.25932767,  0.15848043,  0.05422746, -0.05054564, -0.13505396,
        0.07295107, -0.49753386,  0.1186035 , -0.21784047,  0.02710977,
       -0.34738861, -0.38556326,  0.30197994,  0.299191  , -0.41643824,
       -0.03948845, -0.05979821, -0.00089518,  0.22983126, -0.10031285,
        0.04833916,  0.43227812, -0.25386495, -0.17229156, -0.45244514,
        0.23367053, -0.27091982,  0.16065828,  0.06549265,  0.21853757,
       -0.32647974, -0.0881524 ,  0.01172943, -0.45055213, -0.30268614,
       -0.12815445,  0.03288032,  0.282795  , -0.13395295,  0.19884008,
        0.25492326,  0.26118843,  0.33008755,  0.33521883, -0.05448881,
        0.36486243, -0.04425091,  0.23866024, -0.01577306, -0.272428  ,
        0.27998379, -0.13154413,  0.08685244,  0.16807647, -0.47541985,
       -0.28821516, -0.36597066, -0.371957  , -0.0081153 ]) 

Generation: 129 
 - Generation Avg Fit: 4564.87336866906 
 - Best Fitness: 5670.552345559794 
 - Worst Fitness: 0.0
 - Best Solution: array([ 0.14545922, -0.05627936,  0.36960184,  0.42981307, -0.20026604,
       -0.25932767,  0.15848043,  0.05422746, -0.05054564, -0.13505396,
        0.07295107, -0.49753386,  0.1186035 , -0.21784047,  0.02710977,
       -0.34738861, -0.38556326,  0.30197994,  0.299191  , -0.41643824,
       -0.03948845, -0.05979821, -0.00089518,  0.22983126, -0.10031285,
        0.04833916,  0.43227812, -0.25386495, -0.17229156, -0.45244514,
        0.23367053, -0.27091982,  0.16065828,  0.06549265,  0.21853757,
       -0.32647974, -0.0881524 ,  0.01172943, -0.45055213, -0.30268614,
       -0.12815445,  0.03288032,  0.282795  , -0.13395295,  0.19884008,
        0.25492326,  0.26118843,  0.33008755,  0.33521883, -0.05448881,
        0.36486243, -0.04425091,  0.23866024, -0.01577306, -0.272428  ,
        0.27998379, -0.13154413,  0.08685244,  0.16807647, -0.47541985,
       -0.28821516, -0.36597066, -0.371957  , -0.0081153 ]) 

Generation: 130 
 - Generation Avg Fit: 4518.187861622245 
 - Best Fitness: 5670.552345559794 
 - Worst Fitness: 0.0
 - Best Solution: array([ 0.14545922, -0.05627936,  0.36960184,  0.42981307, -0.20026604,
       -0.25932767,  0.15848043,  0.05422746, -0.05054564, -0.13505396,
        0.07295107, -0.49753386,  0.1186035 , -0.21784047,  0.02710977,
       -0.34738861, -0.38556326,  0.30197994,  0.299191  , -0.41643824,
       -0.03948845, -0.05979821, -0.00089518,  0.22983126, -0.10031285,
        0.04833916,  0.43227812, -0.25386495, -0.17229156, -0.45244514,
        0.23367053, -0.27091982,  0.16065828,  0.06549265,  0.21853757,
       -0.32647974, -0.0881524 ,  0.01172943, -0.45055213, -0.30268614,
       -0.12815445,  0.03288032,  0.282795  , -0.13395295,  0.19884008,
        0.25492326,  0.26118843,  0.33008755,  0.33521883, -0.05448881,
        0.36486243, -0.04425091,  0.23866024, -0.01577306, -0.272428  ,
        0.27998379, -0.13154413,  0.08685244,  0.16807647, -0.47541985,
       -0.28821516, -0.36597066, -0.371957  , -0.0081153 ]) 

Generation: 131 
 - Generation Avg Fit: 4581.935289154465 
 - Best Fitness: 5670.552345559794 
 - Worst Fitness: 0.0
 - Best Solution: array([ 0.14545922, -0.05627936,  0.36960184,  0.42981307, -0.20026604,
       -0.25932767,  0.15848043,  0.05422746, -0.05054564, -0.13505396,
        0.07295107, -0.49753386,  0.1186035 , -0.21784047,  0.02710977,
       -0.34738861, -0.38556326,  0.30197994,  0.299191  , -0.41643824,
       -0.03948845, -0.05979821, -0.00089518,  0.22983126, -0.10031285,
        0.04833916,  0.43227812, -0.25386495, -0.17229156, -0.45244514,
        0.23367053, -0.27091982,  0.16065828,  0.06549265,  0.21853757,
       -0.32647974, -0.0881524 ,  0.01172943, -0.45055213, -0.30268614,
       -0.12815445,  0.03288032,  0.282795  , -0.13395295,  0.19884008,
        0.25492326,  0.26118843,  0.33008755,  0.33521883, -0.05448881,
        0.36486243, -0.04425091,  0.23866024, -0.01577306, -0.272428  ,
        0.27998379, -0.13154413,  0.08685244,  0.16807647, -0.47541985,
       -0.28821516, -0.36597066, -0.371957  , -0.0081153 ]) 

Generation: 132 
 - Generation Avg Fit: 4427.243148555863 
 - Best Fitness: 5670.552345559794 
 - Worst Fitness: 0.0
 - Best Solution: array([ 0.14545922, -0.05627936,  0.36960184,  0.42981307, -0.20026604,
       -0.25932767,  0.15848043,  0.05422746, -0.05054564, -0.13505396,
        0.07295107, -0.49753386,  0.1186035 , -0.21784047,  0.02710977,
       -0.34738861, -0.38556326,  0.30197994,  0.299191  , -0.41643824,
       -0.03948845, -0.05979821, -0.00089518,  0.22983126, -0.10031285,
        0.04833916,  0.43227812, -0.25386495, -0.17229156, -0.45244514,
        0.23367053, -0.27091982,  0.16065828,  0.06549265,  0.21853757,
       -0.32647974, -0.0881524 ,  0.01172943, -0.45055213, -0.30268614,
       -0.12815445,  0.03288032,  0.282795  , -0.13395295,  0.19884008,
        0.25492326,  0.26118843,  0.33008755,  0.33521883, -0.05448881,
        0.36486243, -0.04425091,  0.23866024, -0.01577306, -0.272428  ,
        0.27998379, -0.13154413,  0.08685244,  0.16807647, -0.47541985,
       -0.28821516, -0.36597066, -0.371957  , -0.0081153 ]) 

Generation: 133 
 - Generation Avg Fit: 4596.425942980146 
 - Best Fitness: 5670.552345559794 
 - Worst Fitness: 0.0
 - Best Solution: array([ 0.14545922, -0.05627936,  0.36960184,  0.42981307, -0.20026604,
       -0.25932767,  0.15848043,  0.05422746, -0.05054564, -0.13505396,
        0.07295107, -0.49753386,  0.1186035 , -0.21784047,  0.02710977,
       -0.34738861, -0.38556326,  0.30197994,  0.299191  , -0.41643824,
       -0.03948845, -0.05979821, -0.00089518,  0.22983126, -0.10031285,
        0.04833916,  0.43227812, -0.25386495, -0.17229156, -0.45244514,
        0.23367053, -0.27091982,  0.16065828,  0.06549265,  0.21853757,
       -0.32647974, -0.0881524 ,  0.01172943, -0.45055213, -0.30268614,
       -0.12815445,  0.03288032,  0.282795  , -0.13395295,  0.19884008,
        0.25492326,  0.26118843,  0.33008755,  0.33521883, -0.05448881,
        0.36486243, -0.04425091,  0.23866024, -0.01577306, -0.272428  ,
        0.27998379, -0.13154413,  0.08685244,  0.16807647, -0.47541985,
       -0.28821516, -0.36597066, -0.371957  , -0.0081153 ]) 

Generation: 134 
 - Generation Avg Fit: 4701.459795900767 
 - Best Fitness: 5670.552345559794 
 - Worst Fitness: 0.0
 - Best Solution: array([ 0.14545922, -0.05627936,  0.36960184,  0.42981307, -0.20026604,
       -0.25932767,  0.15848043,  0.05422746, -0.05054564, -0.13505396,
        0.07295107, -0.49753386,  0.1186035 , -0.21784047,  0.02710977,
       -0.34738861, -0.38556326,  0.30197994,  0.299191  , -0.41643824,
       -0.03948845, -0.05979821, -0.00089518,  0.22983126, -0.10031285,
        0.04833916,  0.43227812, -0.25386495, -0.17229156, -0.45244514,
        0.23367053, -0.27091982,  0.16065828,  0.06549265,  0.21853757,
       -0.32647974, -0.0881524 ,  0.01172943, -0.45055213, -0.30268614,
       -0.12815445,  0.03288032,  0.282795  , -0.13395295,  0.19884008,
        0.25492326,  0.26118843,  0.33008755,  0.33521883, -0.05448881,
        0.36486243, -0.04425091,  0.23866024, -0.01577306, -0.272428  ,
        0.27998379, -0.13154413,  0.08685244,  0.16807647, -0.47541985,
       -0.28821516, -0.36597066, -0.371957  , -0.0081153 ]) 

Generation: 135 
 - Generation Avg Fit: 4799.039169181238 
 - Best Fitness: 5670.552345559794 
 - Worst Fitness: 0.0
 - Best Solution: array([ 0.14545922, -0.05627936,  0.36960184,  0.42981307, -0.20026604,
       -0.25932767,  0.15848043,  0.05422746, -0.05054564, -0.13505396,
        0.07295107, -0.49753386,  0.1186035 , -0.21784047,  0.02710977,
       -0.34738861, -0.38556326,  0.30197994,  0.299191  , -0.41643824,
       -0.03948845, -0.05979821, -0.00089518,  0.22983126, -0.10031285,
        0.04833916,  0.43227812, -0.25386495, -0.17229156, -0.45244514,
        0.23367053, -0.27091982,  0.16065828,  0.06549265,  0.21853757,
       -0.32647974, -0.0881524 ,  0.01172943, -0.45055213, -0.30268614,
       -0.12815445,  0.03288032,  0.282795  , -0.13395295,  0.19884008,
        0.25492326,  0.26118843,  0.33008755,  0.33521883, -0.05448881,
        0.36486243, -0.04425091,  0.23866024, -0.01577306, -0.272428  ,
        0.27998379, -0.13154413,  0.08685244,  0.16807647, -0.47541985,
       -0.28821516, -0.36597066, -0.371957  , -0.0081153 ]) 

Generation: 136 
 - Generation Avg Fit: 4335.588736061153 
 - Best Fitness: 5670.552345559794 
 - Worst Fitness: 0.0
 - Best Solution: array([ 0.14545922, -0.05627936,  0.36960184,  0.42981307, -0.20026604,
       -0.25932767,  0.15848043,  0.05422746, -0.05054564, -0.13505396,
        0.07295107, -0.49753386,  0.1186035 , -0.21784047,  0.02710977,
       -0.34738861, -0.38556326,  0.30197994,  0.299191  , -0.41643824,
       -0.03948845, -0.05979821, -0.00089518,  0.22983126, -0.10031285,
        0.04833916,  0.43227812, -0.25386495, -0.17229156, -0.45244514,
        0.23367053, -0.27091982,  0.16065828,  0.06549265,  0.21853757,
       -0.32647974, -0.0881524 ,  0.01172943, -0.45055213, -0.30268614,
       -0.12815445,  0.03288032,  0.282795  , -0.13395295,  0.19884008,
        0.25492326,  0.26118843,  0.33008755,  0.33521883, -0.05448881,
        0.36486243, -0.04425091,  0.23866024, -0.01577306, -0.272428  ,
        0.27998379, -0.13154413,  0.08685244,  0.16807647, -0.47541985,
       -0.28821516, -0.36597066, -0.371957  , -0.0081153 ]) 

Generation: 137 
 - Generation Avg Fit: 4534.830766435722 
 - Best Fitness: 5670.552345559794 
 - Worst Fitness: 0.0
 - Best Solution: array([ 0.14545922, -0.05627936,  0.36960184,  0.42981307, -0.20026604,
       -0.25932767,  0.15848043,  0.05422746, -0.05054564, -0.13505396,
        0.07295107, -0.49753386,  0.1186035 , -0.21784047,  0.02710977,
       -0.34738861, -0.38556326,  0.30197994,  0.299191  , -0.41643824,
       -0.03948845, -0.05979821, -0.00089518,  0.22983126, -0.10031285,
        0.04833916,  0.43227812, -0.25386495, -0.17229156, -0.45244514,
        0.23367053, -0.27091982,  0.16065828,  0.06549265,  0.21853757,
       -0.32647974, -0.0881524 ,  0.01172943, -0.45055213, -0.30268614,
       -0.12815445,  0.03288032,  0.282795  , -0.13395295,  0.19884008,
        0.25492326,  0.26118843,  0.33008755,  0.33521883, -0.05448881,
        0.36486243, -0.04425091,  0.23866024, -0.01577306, -0.272428  ,
        0.27998379, -0.13154413,  0.08685244,  0.16807647, -0.47541985,
       -0.28821516, -0.36597066, -0.371957  , -0.0081153 ]) 

Generation: 138 
 - Generation Avg Fit: 4590.982023714979 
 - Best Fitness: 5670.552345559794 
 - Worst Fitness: 0.0
 - Best Solution: array([ 0.14545922, -0.05627936,  0.36960184,  0.42981307, -0.20026604,
       -0.25932767,  0.15848043,  0.05422746, -0.05054564, -0.13505396,
        0.07295107, -0.49753386,  0.1186035 , -0.21784047,  0.02710977,
       -0.34738861, -0.38556326,  0.30197994,  0.299191  , -0.41643824,
       -0.03948845, -0.05979821, -0.00089518,  0.22983126, -0.10031285,
        0.04833916,  0.43227812, -0.25386495, -0.17229156, -0.45244514,
        0.23367053, -0.27091982,  0.16065828,  0.06549265,  0.21853757,
       -0.32647974, -0.0881524 ,  0.01172943, -0.45055213, -0.30268614,
       -0.12815445,  0.03288032,  0.282795  , -0.13395295,  0.19884008,
        0.25492326,  0.26118843,  0.33008755,  0.33521883, -0.05448881,
        0.36486243, -0.04425091,  0.23866024, -0.01577306, -0.272428  ,
        0.27998379, -0.13154413,  0.08685244,  0.16807647, -0.47541985,
       -0.28821516, -0.36597066, -0.371957  , -0.0081153 ]) 

Generation: 139 
 - Generation Avg Fit: 4768.729109228484 
 - Best Fitness: 5670.552345559794 
 - Worst Fitness: 0.0
 - Best Solution: array([ 0.14545922, -0.05627936,  0.36960184,  0.42981307, -0.20026604,
       -0.25932767,  0.15848043,  0.05422746, -0.05054564, -0.13505396,
        0.07295107, -0.49753386,  0.1186035 , -0.21784047,  0.02710977,
       -0.34738861, -0.38556326,  0.30197994,  0.299191  , -0.41643824,
       -0.03948845, -0.05979821, -0.00089518,  0.22983126, -0.10031285,
        0.04833916,  0.43227812, -0.25386495, -0.17229156, -0.45244514,
        0.23367053, -0.27091982,  0.16065828,  0.06549265,  0.21853757,
       -0.32647974, -0.0881524 ,  0.01172943, -0.45055213, -0.30268614,
       -0.12815445,  0.03288032,  0.282795  , -0.13395295,  0.19884008,
        0.25492326,  0.26118843,  0.33008755,  0.33521883, -0.05448881,
        0.36486243, -0.04425091,  0.23866024, -0.01577306, -0.272428  ,
        0.27998379, -0.13154413,  0.08685244,  0.16807647, -0.47541985,
       -0.28821516, -0.36597066, -0.371957  , -0.0081153 ]) 

Generation: 140 
 - Generation Avg Fit: 4751.366100007114 
 - Best Fitness: 5670.552345559794 
 - Worst Fitness: 0.0
 - Best Solution: array([ 0.14545922, -0.05627936,  0.36960184,  0.42981307, -0.20026604,
       -0.25932767,  0.15848043,  0.05422746, -0.05054564, -0.13505396,
        0.07295107, -0.49753386,  0.1186035 , -0.21784047,  0.02710977,
       -0.34738861, -0.38556326,  0.30197994,  0.299191  , -0.41643824,
       -0.03948845, -0.05979821, -0.00089518,  0.22983126, -0.10031285,
        0.04833916,  0.43227812, -0.25386495, -0.17229156, -0.45244514,
        0.23367053, -0.27091982,  0.16065828,  0.06549265,  0.21853757,
       -0.32647974, -0.0881524 ,  0.01172943, -0.45055213, -0.30268614,
       -0.12815445,  0.03288032,  0.282795  , -0.13395295,  0.19884008,
        0.25492326,  0.26118843,  0.33008755,  0.33521883, -0.05448881,
        0.36486243, -0.04425091,  0.23866024, -0.01577306, -0.272428  ,
        0.27998379, -0.13154413,  0.08685244,  0.16807647, -0.47541985,
       -0.28821516, -0.36597066, -0.371957  , -0.0081153 ]) 

Generation: 141 
 - Generation Avg Fit: 4517.962009564326 
 - Best Fitness: 5670.552345559794 
 - Worst Fitness: 0.0
 - Best Solution: array([ 0.14545922, -0.05627936,  0.36960184,  0.42981307, -0.20026604,
       -0.25932767,  0.15848043,  0.05422746, -0.05054564, -0.13505396,
        0.07295107, -0.49753386,  0.1186035 , -0.21784047,  0.02710977,
       -0.34738861, -0.38556326,  0.30197994,  0.299191  , -0.41643824,
       -0.03948845, -0.05979821, -0.00089518,  0.22983126, -0.10031285,
        0.04833916,  0.43227812, -0.25386495, -0.17229156, -0.45244514,
        0.23367053, -0.27091982,  0.16065828,  0.06549265,  0.21853757,
       -0.32647974, -0.0881524 ,  0.01172943, -0.45055213, -0.30268614,
       -0.12815445,  0.03288032,  0.282795  , -0.13395295,  0.19884008,
        0.25492326,  0.26118843,  0.33008755,  0.33521883, -0.05448881,
        0.36486243, -0.04425091,  0.23866024, -0.01577306, -0.272428  ,
        0.27998379, -0.13154413,  0.08685244,  0.16807647, -0.47541985,
       -0.28821516, -0.36597066, -0.371957  , -0.0081153 ]) 

Generation: 142 
 - Generation Avg Fit: 4531.570747935678 
 - Best Fitness: 5670.552345559794 
 - Worst Fitness: 0.0
 - Best Solution: array([ 0.14545922, -0.05627936,  0.36960184,  0.42981307, -0.20026604,
       -0.25932767,  0.15848043,  0.05422746, -0.05054564, -0.13505396,
        0.07295107, -0.49753386,  0.1186035 , -0.21784047,  0.02710977,
       -0.34738861, -0.38556326,  0.30197994,  0.299191  , -0.41643824,
       -0.03948845, -0.05979821, -0.00089518,  0.22983126, -0.10031285,
        0.04833916,  0.43227812, -0.25386495, -0.17229156, -0.45244514,
        0.23367053, -0.27091982,  0.16065828,  0.06549265,  0.21853757,
       -0.32647974, -0.0881524 ,  0.01172943, -0.45055213, -0.30268614,
       -0.12815445,  0.03288032,  0.282795  , -0.13395295,  0.19884008,
        0.25492326,  0.26118843,  0.33008755,  0.33521883, -0.05448881,
        0.36486243, -0.04425091,  0.23866024, -0.01577306, -0.272428  ,
        0.27998379, -0.13154413,  0.08685244,  0.16807647, -0.47541985,
       -0.28821516, -0.36597066, -0.371957  , -0.0081153 ]) 

Generation: 143 
 - Generation Avg Fit: 4802.080120067656 
 - Best Fitness: 5678.861958419785 
 - Worst Fitness: 0.0
 - Best Solution: array([ 0.15121455, -0.043212  ,  0.36561564,  0.40394611, -0.21562315,
       -0.26372525,  0.15942548,  0.06422156, -0.04394543, -0.17576429,
        0.06508674, -0.49999411,  0.10297484, -0.2504929 ,  0.02164426,
       -0.37467676, -0.35656101,  0.31524274,  0.28259237, -0.476394  ,
       -0.03250816, -0.05979821, -0.00409414,  0.2760699 , -0.08598597,
        0.05319433,  0.45038421, -0.23872151, -0.15735843, -0.45546802,
        0.22677191, -0.27132886,  0.15477906,  0.05855596,  0.24967374,
       -0.31359219, -0.08458468,  0.02287099, -0.43714679, -0.30221278,
       -0.13993085,  0.04280339,  0.29106503, -0.13395295,  0.16763573,
        0.25090472,  0.25467819,  0.32976111,  0.30314482, -0.02205235,
        0.36887862, -0.0678067 ,  0.25518088,  0.16595886, -0.28452674,
        0.28804643, -0.1335966 ,  0.04770486,  0.16441546, -0.45601641,
       -0.29800208, -0.36597066, -0.37503163,  0.01251309]) 

Generation: 144 
 - Generation Avg Fit: 4732.715566231601 
 - Best Fitness: 5678.861958419785 
 - Worst Fitness: 0.0
 - Best Solution: array([ 0.14545922, -0.05627936,  0.36960184,  0.42981307, -0.20026604,
       -0.25932767,  0.15848043,  0.05422746, -0.05054564, -0.13505396,
        0.07295107, -0.49753386,  0.1186035 , -0.21784047,  0.02710977,
       -0.34738861, -0.38556326,  0.30197994,  0.299191  , -0.41643824,
       -0.03948845, -0.05979821, -0.00089518,  0.22983126, -0.10031285,
        0.04833916,  0.43227812, -0.25386495, -0.17229156, -0.45244514,
        0.23367053, -0.27091982,  0.16065828,  0.06549265,  0.21853757,
       -0.32647974, -0.0881524 ,  0.01172943, -0.45055213, -0.30268614,
       -0.12815445,  0.03288032,  0.282795  , -0.13395295,  0.19884008,
        0.25492326,  0.26118843,  0.33008755,  0.33521883, -0.05448881,
        0.36486243, -0.04425091,  0.23866024, -0.01577306, -0.272428  ,
        0.27998379, -0.13154413,  0.08685244,  0.16807647, -0.47541985,
       -0.28821516, -0.36597066, -0.371957  , -0.0081153 ]) 

Generation: 145 
 - Generation Avg Fit: 4662.121132272806 
 - Best Fitness: 5678.861958419785 
 - Worst Fitness: 0.0
 - Best Solution: array([ 0.15121455, -0.043212  ,  0.36561564,  0.40394611, -0.21562315,
       -0.26372525,  0.15942548,  0.06422156, -0.04394543, -0.17576429,
        0.06508674, -0.49999411,  0.10297484, -0.2504929 ,  0.02164426,
       -0.37467676, -0.35656101,  0.31524274,  0.28259237, -0.476394  ,
       -0.03250816, -0.05979821, -0.00409414,  0.2760699 , -0.08598597,
        0.05319433,  0.45038421, -0.23872151, -0.15735843, -0.45546802,
        0.22677191, -0.27132886,  0.15477906,  0.05855596,  0.24967374,
       -0.31359219, -0.08458468,  0.02287099, -0.43714679, -0.30221278,
       -0.13993085,  0.04280339,  0.29106503, -0.13395295,  0.16763573,
        0.25090472,  0.25467819,  0.32976111,  0.30314482, -0.02205235,
        0.36887862, -0.0678067 ,  0.25518088,  0.16595886, -0.28452674,
        0.28804643, -0.1335966 ,  0.04770486,  0.16441546, -0.45601641,
       -0.29800208, -0.36597066, -0.37503163,  0.01251309]) 

Generation: 146 
 - Generation Avg Fit: 4668.83080402215 
 - Best Fitness: 5702.96879084657 
 - Worst Fitness: 0.0
 - Best Solution: array([ 0.14698248, -0.05627936,  0.36960184,  0.43028468, -0.20161596,
       -0.25932767,  0.15723929,  0.05567044, -0.05037781, -0.13144217,
        0.07767463, -0.49677598,  0.1151509 , -0.24814879,  0.02326919,
       -0.35071977, -0.39239593,  0.30490683,  0.31350056, -0.42762008,
       -0.01404961, -0.05851977,  0.00771396,  0.2182021 , -0.09568931,
        0.07006604,  0.43227812, -0.25386495, -0.17527246, -0.43181049,
        0.22841479, -0.27592297,  0.15511472,  0.06541393,  0.23131711,
       -0.31777774, -0.09186902,  0.02970489, -0.45055213, -0.3206937 ,
       -0.14837949,  0.02672904,  0.29831435, -0.13169081,  0.19397344,
        0.22767474,  0.26118843,  0.32697653,  0.38069463, -0.05937365,
        0.23076945, -0.05067898,  0.24816653, -0.0142745 , -0.26317223,
        0.29596903, -0.10059202,  0.05638389,  0.16807647, -0.47541985,
       -0.27974196, -0.33784762, -0.36352228,  0.00673233]) 

Generation: 147 
 - Generation Avg Fit: 4719.08384256106 
 - Best Fitness: 5702.96879084657 
 - Worst Fitness: 0.0
 - Best Solution: array([ 0.15121455, -0.043212  ,  0.36561564,  0.40394611, -0.21562315,
       -0.26372525,  0.15942548,  0.06422156, -0.04394543, -0.17576429,
        0.06508674, -0.49999411,  0.10297484, -0.2504929 ,  0.02164426,
       -0.37467676, -0.35656101,  0.31524274,  0.28259237, -0.476394  ,
       -0.03250816, -0.05979821, -0.00409414,  0.2760699 , -0.08598597,
        0.05319433,  0.45038421, -0.23872151, -0.15735843, -0.45546802,
        0.22677191, -0.27132886,  0.15477906,  0.05855596,  0.24967374,
       -0.31359219, -0.08458468,  0.02287099, -0.43714679, -0.30221278,
       -0.13993085,  0.04280339,  0.29106503, -0.13395295,  0.16763573,
        0.25090472,  0.25467819,  0.32976111,  0.30314482, -0.02205235,
        0.36887862, -0.0678067 ,  0.25518088,  0.16595886, -0.28452674,
        0.28804643, -0.1335966 ,  0.04770486,  0.16441546, -0.45601641,
       -0.29800208, -0.36597066, -0.37503163,  0.01251309]) 

Generation: 148 
 - Generation Avg Fit: 4544.772065060516 
 - Best Fitness: 5702.96879084657 
 - Worst Fitness: 0.0
 - Best Solution: array([ 0.14698248, -0.05627936,  0.36960184,  0.43028468, -0.20161596,
       -0.25932767,  0.15723929,  0.05567044, -0.05037781, -0.13144217,
        0.07767463, -0.49677598,  0.1151509 , -0.24814879,  0.02326919,
       -0.35071977, -0.39239593,  0.30490683,  0.31350056, -0.42762008,
       -0.01404961, -0.05851977,  0.00771396,  0.2182021 , -0.09568931,
        0.07006604,  0.43227812, -0.25386495, -0.17527246, -0.43181049,
        0.22841479, -0.27592297,  0.15511472,  0.06541393,  0.23131711,
       -0.31777774, -0.09186902,  0.02970489, -0.45055213, -0.3206937 ,
       -0.14837949,  0.02672904,  0.29831435, -0.13169081,  0.19397344,
        0.22767474,  0.26118843,  0.32697653,  0.38069463, -0.05937365,
        0.23076945, -0.05067898,  0.24816653, -0.0142745 , -0.26317223,
        0.29596903, -0.10059202,  0.05638389,  0.16807647, -0.47541985,
       -0.27974196, -0.33784762, -0.36352228,  0.00673233]) 

Generation: 149 
 - Generation Avg Fit: 4877.372470808198 
 - Best Fitness: 5702.96879084657 
 - Worst Fitness: 0.0
 - Best Solution: array([ 0.14698248, -0.05627936,  0.36960184,  0.43028468, -0.20161596,
       -0.25932767,  0.15723929,  0.05567044, -0.05037781, -0.13144217,
        0.07767463, -0.49677598,  0.1151509 , -0.24814879,  0.02326919,
       -0.35071977, -0.39239593,  0.30490683,  0.31350056, -0.42762008,
       -0.01404961, -0.05851977,  0.00771396,  0.2182021 , -0.09568931,
        0.07006604,  0.43227812, -0.25386495, -0.17527246, -0.43181049,
        0.22841479, -0.27592297,  0.15511472,  0.06541393,  0.23131711,
       -0.31777774, -0.09186902,  0.02970489, -0.45055213, -0.3206937 ,
       -0.14837949,  0.02672904,  0.29831435, -0.13169081,  0.19397344,
        0.22767474,  0.26118843,  0.32697653,  0.38069463, -0.05937365,
        0.23076945, -0.05067898,  0.24816653, -0.0142745 , -0.26317223,
        0.29596903, -0.10059202,  0.05638389,  0.16807647, -0.47541985,
       -0.27974196, -0.33784762, -0.36352228,  0.00673233]) 

Generation: 150 
 - Generation Avg Fit: 4800.806863339099 
 - Best Fitness: 5710.541370541781 
 - Worst Fitness: 0.0
 - Best Solution: array([ 0.15121455, -0.05283206,  0.36561564,  0.42313194, -0.21562315,
       -0.2499853 ,  0.16797829,  0.05589402, -0.04563471, -0.17576429,
        0.06419587, -0.5093255 ,  0.1186035 , -0.2504929 ,  0.02310324,
       -0.35000988, -0.39452694,  0.31524274,  0.27703207, -0.47246998,
       -0.02977075, -0.05979821, -0.00849872,  0.2760699 , -0.08362977,
        0.05319433,  0.42763601, -0.24767505, -0.1602852 , -0.45546802,
        0.23367053, -0.26991784,  0.15191374,  0.04049128,  0.24967374,
       -0.32323826, -0.08458468,  0.00470154, -0.43773006, -0.30268614,
       -0.12131188,  0.02995706,  0.29106503, -0.13395295,  0.19884008,
        0.25090472,  0.25926423,  0.33242667,  0.30314482, -0.05886016,
        0.37120307, -0.04637777,  0.26514366,  0.16595886, -0.29781411,
        0.28476502, -0.12770401,  0.04709935,  0.16558594, -0.44826857,
       -0.2997937 , -0.36759777, -0.36672832,  0.01417015]) 

Generation: 151 
 - Generation Avg Fit: 4605.372656015638 
 - Best Fitness: 5710.541370541781 
 - Worst Fitness: 0.0
 - Best Solution: array([ 0.14698248, -0.05627936,  0.36960184,  0.43028468, -0.20161596,
       -0.25932767,  0.15723929,  0.05567044, -0.05037781, -0.13144217,
        0.07767463, -0.49677598,  0.1151509 , -0.24814879,  0.02326919,
       -0.35071977, -0.39239593,  0.30490683,  0.31350056, -0.42762008,
       -0.01404961, -0.05851977,  0.00771396,  0.2182021 , -0.09568931,
        0.07006604,  0.43227812, -0.25386495, -0.17527246, -0.43181049,
        0.22841479, -0.27592297,  0.15511472,  0.06541393,  0.23131711,
       -0.31777774, -0.09186902,  0.02970489, -0.45055213, -0.3206937 ,
       -0.14837949,  0.02672904,  0.29831435, -0.13169081,  0.19397344,
        0.22767474,  0.26118843,  0.32697653,  0.38069463, -0.05937365,
        0.23076945, -0.05067898,  0.24816653, -0.0142745 , -0.26317223,
        0.29596903, -0.10059202,  0.05638389,  0.16807647, -0.47541985,
       -0.27974196, -0.33784762, -0.36352228,  0.00673233]) 

Generation: 152 
 - Generation Avg Fit: 4726.678958570021 
 - Best Fitness: 5710.541370541781 
 - Worst Fitness: 0.0
 - Best Solution: array([ 0.15121455, -0.05283206,  0.36561564,  0.42313194, -0.21562315,
       -0.2499853 ,  0.16797829,  0.05589402, -0.04563471, -0.17576429,
        0.06419587, -0.5093255 ,  0.1186035 , -0.2504929 ,  0.02310324,
       -0.35000988, -0.39452694,  0.31524274,  0.27703207, -0.47246998,
       -0.02977075, -0.05979821, -0.00849872,  0.2760699 , -0.08362977,
        0.05319433,  0.42763601, -0.24767505, -0.1602852 , -0.45546802,
        0.23367053, -0.26991784,  0.15191374,  0.04049128,  0.24967374,
       -0.32323826, -0.08458468,  0.00470154, -0.43773006, -0.30268614,
       -0.12131188,  0.02995706,  0.29106503, -0.13395295,  0.19884008,
        0.25090472,  0.25926423,  0.33242667,  0.30314482, -0.05886016,
        0.37120307, -0.04637777,  0.26514366,  0.16595886, -0.29781411,
        0.28476502, -0.12770401,  0.04709935,  0.16558594, -0.44826857,
       -0.2997937 , -0.36759777, -0.36672832,  0.01417015]) 

Generation: 153 
 - Generation Avg Fit: 4601.994605232084 
 - Best Fitness: 5710.541370541781 
 - Worst Fitness: 0.0
 - Best Solution: array([ 0.15121455, -0.05283206,  0.36561564,  0.42313194, -0.21562315,
       -0.2499853 ,  0.16797829,  0.05589402, -0.04563471, -0.17576429,
        0.06419587, -0.5093255 ,  0.1186035 , -0.2504929 ,  0.02310324,
       -0.35000988, -0.39452694,  0.31524274,  0.27703207, -0.47246998,
       -0.02977075, -0.05979821, -0.00849872,  0.2760699 , -0.08362977,
        0.05319433,  0.42763601, -0.24767505, -0.1602852 , -0.45546802,
        0.23367053, -0.26991784,  0.15191374,  0.04049128,  0.24967374,
       -0.32323826, -0.08458468,  0.00470154, -0.43773006, -0.30268614,
       -0.12131188,  0.02995706,  0.29106503, -0.13395295,  0.19884008,
        0.25090472,  0.25926423,  0.33242667,  0.30314482, -0.05886016,
        0.37120307, -0.04637777,  0.26514366,  0.16595886, -0.29781411,
        0.28476502, -0.12770401,  0.04709935,  0.16558594, -0.44826857,
       -0.2997937 , -0.36759777, -0.36672832,  0.01417015]) 

Generation: 154 
 - Generation Avg Fit: 4817.168930722777 
 - Best Fitness: 5710.541370541781 
 - Worst Fitness: 0.0
 - Best Solution: array([ 0.15121455, -0.05283206,  0.36561564,  0.42313194, -0.21562315,
       -0.2499853 ,  0.16797829,  0.05589402, -0.04563471, -0.17576429,
        0.06419587, -0.5093255 ,  0.1186035 , -0.2504929 ,  0.02310324,
       -0.35000988, -0.39452694,  0.31524274,  0.27703207, -0.47246998,
       -0.02977075, -0.05979821, -0.00849872,  0.2760699 , -0.08362977,
        0.05319433,  0.42763601, -0.24767505, -0.1602852 , -0.45546802,
        0.23367053, -0.26991784,  0.15191374,  0.04049128,  0.24967374,
       -0.32323826, -0.08458468,  0.00470154, -0.43773006, -0.30268614,
       -0.12131188,  0.02995706,  0.29106503, -0.13395295,  0.19884008,
        0.25090472,  0.25926423,  0.33242667,  0.30314482, -0.05886016,
        0.37120307, -0.04637777,  0.26514366,  0.16595886, -0.29781411,
        0.28476502, -0.12770401,  0.04709935,  0.16558594, -0.44826857,
       -0.2997937 , -0.36759777, -0.36672832,  0.01417015]) 

Generation: 155 
 - Generation Avg Fit: 4584.383546482202 
 - Best Fitness: 5813.145079219311 
 - Worst Fitness: 0.0
 - Best Solution: array([ 0.14549801, -0.05067199,  0.36764005,  0.40715214, -0.18517421,
       -0.23289969,  0.18180227,  0.06585865, -0.05175883, -0.13659997,
        0.07094796, -0.46162154,  0.09217398, -0.2614408 ,  0.03357968,
       -0.37871118, -0.38498892,  0.30277478,  0.29176814, -0.42265656,
       -0.01480426,  0.06789254,  0.01157687,  0.27852378, -0.10833979,
        0.02885728,  0.4754592 , -0.24811033, -0.17604038, -0.43435167,
        0.22701116, -0.27608817,  0.15626739,  0.0713502 ,  0.23131711,
       -0.34086106, -0.08040089,  0.02222287, -0.44795967, -0.30487002,
       -0.12198758,  0.03282513,  0.3041443 , -0.12369429,  0.18810754,
        0.23478522,  0.25537083,  0.33266749,  0.36948832, -0.05116546,
        0.2426844 , -0.04664412,  0.30263482,  0.01857163, -0.26707056,
        0.32412299, -0.13854311,  0.0441797 ,  0.16102671, -0.48696871,
       -0.32132284, -0.34988136, -0.35877756,  0.00649864]) 

Generation: 156 
 - Generation Avg Fit: 4811.595836053956 
 - Best Fitness: 5813.145079219311 
 - Worst Fitness: 0.0
 - Best Solution: array([ 0.15121455, -0.05283206,  0.36561564,  0.42313194, -0.21562315,
       -0.2499853 ,  0.16797829,  0.05589402, -0.04563471, -0.17576429,
        0.06419587, -0.5093255 ,  0.1186035 , -0.2504929 ,  0.02310324,
       -0.35000988, -0.39452694,  0.31524274,  0.27703207, -0.47246998,
       -0.02977075, -0.05979821, -0.00849872,  0.2760699 , -0.08362977,
        0.05319433,  0.42763601, -0.24767505, -0.1602852 , -0.45546802,
        0.23367053, -0.26991784,  0.15191374,  0.04049128,  0.24967374,
       -0.32323826, -0.08458468,  0.00470154, -0.43773006, -0.30268614,
       -0.12131188,  0.02995706,  0.29106503, -0.13395295,  0.19884008,
        0.25090472,  0.25926423,  0.33242667,  0.30314482, -0.05886016,
        0.37120307, -0.04637777,  0.26514366,  0.16595886, -0.29781411,
        0.28476502, -0.12770401,  0.04709935,  0.16558594, -0.44826857,
       -0.2997937 , -0.36759777, -0.36672832,  0.01417015]) 

Generation: 157 
 - Generation Avg Fit: 4735.640154028507 
 - Best Fitness: 5813.145079219311 
 - Worst Fitness: 0.0
 - Best Solution: array([ 0.14549801, -0.05067199,  0.36764005,  0.40715214, -0.18517421,
       -0.23289969,  0.18180227,  0.06585865, -0.05175883, -0.13659997,
        0.07094796, -0.46162154,  0.09217398, -0.2614408 ,  0.03357968,
       -0.37871118, -0.38498892,  0.30277478,  0.29176814, -0.42265656,
       -0.01480426,  0.06789254,  0.01157687,  0.27852378, -0.10833979,
        0.02885728,  0.4754592 , -0.24811033, -0.17604038, -0.43435167,
        0.22701116, -0.27608817,  0.15626739,  0.0713502 ,  0.23131711,
       -0.34086106, -0.08040089,  0.02222287, -0.44795967, -0.30487002,
       -0.12198758,  0.03282513,  0.3041443 , -0.12369429,  0.18810754,
        0.23478522,  0.25537083,  0.33266749,  0.36948832, -0.05116546,
        0.2426844 , -0.04664412,  0.30263482,  0.01857163, -0.26707056,
        0.32412299, -0.13854311,  0.0441797 ,  0.16102671, -0.48696871,
       -0.32132284, -0.34988136, -0.35877756,  0.00649864]) 

Generation: 158 
 - Generation Avg Fit: 4797.816014025256 
 - Best Fitness: 5813.145079219311 
 - Worst Fitness: 0.0
 - Best Solution: array([ 0.14549801, -0.05067199,  0.36764005,  0.40715214, -0.18517421,
       -0.23289969,  0.18180227,  0.06585865, -0.05175883, -0.13659997,
        0.07094796, -0.46162154,  0.09217398, -0.2614408 ,  0.03357968,
       -0.37871118, -0.38498892,  0.30277478,  0.29176814, -0.42265656,
       -0.01480426,  0.06789254,  0.01157687,  0.27852378, -0.10833979,
        0.02885728,  0.4754592 , -0.24811033, -0.17604038, -0.43435167,
        0.22701116, -0.27608817,  0.15626739,  0.0713502 ,  0.23131711,
       -0.34086106, -0.08040089,  0.02222287, -0.44795967, -0.30487002,
       -0.12198758,  0.03282513,  0.3041443 , -0.12369429,  0.18810754,
        0.23478522,  0.25537083,  0.33266749,  0.36948832, -0.05116546,
        0.2426844 , -0.04664412,  0.30263482,  0.01857163, -0.26707056,
        0.32412299, -0.13854311,  0.0441797 ,  0.16102671, -0.48696871,
       -0.32132284, -0.34988136, -0.35877756,  0.00649864]) 

Generation: 159 
 - Generation Avg Fit: 4744.4283885536715 
 - Best Fitness: 5813.145079219311 
 - Worst Fitness: 0.0
 - Best Solution: array([ 0.14549801, -0.05067199,  0.36764005,  0.40715214, -0.18517421,
       -0.23289969,  0.18180227,  0.06585865, -0.05175883, -0.13659997,
        0.07094796, -0.46162154,  0.09217398, -0.2614408 ,  0.03357968,
       -0.37871118, -0.38498892,  0.30277478,  0.29176814, -0.42265656,
       -0.01480426,  0.06789254,  0.01157687,  0.27852378, -0.10833979,
        0.02885728,  0.4754592 , -0.24811033, -0.17604038, -0.43435167,
        0.22701116, -0.27608817,  0.15626739,  0.0713502 ,  0.23131711,
       -0.34086106, -0.08040089,  0.02222287, -0.44795967, -0.30487002,
       -0.12198758,  0.03282513,  0.3041443 , -0.12369429,  0.18810754,
        0.23478522,  0.25537083,  0.33266749,  0.36948832, -0.05116546,
        0.2426844 , -0.04664412,  0.30263482,  0.01857163, -0.26707056,
        0.32412299, -0.13854311,  0.0441797 ,  0.16102671, -0.48696871,
       -0.32132284, -0.34988136, -0.35877756,  0.00649864]) 

Generation: 160 
 - Generation Avg Fit: 4803.98348138327 
 - Best Fitness: 5813.145079219311 
 - Worst Fitness: 0.0
 - Best Solution: array([ 0.14549801, -0.05067199,  0.36764005,  0.40715214, -0.18517421,
       -0.23289969,  0.18180227,  0.06585865, -0.05175883, -0.13659997,
        0.07094796, -0.46162154,  0.09217398, -0.2614408 ,  0.03357968,
       -0.37871118, -0.38498892,  0.30277478,  0.29176814, -0.42265656,
       -0.01480426,  0.06789254,  0.01157687,  0.27852378, -0.10833979,
        0.02885728,  0.4754592 , -0.24811033, -0.17604038, -0.43435167,
        0.22701116, -0.27608817,  0.15626739,  0.0713502 ,  0.23131711,
       -0.34086106, -0.08040089,  0.02222287, -0.44795967, -0.30487002,
       -0.12198758,  0.03282513,  0.3041443 , -0.12369429,  0.18810754,
        0.23478522,  0.25537083,  0.33266749,  0.36948832, -0.05116546,
        0.2426844 , -0.04664412,  0.30263482,  0.01857163, -0.26707056,
        0.32412299, -0.13854311,  0.0441797 ,  0.16102671, -0.48696871,
       -0.32132284, -0.34988136, -0.35877756,  0.00649864]) 

Generation: 161 
 - Generation Avg Fit: 4697.371888541279 
 - Best Fitness: 5813.145079219311 
 - Worst Fitness: 0.0
 - Best Solution: array([ 0.14549801, -0.05067199,  0.36764005,  0.40715214, -0.18517421,
       -0.23289969,  0.18180227,  0.06585865, -0.05175883, -0.13659997,
        0.07094796, -0.46162154,  0.09217398, -0.2614408 ,  0.03357968,
       -0.37871118, -0.38498892,  0.30277478,  0.29176814, -0.42265656,
       -0.01480426,  0.06789254,  0.01157687,  0.27852378, -0.10833979,
        0.02885728,  0.4754592 , -0.24811033, -0.17604038, -0.43435167,
        0.22701116, -0.27608817,  0.15626739,  0.0713502 ,  0.23131711,
       -0.34086106, -0.08040089,  0.02222287, -0.44795967, -0.30487002,
       -0.12198758,  0.03282513,  0.3041443 , -0.12369429,  0.18810754,
        0.23478522,  0.25537083,  0.33266749,  0.36948832, -0.05116546,
        0.2426844 , -0.04664412,  0.30263482,  0.01857163, -0.26707056,
        0.32412299, -0.13854311,  0.0441797 ,  0.16102671, -0.48696871,
       -0.32132284, -0.34988136, -0.35877756,  0.00649864]) 

Generation: 162 
 - Generation Avg Fit: 4917.826329575458 
 - Best Fitness: 5813.145079219311 
 - Worst Fitness: 0.0
 - Best Solution: array([ 0.14549801, -0.05067199,  0.36764005,  0.40715214, -0.18517421,
       -0.23289969,  0.18180227,  0.06585865, -0.05175883, -0.13659997,
        0.07094796, -0.46162154,  0.09217398, -0.2614408 ,  0.03357968,
       -0.37871118, -0.38498892,  0.30277478,  0.29176814, -0.42265656,
       -0.01480426,  0.06789254,  0.01157687,  0.27852378, -0.10833979,
        0.02885728,  0.4754592 , -0.24811033, -0.17604038, -0.43435167,
        0.22701116, -0.27608817,  0.15626739,  0.0713502 ,  0.23131711,
       -0.34086106, -0.08040089,  0.02222287, -0.44795967, -0.30487002,
       -0.12198758,  0.03282513,  0.3041443 , -0.12369429,  0.18810754,
        0.23478522,  0.25537083,  0.33266749,  0.36948832, -0.05116546,
        0.2426844 , -0.04664412,  0.30263482,  0.01857163, -0.26707056,
        0.32412299, -0.13854311,  0.0441797 ,  0.16102671, -0.48696871,
       -0.32132284, -0.34988136, -0.35877756,  0.00649864]) 

Generation: 163 
 - Generation Avg Fit: 4721.006683737 
 - Best Fitness: 5813.145079219311 
 - Worst Fitness: 0.0
 - Best Solution: array([ 0.14549801, -0.05067199,  0.36764005,  0.40715214, -0.18517421,
       -0.23289969,  0.18180227,  0.06585865, -0.05175883, -0.13659997,
        0.07094796, -0.46162154,  0.09217398, -0.2614408 ,  0.03357968,
       -0.37871118, -0.38498892,  0.30277478,  0.29176814, -0.42265656,
       -0.01480426,  0.06789254,  0.01157687,  0.27852378, -0.10833979,
        0.02885728,  0.4754592 , -0.24811033, -0.17604038, -0.43435167,
        0.22701116, -0.27608817,  0.15626739,  0.0713502 ,  0.23131711,
       -0.34086106, -0.08040089,  0.02222287, -0.44795967, -0.30487002,
       -0.12198758,  0.03282513,  0.3041443 , -0.12369429,  0.18810754,
        0.23478522,  0.25537083,  0.33266749,  0.36948832, -0.05116546,
        0.2426844 , -0.04664412,  0.30263482,  0.01857163, -0.26707056,
        0.32412299, -0.13854311,  0.0441797 ,  0.16102671, -0.48696871,
       -0.32132284, -0.34988136, -0.35877756,  0.00649864]) 

Generation: 164 
 - Generation Avg Fit: 4773.0764928051285 
 - Best Fitness: 5813.145079219311 
 - Worst Fitness: 0.0
 - Best Solution: array([ 0.14549801, -0.05067199,  0.36764005,  0.40715214, -0.18517421,
       -0.23289969,  0.18180227,  0.06585865, -0.05175883, -0.13659997,
        0.07094796, -0.46162154,  0.09217398, -0.2614408 ,  0.03357968,
       -0.37871118, -0.38498892,  0.30277478,  0.29176814, -0.42265656,
       -0.01480426,  0.06789254,  0.01157687,  0.27852378, -0.10833979,
        0.02885728,  0.4754592 , -0.24811033, -0.17604038, -0.43435167,
        0.22701116, -0.27608817,  0.15626739,  0.0713502 ,  0.23131711,
       -0.34086106, -0.08040089,  0.02222287, -0.44795967, -0.30487002,
       -0.12198758,  0.03282513,  0.3041443 , -0.12369429,  0.18810754,
        0.23478522,  0.25537083,  0.33266749,  0.36948832, -0.05116546,
        0.2426844 , -0.04664412,  0.30263482,  0.01857163, -0.26707056,
        0.32412299, -0.13854311,  0.0441797 ,  0.16102671, -0.48696871,
       -0.32132284, -0.34988136, -0.35877756,  0.00649864]) 

Generation: 165 
 - Generation Avg Fit: 4643.0860693659015 
 - Best Fitness: 5813.145079219311 
 - Worst Fitness: 0.0
 - Best Solution: array([ 0.14549801, -0.05067199,  0.36764005,  0.40715214, -0.18517421,
       -0.23289969,  0.18180227,  0.06585865, -0.05175883, -0.13659997,
        0.07094796, -0.46162154,  0.09217398, -0.2614408 ,  0.03357968,
       -0.37871118, -0.38498892,  0.30277478,  0.29176814, -0.42265656,
       -0.01480426,  0.06789254,  0.01157687,  0.27852378, -0.10833979,
        0.02885728,  0.4754592 , -0.24811033, -0.17604038, -0.43435167,
        0.22701116, -0.27608817,  0.15626739,  0.0713502 ,  0.23131711,
       -0.34086106, -0.08040089,  0.02222287, -0.44795967, -0.30487002,
       -0.12198758,  0.03282513,  0.3041443 , -0.12369429,  0.18810754,
        0.23478522,  0.25537083,  0.33266749,  0.36948832, -0.05116546,
        0.2426844 , -0.04664412,  0.30263482,  0.01857163, -0.26707056,
        0.32412299, -0.13854311,  0.0441797 ,  0.16102671, -0.48696871,
       -0.32132284, -0.34988136, -0.35877756,  0.00649864]) 

Generation: 166 
 - Generation Avg Fit: 4692.263077472341 
 - Best Fitness: 5857.652936204656 
 - Worst Fitness: 0.0
 - Best Solution: array([ 0.15121455, -0.05283206,  0.37465652,  0.43940258, -0.19146388,
       -0.25561445,  0.16059316,  0.05008207, -0.02251364, -0.16948541,
        0.06779852, -0.51441954,  0.111061  , -0.24119246,  0.02725853,
       -0.35900572, -0.38589894,  0.30921071,  0.28457436, -0.42358722,
       -0.02530117,  0.06501788, -0.0072254 ,  0.26904552, -0.1093719 ,
        0.0697272 ,  0.42763601, -0.2483234 , -0.16774362, -0.46884611,
        0.25209676, -0.27278856,  0.15867632,  0.03885615,  0.25289656,
       -0.35696384, -0.09152702,  0.00470154, -0.49800624, -0.30268614,
       -0.11995602,  0.06399905,  0.29604035, -0.13499143,  0.18478845,
        0.25115257,  0.26819054,  0.33242667,  0.30314482, -0.06647416,
        0.36278263, -0.04953791,  0.25421958,  0.17239562, -0.2936286 ,
        0.28476502, -0.11887379,  0.04635431,  0.10946836, -0.47911244,
       -0.30824235, -0.34615463, -0.36394174,  0.01343221]) 

Generation: 167 
 - Generation Avg Fit: 4722.300714080897 
 - Best Fitness: 5857.652936204656 
 - Worst Fitness: 0.0
 - Best Solution: array([ 0.14549801, -0.05067199,  0.36764005,  0.40715214, -0.18517421,
       -0.23289969,  0.18180227,  0.06585865, -0.05175883, -0.13659997,
        0.07094796, -0.46162154,  0.09217398, -0.2614408 ,  0.03357968,
       -0.37871118, -0.38498892,  0.30277478,  0.29176814, -0.42265656,
       -0.01480426,  0.06789254,  0.01157687,  0.27852378, -0.10833979,
        0.02885728,  0.4754592 , -0.24811033, -0.17604038, -0.43435167,
        0.22701116, -0.27608817,  0.15626739,  0.0713502 ,  0.23131711,
       -0.34086106, -0.08040089,  0.02222287, -0.44795967, -0.30487002,
       -0.12198758,  0.03282513,  0.3041443 , -0.12369429,  0.18810754,
        0.23478522,  0.25537083,  0.33266749,  0.36948832, -0.05116546,
        0.2426844 , -0.04664412,  0.30263482,  0.01857163, -0.26707056,
        0.32412299, -0.13854311,  0.0441797 ,  0.16102671, -0.48696871,
       -0.32132284, -0.34988136, -0.35877756,  0.00649864]) 

Generation: 168 
 - Generation Avg Fit: 4763.089775334728 
 - Best Fitness: 5857.652936204656 
 - Worst Fitness: 0.0
 - Best Solution: array([ 0.15121455, -0.05283206,  0.37465652,  0.43940258, -0.19146388,
       -0.25561445,  0.16059316,  0.05008207, -0.02251364, -0.16948541,
        0.06779852, -0.51441954,  0.111061  , -0.24119246,  0.02725853,
       -0.35900572, -0.38589894,  0.30921071,  0.28457436, -0.42358722,
       -0.02530117,  0.06501788, -0.0072254 ,  0.26904552, -0.1093719 ,
        0.0697272 ,  0.42763601, -0.2483234 , -0.16774362, -0.46884611,
        0.25209676, -0.27278856,  0.15867632,  0.03885615,  0.25289656,
       -0.35696384, -0.09152702,  0.00470154, -0.49800624, -0.30268614,
       -0.11995602,  0.06399905,  0.29604035, -0.13499143,  0.18478845,
        0.25115257,  0.26819054,  0.33242667,  0.30314482, -0.06647416,
        0.36278263, -0.04953791,  0.25421958,  0.17239562, -0.2936286 ,
        0.28476502, -0.11887379,  0.04635431,  0.10946836, -0.47911244,
       -0.30824235, -0.34615463, -0.36394174,  0.01343221]) 

Generation: 169 
 - Generation Avg Fit: 4774.805660305799 
 - Best Fitness: 5857.652936204656 
 - Worst Fitness: 0.0
 - Best Solution: array([ 0.15121455, -0.05283206,  0.37465652,  0.43940258, -0.19146388,
       -0.25561445,  0.16059316,  0.05008207, -0.02251364, -0.16948541,
        0.06779852, -0.51441954,  0.111061  , -0.24119246,  0.02725853,
       -0.35900572, -0.38589894,  0.30921071,  0.28457436, -0.42358722,
       -0.02530117,  0.06501788, -0.0072254 ,  0.26904552, -0.1093719 ,
        0.0697272 ,  0.42763601, -0.2483234 , -0.16774362, -0.46884611,
        0.25209676, -0.27278856,  0.15867632,  0.03885615,  0.25289656,
       -0.35696384, -0.09152702,  0.00470154, -0.49800624, -0.30268614,
       -0.11995602,  0.06399905,  0.29604035, -0.13499143,  0.18478845,
        0.25115257,  0.26819054,  0.33242667,  0.30314482, -0.06647416,
        0.36278263, -0.04953791,  0.25421958,  0.17239562, -0.2936286 ,
        0.28476502, -0.11887379,  0.04635431,  0.10946836, -0.47911244,
       -0.30824235, -0.34615463, -0.36394174,  0.01343221]) 

Generation: 170 
 - Generation Avg Fit: 4971.261985732726 
 - Best Fitness: 5857.652936204656 
 - Worst Fitness: 0.0
 - Best Solution: array([ 0.15121455, -0.05283206,  0.37465652,  0.43940258, -0.19146388,
       -0.25561445,  0.16059316,  0.05008207, -0.02251364, -0.16948541,
        0.06779852, -0.51441954,  0.111061  , -0.24119246,  0.02725853,
       -0.35900572, -0.38589894,  0.30921071,  0.28457436, -0.42358722,
       -0.02530117,  0.06501788, -0.0072254 ,  0.26904552, -0.1093719 ,
        0.0697272 ,  0.42763601, -0.2483234 , -0.16774362, -0.46884611,
        0.25209676, -0.27278856,  0.15867632,  0.03885615,  0.25289656,
       -0.35696384, -0.09152702,  0.00470154, -0.49800624, -0.30268614,
       -0.11995602,  0.06399905,  0.29604035, -0.13499143,  0.18478845,
        0.25115257,  0.26819054,  0.33242667,  0.30314482, -0.06647416,
        0.36278263, -0.04953791,  0.25421958,  0.17239562, -0.2936286 ,
        0.28476502, -0.11887379,  0.04635431,  0.10946836, -0.47911244,
       -0.30824235, -0.34615463, -0.36394174,  0.01343221]) 

Generation: 171 
 - Generation Avg Fit: 4697.343237783717 
 - Best Fitness: 5857.652936204656 
 - Worst Fitness: 0.0
 - Best Solution: array([ 0.15121455, -0.05283206,  0.37465652,  0.43940258, -0.19146388,
       -0.25561445,  0.16059316,  0.05008207, -0.02251364, -0.16948541,
        0.06779852, -0.51441954,  0.111061  , -0.24119246,  0.02725853,
       -0.35900572, -0.38589894,  0.30921071,  0.28457436, -0.42358722,
       -0.02530117,  0.06501788, -0.0072254 ,  0.26904552, -0.1093719 ,
        0.0697272 ,  0.42763601, -0.2483234 , -0.16774362, -0.46884611,
        0.25209676, -0.27278856,  0.15867632,  0.03885615,  0.25289656,
       -0.35696384, -0.09152702,  0.00470154, -0.49800624, -0.30268614,
       -0.11995602,  0.06399905,  0.29604035, -0.13499143,  0.18478845,
        0.25115257,  0.26819054,  0.33242667,  0.30314482, -0.06647416,
        0.36278263, -0.04953791,  0.25421958,  0.17239562, -0.2936286 ,
        0.28476502, -0.11887379,  0.04635431,  0.10946836, -0.47911244,
       -0.30824235, -0.34615463, -0.36394174,  0.01343221]) 

Generation: 172 
 - Generation Avg Fit: 4842.085084233699 
 - Best Fitness: 5857.652936204656 
 - Worst Fitness: 0.0
 - Best Solution: array([ 0.15121455, -0.05283206,  0.37465652,  0.43940258, -0.19146388,
       -0.25561445,  0.16059316,  0.05008207, -0.02251364, -0.16948541,
        0.06779852, -0.51441954,  0.111061  , -0.24119246,  0.02725853,
       -0.35900572, -0.38589894,  0.30921071,  0.28457436, -0.42358722,
       -0.02530117,  0.06501788, -0.0072254 ,  0.26904552, -0.1093719 ,
        0.0697272 ,  0.42763601, -0.2483234 , -0.16774362, -0.46884611,
        0.25209676, -0.27278856,  0.15867632,  0.03885615,  0.25289656,
       -0.35696384, -0.09152702,  0.00470154, -0.49800624, -0.30268614,
       -0.11995602,  0.06399905,  0.29604035, -0.13499143,  0.18478845,
        0.25115257,  0.26819054,  0.33242667,  0.30314482, -0.06647416,
        0.36278263, -0.04953791,  0.25421958,  0.17239562, -0.2936286 ,
        0.28476502, -0.11887379,  0.04635431,  0.10946836, -0.47911244,
       -0.30824235, -0.34615463, -0.36394174,  0.01343221]) 

Generation: 173 
 - Generation Avg Fit: 4906.519616858642 
 - Best Fitness: 5857.652936204656 
 - Worst Fitness: 0.0
 - Best Solution: array([ 0.15121455, -0.05283206,  0.37465652,  0.43940258, -0.19146388,
       -0.25561445,  0.16059316,  0.05008207, -0.02251364, -0.16948541,
        0.06779852, -0.51441954,  0.111061  , -0.24119246,  0.02725853,
       -0.35900572, -0.38589894,  0.30921071,  0.28457436, -0.42358722,
       -0.02530117,  0.06501788, -0.0072254 ,  0.26904552, -0.1093719 ,
        0.0697272 ,  0.42763601, -0.2483234 , -0.16774362, -0.46884611,
        0.25209676, -0.27278856,  0.15867632,  0.03885615,  0.25289656,
       -0.35696384, -0.09152702,  0.00470154, -0.49800624, -0.30268614,
       -0.11995602,  0.06399905,  0.29604035, -0.13499143,  0.18478845,
        0.25115257,  0.26819054,  0.33242667,  0.30314482, -0.06647416,
        0.36278263, -0.04953791,  0.25421958,  0.17239562, -0.2936286 ,
        0.28476502, -0.11887379,  0.04635431,  0.10946836, -0.47911244,
       -0.30824235, -0.34615463, -0.36394174,  0.01343221]) 

Generation: 174 
 - Generation Avg Fit: 4897.796007573306 
 - Best Fitness: 5857.652936204656 
 - Worst Fitness: 0.0
 - Best Solution: array([ 0.15121455, -0.05283206,  0.37465652,  0.43940258, -0.19146388,
       -0.25561445,  0.16059316,  0.05008207, -0.02251364, -0.16948541,
        0.06779852, -0.51441954,  0.111061  , -0.24119246,  0.02725853,
       -0.35900572, -0.38589894,  0.30921071,  0.28457436, -0.42358722,
       -0.02530117,  0.06501788, -0.0072254 ,  0.26904552, -0.1093719 ,
        0.0697272 ,  0.42763601, -0.2483234 , -0.16774362, -0.46884611,
        0.25209676, -0.27278856,  0.15867632,  0.03885615,  0.25289656,
       -0.35696384, -0.09152702,  0.00470154, -0.49800624, -0.30268614,
       -0.11995602,  0.06399905,  0.29604035, -0.13499143,  0.18478845,
        0.25115257,  0.26819054,  0.33242667,  0.30314482, -0.06647416,
        0.36278263, -0.04953791,  0.25421958,  0.17239562, -0.2936286 ,
        0.28476502, -0.11887379,  0.04635431,  0.10946836, -0.47911244,
       -0.30824235, -0.34615463, -0.36394174,  0.01343221]) 

Generation: 175 
 - Generation Avg Fit: 4837.979044744079 
 - Best Fitness: 5857.652936204656 
 - Worst Fitness: 0.0
 - Best Solution: array([ 0.15121455, -0.05283206,  0.37465652,  0.43940258, -0.19146388,
       -0.25561445,  0.16059316,  0.05008207, -0.02251364, -0.16948541,
        0.06779852, -0.51441954,  0.111061  , -0.24119246,  0.02725853,
       -0.35900572, -0.38589894,  0.30921071,  0.28457436, -0.42358722,
       -0.02530117,  0.06501788, -0.0072254 ,  0.26904552, -0.1093719 ,
        0.0697272 ,  0.42763601, -0.2483234 , -0.16774362, -0.46884611,
        0.25209676, -0.27278856,  0.15867632,  0.03885615,  0.25289656,
       -0.35696384, -0.09152702,  0.00470154, -0.49800624, -0.30268614,
       -0.11995602,  0.06399905,  0.29604035, -0.13499143,  0.18478845,
        0.25115257,  0.26819054,  0.33242667,  0.30314482, -0.06647416,
        0.36278263, -0.04953791,  0.25421958,  0.17239562, -0.2936286 ,
        0.28476502, -0.11887379,  0.04635431,  0.10946836, -0.47911244,
       -0.30824235, -0.34615463, -0.36394174,  0.01343221]) 

Generation: 176 
 - Generation Avg Fit: 4906.529509558224 
 - Best Fitness: 5857.652936204656 
 - Worst Fitness: 0.0
 - Best Solution: array([ 0.15121455, -0.05283206,  0.37465652,  0.43940258, -0.19146388,
       -0.25561445,  0.16059316,  0.05008207, -0.02251364, -0.16948541,
        0.06779852, -0.51441954,  0.111061  , -0.24119246,  0.02725853,
       -0.35900572, -0.38589894,  0.30921071,  0.28457436, -0.42358722,
       -0.02530117,  0.06501788, -0.0072254 ,  0.26904552, -0.1093719 ,
        0.0697272 ,  0.42763601, -0.2483234 , -0.16774362, -0.46884611,
        0.25209676, -0.27278856,  0.15867632,  0.03885615,  0.25289656,
       -0.35696384, -0.09152702,  0.00470154, -0.49800624, -0.30268614,
       -0.11995602,  0.06399905,  0.29604035, -0.13499143,  0.18478845,
        0.25115257,  0.26819054,  0.33242667,  0.30314482, -0.06647416,
        0.36278263, -0.04953791,  0.25421958,  0.17239562, -0.2936286 ,
        0.28476502, -0.11887379,  0.04635431,  0.10946836, -0.47911244,
       -0.30824235, -0.34615463, -0.36394174,  0.01343221]) 

Generation: 177 
 - Generation Avg Fit: 4907.961859943611 
 - Best Fitness: 5874.7934443360555 
 - Worst Fitness: 0.0
 - Best Solution: array([ 0.1532017 , -0.0579121 ,  0.35973116,  0.42129686, -0.17729168,
       -0.2533638 ,  0.15723929,  0.09054189, -0.04976121, -0.1397801 ,
        0.06753996, -0.47167107,  0.09705464, -0.28007412,  0.00760936,
       -0.38062973, -0.38615717,  0.3150447 ,  0.30374612, -0.42090956,
       -0.02768129,  0.06682065,  0.02220586,  0.27723872, -0.10146527,
        0.04579307,  0.43630154, -0.25386495, -0.17341847, -0.44406619,
        0.22701116, -0.27139091,  0.15964041,  0.0729927 ,  0.25194633,
       -0.33941008, -0.08315149,  0.05013866, -0.45363651, -0.32438715,
       -0.12955181,  0.02454605,  0.27493392, -0.13448764,  0.1967985 ,
        0.24924853,  0.25926423,  0.33010083,  0.37513359, -0.05636133,
        0.23318183, -0.05578123,  0.30559832,  0.15052126, -0.27868799,
        0.27759621, -0.11993857,  0.01995686,  0.17015866, -0.47465225,
       -0.31983608, -0.36169454, -0.34825876,  0.02174606]) 

Generation: 178 
 - Generation Avg Fit: 4694.754320228525 
 - Best Fitness: 5910.696181338497 
 - Worst Fitness: 0.0
 - Best Solution: array([ 0.14894952, -0.05661956,  0.36225068,  0.41336572, -0.18433645,
       -0.23829114,  0.18180227,  0.06585865, -0.04436768, -0.14456847,
        0.07094796, -0.45354709,  0.10385976, -0.26123104,  0.02526836,
       -0.38744382, -0.38498892,  0.29920491,  0.29176814, -0.41659108,
       -0.01608143,  0.06185355,  0.01087455,  0.26949109, -0.10977042,
        0.02885728,  0.48397453, -0.24811033, -0.1927924 , -0.43435167,
        0.21873827, -0.27608817,  0.14978342,  0.06533281,  0.23131711,
       -0.35242993, -0.08042483,  0.03119401, -0.45989928, -0.30487002,
       -0.12977931,  0.02441196,  0.28971983, -0.11484234,  0.18810754,
        0.2230923 ,  0.24761307,  0.3266129 ,  0.36343492, -0.04624792,
        0.25104513, -0.04664412,  0.31611856,  0.02680305, -0.26707056,
        0.31223426, -0.14059001,  0.05514491,  0.1666149 , -0.48232981,
       -0.30384523, -0.34267619, -0.35639024,  0.00125525]) 

Generation: 179 
 - Generation Avg Fit: 4877.707925855072 
 - Best Fitness: 5910.696181338497 
 - Worst Fitness: 0.0
 - Best Solution: array([ 0.1532017 , -0.0579121 ,  0.35973116,  0.42129686, -0.17729168,
       -0.2533638 ,  0.15723929,  0.09054189, -0.04976121, -0.1397801 ,
        0.06753996, -0.47167107,  0.09705464, -0.28007412,  0.00760936,
       -0.38062973, -0.38615717,  0.3150447 ,  0.30374612, -0.42090956,
       -0.02768129,  0.06682065,  0.02220586,  0.27723872, -0.10146527,
        0.04579307,  0.43630154, -0.25386495, -0.17341847, -0.44406619,
        0.22701116, -0.27139091,  0.15964041,  0.0729927 ,  0.25194633,
       -0.33941008, -0.08315149,  0.05013866, -0.45363651, -0.32438715,
       -0.12955181,  0.02454605,  0.27493392, -0.13448764,  0.1967985 ,
        0.24924853,  0.25926423,  0.33010083,  0.37513359, -0.05636133,
        0.23318183, -0.05578123,  0.30559832,  0.15052126, -0.27868799,
        0.27759621, -0.11993857,  0.01995686,  0.17015866, -0.47465225,
       -0.31983608, -0.36169454, -0.34825876,  0.02174606]) 

Generation: 180 
 - Generation Avg Fit: 4833.276847413438 
 - Best Fitness: 5910.696181338497 
 - Worst Fitness: 0.0
 - Best Solution: array([ 0.14894952, -0.05661956,  0.36225068,  0.41336572, -0.18433645,
       -0.23829114,  0.18180227,  0.06585865, -0.04436768, -0.14456847,
        0.07094796, -0.45354709,  0.10385976, -0.26123104,  0.02526836,
       -0.38744382, -0.38498892,  0.29920491,  0.29176814, -0.41659108,
       -0.01608143,  0.06185355,  0.01087455,  0.26949109, -0.10977042,
        0.02885728,  0.48397453, -0.24811033, -0.1927924 , -0.43435167,
        0.21873827, -0.27608817,  0.14978342,  0.06533281,  0.23131711,
       -0.35242993, -0.08042483,  0.03119401, -0.45989928, -0.30487002,
       -0.12977931,  0.02441196,  0.28971983, -0.11484234,  0.18810754,
        0.2230923 ,  0.24761307,  0.3266129 ,  0.36343492, -0.04624792,
        0.25104513, -0.04664412,  0.31611856,  0.02680305, -0.26707056,
        0.31223426, -0.14059001,  0.05514491,  0.1666149 , -0.48232981,
       -0.30384523, -0.34267619, -0.35639024,  0.00125525]) 

Generation: 181 
 - Generation Avg Fit: 4968.185181094325 
 - Best Fitness: 5932.921662742566 
 - Worst Fitness: 0.0
 - Best Solution: array([ 0.15947295, -0.05659277,  0.36000369,  0.40789422, -0.20637324,
       -0.24216313,  0.14528235,  0.06563213, -0.05256795, -0.14631988,
        0.05294577, -0.52871966,  0.09429401, -0.26631485,  0.02708946,
       -0.38214862, -0.37491185,  0.30466602,  0.28380267, -0.42102315,
       -0.03725327, -0.06585819,  0.01157687,  0.26829112, -0.07519434,
        0.04157175,  0.43612013, -0.25701664, -0.16993569, -0.4200497 ,
        0.22930008, -0.27534211,  0.16380621,  0.06074379,  0.22200955,
       -0.34367702, -0.07795955,  0.02351681, -0.44795967, -0.29615613,
       -0.15127988,  0.02564183,  0.30389023, -0.11860572,  0.18730248,
        0.21411488,  0.24736923,  0.33266749,  0.35000369, -0.05386192,
        0.24192868, -0.06022235,  0.30791338,  0.01949885, -0.26707056,
        0.32550953, -0.15134696,  0.0338511 ,  0.1656441 , -0.4760732 ,
       -0.30978746, -0.35078358, -0.34828157, -0.00436222]) 

Generation: 182 
 - Generation Avg Fit: 4921.250665493941 
 - Best Fitness: 5932.921662742566 
 - Worst Fitness: 0.0
 - Best Solution: array([ 0.14894952, -0.05661956,  0.36225068,  0.41336572, -0.18433645,
       -0.23829114,  0.18180227,  0.06585865, -0.04436768, -0.14456847,
        0.07094796, -0.45354709,  0.10385976, -0.26123104,  0.02526836,
       -0.38744382, -0.38498892,  0.29920491,  0.29176814, -0.41659108,
       -0.01608143,  0.06185355,  0.01087455,  0.26949109, -0.10977042,
        0.02885728,  0.48397453, -0.24811033, -0.1927924 , -0.43435167,
        0.21873827, -0.27608817,  0.14978342,  0.06533281,  0.23131711,
       -0.35242993, -0.08042483,  0.03119401, -0.45989928, -0.30487002,
       -0.12977931,  0.02441196,  0.28971983, -0.11484234,  0.18810754,
        0.2230923 ,  0.24761307,  0.3266129 ,  0.36343492, -0.04624792,
        0.25104513, -0.04664412,  0.31611856,  0.02680305, -0.26707056,
        0.31223426, -0.14059001,  0.05514491,  0.1666149 , -0.48232981,
       -0.30384523, -0.34267619, -0.35639024,  0.00125525]) 

Generation: 183 
 - Generation Avg Fit: 4946.778112992826 
 - Best Fitness: 5932.921662742566 
 - Worst Fitness: 0.0
 - Best Solution: array([ 0.14213862, -0.06440659,  0.37358138,  0.39913159, -0.20637324,
       -0.24216313,  0.15425155,  0.06769334, -0.05789267, -0.18505773,
        0.05294577, -0.4586397 ,  0.09217398, -0.26377676,  0.02708946,
       -0.33247541, -0.38753205,  0.31964032,  0.29127806, -0.42102315,
       -0.02326857, -0.06555537,  0.01101389,  0.22207379, -0.08529111,
        0.06374322,  0.43612013, -0.27251262, -0.17201874, -0.43717209,
        0.22186222, -0.29517862,  0.16013777,  0.07175713,  0.23669652,
       -0.34367702, -0.08752348,  0.02023688, -0.46236086, -0.32777231,
       -0.12001503,  0.03794274,  0.30116444, -0.14182824,  0.19487747,
        0.21008504,  0.26104908,  0.32625962,  0.29478679, -0.0576971 ,
        0.25157454, -0.04748131,  0.31620184,  0.02094839, -0.26707056,
        0.3199034 , -0.13255708,  0.03068011,  0.1604248 , -0.45892057,
       -0.31023862, -0.3434945 , -0.35246321,  0.00649864]) 

Generation: 184 
 - Generation Avg Fit: 4936.829095391225 
 - Best Fitness: 5932.921662742566 
 - Worst Fitness: 0.0
 - Best Solution: array([ 0.14213862, -0.06440659,  0.37358138,  0.39913159, -0.20637324,
       -0.24216313,  0.15425155,  0.06769334, -0.05789267, -0.18505773,
        0.05294577, -0.4586397 ,  0.09217398, -0.26377676,  0.02708946,
       -0.33247541, -0.38753205,  0.31964032,  0.29127806, -0.42102315,
       -0.02326857, -0.06555537,  0.01101389,  0.22207379, -0.08529111,
        0.06374322,  0.43612013, -0.27251262, -0.17201874, -0.43717209,
        0.22186222, -0.29517862,  0.16013777,  0.07175713,  0.23669652,
       -0.34367702, -0.08752348,  0.02023688, -0.46236086, -0.32777231,
       -0.12001503,  0.03794274,  0.30116444, -0.14182824,  0.19487747,
        0.21008504,  0.26104908,  0.32625962,  0.29478679, -0.0576971 ,
        0.25157454, -0.04748131,  0.31620184,  0.02094839, -0.26707056,
        0.3199034 , -0.13255708,  0.03068011,  0.1604248 , -0.45892057,
       -0.31023862, -0.3434945 , -0.35246321,  0.00649864]) 

Generation: 185 
 - Generation Avg Fit: 4865.527839366384 
 - Best Fitness: 5932.921662742566 
 - Worst Fitness: 0.0
 - Best Solution: array([ 0.14213862, -0.06440659,  0.37358138,  0.39913159, -0.20637324,
       -0.24216313,  0.15425155,  0.06769334, -0.05789267, -0.18505773,
        0.05294577, -0.4586397 ,  0.09217398, -0.26377676,  0.02708946,
       -0.33247541, -0.38753205,  0.31964032,  0.29127806, -0.42102315,
       -0.02326857, -0.06555537,  0.01101389,  0.22207379, -0.08529111,
        0.06374322,  0.43612013, -0.27251262, -0.17201874, -0.43717209,
        0.22186222, -0.29517862,  0.16013777,  0.07175713,  0.23669652,
       -0.34367702, -0.08752348,  0.02023688, -0.46236086, -0.32777231,
       -0.12001503,  0.03794274,  0.30116444, -0.14182824,  0.19487747,
        0.21008504,  0.26104908,  0.32625962,  0.29478679, -0.0576971 ,
        0.25157454, -0.04748131,  0.31620184,  0.02094839, -0.26707056,
        0.3199034 , -0.13255708,  0.03068011,  0.1604248 , -0.45892057,
       -0.31023862, -0.3434945 , -0.35246321,  0.00649864]) 

Generation: 186 
 - Generation Avg Fit: 4849.935691489327 
 - Best Fitness: 5932.921662742566 
 - Worst Fitness: 0.0
 - Best Solution: array([ 0.14213862, -0.06440659,  0.37358138,  0.39913159, -0.20637324,
       -0.24216313,  0.15425155,  0.06769334, -0.05789267, -0.18505773,
        0.05294577, -0.4586397 ,  0.09217398, -0.26377676,  0.02708946,
       -0.33247541, -0.38753205,  0.31964032,  0.29127806, -0.42102315,
       -0.02326857, -0.06555537,  0.01101389,  0.22207379, -0.08529111,
        0.06374322,  0.43612013, -0.27251262, -0.17201874, -0.43717209,
        0.22186222, -0.29517862,  0.16013777,  0.07175713,  0.23669652,
       -0.34367702, -0.08752348,  0.02023688, -0.46236086, -0.32777231,
       -0.12001503,  0.03794274,  0.30116444, -0.14182824,  0.19487747,
        0.21008504,  0.26104908,  0.32625962,  0.29478679, -0.0576971 ,
        0.25157454, -0.04748131,  0.31620184,  0.02094839, -0.26707056,
        0.3199034 , -0.13255708,  0.03068011,  0.1604248 , -0.45892057,
       -0.31023862, -0.3434945 , -0.35246321,  0.00649864]) 

Generation: 187 
 - Generation Avg Fit: 4802.861133347135 
 - Best Fitness: 5932.921662742566 
 - Worst Fitness: 0.0
 - Best Solution: array([ 0.14213862, -0.06440659,  0.37358138,  0.39913159, -0.20637324,
       -0.24216313,  0.15425155,  0.06769334, -0.05789267, -0.18505773,
        0.05294577, -0.4586397 ,  0.09217398, -0.26377676,  0.02708946,
       -0.33247541, -0.38753205,  0.31964032,  0.29127806, -0.42102315,
       -0.02326857, -0.06555537,  0.01101389,  0.22207379, -0.08529111,
        0.06374322,  0.43612013, -0.27251262, -0.17201874, -0.43717209,
        0.22186222, -0.29517862,  0.16013777,  0.07175713,  0.23669652,
       -0.34367702, -0.08752348,  0.02023688, -0.46236086, -0.32777231,
       -0.12001503,  0.03794274,  0.30116444, -0.14182824,  0.19487747,
        0.21008504,  0.26104908,  0.32625962,  0.29478679, -0.0576971 ,
        0.25157454, -0.04748131,  0.31620184,  0.02094839, -0.26707056,
        0.3199034 , -0.13255708,  0.03068011,  0.1604248 , -0.45892057,
       -0.31023862, -0.3434945 , -0.35246321,  0.00649864]) 

Generation: 188 
 - Generation Avg Fit: 5010.146739354367 
 - Best Fitness: 5932.921662742566 
 - Worst Fitness: 0.0
 - Best Solution: array([ 0.14213862, -0.06440659,  0.37358138,  0.39913159, -0.20637324,
       -0.24216313,  0.15425155,  0.06769334, -0.05789267, -0.18505773,
        0.05294577, -0.4586397 ,  0.09217398, -0.26377676,  0.02708946,
       -0.33247541, -0.38753205,  0.31964032,  0.29127806, -0.42102315,
       -0.02326857, -0.06555537,  0.01101389,  0.22207379, -0.08529111,
        0.06374322,  0.43612013, -0.27251262, -0.17201874, -0.43717209,
        0.22186222, -0.29517862,  0.16013777,  0.07175713,  0.23669652,
       -0.34367702, -0.08752348,  0.02023688, -0.46236086, -0.32777231,
       -0.12001503,  0.03794274,  0.30116444, -0.14182824,  0.19487747,
        0.21008504,  0.26104908,  0.32625962,  0.29478679, -0.0576971 ,
        0.25157454, -0.04748131,  0.31620184,  0.02094839, -0.26707056,
        0.3199034 , -0.13255708,  0.03068011,  0.1604248 , -0.45892057,
       -0.31023862, -0.3434945 , -0.35246321,  0.00649864]) 

Generation: 189 
 - Generation Avg Fit: 4938.138293090744 
 - Best Fitness: 5932.921662742566 
 - Worst Fitness: 0.0
 - Best Solution: array([ 0.14213862, -0.06440659,  0.37358138,  0.39913159, -0.20637324,
       -0.24216313,  0.15425155,  0.06769334, -0.05789267, -0.18505773,
        0.05294577, -0.4586397 ,  0.09217398, -0.26377676,  0.02708946,
       -0.33247541, -0.38753205,  0.31964032,  0.29127806, -0.42102315,
       -0.02326857, -0.06555537,  0.01101389,  0.22207379, -0.08529111,
        0.06374322,  0.43612013, -0.27251262, -0.17201874, -0.43717209,
        0.22186222, -0.29517862,  0.16013777,  0.07175713,  0.23669652,
       -0.34367702, -0.08752348,  0.02023688, -0.46236086, -0.32777231,
       -0.12001503,  0.03794274,  0.30116444, -0.14182824,  0.19487747,
        0.21008504,  0.26104908,  0.32625962,  0.29478679, -0.0576971 ,
        0.25157454, -0.04748131,  0.31620184,  0.02094839, -0.26707056,
        0.3199034 , -0.13255708,  0.03068011,  0.1604248 , -0.45892057,
       -0.31023862, -0.3434945 , -0.35246321,  0.00649864]) 

Generation: 190 
 - Generation Avg Fit: 4856.607785764441 
 - Best Fitness: 5932.921662742566 
 - Worst Fitness: 0.0
 - Best Solution: array([ 0.14213862, -0.06440659,  0.37358138,  0.39913159, -0.20637324,
       -0.24216313,  0.15425155,  0.06769334, -0.05789267, -0.18505773,
        0.05294577, -0.4586397 ,  0.09217398, -0.26377676,  0.02708946,
       -0.33247541, -0.38753205,  0.31964032,  0.29127806, -0.42102315,
       -0.02326857, -0.06555537,  0.01101389,  0.22207379, -0.08529111,
        0.06374322,  0.43612013, -0.27251262, -0.17201874, -0.43717209,
        0.22186222, -0.29517862,  0.16013777,  0.07175713,  0.23669652,
       -0.34367702, -0.08752348,  0.02023688, -0.46236086, -0.32777231,
       -0.12001503,  0.03794274,  0.30116444, -0.14182824,  0.19487747,
        0.21008504,  0.26104908,  0.32625962,  0.29478679, -0.0576971 ,
        0.25157454, -0.04748131,  0.31620184,  0.02094839, -0.26707056,
        0.3199034 , -0.13255708,  0.03068011,  0.1604248 , -0.45892057,
       -0.31023862, -0.3434945 , -0.35246321,  0.00649864]) 

Generation: 191 
 - Generation Avg Fit: 4723.863571028113 
 - Best Fitness: 5932.921662742566 
 - Worst Fitness: 0.0
 - Best Solution: array([ 0.14213862, -0.06440659,  0.37358138,  0.39913159, -0.20637324,
       -0.24216313,  0.15425155,  0.06769334, -0.05789267, -0.18505773,
        0.05294577, -0.4586397 ,  0.09217398, -0.26377676,  0.02708946,
       -0.33247541, -0.38753205,  0.31964032,  0.29127806, -0.42102315,
       -0.02326857, -0.06555537,  0.01101389,  0.22207379, -0.08529111,
        0.06374322,  0.43612013, -0.27251262, -0.17201874, -0.43717209,
        0.22186222, -0.29517862,  0.16013777,  0.07175713,  0.23669652,
       -0.34367702, -0.08752348,  0.02023688, -0.46236086, -0.32777231,
       -0.12001503,  0.03794274,  0.30116444, -0.14182824,  0.19487747,
        0.21008504,  0.26104908,  0.32625962,  0.29478679, -0.0576971 ,
        0.25157454, -0.04748131,  0.31620184,  0.02094839, -0.26707056,
        0.3199034 , -0.13255708,  0.03068011,  0.1604248 , -0.45892057,
       -0.31023862, -0.3434945 , -0.35246321,  0.00649864]) 

Generation: 192 
 - Generation Avg Fit: 4770.894212143566 
 - Best Fitness: 6047.54774171314 
 - Worst Fitness: 0.0
 - Best Solution: array([ 0.15146904, -0.0579121 ,  0.34382079,  0.41284531, -0.16230461,
       -0.26052671,  0.18646066,  0.07460453, -0.0689907 , -0.13674418,
        0.04702584, -0.47640142,  0.07701801, -0.28007412,  0.01545385,
       -0.37871118, -0.3816224 ,  0.32019207,  0.2744305 , -0.415458  ,
       -0.02115488, -0.06842935,  0.01318868,  0.23793748, -0.11373115,
        0.02108016,  0.47797607, -0.25583724, -0.15477188, -0.4264671 ,
        0.23138788, -0.27298655,  0.15577093,  0.06650943,  0.23669652,
       -0.33917916, -0.09122013,  0.00719634, -0.44872077, -0.30791891,
       -0.12179112,  0.02061035,  0.27270051, -0.12307073,  0.17632993,
        0.22760537,  0.24280098,  0.31736007,  0.31544621, -0.04530562,
        0.22777044, -0.04131383,  0.30275839,  0.0240034 , -0.27158162,
        0.31845753, -0.14138914,  0.05455477,  0.17226274, -0.51673532,
       -0.31644181, -0.35614322, -0.37503163,  0.01370791]) 

Generation: 193 
 - Generation Avg Fit: 4689.986471482513 
 - Best Fitness: 6047.54774171314 
 - Worst Fitness: 0.0
 - Best Solution: array([ 0.14213862, -0.06440659,  0.37358138,  0.39913159, -0.20637324,
       -0.24216313,  0.15425155,  0.06769334, -0.05789267, -0.18505773,
        0.05294577, -0.4586397 ,  0.09217398, -0.26377676,  0.02708946,
       -0.33247541, -0.38753205,  0.31964032,  0.29127806, -0.42102315,
       -0.02326857, -0.06555537,  0.01101389,  0.22207379, -0.08529111,
        0.06374322,  0.43612013, -0.27251262, -0.17201874, -0.43717209,
        0.22186222, -0.29517862,  0.16013777,  0.07175713,  0.23669652,
       -0.34367702, -0.08752348,  0.02023688, -0.46236086, -0.32777231,
       -0.12001503,  0.03794274,  0.30116444, -0.14182824,  0.19487747,
        0.21008504,  0.26104908,  0.32625962,  0.29478679, -0.0576971 ,
        0.25157454, -0.04748131,  0.31620184,  0.02094839, -0.26707056,
        0.3199034 , -0.13255708,  0.03068011,  0.1604248 , -0.45892057,
       -0.31023862, -0.3434945 , -0.35246321,  0.00649864]) 

Generation: 194 
 - Generation Avg Fit: 4648.474929280747 
 - Best Fitness: 6047.54774171314 
 - Worst Fitness: 0.0
 - Best Solution: array([ 0.15146904, -0.0579121 ,  0.34382079,  0.41284531, -0.16230461,
       -0.26052671,  0.18646066,  0.07460453, -0.0689907 , -0.13674418,
        0.04702584, -0.47640142,  0.07701801, -0.28007412,  0.01545385,
       -0.37871118, -0.3816224 ,  0.32019207,  0.2744305 , -0.415458  ,
       -0.02115488, -0.06842935,  0.01318868,  0.23793748, -0.11373115,
        0.02108016,  0.47797607, -0.25583724, -0.15477188, -0.4264671 ,
        0.23138788, -0.27298655,  0.15577093,  0.06650943,  0.23669652,
       -0.33917916, -0.09122013,  0.00719634, -0.44872077, -0.30791891,
       -0.12179112,  0.02061035,  0.27270051, -0.12307073,  0.17632993,
        0.22760537,  0.24280098,  0.31736007,  0.31544621, -0.04530562,
        0.22777044, -0.04131383,  0.30275839,  0.0240034 , -0.27158162,
        0.31845753, -0.14138914,  0.05455477,  0.17226274, -0.51673532,
       -0.31644181, -0.35614322, -0.37503163,  0.01370791]) 

Generation: 195 
 - Generation Avg Fit: 4827.8172390311875 
 - Best Fitness: 6047.54774171314 
 - Worst Fitness: 0.0
 - Best Solution: array([ 0.15146904, -0.0579121 ,  0.34382079,  0.41284531, -0.16230461,
       -0.26052671,  0.18646066,  0.07460453, -0.0689907 , -0.13674418,
        0.04702584, -0.47640142,  0.07701801, -0.28007412,  0.01545385,
       -0.37871118, -0.3816224 ,  0.32019207,  0.2744305 , -0.415458  ,
       -0.02115488, -0.06842935,  0.01318868,  0.23793748, -0.11373115,
        0.02108016,  0.47797607, -0.25583724, -0.15477188, -0.4264671 ,
        0.23138788, -0.27298655,  0.15577093,  0.06650943,  0.23669652,
       -0.33917916, -0.09122013,  0.00719634, -0.44872077, -0.30791891,
       -0.12179112,  0.02061035,  0.27270051, -0.12307073,  0.17632993,
        0.22760537,  0.24280098,  0.31736007,  0.31544621, -0.04530562,
        0.22777044, -0.04131383,  0.30275839,  0.0240034 , -0.27158162,
        0.31845753, -0.14138914,  0.05455477,  0.17226274, -0.51673532,
       -0.31644181, -0.35614322, -0.37503163,  0.01370791]) 

Generation: 196 
 - Generation Avg Fit: 4693.802888267854 
 - Best Fitness: 6047.54774171314 
 - Worst Fitness: 0.0
 - Best Solution: array([ 0.15146904, -0.0579121 ,  0.34382079,  0.41284531, -0.16230461,
       -0.26052671,  0.18646066,  0.07460453, -0.0689907 , -0.13674418,
        0.04702584, -0.47640142,  0.07701801, -0.28007412,  0.01545385,
       -0.37871118, -0.3816224 ,  0.32019207,  0.2744305 , -0.415458  ,
       -0.02115488, -0.06842935,  0.01318868,  0.23793748, -0.11373115,
        0.02108016,  0.47797607, -0.25583724, -0.15477188, -0.4264671 ,
        0.23138788, -0.27298655,  0.15577093,  0.06650943,  0.23669652,
       -0.33917916, -0.09122013,  0.00719634, -0.44872077, -0.30791891,
       -0.12179112,  0.02061035,  0.27270051, -0.12307073,  0.17632993,
        0.22760537,  0.24280098,  0.31736007,  0.31544621, -0.04530562,
        0.22777044, -0.04131383,  0.30275839,  0.0240034 , -0.27158162,
        0.31845753, -0.14138914,  0.05455477,  0.17226274, -0.51673532,
       -0.31644181, -0.35614322, -0.37503163,  0.01370791]) 

Generation: 197 
 - Generation Avg Fit: 4841.105960010243 
 - Best Fitness: 6047.54774171314 
 - Worst Fitness: 0.0
 - Best Solution: array([ 0.15146904, -0.0579121 ,  0.34382079,  0.41284531, -0.16230461,
       -0.26052671,  0.18646066,  0.07460453, -0.0689907 , -0.13674418,
        0.04702584, -0.47640142,  0.07701801, -0.28007412,  0.01545385,
       -0.37871118, -0.3816224 ,  0.32019207,  0.2744305 , -0.415458  ,
       -0.02115488, -0.06842935,  0.01318868,  0.23793748, -0.11373115,
        0.02108016,  0.47797607, -0.25583724, -0.15477188, -0.4264671 ,
        0.23138788, -0.27298655,  0.15577093,  0.06650943,  0.23669652,
       -0.33917916, -0.09122013,  0.00719634, -0.44872077, -0.30791891,
       -0.12179112,  0.02061035,  0.27270051, -0.12307073,  0.17632993,
        0.22760537,  0.24280098,  0.31736007,  0.31544621, -0.04530562,
        0.22777044, -0.04131383,  0.30275839,  0.0240034 , -0.27158162,
        0.31845753, -0.14138914,  0.05455477,  0.17226274, -0.51673532,
       -0.31644181, -0.35614322, -0.37503163,  0.01370791]) 

Generation: 198 
 - Generation Avg Fit: 4750.893497114844 
 - Best Fitness: 6047.54774171314 
 - Worst Fitness: 0.0
 - Best Solution: array([ 0.15146904, -0.0579121 ,  0.34382079,  0.41284531, -0.16230461,
       -0.26052671,  0.18646066,  0.07460453, -0.0689907 , -0.13674418,
        0.04702584, -0.47640142,  0.07701801, -0.28007412,  0.01545385,
       -0.37871118, -0.3816224 ,  0.32019207,  0.2744305 , -0.415458  ,
       -0.02115488, -0.06842935,  0.01318868,  0.23793748, -0.11373115,
        0.02108016,  0.47797607, -0.25583724, -0.15477188, -0.4264671 ,
        0.23138788, -0.27298655,  0.15577093,  0.06650943,  0.23669652,
       -0.33917916, -0.09122013,  0.00719634, -0.44872077, -0.30791891,
       -0.12179112,  0.02061035,  0.27270051, -0.12307073,  0.17632993,
        0.22760537,  0.24280098,  0.31736007,  0.31544621, -0.04530562,
        0.22777044, -0.04131383,  0.30275839,  0.0240034 , -0.27158162,
        0.31845753, -0.14138914,  0.05455477,  0.17226274, -0.51673532,
       -0.31644181, -0.35614322, -0.37503163,  0.01370791]) 

Generation: 199 
 - Generation Avg Fit: 4666.292799428516 
 - Best Fitness: 6077.895990066661 
 - Worst Fitness: 0.0
 - Best Solution: array([ 0.14770446, -0.07021852,  0.37241115,  0.40814024, -0.1956073 ,
       -0.23752868,  0.15425155,  0.07393085, -0.0497901 , -0.14215818,
        0.05594981, -0.53346463,  0.09217398, -0.25484126,  0.02135494,
       -0.33247541, -0.38753205,  0.3068129 ,  0.28409018, -0.41933262,
       -0.01052311, -0.06053749, -0.00678373,  0.2831559 , -0.08529111,
        0.06374322,  0.43612013, -0.24162432, -0.18150024, -0.43717209,
        0.23145453, -0.29517862,  0.15924851,  0.05542395,  0.23226921,
       -0.34367702, -0.09431453,  0.01459268, -0.46236086, -0.29487914,
       -0.16928676,  0.04859276,  0.30769012, -0.14182824,  0.1856931 ,
        0.25186664,  0.2519788 ,  0.30749277,  0.35067624, -0.0576971 ,
        0.25305632, -0.04718979,  0.31620184, -0.00876273, -0.26707056,
        0.33018163, -0.14580341,  0.0355607 ,  0.15288286, -0.45154583,
       -0.30988985, -0.34836348, -0.35737768,  0.01341444]) 

Generation: 200 
 - Generation Avg Fit: 4677.402121760204 
 - Best Fitness: 6077.895990066661 
 - Worst Fitness: 0.0
 - Best Solution: array([ 0.15146904, -0.0579121 ,  0.34382079,  0.41284531, -0.16230461,
       -0.26052671,  0.18646066,  0.07460453, -0.0689907 , -0.13674418,
        0.04702584, -0.47640142,  0.07701801, -0.28007412,  0.01545385,
       -0.37871118, -0.3816224 ,  0.32019207,  0.2744305 , -0.415458  ,
       -0.02115488, -0.06842935,  0.01318868,  0.23793748, -0.11373115,
        0.02108016,  0.47797607, -0.25583724, -0.15477188, -0.4264671 ,
        0.23138788, -0.27298655,  0.15577093,  0.06650943,  0.23669652,
       -0.33917916, -0.09122013,  0.00719634, -0.44872077, -0.30791891,
       -0.12179112,  0.02061035,  0.27270051, -0.12307073,  0.17632993,
        0.22760537,  0.24280098,  0.31736007,  0.31544621, -0.04530562,
        0.22777044, -0.04131383,  0.30275839,  0.0240034 , -0.27158162,
        0.31845753, -0.14138914,  0.05455477,  0.17226274, -0.51673532,
       -0.31644181, -0.35614322, -0.37503163,  0.01370791]) 

Generation: 201 
 - Generation Avg Fit: 4684.543276887379 
 - Best Fitness: 6077.895990066661 
 - Worst Fitness: 0.0
 - Best Solution: array([ 0.14770446, -0.07021852,  0.37241115,  0.40814024, -0.1956073 ,
       -0.23752868,  0.15425155,  0.07393085, -0.0497901 , -0.14215818,
        0.05594981, -0.53346463,  0.09217398, -0.25484126,  0.02135494,
       -0.33247541, -0.38753205,  0.3068129 ,  0.28409018, -0.41933262,
       -0.01052311, -0.06053749, -0.00678373,  0.2831559 , -0.08529111,
        0.06374322,  0.43612013, -0.24162432, -0.18150024, -0.43717209,
        0.23145453, -0.29517862,  0.15924851,  0.05542395,  0.23226921,
       -0.34367702, -0.09431453,  0.01459268, -0.46236086, -0.29487914,
       -0.16928676,  0.04859276,  0.30769012, -0.14182824,  0.1856931 ,
        0.25186664,  0.2519788 ,  0.30749277,  0.35067624, -0.0576971 ,
        0.25305632, -0.04718979,  0.31620184, -0.00876273, -0.26707056,
        0.33018163, -0.14580341,  0.0355607 ,  0.15288286, -0.45154583,
       -0.30988985, -0.34836348, -0.35737768,  0.01341444]) 

Generation: 202 
 - Generation Avg Fit: 4843.983891801919 
 - Best Fitness: 6077.895990066661 
 - Worst Fitness: 0.0
 - Best Solution: array([ 0.14770446, -0.07021852,  0.37241115,  0.40814024, -0.1956073 ,
       -0.23752868,  0.15425155,  0.07393085, -0.0497901 , -0.14215818,
        0.05594981, -0.53346463,  0.09217398, -0.25484126,  0.02135494,
       -0.33247541, -0.38753205,  0.3068129 ,  0.28409018, -0.41933262,
       -0.01052311, -0.06053749, -0.00678373,  0.2831559 , -0.08529111,
        0.06374322,  0.43612013, -0.24162432, -0.18150024, -0.43717209,
        0.23145453, -0.29517862,  0.15924851,  0.05542395,  0.23226921,
       -0.34367702, -0.09431453,  0.01459268, -0.46236086, -0.29487914,
       -0.16928676,  0.04859276,  0.30769012, -0.14182824,  0.1856931 ,
        0.25186664,  0.2519788 ,  0.30749277,  0.35067624, -0.0576971 ,
        0.25305632, -0.04718979,  0.31620184, -0.00876273, -0.26707056,
        0.33018163, -0.14580341,  0.0355607 ,  0.15288286, -0.45154583,
       -0.30988985, -0.34836348, -0.35737768,  0.01341444]) 

Generation: 203 
 - Generation Avg Fit: 4994.952197969638 
 - Best Fitness: 6077.895990066661 
 - Worst Fitness: 0.0
 - Best Solution: array([ 0.14770446, -0.07021852,  0.37241115,  0.40814024, -0.1956073 ,
       -0.23752868,  0.15425155,  0.07393085, -0.0497901 , -0.14215818,
        0.05594981, -0.53346463,  0.09217398, -0.25484126,  0.02135494,
       -0.33247541, -0.38753205,  0.3068129 ,  0.28409018, -0.41933262,
       -0.01052311, -0.06053749, -0.00678373,  0.2831559 , -0.08529111,
        0.06374322,  0.43612013, -0.24162432, -0.18150024, -0.43717209,
        0.23145453, -0.29517862,  0.15924851,  0.05542395,  0.23226921,
       -0.34367702, -0.09431453,  0.01459268, -0.46236086, -0.29487914,
       -0.16928676,  0.04859276,  0.30769012, -0.14182824,  0.1856931 ,
        0.25186664,  0.2519788 ,  0.30749277,  0.35067624, -0.0576971 ,
        0.25305632, -0.04718979,  0.31620184, -0.00876273, -0.26707056,
        0.33018163, -0.14580341,  0.0355607 ,  0.15288286, -0.45154583,
       -0.30988985, -0.34836348, -0.35737768,  0.01341444]) 

Generation: 204 
 - Generation Avg Fit: 4686.755466759805 
 - Best Fitness: 6077.895990066661 
 - Worst Fitness: 0.0
 - Best Solution: array([ 0.14770446, -0.07021852,  0.37241115,  0.40814024, -0.1956073 ,
       -0.23752868,  0.15425155,  0.07393085, -0.0497901 , -0.14215818,
        0.05594981, -0.53346463,  0.09217398, -0.25484126,  0.02135494,
       -0.33247541, -0.38753205,  0.3068129 ,  0.28409018, -0.41933262,
       -0.01052311, -0.06053749, -0.00678373,  0.2831559 , -0.08529111,
        0.06374322,  0.43612013, -0.24162432, -0.18150024, -0.43717209,
        0.23145453, -0.29517862,  0.15924851,  0.05542395,  0.23226921,
       -0.34367702, -0.09431453,  0.01459268, -0.46236086, -0.29487914,
       -0.16928676,  0.04859276,  0.30769012, -0.14182824,  0.1856931 ,
        0.25186664,  0.2519788 ,  0.30749277,  0.35067624, -0.0576971 ,
        0.25305632, -0.04718979,  0.31620184, -0.00876273, -0.26707056,
        0.33018163, -0.14580341,  0.0355607 ,  0.15288286, -0.45154583,
       -0.30988985, -0.34836348, -0.35737768,  0.01341444]) 

Generation: 205 
 - Generation Avg Fit: 4889.145519210887 
 - Best Fitness: 6077.895990066661 
 - Worst Fitness: 0.0
 - Best Solution: array([ 0.14770446, -0.07021852,  0.37241115,  0.40814024, -0.1956073 ,
       -0.23752868,  0.15425155,  0.07393085, -0.0497901 , -0.14215818,
        0.05594981, -0.53346463,  0.09217398, -0.25484126,  0.02135494,
       -0.33247541, -0.38753205,  0.3068129 ,  0.28409018, -0.41933262,
       -0.01052311, -0.06053749, -0.00678373,  0.2831559 , -0.08529111,
        0.06374322,  0.43612013, -0.24162432, -0.18150024, -0.43717209,
        0.23145453, -0.29517862,  0.15924851,  0.05542395,  0.23226921,
       -0.34367702, -0.09431453,  0.01459268, -0.46236086, -0.29487914,
       -0.16928676,  0.04859276,  0.30769012, -0.14182824,  0.1856931 ,
        0.25186664,  0.2519788 ,  0.30749277,  0.35067624, -0.0576971 ,
        0.25305632, -0.04718979,  0.31620184, -0.00876273, -0.26707056,
        0.33018163, -0.14580341,  0.0355607 ,  0.15288286, -0.45154583,
       -0.30988985, -0.34836348, -0.35737768,  0.01341444]) 

Generation: 206 
 - Generation Avg Fit: 4948.020633206053 
 - Best Fitness: 6077.895990066661 
 - Worst Fitness: 0.0
 - Best Solution: array([ 0.14770446, -0.07021852,  0.37241115,  0.40814024, -0.1956073 ,
       -0.23752868,  0.15425155,  0.07393085, -0.0497901 , -0.14215818,
        0.05594981, -0.53346463,  0.09217398, -0.25484126,  0.02135494,
       -0.33247541, -0.38753205,  0.3068129 ,  0.28409018, -0.41933262,
       -0.01052311, -0.06053749, -0.00678373,  0.2831559 , -0.08529111,
        0.06374322,  0.43612013, -0.24162432, -0.18150024, -0.43717209,
        0.23145453, -0.29517862,  0.15924851,  0.05542395,  0.23226921,
       -0.34367702, -0.09431453,  0.01459268, -0.46236086, -0.29487914,
       -0.16928676,  0.04859276,  0.30769012, -0.14182824,  0.1856931 ,
        0.25186664,  0.2519788 ,  0.30749277,  0.35067624, -0.0576971 ,
        0.25305632, -0.04718979,  0.31620184, -0.00876273, -0.26707056,
        0.33018163, -0.14580341,  0.0355607 ,  0.15288286, -0.45154583,
       -0.30988985, -0.34836348, -0.35737768,  0.01341444]) 

Generation: 207 
 - Generation Avg Fit: 4771.828589425492 
 - Best Fitness: 6077.895990066661 
 - Worst Fitness: 0.0
 - Best Solution: array([ 0.14770446, -0.07021852,  0.37241115,  0.40814024, -0.1956073 ,
       -0.23752868,  0.15425155,  0.07393085, -0.0497901 , -0.14215818,
        0.05594981, -0.53346463,  0.09217398, -0.25484126,  0.02135494,
       -0.33247541, -0.38753205,  0.3068129 ,  0.28409018, -0.41933262,
       -0.01052311, -0.06053749, -0.00678373,  0.2831559 , -0.08529111,
        0.06374322,  0.43612013, -0.24162432, -0.18150024, -0.43717209,
        0.23145453, -0.29517862,  0.15924851,  0.05542395,  0.23226921,
       -0.34367702, -0.09431453,  0.01459268, -0.46236086, -0.29487914,
       -0.16928676,  0.04859276,  0.30769012, -0.14182824,  0.1856931 ,
        0.25186664,  0.2519788 ,  0.30749277,  0.35067624, -0.0576971 ,
        0.25305632, -0.04718979,  0.31620184, -0.00876273, -0.26707056,
        0.33018163, -0.14580341,  0.0355607 ,  0.15288286, -0.45154583,
       -0.30988985, -0.34836348, -0.35737768,  0.01341444]) 

Generation: 208 
 - Generation Avg Fit: 4797.3349367509745 
 - Best Fitness: 6077.895990066661 
 - Worst Fitness: 0.0
 - Best Solution: array([ 0.14770446, -0.07021852,  0.37241115,  0.40814024, -0.1956073 ,
       -0.23752868,  0.15425155,  0.07393085, -0.0497901 , -0.14215818,
        0.05594981, -0.53346463,  0.09217398, -0.25484126,  0.02135494,
       -0.33247541, -0.38753205,  0.3068129 ,  0.28409018, -0.41933262,
       -0.01052311, -0.06053749, -0.00678373,  0.2831559 , -0.08529111,
        0.06374322,  0.43612013, -0.24162432, -0.18150024, -0.43717209,
        0.23145453, -0.29517862,  0.15924851,  0.05542395,  0.23226921,
       -0.34367702, -0.09431453,  0.01459268, -0.46236086, -0.29487914,
       -0.16928676,  0.04859276,  0.30769012, -0.14182824,  0.1856931 ,
        0.25186664,  0.2519788 ,  0.30749277,  0.35067624, -0.0576971 ,
        0.25305632, -0.04718979,  0.31620184, -0.00876273, -0.26707056,
        0.33018163, -0.14580341,  0.0355607 ,  0.15288286, -0.45154583,
       -0.30988985, -0.34836348, -0.35737768,  0.01341444]) 

Generation: 209 
 - Generation Avg Fit: 4815.140913757268 
 - Best Fitness: 6077.895990066661 
 - Worst Fitness: 0.0
 - Best Solution: array([ 0.14770446, -0.07021852,  0.37241115,  0.40814024, -0.1956073 ,
       -0.23752868,  0.15425155,  0.07393085, -0.0497901 , -0.14215818,
        0.05594981, -0.53346463,  0.09217398, -0.25484126,  0.02135494,
       -0.33247541, -0.38753205,  0.3068129 ,  0.28409018, -0.41933262,
       -0.01052311, -0.06053749, -0.00678373,  0.2831559 , -0.08529111,
        0.06374322,  0.43612013, -0.24162432, -0.18150024, -0.43717209,
        0.23145453, -0.29517862,  0.15924851,  0.05542395,  0.23226921,
       -0.34367702, -0.09431453,  0.01459268, -0.46236086, -0.29487914,
       -0.16928676,  0.04859276,  0.30769012, -0.14182824,  0.1856931 ,
        0.25186664,  0.2519788 ,  0.30749277,  0.35067624, -0.0576971 ,
        0.25305632, -0.04718979,  0.31620184, -0.00876273, -0.26707056,
        0.33018163, -0.14580341,  0.0355607 ,  0.15288286, -0.45154583,
       -0.30988985, -0.34836348, -0.35737768,  0.01341444]) 

Generation: 210 
 - Generation Avg Fit: 5096.270754351213 
 - Best Fitness: 6077.895990066661 
 - Worst Fitness: 0.0
 - Best Solution: array([ 0.14770446, -0.07021852,  0.37241115,  0.40814024, -0.1956073 ,
       -0.23752868,  0.15425155,  0.07393085, -0.0497901 , -0.14215818,
        0.05594981, -0.53346463,  0.09217398, -0.25484126,  0.02135494,
       -0.33247541, -0.38753205,  0.3068129 ,  0.28409018, -0.41933262,
       -0.01052311, -0.06053749, -0.00678373,  0.2831559 , -0.08529111,
        0.06374322,  0.43612013, -0.24162432, -0.18150024, -0.43717209,
        0.23145453, -0.29517862,  0.15924851,  0.05542395,  0.23226921,
       -0.34367702, -0.09431453,  0.01459268, -0.46236086, -0.29487914,
       -0.16928676,  0.04859276,  0.30769012, -0.14182824,  0.1856931 ,
        0.25186664,  0.2519788 ,  0.30749277,  0.35067624, -0.0576971 ,
        0.25305632, -0.04718979,  0.31620184, -0.00876273, -0.26707056,
        0.33018163, -0.14580341,  0.0355607 ,  0.15288286, -0.45154583,
       -0.30988985, -0.34836348, -0.35737768,  0.01341444]) 

Generation: 211 
 - Generation Avg Fit: 4934.923232521921 
 - Best Fitness: 6077.895990066661 
 - Worst Fitness: 0.0
 - Best Solution: array([ 0.14770446, -0.07021852,  0.37241115,  0.40814024, -0.1956073 ,
       -0.23752868,  0.15425155,  0.07393085, -0.0497901 , -0.14215818,
        0.05594981, -0.53346463,  0.09217398, -0.25484126,  0.02135494,
       -0.33247541, -0.38753205,  0.3068129 ,  0.28409018, -0.41933262,
       -0.01052311, -0.06053749, -0.00678373,  0.2831559 , -0.08529111,
        0.06374322,  0.43612013, -0.24162432, -0.18150024, -0.43717209,
        0.23145453, -0.29517862,  0.15924851,  0.05542395,  0.23226921,
       -0.34367702, -0.09431453,  0.01459268, -0.46236086, -0.29487914,
       -0.16928676,  0.04859276,  0.30769012, -0.14182824,  0.1856931 ,
        0.25186664,  0.2519788 ,  0.30749277,  0.35067624, -0.0576971 ,
        0.25305632, -0.04718979,  0.31620184, -0.00876273, -0.26707056,
        0.33018163, -0.14580341,  0.0355607 ,  0.15288286, -0.45154583,
       -0.30988985, -0.34836348, -0.35737768,  0.01341444]) 

Generation: 212 
 - Generation Avg Fit: 4775.97253067085 
 - Best Fitness: 6077.895990066661 
 - Worst Fitness: 0.0
 - Best Solution: array([ 0.14770446, -0.07021852,  0.37241115,  0.40814024, -0.1956073 ,
       -0.23752868,  0.15425155,  0.07393085, -0.0497901 , -0.14215818,
        0.05594981, -0.53346463,  0.09217398, -0.25484126,  0.02135494,
       -0.33247541, -0.38753205,  0.3068129 ,  0.28409018, -0.41933262,
       -0.01052311, -0.06053749, -0.00678373,  0.2831559 , -0.08529111,
        0.06374322,  0.43612013, -0.24162432, -0.18150024, -0.43717209,
        0.23145453, -0.29517862,  0.15924851,  0.05542395,  0.23226921,
       -0.34367702, -0.09431453,  0.01459268, -0.46236086, -0.29487914,
       -0.16928676,  0.04859276,  0.30769012, -0.14182824,  0.1856931 ,
        0.25186664,  0.2519788 ,  0.30749277,  0.35067624, -0.0576971 ,
        0.25305632, -0.04718979,  0.31620184, -0.00876273, -0.26707056,
        0.33018163, -0.14580341,  0.0355607 ,  0.15288286, -0.45154583,
       -0.30988985, -0.34836348, -0.35737768,  0.01341444]) 

Generation: 213 
 - Generation Avg Fit: 4811.960692529755 
 - Best Fitness: 6077.895990066661 
 - Worst Fitness: 0.0
 - Best Solution: array([ 0.14770446, -0.07021852,  0.37241115,  0.40814024, -0.1956073 ,
       -0.23752868,  0.15425155,  0.07393085, -0.0497901 , -0.14215818,
        0.05594981, -0.53346463,  0.09217398, -0.25484126,  0.02135494,
       -0.33247541, -0.38753205,  0.3068129 ,  0.28409018, -0.41933262,
       -0.01052311, -0.06053749, -0.00678373,  0.2831559 , -0.08529111,
        0.06374322,  0.43612013, -0.24162432, -0.18150024, -0.43717209,
        0.23145453, -0.29517862,  0.15924851,  0.05542395,  0.23226921,
       -0.34367702, -0.09431453,  0.01459268, -0.46236086, -0.29487914,
       -0.16928676,  0.04859276,  0.30769012, -0.14182824,  0.1856931 ,
        0.25186664,  0.2519788 ,  0.30749277,  0.35067624, -0.0576971 ,
        0.25305632, -0.04718979,  0.31620184, -0.00876273, -0.26707056,
        0.33018163, -0.14580341,  0.0355607 ,  0.15288286, -0.45154583,
       -0.30988985, -0.34836348, -0.35737768,  0.01341444]) 

Generation: 214 
 - Generation Avg Fit: 4567.710602618627 
 - Best Fitness: 6077.895990066661 
 - Worst Fitness: 0.0
 - Best Solution: array([ 0.14770446, -0.07021852,  0.37241115,  0.40814024, -0.1956073 ,
       -0.23752868,  0.15425155,  0.07393085, -0.0497901 , -0.14215818,
        0.05594981, -0.53346463,  0.09217398, -0.25484126,  0.02135494,
       -0.33247541, -0.38753205,  0.3068129 ,  0.28409018, -0.41933262,
       -0.01052311, -0.06053749, -0.00678373,  0.2831559 , -0.08529111,
        0.06374322,  0.43612013, -0.24162432, -0.18150024, -0.43717209,
        0.23145453, -0.29517862,  0.15924851,  0.05542395,  0.23226921,
       -0.34367702, -0.09431453,  0.01459268, -0.46236086, -0.29487914,
       -0.16928676,  0.04859276,  0.30769012, -0.14182824,  0.1856931 ,
        0.25186664,  0.2519788 ,  0.30749277,  0.35067624, -0.0576971 ,
        0.25305632, -0.04718979,  0.31620184, -0.00876273, -0.26707056,
        0.33018163, -0.14580341,  0.0355607 ,  0.15288286, -0.45154583,
       -0.30988985, -0.34836348, -0.35737768,  0.01341444]) 

Generation: 215 
 - Generation Avg Fit: 4725.940105093309 
 - Best Fitness: 6077.895990066661 
 - Worst Fitness: 0.0
 - Best Solution: array([ 0.14770446, -0.07021852,  0.37241115,  0.40814024, -0.1956073 ,
       -0.23752868,  0.15425155,  0.07393085, -0.0497901 , -0.14215818,
        0.05594981, -0.53346463,  0.09217398, -0.25484126,  0.02135494,
       -0.33247541, -0.38753205,  0.3068129 ,  0.28409018, -0.41933262,
       -0.01052311, -0.06053749, -0.00678373,  0.2831559 , -0.08529111,
        0.06374322,  0.43612013, -0.24162432, -0.18150024, -0.43717209,
        0.23145453, -0.29517862,  0.15924851,  0.05542395,  0.23226921,
       -0.34367702, -0.09431453,  0.01459268, -0.46236086, -0.29487914,
       -0.16928676,  0.04859276,  0.30769012, -0.14182824,  0.1856931 ,
        0.25186664,  0.2519788 ,  0.30749277,  0.35067624, -0.0576971 ,
        0.25305632, -0.04718979,  0.31620184, -0.00876273, -0.26707056,
        0.33018163, -0.14580341,  0.0355607 ,  0.15288286, -0.45154583,
       -0.30988985, -0.34836348, -0.35737768,  0.01341444]) 

Generation: 216 
 - Generation Avg Fit: 4868.339297776699 
 - Best Fitness: 6077.895990066661 
 - Worst Fitness: 0.0
 - Best Solution: array([ 0.14770446, -0.07021852,  0.37241115,  0.40814024, -0.1956073 ,
       -0.23752868,  0.15425155,  0.07393085, -0.0497901 , -0.14215818,
        0.05594981, -0.53346463,  0.09217398, -0.25484126,  0.02135494,
       -0.33247541, -0.38753205,  0.3068129 ,  0.28409018, -0.41933262,
       -0.01052311, -0.06053749, -0.00678373,  0.2831559 , -0.08529111,
        0.06374322,  0.43612013, -0.24162432, -0.18150024, -0.43717209,
        0.23145453, -0.29517862,  0.15924851,  0.05542395,  0.23226921,
       -0.34367702, -0.09431453,  0.01459268, -0.46236086, -0.29487914,
       -0.16928676,  0.04859276,  0.30769012, -0.14182824,  0.1856931 ,
        0.25186664,  0.2519788 ,  0.30749277,  0.35067624, -0.0576971 ,
        0.25305632, -0.04718979,  0.31620184, -0.00876273, -0.26707056,
        0.33018163, -0.14580341,  0.0355607 ,  0.15288286, -0.45154583,
       -0.30988985, -0.34836348, -0.35737768,  0.01341444]) 

Generation: 217 
 - Generation Avg Fit: 4889.052747225945 
 - Best Fitness: 6077.895990066661 
 - Worst Fitness: 0.0
 - Best Solution: array([ 0.14770446, -0.07021852,  0.37241115,  0.40814024, -0.1956073 ,
       -0.23752868,  0.15425155,  0.07393085, -0.0497901 , -0.14215818,
        0.05594981, -0.53346463,  0.09217398, -0.25484126,  0.02135494,
       -0.33247541, -0.38753205,  0.3068129 ,  0.28409018, -0.41933262,
       -0.01052311, -0.06053749, -0.00678373,  0.2831559 , -0.08529111,
        0.06374322,  0.43612013, -0.24162432, -0.18150024, -0.43717209,
        0.23145453, -0.29517862,  0.15924851,  0.05542395,  0.23226921,
       -0.34367702, -0.09431453,  0.01459268, -0.46236086, -0.29487914,
       -0.16928676,  0.04859276,  0.30769012, -0.14182824,  0.1856931 ,
        0.25186664,  0.2519788 ,  0.30749277,  0.35067624, -0.0576971 ,
        0.25305632, -0.04718979,  0.31620184, -0.00876273, -0.26707056,
        0.33018163, -0.14580341,  0.0355607 ,  0.15288286, -0.45154583,
       -0.30988985, -0.34836348, -0.35737768,  0.01341444]) 

Generation: 218 
 - Generation Avg Fit: 4921.96307745732 
 - Best Fitness: 6077.895990066661 
 - Worst Fitness: 0.0
 - Best Solution: array([ 0.14770446, -0.07021852,  0.37241115,  0.40814024, -0.1956073 ,
       -0.23752868,  0.15425155,  0.07393085, -0.0497901 , -0.14215818,
        0.05594981, -0.53346463,  0.09217398, -0.25484126,  0.02135494,
       -0.33247541, -0.38753205,  0.3068129 ,  0.28409018, -0.41933262,
       -0.01052311, -0.06053749, -0.00678373,  0.2831559 , -0.08529111,
        0.06374322,  0.43612013, -0.24162432, -0.18150024, -0.43717209,
        0.23145453, -0.29517862,  0.15924851,  0.05542395,  0.23226921,
       -0.34367702, -0.09431453,  0.01459268, -0.46236086, -0.29487914,
       -0.16928676,  0.04859276,  0.30769012, -0.14182824,  0.1856931 ,
        0.25186664,  0.2519788 ,  0.30749277,  0.35067624, -0.0576971 ,
        0.25305632, -0.04718979,  0.31620184, -0.00876273, -0.26707056,
        0.33018163, -0.14580341,  0.0355607 ,  0.15288286, -0.45154583,
       -0.30988985, -0.34836348, -0.35737768,  0.01341444]) 

Generation: 219 
 - Generation Avg Fit: 4769.601908932466 
 - Best Fitness: 6077.895990066661 
 - Worst Fitness: 0.0
 - Best Solution: array([ 0.14770446, -0.07021852,  0.37241115,  0.40814024, -0.1956073 ,
       -0.23752868,  0.15425155,  0.07393085, -0.0497901 , -0.14215818,
        0.05594981, -0.53346463,  0.09217398, -0.25484126,  0.02135494,
       -0.33247541, -0.38753205,  0.3068129 ,  0.28409018, -0.41933262,
       -0.01052311, -0.06053749, -0.00678373,  0.2831559 , -0.08529111,
        0.06374322,  0.43612013, -0.24162432, -0.18150024, -0.43717209,
        0.23145453, -0.29517862,  0.15924851,  0.05542395,  0.23226921,
       -0.34367702, -0.09431453,  0.01459268, -0.46236086, -0.29487914,
       -0.16928676,  0.04859276,  0.30769012, -0.14182824,  0.1856931 ,
        0.25186664,  0.2519788 ,  0.30749277,  0.35067624, -0.0576971 ,
        0.25305632, -0.04718979,  0.31620184, -0.00876273, -0.26707056,
        0.33018163, -0.14580341,  0.0355607 ,  0.15288286, -0.45154583,
       -0.30988985, -0.34836348, -0.35737768,  0.01341444]) 

Generation: 220 
 - Generation Avg Fit: 4838.417840741621 
 - Best Fitness: 6077.895990066661 
 - Worst Fitness: 0.0
 - Best Solution: array([ 0.14770446, -0.07021852,  0.37241115,  0.40814024, -0.1956073 ,
       -0.23752868,  0.15425155,  0.07393085, -0.0497901 , -0.14215818,
        0.05594981, -0.53346463,  0.09217398, -0.25484126,  0.02135494,
       -0.33247541, -0.38753205,  0.3068129 ,  0.28409018, -0.41933262,
       -0.01052311, -0.06053749, -0.00678373,  0.2831559 , -0.08529111,
        0.06374322,  0.43612013, -0.24162432, -0.18150024, -0.43717209,
        0.23145453, -0.29517862,  0.15924851,  0.05542395,  0.23226921,
       -0.34367702, -0.09431453,  0.01459268, -0.46236086, -0.29487914,
       -0.16928676,  0.04859276,  0.30769012, -0.14182824,  0.1856931 ,
        0.25186664,  0.2519788 ,  0.30749277,  0.35067624, -0.0576971 ,
        0.25305632, -0.04718979,  0.31620184, -0.00876273, -0.26707056,
        0.33018163, -0.14580341,  0.0355607 ,  0.15288286, -0.45154583,
       -0.30988985, -0.34836348, -0.35737768,  0.01341444]) 

Generation: 221 
 - Generation Avg Fit: 4522.704454151811 
 - Best Fitness: 6077.895990066661 
 - Worst Fitness: 0.0
 - Best Solution: array([ 0.14770446, -0.07021852,  0.37241115,  0.40814024, -0.1956073 ,
       -0.23752868,  0.15425155,  0.07393085, -0.0497901 , -0.14215818,
        0.05594981, -0.53346463,  0.09217398, -0.25484126,  0.02135494,
       -0.33247541, -0.38753205,  0.3068129 ,  0.28409018, -0.41933262,
       -0.01052311, -0.06053749, -0.00678373,  0.2831559 , -0.08529111,
        0.06374322,  0.43612013, -0.24162432, -0.18150024, -0.43717209,
        0.23145453, -0.29517862,  0.15924851,  0.05542395,  0.23226921,
       -0.34367702, -0.09431453,  0.01459268, -0.46236086, -0.29487914,
       -0.16928676,  0.04859276,  0.30769012, -0.14182824,  0.1856931 ,
        0.25186664,  0.2519788 ,  0.30749277,  0.35067624, -0.0576971 ,
        0.25305632, -0.04718979,  0.31620184, -0.00876273, -0.26707056,
        0.33018163, -0.14580341,  0.0355607 ,  0.15288286, -0.45154583,
       -0.30988985, -0.34836348, -0.35737768,  0.01341444]) 

Generation: 222 
 - Generation Avg Fit: 4638.588493563027 
 - Best Fitness: 6077.895990066661 
 - Worst Fitness: 0.0
 - Best Solution: array([ 0.14770446, -0.07021852,  0.37241115,  0.40814024, -0.1956073 ,
       -0.23752868,  0.15425155,  0.07393085, -0.0497901 , -0.14215818,
        0.05594981, -0.53346463,  0.09217398, -0.25484126,  0.02135494,
       -0.33247541, -0.38753205,  0.3068129 ,  0.28409018, -0.41933262,
       -0.01052311, -0.06053749, -0.00678373,  0.2831559 , -0.08529111,
        0.06374322,  0.43612013, -0.24162432, -0.18150024, -0.43717209,
        0.23145453, -0.29517862,  0.15924851,  0.05542395,  0.23226921,
       -0.34367702, -0.09431453,  0.01459268, -0.46236086, -0.29487914,
       -0.16928676,  0.04859276,  0.30769012, -0.14182824,  0.1856931 ,
        0.25186664,  0.2519788 ,  0.30749277,  0.35067624, -0.0576971 ,
        0.25305632, -0.04718979,  0.31620184, -0.00876273, -0.26707056,
        0.33018163, -0.14580341,  0.0355607 ,  0.15288286, -0.45154583,
       -0.30988985, -0.34836348, -0.35737768,  0.01341444]) 

Generation: 223 
 - Generation Avg Fit: 4803.894562780072 
 - Best Fitness: 6077.895990066661 
 - Worst Fitness: 0.0
 - Best Solution: array([ 0.14770446, -0.07021852,  0.37241115,  0.40814024, -0.1956073 ,
       -0.23752868,  0.15425155,  0.07393085, -0.0497901 , -0.14215818,
        0.05594981, -0.53346463,  0.09217398, -0.25484126,  0.02135494,
       -0.33247541, -0.38753205,  0.3068129 ,  0.28409018, -0.41933262,
       -0.01052311, -0.06053749, -0.00678373,  0.2831559 , -0.08529111,
        0.06374322,  0.43612013, -0.24162432, -0.18150024, -0.43717209,
        0.23145453, -0.29517862,  0.15924851,  0.05542395,  0.23226921,
       -0.34367702, -0.09431453,  0.01459268, -0.46236086, -0.29487914,
       -0.16928676,  0.04859276,  0.30769012, -0.14182824,  0.1856931 ,
        0.25186664,  0.2519788 ,  0.30749277,  0.35067624, -0.0576971 ,
        0.25305632, -0.04718979,  0.31620184, -0.00876273, -0.26707056,
        0.33018163, -0.14580341,  0.0355607 ,  0.15288286, -0.45154583,
       -0.30988985, -0.34836348, -0.35737768,  0.01341444]) 

Generation: 224 
 - Generation Avg Fit: 4590.340888118129 
 - Best Fitness: 6077.895990066661 
 - Worst Fitness: 0.0
 - Best Solution: array([ 0.14770446, -0.07021852,  0.37241115,  0.40814024, -0.1956073 ,
       -0.23752868,  0.15425155,  0.07393085, -0.0497901 , -0.14215818,
        0.05594981, -0.53346463,  0.09217398, -0.25484126,  0.02135494,
       -0.33247541, -0.38753205,  0.3068129 ,  0.28409018, -0.41933262,
       -0.01052311, -0.06053749, -0.00678373,  0.2831559 , -0.08529111,
        0.06374322,  0.43612013, -0.24162432, -0.18150024, -0.43717209,
        0.23145453, -0.29517862,  0.15924851,  0.05542395,  0.23226921,
       -0.34367702, -0.09431453,  0.01459268, -0.46236086, -0.29487914,
       -0.16928676,  0.04859276,  0.30769012, -0.14182824,  0.1856931 ,
        0.25186664,  0.2519788 ,  0.30749277,  0.35067624, -0.0576971 ,
        0.25305632, -0.04718979,  0.31620184, -0.00876273, -0.26707056,
        0.33018163, -0.14580341,  0.0355607 ,  0.15288286, -0.45154583,
       -0.30988985, -0.34836348, -0.35737768,  0.01341444]) 

Generation: 225 
 - Generation Avg Fit: 4913.126685204699 
 - Best Fitness: 6077.895990066661 
 - Worst Fitness: 0.0
 - Best Solution: array([ 0.14770446, -0.07021852,  0.37241115,  0.40814024, -0.1956073 ,
       -0.23752868,  0.15425155,  0.07393085, -0.0497901 , -0.14215818,
        0.05594981, -0.53346463,  0.09217398, -0.25484126,  0.02135494,
       -0.33247541, -0.38753205,  0.3068129 ,  0.28409018, -0.41933262,
       -0.01052311, -0.06053749, -0.00678373,  0.2831559 , -0.08529111,
        0.06374322,  0.43612013, -0.24162432, -0.18150024, -0.43717209,
        0.23145453, -0.29517862,  0.15924851,  0.05542395,  0.23226921,
       -0.34367702, -0.09431453,  0.01459268, -0.46236086, -0.29487914,
       -0.16928676,  0.04859276,  0.30769012, -0.14182824,  0.1856931 ,
        0.25186664,  0.2519788 ,  0.30749277,  0.35067624, -0.0576971 ,
        0.25305632, -0.04718979,  0.31620184, -0.00876273, -0.26707056,
        0.33018163, -0.14580341,  0.0355607 ,  0.15288286, -0.45154583,
       -0.30988985, -0.34836348, -0.35737768,  0.01341444]) 

Generation: 226 
 - Generation Avg Fit: 4634.4317511745885 
 - Best Fitness: 6077.895990066661 
 - Worst Fitness: 0.0
 - Best Solution: array([ 0.14770446, -0.07021852,  0.37241115,  0.40814024, -0.1956073 ,
       -0.23752868,  0.15425155,  0.07393085, -0.0497901 , -0.14215818,
        0.05594981, -0.53346463,  0.09217398, -0.25484126,  0.02135494,
       -0.33247541, -0.38753205,  0.3068129 ,  0.28409018, -0.41933262,
       -0.01052311, -0.06053749, -0.00678373,  0.2831559 , -0.08529111,
        0.06374322,  0.43612013, -0.24162432, -0.18150024, -0.43717209,
        0.23145453, -0.29517862,  0.15924851,  0.05542395,  0.23226921,
       -0.34367702, -0.09431453,  0.01459268, -0.46236086, -0.29487914,
       -0.16928676,  0.04859276,  0.30769012, -0.14182824,  0.1856931 ,
        0.25186664,  0.2519788 ,  0.30749277,  0.35067624, -0.0576971 ,
        0.25305632, -0.04718979,  0.31620184, -0.00876273, -0.26707056,
        0.33018163, -0.14580341,  0.0355607 ,  0.15288286, -0.45154583,
       -0.30988985, -0.34836348, -0.35737768,  0.01341444]) 

Generation: 227 
 - Generation Avg Fit: 4655.845403718474 
 - Best Fitness: 6077.895990066661 
 - Worst Fitness: 0.0
 - Best Solution: array([ 0.14770446, -0.07021852,  0.37241115,  0.40814024, -0.1956073 ,
       -0.23752868,  0.15425155,  0.07393085, -0.0497901 , -0.14215818,
        0.05594981, -0.53346463,  0.09217398, -0.25484126,  0.02135494,
       -0.33247541, -0.38753205,  0.3068129 ,  0.28409018, -0.41933262,
       -0.01052311, -0.06053749, -0.00678373,  0.2831559 , -0.08529111,
        0.06374322,  0.43612013, -0.24162432, -0.18150024, -0.43717209,
        0.23145453, -0.29517862,  0.15924851,  0.05542395,  0.23226921,
       -0.34367702, -0.09431453,  0.01459268, -0.46236086, -0.29487914,
       -0.16928676,  0.04859276,  0.30769012, -0.14182824,  0.1856931 ,
        0.25186664,  0.2519788 ,  0.30749277,  0.35067624, -0.0576971 ,
        0.25305632, -0.04718979,  0.31620184, -0.00876273, -0.26707056,
        0.33018163, -0.14580341,  0.0355607 ,  0.15288286, -0.45154583,
       -0.30988985, -0.34836348, -0.35737768,  0.01341444]) 

Generation: 228 
 - Generation Avg Fit: 4798.0357354266025 
 - Best Fitness: 6077.895990066661 
 - Worst Fitness: 0.0
 - Best Solution: array([ 0.14770446, -0.07021852,  0.37241115,  0.40814024, -0.1956073 ,
       -0.23752868,  0.15425155,  0.07393085, -0.0497901 , -0.14215818,
        0.05594981, -0.53346463,  0.09217398, -0.25484126,  0.02135494,
       -0.33247541, -0.38753205,  0.3068129 ,  0.28409018, -0.41933262,
       -0.01052311, -0.06053749, -0.00678373,  0.2831559 , -0.08529111,
        0.06374322,  0.43612013, -0.24162432, -0.18150024, -0.43717209,
        0.23145453, -0.29517862,  0.15924851,  0.05542395,  0.23226921,
       -0.34367702, -0.09431453,  0.01459268, -0.46236086, -0.29487914,
       -0.16928676,  0.04859276,  0.30769012, -0.14182824,  0.1856931 ,
        0.25186664,  0.2519788 ,  0.30749277,  0.35067624, -0.0576971 ,
        0.25305632, -0.04718979,  0.31620184, -0.00876273, -0.26707056,
        0.33018163, -0.14580341,  0.0355607 ,  0.15288286, -0.45154583,
       -0.30988985, -0.34836348, -0.35737768,  0.01341444]) 

Generation: 229 
 - Generation Avg Fit: 4823.240525894195 
 - Best Fitness: 6077.895990066661 
 - Worst Fitness: 0.0
 - Best Solution: array([ 0.14770446, -0.07021852,  0.37241115,  0.40814024, -0.1956073 ,
       -0.23752868,  0.15425155,  0.07393085, -0.0497901 , -0.14215818,
        0.05594981, -0.53346463,  0.09217398, -0.25484126,  0.02135494,
       -0.33247541, -0.38753205,  0.3068129 ,  0.28409018, -0.41933262,
       -0.01052311, -0.06053749, -0.00678373,  0.2831559 , -0.08529111,
        0.06374322,  0.43612013, -0.24162432, -0.18150024, -0.43717209,
        0.23145453, -0.29517862,  0.15924851,  0.05542395,  0.23226921,
       -0.34367702, -0.09431453,  0.01459268, -0.46236086, -0.29487914,
       -0.16928676,  0.04859276,  0.30769012, -0.14182824,  0.1856931 ,
        0.25186664,  0.2519788 ,  0.30749277,  0.35067624, -0.0576971 ,
        0.25305632, -0.04718979,  0.31620184, -0.00876273, -0.26707056,
        0.33018163, -0.14580341,  0.0355607 ,  0.15288286, -0.45154583,
       -0.30988985, -0.34836348, -0.35737768,  0.01341444]) 

Generation: 230 
 - Generation Avg Fit: 4776.605055170912 
 - Best Fitness: 6077.895990066661 
 - Worst Fitness: 0.0
 - Best Solution: array([ 0.14770446, -0.07021852,  0.37241115,  0.40814024, -0.1956073 ,
       -0.23752868,  0.15425155,  0.07393085, -0.0497901 , -0.14215818,
        0.05594981, -0.53346463,  0.09217398, -0.25484126,  0.02135494,
       -0.33247541, -0.38753205,  0.3068129 ,  0.28409018, -0.41933262,
       -0.01052311, -0.06053749, -0.00678373,  0.2831559 , -0.08529111,
        0.06374322,  0.43612013, -0.24162432, -0.18150024, -0.43717209,
        0.23145453, -0.29517862,  0.15924851,  0.05542395,  0.23226921,
       -0.34367702, -0.09431453,  0.01459268, -0.46236086, -0.29487914,
       -0.16928676,  0.04859276,  0.30769012, -0.14182824,  0.1856931 ,
        0.25186664,  0.2519788 ,  0.30749277,  0.35067624, -0.0576971 ,
        0.25305632, -0.04718979,  0.31620184, -0.00876273, -0.26707056,
        0.33018163, -0.14580341,  0.0355607 ,  0.15288286, -0.45154583,
       -0.30988985, -0.34836348, -0.35737768,  0.01341444]) 

Generation: 231 
 - Generation Avg Fit: 4787.2308771477265 
 - Best Fitness: 6077.895990066661 
 - Worst Fitness: 0.0
 - Best Solution: array([ 0.14770446, -0.07021852,  0.37241115,  0.40814024, -0.1956073 ,
       -0.23752868,  0.15425155,  0.07393085, -0.0497901 , -0.14215818,
        0.05594981, -0.53346463,  0.09217398, -0.25484126,  0.02135494,
       -0.33247541, -0.38753205,  0.3068129 ,  0.28409018, -0.41933262,
       -0.01052311, -0.06053749, -0.00678373,  0.2831559 , -0.08529111,
        0.06374322,  0.43612013, -0.24162432, -0.18150024, -0.43717209,
        0.23145453, -0.29517862,  0.15924851,  0.05542395,  0.23226921,
       -0.34367702, -0.09431453,  0.01459268, -0.46236086, -0.29487914,
       -0.16928676,  0.04859276,  0.30769012, -0.14182824,  0.1856931 ,
        0.25186664,  0.2519788 ,  0.30749277,  0.35067624, -0.0576971 ,
        0.25305632, -0.04718979,  0.31620184, -0.00876273, -0.26707056,
        0.33018163, -0.14580341,  0.0355607 ,  0.15288286, -0.45154583,
       -0.30988985, -0.34836348, -0.35737768,  0.01341444]) 

Generation: 232 
 - Generation Avg Fit: 4775.494266803077 
 - Best Fitness: 6077.895990066661 
 - Worst Fitness: 0.0
 - Best Solution: array([ 0.14770446, -0.07021852,  0.37241115,  0.40814024, -0.1956073 ,
       -0.23752868,  0.15425155,  0.07393085, -0.0497901 , -0.14215818,
        0.05594981, -0.53346463,  0.09217398, -0.25484126,  0.02135494,
       -0.33247541, -0.38753205,  0.3068129 ,  0.28409018, -0.41933262,
       -0.01052311, -0.06053749, -0.00678373,  0.2831559 , -0.08529111,
        0.06374322,  0.43612013, -0.24162432, -0.18150024, -0.43717209,
        0.23145453, -0.29517862,  0.15924851,  0.05542395,  0.23226921,
       -0.34367702, -0.09431453,  0.01459268, -0.46236086, -0.29487914,
       -0.16928676,  0.04859276,  0.30769012, -0.14182824,  0.1856931 ,
        0.25186664,  0.2519788 ,  0.30749277,  0.35067624, -0.0576971 ,
        0.25305632, -0.04718979,  0.31620184, -0.00876273, -0.26707056,
        0.33018163, -0.14580341,  0.0355607 ,  0.15288286, -0.45154583,
       -0.30988985, -0.34836348, -0.35737768,  0.01341444]) 

Generation: 233 
 - Generation Avg Fit: 4823.144177275785 
 - Best Fitness: 6077.895990066661 
 - Worst Fitness: 0.0
 - Best Solution: array([ 0.14770446, -0.07021852,  0.37241115,  0.40814024, -0.1956073 ,
       -0.23752868,  0.15425155,  0.07393085, -0.0497901 , -0.14215818,
        0.05594981, -0.53346463,  0.09217398, -0.25484126,  0.02135494,
       -0.33247541, -0.38753205,  0.3068129 ,  0.28409018, -0.41933262,
       -0.01052311, -0.06053749, -0.00678373,  0.2831559 , -0.08529111,
        0.06374322,  0.43612013, -0.24162432, -0.18150024, -0.43717209,
        0.23145453, -0.29517862,  0.15924851,  0.05542395,  0.23226921,
       -0.34367702, -0.09431453,  0.01459268, -0.46236086, -0.29487914,
       -0.16928676,  0.04859276,  0.30769012, -0.14182824,  0.1856931 ,
        0.25186664,  0.2519788 ,  0.30749277,  0.35067624, -0.0576971 ,
        0.25305632, -0.04718979,  0.31620184, -0.00876273, -0.26707056,
        0.33018163, -0.14580341,  0.0355607 ,  0.15288286, -0.45154583,
       -0.30988985, -0.34836348, -0.35737768,  0.01341444]) 

Generation: 234 
 - Generation Avg Fit: 4679.496646002553 
 - Best Fitness: 6077.895990066661 
 - Worst Fitness: 0.0
 - Best Solution: array([ 0.14770446, -0.07021852,  0.37241115,  0.40814024, -0.1956073 ,
       -0.23752868,  0.15425155,  0.07393085, -0.0497901 , -0.14215818,
        0.05594981, -0.53346463,  0.09217398, -0.25484126,  0.02135494,
       -0.33247541, -0.38753205,  0.3068129 ,  0.28409018, -0.41933262,
       -0.01052311, -0.06053749, -0.00678373,  0.2831559 , -0.08529111,
        0.06374322,  0.43612013, -0.24162432, -0.18150024, -0.43717209,
        0.23145453, -0.29517862,  0.15924851,  0.05542395,  0.23226921,
       -0.34367702, -0.09431453,  0.01459268, -0.46236086, -0.29487914,
       -0.16928676,  0.04859276,  0.30769012, -0.14182824,  0.1856931 ,
        0.25186664,  0.2519788 ,  0.30749277,  0.35067624, -0.0576971 ,
        0.25305632, -0.04718979,  0.31620184, -0.00876273, -0.26707056,
        0.33018163, -0.14580341,  0.0355607 ,  0.15288286, -0.45154583,
       -0.30988985, -0.34836348, -0.35737768,  0.01341444]) 

Generation: 235 
 - Generation Avg Fit: 4776.344941958407 
 - Best Fitness: 6077.895990066661 
 - Worst Fitness: 0.0
 - Best Solution: array([ 0.14770446, -0.07021852,  0.37241115,  0.40814024, -0.1956073 ,
       -0.23752868,  0.15425155,  0.07393085, -0.0497901 , -0.14215818,
        0.05594981, -0.53346463,  0.09217398, -0.25484126,  0.02135494,
       -0.33247541, -0.38753205,  0.3068129 ,  0.28409018, -0.41933262,
       -0.01052311, -0.06053749, -0.00678373,  0.2831559 , -0.08529111,
        0.06374322,  0.43612013, -0.24162432, -0.18150024, -0.43717209,
        0.23145453, -0.29517862,  0.15924851,  0.05542395,  0.23226921,
       -0.34367702, -0.09431453,  0.01459268, -0.46236086, -0.29487914,
       -0.16928676,  0.04859276,  0.30769012, -0.14182824,  0.1856931 ,
        0.25186664,  0.2519788 ,  0.30749277,  0.35067624, -0.0576971 ,
        0.25305632, -0.04718979,  0.31620184, -0.00876273, -0.26707056,
        0.33018163, -0.14580341,  0.0355607 ,  0.15288286, -0.45154583,
       -0.30988985, -0.34836348, -0.35737768,  0.01341444]) 

Generation: 236 
 - Generation Avg Fit: 4845.921369500728 
 - Best Fitness: 6077.895990066661 
 - Worst Fitness: 0.0
 - Best Solution: array([ 0.14770446, -0.07021852,  0.37241115,  0.40814024, -0.1956073 ,
       -0.23752868,  0.15425155,  0.07393085, -0.0497901 , -0.14215818,
        0.05594981, -0.53346463,  0.09217398, -0.25484126,  0.02135494,
       -0.33247541, -0.38753205,  0.3068129 ,  0.28409018, -0.41933262,
       -0.01052311, -0.06053749, -0.00678373,  0.2831559 , -0.08529111,
        0.06374322,  0.43612013, -0.24162432, -0.18150024, -0.43717209,
        0.23145453, -0.29517862,  0.15924851,  0.05542395,  0.23226921,
       -0.34367702, -0.09431453,  0.01459268, -0.46236086, -0.29487914,
       -0.16928676,  0.04859276,  0.30769012, -0.14182824,  0.1856931 ,
        0.25186664,  0.2519788 ,  0.30749277,  0.35067624, -0.0576971 ,
        0.25305632, -0.04718979,  0.31620184, -0.00876273, -0.26707056,
        0.33018163, -0.14580341,  0.0355607 ,  0.15288286, -0.45154583,
       -0.30988985, -0.34836348, -0.35737768,  0.01341444]) 

Generation: 237 
 - Generation Avg Fit: 4850.702928989984 
 - Best Fitness: 6077.895990066661 
 - Worst Fitness: 0.0
 - Best Solution: array([ 0.14770446, -0.07021852,  0.37241115,  0.40814024, -0.1956073 ,
       -0.23752868,  0.15425155,  0.07393085, -0.0497901 , -0.14215818,
        0.05594981, -0.53346463,  0.09217398, -0.25484126,  0.02135494,
       -0.33247541, -0.38753205,  0.3068129 ,  0.28409018, -0.41933262,
       -0.01052311, -0.06053749, -0.00678373,  0.2831559 , -0.08529111,
        0.06374322,  0.43612013, -0.24162432, -0.18150024, -0.43717209,
        0.23145453, -0.29517862,  0.15924851,  0.05542395,  0.23226921,
       -0.34367702, -0.09431453,  0.01459268, -0.46236086, -0.29487914,
       -0.16928676,  0.04859276,  0.30769012, -0.14182824,  0.1856931 ,
        0.25186664,  0.2519788 ,  0.30749277,  0.35067624, -0.0576971 ,
        0.25305632, -0.04718979,  0.31620184, -0.00876273, -0.26707056,
        0.33018163, -0.14580341,  0.0355607 ,  0.15288286, -0.45154583,
       -0.30988985, -0.34836348, -0.35737768,  0.01341444]) 

Generation: 238 
 - Generation Avg Fit: 4946.856189240974 
 - Best Fitness: 6077.895990066661 
 - Worst Fitness: 0.0
 - Best Solution: array([ 0.14770446, -0.07021852,  0.37241115,  0.40814024, -0.1956073 ,
       -0.23752868,  0.15425155,  0.07393085, -0.0497901 , -0.14215818,
        0.05594981, -0.53346463,  0.09217398, -0.25484126,  0.02135494,
       -0.33247541, -0.38753205,  0.3068129 ,  0.28409018, -0.41933262,
       -0.01052311, -0.06053749, -0.00678373,  0.2831559 , -0.08529111,
        0.06374322,  0.43612013, -0.24162432, -0.18150024, -0.43717209,
        0.23145453, -0.29517862,  0.15924851,  0.05542395,  0.23226921,
       -0.34367702, -0.09431453,  0.01459268, -0.46236086, -0.29487914,
       -0.16928676,  0.04859276,  0.30769012, -0.14182824,  0.1856931 ,
        0.25186664,  0.2519788 ,  0.30749277,  0.35067624, -0.0576971 ,
        0.25305632, -0.04718979,  0.31620184, -0.00876273, -0.26707056,
        0.33018163, -0.14580341,  0.0355607 ,  0.15288286, -0.45154583,
       -0.30988985, -0.34836348, -0.35737768,  0.01341444]) 

Generation: 239 
 - Generation Avg Fit: 4849.361898286654 
 - Best Fitness: 6077.895990066661 
 - Worst Fitness: 0.0
 - Best Solution: array([ 0.14770446, -0.07021852,  0.37241115,  0.40814024, -0.1956073 ,
       -0.23752868,  0.15425155,  0.07393085, -0.0497901 , -0.14215818,
        0.05594981, -0.53346463,  0.09217398, -0.25484126,  0.02135494,
       -0.33247541, -0.38753205,  0.3068129 ,  0.28409018, -0.41933262,
       -0.01052311, -0.06053749, -0.00678373,  0.2831559 , -0.08529111,
        0.06374322,  0.43612013, -0.24162432, -0.18150024, -0.43717209,
        0.23145453, -0.29517862,  0.15924851,  0.05542395,  0.23226921,
       -0.34367702, -0.09431453,  0.01459268, -0.46236086, -0.29487914,
       -0.16928676,  0.04859276,  0.30769012, -0.14182824,  0.1856931 ,
        0.25186664,  0.2519788 ,  0.30749277,  0.35067624, -0.0576971 ,
        0.25305632, -0.04718979,  0.31620184, -0.00876273, -0.26707056,
        0.33018163, -0.14580341,  0.0355607 ,  0.15288286, -0.45154583,
       -0.30988985, -0.34836348, -0.35737768,  0.01341444]) 

Generation: 240 
 - Generation Avg Fit: 4638.930202326159 
 - Best Fitness: 6077.895990066661 
 - Worst Fitness: 0.0
 - Best Solution: array([ 0.14770446, -0.07021852,  0.37241115,  0.40814024, -0.1956073 ,
       -0.23752868,  0.15425155,  0.07393085, -0.0497901 , -0.14215818,
        0.05594981, -0.53346463,  0.09217398, -0.25484126,  0.02135494,
       -0.33247541, -0.38753205,  0.3068129 ,  0.28409018, -0.41933262,
       -0.01052311, -0.06053749, -0.00678373,  0.2831559 , -0.08529111,
        0.06374322,  0.43612013, -0.24162432, -0.18150024, -0.43717209,
        0.23145453, -0.29517862,  0.15924851,  0.05542395,  0.23226921,
       -0.34367702, -0.09431453,  0.01459268, -0.46236086, -0.29487914,
       -0.16928676,  0.04859276,  0.30769012, -0.14182824,  0.1856931 ,
        0.25186664,  0.2519788 ,  0.30749277,  0.35067624, -0.0576971 ,
        0.25305632, -0.04718979,  0.31620184, -0.00876273, -0.26707056,
        0.33018163, -0.14580341,  0.0355607 ,  0.15288286, -0.45154583,
       -0.30988985, -0.34836348, -0.35737768,  0.01341444]) 

Generation: 241 
 - Generation Avg Fit: 4719.120428553015 
 - Best Fitness: 6077.895990066661 
 - Worst Fitness: 0.0
 - Best Solution: array([ 0.14770446, -0.07021852,  0.37241115,  0.40814024, -0.1956073 ,
       -0.23752868,  0.15425155,  0.07393085, -0.0497901 , -0.14215818,
        0.05594981, -0.53346463,  0.09217398, -0.25484126,  0.02135494,
       -0.33247541, -0.38753205,  0.3068129 ,  0.28409018, -0.41933262,
       -0.01052311, -0.06053749, -0.00678373,  0.2831559 , -0.08529111,
        0.06374322,  0.43612013, -0.24162432, -0.18150024, -0.43717209,
        0.23145453, -0.29517862,  0.15924851,  0.05542395,  0.23226921,
       -0.34367702, -0.09431453,  0.01459268, -0.46236086, -0.29487914,
       -0.16928676,  0.04859276,  0.30769012, -0.14182824,  0.1856931 ,
        0.25186664,  0.2519788 ,  0.30749277,  0.35067624, -0.0576971 ,
        0.25305632, -0.04718979,  0.31620184, -0.00876273, -0.26707056,
        0.33018163, -0.14580341,  0.0355607 ,  0.15288286, -0.45154583,
       -0.30988985, -0.34836348, -0.35737768,  0.01341444]) 

Generation: 242 
 - Generation Avg Fit: 4750.9435462190195 
 - Best Fitness: 6077.895990066661 
 - Worst Fitness: 0.0
 - Best Solution: array([ 0.14770446, -0.07021852,  0.37241115,  0.40814024, -0.1956073 ,
       -0.23752868,  0.15425155,  0.07393085, -0.0497901 , -0.14215818,
        0.05594981, -0.53346463,  0.09217398, -0.25484126,  0.02135494,
       -0.33247541, -0.38753205,  0.3068129 ,  0.28409018, -0.41933262,
       -0.01052311, -0.06053749, -0.00678373,  0.2831559 , -0.08529111,
        0.06374322,  0.43612013, -0.24162432, -0.18150024, -0.43717209,
        0.23145453, -0.29517862,  0.15924851,  0.05542395,  0.23226921,
       -0.34367702, -0.09431453,  0.01459268, -0.46236086, -0.29487914,
       -0.16928676,  0.04859276,  0.30769012, -0.14182824,  0.1856931 ,
        0.25186664,  0.2519788 ,  0.30749277,  0.35067624, -0.0576971 ,
        0.25305632, -0.04718979,  0.31620184, -0.00876273, -0.26707056,
        0.33018163, -0.14580341,  0.0355607 ,  0.15288286, -0.45154583,
       -0.30988985, -0.34836348, -0.35737768,  0.01341444]) 

Generation: 243 
 - Generation Avg Fit: 4708.129255251785 
 - Best Fitness: 6077.895990066661 
 - Worst Fitness: 0.0
 - Best Solution: array([ 0.14770446, -0.07021852,  0.37241115,  0.40814024, -0.1956073 ,
       -0.23752868,  0.15425155,  0.07393085, -0.0497901 , -0.14215818,
        0.05594981, -0.53346463,  0.09217398, -0.25484126,  0.02135494,
       -0.33247541, -0.38753205,  0.3068129 ,  0.28409018, -0.41933262,
       -0.01052311, -0.06053749, -0.00678373,  0.2831559 , -0.08529111,
        0.06374322,  0.43612013, -0.24162432, -0.18150024, -0.43717209,
        0.23145453, -0.29517862,  0.15924851,  0.05542395,  0.23226921,
       -0.34367702, -0.09431453,  0.01459268, -0.46236086, -0.29487914,
       -0.16928676,  0.04859276,  0.30769012, -0.14182824,  0.1856931 ,
        0.25186664,  0.2519788 ,  0.30749277,  0.35067624, -0.0576971 ,
        0.25305632, -0.04718979,  0.31620184, -0.00876273, -0.26707056,
        0.33018163, -0.14580341,  0.0355607 ,  0.15288286, -0.45154583,
       -0.30988985, -0.34836348, -0.35737768,  0.01341444]) 

Generation: 244 
 - Generation Avg Fit: 4681.289466322511 
 - Best Fitness: 6077.895990066661 
 - Worst Fitness: 0.0
 - Best Solution: array([ 0.14770446, -0.07021852,  0.37241115,  0.40814024, -0.1956073 ,
       -0.23752868,  0.15425155,  0.07393085, -0.0497901 , -0.14215818,
        0.05594981, -0.53346463,  0.09217398, -0.25484126,  0.02135494,
       -0.33247541, -0.38753205,  0.3068129 ,  0.28409018, -0.41933262,
       -0.01052311, -0.06053749, -0.00678373,  0.2831559 , -0.08529111,
        0.06374322,  0.43612013, -0.24162432, -0.18150024, -0.43717209,
        0.23145453, -0.29517862,  0.15924851,  0.05542395,  0.23226921,
       -0.34367702, -0.09431453,  0.01459268, -0.46236086, -0.29487914,
       -0.16928676,  0.04859276,  0.30769012, -0.14182824,  0.1856931 ,
        0.25186664,  0.2519788 ,  0.30749277,  0.35067624, -0.0576971 ,
        0.25305632, -0.04718979,  0.31620184, -0.00876273, -0.26707056,
        0.33018163, -0.14580341,  0.0355607 ,  0.15288286, -0.45154583,
       -0.30988985, -0.34836348, -0.35737768,  0.01341444]) 

Generation: 245 
 - Generation Avg Fit: 5002.886840548068 
 - Best Fitness: 6077.895990066661 
 - Worst Fitness: 0.0
 - Best Solution: array([ 0.14770446, -0.07021852,  0.37241115,  0.40814024, -0.1956073 ,
       -0.23752868,  0.15425155,  0.07393085, -0.0497901 , -0.14215818,
        0.05594981, -0.53346463,  0.09217398, -0.25484126,  0.02135494,
       -0.33247541, -0.38753205,  0.3068129 ,  0.28409018, -0.41933262,
       -0.01052311, -0.06053749, -0.00678373,  0.2831559 , -0.08529111,
        0.06374322,  0.43612013, -0.24162432, -0.18150024, -0.43717209,
        0.23145453, -0.29517862,  0.15924851,  0.05542395,  0.23226921,
       -0.34367702, -0.09431453,  0.01459268, -0.46236086, -0.29487914,
       -0.16928676,  0.04859276,  0.30769012, -0.14182824,  0.1856931 ,
        0.25186664,  0.2519788 ,  0.30749277,  0.35067624, -0.0576971 ,
        0.25305632, -0.04718979,  0.31620184, -0.00876273, -0.26707056,
        0.33018163, -0.14580341,  0.0355607 ,  0.15288286, -0.45154583,
       -0.30988985, -0.34836348, -0.35737768,  0.01341444]) 

Generation: 246 
 - Generation Avg Fit: 4725.509584079645 
 - Best Fitness: 6077.895990066661 
 - Worst Fitness: 0.0
 - Best Solution: array([ 0.14770446, -0.07021852,  0.37241115,  0.40814024, -0.1956073 ,
       -0.23752868,  0.15425155,  0.07393085, -0.0497901 , -0.14215818,
        0.05594981, -0.53346463,  0.09217398, -0.25484126,  0.02135494,
       -0.33247541, -0.38753205,  0.3068129 ,  0.28409018, -0.41933262,
       -0.01052311, -0.06053749, -0.00678373,  0.2831559 , -0.08529111,
        0.06374322,  0.43612013, -0.24162432, -0.18150024, -0.43717209,
        0.23145453, -0.29517862,  0.15924851,  0.05542395,  0.23226921,
       -0.34367702, -0.09431453,  0.01459268, -0.46236086, -0.29487914,
       -0.16928676,  0.04859276,  0.30769012, -0.14182824,  0.1856931 ,
        0.25186664,  0.2519788 ,  0.30749277,  0.35067624, -0.0576971 ,
        0.25305632, -0.04718979,  0.31620184, -0.00876273, -0.26707056,
        0.33018163, -0.14580341,  0.0355607 ,  0.15288286, -0.45154583,
       -0.30988985, -0.34836348, -0.35737768,  0.01341444]) 

Generation: 247 
 - Generation Avg Fit: 4719.6230239628585 
 - Best Fitness: 6077.895990066661 
 - Worst Fitness: 0.0
 - Best Solution: array([ 0.14770446, -0.07021852,  0.37241115,  0.40814024, -0.1956073 ,
       -0.23752868,  0.15425155,  0.07393085, -0.0497901 , -0.14215818,
        0.05594981, -0.53346463,  0.09217398, -0.25484126,  0.02135494,
       -0.33247541, -0.38753205,  0.3068129 ,  0.28409018, -0.41933262,
       -0.01052311, -0.06053749, -0.00678373,  0.2831559 , -0.08529111,
        0.06374322,  0.43612013, -0.24162432, -0.18150024, -0.43717209,
        0.23145453, -0.29517862,  0.15924851,  0.05542395,  0.23226921,
       -0.34367702, -0.09431453,  0.01459268, -0.46236086, -0.29487914,
       -0.16928676,  0.04859276,  0.30769012, -0.14182824,  0.1856931 ,
        0.25186664,  0.2519788 ,  0.30749277,  0.35067624, -0.0576971 ,
        0.25305632, -0.04718979,  0.31620184, -0.00876273, -0.26707056,
        0.33018163, -0.14580341,  0.0355607 ,  0.15288286, -0.45154583,
       -0.30988985, -0.34836348, -0.35737768,  0.01341444]) 

Generation: 248 
 - Generation Avg Fit: 4920.339539680419 
 - Best Fitness: 6077.895990066661 
 - Worst Fitness: 0.0
 - Best Solution: array([ 0.14770446, -0.07021852,  0.37241115,  0.40814024, -0.1956073 ,
       -0.23752868,  0.15425155,  0.07393085, -0.0497901 , -0.14215818,
        0.05594981, -0.53346463,  0.09217398, -0.25484126,  0.02135494,
       -0.33247541, -0.38753205,  0.3068129 ,  0.28409018, -0.41933262,
       -0.01052311, -0.06053749, -0.00678373,  0.2831559 , -0.08529111,
        0.06374322,  0.43612013, -0.24162432, -0.18150024, -0.43717209,
        0.23145453, -0.29517862,  0.15924851,  0.05542395,  0.23226921,
       -0.34367702, -0.09431453,  0.01459268, -0.46236086, -0.29487914,
       -0.16928676,  0.04859276,  0.30769012, -0.14182824,  0.1856931 ,
        0.25186664,  0.2519788 ,  0.30749277,  0.35067624, -0.0576971 ,
        0.25305632, -0.04718979,  0.31620184, -0.00876273, -0.26707056,
        0.33018163, -0.14580341,  0.0355607 ,  0.15288286, -0.45154583,
       -0.30988985, -0.34836348, -0.35737768,  0.01341444]) 

Generation: 249 
 - Generation Avg Fit: 4813.773737286002 
 - Best Fitness: 6077.895990066661 
 - Worst Fitness: 0.0
 - Best Solution: array([ 0.14770446, -0.07021852,  0.37241115,  0.40814024, -0.1956073 ,
       -0.23752868,  0.15425155,  0.07393085, -0.0497901 , -0.14215818,
        0.05594981, -0.53346463,  0.09217398, -0.25484126,  0.02135494,
       -0.33247541, -0.38753205,  0.3068129 ,  0.28409018, -0.41933262,
       -0.01052311, -0.06053749, -0.00678373,  0.2831559 , -0.08529111,
        0.06374322,  0.43612013, -0.24162432, -0.18150024, -0.43717209,
        0.23145453, -0.29517862,  0.15924851,  0.05542395,  0.23226921,
       -0.34367702, -0.09431453,  0.01459268, -0.46236086, -0.29487914,
       -0.16928676,  0.04859276,  0.30769012, -0.14182824,  0.1856931 ,
        0.25186664,  0.2519788 ,  0.30749277,  0.35067624, -0.0576971 ,
        0.25305632, -0.04718979,  0.31620184, -0.00876273, -0.26707056,
        0.33018163, -0.14580341,  0.0355607 ,  0.15288286, -0.45154583,
       -0.30988985, -0.34836348, -0.35737768,  0.01341444]) 

Generation: 250 
 - Generation Avg Fit: 4811.000230166898 
 - Best Fitness: 6077.895990066661 
 - Worst Fitness: 0.0
 - Best Solution: array([ 0.14770446, -0.07021852,  0.37241115,  0.40814024, -0.1956073 ,
       -0.23752868,  0.15425155,  0.07393085, -0.0497901 , -0.14215818,
        0.05594981, -0.53346463,  0.09217398, -0.25484126,  0.02135494,
       -0.33247541, -0.38753205,  0.3068129 ,  0.28409018, -0.41933262,
       -0.01052311, -0.06053749, -0.00678373,  0.2831559 , -0.08529111,
        0.06374322,  0.43612013, -0.24162432, -0.18150024, -0.43717209,
        0.23145453, -0.29517862,  0.15924851,  0.05542395,  0.23226921,
       -0.34367702, -0.09431453,  0.01459268, -0.46236086, -0.29487914,
       -0.16928676,  0.04859276,  0.30769012, -0.14182824,  0.1856931 ,
        0.25186664,  0.2519788 ,  0.30749277,  0.35067624, -0.0576971 ,
        0.25305632, -0.04718979,  0.31620184, -0.00876273, -0.26707056,
        0.33018163, -0.14580341,  0.0355607 ,  0.15288286, -0.45154583,
       -0.30988985, -0.34836348, -0.35737768,  0.01341444]) 

Generation: 251 
 - Generation Avg Fit: 4770.00297125518 
 - Best Fitness: 6077.895990066661 
 - Worst Fitness: 0.0
 - Best Solution: array([ 0.14770446, -0.07021852,  0.37241115,  0.40814024, -0.1956073 ,
       -0.23752868,  0.15425155,  0.07393085, -0.0497901 , -0.14215818,
        0.05594981, -0.53346463,  0.09217398, -0.25484126,  0.02135494,
       -0.33247541, -0.38753205,  0.3068129 ,  0.28409018, -0.41933262,
       -0.01052311, -0.06053749, -0.00678373,  0.2831559 , -0.08529111,
        0.06374322,  0.43612013, -0.24162432, -0.18150024, -0.43717209,
        0.23145453, -0.29517862,  0.15924851,  0.05542395,  0.23226921,
       -0.34367702, -0.09431453,  0.01459268, -0.46236086, -0.29487914,
       -0.16928676,  0.04859276,  0.30769012, -0.14182824,  0.1856931 ,
        0.25186664,  0.2519788 ,  0.30749277,  0.35067624, -0.0576971 ,
        0.25305632, -0.04718979,  0.31620184, -0.00876273, -0.26707056,
        0.33018163, -0.14580341,  0.0355607 ,  0.15288286, -0.45154583,
       -0.30988985, -0.34836348, -0.35737768,  0.01341444]) 

Generation: 252 
 - Generation Avg Fit: 4870.711572635732 
 - Best Fitness: 6077.895990066661 
 - Worst Fitness: 0.0
 - Best Solution: array([ 0.14770446, -0.07021852,  0.37241115,  0.40814024, -0.1956073 ,
       -0.23752868,  0.15425155,  0.07393085, -0.0497901 , -0.14215818,
        0.05594981, -0.53346463,  0.09217398, -0.25484126,  0.02135494,
       -0.33247541, -0.38753205,  0.3068129 ,  0.28409018, -0.41933262,
       -0.01052311, -0.06053749, -0.00678373,  0.2831559 , -0.08529111,
        0.06374322,  0.43612013, -0.24162432, -0.18150024, -0.43717209,
        0.23145453, -0.29517862,  0.15924851,  0.05542395,  0.23226921,
       -0.34367702, -0.09431453,  0.01459268, -0.46236086, -0.29487914,
       -0.16928676,  0.04859276,  0.30769012, -0.14182824,  0.1856931 ,
        0.25186664,  0.2519788 ,  0.30749277,  0.35067624, -0.0576971 ,
        0.25305632, -0.04718979,  0.31620184, -0.00876273, -0.26707056,
        0.33018163, -0.14580341,  0.0355607 ,  0.15288286, -0.45154583,
       -0.30988985, -0.34836348, -0.35737768,  0.01341444]) 

Generation: 253 
 - Generation Avg Fit: 4820.911189162016 
 - Best Fitness: 6077.895990066661 
 - Worst Fitness: 0.0
 - Best Solution: array([ 0.14770446, -0.07021852,  0.37241115,  0.40814024, -0.1956073 ,
       -0.23752868,  0.15425155,  0.07393085, -0.0497901 , -0.14215818,
        0.05594981, -0.53346463,  0.09217398, -0.25484126,  0.02135494,
       -0.33247541, -0.38753205,  0.3068129 ,  0.28409018, -0.41933262,
       -0.01052311, -0.06053749, -0.00678373,  0.2831559 , -0.08529111,
        0.06374322,  0.43612013, -0.24162432, -0.18150024, -0.43717209,
        0.23145453, -0.29517862,  0.15924851,  0.05542395,  0.23226921,
       -0.34367702, -0.09431453,  0.01459268, -0.46236086, -0.29487914,
       -0.16928676,  0.04859276,  0.30769012, -0.14182824,  0.1856931 ,
        0.25186664,  0.2519788 ,  0.30749277,  0.35067624, -0.0576971 ,
        0.25305632, -0.04718979,  0.31620184, -0.00876273, -0.26707056,
        0.33018163, -0.14580341,  0.0355607 ,  0.15288286, -0.45154583,
       -0.30988985, -0.34836348, -0.35737768,  0.01341444]) 

Generation: 254 
 - Generation Avg Fit: 4906.479345783528 
 - Best Fitness: 6077.895990066661 
 - Worst Fitness: 0.0
 - Best Solution: array([ 0.14770446, -0.07021852,  0.37241115,  0.40814024, -0.1956073 ,
       -0.23752868,  0.15425155,  0.07393085, -0.0497901 , -0.14215818,
        0.05594981, -0.53346463,  0.09217398, -0.25484126,  0.02135494,
       -0.33247541, -0.38753205,  0.3068129 ,  0.28409018, -0.41933262,
       -0.01052311, -0.06053749, -0.00678373,  0.2831559 , -0.08529111,
        0.06374322,  0.43612013, -0.24162432, -0.18150024, -0.43717209,
        0.23145453, -0.29517862,  0.15924851,  0.05542395,  0.23226921,
       -0.34367702, -0.09431453,  0.01459268, -0.46236086, -0.29487914,
       -0.16928676,  0.04859276,  0.30769012, -0.14182824,  0.1856931 ,
        0.25186664,  0.2519788 ,  0.30749277,  0.35067624, -0.0576971 ,
        0.25305632, -0.04718979,  0.31620184, -0.00876273, -0.26707056,
        0.33018163, -0.14580341,  0.0355607 ,  0.15288286, -0.45154583,
       -0.30988985, -0.34836348, -0.35737768,  0.01341444]) 

Generation: 255 
 - Generation Avg Fit: 4856.464971768708 
 - Best Fitness: 6077.895990066661 
 - Worst Fitness: 0.0
 - Best Solution: array([ 0.14770446, -0.07021852,  0.37241115,  0.40814024, -0.1956073 ,
       -0.23752868,  0.15425155,  0.07393085, -0.0497901 , -0.14215818,
        0.05594981, -0.53346463,  0.09217398, -0.25484126,  0.02135494,
       -0.33247541, -0.38753205,  0.3068129 ,  0.28409018, -0.41933262,
       -0.01052311, -0.06053749, -0.00678373,  0.2831559 , -0.08529111,
        0.06374322,  0.43612013, -0.24162432, -0.18150024, -0.43717209,
        0.23145453, -0.29517862,  0.15924851,  0.05542395,  0.23226921,
       -0.34367702, -0.09431453,  0.01459268, -0.46236086, -0.29487914,
       -0.16928676,  0.04859276,  0.30769012, -0.14182824,  0.1856931 ,
        0.25186664,  0.2519788 ,  0.30749277,  0.35067624, -0.0576971 ,
        0.25305632, -0.04718979,  0.31620184, -0.00876273, -0.26707056,
        0.33018163, -0.14580341,  0.0355607 ,  0.15288286, -0.45154583,
       -0.30988985, -0.34836348, -0.35737768,  0.01341444]) 

Generation: 256 
 - Generation Avg Fit: 4610.964043651311 
 - Best Fitness: 6077.895990066661 
 - Worst Fitness: 0.0
 - Best Solution: array([ 0.14770446, -0.07021852,  0.37241115,  0.40814024, -0.1956073 ,
       -0.23752868,  0.15425155,  0.07393085, -0.0497901 , -0.14215818,
        0.05594981, -0.53346463,  0.09217398, -0.25484126,  0.02135494,
       -0.33247541, -0.38753205,  0.3068129 ,  0.28409018, -0.41933262,
       -0.01052311, -0.06053749, -0.00678373,  0.2831559 , -0.08529111,
        0.06374322,  0.43612013, -0.24162432, -0.18150024, -0.43717209,
        0.23145453, -0.29517862,  0.15924851,  0.05542395,  0.23226921,
       -0.34367702, -0.09431453,  0.01459268, -0.46236086, -0.29487914,
       -0.16928676,  0.04859276,  0.30769012, -0.14182824,  0.1856931 ,
        0.25186664,  0.2519788 ,  0.30749277,  0.35067624, -0.0576971 ,
        0.25305632, -0.04718979,  0.31620184, -0.00876273, -0.26707056,
        0.33018163, -0.14580341,  0.0355607 ,  0.15288286, -0.45154583,
       -0.30988985, -0.34836348, -0.35737768,  0.01341444]) 

Generation: 257 
 - Generation Avg Fit: 4629.198433149041 
 - Best Fitness: 6077.895990066661 
 - Worst Fitness: 0.0
 - Best Solution: array([ 0.14770446, -0.07021852,  0.37241115,  0.40814024, -0.1956073 ,
       -0.23752868,  0.15425155,  0.07393085, -0.0497901 , -0.14215818,
        0.05594981, -0.53346463,  0.09217398, -0.25484126,  0.02135494,
       -0.33247541, -0.38753205,  0.3068129 ,  0.28409018, -0.41933262,
       -0.01052311, -0.06053749, -0.00678373,  0.2831559 , -0.08529111,
        0.06374322,  0.43612013, -0.24162432, -0.18150024, -0.43717209,
        0.23145453, -0.29517862,  0.15924851,  0.05542395,  0.23226921,
       -0.34367702, -0.09431453,  0.01459268, -0.46236086, -0.29487914,
       -0.16928676,  0.04859276,  0.30769012, -0.14182824,  0.1856931 ,
        0.25186664,  0.2519788 ,  0.30749277,  0.35067624, -0.0576971 ,
        0.25305632, -0.04718979,  0.31620184, -0.00876273, -0.26707056,
        0.33018163, -0.14580341,  0.0355607 ,  0.15288286, -0.45154583,
       -0.30988985, -0.34836348, -0.35737768,  0.01341444]) 

Generation: 258 
 - Generation Avg Fit: 4718.157424481255 
 - Best Fitness: 6077.895990066661 
 - Worst Fitness: 0.0
 - Best Solution: array([ 0.14770446, -0.07021852,  0.37241115,  0.40814024, -0.1956073 ,
       -0.23752868,  0.15425155,  0.07393085, -0.0497901 , -0.14215818,
        0.05594981, -0.53346463,  0.09217398, -0.25484126,  0.02135494,
       -0.33247541, -0.38753205,  0.3068129 ,  0.28409018, -0.41933262,
       -0.01052311, -0.06053749, -0.00678373,  0.2831559 , -0.08529111,
        0.06374322,  0.43612013, -0.24162432, -0.18150024, -0.43717209,
        0.23145453, -0.29517862,  0.15924851,  0.05542395,  0.23226921,
       -0.34367702, -0.09431453,  0.01459268, -0.46236086, -0.29487914,
       -0.16928676,  0.04859276,  0.30769012, -0.14182824,  0.1856931 ,
        0.25186664,  0.2519788 ,  0.30749277,  0.35067624, -0.0576971 ,
        0.25305632, -0.04718979,  0.31620184, -0.00876273, -0.26707056,
        0.33018163, -0.14580341,  0.0355607 ,  0.15288286, -0.45154583,
       -0.30988985, -0.34836348, -0.35737768,  0.01341444]) 

Generation: 259 
 - Generation Avg Fit: 4889.020446364115 
 - Best Fitness: 6077.895990066661 
 - Worst Fitness: 0.0
 - Best Solution: array([ 0.14770446, -0.07021852,  0.37241115,  0.40814024, -0.1956073 ,
       -0.23752868,  0.15425155,  0.07393085, -0.0497901 , -0.14215818,
        0.05594981, -0.53346463,  0.09217398, -0.25484126,  0.02135494,
       -0.33247541, -0.38753205,  0.3068129 ,  0.28409018, -0.41933262,
       -0.01052311, -0.06053749, -0.00678373,  0.2831559 , -0.08529111,
        0.06374322,  0.43612013, -0.24162432, -0.18150024, -0.43717209,
        0.23145453, -0.29517862,  0.15924851,  0.05542395,  0.23226921,
       -0.34367702, -0.09431453,  0.01459268, -0.46236086, -0.29487914,
       -0.16928676,  0.04859276,  0.30769012, -0.14182824,  0.1856931 ,
        0.25186664,  0.2519788 ,  0.30749277,  0.35067624, -0.0576971 ,
        0.25305632, -0.04718979,  0.31620184, -0.00876273, -0.26707056,
        0.33018163, -0.14580341,  0.0355607 ,  0.15288286, -0.45154583,
       -0.30988985, -0.34836348, -0.35737768,  0.01341444]) 

Generation: 260 
 - Generation Avg Fit: 4776.101830902882 
 - Best Fitness: 6077.895990066661 
 - Worst Fitness: 0.0
 - Best Solution: array([ 0.14770446, -0.07021852,  0.37241115,  0.40814024, -0.1956073 ,
       -0.23752868,  0.15425155,  0.07393085, -0.0497901 , -0.14215818,
        0.05594981, -0.53346463,  0.09217398, -0.25484126,  0.02135494,
       -0.33247541, -0.38753205,  0.3068129 ,  0.28409018, -0.41933262,
       -0.01052311, -0.06053749, -0.00678373,  0.2831559 , -0.08529111,
        0.06374322,  0.43612013, -0.24162432, -0.18150024, -0.43717209,
        0.23145453, -0.29517862,  0.15924851,  0.05542395,  0.23226921,
       -0.34367702, -0.09431453,  0.01459268, -0.46236086, -0.29487914,
       -0.16928676,  0.04859276,  0.30769012, -0.14182824,  0.1856931 ,
        0.25186664,  0.2519788 ,  0.30749277,  0.35067624, -0.0576971 ,
        0.25305632, -0.04718979,  0.31620184, -0.00876273, -0.26707056,
        0.33018163, -0.14580341,  0.0355607 ,  0.15288286, -0.45154583,
       -0.30988985, -0.34836348, -0.35737768,  0.01341444]) 

Generation: 261 
 - Generation Avg Fit: 4910.993394581515 
 - Best Fitness: 6077.895990066661 
 - Worst Fitness: 0.0
 - Best Solution: array([ 0.14770446, -0.07021852,  0.37241115,  0.40814024, -0.1956073 ,
       -0.23752868,  0.15425155,  0.07393085, -0.0497901 , -0.14215818,
        0.05594981, -0.53346463,  0.09217398, -0.25484126,  0.02135494,
       -0.33247541, -0.38753205,  0.3068129 ,  0.28409018, -0.41933262,
       -0.01052311, -0.06053749, -0.00678373,  0.2831559 , -0.08529111,
        0.06374322,  0.43612013, -0.24162432, -0.18150024, -0.43717209,
        0.23145453, -0.29517862,  0.15924851,  0.05542395,  0.23226921,
       -0.34367702, -0.09431453,  0.01459268, -0.46236086, -0.29487914,
       -0.16928676,  0.04859276,  0.30769012, -0.14182824,  0.1856931 ,
        0.25186664,  0.2519788 ,  0.30749277,  0.35067624, -0.0576971 ,
        0.25305632, -0.04718979,  0.31620184, -0.00876273, -0.26707056,
        0.33018163, -0.14580341,  0.0355607 ,  0.15288286, -0.45154583,
       -0.30988985, -0.34836348, -0.35737768,  0.01341444]) 

Generation: 262 
 - Generation Avg Fit: 4829.545595849305 
 - Best Fitness: 6077.895990066661 
 - Worst Fitness: 0.0
 - Best Solution: array([ 0.14770446, -0.07021852,  0.37241115,  0.40814024, -0.1956073 ,
       -0.23752868,  0.15425155,  0.07393085, -0.0497901 , -0.14215818,
        0.05594981, -0.53346463,  0.09217398, -0.25484126,  0.02135494,
       -0.33247541, -0.38753205,  0.3068129 ,  0.28409018, -0.41933262,
       -0.01052311, -0.06053749, -0.00678373,  0.2831559 , -0.08529111,
        0.06374322,  0.43612013, -0.24162432, -0.18150024, -0.43717209,
        0.23145453, -0.29517862,  0.15924851,  0.05542395,  0.23226921,
       -0.34367702, -0.09431453,  0.01459268, -0.46236086, -0.29487914,
       -0.16928676,  0.04859276,  0.30769012, -0.14182824,  0.1856931 ,
        0.25186664,  0.2519788 ,  0.30749277,  0.35067624, -0.0576971 ,
        0.25305632, -0.04718979,  0.31620184, -0.00876273, -0.26707056,
        0.33018163, -0.14580341,  0.0355607 ,  0.15288286, -0.45154583,
       -0.30988985, -0.34836348, -0.35737768,  0.01341444]) 

Generation: 263 
 - Generation Avg Fit: 4853.764913574118 
 - Best Fitness: 6077.895990066661 
 - Worst Fitness: 0.0
 - Best Solution: array([ 0.14770446, -0.07021852,  0.37241115,  0.40814024, -0.1956073 ,
       -0.23752868,  0.15425155,  0.07393085, -0.0497901 , -0.14215818,
        0.05594981, -0.53346463,  0.09217398, -0.25484126,  0.02135494,
       -0.33247541, -0.38753205,  0.3068129 ,  0.28409018, -0.41933262,
       -0.01052311, -0.06053749, -0.00678373,  0.2831559 , -0.08529111,
        0.06374322,  0.43612013, -0.24162432, -0.18150024, -0.43717209,
        0.23145453, -0.29517862,  0.15924851,  0.05542395,  0.23226921,
       -0.34367702, -0.09431453,  0.01459268, -0.46236086, -0.29487914,
       -0.16928676,  0.04859276,  0.30769012, -0.14182824,  0.1856931 ,
        0.25186664,  0.2519788 ,  0.30749277,  0.35067624, -0.0576971 ,
        0.25305632, -0.04718979,  0.31620184, -0.00876273, -0.26707056,
        0.33018163, -0.14580341,  0.0355607 ,  0.15288286, -0.45154583,
       -0.30988985, -0.34836348, -0.35737768,  0.01341444]) 

Generation: 264 
 - Generation Avg Fit: 4738.266004984703 
 - Best Fitness: 6077.895990066661 
 - Worst Fitness: 0.0
 - Best Solution: array([ 0.14770446, -0.07021852,  0.37241115,  0.40814024, -0.1956073 ,
       -0.23752868,  0.15425155,  0.07393085, -0.0497901 , -0.14215818,
        0.05594981, -0.53346463,  0.09217398, -0.25484126,  0.02135494,
       -0.33247541, -0.38753205,  0.3068129 ,  0.28409018, -0.41933262,
       -0.01052311, -0.06053749, -0.00678373,  0.2831559 , -0.08529111,
        0.06374322,  0.43612013, -0.24162432, -0.18150024, -0.43717209,
        0.23145453, -0.29517862,  0.15924851,  0.05542395,  0.23226921,
       -0.34367702, -0.09431453,  0.01459268, -0.46236086, -0.29487914,
       -0.16928676,  0.04859276,  0.30769012, -0.14182824,  0.1856931 ,
        0.25186664,  0.2519788 ,  0.30749277,  0.35067624, -0.0576971 ,
        0.25305632, -0.04718979,  0.31620184, -0.00876273, -0.26707056,
        0.33018163, -0.14580341,  0.0355607 ,  0.15288286, -0.45154583,
       -0.30988985, -0.34836348, -0.35737768,  0.01341444]) 

Generation: 265 
 - Generation Avg Fit: 4825.23622766548 
 - Best Fitness: 6077.895990066661 
 - Worst Fitness: 0.0
 - Best Solution: array([ 0.14770446, -0.07021852,  0.37241115,  0.40814024, -0.1956073 ,
       -0.23752868,  0.15425155,  0.07393085, -0.0497901 , -0.14215818,
        0.05594981, -0.53346463,  0.09217398, -0.25484126,  0.02135494,
       -0.33247541, -0.38753205,  0.3068129 ,  0.28409018, -0.41933262,
       -0.01052311, -0.06053749, -0.00678373,  0.2831559 , -0.08529111,
        0.06374322,  0.43612013, -0.24162432, -0.18150024, -0.43717209,
        0.23145453, -0.29517862,  0.15924851,  0.05542395,  0.23226921,
       -0.34367702, -0.09431453,  0.01459268, -0.46236086, -0.29487914,
       -0.16928676,  0.04859276,  0.30769012, -0.14182824,  0.1856931 ,
        0.25186664,  0.2519788 ,  0.30749277,  0.35067624, -0.0576971 ,
        0.25305632, -0.04718979,  0.31620184, -0.00876273, -0.26707056,
        0.33018163, -0.14580341,  0.0355607 ,  0.15288286, -0.45154583,
       -0.30988985, -0.34836348, -0.35737768,  0.01341444]) 

Generation: 266 
 - Generation Avg Fit: 4549.6223352329025 
 - Best Fitness: 6077.895990066661 
 - Worst Fitness: 0.0
 - Best Solution: array([ 0.14770446, -0.07021852,  0.37241115,  0.40814024, -0.1956073 ,
       -0.23752868,  0.15425155,  0.07393085, -0.0497901 , -0.14215818,
        0.05594981, -0.53346463,  0.09217398, -0.25484126,  0.02135494,
       -0.33247541, -0.38753205,  0.3068129 ,  0.28409018, -0.41933262,
       -0.01052311, -0.06053749, -0.00678373,  0.2831559 , -0.08529111,
        0.06374322,  0.43612013, -0.24162432, -0.18150024, -0.43717209,
        0.23145453, -0.29517862,  0.15924851,  0.05542395,  0.23226921,
       -0.34367702, -0.09431453,  0.01459268, -0.46236086, -0.29487914,
       -0.16928676,  0.04859276,  0.30769012, -0.14182824,  0.1856931 ,
        0.25186664,  0.2519788 ,  0.30749277,  0.35067624, -0.0576971 ,
        0.25305632, -0.04718979,  0.31620184, -0.00876273, -0.26707056,
        0.33018163, -0.14580341,  0.0355607 ,  0.15288286, -0.45154583,
       -0.30988985, -0.34836348, -0.35737768,  0.01341444]) 

Generation: 267 
 - Generation Avg Fit: 4726.235109270151 
 - Best Fitness: 6077.895990066661 
 - Worst Fitness: 0.0
 - Best Solution: array([ 0.14770446, -0.07021852,  0.37241115,  0.40814024, -0.1956073 ,
       -0.23752868,  0.15425155,  0.07393085, -0.0497901 , -0.14215818,
        0.05594981, -0.53346463,  0.09217398, -0.25484126,  0.02135494,
       -0.33247541, -0.38753205,  0.3068129 ,  0.28409018, -0.41933262,
       -0.01052311, -0.06053749, -0.00678373,  0.2831559 , -0.08529111,
        0.06374322,  0.43612013, -0.24162432, -0.18150024, -0.43717209,
        0.23145453, -0.29517862,  0.15924851,  0.05542395,  0.23226921,
       -0.34367702, -0.09431453,  0.01459268, -0.46236086, -0.29487914,
       -0.16928676,  0.04859276,  0.30769012, -0.14182824,  0.1856931 ,
        0.25186664,  0.2519788 ,  0.30749277,  0.35067624, -0.0576971 ,
        0.25305632, -0.04718979,  0.31620184, -0.00876273, -0.26707056,
        0.33018163, -0.14580341,  0.0355607 ,  0.15288286, -0.45154583,
       -0.30988985, -0.34836348, -0.35737768,  0.01341444]) 

Generation: 268 
 - Generation Avg Fit: 4941.871027046796 
 - Best Fitness: 6077.895990066661 
 - Worst Fitness: 0.0
 - Best Solution: array([ 0.14770446, -0.07021852,  0.37241115,  0.40814024, -0.1956073 ,
       -0.23752868,  0.15425155,  0.07393085, -0.0497901 , -0.14215818,
        0.05594981, -0.53346463,  0.09217398, -0.25484126,  0.02135494,
       -0.33247541, -0.38753205,  0.3068129 ,  0.28409018, -0.41933262,
       -0.01052311, -0.06053749, -0.00678373,  0.2831559 , -0.08529111,
        0.06374322,  0.43612013, -0.24162432, -0.18150024, -0.43717209,
        0.23145453, -0.29517862,  0.15924851,  0.05542395,  0.23226921,
       -0.34367702, -0.09431453,  0.01459268, -0.46236086, -0.29487914,
       -0.16928676,  0.04859276,  0.30769012, -0.14182824,  0.1856931 ,
        0.25186664,  0.2519788 ,  0.30749277,  0.35067624, -0.0576971 ,
        0.25305632, -0.04718979,  0.31620184, -0.00876273, -0.26707056,
        0.33018163, -0.14580341,  0.0355607 ,  0.15288286, -0.45154583,
       -0.30988985, -0.34836348, -0.35737768,  0.01341444]) 

Generation: 269 
 - Generation Avg Fit: 4933.134861736772 
 - Best Fitness: 6077.895990066661 
 - Worst Fitness: 0.0
 - Best Solution: array([ 0.14770446, -0.07021852,  0.37241115,  0.40814024, -0.1956073 ,
       -0.23752868,  0.15425155,  0.07393085, -0.0497901 , -0.14215818,
        0.05594981, -0.53346463,  0.09217398, -0.25484126,  0.02135494,
       -0.33247541, -0.38753205,  0.3068129 ,  0.28409018, -0.41933262,
       -0.01052311, -0.06053749, -0.00678373,  0.2831559 , -0.08529111,
        0.06374322,  0.43612013, -0.24162432, -0.18150024, -0.43717209,
        0.23145453, -0.29517862,  0.15924851,  0.05542395,  0.23226921,
       -0.34367702, -0.09431453,  0.01459268, -0.46236086, -0.29487914,
       -0.16928676,  0.04859276,  0.30769012, -0.14182824,  0.1856931 ,
        0.25186664,  0.2519788 ,  0.30749277,  0.35067624, -0.0576971 ,
        0.25305632, -0.04718979,  0.31620184, -0.00876273, -0.26707056,
        0.33018163, -0.14580341,  0.0355607 ,  0.15288286, -0.45154583,
       -0.30988985, -0.34836348, -0.35737768,  0.01341444]) 

Generation: 270 
 - Generation Avg Fit: 4688.910044007048 
 - Best Fitness: 6077.895990066661 
 - Worst Fitness: 0.0
 - Best Solution: array([ 0.14770446, -0.07021852,  0.37241115,  0.40814024, -0.1956073 ,
       -0.23752868,  0.15425155,  0.07393085, -0.0497901 , -0.14215818,
        0.05594981, -0.53346463,  0.09217398, -0.25484126,  0.02135494,
       -0.33247541, -0.38753205,  0.3068129 ,  0.28409018, -0.41933262,
       -0.01052311, -0.06053749, -0.00678373,  0.2831559 , -0.08529111,
        0.06374322,  0.43612013, -0.24162432, -0.18150024, -0.43717209,
        0.23145453, -0.29517862,  0.15924851,  0.05542395,  0.23226921,
       -0.34367702, -0.09431453,  0.01459268, -0.46236086, -0.29487914,
       -0.16928676,  0.04859276,  0.30769012, -0.14182824,  0.1856931 ,
        0.25186664,  0.2519788 ,  0.30749277,  0.35067624, -0.0576971 ,
        0.25305632, -0.04718979,  0.31620184, -0.00876273, -0.26707056,
        0.33018163, -0.14580341,  0.0355607 ,  0.15288286, -0.45154583,
       -0.30988985, -0.34836348, -0.35737768,  0.01341444]) 

Generation: 271 
 - Generation Avg Fit: 4714.602757005751 
 - Best Fitness: 6077.895990066661 
 - Worst Fitness: 0.0
 - Best Solution: array([ 0.14770446, -0.07021852,  0.37241115,  0.40814024, -0.1956073 ,
       -0.23752868,  0.15425155,  0.07393085, -0.0497901 , -0.14215818,
        0.05594981, -0.53346463,  0.09217398, -0.25484126,  0.02135494,
       -0.33247541, -0.38753205,  0.3068129 ,  0.28409018, -0.41933262,
       -0.01052311, -0.06053749, -0.00678373,  0.2831559 , -0.08529111,
        0.06374322,  0.43612013, -0.24162432, -0.18150024, -0.43717209,
        0.23145453, -0.29517862,  0.15924851,  0.05542395,  0.23226921,
       -0.34367702, -0.09431453,  0.01459268, -0.46236086, -0.29487914,
       -0.16928676,  0.04859276,  0.30769012, -0.14182824,  0.1856931 ,
        0.25186664,  0.2519788 ,  0.30749277,  0.35067624, -0.0576971 ,
        0.25305632, -0.04718979,  0.31620184, -0.00876273, -0.26707056,
        0.33018163, -0.14580341,  0.0355607 ,  0.15288286, -0.45154583,
       -0.30988985, -0.34836348, -0.35737768,  0.01341444]) 

Generation: 272 
 - Generation Avg Fit: 4830.080492492242 
 - Best Fitness: 6077.895990066661 
 - Worst Fitness: 0.0
 - Best Solution: array([ 0.14770446, -0.07021852,  0.37241115,  0.40814024, -0.1956073 ,
       -0.23752868,  0.15425155,  0.07393085, -0.0497901 , -0.14215818,
        0.05594981, -0.53346463,  0.09217398, -0.25484126,  0.02135494,
       -0.33247541, -0.38753205,  0.3068129 ,  0.28409018, -0.41933262,
       -0.01052311, -0.06053749, -0.00678373,  0.2831559 , -0.08529111,
        0.06374322,  0.43612013, -0.24162432, -0.18150024, -0.43717209,
        0.23145453, -0.29517862,  0.15924851,  0.05542395,  0.23226921,
       -0.34367702, -0.09431453,  0.01459268, -0.46236086, -0.29487914,
       -0.16928676,  0.04859276,  0.30769012, -0.14182824,  0.1856931 ,
        0.25186664,  0.2519788 ,  0.30749277,  0.35067624, -0.0576971 ,
        0.25305632, -0.04718979,  0.31620184, -0.00876273, -0.26707056,
        0.33018163, -0.14580341,  0.0355607 ,  0.15288286, -0.45154583,
       -0.30988985, -0.34836348, -0.35737768,  0.01341444]) 

Generation: 273 
 - Generation Avg Fit: 4984.0532321711835 
 - Best Fitness: 6077.895990066661 
 - Worst Fitness: 0.0
 - Best Solution: array([ 0.14770446, -0.07021852,  0.37241115,  0.40814024, -0.1956073 ,
       -0.23752868,  0.15425155,  0.07393085, -0.0497901 , -0.14215818,
        0.05594981, -0.53346463,  0.09217398, -0.25484126,  0.02135494,
       -0.33247541, -0.38753205,  0.3068129 ,  0.28409018, -0.41933262,
       -0.01052311, -0.06053749, -0.00678373,  0.2831559 , -0.08529111,
        0.06374322,  0.43612013, -0.24162432, -0.18150024, -0.43717209,
        0.23145453, -0.29517862,  0.15924851,  0.05542395,  0.23226921,
       -0.34367702, -0.09431453,  0.01459268, -0.46236086, -0.29487914,
       -0.16928676,  0.04859276,  0.30769012, -0.14182824,  0.1856931 ,
        0.25186664,  0.2519788 ,  0.30749277,  0.35067624, -0.0576971 ,
        0.25305632, -0.04718979,  0.31620184, -0.00876273, -0.26707056,
        0.33018163, -0.14580341,  0.0355607 ,  0.15288286, -0.45154583,
       -0.30988985, -0.34836348, -0.35737768,  0.01341444]) 

Generation: 274 
 - Generation Avg Fit: 4918.173389276799 
 - Best Fitness: 6077.895990066661 
 - Worst Fitness: 0.0
 - Best Solution: array([ 0.14770446, -0.07021852,  0.37241115,  0.40814024, -0.1956073 ,
       -0.23752868,  0.15425155,  0.07393085, -0.0497901 , -0.14215818,
        0.05594981, -0.53346463,  0.09217398, -0.25484126,  0.02135494,
       -0.33247541, -0.38753205,  0.3068129 ,  0.28409018, -0.41933262,
       -0.01052311, -0.06053749, -0.00678373,  0.2831559 , -0.08529111,
        0.06374322,  0.43612013, -0.24162432, -0.18150024, -0.43717209,
        0.23145453, -0.29517862,  0.15924851,  0.05542395,  0.23226921,
       -0.34367702, -0.09431453,  0.01459268, -0.46236086, -0.29487914,
       -0.16928676,  0.04859276,  0.30769012, -0.14182824,  0.1856931 ,
        0.25186664,  0.2519788 ,  0.30749277,  0.35067624, -0.0576971 ,
        0.25305632, -0.04718979,  0.31620184, -0.00876273, -0.26707056,
        0.33018163, -0.14580341,  0.0355607 ,  0.15288286, -0.45154583,
       -0.30988985, -0.34836348, -0.35737768,  0.01341444]) 

Generation: 275 
 - Generation Avg Fit: 4906.2668903534595 
 - Best Fitness: 6077.895990066661 
 - Worst Fitness: 0.0
 - Best Solution: array([ 0.14770446, -0.07021852,  0.37241115,  0.40814024, -0.1956073 ,
       -0.23752868,  0.15425155,  0.07393085, -0.0497901 , -0.14215818,
        0.05594981, -0.53346463,  0.09217398, -0.25484126,  0.02135494,
       -0.33247541, -0.38753205,  0.3068129 ,  0.28409018, -0.41933262,
       -0.01052311, -0.06053749, -0.00678373,  0.2831559 , -0.08529111,
        0.06374322,  0.43612013, -0.24162432, -0.18150024, -0.43717209,
        0.23145453, -0.29517862,  0.15924851,  0.05542395,  0.23226921,
       -0.34367702, -0.09431453,  0.01459268, -0.46236086, -0.29487914,
       -0.16928676,  0.04859276,  0.30769012, -0.14182824,  0.1856931 ,
        0.25186664,  0.2519788 ,  0.30749277,  0.35067624, -0.0576971 ,
        0.25305632, -0.04718979,  0.31620184, -0.00876273, -0.26707056,
        0.33018163, -0.14580341,  0.0355607 ,  0.15288286, -0.45154583,
       -0.30988985, -0.34836348, -0.35737768,  0.01341444]) 

Generation: 276 
 - Generation Avg Fit: 4774.488426012626 
 - Best Fitness: 6077.895990066661 
 - Worst Fitness: 0.0
 - Best Solution: array([ 0.14770446, -0.07021852,  0.37241115,  0.40814024, -0.1956073 ,
       -0.23752868,  0.15425155,  0.07393085, -0.0497901 , -0.14215818,
        0.05594981, -0.53346463,  0.09217398, -0.25484126,  0.02135494,
       -0.33247541, -0.38753205,  0.3068129 ,  0.28409018, -0.41933262,
       -0.01052311, -0.06053749, -0.00678373,  0.2831559 , -0.08529111,
        0.06374322,  0.43612013, -0.24162432, -0.18150024, -0.43717209,
        0.23145453, -0.29517862,  0.15924851,  0.05542395,  0.23226921,
       -0.34367702, -0.09431453,  0.01459268, -0.46236086, -0.29487914,
       -0.16928676,  0.04859276,  0.30769012, -0.14182824,  0.1856931 ,
        0.25186664,  0.2519788 ,  0.30749277,  0.35067624, -0.0576971 ,
        0.25305632, -0.04718979,  0.31620184, -0.00876273, -0.26707056,
        0.33018163, -0.14580341,  0.0355607 ,  0.15288286, -0.45154583,
       -0.30988985, -0.34836348, -0.35737768,  0.01341444]) 

Generation: 277 
 - Generation Avg Fit: 4578.865792202564 
 - Best Fitness: 6077.895990066661 
 - Worst Fitness: 0.0
 - Best Solution: array([ 0.14770446, -0.07021852,  0.37241115,  0.40814024, -0.1956073 ,
       -0.23752868,  0.15425155,  0.07393085, -0.0497901 , -0.14215818,
        0.05594981, -0.53346463,  0.09217398, -0.25484126,  0.02135494,
       -0.33247541, -0.38753205,  0.3068129 ,  0.28409018, -0.41933262,
       -0.01052311, -0.06053749, -0.00678373,  0.2831559 , -0.08529111,
        0.06374322,  0.43612013, -0.24162432, -0.18150024, -0.43717209,
        0.23145453, -0.29517862,  0.15924851,  0.05542395,  0.23226921,
       -0.34367702, -0.09431453,  0.01459268, -0.46236086, -0.29487914,
       -0.16928676,  0.04859276,  0.30769012, -0.14182824,  0.1856931 ,
        0.25186664,  0.2519788 ,  0.30749277,  0.35067624, -0.0576971 ,
        0.25305632, -0.04718979,  0.31620184, -0.00876273, -0.26707056,
        0.33018163, -0.14580341,  0.0355607 ,  0.15288286, -0.45154583,
       -0.30988985, -0.34836348, -0.35737768,  0.01341444]) 

Generation: 278 
 - Generation Avg Fit: 4695.924220843747 
 - Best Fitness: 6077.895990066661 
 - Worst Fitness: 0.0
 - Best Solution: array([ 0.14770446, -0.07021852,  0.37241115,  0.40814024, -0.1956073 ,
       -0.23752868,  0.15425155,  0.07393085, -0.0497901 , -0.14215818,
        0.05594981, -0.53346463,  0.09217398, -0.25484126,  0.02135494,
       -0.33247541, -0.38753205,  0.3068129 ,  0.28409018, -0.41933262,
       -0.01052311, -0.06053749, -0.00678373,  0.2831559 , -0.08529111,
        0.06374322,  0.43612013, -0.24162432, -0.18150024, -0.43717209,
        0.23145453, -0.29517862,  0.15924851,  0.05542395,  0.23226921,
       -0.34367702, -0.09431453,  0.01459268, -0.46236086, -0.29487914,
       -0.16928676,  0.04859276,  0.30769012, -0.14182824,  0.1856931 ,
        0.25186664,  0.2519788 ,  0.30749277,  0.35067624, -0.0576971 ,
        0.25305632, -0.04718979,  0.31620184, -0.00876273, -0.26707056,
        0.33018163, -0.14580341,  0.0355607 ,  0.15288286, -0.45154583,
       -0.30988985, -0.34836348, -0.35737768,  0.01341444]) 

Generation: 279 
 - Generation Avg Fit: 4866.739722291332 
 - Best Fitness: 6077.895990066661 
 - Worst Fitness: 0.0
 - Best Solution: array([ 0.14770446, -0.07021852,  0.37241115,  0.40814024, -0.1956073 ,
       -0.23752868,  0.15425155,  0.07393085, -0.0497901 , -0.14215818,
        0.05594981, -0.53346463,  0.09217398, -0.25484126,  0.02135494,
       -0.33247541, -0.38753205,  0.3068129 ,  0.28409018, -0.41933262,
       -0.01052311, -0.06053749, -0.00678373,  0.2831559 , -0.08529111,
        0.06374322,  0.43612013, -0.24162432, -0.18150024, -0.43717209,
        0.23145453, -0.29517862,  0.15924851,  0.05542395,  0.23226921,
       -0.34367702, -0.09431453,  0.01459268, -0.46236086, -0.29487914,
       -0.16928676,  0.04859276,  0.30769012, -0.14182824,  0.1856931 ,
        0.25186664,  0.2519788 ,  0.30749277,  0.35067624, -0.0576971 ,
        0.25305632, -0.04718979,  0.31620184, -0.00876273, -0.26707056,
        0.33018163, -0.14580341,  0.0355607 ,  0.15288286, -0.45154583,
       -0.30988985, -0.34836348, -0.35737768,  0.01341444]) 

Generation: 280 
 - Generation Avg Fit: 4758.271833461342 
 - Best Fitness: 6077.895990066661 
 - Worst Fitness: 0.0
 - Best Solution: array([ 0.14770446, -0.07021852,  0.37241115,  0.40814024, -0.1956073 ,
       -0.23752868,  0.15425155,  0.07393085, -0.0497901 , -0.14215818,
        0.05594981, -0.53346463,  0.09217398, -0.25484126,  0.02135494,
       -0.33247541, -0.38753205,  0.3068129 ,  0.28409018, -0.41933262,
       -0.01052311, -0.06053749, -0.00678373,  0.2831559 , -0.08529111,
        0.06374322,  0.43612013, -0.24162432, -0.18150024, -0.43717209,
        0.23145453, -0.29517862,  0.15924851,  0.05542395,  0.23226921,
       -0.34367702, -0.09431453,  0.01459268, -0.46236086, -0.29487914,
       -0.16928676,  0.04859276,  0.30769012, -0.14182824,  0.1856931 ,
        0.25186664,  0.2519788 ,  0.30749277,  0.35067624, -0.0576971 ,
        0.25305632, -0.04718979,  0.31620184, -0.00876273, -0.26707056,
        0.33018163, -0.14580341,  0.0355607 ,  0.15288286, -0.45154583,
       -0.30988985, -0.34836348, -0.35737768,  0.01341444]) 

Generation: 281 
 - Generation Avg Fit: 4982.992680510262 
 - Best Fitness: 6077.895990066661 
 - Worst Fitness: 0.0
 - Best Solution: array([ 0.14770446, -0.07021852,  0.37241115,  0.40814024, -0.1956073 ,
       -0.23752868,  0.15425155,  0.07393085, -0.0497901 , -0.14215818,
        0.05594981, -0.53346463,  0.09217398, -0.25484126,  0.02135494,
       -0.33247541, -0.38753205,  0.3068129 ,  0.28409018, -0.41933262,
       -0.01052311, -0.06053749, -0.00678373,  0.2831559 , -0.08529111,
        0.06374322,  0.43612013, -0.24162432, -0.18150024, -0.43717209,
        0.23145453, -0.29517862,  0.15924851,  0.05542395,  0.23226921,
       -0.34367702, -0.09431453,  0.01459268, -0.46236086, -0.29487914,
       -0.16928676,  0.04859276,  0.30769012, -0.14182824,  0.1856931 ,
        0.25186664,  0.2519788 ,  0.30749277,  0.35067624, -0.0576971 ,
        0.25305632, -0.04718979,  0.31620184, -0.00876273, -0.26707056,
        0.33018163, -0.14580341,  0.0355607 ,  0.15288286, -0.45154583,
       -0.30988985, -0.34836348, -0.35737768,  0.01341444]) 

Generation: 282 
 - Generation Avg Fit: 4617.48102001188 
 - Best Fitness: 6077.895990066661 
 - Worst Fitness: 0.0
 - Best Solution: array([ 0.14770446, -0.07021852,  0.37241115,  0.40814024, -0.1956073 ,
       -0.23752868,  0.15425155,  0.07393085, -0.0497901 , -0.14215818,
        0.05594981, -0.53346463,  0.09217398, -0.25484126,  0.02135494,
       -0.33247541, -0.38753205,  0.3068129 ,  0.28409018, -0.41933262,
       -0.01052311, -0.06053749, -0.00678373,  0.2831559 , -0.08529111,
        0.06374322,  0.43612013, -0.24162432, -0.18150024, -0.43717209,
        0.23145453, -0.29517862,  0.15924851,  0.05542395,  0.23226921,
       -0.34367702, -0.09431453,  0.01459268, -0.46236086, -0.29487914,
       -0.16928676,  0.04859276,  0.30769012, -0.14182824,  0.1856931 ,
        0.25186664,  0.2519788 ,  0.30749277,  0.35067624, -0.0576971 ,
        0.25305632, -0.04718979,  0.31620184, -0.00876273, -0.26707056,
        0.33018163, -0.14580341,  0.0355607 ,  0.15288286, -0.45154583,
       -0.30988985, -0.34836348, -0.35737768,  0.01341444]) 

Generation: 283 
 - Generation Avg Fit: 4585.480229134379 
 - Best Fitness: 6077.895990066661 
 - Worst Fitness: 0.0
 - Best Solution: array([ 0.14770446, -0.07021852,  0.37241115,  0.40814024, -0.1956073 ,
       -0.23752868,  0.15425155,  0.07393085, -0.0497901 , -0.14215818,
        0.05594981, -0.53346463,  0.09217398, -0.25484126,  0.02135494,
       -0.33247541, -0.38753205,  0.3068129 ,  0.28409018, -0.41933262,
       -0.01052311, -0.06053749, -0.00678373,  0.2831559 , -0.08529111,
        0.06374322,  0.43612013, -0.24162432, -0.18150024, -0.43717209,
        0.23145453, -0.29517862,  0.15924851,  0.05542395,  0.23226921,
       -0.34367702, -0.09431453,  0.01459268, -0.46236086, -0.29487914,
       -0.16928676,  0.04859276,  0.30769012, -0.14182824,  0.1856931 ,
        0.25186664,  0.2519788 ,  0.30749277,  0.35067624, -0.0576971 ,
        0.25305632, -0.04718979,  0.31620184, -0.00876273, -0.26707056,
        0.33018163, -0.14580341,  0.0355607 ,  0.15288286, -0.45154583,
       -0.30988985, -0.34836348, -0.35737768,  0.01341444]) 

Generation: 284 
 - Generation Avg Fit: 4763.662713788104 
 - Best Fitness: 6077.895990066661 
 - Worst Fitness: 0.0
 - Best Solution: array([ 0.14770446, -0.07021852,  0.37241115,  0.40814024, -0.1956073 ,
       -0.23752868,  0.15425155,  0.07393085, -0.0497901 , -0.14215818,
        0.05594981, -0.53346463,  0.09217398, -0.25484126,  0.02135494,
       -0.33247541, -0.38753205,  0.3068129 ,  0.28409018, -0.41933262,
       -0.01052311, -0.06053749, -0.00678373,  0.2831559 , -0.08529111,
        0.06374322,  0.43612013, -0.24162432, -0.18150024, -0.43717209,
        0.23145453, -0.29517862,  0.15924851,  0.05542395,  0.23226921,
       -0.34367702, -0.09431453,  0.01459268, -0.46236086, -0.29487914,
       -0.16928676,  0.04859276,  0.30769012, -0.14182824,  0.1856931 ,
        0.25186664,  0.2519788 ,  0.30749277,  0.35067624, -0.0576971 ,
        0.25305632, -0.04718979,  0.31620184, -0.00876273, -0.26707056,
        0.33018163, -0.14580341,  0.0355607 ,  0.15288286, -0.45154583,
       -0.30988985, -0.34836348, -0.35737768,  0.01341444]) 

Generation: 285 
 - Generation Avg Fit: 4734.213846320744 
 - Best Fitness: 6077.895990066661 
 - Worst Fitness: 0.0
 - Best Solution: array([ 0.14770446, -0.07021852,  0.37241115,  0.40814024, -0.1956073 ,
       -0.23752868,  0.15425155,  0.07393085, -0.0497901 , -0.14215818,
        0.05594981, -0.53346463,  0.09217398, -0.25484126,  0.02135494,
       -0.33247541, -0.38753205,  0.3068129 ,  0.28409018, -0.41933262,
       -0.01052311, -0.06053749, -0.00678373,  0.2831559 , -0.08529111,
        0.06374322,  0.43612013, -0.24162432, -0.18150024, -0.43717209,
        0.23145453, -0.29517862,  0.15924851,  0.05542395,  0.23226921,
       -0.34367702, -0.09431453,  0.01459268, -0.46236086, -0.29487914,
       -0.16928676,  0.04859276,  0.30769012, -0.14182824,  0.1856931 ,
        0.25186664,  0.2519788 ,  0.30749277,  0.35067624, -0.0576971 ,
        0.25305632, -0.04718979,  0.31620184, -0.00876273, -0.26707056,
        0.33018163, -0.14580341,  0.0355607 ,  0.15288286, -0.45154583,
       -0.30988985, -0.34836348, -0.35737768,  0.01341444]) 

Generation: 286 
 - Generation Avg Fit: 4763.394592609632 
 - Best Fitness: 6077.895990066661 
 - Worst Fitness: 0.0
 - Best Solution: array([ 0.14770446, -0.07021852,  0.37241115,  0.40814024, -0.1956073 ,
       -0.23752868,  0.15425155,  0.07393085, -0.0497901 , -0.14215818,
        0.05594981, -0.53346463,  0.09217398, -0.25484126,  0.02135494,
       -0.33247541, -0.38753205,  0.3068129 ,  0.28409018, -0.41933262,
       -0.01052311, -0.06053749, -0.00678373,  0.2831559 , -0.08529111,
        0.06374322,  0.43612013, -0.24162432, -0.18150024, -0.43717209,
        0.23145453, -0.29517862,  0.15924851,  0.05542395,  0.23226921,
       -0.34367702, -0.09431453,  0.01459268, -0.46236086, -0.29487914,
       -0.16928676,  0.04859276,  0.30769012, -0.14182824,  0.1856931 ,
        0.25186664,  0.2519788 ,  0.30749277,  0.35067624, -0.0576971 ,
        0.25305632, -0.04718979,  0.31620184, -0.00876273, -0.26707056,
        0.33018163, -0.14580341,  0.0355607 ,  0.15288286, -0.45154583,
       -0.30988985, -0.34836348, -0.35737768,  0.01341444]) 

Generation: 287 
 - Generation Avg Fit: 4761.977079274738 
 - Best Fitness: 6077.895990066661 
 - Worst Fitness: 0.0
 - Best Solution: array([ 0.14770446, -0.07021852,  0.37241115,  0.40814024, -0.1956073 ,
       -0.23752868,  0.15425155,  0.07393085, -0.0497901 , -0.14215818,
        0.05594981, -0.53346463,  0.09217398, -0.25484126,  0.02135494,
       -0.33247541, -0.38753205,  0.3068129 ,  0.28409018, -0.41933262,
       -0.01052311, -0.06053749, -0.00678373,  0.2831559 , -0.08529111,
        0.06374322,  0.43612013, -0.24162432, -0.18150024, -0.43717209,
        0.23145453, -0.29517862,  0.15924851,  0.05542395,  0.23226921,
       -0.34367702, -0.09431453,  0.01459268, -0.46236086, -0.29487914,
       -0.16928676,  0.04859276,  0.30769012, -0.14182824,  0.1856931 ,
        0.25186664,  0.2519788 ,  0.30749277,  0.35067624, -0.0576971 ,
        0.25305632, -0.04718979,  0.31620184, -0.00876273, -0.26707056,
        0.33018163, -0.14580341,  0.0355607 ,  0.15288286, -0.45154583,
       -0.30988985, -0.34836348, -0.35737768,  0.01341444]) 

Generation: 288 
 - Generation Avg Fit: 4627.498986521214 
 - Best Fitness: 6077.895990066661 
 - Worst Fitness: 0.0
 - Best Solution: array([ 0.14770446, -0.07021852,  0.37241115,  0.40814024, -0.1956073 ,
       -0.23752868,  0.15425155,  0.07393085, -0.0497901 , -0.14215818,
        0.05594981, -0.53346463,  0.09217398, -0.25484126,  0.02135494,
       -0.33247541, -0.38753205,  0.3068129 ,  0.28409018, -0.41933262,
       -0.01052311, -0.06053749, -0.00678373,  0.2831559 , -0.08529111,
        0.06374322,  0.43612013, -0.24162432, -0.18150024, -0.43717209,
        0.23145453, -0.29517862,  0.15924851,  0.05542395,  0.23226921,
       -0.34367702, -0.09431453,  0.01459268, -0.46236086, -0.29487914,
       -0.16928676,  0.04859276,  0.30769012, -0.14182824,  0.1856931 ,
        0.25186664,  0.2519788 ,  0.30749277,  0.35067624, -0.0576971 ,
        0.25305632, -0.04718979,  0.31620184, -0.00876273, -0.26707056,
        0.33018163, -0.14580341,  0.0355607 ,  0.15288286, -0.45154583,
       -0.30988985, -0.34836348, -0.35737768,  0.01341444]) 

Generation: 289 
 - Generation Avg Fit: 4679.507602284689 
 - Best Fitness: 6077.895990066661 
 - Worst Fitness: 0.0
 - Best Solution: array([ 0.14770446, -0.07021852,  0.37241115,  0.40814024, -0.1956073 ,
       -0.23752868,  0.15425155,  0.07393085, -0.0497901 , -0.14215818,
        0.05594981, -0.53346463,  0.09217398, -0.25484126,  0.02135494,
       -0.33247541, -0.38753205,  0.3068129 ,  0.28409018, -0.41933262,
       -0.01052311, -0.06053749, -0.00678373,  0.2831559 , -0.08529111,
        0.06374322,  0.43612013, -0.24162432, -0.18150024, -0.43717209,
        0.23145453, -0.29517862,  0.15924851,  0.05542395,  0.23226921,
       -0.34367702, -0.09431453,  0.01459268, -0.46236086, -0.29487914,
       -0.16928676,  0.04859276,  0.30769012, -0.14182824,  0.1856931 ,
        0.25186664,  0.2519788 ,  0.30749277,  0.35067624, -0.0576971 ,
        0.25305632, -0.04718979,  0.31620184, -0.00876273, -0.26707056,
        0.33018163, -0.14580341,  0.0355607 ,  0.15288286, -0.45154583,
       -0.30988985, -0.34836348, -0.35737768,  0.01341444]) 

Generation: 290 
 - Generation Avg Fit: 4996.9040691148975 
 - Best Fitness: 6077.895990066661 
 - Worst Fitness: 0.0
 - Best Solution: array([ 0.14770446, -0.07021852,  0.37241115,  0.40814024, -0.1956073 ,
       -0.23752868,  0.15425155,  0.07393085, -0.0497901 , -0.14215818,
        0.05594981, -0.53346463,  0.09217398, -0.25484126,  0.02135494,
       -0.33247541, -0.38753205,  0.3068129 ,  0.28409018, -0.41933262,
       -0.01052311, -0.06053749, -0.00678373,  0.2831559 , -0.08529111,
        0.06374322,  0.43612013, -0.24162432, -0.18150024, -0.43717209,
        0.23145453, -0.29517862,  0.15924851,  0.05542395,  0.23226921,
       -0.34367702, -0.09431453,  0.01459268, -0.46236086, -0.29487914,
       -0.16928676,  0.04859276,  0.30769012, -0.14182824,  0.1856931 ,
        0.25186664,  0.2519788 ,  0.30749277,  0.35067624, -0.0576971 ,
        0.25305632, -0.04718979,  0.31620184, -0.00876273, -0.26707056,
        0.33018163, -0.14580341,  0.0355607 ,  0.15288286, -0.45154583,
       -0.30988985, -0.34836348, -0.35737768,  0.01341444]) 

Generation: 291 
 - Generation Avg Fit: 4627.858956037797 
 - Best Fitness: 6077.895990066661 
 - Worst Fitness: 0.0
 - Best Solution: array([ 0.14770446, -0.07021852,  0.37241115,  0.40814024, -0.1956073 ,
       -0.23752868,  0.15425155,  0.07393085, -0.0497901 , -0.14215818,
        0.05594981, -0.53346463,  0.09217398, -0.25484126,  0.02135494,
       -0.33247541, -0.38753205,  0.3068129 ,  0.28409018, -0.41933262,
       -0.01052311, -0.06053749, -0.00678373,  0.2831559 , -0.08529111,
        0.06374322,  0.43612013, -0.24162432, -0.18150024, -0.43717209,
        0.23145453, -0.29517862,  0.15924851,  0.05542395,  0.23226921,
       -0.34367702, -0.09431453,  0.01459268, -0.46236086, -0.29487914,
       -0.16928676,  0.04859276,  0.30769012, -0.14182824,  0.1856931 ,
        0.25186664,  0.2519788 ,  0.30749277,  0.35067624, -0.0576971 ,
        0.25305632, -0.04718979,  0.31620184, -0.00876273, -0.26707056,
        0.33018163, -0.14580341,  0.0355607 ,  0.15288286, -0.45154583,
       -0.30988985, -0.34836348, -0.35737768,  0.01341444]) 

Generation: 292 
 - Generation Avg Fit: 4749.561134828097 
 - Best Fitness: 6077.895990066661 
 - Worst Fitness: 0.0
 - Best Solution: array([ 0.14770446, -0.07021852,  0.37241115,  0.40814024, -0.1956073 ,
       -0.23752868,  0.15425155,  0.07393085, -0.0497901 , -0.14215818,
        0.05594981, -0.53346463,  0.09217398, -0.25484126,  0.02135494,
       -0.33247541, -0.38753205,  0.3068129 ,  0.28409018, -0.41933262,
       -0.01052311, -0.06053749, -0.00678373,  0.2831559 , -0.08529111,
        0.06374322,  0.43612013, -0.24162432, -0.18150024, -0.43717209,
        0.23145453, -0.29517862,  0.15924851,  0.05542395,  0.23226921,
       -0.34367702, -0.09431453,  0.01459268, -0.46236086, -0.29487914,
       -0.16928676,  0.04859276,  0.30769012, -0.14182824,  0.1856931 ,
        0.25186664,  0.2519788 ,  0.30749277,  0.35067624, -0.0576971 ,
        0.25305632, -0.04718979,  0.31620184, -0.00876273, -0.26707056,
        0.33018163, -0.14580341,  0.0355607 ,  0.15288286, -0.45154583,
       -0.30988985, -0.34836348, -0.35737768,  0.01341444]) 

Generation: 293 
 - Generation Avg Fit: 4691.722921568038 
 - Best Fitness: 6077.895990066661 
 - Worst Fitness: 0.0
 - Best Solution: array([ 0.14770446, -0.07021852,  0.37241115,  0.40814024, -0.1956073 ,
       -0.23752868,  0.15425155,  0.07393085, -0.0497901 , -0.14215818,
        0.05594981, -0.53346463,  0.09217398, -0.25484126,  0.02135494,
       -0.33247541, -0.38753205,  0.3068129 ,  0.28409018, -0.41933262,
       -0.01052311, -0.06053749, -0.00678373,  0.2831559 , -0.08529111,
        0.06374322,  0.43612013, -0.24162432, -0.18150024, -0.43717209,
        0.23145453, -0.29517862,  0.15924851,  0.05542395,  0.23226921,
       -0.34367702, -0.09431453,  0.01459268, -0.46236086, -0.29487914,
       -0.16928676,  0.04859276,  0.30769012, -0.14182824,  0.1856931 ,
        0.25186664,  0.2519788 ,  0.30749277,  0.35067624, -0.0576971 ,
        0.25305632, -0.04718979,  0.31620184, -0.00876273, -0.26707056,
        0.33018163, -0.14580341,  0.0355607 ,  0.15288286, -0.45154583,
       -0.30988985, -0.34836348, -0.35737768,  0.01341444]) 

Generation: 294 
 - Generation Avg Fit: 4955.537614214142 
 - Best Fitness: 6077.895990066661 
 - Worst Fitness: 0.0
 - Best Solution: array([ 0.14770446, -0.07021852,  0.37241115,  0.40814024, -0.1956073 ,
       -0.23752868,  0.15425155,  0.07393085, -0.0497901 , -0.14215818,
        0.05594981, -0.53346463,  0.09217398, -0.25484126,  0.02135494,
       -0.33247541, -0.38753205,  0.3068129 ,  0.28409018, -0.41933262,
       -0.01052311, -0.06053749, -0.00678373,  0.2831559 , -0.08529111,
        0.06374322,  0.43612013, -0.24162432, -0.18150024, -0.43717209,
        0.23145453, -0.29517862,  0.15924851,  0.05542395,  0.23226921,
       -0.34367702, -0.09431453,  0.01459268, -0.46236086, -0.29487914,
       -0.16928676,  0.04859276,  0.30769012, -0.14182824,  0.1856931 ,
        0.25186664,  0.2519788 ,  0.30749277,  0.35067624, -0.0576971 ,
        0.25305632, -0.04718979,  0.31620184, -0.00876273, -0.26707056,
        0.33018163, -0.14580341,  0.0355607 ,  0.15288286, -0.45154583,
       -0.30988985, -0.34836348, -0.35737768,  0.01341444]) 

Generation: 295 
 - Generation Avg Fit: 4628.716953559305 
 - Best Fitness: 6077.895990066661 
 - Worst Fitness: 0.0
 - Best Solution: array([ 0.14770446, -0.07021852,  0.37241115,  0.40814024, -0.1956073 ,
       -0.23752868,  0.15425155,  0.07393085, -0.0497901 , -0.14215818,
        0.05594981, -0.53346463,  0.09217398, -0.25484126,  0.02135494,
       -0.33247541, -0.38753205,  0.3068129 ,  0.28409018, -0.41933262,
       -0.01052311, -0.06053749, -0.00678373,  0.2831559 , -0.08529111,
        0.06374322,  0.43612013, -0.24162432, -0.18150024, -0.43717209,
        0.23145453, -0.29517862,  0.15924851,  0.05542395,  0.23226921,
       -0.34367702, -0.09431453,  0.01459268, -0.46236086, -0.29487914,
       -0.16928676,  0.04859276,  0.30769012, -0.14182824,  0.1856931 ,
        0.25186664,  0.2519788 ,  0.30749277,  0.35067624, -0.0576971 ,
        0.25305632, -0.04718979,  0.31620184, -0.00876273, -0.26707056,
        0.33018163, -0.14580341,  0.0355607 ,  0.15288286, -0.45154583,
       -0.30988985, -0.34836348, -0.35737768,  0.01341444]) 

Generation: 296 
 - Generation Avg Fit: 4813.059918113981 
 - Best Fitness: 6077.895990066661 
 - Worst Fitness: 0.0
 - Best Solution: array([ 0.14770446, -0.07021852,  0.37241115,  0.40814024, -0.1956073 ,
       -0.23752868,  0.15425155,  0.07393085, -0.0497901 , -0.14215818,
        0.05594981, -0.53346463,  0.09217398, -0.25484126,  0.02135494,
       -0.33247541, -0.38753205,  0.3068129 ,  0.28409018, -0.41933262,
       -0.01052311, -0.06053749, -0.00678373,  0.2831559 , -0.08529111,
        0.06374322,  0.43612013, -0.24162432, -0.18150024, -0.43717209,
        0.23145453, -0.29517862,  0.15924851,  0.05542395,  0.23226921,
       -0.34367702, -0.09431453,  0.01459268, -0.46236086, -0.29487914,
       -0.16928676,  0.04859276,  0.30769012, -0.14182824,  0.1856931 ,
        0.25186664,  0.2519788 ,  0.30749277,  0.35067624, -0.0576971 ,
        0.25305632, -0.04718979,  0.31620184, -0.00876273, -0.26707056,
        0.33018163, -0.14580341,  0.0355607 ,  0.15288286, -0.45154583,
       -0.30988985, -0.34836348, -0.35737768,  0.01341444]) 

Generation: 297 
 - Generation Avg Fit: 4915.5110357833255 
 - Best Fitness: 6077.895990066661 
 - Worst Fitness: 0.0
 - Best Solution: array([ 0.14770446, -0.07021852,  0.37241115,  0.40814024, -0.1956073 ,
       -0.23752868,  0.15425155,  0.07393085, -0.0497901 , -0.14215818,
        0.05594981, -0.53346463,  0.09217398, -0.25484126,  0.02135494,
       -0.33247541, -0.38753205,  0.3068129 ,  0.28409018, -0.41933262,
       -0.01052311, -0.06053749, -0.00678373,  0.2831559 , -0.08529111,
        0.06374322,  0.43612013, -0.24162432, -0.18150024, -0.43717209,
        0.23145453, -0.29517862,  0.15924851,  0.05542395,  0.23226921,
       -0.34367702, -0.09431453,  0.01459268, -0.46236086, -0.29487914,
       -0.16928676,  0.04859276,  0.30769012, -0.14182824,  0.1856931 ,
        0.25186664,  0.2519788 ,  0.30749277,  0.35067624, -0.0576971 ,
        0.25305632, -0.04718979,  0.31620184, -0.00876273, -0.26707056,
        0.33018163, -0.14580341,  0.0355607 ,  0.15288286, -0.45154583,
       -0.30988985, -0.34836348, -0.35737768,  0.01341444]) 

Generation: 298 
 - Generation Avg Fit: 4751.622811115099 
 - Best Fitness: 6077.895990066661 
 - Worst Fitness: 0.0
 - Best Solution: array([ 0.14770446, -0.07021852,  0.37241115,  0.40814024, -0.1956073 ,
       -0.23752868,  0.15425155,  0.07393085, -0.0497901 , -0.14215818,
        0.05594981, -0.53346463,  0.09217398, -0.25484126,  0.02135494,
       -0.33247541, -0.38753205,  0.3068129 ,  0.28409018, -0.41933262,
       -0.01052311, -0.06053749, -0.00678373,  0.2831559 , -0.08529111,
        0.06374322,  0.43612013, -0.24162432, -0.18150024, -0.43717209,
        0.23145453, -0.29517862,  0.15924851,  0.05542395,  0.23226921,
       -0.34367702, -0.09431453,  0.01459268, -0.46236086, -0.29487914,
       -0.16928676,  0.04859276,  0.30769012, -0.14182824,  0.1856931 ,
        0.25186664,  0.2519788 ,  0.30749277,  0.35067624, -0.0576971 ,
        0.25305632, -0.04718979,  0.31620184, -0.00876273, -0.26707056,
        0.33018163, -0.14580341,  0.0355607 ,  0.15288286, -0.45154583,
       -0.30988985, -0.34836348, -0.35737768,  0.01341444]) 

Generation: 299 
 - Generation Avg Fit: 4701.698019307992 
 - Best Fitness: 6077.895990066661 
 - Worst Fitness: 0.0
 - Best Solution: array([ 0.14770446, -0.07021852,  0.37241115,  0.40814024, -0.1956073 ,
       -0.23752868,  0.15425155,  0.07393085, -0.0497901 , -0.14215818,
        0.05594981, -0.53346463,  0.09217398, -0.25484126,  0.02135494,
       -0.33247541, -0.38753205,  0.3068129 ,  0.28409018, -0.41933262,
       -0.01052311, -0.06053749, -0.00678373,  0.2831559 , -0.08529111,
        0.06374322,  0.43612013, -0.24162432, -0.18150024, -0.43717209,
        0.23145453, -0.29517862,  0.15924851,  0.05542395,  0.23226921,
       -0.34367702, -0.09431453,  0.01459268, -0.46236086, -0.29487914,
       -0.16928676,  0.04859276,  0.30769012, -0.14182824,  0.1856931 ,
        0.25186664,  0.2519788 ,  0.30749277,  0.35067624, -0.0576971 ,
        0.25305632, -0.04718979,  0.31620184, -0.00876273, -0.26707056,
        0.33018163, -0.14580341,  0.0355607 ,  0.15288286, -0.45154583,
       -0.30988985, -0.34836348, -0.35737768,  0.01341444]) 

Generation: 300 
 - Generation Avg Fit: 4946.20027113007 
 - Best Fitness: 6077.895990066661 
 - Worst Fitness: 0.0
 - Best Solution: array([ 0.14770446, -0.07021852,  0.37241115,  0.40814024, -0.1956073 ,
       -0.23752868,  0.15425155,  0.07393085, -0.0497901 , -0.14215818,
        0.05594981, -0.53346463,  0.09217398, -0.25484126,  0.02135494,
       -0.33247541, -0.38753205,  0.3068129 ,  0.28409018, -0.41933262,
       -0.01052311, -0.06053749, -0.00678373,  0.2831559 , -0.08529111,
        0.06374322,  0.43612013, -0.24162432, -0.18150024, -0.43717209,
        0.23145453, -0.29517862,  0.15924851,  0.05542395,  0.23226921,
       -0.34367702, -0.09431453,  0.01459268, -0.46236086, -0.29487914,
       -0.16928676,  0.04859276,  0.30769012, -0.14182824,  0.1856931 ,
        0.25186664,  0.2519788 ,  0.30749277,  0.35067624, -0.0576971 ,
        0.25305632, -0.04718979,  0.31620184, -0.00876273, -0.26707056,
        0.33018163, -0.14580341,  0.0355607 ,  0.15288286, -0.45154583,
       -0.30988985, -0.34836348, -0.35737768,  0.01341444]) 

Generation: 301 
 - Generation Avg Fit: 4695.166571899497 
 - Best Fitness: 6077.895990066661 
 - Worst Fitness: 0.0
 - Best Solution: array([ 0.14770446, -0.07021852,  0.37241115,  0.40814024, -0.1956073 ,
       -0.23752868,  0.15425155,  0.07393085, -0.0497901 , -0.14215818,
        0.05594981, -0.53346463,  0.09217398, -0.25484126,  0.02135494,
       -0.33247541, -0.38753205,  0.3068129 ,  0.28409018, -0.41933262,
       -0.01052311, -0.06053749, -0.00678373,  0.2831559 , -0.08529111,
        0.06374322,  0.43612013, -0.24162432, -0.18150024, -0.43717209,
        0.23145453, -0.29517862,  0.15924851,  0.05542395,  0.23226921,
       -0.34367702, -0.09431453,  0.01459268, -0.46236086, -0.29487914,
       -0.16928676,  0.04859276,  0.30769012, -0.14182824,  0.1856931 ,
        0.25186664,  0.2519788 ,  0.30749277,  0.35067624, -0.0576971 ,
        0.25305632, -0.04718979,  0.31620184, -0.00876273, -0.26707056,
        0.33018163, -0.14580341,  0.0355607 ,  0.15288286, -0.45154583,
       -0.30988985, -0.34836348, -0.35737768,  0.01341444]) 

Generation: 302 
 - Generation Avg Fit: 4846.180952293363 
 - Best Fitness: 6077.895990066661 
 - Worst Fitness: 0.0
 - Best Solution: array([ 0.14770446, -0.07021852,  0.37241115,  0.40814024, -0.1956073 ,
       -0.23752868,  0.15425155,  0.07393085, -0.0497901 , -0.14215818,
        0.05594981, -0.53346463,  0.09217398, -0.25484126,  0.02135494,
       -0.33247541, -0.38753205,  0.3068129 ,  0.28409018, -0.41933262,
       -0.01052311, -0.06053749, -0.00678373,  0.2831559 , -0.08529111,
        0.06374322,  0.43612013, -0.24162432, -0.18150024, -0.43717209,
        0.23145453, -0.29517862,  0.15924851,  0.05542395,  0.23226921,
       -0.34367702, -0.09431453,  0.01459268, -0.46236086, -0.29487914,
       -0.16928676,  0.04859276,  0.30769012, -0.14182824,  0.1856931 ,
        0.25186664,  0.2519788 ,  0.30749277,  0.35067624, -0.0576971 ,
        0.25305632, -0.04718979,  0.31620184, -0.00876273, -0.26707056,
        0.33018163, -0.14580341,  0.0355607 ,  0.15288286, -0.45154583,
       -0.30988985, -0.34836348, -0.35737768,  0.01341444]) 

Generation: 303 
 - Generation Avg Fit: 4666.256637585862 
 - Best Fitness: 6077.895990066661 
 - Worst Fitness: 0.0
 - Best Solution: array([ 0.14770446, -0.07021852,  0.37241115,  0.40814024, -0.1956073 ,
       -0.23752868,  0.15425155,  0.07393085, -0.0497901 , -0.14215818,
        0.05594981, -0.53346463,  0.09217398, -0.25484126,  0.02135494,
       -0.33247541, -0.38753205,  0.3068129 ,  0.28409018, -0.41933262,
       -0.01052311, -0.06053749, -0.00678373,  0.2831559 , -0.08529111,
        0.06374322,  0.43612013, -0.24162432, -0.18150024, -0.43717209,
        0.23145453, -0.29517862,  0.15924851,  0.05542395,  0.23226921,
       -0.34367702, -0.09431453,  0.01459268, -0.46236086, -0.29487914,
       -0.16928676,  0.04859276,  0.30769012, -0.14182824,  0.1856931 ,
        0.25186664,  0.2519788 ,  0.30749277,  0.35067624, -0.0576971 ,
        0.25305632, -0.04718979,  0.31620184, -0.00876273, -0.26707056,
        0.33018163, -0.14580341,  0.0355607 ,  0.15288286, -0.45154583,
       -0.30988985, -0.34836348, -0.35737768,  0.01341444]) 

Generation: 304 
 - Generation Avg Fit: 4720.094512709343 
 - Best Fitness: 6077.895990066661 
 - Worst Fitness: 0.0
 - Best Solution: array([ 0.14770446, -0.07021852,  0.37241115,  0.40814024, -0.1956073 ,
       -0.23752868,  0.15425155,  0.07393085, -0.0497901 , -0.14215818,
        0.05594981, -0.53346463,  0.09217398, -0.25484126,  0.02135494,
       -0.33247541, -0.38753205,  0.3068129 ,  0.28409018, -0.41933262,
       -0.01052311, -0.06053749, -0.00678373,  0.2831559 , -0.08529111,
        0.06374322,  0.43612013, -0.24162432, -0.18150024, -0.43717209,
        0.23145453, -0.29517862,  0.15924851,  0.05542395,  0.23226921,
       -0.34367702, -0.09431453,  0.01459268, -0.46236086, -0.29487914,
       -0.16928676,  0.04859276,  0.30769012, -0.14182824,  0.1856931 ,
        0.25186664,  0.2519788 ,  0.30749277,  0.35067624, -0.0576971 ,
        0.25305632, -0.04718979,  0.31620184, -0.00876273, -0.26707056,
        0.33018163, -0.14580341,  0.0355607 ,  0.15288286, -0.45154583,
       -0.30988985, -0.34836348, -0.35737768,  0.01341444]) 

Generation: 305 
 - Generation Avg Fit: 4758.624535829601 
 - Best Fitness: 6077.895990066661 
 - Worst Fitness: 0.0
 - Best Solution: array([ 0.14770446, -0.07021852,  0.37241115,  0.40814024, -0.1956073 ,
       -0.23752868,  0.15425155,  0.07393085, -0.0497901 , -0.14215818,
        0.05594981, -0.53346463,  0.09217398, -0.25484126,  0.02135494,
       -0.33247541, -0.38753205,  0.3068129 ,  0.28409018, -0.41933262,
       -0.01052311, -0.06053749, -0.00678373,  0.2831559 , -0.08529111,
        0.06374322,  0.43612013, -0.24162432, -0.18150024, -0.43717209,
        0.23145453, -0.29517862,  0.15924851,  0.05542395,  0.23226921,
       -0.34367702, -0.09431453,  0.01459268, -0.46236086, -0.29487914,
       -0.16928676,  0.04859276,  0.30769012, -0.14182824,  0.1856931 ,
        0.25186664,  0.2519788 ,  0.30749277,  0.35067624, -0.0576971 ,
        0.25305632, -0.04718979,  0.31620184, -0.00876273, -0.26707056,
        0.33018163, -0.14580341,  0.0355607 ,  0.15288286, -0.45154583,
       -0.30988985, -0.34836348, -0.35737768,  0.01341444]) 

Generation: 306 
 - Generation Avg Fit: 4987.60397653174 
 - Best Fitness: 6077.895990066661 
 - Worst Fitness: 0.0
 - Best Solution: array([ 0.14770446, -0.07021852,  0.37241115,  0.40814024, -0.1956073 ,
       -0.23752868,  0.15425155,  0.07393085, -0.0497901 , -0.14215818,
        0.05594981, -0.53346463,  0.09217398, -0.25484126,  0.02135494,
       -0.33247541, -0.38753205,  0.3068129 ,  0.28409018, -0.41933262,
       -0.01052311, -0.06053749, -0.00678373,  0.2831559 , -0.08529111,
        0.06374322,  0.43612013, -0.24162432, -0.18150024, -0.43717209,
        0.23145453, -0.29517862,  0.15924851,  0.05542395,  0.23226921,
       -0.34367702, -0.09431453,  0.01459268, -0.46236086, -0.29487914,
       -0.16928676,  0.04859276,  0.30769012, -0.14182824,  0.1856931 ,
        0.25186664,  0.2519788 ,  0.30749277,  0.35067624, -0.0576971 ,
        0.25305632, -0.04718979,  0.31620184, -0.00876273, -0.26707056,
        0.33018163, -0.14580341,  0.0355607 ,  0.15288286, -0.45154583,
       -0.30988985, -0.34836348, -0.35737768,  0.01341444]) 

Generation: 307 
 - Generation Avg Fit: 4847.980847769652 
 - Best Fitness: 6077.895990066661 
 - Worst Fitness: 0.0
 - Best Solution: array([ 0.14770446, -0.07021852,  0.37241115,  0.40814024, -0.1956073 ,
       -0.23752868,  0.15425155,  0.07393085, -0.0497901 , -0.14215818,
        0.05594981, -0.53346463,  0.09217398, -0.25484126,  0.02135494,
       -0.33247541, -0.38753205,  0.3068129 ,  0.28409018, -0.41933262,
       -0.01052311, -0.06053749, -0.00678373,  0.2831559 , -0.08529111,
        0.06374322,  0.43612013, -0.24162432, -0.18150024, -0.43717209,
        0.23145453, -0.29517862,  0.15924851,  0.05542395,  0.23226921,
       -0.34367702, -0.09431453,  0.01459268, -0.46236086, -0.29487914,
       -0.16928676,  0.04859276,  0.30769012, -0.14182824,  0.1856931 ,
        0.25186664,  0.2519788 ,  0.30749277,  0.35067624, -0.0576971 ,
        0.25305632, -0.04718979,  0.31620184, -0.00876273, -0.26707056,
        0.33018163, -0.14580341,  0.0355607 ,  0.15288286, -0.45154583,
       -0.30988985, -0.34836348, -0.35737768,  0.01341444]) 

Generation: 308 
 - Generation Avg Fit: 4711.21185083597 
 - Best Fitness: 6077.895990066661 
 - Worst Fitness: 0.0
 - Best Solution: array([ 0.14770446, -0.07021852,  0.37241115,  0.40814024, -0.1956073 ,
       -0.23752868,  0.15425155,  0.07393085, -0.0497901 , -0.14215818,
        0.05594981, -0.53346463,  0.09217398, -0.25484126,  0.02135494,
       -0.33247541, -0.38753205,  0.3068129 ,  0.28409018, -0.41933262,
       -0.01052311, -0.06053749, -0.00678373,  0.2831559 , -0.08529111,
        0.06374322,  0.43612013, -0.24162432, -0.18150024, -0.43717209,
        0.23145453, -0.29517862,  0.15924851,  0.05542395,  0.23226921,
       -0.34367702, -0.09431453,  0.01459268, -0.46236086, -0.29487914,
       -0.16928676,  0.04859276,  0.30769012, -0.14182824,  0.1856931 ,
        0.25186664,  0.2519788 ,  0.30749277,  0.35067624, -0.0576971 ,
        0.25305632, -0.04718979,  0.31620184, -0.00876273, -0.26707056,
        0.33018163, -0.14580341,  0.0355607 ,  0.15288286, -0.45154583,
       -0.30988985, -0.34836348, -0.35737768,  0.01341444]) 

Generation: 309 
 - Generation Avg Fit: 4754.172583376298 
 - Best Fitness: 6077.895990066661 
 - Worst Fitness: 0.0
 - Best Solution: array([ 0.14770446, -0.07021852,  0.37241115,  0.40814024, -0.1956073 ,
       -0.23752868,  0.15425155,  0.07393085, -0.0497901 , -0.14215818,
        0.05594981, -0.53346463,  0.09217398, -0.25484126,  0.02135494,
       -0.33247541, -0.38753205,  0.3068129 ,  0.28409018, -0.41933262,
       -0.01052311, -0.06053749, -0.00678373,  0.2831559 , -0.08529111,
        0.06374322,  0.43612013, -0.24162432, -0.18150024, -0.43717209,
        0.23145453, -0.29517862,  0.15924851,  0.05542395,  0.23226921,
       -0.34367702, -0.09431453,  0.01459268, -0.46236086, -0.29487914,
       -0.16928676,  0.04859276,  0.30769012, -0.14182824,  0.1856931 ,
        0.25186664,  0.2519788 ,  0.30749277,  0.35067624, -0.0576971 ,
        0.25305632, -0.04718979,  0.31620184, -0.00876273, -0.26707056,
        0.33018163, -0.14580341,  0.0355607 ,  0.15288286, -0.45154583,
       -0.30988985, -0.34836348, -0.35737768,  0.01341444]) 

Generation: 310 
 - Generation Avg Fit: 4857.428333302872 
 - Best Fitness: 6077.895990066661 
 - Worst Fitness: 0.0
 - Best Solution: array([ 0.14770446, -0.07021852,  0.37241115,  0.40814024, -0.1956073 ,
       -0.23752868,  0.15425155,  0.07393085, -0.0497901 , -0.14215818,
        0.05594981, -0.53346463,  0.09217398, -0.25484126,  0.02135494,
       -0.33247541, -0.38753205,  0.3068129 ,  0.28409018, -0.41933262,
       -0.01052311, -0.06053749, -0.00678373,  0.2831559 , -0.08529111,
        0.06374322,  0.43612013, -0.24162432, -0.18150024, -0.43717209,
        0.23145453, -0.29517862,  0.15924851,  0.05542395,  0.23226921,
       -0.34367702, -0.09431453,  0.01459268, -0.46236086, -0.29487914,
       -0.16928676,  0.04859276,  0.30769012, -0.14182824,  0.1856931 ,
        0.25186664,  0.2519788 ,  0.30749277,  0.35067624, -0.0576971 ,
        0.25305632, -0.04718979,  0.31620184, -0.00876273, -0.26707056,
        0.33018163, -0.14580341,  0.0355607 ,  0.15288286, -0.45154583,
       -0.30988985, -0.34836348, -0.35737768,  0.01341444]) 

Generation: 311 
 - Generation Avg Fit: 4842.676808748507 
 - Best Fitness: 6077.895990066661 
 - Worst Fitness: 0.0
 - Best Solution: array([ 0.14770446, -0.07021852,  0.37241115,  0.40814024, -0.1956073 ,
       -0.23752868,  0.15425155,  0.07393085, -0.0497901 , -0.14215818,
        0.05594981, -0.53346463,  0.09217398, -0.25484126,  0.02135494,
       -0.33247541, -0.38753205,  0.3068129 ,  0.28409018, -0.41933262,
       -0.01052311, -0.06053749, -0.00678373,  0.2831559 , -0.08529111,
        0.06374322,  0.43612013, -0.24162432, -0.18150024, -0.43717209,
        0.23145453, -0.29517862,  0.15924851,  0.05542395,  0.23226921,
       -0.34367702, -0.09431453,  0.01459268, -0.46236086, -0.29487914,
       -0.16928676,  0.04859276,  0.30769012, -0.14182824,  0.1856931 ,
        0.25186664,  0.2519788 ,  0.30749277,  0.35067624, -0.0576971 ,
        0.25305632, -0.04718979,  0.31620184, -0.00876273, -0.26707056,
        0.33018163, -0.14580341,  0.0355607 ,  0.15288286, -0.45154583,
       -0.30988985, -0.34836348, -0.35737768,  0.01341444]) 

Generation: 312 
 - Generation Avg Fit: 4600.73771524364 
 - Best Fitness: 6077.895990066661 
 - Worst Fitness: 0.0
 - Best Solution: array([ 0.14770446, -0.07021852,  0.37241115,  0.40814024, -0.1956073 ,
       -0.23752868,  0.15425155,  0.07393085, -0.0497901 , -0.14215818,
        0.05594981, -0.53346463,  0.09217398, -0.25484126,  0.02135494,
       -0.33247541, -0.38753205,  0.3068129 ,  0.28409018, -0.41933262,
       -0.01052311, -0.06053749, -0.00678373,  0.2831559 , -0.08529111,
        0.06374322,  0.43612013, -0.24162432, -0.18150024, -0.43717209,
        0.23145453, -0.29517862,  0.15924851,  0.05542395,  0.23226921,
       -0.34367702, -0.09431453,  0.01459268, -0.46236086, -0.29487914,
       -0.16928676,  0.04859276,  0.30769012, -0.14182824,  0.1856931 ,
        0.25186664,  0.2519788 ,  0.30749277,  0.35067624, -0.0576971 ,
        0.25305632, -0.04718979,  0.31620184, -0.00876273, -0.26707056,
        0.33018163, -0.14580341,  0.0355607 ,  0.15288286, -0.45154583,
       -0.30988985, -0.34836348, -0.35737768,  0.01341444]) 

Generation: 313 
 - Generation Avg Fit: 4675.425442963801 
 - Best Fitness: 6077.895990066661 
 - Worst Fitness: 0.0
 - Best Solution: array([ 0.14770446, -0.07021852,  0.37241115,  0.40814024, -0.1956073 ,
       -0.23752868,  0.15425155,  0.07393085, -0.0497901 , -0.14215818,
        0.05594981, -0.53346463,  0.09217398, -0.25484126,  0.02135494,
       -0.33247541, -0.38753205,  0.3068129 ,  0.28409018, -0.41933262,
       -0.01052311, -0.06053749, -0.00678373,  0.2831559 , -0.08529111,
        0.06374322,  0.43612013, -0.24162432, -0.18150024, -0.43717209,
        0.23145453, -0.29517862,  0.15924851,  0.05542395,  0.23226921,
       -0.34367702, -0.09431453,  0.01459268, -0.46236086, -0.29487914,
       -0.16928676,  0.04859276,  0.30769012, -0.14182824,  0.1856931 ,
        0.25186664,  0.2519788 ,  0.30749277,  0.35067624, -0.0576971 ,
        0.25305632, -0.04718979,  0.31620184, -0.00876273, -0.26707056,
        0.33018163, -0.14580341,  0.0355607 ,  0.15288286, -0.45154583,
       -0.30988985, -0.34836348, -0.35737768,  0.01341444]) 

Generation: 314 
 - Generation Avg Fit: 4462.156621898153 
 - Best Fitness: 6077.895990066661 
 - Worst Fitness: 0.0
 - Best Solution: array([ 0.14770446, -0.07021852,  0.37241115,  0.40814024, -0.1956073 ,
       -0.23752868,  0.15425155,  0.07393085, -0.0497901 , -0.14215818,
        0.05594981, -0.53346463,  0.09217398, -0.25484126,  0.02135494,
       -0.33247541, -0.38753205,  0.3068129 ,  0.28409018, -0.41933262,
       -0.01052311, -0.06053749, -0.00678373,  0.2831559 , -0.08529111,
        0.06374322,  0.43612013, -0.24162432, -0.18150024, -0.43717209,
        0.23145453, -0.29517862,  0.15924851,  0.05542395,  0.23226921,
       -0.34367702, -0.09431453,  0.01459268, -0.46236086, -0.29487914,
       -0.16928676,  0.04859276,  0.30769012, -0.14182824,  0.1856931 ,
        0.25186664,  0.2519788 ,  0.30749277,  0.35067624, -0.0576971 ,
        0.25305632, -0.04718979,  0.31620184, -0.00876273, -0.26707056,
        0.33018163, -0.14580341,  0.0355607 ,  0.15288286, -0.45154583,
       -0.30988985, -0.34836348, -0.35737768,  0.01341444]) 

Generation: 315 
 - Generation Avg Fit: 4748.383051915239 
 - Best Fitness: 6077.895990066661 
 - Worst Fitness: 0.0
 - Best Solution: array([ 0.14770446, -0.07021852,  0.37241115,  0.40814024, -0.1956073 ,
       -0.23752868,  0.15425155,  0.07393085, -0.0497901 , -0.14215818,
        0.05594981, -0.53346463,  0.09217398, -0.25484126,  0.02135494,
       -0.33247541, -0.38753205,  0.3068129 ,  0.28409018, -0.41933262,
       -0.01052311, -0.06053749, -0.00678373,  0.2831559 , -0.08529111,
        0.06374322,  0.43612013, -0.24162432, -0.18150024, -0.43717209,
        0.23145453, -0.29517862,  0.15924851,  0.05542395,  0.23226921,
       -0.34367702, -0.09431453,  0.01459268, -0.46236086, -0.29487914,
       -0.16928676,  0.04859276,  0.30769012, -0.14182824,  0.1856931 ,
        0.25186664,  0.2519788 ,  0.30749277,  0.35067624, -0.0576971 ,
        0.25305632, -0.04718979,  0.31620184, -0.00876273, -0.26707056,
        0.33018163, -0.14580341,  0.0355607 ,  0.15288286, -0.45154583,
       -0.30988985, -0.34836348, -0.35737768,  0.01341444]) 

Generation: 316 
 - Generation Avg Fit: 4896.462260494779 
 - Best Fitness: 6077.895990066661 
 - Worst Fitness: 0.0
 - Best Solution: array([ 0.14770446, -0.07021852,  0.37241115,  0.40814024, -0.1956073 ,
       -0.23752868,  0.15425155,  0.07393085, -0.0497901 , -0.14215818,
        0.05594981, -0.53346463,  0.09217398, -0.25484126,  0.02135494,
       -0.33247541, -0.38753205,  0.3068129 ,  0.28409018, -0.41933262,
       -0.01052311, -0.06053749, -0.00678373,  0.2831559 , -0.08529111,
        0.06374322,  0.43612013, -0.24162432, -0.18150024, -0.43717209,
        0.23145453, -0.29517862,  0.15924851,  0.05542395,  0.23226921,
       -0.34367702, -0.09431453,  0.01459268, -0.46236086, -0.29487914,
       -0.16928676,  0.04859276,  0.30769012, -0.14182824,  0.1856931 ,
        0.25186664,  0.2519788 ,  0.30749277,  0.35067624, -0.0576971 ,
        0.25305632, -0.04718979,  0.31620184, -0.00876273, -0.26707056,
        0.33018163, -0.14580341,  0.0355607 ,  0.15288286, -0.45154583,
       -0.30988985, -0.34836348, -0.35737768,  0.01341444]) 

Generation: 317 
 - Generation Avg Fit: 4537.046573988992 
 - Best Fitness: 6077.895990066661 
 - Worst Fitness: 0.0
 - Best Solution: array([ 0.14770446, -0.07021852,  0.37241115,  0.40814024, -0.1956073 ,
       -0.23752868,  0.15425155,  0.07393085, -0.0497901 , -0.14215818,
        0.05594981, -0.53346463,  0.09217398, -0.25484126,  0.02135494,
       -0.33247541, -0.38753205,  0.3068129 ,  0.28409018, -0.41933262,
       -0.01052311, -0.06053749, -0.00678373,  0.2831559 , -0.08529111,
        0.06374322,  0.43612013, -0.24162432, -0.18150024, -0.43717209,
        0.23145453, -0.29517862,  0.15924851,  0.05542395,  0.23226921,
       -0.34367702, -0.09431453,  0.01459268, -0.46236086, -0.29487914,
       -0.16928676,  0.04859276,  0.30769012, -0.14182824,  0.1856931 ,
        0.25186664,  0.2519788 ,  0.30749277,  0.35067624, -0.0576971 ,
        0.25305632, -0.04718979,  0.31620184, -0.00876273, -0.26707056,
        0.33018163, -0.14580341,  0.0355607 ,  0.15288286, -0.45154583,
       -0.30988985, -0.34836348, -0.35737768,  0.01341444]) 

Generation: 318 
 - Generation Avg Fit: 4730.183536063783 
 - Best Fitness: 6077.895990066661 
 - Worst Fitness: 0.0
 - Best Solution: array([ 0.14770446, -0.07021852,  0.37241115,  0.40814024, -0.1956073 ,
       -0.23752868,  0.15425155,  0.07393085, -0.0497901 , -0.14215818,
        0.05594981, -0.53346463,  0.09217398, -0.25484126,  0.02135494,
       -0.33247541, -0.38753205,  0.3068129 ,  0.28409018, -0.41933262,
       -0.01052311, -0.06053749, -0.00678373,  0.2831559 , -0.08529111,
        0.06374322,  0.43612013, -0.24162432, -0.18150024, -0.43717209,
        0.23145453, -0.29517862,  0.15924851,  0.05542395,  0.23226921,
       -0.34367702, -0.09431453,  0.01459268, -0.46236086, -0.29487914,
       -0.16928676,  0.04859276,  0.30769012, -0.14182824,  0.1856931 ,
        0.25186664,  0.2519788 ,  0.30749277,  0.35067624, -0.0576971 ,
        0.25305632, -0.04718979,  0.31620184, -0.00876273, -0.26707056,
        0.33018163, -0.14580341,  0.0355607 ,  0.15288286, -0.45154583,
       -0.30988985, -0.34836348, -0.35737768,  0.01341444]) 

Generation: 319 
 - Generation Avg Fit: 5133.359520133404 
 - Best Fitness: 6077.895990066661 
 - Worst Fitness: 0.0
 - Best Solution: array([ 0.14770446, -0.07021852,  0.37241115,  0.40814024, -0.1956073 ,
       -0.23752868,  0.15425155,  0.07393085, -0.0497901 , -0.14215818,
        0.05594981, -0.53346463,  0.09217398, -0.25484126,  0.02135494,
       -0.33247541, -0.38753205,  0.3068129 ,  0.28409018, -0.41933262,
       -0.01052311, -0.06053749, -0.00678373,  0.2831559 , -0.08529111,
        0.06374322,  0.43612013, -0.24162432, -0.18150024, -0.43717209,
        0.23145453, -0.29517862,  0.15924851,  0.05542395,  0.23226921,
       -0.34367702, -0.09431453,  0.01459268, -0.46236086, -0.29487914,
       -0.16928676,  0.04859276,  0.30769012, -0.14182824,  0.1856931 ,
        0.25186664,  0.2519788 ,  0.30749277,  0.35067624, -0.0576971 ,
        0.25305632, -0.04718979,  0.31620184, -0.00876273, -0.26707056,
        0.33018163, -0.14580341,  0.0355607 ,  0.15288286, -0.45154583,
       -0.30988985, -0.34836348, -0.35737768,  0.01341444]) 

Generation: 320 
 - Generation Avg Fit: 4687.184015124269 
 - Best Fitness: 6077.895990066661 
 - Worst Fitness: 0.0
 - Best Solution: array([ 0.14770446, -0.07021852,  0.37241115,  0.40814024, -0.1956073 ,
       -0.23752868,  0.15425155,  0.07393085, -0.0497901 , -0.14215818,
        0.05594981, -0.53346463,  0.09217398, -0.25484126,  0.02135494,
       -0.33247541, -0.38753205,  0.3068129 ,  0.28409018, -0.41933262,
       -0.01052311, -0.06053749, -0.00678373,  0.2831559 , -0.08529111,
        0.06374322,  0.43612013, -0.24162432, -0.18150024, -0.43717209,
        0.23145453, -0.29517862,  0.15924851,  0.05542395,  0.23226921,
       -0.34367702, -0.09431453,  0.01459268, -0.46236086, -0.29487914,
       -0.16928676,  0.04859276,  0.30769012, -0.14182824,  0.1856931 ,
        0.25186664,  0.2519788 ,  0.30749277,  0.35067624, -0.0576971 ,
        0.25305632, -0.04718979,  0.31620184, -0.00876273, -0.26707056,
        0.33018163, -0.14580341,  0.0355607 ,  0.15288286, -0.45154583,
       -0.30988985, -0.34836348, -0.35737768,  0.01341444]) 

Generation: 321 
 - Generation Avg Fit: 4775.506630666871 
 - Best Fitness: 6077.895990066661 
 - Worst Fitness: 0.0
 - Best Solution: array([ 0.14770446, -0.07021852,  0.37241115,  0.40814024, -0.1956073 ,
       -0.23752868,  0.15425155,  0.07393085, -0.0497901 , -0.14215818,
        0.05594981, -0.53346463,  0.09217398, -0.25484126,  0.02135494,
       -0.33247541, -0.38753205,  0.3068129 ,  0.28409018, -0.41933262,
       -0.01052311, -0.06053749, -0.00678373,  0.2831559 , -0.08529111,
        0.06374322,  0.43612013, -0.24162432, -0.18150024, -0.43717209,
        0.23145453, -0.29517862,  0.15924851,  0.05542395,  0.23226921,
       -0.34367702, -0.09431453,  0.01459268, -0.46236086, -0.29487914,
       -0.16928676,  0.04859276,  0.30769012, -0.14182824,  0.1856931 ,
        0.25186664,  0.2519788 ,  0.30749277,  0.35067624, -0.0576971 ,
        0.25305632, -0.04718979,  0.31620184, -0.00876273, -0.26707056,
        0.33018163, -0.14580341,  0.0355607 ,  0.15288286, -0.45154583,
       -0.30988985, -0.34836348, -0.35737768,  0.01341444]) 

Generation: 322 
 - Generation Avg Fit: 4999.791755428858 
 - Best Fitness: 6077.895990066661 
 - Worst Fitness: 0.0
 - Best Solution: array([ 0.14770446, -0.07021852,  0.37241115,  0.40814024, -0.1956073 ,
       -0.23752868,  0.15425155,  0.07393085, -0.0497901 , -0.14215818,
        0.05594981, -0.53346463,  0.09217398, -0.25484126,  0.02135494,
       -0.33247541, -0.38753205,  0.3068129 ,  0.28409018, -0.41933262,
       -0.01052311, -0.06053749, -0.00678373,  0.2831559 , -0.08529111,
        0.06374322,  0.43612013, -0.24162432, -0.18150024, -0.43717209,
        0.23145453, -0.29517862,  0.15924851,  0.05542395,  0.23226921,
       -0.34367702, -0.09431453,  0.01459268, -0.46236086, -0.29487914,
       -0.16928676,  0.04859276,  0.30769012, -0.14182824,  0.1856931 ,
        0.25186664,  0.2519788 ,  0.30749277,  0.35067624, -0.0576971 ,
        0.25305632, -0.04718979,  0.31620184, -0.00876273, -0.26707056,
        0.33018163, -0.14580341,  0.0355607 ,  0.15288286, -0.45154583,
       -0.30988985, -0.34836348, -0.35737768,  0.01341444]) 

Generation: 323 
 - Generation Avg Fit: 4728.137260496576 
 - Best Fitness: 6077.895990066661 
 - Worst Fitness: 0.0
 - Best Solution: array([ 0.14770446, -0.07021852,  0.37241115,  0.40814024, -0.1956073 ,
       -0.23752868,  0.15425155,  0.07393085, -0.0497901 , -0.14215818,
        0.05594981, -0.53346463,  0.09217398, -0.25484126,  0.02135494,
       -0.33247541, -0.38753205,  0.3068129 ,  0.28409018, -0.41933262,
       -0.01052311, -0.06053749, -0.00678373,  0.2831559 , -0.08529111,
        0.06374322,  0.43612013, -0.24162432, -0.18150024, -0.43717209,
        0.23145453, -0.29517862,  0.15924851,  0.05542395,  0.23226921,
       -0.34367702, -0.09431453,  0.01459268, -0.46236086, -0.29487914,
       -0.16928676,  0.04859276,  0.30769012, -0.14182824,  0.1856931 ,
        0.25186664,  0.2519788 ,  0.30749277,  0.35067624, -0.0576971 ,
        0.25305632, -0.04718979,  0.31620184, -0.00876273, -0.26707056,
        0.33018163, -0.14580341,  0.0355607 ,  0.15288286, -0.45154583,
       -0.30988985, -0.34836348, -0.35737768,  0.01341444]) 

Generation: 324 
 - Generation Avg Fit: 4761.445583796356 
 - Best Fitness: 6077.895990066661 
 - Worst Fitness: 0.0
 - Best Solution: array([ 0.14770446, -0.07021852,  0.37241115,  0.40814024, -0.1956073 ,
       -0.23752868,  0.15425155,  0.07393085, -0.0497901 , -0.14215818,
        0.05594981, -0.53346463,  0.09217398, -0.25484126,  0.02135494,
       -0.33247541, -0.38753205,  0.3068129 ,  0.28409018, -0.41933262,
       -0.01052311, -0.06053749, -0.00678373,  0.2831559 , -0.08529111,
        0.06374322,  0.43612013, -0.24162432, -0.18150024, -0.43717209,
        0.23145453, -0.29517862,  0.15924851,  0.05542395,  0.23226921,
       -0.34367702, -0.09431453,  0.01459268, -0.46236086, -0.29487914,
       -0.16928676,  0.04859276,  0.30769012, -0.14182824,  0.1856931 ,
        0.25186664,  0.2519788 ,  0.30749277,  0.35067624, -0.0576971 ,
        0.25305632, -0.04718979,  0.31620184, -0.00876273, -0.26707056,
        0.33018163, -0.14580341,  0.0355607 ,  0.15288286, -0.45154583,
       -0.30988985, -0.34836348, -0.35737768,  0.01341444]) 
