
-------------------------------------------------------------------------------------------------------
                                --- Method Parameters ---                                            
-------------------------------------------------------------------------------------------------------

method: PyGAD, entity: hydrostat_reservoir, volume: 40, sim_duration: 500, dt: 0.05, 
fitness_func: pygad_fitness, pop_size: 200, gen_size: 2000, weight_search: 0.5, 

-------------------------------------------------------------------------------------------------------
                                --- Pygad  Parameters ---                                            
-------------------------------------------------------------------------------------------------------

parent_selection_type: rank, parents mating: 100, keep parents: 100, crossover type: uniform, 
mutation type: random, mutation prob: 0.5, mutation_max_val: 0.01, mutation_min_val: -0.01, 

=======================================================================================================


Generation: 1 
 - Generation Avg Fit: 78.53686431855219 
 - Best Fitness: 1803.727535207038 
 - Worst Fitness: 0.0
 - Best Solution: array([0., 0., 0., 0., 0., 0., 0., 0., 0., 0., 0., 0., 0., 0., 0., 0., 0.,
       0., 0., 0., 0., 0., 0., 0., 0., 0., 0., 0., 0., 0., 0., 0., 0., 0.,
       0., 0., 0., 0., 0., 0., 0., 0., 0., 0., 0., 0., 0., 0., 0., 0., 0.,
       0., 0., 0., 0., 0., 0., 0., 0., 0., 0., 0., 0., 0.]) 

Generation: 2 
 - Generation Avg Fit: 123.79145458090507 
 - Best Fitness: 1941.2849913197065 
 - Worst Fitness: 0.0
 - Best Solution: array([ 0.27340283, -0.2750941 ,  0.24203777,  0.33402737,  0.09289797,
        0.36113485,  0.47693712, -0.08207054, -0.07400203,  0.15762896,
       -0.0134428 ,  0.1394765 ,  0.34237748,  0.36509383, -0.09746931,
        0.02459209, -0.1687051 , -0.25212395, -0.44705799, -0.0661506 ,
       -0.1456278 ,  0.43432042,  0.33446143, -0.18624617,  0.3219081 ,
        0.04036062, -0.42774641, -0.31135909,  0.41328955,  0.31256073,
        0.23784069, -0.06149266,  0.14026046, -0.29305463, -0.30947406,
       -0.06559312, -0.0544569 ,  0.11913542, -0.42955042,  0.09589585,
       -0.16516512, -0.14302404,  0.06011536, -0.14135141,  0.29820522,
        0.37067085, -0.0871346 , -0.47837598, -0.03193845, -0.18743542,
       -0.38419395,  0.42329951,  0.34697064, -0.12177008,  0.44153013,
       -0.4094376 , -0.3608067 ,  0.14577428,  0.29205307, -0.36209382,
        0.26116661,  0.27890628,  0.28778107,  0.37321961]) 

Generation: 3 
 - Generation Avg Fit: 195.49531365766504 
 - Best Fitness: 1941.2849913197065 
 - Worst Fitness: 0.0
 - Best Solution: array([-0.26444567,  0.05058968, -0.42580621,  0.33211456,  0.4333352 ,
       -0.45198628, -0.17218606, -0.16590315,  0.01887445,  0.48371814,
        0.33955182, -0.34444856, -0.17981886,  0.18036715,  0.47864903,
       -0.34688475,  0.04183564, -0.32696546, -0.46929162, -0.22238685,
        0.46821233, -0.09751838, -0.04365284,  0.46430925,  0.08592651,
        0.44069101,  0.48343307,  0.19056678, -0.45725935, -0.37890874,
        0.33065402, -0.0257214 , -0.00799174, -0.05038984, -0.40938862,
       -0.30853759, -0.12085168, -0.00723169, -0.29646248, -0.25050258,
        0.23876476,  0.35579151,  0.42474404, -0.23028909,  0.20147919,
        0.22146528, -0.11449459, -0.02064054,  0.37330364, -0.31940662,
        0.33780526, -0.20742126, -0.17214083, -0.28626149,  0.07699235,
        0.21137781,  0.40293983, -0.1799524 ,  0.15992017,  0.19327609,
        0.15729568,  0.11211024,  0.14667218, -0.0718734 ]) 

Generation: 4 
 - Generation Avg Fit: 272.8552813201275 
 - Best Fitness: 1941.2849913197065 
 - Worst Fitness: 0.0
 - Best Solution: array([ 0.27340283, -0.2750941 ,  0.24203777,  0.33402737,  0.09289797,
        0.36113485,  0.47693712, -0.08207054, -0.07400203,  0.15762896,
       -0.0134428 ,  0.1394765 ,  0.34237748,  0.36509383, -0.09746931,
        0.02459209, -0.1687051 , -0.25212395, -0.44705799, -0.0661506 ,
       -0.1456278 ,  0.43432042,  0.33446143, -0.18624617,  0.3219081 ,
        0.04036062, -0.42774641, -0.31135909,  0.41328955,  0.31256073,
        0.23784069, -0.06149266,  0.14026046, -0.29305463, -0.30947406,
       -0.06559312, -0.0544569 ,  0.11913542, -0.42955042,  0.09589585,
       -0.16516512, -0.14302404,  0.06011536, -0.14135141,  0.29820522,
        0.37067085, -0.0871346 , -0.47837598, -0.03193845, -0.18743542,
       -0.38419395,  0.42329951,  0.34697064, -0.12177008,  0.44153013,
       -0.4094376 , -0.3608067 ,  0.14577428,  0.29205307, -0.36209382,
        0.26116661,  0.27890628,  0.28778107,  0.37321961]) 

Generation: 5 
 - Generation Avg Fit: 405.6853275964606 
 - Best Fitness: 3268.2273999755344 
 - Worst Fitness: 0.0
 - Best Solution: array([-0.0140765 ,  0.06997639, -0.46669804, -0.02763753,  0.03686831,
        0.26242977,  0.15019231,  0.27773913,  0.00659207,  0.08646558,
        0.39561804,  0.30476171, -0.09448226, -0.29878974,  0.00327425,
        0.48351554,  0.22350464, -0.47816052,  0.17922117,  0.11999078,
       -0.28832214, -0.21356256,  0.2009579 , -0.25400961, -0.4125196 ,
       -0.10080266, -0.0717825 ,  0.10239729,  0.15561854,  0.17571865,
        0.45840377,  0.00411061, -0.39576091,  0.42843116, -0.43474563,
        0.3716663 , -0.30106937,  0.41955161, -0.05426306, -0.2886223 ,
       -0.29778256,  0.4062434 , -0.12916351, -0.21646715,  0.0051045 ,
       -0.35229309,  0.40029931, -0.26634086, -0.3267676 , -0.18724974,
        0.33012012, -0.08377249,  0.35894227, -0.02013663,  0.27543121,
       -0.18833433, -0.09300917, -0.35555629,  0.36688502,  0.3295693 ,
        0.35037853, -0.01854358, -0.22070334,  0.32575567]) 

Generation: 6 
 - Generation Avg Fit: 496.7514506058249 
 - Best Fitness: 3268.2273999755344 
 - Worst Fitness: 0.0
 - Best Solution: array([ 0.27340283, -0.2750941 ,  0.24203777,  0.33402737,  0.09289797,
        0.36113485,  0.47693712, -0.08207054, -0.07400203,  0.15762896,
       -0.0134428 ,  0.1394765 ,  0.34237748,  0.36509383, -0.09746931,
        0.02459209, -0.1687051 , -0.25212395, -0.44705799, -0.0661506 ,
       -0.1456278 ,  0.43432042,  0.33446143, -0.18624617,  0.3219081 ,
        0.04036062, -0.42774641, -0.31135909,  0.41328955,  0.31256073,
        0.23784069, -0.06149266,  0.14026046, -0.29305463, -0.30947406,
       -0.06559312, -0.0544569 ,  0.11913542, -0.42955042,  0.09589585,
       -0.16516512, -0.14302404,  0.06011536, -0.14135141,  0.29820522,
        0.37067085, -0.0871346 , -0.47837598, -0.03193845, -0.18743542,
       -0.38419395,  0.42329951,  0.34697064, -0.12177008,  0.44153013,
       -0.4094376 , -0.3608067 ,  0.14577428,  0.29205307, -0.36209382,
        0.26116661,  0.27890628,  0.28778107,  0.37321961]) 

Generation: 7 
 - Generation Avg Fit: 622.7795045746298 
 - Best Fitness: 3268.2273999755344 
 - Worst Fitness: 0.0
 - Best Solution: array([-0.0140765 ,  0.06997639, -0.46669804, -0.02763753,  0.03686831,
        0.26242977,  0.15019231,  0.27773913,  0.00659207,  0.08646558,
        0.39561804,  0.30476171, -0.09448226, -0.29878974,  0.00327425,
        0.48351554,  0.22350464, -0.47816052,  0.17922117,  0.11999078,
       -0.28832214, -0.21356256,  0.2009579 , -0.25400961, -0.4125196 ,
       -0.10080266, -0.0717825 ,  0.10239729,  0.15561854,  0.17571865,
        0.45840377,  0.00411061, -0.39576091,  0.42843116, -0.43474563,
        0.3716663 , -0.30106937,  0.41955161, -0.05426306, -0.2886223 ,
       -0.29778256,  0.4062434 , -0.12916351, -0.21646715,  0.0051045 ,
       -0.35229309,  0.40029931, -0.26634086, -0.3267676 , -0.18724974,
        0.33012012, -0.08377249,  0.35894227, -0.02013663,  0.27543121,
       -0.18833433, -0.09300917, -0.35555629,  0.36688502,  0.3295693 ,
        0.35037853, -0.01854358, -0.22070334,  0.32575567]) 

Generation: 8 
 - Generation Avg Fit: 685.6770226415191 
 - Best Fitness: 3268.2273999755344 
 - Worst Fitness: 0.0
 - Best Solution: array([-0.0140765 ,  0.06997639, -0.46669804, -0.02763753,  0.03686831,
        0.26242977,  0.15019231,  0.27773913,  0.00659207,  0.08646558,
        0.39561804,  0.30476171, -0.09448226, -0.29878974,  0.00327425,
        0.48351554,  0.22350464, -0.47816052,  0.17922117,  0.11999078,
       -0.28832214, -0.21356256,  0.2009579 , -0.25400961, -0.4125196 ,
       -0.10080266, -0.0717825 ,  0.10239729,  0.15561854,  0.17571865,
        0.45840377,  0.00411061, -0.39576091,  0.42843116, -0.43474563,
        0.3716663 , -0.30106937,  0.41955161, -0.05426306, -0.2886223 ,
       -0.29778256,  0.4062434 , -0.12916351, -0.21646715,  0.0051045 ,
       -0.35229309,  0.40029931, -0.26634086, -0.3267676 , -0.18724974,
        0.33012012, -0.08377249,  0.35894227, -0.02013663,  0.27543121,
       -0.18833433, -0.09300917, -0.35555629,  0.36688502,  0.3295693 ,
        0.35037853, -0.01854358, -0.22070334,  0.32575567]) 

Generation: 9 
 - Generation Avg Fit: 745.147807147899 
 - Best Fitness: 3268.2273999755344 
 - Worst Fitness: 0.0
 - Best Solution: array([-0.0140765 ,  0.06997639, -0.46669804, -0.02763753,  0.03686831,
        0.26242977,  0.15019231,  0.27773913,  0.00659207,  0.08646558,
        0.39561804,  0.30476171, -0.09448226, -0.29878974,  0.00327425,
        0.48351554,  0.22350464, -0.47816052,  0.17922117,  0.11999078,
       -0.28832214, -0.21356256,  0.2009579 , -0.25400961, -0.4125196 ,
       -0.10080266, -0.0717825 ,  0.10239729,  0.15561854,  0.17571865,
        0.45840377,  0.00411061, -0.39576091,  0.42843116, -0.43474563,
        0.3716663 , -0.30106937,  0.41955161, -0.05426306, -0.2886223 ,
       -0.29778256,  0.4062434 , -0.12916351, -0.21646715,  0.0051045 ,
       -0.35229309,  0.40029931, -0.26634086, -0.3267676 , -0.18724974,
        0.33012012, -0.08377249,  0.35894227, -0.02013663,  0.27543121,
       -0.18833433, -0.09300917, -0.35555629,  0.36688502,  0.3295693 ,
        0.35037853, -0.01854358, -0.22070334,  0.32575567]) 

Generation: 10 
 - Generation Avg Fit: 836.0730337763342 
 - Best Fitness: 3268.2273999755344 
 - Worst Fitness: 0.0
 - Best Solution: array([-0.0140765 ,  0.06997639, -0.46669804, -0.02763753,  0.03686831,
        0.26242977,  0.15019231,  0.27773913,  0.00659207,  0.08646558,
        0.39561804,  0.30476171, -0.09448226, -0.29878974,  0.00327425,
        0.48351554,  0.22350464, -0.47816052,  0.17922117,  0.11999078,
       -0.28832214, -0.21356256,  0.2009579 , -0.25400961, -0.4125196 ,
       -0.10080266, -0.0717825 ,  0.10239729,  0.15561854,  0.17571865,
        0.45840377,  0.00411061, -0.39576091,  0.42843116, -0.43474563,
        0.3716663 , -0.30106937,  0.41955161, -0.05426306, -0.2886223 ,
       -0.29778256,  0.4062434 , -0.12916351, -0.21646715,  0.0051045 ,
       -0.35229309,  0.40029931, -0.26634086, -0.3267676 , -0.18724974,
        0.33012012, -0.08377249,  0.35894227, -0.02013663,  0.27543121,
       -0.18833433, -0.09300917, -0.35555629,  0.36688502,  0.3295693 ,
        0.35037853, -0.01854358, -0.22070334,  0.32575567]) 

Generation: 11 
 - Generation Avg Fit: 906.8894767727307 
 - Best Fitness: 3268.2273999755344 
 - Worst Fitness: 0.0
 - Best Solution: array([-0.0140765 ,  0.06997639, -0.46669804, -0.02763753,  0.03686831,
        0.26242977,  0.15019231,  0.27773913,  0.00659207,  0.08646558,
        0.39561804,  0.30476171, -0.09448226, -0.29878974,  0.00327425,
        0.48351554,  0.22350464, -0.47816052,  0.17922117,  0.11999078,
       -0.28832214, -0.21356256,  0.2009579 , -0.25400961, -0.4125196 ,
       -0.10080266, -0.0717825 ,  0.10239729,  0.15561854,  0.17571865,
        0.45840377,  0.00411061, -0.39576091,  0.42843116, -0.43474563,
        0.3716663 , -0.30106937,  0.41955161, -0.05426306, -0.2886223 ,
       -0.29778256,  0.4062434 , -0.12916351, -0.21646715,  0.0051045 ,
       -0.35229309,  0.40029931, -0.26634086, -0.3267676 , -0.18724974,
        0.33012012, -0.08377249,  0.35894227, -0.02013663,  0.27543121,
       -0.18833433, -0.09300917, -0.35555629,  0.36688502,  0.3295693 ,
        0.35037853, -0.01854358, -0.22070334,  0.32575567]) 

Generation: 12 
 - Generation Avg Fit: 1019.4406120578773 
 - Best Fitness: 3268.2273999755344 
 - Worst Fitness: 0.0
 - Best Solution: array([-0.0140765 ,  0.06997639, -0.46669804, -0.02763753,  0.03686831,
        0.26242977,  0.15019231,  0.27773913,  0.00659207,  0.08646558,
        0.39561804,  0.30476171, -0.09448226, -0.29878974,  0.00327425,
        0.48351554,  0.22350464, -0.47816052,  0.17922117,  0.11999078,
       -0.28832214, -0.21356256,  0.2009579 , -0.25400961, -0.4125196 ,
       -0.10080266, -0.0717825 ,  0.10239729,  0.15561854,  0.17571865,
        0.45840377,  0.00411061, -0.39576091,  0.42843116, -0.43474563,
        0.3716663 , -0.30106937,  0.41955161, -0.05426306, -0.2886223 ,
       -0.29778256,  0.4062434 , -0.12916351, -0.21646715,  0.0051045 ,
       -0.35229309,  0.40029931, -0.26634086, -0.3267676 , -0.18724974,
        0.33012012, -0.08377249,  0.35894227, -0.02013663,  0.27543121,
       -0.18833433, -0.09300917, -0.35555629,  0.36688502,  0.3295693 ,
        0.35037853, -0.01854358, -0.22070334,  0.32575567]) 

Generation: 13 
 - Generation Avg Fit: 1124.510865265612 
 - Best Fitness: 3368.044625219316 
 - Worst Fitness: 0.0
 - Best Solution: array([ 0.25831274, -0.37727063,  0.31941339, -0.32100736,  0.2876404 ,
        0.34887398, -0.006418  ,  0.24332059,  0.08425264,  0.07994488,
       -0.00221036,  0.21983451,  0.14501709,  0.0274198 ,  0.13275236,
       -0.0885429 , -0.03686671, -0.22764888,  0.16534586, -0.00050544,
        0.26488364,  0.13278454,  0.4635042 ,  0.0472619 , -0.00592009,
       -0.06998463,  0.01653647,  0.196247  , -0.38738311,  0.31784813,
        0.49828449,  0.13128779,  0.17555799, -0.2896364 , -0.31547481,
        0.49223631, -0.05929625, -0.02413968,  0.39382339, -0.01110784,
       -0.04922763, -0.33901005, -0.25838904, -0.1461845 , -0.2079751 ,
        0.00578178,  0.48561496,  0.01879542, -0.01686015,  0.2577673 ,
        0.23572366, -0.01515044, -0.22100256, -0.10550539,  0.44773466,
        0.00770938, -0.32967286, -0.06150756, -0.40717318, -0.08706846,
       -0.2424573 , -0.33039532,  0.38176941, -0.05837892]) 

Generation: 14 
 - Generation Avg Fit: 1268.6305887624799 
 - Best Fitness: 3430.9061506943935 
 - Worst Fitness: 0.0
 - Best Solution: array([ 0.02065   , -0.1720539 , -0.35953712, -0.30801138,  0.28070001,
       -0.21106479,  0.28564016, -0.06906541, -0.07109501,  0.14522624,
       -0.01456843,  0.21477554, -0.03814745,  0.16366376,  0.47963805,
        0.04597002, -0.16865291, -0.2337742 , -0.19723185,  0.42484637,
       -0.13071196,  0.42828387,  0.32966239,  0.05760142, -0.03067036,
       -0.36741902, -0.15611439,  0.19060608,  0.40822728,  0.1017466 ,
        0.14999712,  0.14442968,  0.49183831, -0.29284082, -0.30526228,
       -0.18289937, -0.07128619,  0.12344352,  0.43308201, -0.42118941,
       -0.16194915,  0.16663318, -0.50767254, -0.30681882, -0.19580158,
        0.37420487,  0.35268831,  0.04195354, -0.2516619 , -0.17399388,
       -0.3878654 ,  0.47918276,  0.11998227, -0.11907163,  0.45485397,
       -0.08861177, -0.40915099, -0.0141261 ,  0.29844708, -0.35900318,
       -0.00679824,  0.35264749,  0.36222148, -0.31102371]) 

Generation: 15 
 - Generation Avg Fit: 1316.6889065274765 
 - Best Fitness: 3430.9061506943935 
 - Worst Fitness: 0.0
 - Best Solution: array([ 0.25831274, -0.37727063,  0.31941339, -0.32100736,  0.2876404 ,
        0.34887398, -0.006418  ,  0.24332059,  0.08425264,  0.07994488,
       -0.00221036,  0.21983451,  0.14501709,  0.0274198 ,  0.13275236,
       -0.0885429 , -0.03686671, -0.22764888,  0.16534586, -0.00050544,
        0.26488364,  0.13278454,  0.4635042 ,  0.0472619 , -0.00592009,
       -0.06998463,  0.01653647,  0.196247  , -0.38738311,  0.31784813,
        0.49828449,  0.13128779,  0.17555799, -0.2896364 , -0.31547481,
        0.49223631, -0.05929625, -0.02413968,  0.39382339, -0.01110784,
       -0.04922763, -0.33901005, -0.25838904, -0.1461845 , -0.2079751 ,
        0.00578178,  0.48561496,  0.01879542, -0.01686015,  0.2577673 ,
        0.23572366, -0.01515044, -0.22100256, -0.10550539,  0.44773466,
        0.00770938, -0.32967286, -0.06150756, -0.40717318, -0.08706846,
       -0.2424573 , -0.33039532,  0.38176941, -0.05837892]) 

Generation: 16 
 - Generation Avg Fit: 1493.2694491537309 
 - Best Fitness: 3602.7654166599614 
 - Worst Fitness: 0.0
 - Best Solution: array([ 0.41279609, -0.27937582, -0.01541875,  0.26537363,  0.29367575,
        0.33266501,  0.2185245 ,  0.02207204,  0.08808491, -0.07663478,
       -0.38976168,  0.23496553,  0.14672333,  0.0333613 ,  0.50530755,
       -0.09564985,  0.21303538,  0.11635006,  0.4379155 , -0.10311287,
        0.25912953,  0.13278454,  0.32092803,  0.04782155,  0.21962467,
       -0.05122573,  0.01858292,  0.20177861, -0.3653547 ,  0.31683028,
        0.03970154,  0.13128779,  0.20915109, -0.28538786, -0.00564969,
       -0.14735619, -0.35676338, -0.02531729,  0.25544694, -0.00656958,
       -0.04863394, -0.30454702, -0.25474928, -0.29942238,  0.22308584,
       -0.00769538,  0.48312485,  0.02539036, -0.32167384, -0.41009825,
        0.08832123, -0.01515044, -0.227614  , -0.2611171 ,  0.47983281,
        0.00876871, -0.32303092, -0.02897125, -0.40103199, -0.12008968,
       -0.23934253,  0.35528024,  0.34977071, -0.19956896]) 

Generation: 17 
 - Generation Avg Fit: 1626.9950052716345 
 - Best Fitness: 3602.7654166599614 
 - Worst Fitness: 0.0
 - Best Solution: array([ 0.02065   , -0.1720539 , -0.35953712, -0.30801138,  0.28070001,
       -0.21106479,  0.28564016, -0.06906541, -0.07109501,  0.14522624,
       -0.01456843,  0.21477554, -0.03814745,  0.16366376,  0.47963805,
        0.04597002, -0.16865291, -0.2337742 , -0.19723185,  0.42484637,
       -0.13071196,  0.42828387,  0.32966239,  0.05760142, -0.03067036,
       -0.36741902, -0.15611439,  0.19060608,  0.40822728,  0.1017466 ,
        0.14999712,  0.14442968,  0.49183831, -0.29284082, -0.30526228,
       -0.18289937, -0.07128619,  0.12344352,  0.43308201, -0.42118941,
       -0.16194915,  0.16663318, -0.50767254, -0.30681882, -0.19580158,
        0.37420487,  0.35268831,  0.04195354, -0.2516619 , -0.17399388,
       -0.3878654 ,  0.47918276,  0.11998227, -0.11907163,  0.45485397,
       -0.08861177, -0.40915099, -0.0141261 ,  0.29844708, -0.35900318,
       -0.00679824,  0.35264749,  0.36222148, -0.31102371]) 

Generation: 18 
 - Generation Avg Fit: 1668.0867258574808 
 - Best Fitness: 3602.7654166599614 
 - Worst Fitness: 0.0
 - Best Solution: array([ 0.41279609, -0.27937582, -0.01541875,  0.26537363,  0.29367575,
        0.33266501,  0.2185245 ,  0.02207204,  0.08808491, -0.07663478,
       -0.38976168,  0.23496553,  0.14672333,  0.0333613 ,  0.50530755,
       -0.09564985,  0.21303538,  0.11635006,  0.4379155 , -0.10311287,
        0.25912953,  0.13278454,  0.32092803,  0.04782155,  0.21962467,
       -0.05122573,  0.01858292,  0.20177861, -0.3653547 ,  0.31683028,
        0.03970154,  0.13128779,  0.20915109, -0.28538786, -0.00564969,
       -0.14735619, -0.35676338, -0.02531729,  0.25544694, -0.00656958,
       -0.04863394, -0.30454702, -0.25474928, -0.29942238,  0.22308584,
       -0.00769538,  0.48312485,  0.02539036, -0.32167384, -0.41009825,
        0.08832123, -0.01515044, -0.227614  , -0.2611171 ,  0.47983281,
        0.00876871, -0.32303092, -0.02897125, -0.40103199, -0.12008968,
       -0.23934253,  0.35528024,  0.34977071, -0.19956896]) 

Generation: 19 
 - Generation Avg Fit: 1694.1113177004759 
 - Best Fitness: 4029.380523676348 
 - Worst Fitness: 0.0
 - Best Solution: array([ 0.26006581, -0.37727063,  0.25001814, -0.32100736,  0.2876404 ,
        0.34594731, -0.006418  ,  0.08191805,  0.09958809, -0.04777916,
       -0.00221036,  0.21983451,  0.14527744,  0.0274198 ,  0.13275236,
       -0.08582806, -0.02903065, -0.22764888,  0.16534586,  0.17046569,
        0.01205225,  0.13278454,  0.46509362,  0.05798302,  0.23593142,
       -0.37501384,  0.00981613,  0.196247  , -0.38738311,  0.30930276,
        0.49536329, -0.26607846,  0.17234458, -0.2896364 , -0.31547481,
        0.49801504, -0.04983521, -0.02479219,  0.38503946, -0.01458805,
       -0.17281964, -0.33437873, -0.25838904, -0.1461845 , -0.21688237,
        0.01127344,  0.4911853 ,  0.02244993, -0.32788356,  0.25571657,
       -0.01598872, -0.00972555,  0.35109636, -0.10550539,  0.45258089,
       -0.2133765 , -0.32995282, -0.06150756, -0.39721698, -0.3005834 ,
       -0.2503133 , -0.33039532,  0.38176941, -0.05837892]) 

Generation: 20 
 - Generation Avg Fit: 1848.0380110626365 
 - Best Fitness: 4029.380523676348 
 - Worst Fitness: 0.0
 - Best Solution: array([ 0.41279609, -0.27937582, -0.01541875,  0.26537363,  0.29367575,
        0.33266501,  0.2185245 ,  0.02207204,  0.08808491, -0.07663478,
       -0.38976168,  0.23496553,  0.14672333,  0.0333613 ,  0.50530755,
       -0.09564985,  0.21303538,  0.11635006,  0.4379155 , -0.10311287,
        0.25912953,  0.13278454,  0.32092803,  0.04782155,  0.21962467,
       -0.05122573,  0.01858292,  0.20177861, -0.3653547 ,  0.31683028,
        0.03970154,  0.13128779,  0.20915109, -0.28538786, -0.00564969,
       -0.14735619, -0.35676338, -0.02531729,  0.25544694, -0.00656958,
       -0.04863394, -0.30454702, -0.25474928, -0.29942238,  0.22308584,
       -0.00769538,  0.48312485,  0.02539036, -0.32167384, -0.41009825,
        0.08832123, -0.01515044, -0.227614  , -0.2611171 ,  0.47983281,
        0.00876871, -0.32303092, -0.02897125, -0.40103199, -0.12008968,
       -0.23934253,  0.35528024,  0.34977071, -0.19956896]) 

Generation: 21 
 - Generation Avg Fit: 1906.4811339730968 
 - Best Fitness: 4298.92555766244 
 - Worst Fitness: 0.0
 - Best Solution: array([-2.43806285e-01,  6.95947198e-02, -1.01579821e-02,  3.54966188e-01,
        2.89994617e-01,  3.15345303e-01,  1.39918826e-01,  1.00592913e-01,
       -7.05380111e-02,  8.12890091e-02, -4.00213825e-01,  2.34114315e-01,
        1.55352996e-02,  3.05688439e-02,  4.99292417e-01, -2.88185542e-01,
       -3.91093531e-02, -4.80572078e-01, -2.73543127e-03,  1.23368607e-02,
        1.93676635e-02,  3.18296048e-02,  4.63504201e-01,  1.19248329e-01,
        2.28643145e-01,  1.21974533e-01, -6.20969654e-02,  2.07898356e-01,
        2.92975636e-01,  1.04425615e-01,  1.62868070e-01,  3.89234125e-01,
        2.00995859e-01,  2.17849834e-01,  1.95735658e-04,  4.86787651e-01,
       -3.01069367e-01,  1.61072788e-02,  3.94889122e-01, -1.51016788e-02,
        9.76185557e-02, -5.02658075e-03, -2.58389044e-01, -2.99422380e-01,
       -2.12753401e-01,  3.33588907e-03,  4.48973623e-01,  9.62241426e-03,
       -1.60216490e-02,  2.69604466e-01,  2.42684788e-01, -9.65550079e-03,
       -2.37121414e-01, -1.03032845e-01,  4.35050100e-01, -2.22869932e-01,
       -3.44260255e-01, -3.57330896e-01,  7.82401310e-03, -3.66125846e-01,
       -2.48183208e-01, -3.78037441e-02,  3.50894115e-01, -3.31477149e-01]) 

Generation: 22 
 - Generation Avg Fit: 1982.660109467502 
 - Best Fitness: 4298.92555766244 
 - Worst Fitness: 0.0
 - Best Solution: array([ 0.26006581, -0.37727063,  0.25001814, -0.32100736,  0.2876404 ,
        0.34594731, -0.006418  ,  0.08191805,  0.09958809, -0.04777916,
       -0.00221036,  0.21983451,  0.14527744,  0.0274198 ,  0.13275236,
       -0.08582806, -0.02903065, -0.22764888,  0.16534586,  0.17046569,
        0.01205225,  0.13278454,  0.46509362,  0.05798302,  0.23593142,
       -0.37501384,  0.00981613,  0.196247  , -0.38738311,  0.30930276,
        0.49536329, -0.26607846,  0.17234458, -0.2896364 , -0.31547481,
        0.49801504, -0.04983521, -0.02479219,  0.38503946, -0.01458805,
       -0.17281964, -0.33437873, -0.25838904, -0.1461845 , -0.21688237,
        0.01127344,  0.4911853 ,  0.02244993, -0.32788356,  0.25571657,
       -0.01598872, -0.00972555,  0.35109636, -0.10550539,  0.45258089,
       -0.2133765 , -0.32995282, -0.06150756, -0.39721698, -0.3005834 ,
       -0.2503133 , -0.33039532,  0.38176941, -0.05837892]) 

Generation: 23 
 - Generation Avg Fit: 1885.2542284999695 
 - Best Fitness: 4298.92555766244 
 - Worst Fitness: 0.0
 - Best Solution: array([-2.43806285e-01,  6.95947198e-02, -1.01579821e-02,  3.54966188e-01,
        2.89994617e-01,  3.15345303e-01,  1.39918826e-01,  1.00592913e-01,
       -7.05380111e-02,  8.12890091e-02, -4.00213825e-01,  2.34114315e-01,
        1.55352996e-02,  3.05688439e-02,  4.99292417e-01, -2.88185542e-01,
       -3.91093531e-02, -4.80572078e-01, -2.73543127e-03,  1.23368607e-02,
        1.93676635e-02,  3.18296048e-02,  4.63504201e-01,  1.19248329e-01,
        2.28643145e-01,  1.21974533e-01, -6.20969654e-02,  2.07898356e-01,
        2.92975636e-01,  1.04425615e-01,  1.62868070e-01,  3.89234125e-01,
        2.00995859e-01,  2.17849834e-01,  1.95735658e-04,  4.86787651e-01,
       -3.01069367e-01,  1.61072788e-02,  3.94889122e-01, -1.51016788e-02,
        9.76185557e-02, -5.02658075e-03, -2.58389044e-01, -2.99422380e-01,
       -2.12753401e-01,  3.33588907e-03,  4.48973623e-01,  9.62241426e-03,
       -1.60216490e-02,  2.69604466e-01,  2.42684788e-01, -9.65550079e-03,
       -2.37121414e-01, -1.03032845e-01,  4.35050100e-01, -2.22869932e-01,
       -3.44260255e-01, -3.57330896e-01,  7.82401310e-03, -3.66125846e-01,
       -2.48183208e-01, -3.78037441e-02,  3.50894115e-01, -3.31477149e-01]) 

Generation: 24 
 - Generation Avg Fit: 1990.5879525560317 
 - Best Fitness: 4298.92555766244 
 - Worst Fitness: 0.0
 - Best Solution: array([-2.43806285e-01,  6.95947198e-02, -1.01579821e-02,  3.54966188e-01,
        2.89994617e-01,  3.15345303e-01,  1.39918826e-01,  1.00592913e-01,
       -7.05380111e-02,  8.12890091e-02, -4.00213825e-01,  2.34114315e-01,
        1.55352996e-02,  3.05688439e-02,  4.99292417e-01, -2.88185542e-01,
       -3.91093531e-02, -4.80572078e-01, -2.73543127e-03,  1.23368607e-02,
        1.93676635e-02,  3.18296048e-02,  4.63504201e-01,  1.19248329e-01,
        2.28643145e-01,  1.21974533e-01, -6.20969654e-02,  2.07898356e-01,
        2.92975636e-01,  1.04425615e-01,  1.62868070e-01,  3.89234125e-01,
        2.00995859e-01,  2.17849834e-01,  1.95735658e-04,  4.86787651e-01,
       -3.01069367e-01,  1.61072788e-02,  3.94889122e-01, -1.51016788e-02,
        9.76185557e-02, -5.02658075e-03, -2.58389044e-01, -2.99422380e-01,
       -2.12753401e-01,  3.33588907e-03,  4.48973623e-01,  9.62241426e-03,
       -1.60216490e-02,  2.69604466e-01,  2.42684788e-01, -9.65550079e-03,
       -2.37121414e-01, -1.03032845e-01,  4.35050100e-01, -2.22869932e-01,
       -3.44260255e-01, -3.57330896e-01,  7.82401310e-03, -3.66125846e-01,
       -2.48183208e-01, -3.78037441e-02,  3.50894115e-01, -3.31477149e-01]) 

Generation: 25 
 - Generation Avg Fit: 2122.316312710389 
 - Best Fitness: 4298.92555766244 
 - Worst Fitness: 0.0
 - Best Solution: array([-2.43806285e-01,  6.95947198e-02, -1.01579821e-02,  3.54966188e-01,
        2.89994617e-01,  3.15345303e-01,  1.39918826e-01,  1.00592913e-01,
       -7.05380111e-02,  8.12890091e-02, -4.00213825e-01,  2.34114315e-01,
        1.55352996e-02,  3.05688439e-02,  4.99292417e-01, -2.88185542e-01,
       -3.91093531e-02, -4.80572078e-01, -2.73543127e-03,  1.23368607e-02,
        1.93676635e-02,  3.18296048e-02,  4.63504201e-01,  1.19248329e-01,
        2.28643145e-01,  1.21974533e-01, -6.20969654e-02,  2.07898356e-01,
        2.92975636e-01,  1.04425615e-01,  1.62868070e-01,  3.89234125e-01,
        2.00995859e-01,  2.17849834e-01,  1.95735658e-04,  4.86787651e-01,
       -3.01069367e-01,  1.61072788e-02,  3.94889122e-01, -1.51016788e-02,
        9.76185557e-02, -5.02658075e-03, -2.58389044e-01, -2.99422380e-01,
       -2.12753401e-01,  3.33588907e-03,  4.48973623e-01,  9.62241426e-03,
       -1.60216490e-02,  2.69604466e-01,  2.42684788e-01, -9.65550079e-03,
       -2.37121414e-01, -1.03032845e-01,  4.35050100e-01, -2.22869932e-01,
       -3.44260255e-01, -3.57330896e-01,  7.82401310e-03, -3.66125846e-01,
       -2.48183208e-01, -3.78037441e-02,  3.50894115e-01, -3.31477149e-01]) 

Generation: 26 
 - Generation Avg Fit: 2208.850828366753 
 - Best Fitness: 4298.92555766244 
 - Worst Fitness: 0.0
 - Best Solution: array([-2.43806285e-01,  6.95947198e-02, -1.01579821e-02,  3.54966188e-01,
        2.89994617e-01,  3.15345303e-01,  1.39918826e-01,  1.00592913e-01,
       -7.05380111e-02,  8.12890091e-02, -4.00213825e-01,  2.34114315e-01,
        1.55352996e-02,  3.05688439e-02,  4.99292417e-01, -2.88185542e-01,
       -3.91093531e-02, -4.80572078e-01, -2.73543127e-03,  1.23368607e-02,
        1.93676635e-02,  3.18296048e-02,  4.63504201e-01,  1.19248329e-01,
        2.28643145e-01,  1.21974533e-01, -6.20969654e-02,  2.07898356e-01,
        2.92975636e-01,  1.04425615e-01,  1.62868070e-01,  3.89234125e-01,
        2.00995859e-01,  2.17849834e-01,  1.95735658e-04,  4.86787651e-01,
       -3.01069367e-01,  1.61072788e-02,  3.94889122e-01, -1.51016788e-02,
        9.76185557e-02, -5.02658075e-03, -2.58389044e-01, -2.99422380e-01,
       -2.12753401e-01,  3.33588907e-03,  4.48973623e-01,  9.62241426e-03,
       -1.60216490e-02,  2.69604466e-01,  2.42684788e-01, -9.65550079e-03,
       -2.37121414e-01, -1.03032845e-01,  4.35050100e-01, -2.22869932e-01,
       -3.44260255e-01, -3.57330896e-01,  7.82401310e-03, -3.66125846e-01,
       -2.48183208e-01, -3.78037441e-02,  3.50894115e-01, -3.31477149e-01]) 

Generation: 27 
 - Generation Avg Fit: 2275.6881588669335 
 - Best Fitness: 4311.923325323193 
 - Worst Fitness: 0.0
 - Best Solution: array([ 0.40938698, -0.28579354, -0.0388851 ,  0.26930467,  0.45045308,
       -0.19271127,  0.22853087,  0.22603879,  0.10036049,  0.08408024,
       -0.39517774, -0.17853085,  0.14165552,  0.27466311,  0.49471389,
       -0.25032527, -0.02879412,  0.12315961,  0.17033042, -0.09396041,
        0.14322819, -0.35882112,  0.3286315 ,  0.06320806, -0.37382802,
       -0.38230026,  0.00878929, -0.3268715 , -0.36797603,  0.01965009,
        0.49828449, -0.27622262,  0.20915109, -0.29082827, -0.3039752 ,
        0.4925717 , -0.33612017, -0.00154431,  0.39533719, -0.01986204,
       -0.0516128 , -0.31046945,  0.49537751, -0.14166203,  0.20938767,
       -0.01396309,  0.46778747,  0.22833746, -0.32606237, -0.40802319,
        0.00109014, -0.00286036, -0.23426683,  0.10343819,  0.43456552,
       -0.21514662, -0.38463933, -0.02810547,  0.00498219, -0.35248112,
       -0.45060559,  0.34530262, -0.13718876, -0.05837892]) 

Generation: 28 
 - Generation Avg Fit: 2308.474643751339 
 - Best Fitness: 4311.923325323193 
 - Worst Fitness: 0.0
 - Best Solution: array([-2.43806285e-01,  6.95947198e-02, -1.01579821e-02,  3.54966188e-01,
        2.89994617e-01,  3.15345303e-01,  1.39918826e-01,  1.00592913e-01,
       -7.05380111e-02,  8.12890091e-02, -4.00213825e-01,  2.34114315e-01,
        1.55352996e-02,  3.05688439e-02,  4.99292417e-01, -2.88185542e-01,
       -3.91093531e-02, -4.80572078e-01, -2.73543127e-03,  1.23368607e-02,
        1.93676635e-02,  3.18296048e-02,  4.63504201e-01,  1.19248329e-01,
        2.28643145e-01,  1.21974533e-01, -6.20969654e-02,  2.07898356e-01,
        2.92975636e-01,  1.04425615e-01,  1.62868070e-01,  3.89234125e-01,
        2.00995859e-01,  2.17849834e-01,  1.95735658e-04,  4.86787651e-01,
       -3.01069367e-01,  1.61072788e-02,  3.94889122e-01, -1.51016788e-02,
        9.76185557e-02, -5.02658075e-03, -2.58389044e-01, -2.99422380e-01,
       -2.12753401e-01,  3.33588907e-03,  4.48973623e-01,  9.62241426e-03,
       -1.60216490e-02,  2.69604466e-01,  2.42684788e-01, -9.65550079e-03,
       -2.37121414e-01, -1.03032845e-01,  4.35050100e-01, -2.22869932e-01,
       -3.44260255e-01, -3.57330896e-01,  7.82401310e-03, -3.66125846e-01,
       -2.48183208e-01, -3.78037441e-02,  3.50894115e-01, -3.31477149e-01]) 

Generation: 29 
 - Generation Avg Fit: 2391.933345526719 
 - Best Fitness: 4595.765212335085 
 - Worst Fitness: 0.0
 - Best Solution: array([-2.50680824e-01, -3.77061121e-01, -3.11920481e-02, -3.16755705e-01,
        4.65550070e-01, -1.91566582e-01,  1.06241043e-02,  1.28929136e-02,
        7.75019143e-02,  7.76490288e-02,  3.79331359e-04,  2.32004281e-01,
       -2.75663829e-03,  2.73053535e-02,  1.00926002e-01, -7.81566590e-02,
       -3.78526547e-02,  5.94829472e-02,  1.87065927e-02, -9.77193344e-02,
        3.03723671e-02,  1.41871175e-01,  4.62599262e-01, -2.59204888e-01,
       -3.73094425e-01,  1.15394883e-01,  1.73103839e-02,  2.09119170e-01,
       -1.03239293e-01,  3.08693554e-01,  1.37344585e-01,  1.25619795e-01,
        1.75263340e-01, -2.90753660e-01, -3.06922296e-01,  4.91441122e-01,
       -3.40039488e-01, -3.39635056e-03,  4.01862787e-01, -1.41756795e-02,
       -5.77464885e-02, -2.99415466e-01, -2.75069679e-01, -3.09990323e-01,
       -2.10850832e-01, -3.81770570e-01,  3.34058733e-01,  2.09820944e-02,
       -3.22430475e-01, -1.82772912e-01, -7.91035946e-03,  9.19446580e-05,
       -2.38928967e-01, -8.77715823e-02,  4.60688806e-01, -1.96828162e-01,
       -3.33196772e-01, -1.76229204e-02, -4.00654395e-01, -3.67650069e-01,
       -2.29883281e-01,  1.09803051e-01,  3.61529107e-01, -5.27288051e-02]) 

Generation: 30 
 - Generation Avg Fit: 2159.262967138138 
 - Best Fitness: 4595.765212335085 
 - Worst Fitness: 0.0
 - Best Solution: array([ 0.40938698, -0.28579354, -0.0388851 ,  0.26930467,  0.45045308,
       -0.19271127,  0.22853087,  0.22603879,  0.10036049,  0.08408024,
       -0.39517774, -0.17853085,  0.14165552,  0.27466311,  0.49471389,
       -0.25032527, -0.02879412,  0.12315961,  0.17033042, -0.09396041,
        0.14322819, -0.35882112,  0.3286315 ,  0.06320806, -0.37382802,
       -0.38230026,  0.00878929, -0.3268715 , -0.36797603,  0.01965009,
        0.49828449, -0.27622262,  0.20915109, -0.29082827, -0.3039752 ,
        0.4925717 , -0.33612017, -0.00154431,  0.39533719, -0.01986204,
       -0.0516128 , -0.31046945,  0.49537751, -0.14166203,  0.20938767,
       -0.01396309,  0.46778747,  0.22833746, -0.32606237, -0.40802319,
        0.00109014, -0.00286036, -0.23426683,  0.10343819,  0.43456552,
       -0.21514662, -0.38463933, -0.02810547,  0.00498219, -0.35248112,
       -0.45060559,  0.34530262, -0.13718876, -0.05837892]) 

Generation: 31 
 - Generation Avg Fit: 2361.6317885132526 
 - Best Fitness: 4595.765212335085 
 - Worst Fitness: 0.0
 - Best Solution: array([-2.50680824e-01, -3.77061121e-01, -3.11920481e-02, -3.16755705e-01,
        4.65550070e-01, -1.91566582e-01,  1.06241043e-02,  1.28929136e-02,
        7.75019143e-02,  7.76490288e-02,  3.79331359e-04,  2.32004281e-01,
       -2.75663829e-03,  2.73053535e-02,  1.00926002e-01, -7.81566590e-02,
       -3.78526547e-02,  5.94829472e-02,  1.87065927e-02, -9.77193344e-02,
        3.03723671e-02,  1.41871175e-01,  4.62599262e-01, -2.59204888e-01,
       -3.73094425e-01,  1.15394883e-01,  1.73103839e-02,  2.09119170e-01,
       -1.03239293e-01,  3.08693554e-01,  1.37344585e-01,  1.25619795e-01,
        1.75263340e-01, -2.90753660e-01, -3.06922296e-01,  4.91441122e-01,
       -3.40039488e-01, -3.39635056e-03,  4.01862787e-01, -1.41756795e-02,
       -5.77464885e-02, -2.99415466e-01, -2.75069679e-01, -3.09990323e-01,
       -2.10850832e-01, -3.81770570e-01,  3.34058733e-01,  2.09820944e-02,
       -3.22430475e-01, -1.82772912e-01, -7.91035946e-03,  9.19446580e-05,
       -2.38928967e-01, -8.77715823e-02,  4.60688806e-01, -1.96828162e-01,
       -3.33196772e-01, -1.76229204e-02, -4.00654395e-01, -3.67650069e-01,
       -2.29883281e-01,  1.09803051e-01,  3.61529107e-01, -5.27288051e-02]) 

Generation: 32 
 - Generation Avg Fit: 2316.8240174752827 
 - Best Fitness: 4595.765212335085 
 - Worst Fitness: 0.0
 - Best Solution: array([-2.50680824e-01, -3.77061121e-01, -3.11920481e-02, -3.16755705e-01,
        4.65550070e-01, -1.91566582e-01,  1.06241043e-02,  1.28929136e-02,
        7.75019143e-02,  7.76490288e-02,  3.79331359e-04,  2.32004281e-01,
       -2.75663829e-03,  2.73053535e-02,  1.00926002e-01, -7.81566590e-02,
       -3.78526547e-02,  5.94829472e-02,  1.87065927e-02, -9.77193344e-02,
        3.03723671e-02,  1.41871175e-01,  4.62599262e-01, -2.59204888e-01,
       -3.73094425e-01,  1.15394883e-01,  1.73103839e-02,  2.09119170e-01,
       -1.03239293e-01,  3.08693554e-01,  1.37344585e-01,  1.25619795e-01,
        1.75263340e-01, -2.90753660e-01, -3.06922296e-01,  4.91441122e-01,
       -3.40039488e-01, -3.39635056e-03,  4.01862787e-01, -1.41756795e-02,
       -5.77464885e-02, -2.99415466e-01, -2.75069679e-01, -3.09990323e-01,
       -2.10850832e-01, -3.81770570e-01,  3.34058733e-01,  2.09820944e-02,
       -3.22430475e-01, -1.82772912e-01, -7.91035946e-03,  9.19446580e-05,
       -2.38928967e-01, -8.77715823e-02,  4.60688806e-01, -1.96828162e-01,
       -3.33196772e-01, -1.76229204e-02, -4.00654395e-01, -3.67650069e-01,
       -2.29883281e-01,  1.09803051e-01,  3.61529107e-01, -5.27288051e-02]) 

Generation: 33 
 - Generation Avg Fit: 2274.415272644663 
 - Best Fitness: 4595.765212335085 
 - Worst Fitness: 0.0
 - Best Solution: array([-2.50680824e-01, -3.77061121e-01, -3.11920481e-02, -3.16755705e-01,
        4.65550070e-01, -1.91566582e-01,  1.06241043e-02,  1.28929136e-02,
        7.75019143e-02,  7.76490288e-02,  3.79331359e-04,  2.32004281e-01,
       -2.75663829e-03,  2.73053535e-02,  1.00926002e-01, -7.81566590e-02,
       -3.78526547e-02,  5.94829472e-02,  1.87065927e-02, -9.77193344e-02,
        3.03723671e-02,  1.41871175e-01,  4.62599262e-01, -2.59204888e-01,
       -3.73094425e-01,  1.15394883e-01,  1.73103839e-02,  2.09119170e-01,
       -1.03239293e-01,  3.08693554e-01,  1.37344585e-01,  1.25619795e-01,
        1.75263340e-01, -2.90753660e-01, -3.06922296e-01,  4.91441122e-01,
       -3.40039488e-01, -3.39635056e-03,  4.01862787e-01, -1.41756795e-02,
       -5.77464885e-02, -2.99415466e-01, -2.75069679e-01, -3.09990323e-01,
       -2.10850832e-01, -3.81770570e-01,  3.34058733e-01,  2.09820944e-02,
       -3.22430475e-01, -1.82772912e-01, -7.91035946e-03,  9.19446580e-05,
       -2.38928967e-01, -8.77715823e-02,  4.60688806e-01, -1.96828162e-01,
       -3.33196772e-01, -1.76229204e-02, -4.00654395e-01, -3.67650069e-01,
       -2.29883281e-01,  1.09803051e-01,  3.61529107e-01, -5.27288051e-02]) 

Generation: 34 
 - Generation Avg Fit: 2335.942136933709 
 - Best Fitness: 4595.765212335085 
 - Worst Fitness: 0.0
 - Best Solution: array([-2.50680824e-01, -3.77061121e-01, -3.11920481e-02, -3.16755705e-01,
        4.65550070e-01, -1.91566582e-01,  1.06241043e-02,  1.28929136e-02,
        7.75019143e-02,  7.76490288e-02,  3.79331359e-04,  2.32004281e-01,
       -2.75663829e-03,  2.73053535e-02,  1.00926002e-01, -7.81566590e-02,
       -3.78526547e-02,  5.94829472e-02,  1.87065927e-02, -9.77193344e-02,
        3.03723671e-02,  1.41871175e-01,  4.62599262e-01, -2.59204888e-01,
       -3.73094425e-01,  1.15394883e-01,  1.73103839e-02,  2.09119170e-01,
       -1.03239293e-01,  3.08693554e-01,  1.37344585e-01,  1.25619795e-01,
        1.75263340e-01, -2.90753660e-01, -3.06922296e-01,  4.91441122e-01,
       -3.40039488e-01, -3.39635056e-03,  4.01862787e-01, -1.41756795e-02,
       -5.77464885e-02, -2.99415466e-01, -2.75069679e-01, -3.09990323e-01,
       -2.10850832e-01, -3.81770570e-01,  3.34058733e-01,  2.09820944e-02,
       -3.22430475e-01, -1.82772912e-01, -7.91035946e-03,  9.19446580e-05,
       -2.38928967e-01, -8.77715823e-02,  4.60688806e-01, -1.96828162e-01,
       -3.33196772e-01, -1.76229204e-02, -4.00654395e-01, -3.67650069e-01,
       -2.29883281e-01,  1.09803051e-01,  3.61529107e-01, -5.27288051e-02]) 

Generation: 35 
 - Generation Avg Fit: 2490.481458506902 
 - Best Fitness: 4595.765212335085 
 - Worst Fitness: 0.0
 - Best Solution: array([-2.50680824e-01, -3.77061121e-01, -3.11920481e-02, -3.16755705e-01,
        4.65550070e-01, -1.91566582e-01,  1.06241043e-02,  1.28929136e-02,
        7.75019143e-02,  7.76490288e-02,  3.79331359e-04,  2.32004281e-01,
       -2.75663829e-03,  2.73053535e-02,  1.00926002e-01, -7.81566590e-02,
       -3.78526547e-02,  5.94829472e-02,  1.87065927e-02, -9.77193344e-02,
        3.03723671e-02,  1.41871175e-01,  4.62599262e-01, -2.59204888e-01,
       -3.73094425e-01,  1.15394883e-01,  1.73103839e-02,  2.09119170e-01,
       -1.03239293e-01,  3.08693554e-01,  1.37344585e-01,  1.25619795e-01,
        1.75263340e-01, -2.90753660e-01, -3.06922296e-01,  4.91441122e-01,
       -3.40039488e-01, -3.39635056e-03,  4.01862787e-01, -1.41756795e-02,
       -5.77464885e-02, -2.99415466e-01, -2.75069679e-01, -3.09990323e-01,
       -2.10850832e-01, -3.81770570e-01,  3.34058733e-01,  2.09820944e-02,
       -3.22430475e-01, -1.82772912e-01, -7.91035946e-03,  9.19446580e-05,
       -2.38928967e-01, -8.77715823e-02,  4.60688806e-01, -1.96828162e-01,
       -3.33196772e-01, -1.76229204e-02, -4.00654395e-01, -3.67650069e-01,
       -2.29883281e-01,  1.09803051e-01,  3.61529107e-01, -5.27288051e-02]) 

Generation: 36 
 - Generation Avg Fit: 2402.378889677029 
 - Best Fitness: 4595.765212335085 
 - Worst Fitness: 0.0
 - Best Solution: array([-2.50680824e-01, -3.77061121e-01, -3.11920481e-02, -3.16755705e-01,
        4.65550070e-01, -1.91566582e-01,  1.06241043e-02,  1.28929136e-02,
        7.75019143e-02,  7.76490288e-02,  3.79331359e-04,  2.32004281e-01,
       -2.75663829e-03,  2.73053535e-02,  1.00926002e-01, -7.81566590e-02,
       -3.78526547e-02,  5.94829472e-02,  1.87065927e-02, -9.77193344e-02,
        3.03723671e-02,  1.41871175e-01,  4.62599262e-01, -2.59204888e-01,
       -3.73094425e-01,  1.15394883e-01,  1.73103839e-02,  2.09119170e-01,
       -1.03239293e-01,  3.08693554e-01,  1.37344585e-01,  1.25619795e-01,
        1.75263340e-01, -2.90753660e-01, -3.06922296e-01,  4.91441122e-01,
       -3.40039488e-01, -3.39635056e-03,  4.01862787e-01, -1.41756795e-02,
       -5.77464885e-02, -2.99415466e-01, -2.75069679e-01, -3.09990323e-01,
       -2.10850832e-01, -3.81770570e-01,  3.34058733e-01,  2.09820944e-02,
       -3.22430475e-01, -1.82772912e-01, -7.91035946e-03,  9.19446580e-05,
       -2.38928967e-01, -8.77715823e-02,  4.60688806e-01, -1.96828162e-01,
       -3.33196772e-01, -1.76229204e-02, -4.00654395e-01, -3.67650069e-01,
       -2.29883281e-01,  1.09803051e-01,  3.61529107e-01, -5.27288051e-02]) 

Generation: 37 
 - Generation Avg Fit: 2563.2111706336163 
 - Best Fitness: 4595.765212335085 
 - Worst Fitness: 0.0
 - Best Solution: array([-2.50680824e-01, -3.77061121e-01, -3.11920481e-02, -3.16755705e-01,
        4.65550070e-01, -1.91566582e-01,  1.06241043e-02,  1.28929136e-02,
        7.75019143e-02,  7.76490288e-02,  3.79331359e-04,  2.32004281e-01,
       -2.75663829e-03,  2.73053535e-02,  1.00926002e-01, -7.81566590e-02,
       -3.78526547e-02,  5.94829472e-02,  1.87065927e-02, -9.77193344e-02,
        3.03723671e-02,  1.41871175e-01,  4.62599262e-01, -2.59204888e-01,
       -3.73094425e-01,  1.15394883e-01,  1.73103839e-02,  2.09119170e-01,
       -1.03239293e-01,  3.08693554e-01,  1.37344585e-01,  1.25619795e-01,
        1.75263340e-01, -2.90753660e-01, -3.06922296e-01,  4.91441122e-01,
       -3.40039488e-01, -3.39635056e-03,  4.01862787e-01, -1.41756795e-02,
       -5.77464885e-02, -2.99415466e-01, -2.75069679e-01, -3.09990323e-01,
       -2.10850832e-01, -3.81770570e-01,  3.34058733e-01,  2.09820944e-02,
       -3.22430475e-01, -1.82772912e-01, -7.91035946e-03,  9.19446580e-05,
       -2.38928967e-01, -8.77715823e-02,  4.60688806e-01, -1.96828162e-01,
       -3.33196772e-01, -1.76229204e-02, -4.00654395e-01, -3.67650069e-01,
       -2.29883281e-01,  1.09803051e-01,  3.61529107e-01, -5.27288051e-02]) 

Generation: 38 
 - Generation Avg Fit: 2531.9394557204796 
 - Best Fitness: 4595.765212335085 
 - Worst Fitness: 0.0
 - Best Solution: array([-2.50680824e-01, -3.77061121e-01, -3.11920481e-02, -3.16755705e-01,
        4.65550070e-01, -1.91566582e-01,  1.06241043e-02,  1.28929136e-02,
        7.75019143e-02,  7.76490288e-02,  3.79331359e-04,  2.32004281e-01,
       -2.75663829e-03,  2.73053535e-02,  1.00926002e-01, -7.81566590e-02,
       -3.78526547e-02,  5.94829472e-02,  1.87065927e-02, -9.77193344e-02,
        3.03723671e-02,  1.41871175e-01,  4.62599262e-01, -2.59204888e-01,
       -3.73094425e-01,  1.15394883e-01,  1.73103839e-02,  2.09119170e-01,
       -1.03239293e-01,  3.08693554e-01,  1.37344585e-01,  1.25619795e-01,
        1.75263340e-01, -2.90753660e-01, -3.06922296e-01,  4.91441122e-01,
       -3.40039488e-01, -3.39635056e-03,  4.01862787e-01, -1.41756795e-02,
       -5.77464885e-02, -2.99415466e-01, -2.75069679e-01, -3.09990323e-01,
       -2.10850832e-01, -3.81770570e-01,  3.34058733e-01,  2.09820944e-02,
       -3.22430475e-01, -1.82772912e-01, -7.91035946e-03,  9.19446580e-05,
       -2.38928967e-01, -8.77715823e-02,  4.60688806e-01, -1.96828162e-01,
       -3.33196772e-01, -1.76229204e-02, -4.00654395e-01, -3.67650069e-01,
       -2.29883281e-01,  1.09803051e-01,  3.61529107e-01, -5.27288051e-02]) 

Generation: 39 
 - Generation Avg Fit: 2573.9075206191083 
 - Best Fitness: 4599.80651837751 
 - Worst Fitness: 0.0
 - Best Solution: array([-0.23492816, -0.28728583, -0.0391033 , -0.32100736,  0.28089291,
       -0.20345497,  0.22937445, -0.00167084, -0.17688309, -0.07183215,
       -0.01629482, -0.17406204,  0.14672333,  0.0146839 ,  0.51228764,
       -0.2873195 , -0.15821787,  0.1236667 ,  0.14542665,  0.17629607,
        0.13353415,  0.12713898,  0.47010814,  0.11815833,  0.23508091,
       -0.38318394,  0.01603411,  0.20869399, -0.36323441,  0.31822855,
        0.13729021,  0.15208152,  0.21336368, -0.29270405, -0.33908616,
        0.50285653, -0.05149119, -0.01515229,  0.4075694 , -0.00205037,
       -0.04976187, -0.32010218,  0.46913452, -0.14795176, -0.2243673 ,
        0.02215518,  0.4611365 ,  0.02539036, -0.31711097,  0.2506355 ,
        0.25003063, -0.00731076, -0.22966631, -0.0975959 ,  0.44483504,
       -0.2090271 , -0.32802793, -0.0373698 , -0.39368578, -0.12154377,
       -0.01742891,  0.33836389,  0.35208107, -0.06790667]) 

Generation: 40 
 - Generation Avg Fit: 2580.793249304034 
 - Best Fitness: 4613.750568310674 
 - Worst Fitness: 0.0
 - Best Solution: array([ 0.03945375, -0.39757459,  0.25319955,  0.33805564,  0.28547875,
       -0.20980057,  0.00274422,  0.08709389,  0.07750191,  0.06232962,
       -0.00757126,  0.21607663,  0.13068345,  0.24052615,  0.47867325,
       -0.27557693, -0.03456671, -0.33719859,  0.41779311,  0.15814343,
        0.0005866 ,  0.03838013,  0.47938285,  0.05395733,  0.22121822,
        0.22777242,  0.03806418,  0.19630046, -0.30274487,  0.03776857,
        0.48963368,  0.13128779,  0.17484489, -0.00251642, -0.30944669,
       -0.16512031, -0.06513589,  0.02273484,  0.40612314, -0.02093693,
       -0.16472172, -0.30335883,  0.50214999, -0.14098043, -0.20621182,
       -0.02481674,  0.45518617,  0.22512349, -0.33187264, -0.41554301,
       -0.00267291, -0.00445708, -0.22581452, -0.101532  ,  0.48865238,
        0.02243067, -0.34002873, -0.02007526, -0.38849396, -0.11900263,
        0.44158836, -0.33582027,  0.17017204, -0.2094232 ]) 

Generation: 41 
 - Generation Avg Fit: 2509.9826300968434 
 - Best Fitness: 4613.750568310674 
 - Worst Fitness: 0.0
 - Best Solution: array([-0.23492816, -0.37116885, -0.04282311, -0.32727778,  0.28866308,
       -0.18294376,  0.23872624,  0.08379447,  0.07750191, -0.07758526,
        0.0024503 , -0.16040759, -0.00275664,  0.00791351,  0.10700082,
       -0.2873195 , -0.15848066,  0.12545701, -0.00398605,  0.17629607,
        0.0321731 ,  0.12328007,  0.47333896,  0.06520735,  0.22921221,
       -0.06153206,  0.04059518,  0.21099313, -0.38212686,  0.31683028,
        0.13871509,  0.1125826 ,  0.21336368, -0.28661895, -0.33758095,
        0.50799875, -0.03008231, -0.00754775,  0.41115203, -0.00449817,
       -0.04976187, -0.31221929,  0.47304657, -0.15691361, -0.20620149,
       -0.37374501,  0.32437271,  0.02081249, -0.31974136,  0.27011682,
        0.25332791,  0.00733699, -0.23892897, -0.09800597,  0.46291726,
        0.02211939, -0.3740988 , -0.03169152, -0.38568577, -0.11518105,
        0.25521193,  0.34109115,  0.3664104 , -0.05420091]) 

Generation: 42 
 - Generation Avg Fit: 2524.1393826078374 
 - Best Fitness: 4613.750568310674 
 - Worst Fitness: 0.0
 - Best Solution: array([ 0.03945375, -0.39757459,  0.25319955,  0.33805564,  0.28547875,
       -0.20980057,  0.00274422,  0.08709389,  0.07750191,  0.06232962,
       -0.00757126,  0.21607663,  0.13068345,  0.24052615,  0.47867325,
       -0.27557693, -0.03456671, -0.33719859,  0.41779311,  0.15814343,
        0.0005866 ,  0.03838013,  0.47938285,  0.05395733,  0.22121822,
        0.22777242,  0.03806418,  0.19630046, -0.30274487,  0.03776857,
        0.48963368,  0.13128779,  0.17484489, -0.00251642, -0.30944669,
       -0.16512031, -0.06513589,  0.02273484,  0.40612314, -0.02093693,
       -0.16472172, -0.30335883,  0.50214999, -0.14098043, -0.20621182,
       -0.02481674,  0.45518617,  0.22512349, -0.33187264, -0.41554301,
       -0.00267291, -0.00445708, -0.22581452, -0.101532  ,  0.48865238,
        0.02243067, -0.34002873, -0.02007526, -0.38849396, -0.11900263,
        0.44158836, -0.33582027,  0.17017204, -0.2094232 ]) 

Generation: 43 
 - Generation Avg Fit: 2607.715505662804 
 - Best Fitness: 4613.750568310674 
 - Worst Fitness: 0.0
 - Best Solution: array([ 0.03945375, -0.39757459,  0.25319955,  0.33805564,  0.28547875,
       -0.20980057,  0.00274422,  0.08709389,  0.07750191,  0.06232962,
       -0.00757126,  0.21607663,  0.13068345,  0.24052615,  0.47867325,
       -0.27557693, -0.03456671, -0.33719859,  0.41779311,  0.15814343,
        0.0005866 ,  0.03838013,  0.47938285,  0.05395733,  0.22121822,
        0.22777242,  0.03806418,  0.19630046, -0.30274487,  0.03776857,
        0.48963368,  0.13128779,  0.17484489, -0.00251642, -0.30944669,
       -0.16512031, -0.06513589,  0.02273484,  0.40612314, -0.02093693,
       -0.16472172, -0.30335883,  0.50214999, -0.14098043, -0.20621182,
       -0.02481674,  0.45518617,  0.22512349, -0.33187264, -0.41554301,
       -0.00267291, -0.00445708, -0.22581452, -0.101532  ,  0.48865238,
        0.02243067, -0.34002873, -0.02007526, -0.38849396, -0.11900263,
        0.44158836, -0.33582027,  0.17017204, -0.2094232 ]) 

Generation: 44 
 - Generation Avg Fit: 2552.9841391703294 
 - Best Fitness: 4613.750568310674 
 - Worst Fitness: 0.0
 - Best Solution: array([ 0.03945375, -0.39757459,  0.25319955,  0.33805564,  0.28547875,
       -0.20980057,  0.00274422,  0.08709389,  0.07750191,  0.06232962,
       -0.00757126,  0.21607663,  0.13068345,  0.24052615,  0.47867325,
       -0.27557693, -0.03456671, -0.33719859,  0.41779311,  0.15814343,
        0.0005866 ,  0.03838013,  0.47938285,  0.05395733,  0.22121822,
        0.22777242,  0.03806418,  0.19630046, -0.30274487,  0.03776857,
        0.48963368,  0.13128779,  0.17484489, -0.00251642, -0.30944669,
       -0.16512031, -0.06513589,  0.02273484,  0.40612314, -0.02093693,
       -0.16472172, -0.30335883,  0.50214999, -0.14098043, -0.20621182,
       -0.02481674,  0.45518617,  0.22512349, -0.33187264, -0.41554301,
       -0.00267291, -0.00445708, -0.22581452, -0.101532  ,  0.48865238,
        0.02243067, -0.34002873, -0.02007526, -0.38849396, -0.11900263,
        0.44158836, -0.33582027,  0.17017204, -0.2094232 ]) 

Generation: 45 
 - Generation Avg Fit: 2642.683438485551 
 - Best Fitness: 4613.750568310674 
 - Worst Fitness: 0.0
 - Best Solution: array([ 0.03945375, -0.39757459,  0.25319955,  0.33805564,  0.28547875,
       -0.20980057,  0.00274422,  0.08709389,  0.07750191,  0.06232962,
       -0.00757126,  0.21607663,  0.13068345,  0.24052615,  0.47867325,
       -0.27557693, -0.03456671, -0.33719859,  0.41779311,  0.15814343,
        0.0005866 ,  0.03838013,  0.47938285,  0.05395733,  0.22121822,
        0.22777242,  0.03806418,  0.19630046, -0.30274487,  0.03776857,
        0.48963368,  0.13128779,  0.17484489, -0.00251642, -0.30944669,
       -0.16512031, -0.06513589,  0.02273484,  0.40612314, -0.02093693,
       -0.16472172, -0.30335883,  0.50214999, -0.14098043, -0.20621182,
       -0.02481674,  0.45518617,  0.22512349, -0.33187264, -0.41554301,
       -0.00267291, -0.00445708, -0.22581452, -0.101532  ,  0.48865238,
        0.02243067, -0.34002873, -0.02007526, -0.38849396, -0.11900263,
        0.44158836, -0.33582027,  0.17017204, -0.2094232 ]) 

Generation: 46 
 - Generation Avg Fit: 2716.033795109923 
 - Best Fitness: 4613.750568310674 
 - Worst Fitness: 0.0
 - Best Solution: array([ 0.03945375, -0.39757459,  0.25319955,  0.33805564,  0.28547875,
       -0.20980057,  0.00274422,  0.08709389,  0.07750191,  0.06232962,
       -0.00757126,  0.21607663,  0.13068345,  0.24052615,  0.47867325,
       -0.27557693, -0.03456671, -0.33719859,  0.41779311,  0.15814343,
        0.0005866 ,  0.03838013,  0.47938285,  0.05395733,  0.22121822,
        0.22777242,  0.03806418,  0.19630046, -0.30274487,  0.03776857,
        0.48963368,  0.13128779,  0.17484489, -0.00251642, -0.30944669,
       -0.16512031, -0.06513589,  0.02273484,  0.40612314, -0.02093693,
       -0.16472172, -0.30335883,  0.50214999, -0.14098043, -0.20621182,
       -0.02481674,  0.45518617,  0.22512349, -0.33187264, -0.41554301,
       -0.00267291, -0.00445708, -0.22581452, -0.101532  ,  0.48865238,
        0.02243067, -0.34002873, -0.02007526, -0.38849396, -0.11900263,
        0.44158836, -0.33582027,  0.17017204, -0.2094232 ]) 

Generation: 47 
 - Generation Avg Fit: 2739.1984351741 
 - Best Fitness: 4613.750568310674 
 - Worst Fitness: 0.0
 - Best Solution: array([ 0.03945375, -0.39757459,  0.25319955,  0.33805564,  0.28547875,
       -0.20980057,  0.00274422,  0.08709389,  0.07750191,  0.06232962,
       -0.00757126,  0.21607663,  0.13068345,  0.24052615,  0.47867325,
       -0.27557693, -0.03456671, -0.33719859,  0.41779311,  0.15814343,
        0.0005866 ,  0.03838013,  0.47938285,  0.05395733,  0.22121822,
        0.22777242,  0.03806418,  0.19630046, -0.30274487,  0.03776857,
        0.48963368,  0.13128779,  0.17484489, -0.00251642, -0.30944669,
       -0.16512031, -0.06513589,  0.02273484,  0.40612314, -0.02093693,
       -0.16472172, -0.30335883,  0.50214999, -0.14098043, -0.20621182,
       -0.02481674,  0.45518617,  0.22512349, -0.33187264, -0.41554301,
       -0.00267291, -0.00445708, -0.22581452, -0.101532  ,  0.48865238,
        0.02243067, -0.34002873, -0.02007526, -0.38849396, -0.11900263,
        0.44158836, -0.33582027,  0.17017204, -0.2094232 ]) 

Generation: 48 
 - Generation Avg Fit: 2598.56689195318 
 - Best Fitness: 4613.750568310674 
 - Worst Fitness: 0.0
 - Best Solution: array([ 0.03945375, -0.39757459,  0.25319955,  0.33805564,  0.28547875,
       -0.20980057,  0.00274422,  0.08709389,  0.07750191,  0.06232962,
       -0.00757126,  0.21607663,  0.13068345,  0.24052615,  0.47867325,
       -0.27557693, -0.03456671, -0.33719859,  0.41779311,  0.15814343,
        0.0005866 ,  0.03838013,  0.47938285,  0.05395733,  0.22121822,
        0.22777242,  0.03806418,  0.19630046, -0.30274487,  0.03776857,
        0.48963368,  0.13128779,  0.17484489, -0.00251642, -0.30944669,
       -0.16512031, -0.06513589,  0.02273484,  0.40612314, -0.02093693,
       -0.16472172, -0.30335883,  0.50214999, -0.14098043, -0.20621182,
       -0.02481674,  0.45518617,  0.22512349, -0.33187264, -0.41554301,
       -0.00267291, -0.00445708, -0.22581452, -0.101532  ,  0.48865238,
        0.02243067, -0.34002873, -0.02007526, -0.38849396, -0.11900263,
        0.44158836, -0.33582027,  0.17017204, -0.2094232 ]) 

Generation: 49 
 - Generation Avg Fit: 2674.388832796533 
 - Best Fitness: 4909.121223373008 
 - Worst Fitness: 0.0
 - Best Solution: array([-0.2505806 , -0.26505667, -0.01465012, -0.31152573,  0.29812803,
       -0.19187513,  0.22968985,  0.02251612, -0.07194301, -0.07762498,
       -0.39047096,  0.21824522,  0.01820414,  0.15975522,  0.51404211,
       -0.08226793, -0.03276209,  0.10955711,  0.17654012,  0.16348805,
        0.02038176,  0.13543866,  0.47318949,  0.03973921, -0.00725642,
       -0.36098467,  0.00881479,  0.18926708, -0.36233949,  0.09611658,
        0.47784527,  0.12769174,  0.17841735, -0.2896364 , -0.0069518 ,
        0.47490105, -0.33636076, -0.02244959,  0.38641819,  0.00823569,
       -0.18386046, -0.3011684 , -0.25643383, -0.13080549, -0.20573127,
       -0.01351139,  0.46852266,  0.03116703, -0.32112744,  0.2609473 ,
       -0.00438142, -0.0067738 , -0.22918551, -0.10358035,  0.47236623,
        0.02404421, -0.38463933, -0.0227823 , -0.00077441, -0.0930123 ,
       -0.23731426,  0.30201689,  0.16313148, -0.30207877]) 

Generation: 50 
 - Generation Avg Fit: 2933.7227906543785 
 - Best Fitness: 4909.121223373008 
 - Worst Fitness: 0.0
 - Best Solution: array([ 0.03945375, -0.39757459,  0.25319955,  0.33805564,  0.28547875,
       -0.20980057,  0.00274422,  0.08709389,  0.07750191,  0.06232962,
       -0.00757126,  0.21607663,  0.13068345,  0.24052615,  0.47867325,
       -0.27557693, -0.03456671, -0.33719859,  0.41779311,  0.15814343,
        0.0005866 ,  0.03838013,  0.47938285,  0.05395733,  0.22121822,
        0.22777242,  0.03806418,  0.19630046, -0.30274487,  0.03776857,
        0.48963368,  0.13128779,  0.17484489, -0.00251642, -0.30944669,
       -0.16512031, -0.06513589,  0.02273484,  0.40612314, -0.02093693,
       -0.16472172, -0.30335883,  0.50214999, -0.14098043, -0.20621182,
       -0.02481674,  0.45518617,  0.22512349, -0.33187264, -0.41554301,
       -0.00267291, -0.00445708, -0.22581452, -0.101532  ,  0.48865238,
        0.02243067, -0.34002873, -0.02007526, -0.38849396, -0.11900263,
        0.44158836, -0.33582027,  0.17017204, -0.2094232 ]) 

Generation: 51 
 - Generation Avg Fit: 2710.378700531912 
 - Best Fitness: 4909.121223373008 
 - Worst Fitness: 0.0
 - Best Solution: array([-0.2505806 , -0.26505667, -0.01465012, -0.31152573,  0.29812803,
       -0.19187513,  0.22968985,  0.02251612, -0.07194301, -0.07762498,
       -0.39047096,  0.21824522,  0.01820414,  0.15975522,  0.51404211,
       -0.08226793, -0.03276209,  0.10955711,  0.17654012,  0.16348805,
        0.02038176,  0.13543866,  0.47318949,  0.03973921, -0.00725642,
       -0.36098467,  0.00881479,  0.18926708, -0.36233949,  0.09611658,
        0.47784527,  0.12769174,  0.17841735, -0.2896364 , -0.0069518 ,
        0.47490105, -0.33636076, -0.02244959,  0.38641819,  0.00823569,
       -0.18386046, -0.3011684 , -0.25643383, -0.13080549, -0.20573127,
       -0.01351139,  0.46852266,  0.03116703, -0.32112744,  0.2609473 ,
       -0.00438142, -0.0067738 , -0.22918551, -0.10358035,  0.47236623,
        0.02404421, -0.38463933, -0.0227823 , -0.00077441, -0.0930123 ,
       -0.23731426,  0.30201689,  0.16313148, -0.30207877]) 

Generation: 52 
 - Generation Avg Fit: 2876.450623526687 
 - Best Fitness: 4909.121223373008 
 - Worst Fitness: 0.0
 - Best Solution: array([-0.2505806 , -0.26505667, -0.01465012, -0.31152573,  0.29812803,
       -0.19187513,  0.22968985,  0.02251612, -0.07194301, -0.07762498,
       -0.39047096,  0.21824522,  0.01820414,  0.15975522,  0.51404211,
       -0.08226793, -0.03276209,  0.10955711,  0.17654012,  0.16348805,
        0.02038176,  0.13543866,  0.47318949,  0.03973921, -0.00725642,
       -0.36098467,  0.00881479,  0.18926708, -0.36233949,  0.09611658,
        0.47784527,  0.12769174,  0.17841735, -0.2896364 , -0.0069518 ,
        0.47490105, -0.33636076, -0.02244959,  0.38641819,  0.00823569,
       -0.18386046, -0.3011684 , -0.25643383, -0.13080549, -0.20573127,
       -0.01351139,  0.46852266,  0.03116703, -0.32112744,  0.2609473 ,
       -0.00438142, -0.0067738 , -0.22918551, -0.10358035,  0.47236623,
        0.02404421, -0.38463933, -0.0227823 , -0.00077441, -0.0930123 ,
       -0.23731426,  0.30201689,  0.16313148, -0.30207877]) 

Generation: 53 
 - Generation Avg Fit: 2745.252888247142 
 - Best Fitness: 4909.121223373008 
 - Worst Fitness: 0.0
 - Best Solution: array([-0.2505806 , -0.26505667, -0.01465012, -0.31152573,  0.29812803,
       -0.19187513,  0.22968985,  0.02251612, -0.07194301, -0.07762498,
       -0.39047096,  0.21824522,  0.01820414,  0.15975522,  0.51404211,
       -0.08226793, -0.03276209,  0.10955711,  0.17654012,  0.16348805,
        0.02038176,  0.13543866,  0.47318949,  0.03973921, -0.00725642,
       -0.36098467,  0.00881479,  0.18926708, -0.36233949,  0.09611658,
        0.47784527,  0.12769174,  0.17841735, -0.2896364 , -0.0069518 ,
        0.47490105, -0.33636076, -0.02244959,  0.38641819,  0.00823569,
       -0.18386046, -0.3011684 , -0.25643383, -0.13080549, -0.20573127,
       -0.01351139,  0.46852266,  0.03116703, -0.32112744,  0.2609473 ,
       -0.00438142, -0.0067738 , -0.22918551, -0.10358035,  0.47236623,
        0.02404421, -0.38463933, -0.0227823 , -0.00077441, -0.0930123 ,
       -0.23731426,  0.30201689,  0.16313148, -0.30207877]) 

Generation: 54 
 - Generation Avg Fit: 2825.427466516718 
 - Best Fitness: 4909.121223373008 
 - Worst Fitness: 0.0
 - Best Solution: array([-0.2505806 , -0.26505667, -0.01465012, -0.31152573,  0.29812803,
       -0.19187513,  0.22968985,  0.02251612, -0.07194301, -0.07762498,
       -0.39047096,  0.21824522,  0.01820414,  0.15975522,  0.51404211,
       -0.08226793, -0.03276209,  0.10955711,  0.17654012,  0.16348805,
        0.02038176,  0.13543866,  0.47318949,  0.03973921, -0.00725642,
       -0.36098467,  0.00881479,  0.18926708, -0.36233949,  0.09611658,
        0.47784527,  0.12769174,  0.17841735, -0.2896364 , -0.0069518 ,
        0.47490105, -0.33636076, -0.02244959,  0.38641819,  0.00823569,
       -0.18386046, -0.3011684 , -0.25643383, -0.13080549, -0.20573127,
       -0.01351139,  0.46852266,  0.03116703, -0.32112744,  0.2609473 ,
       -0.00438142, -0.0067738 , -0.22918551, -0.10358035,  0.47236623,
        0.02404421, -0.38463933, -0.0227823 , -0.00077441, -0.0930123 ,
       -0.23731426,  0.30201689,  0.16313148, -0.30207877]) 

Generation: 55 
 - Generation Avg Fit: 2794.692860904037 
 - Best Fitness: 4909.121223373008 
 - Worst Fitness: 0.0
 - Best Solution: array([-0.2505806 , -0.26505667, -0.01465012, -0.31152573,  0.29812803,
       -0.19187513,  0.22968985,  0.02251612, -0.07194301, -0.07762498,
       -0.39047096,  0.21824522,  0.01820414,  0.15975522,  0.51404211,
       -0.08226793, -0.03276209,  0.10955711,  0.17654012,  0.16348805,
        0.02038176,  0.13543866,  0.47318949,  0.03973921, -0.00725642,
       -0.36098467,  0.00881479,  0.18926708, -0.36233949,  0.09611658,
        0.47784527,  0.12769174,  0.17841735, -0.2896364 , -0.0069518 ,
        0.47490105, -0.33636076, -0.02244959,  0.38641819,  0.00823569,
       -0.18386046, -0.3011684 , -0.25643383, -0.13080549, -0.20573127,
       -0.01351139,  0.46852266,  0.03116703, -0.32112744,  0.2609473 ,
       -0.00438142, -0.0067738 , -0.22918551, -0.10358035,  0.47236623,
        0.02404421, -0.38463933, -0.0227823 , -0.00077441, -0.0930123 ,
       -0.23731426,  0.30201689,  0.16313148, -0.30207877]) 

Generation: 56 
 - Generation Avg Fit: 2773.1838211107174 
 - Best Fitness: 4909.121223373008 
 - Worst Fitness: 0.0
 - Best Solution: array([-0.2505806 , -0.26505667, -0.01465012, -0.31152573,  0.29812803,
       -0.19187513,  0.22968985,  0.02251612, -0.07194301, -0.07762498,
       -0.39047096,  0.21824522,  0.01820414,  0.15975522,  0.51404211,
       -0.08226793, -0.03276209,  0.10955711,  0.17654012,  0.16348805,
        0.02038176,  0.13543866,  0.47318949,  0.03973921, -0.00725642,
       -0.36098467,  0.00881479,  0.18926708, -0.36233949,  0.09611658,
        0.47784527,  0.12769174,  0.17841735, -0.2896364 , -0.0069518 ,
        0.47490105, -0.33636076, -0.02244959,  0.38641819,  0.00823569,
       -0.18386046, -0.3011684 , -0.25643383, -0.13080549, -0.20573127,
       -0.01351139,  0.46852266,  0.03116703, -0.32112744,  0.2609473 ,
       -0.00438142, -0.0067738 , -0.22918551, -0.10358035,  0.47236623,
        0.02404421, -0.38463933, -0.0227823 , -0.00077441, -0.0930123 ,
       -0.23731426,  0.30201689,  0.16313148, -0.30207877]) 

Generation: 57 
 - Generation Avg Fit: 2763.7280198769486 
 - Best Fitness: 4909.121223373008 
 - Worst Fitness: 0.0
 - Best Solution: array([-0.2505806 , -0.26505667, -0.01465012, -0.31152573,  0.29812803,
       -0.19187513,  0.22968985,  0.02251612, -0.07194301, -0.07762498,
       -0.39047096,  0.21824522,  0.01820414,  0.15975522,  0.51404211,
       -0.08226793, -0.03276209,  0.10955711,  0.17654012,  0.16348805,
        0.02038176,  0.13543866,  0.47318949,  0.03973921, -0.00725642,
       -0.36098467,  0.00881479,  0.18926708, -0.36233949,  0.09611658,
        0.47784527,  0.12769174,  0.17841735, -0.2896364 , -0.0069518 ,
        0.47490105, -0.33636076, -0.02244959,  0.38641819,  0.00823569,
       -0.18386046, -0.3011684 , -0.25643383, -0.13080549, -0.20573127,
       -0.01351139,  0.46852266,  0.03116703, -0.32112744,  0.2609473 ,
       -0.00438142, -0.0067738 , -0.22918551, -0.10358035,  0.47236623,
        0.02404421, -0.38463933, -0.0227823 , -0.00077441, -0.0930123 ,
       -0.23731426,  0.30201689,  0.16313148, -0.30207877]) 

Generation: 58 
 - Generation Avg Fit: 2897.3964669601746 
 - Best Fitness: 4909.121223373008 
 - Worst Fitness: 0.0
 - Best Solution: array([-0.2505806 , -0.26505667, -0.01465012, -0.31152573,  0.29812803,
       -0.19187513,  0.22968985,  0.02251612, -0.07194301, -0.07762498,
       -0.39047096,  0.21824522,  0.01820414,  0.15975522,  0.51404211,
       -0.08226793, -0.03276209,  0.10955711,  0.17654012,  0.16348805,
        0.02038176,  0.13543866,  0.47318949,  0.03973921, -0.00725642,
       -0.36098467,  0.00881479,  0.18926708, -0.36233949,  0.09611658,
        0.47784527,  0.12769174,  0.17841735, -0.2896364 , -0.0069518 ,
        0.47490105, -0.33636076, -0.02244959,  0.38641819,  0.00823569,
       -0.18386046, -0.3011684 , -0.25643383, -0.13080549, -0.20573127,
       -0.01351139,  0.46852266,  0.03116703, -0.32112744,  0.2609473 ,
       -0.00438142, -0.0067738 , -0.22918551, -0.10358035,  0.47236623,
        0.02404421, -0.38463933, -0.0227823 , -0.00077441, -0.0930123 ,
       -0.23731426,  0.30201689,  0.16313148, -0.30207877]) 

Generation: 59 
 - Generation Avg Fit: 2813.947994738589 
 - Best Fitness: 4909.121223373008 
 - Worst Fitness: 0.0
 - Best Solution: array([-0.2505806 , -0.26505667, -0.01465012, -0.31152573,  0.29812803,
       -0.19187513,  0.22968985,  0.02251612, -0.07194301, -0.07762498,
       -0.39047096,  0.21824522,  0.01820414,  0.15975522,  0.51404211,
       -0.08226793, -0.03276209,  0.10955711,  0.17654012,  0.16348805,
        0.02038176,  0.13543866,  0.47318949,  0.03973921, -0.00725642,
       -0.36098467,  0.00881479,  0.18926708, -0.36233949,  0.09611658,
        0.47784527,  0.12769174,  0.17841735, -0.2896364 , -0.0069518 ,
        0.47490105, -0.33636076, -0.02244959,  0.38641819,  0.00823569,
       -0.18386046, -0.3011684 , -0.25643383, -0.13080549, -0.20573127,
       -0.01351139,  0.46852266,  0.03116703, -0.32112744,  0.2609473 ,
       -0.00438142, -0.0067738 , -0.22918551, -0.10358035,  0.47236623,
        0.02404421, -0.38463933, -0.0227823 , -0.00077441, -0.0930123 ,
       -0.23731426,  0.30201689,  0.16313148, -0.30207877]) 

Generation: 60 
 - Generation Avg Fit: 2968.252294893017 
 - Best Fitness: 4909.121223373008 
 - Worst Fitness: 0.0
 - Best Solution: array([-0.2505806 , -0.26505667, -0.01465012, -0.31152573,  0.29812803,
       -0.19187513,  0.22968985,  0.02251612, -0.07194301, -0.07762498,
       -0.39047096,  0.21824522,  0.01820414,  0.15975522,  0.51404211,
       -0.08226793, -0.03276209,  0.10955711,  0.17654012,  0.16348805,
        0.02038176,  0.13543866,  0.47318949,  0.03973921, -0.00725642,
       -0.36098467,  0.00881479,  0.18926708, -0.36233949,  0.09611658,
        0.47784527,  0.12769174,  0.17841735, -0.2896364 , -0.0069518 ,
        0.47490105, -0.33636076, -0.02244959,  0.38641819,  0.00823569,
       -0.18386046, -0.3011684 , -0.25643383, -0.13080549, -0.20573127,
       -0.01351139,  0.46852266,  0.03116703, -0.32112744,  0.2609473 ,
       -0.00438142, -0.0067738 , -0.22918551, -0.10358035,  0.47236623,
        0.02404421, -0.38463933, -0.0227823 , -0.00077441, -0.0930123 ,
       -0.23731426,  0.30201689,  0.16313148, -0.30207877]) 

Generation: 61 
 - Generation Avg Fit: 2905.9464077734087 
 - Best Fitness: 4909.121223373008 
 - Worst Fitness: 0.0
 - Best Solution: array([-0.2505806 , -0.26505667, -0.01465012, -0.31152573,  0.29812803,
       -0.19187513,  0.22968985,  0.02251612, -0.07194301, -0.07762498,
       -0.39047096,  0.21824522,  0.01820414,  0.15975522,  0.51404211,
       -0.08226793, -0.03276209,  0.10955711,  0.17654012,  0.16348805,
        0.02038176,  0.13543866,  0.47318949,  0.03973921, -0.00725642,
       -0.36098467,  0.00881479,  0.18926708, -0.36233949,  0.09611658,
        0.47784527,  0.12769174,  0.17841735, -0.2896364 , -0.0069518 ,
        0.47490105, -0.33636076, -0.02244959,  0.38641819,  0.00823569,
       -0.18386046, -0.3011684 , -0.25643383, -0.13080549, -0.20573127,
       -0.01351139,  0.46852266,  0.03116703, -0.32112744,  0.2609473 ,
       -0.00438142, -0.0067738 , -0.22918551, -0.10358035,  0.47236623,
        0.02404421, -0.38463933, -0.0227823 , -0.00077441, -0.0930123 ,
       -0.23731426,  0.30201689,  0.16313148, -0.30207877]) 

Generation: 62 
 - Generation Avg Fit: 2790.5312945096944 
 - Best Fitness: 4909.121223373008 
 - Worst Fitness: 0.0
 - Best Solution: array([-0.2505806 , -0.26505667, -0.01465012, -0.31152573,  0.29812803,
       -0.19187513,  0.22968985,  0.02251612, -0.07194301, -0.07762498,
       -0.39047096,  0.21824522,  0.01820414,  0.15975522,  0.51404211,
       -0.08226793, -0.03276209,  0.10955711,  0.17654012,  0.16348805,
        0.02038176,  0.13543866,  0.47318949,  0.03973921, -0.00725642,
       -0.36098467,  0.00881479,  0.18926708, -0.36233949,  0.09611658,
        0.47784527,  0.12769174,  0.17841735, -0.2896364 , -0.0069518 ,
        0.47490105, -0.33636076, -0.02244959,  0.38641819,  0.00823569,
       -0.18386046, -0.3011684 , -0.25643383, -0.13080549, -0.20573127,
       -0.01351139,  0.46852266,  0.03116703, -0.32112744,  0.2609473 ,
       -0.00438142, -0.0067738 , -0.22918551, -0.10358035,  0.47236623,
        0.02404421, -0.38463933, -0.0227823 , -0.00077441, -0.0930123 ,
       -0.23731426,  0.30201689,  0.16313148, -0.30207877]) 

Generation: 63 
 - Generation Avg Fit: 2878.141017779458 
 - Best Fitness: 4909.121223373008 
 - Worst Fitness: 0.0
 - Best Solution: array([-0.2505806 , -0.26505667, -0.01465012, -0.31152573,  0.29812803,
       -0.19187513,  0.22968985,  0.02251612, -0.07194301, -0.07762498,
       -0.39047096,  0.21824522,  0.01820414,  0.15975522,  0.51404211,
       -0.08226793, -0.03276209,  0.10955711,  0.17654012,  0.16348805,
        0.02038176,  0.13543866,  0.47318949,  0.03973921, -0.00725642,
       -0.36098467,  0.00881479,  0.18926708, -0.36233949,  0.09611658,
        0.47784527,  0.12769174,  0.17841735, -0.2896364 , -0.0069518 ,
        0.47490105, -0.33636076, -0.02244959,  0.38641819,  0.00823569,
       -0.18386046, -0.3011684 , -0.25643383, -0.13080549, -0.20573127,
       -0.01351139,  0.46852266,  0.03116703, -0.32112744,  0.2609473 ,
       -0.00438142, -0.0067738 , -0.22918551, -0.10358035,  0.47236623,
        0.02404421, -0.38463933, -0.0227823 , -0.00077441, -0.0930123 ,
       -0.23731426,  0.30201689,  0.16313148, -0.30207877]) 

Generation: 64 
 - Generation Avg Fit: 2940.000155265154 
 - Best Fitness: 5073.655519682435 
 - Worst Fitness: 0.0
 - Best Solution: array([-2.45345957e-01, -2.79375819e-01, -4.20925349e-02,  3.12902728e-01,
        2.87292613e-01, -3.91103423e-01, -2.50598813e-02,  8.62076453e-03,
       -1.71314770e-01,  6.48809905e-02,  4.68478607e-04, -1.59785983e-01,
        1.35824986e-01,  1.57375867e-01,  5.09295255e-01, -2.67820885e-01,
       -1.65304278e-01,  1.14579808e-01,  1.80340185e-01,  1.71844323e-01,
        1.26538035e-02,  1.35400152e-01,  3.15447763e-01,  5.73554222e-02,
       -3.78952515e-01, -3.80443915e-01,  1.27447503e-02,  2.02553535e-01,
       -3.89855275e-01,  3.15486214e-01,  1.41524884e-01,  1.52081520e-01,
        2.25301139e-01, -2.98011783e-01, -7.51668437e-02,  5.01137916e-01,
       -3.50116177e-01, -2.72244263e-03,  4.04370722e-01,  3.77758300e-03,
       -4.90650185e-02, -3.12983957e-01, -2.38697726e-01, -1.25818300e-01,
       -2.10680500e-01, -1.05728380e-02,  5.05161575e-01,  2.36889036e-01,
       -3.25500794e-01,  2.59571064e-01, -2.92212924e-02, -2.41135008e-02,
       -2.15759617e-01,  9.14613909e-03,  4.76062042e-01,  3.53975694e-03,
       -3.81201860e-01, -3.49715484e-02, -3.89065520e-01, -2.41975831e-01,
       -2.21533409e-01,  3.10272675e-01,  1.56088549e-01, -6.52005626e-02]) 

Generation: 65 
 - Generation Avg Fit: 2841.6785314820986 
 - Best Fitness: 5073.655519682435 
 - Worst Fitness: 0.0
 - Best Solution: array([-0.2505806 , -0.26505667, -0.01465012, -0.31152573,  0.29812803,
       -0.19187513,  0.22968985,  0.02251612, -0.07194301, -0.07762498,
       -0.39047096,  0.21824522,  0.01820414,  0.15975522,  0.51404211,
       -0.08226793, -0.03276209,  0.10955711,  0.17654012,  0.16348805,
        0.02038176,  0.13543866,  0.47318949,  0.03973921, -0.00725642,
       -0.36098467,  0.00881479,  0.18926708, -0.36233949,  0.09611658,
        0.47784527,  0.12769174,  0.17841735, -0.2896364 , -0.0069518 ,
        0.47490105, -0.33636076, -0.02244959,  0.38641819,  0.00823569,
       -0.18386046, -0.3011684 , -0.25643383, -0.13080549, -0.20573127,
       -0.01351139,  0.46852266,  0.03116703, -0.32112744,  0.2609473 ,
       -0.00438142, -0.0067738 , -0.22918551, -0.10358035,  0.47236623,
        0.02404421, -0.38463933, -0.0227823 , -0.00077441, -0.0930123 ,
       -0.23731426,  0.30201689,  0.16313148, -0.30207877]) 

Generation: 66 
 - Generation Avg Fit: 3004.995085381969 
 - Best Fitness: 5073.655519682435 
 - Worst Fitness: 0.0
 - Best Solution: array([-2.40481498e-01, -2.95780489e-01, -4.48515275e-02, -3.27915763e-01,
        2.96250873e-01, -3.91375070e-01,  2.42970001e-01,  2.39499920e-03,
       -1.71314770e-01,  7.36757596e-02,  4.56775686e-03,  2.31090309e-01,
        1.52997466e-01,  1.58034587e-02,  4.83486073e-01, -2.69671142e-01,
       -1.69444958e-01,  1.31799042e-01,  1.75535099e-01,  1.71017837e-01,
        9.52277042e-03,  1.29030361e-01,  3.06036278e-01,  6.14144132e-02,
       -3.90759314e-01,  1.24355878e-01,  3.97927158e-03,  2.01009478e-01,
       -4.02014952e-01,  1.57153777e-04,  4.71774449e-02,  1.32406512e-01,
        2.15794041e-01, -2.98039864e-01, -7.06737345e-02,  5.04967901e-01,
       -3.33510168e-01, -1.28024137e-02,  2.51369315e-01,  1.72986654e-02,
       -5.63451575e-02, -3.12983957e-01, -2.54115500e-01, -2.92338373e-01,
       -2.18448790e-01, -7.24662587e-03,  5.14369316e-01,  1.97516175e-02,
       -3.25500794e-01,  2.55875362e-01, -7.50682016e-03,  5.11333363e-02,
       -2.29256823e-01,  1.63137443e-02,  4.89613780e-01,  2.49774846e-03,
       -3.20804077e-01, -3.55163189e-02, -3.83137097e-01, -2.41975831e-01,
       -2.41540161e-01,  3.00613228e-01, -1.22614541e-01, -6.49377303e-02]) 

Generation: 67 
 - Generation Avg Fit: 3019.2268123393355 
 - Best Fitness: 5073.655519682435 
 - Worst Fitness: 0.0
 - Best Solution: array([-2.40481498e-01, -2.95780489e-01, -4.48515275e-02, -3.27915763e-01,
        2.96250873e-01, -3.91375070e-01,  2.42970001e-01,  2.39499920e-03,
       -1.71314770e-01,  7.36757596e-02,  4.56775686e-03,  2.31090309e-01,
        1.52997466e-01,  1.58034587e-02,  4.83486073e-01, -2.69671142e-01,
       -1.69444958e-01,  1.31799042e-01,  1.75535099e-01,  1.71017837e-01,
        9.52277042e-03,  1.29030361e-01,  3.06036278e-01,  6.14144132e-02,
       -3.90759314e-01,  1.24355878e-01,  3.97927158e-03,  2.01009478e-01,
       -4.02014952e-01,  1.57153777e-04,  4.71774449e-02,  1.32406512e-01,
        2.15794041e-01, -2.98039864e-01, -7.06737345e-02,  5.04967901e-01,
       -3.33510168e-01, -1.28024137e-02,  2.51369315e-01,  1.72986654e-02,
       -5.63451575e-02, -3.12983957e-01, -2.54115500e-01, -2.92338373e-01,
       -2.18448790e-01, -7.24662587e-03,  5.14369316e-01,  1.97516175e-02,
       -3.25500794e-01,  2.55875362e-01, -7.50682016e-03,  5.11333363e-02,
       -2.29256823e-01,  1.63137443e-02,  4.89613780e-01,  2.49774846e-03,
       -3.20804077e-01, -3.55163189e-02, -3.83137097e-01, -2.41975831e-01,
       -2.41540161e-01,  3.00613228e-01, -1.22614541e-01, -6.49377303e-02]) 

Generation: 68 
 - Generation Avg Fit: 3092.1478670974448 
 - Best Fitness: 5073.655519682435 
 - Worst Fitness: 0.0
 - Best Solution: array([-2.40481498e-01, -2.95780489e-01, -4.48515275e-02, -3.27915763e-01,
        2.96250873e-01, -3.91375070e-01,  2.42970001e-01,  2.39499920e-03,
       -1.71314770e-01,  7.36757596e-02,  4.56775686e-03,  2.31090309e-01,
        1.52997466e-01,  1.58034587e-02,  4.83486073e-01, -2.69671142e-01,
       -1.69444958e-01,  1.31799042e-01,  1.75535099e-01,  1.71017837e-01,
        9.52277042e-03,  1.29030361e-01,  3.06036278e-01,  6.14144132e-02,
       -3.90759314e-01,  1.24355878e-01,  3.97927158e-03,  2.01009478e-01,
       -4.02014952e-01,  1.57153777e-04,  4.71774449e-02,  1.32406512e-01,
        2.15794041e-01, -2.98039864e-01, -7.06737345e-02,  5.04967901e-01,
       -3.33510168e-01, -1.28024137e-02,  2.51369315e-01,  1.72986654e-02,
       -5.63451575e-02, -3.12983957e-01, -2.54115500e-01, -2.92338373e-01,
       -2.18448790e-01, -7.24662587e-03,  5.14369316e-01,  1.97516175e-02,
       -3.25500794e-01,  2.55875362e-01, -7.50682016e-03,  5.11333363e-02,
       -2.29256823e-01,  1.63137443e-02,  4.89613780e-01,  2.49774846e-03,
       -3.20804077e-01, -3.55163189e-02, -3.83137097e-01, -2.41975831e-01,
       -2.41540161e-01,  3.00613228e-01, -1.22614541e-01, -6.49377303e-02]) 

Generation: 69 
 - Generation Avg Fit: 2947.6770385576638 
 - Best Fitness: 5073.655519682435 
 - Worst Fitness: 0.0
 - Best Solution: array([-2.40481498e-01, -2.95780489e-01, -4.48515275e-02, -3.27915763e-01,
        2.96250873e-01, -3.91375070e-01,  2.42970001e-01,  2.39499920e-03,
       -1.71314770e-01,  7.36757596e-02,  4.56775686e-03,  2.31090309e-01,
        1.52997466e-01,  1.58034587e-02,  4.83486073e-01, -2.69671142e-01,
       -1.69444958e-01,  1.31799042e-01,  1.75535099e-01,  1.71017837e-01,
        9.52277042e-03,  1.29030361e-01,  3.06036278e-01,  6.14144132e-02,
       -3.90759314e-01,  1.24355878e-01,  3.97927158e-03,  2.01009478e-01,
       -4.02014952e-01,  1.57153777e-04,  4.71774449e-02,  1.32406512e-01,
        2.15794041e-01, -2.98039864e-01, -7.06737345e-02,  5.04967901e-01,
       -3.33510168e-01, -1.28024137e-02,  2.51369315e-01,  1.72986654e-02,
       -5.63451575e-02, -3.12983957e-01, -2.54115500e-01, -2.92338373e-01,
       -2.18448790e-01, -7.24662587e-03,  5.14369316e-01,  1.97516175e-02,
       -3.25500794e-01,  2.55875362e-01, -7.50682016e-03,  5.11333363e-02,
       -2.29256823e-01,  1.63137443e-02,  4.89613780e-01,  2.49774846e-03,
       -3.20804077e-01, -3.55163189e-02, -3.83137097e-01, -2.41975831e-01,
       -2.41540161e-01,  3.00613228e-01, -1.22614541e-01, -6.49377303e-02]) 

Generation: 70 
 - Generation Avg Fit: 2943.80423554212 
 - Best Fitness: 5073.655519682435 
 - Worst Fitness: 0.0
 - Best Solution: array([-2.40481498e-01, -2.95780489e-01, -4.48515275e-02, -3.27915763e-01,
        2.96250873e-01, -3.91375070e-01,  2.42970001e-01,  2.39499920e-03,
       -1.71314770e-01,  7.36757596e-02,  4.56775686e-03,  2.31090309e-01,
        1.52997466e-01,  1.58034587e-02,  4.83486073e-01, -2.69671142e-01,
       -1.69444958e-01,  1.31799042e-01,  1.75535099e-01,  1.71017837e-01,
        9.52277042e-03,  1.29030361e-01,  3.06036278e-01,  6.14144132e-02,
       -3.90759314e-01,  1.24355878e-01,  3.97927158e-03,  2.01009478e-01,
       -4.02014952e-01,  1.57153777e-04,  4.71774449e-02,  1.32406512e-01,
        2.15794041e-01, -2.98039864e-01, -7.06737345e-02,  5.04967901e-01,
       -3.33510168e-01, -1.28024137e-02,  2.51369315e-01,  1.72986654e-02,
       -5.63451575e-02, -3.12983957e-01, -2.54115500e-01, -2.92338373e-01,
       -2.18448790e-01, -7.24662587e-03,  5.14369316e-01,  1.97516175e-02,
       -3.25500794e-01,  2.55875362e-01, -7.50682016e-03,  5.11333363e-02,
       -2.29256823e-01,  1.63137443e-02,  4.89613780e-01,  2.49774846e-03,
       -3.20804077e-01, -3.55163189e-02, -3.83137097e-01, -2.41975831e-01,
       -2.41540161e-01,  3.00613228e-01, -1.22614541e-01, -6.49377303e-02]) 

Generation: 71 
 - Generation Avg Fit: 2986.4539035379594 
 - Best Fitness: 5073.655519682435 
 - Worst Fitness: 0.0
 - Best Solution: array([-2.40481498e-01, -2.95780489e-01, -4.48515275e-02, -3.27915763e-01,
        2.96250873e-01, -3.91375070e-01,  2.42970001e-01,  2.39499920e-03,
       -1.71314770e-01,  7.36757596e-02,  4.56775686e-03,  2.31090309e-01,
        1.52997466e-01,  1.58034587e-02,  4.83486073e-01, -2.69671142e-01,
       -1.69444958e-01,  1.31799042e-01,  1.75535099e-01,  1.71017837e-01,
        9.52277042e-03,  1.29030361e-01,  3.06036278e-01,  6.14144132e-02,
       -3.90759314e-01,  1.24355878e-01,  3.97927158e-03,  2.01009478e-01,
       -4.02014952e-01,  1.57153777e-04,  4.71774449e-02,  1.32406512e-01,
        2.15794041e-01, -2.98039864e-01, -7.06737345e-02,  5.04967901e-01,
       -3.33510168e-01, -1.28024137e-02,  2.51369315e-01,  1.72986654e-02,
       -5.63451575e-02, -3.12983957e-01, -2.54115500e-01, -2.92338373e-01,
       -2.18448790e-01, -7.24662587e-03,  5.14369316e-01,  1.97516175e-02,
       -3.25500794e-01,  2.55875362e-01, -7.50682016e-03,  5.11333363e-02,
       -2.29256823e-01,  1.63137443e-02,  4.89613780e-01,  2.49774846e-03,
       -3.20804077e-01, -3.55163189e-02, -3.83137097e-01, -2.41975831e-01,
       -2.41540161e-01,  3.00613228e-01, -1.22614541e-01, -6.49377303e-02]) 

Generation: 72 
 - Generation Avg Fit: 3118.1618009341696 
 - Best Fitness: 5073.655519682435 
 - Worst Fitness: 0.0
 - Best Solution: array([-2.40481498e-01, -2.95780489e-01, -4.48515275e-02, -3.27915763e-01,
        2.96250873e-01, -3.91375070e-01,  2.42970001e-01,  2.39499920e-03,
       -1.71314770e-01,  7.36757596e-02,  4.56775686e-03,  2.31090309e-01,
        1.52997466e-01,  1.58034587e-02,  4.83486073e-01, -2.69671142e-01,
       -1.69444958e-01,  1.31799042e-01,  1.75535099e-01,  1.71017837e-01,
        9.52277042e-03,  1.29030361e-01,  3.06036278e-01,  6.14144132e-02,
       -3.90759314e-01,  1.24355878e-01,  3.97927158e-03,  2.01009478e-01,
       -4.02014952e-01,  1.57153777e-04,  4.71774449e-02,  1.32406512e-01,
        2.15794041e-01, -2.98039864e-01, -7.06737345e-02,  5.04967901e-01,
       -3.33510168e-01, -1.28024137e-02,  2.51369315e-01,  1.72986654e-02,
       -5.63451575e-02, -3.12983957e-01, -2.54115500e-01, -2.92338373e-01,
       -2.18448790e-01, -7.24662587e-03,  5.14369316e-01,  1.97516175e-02,
       -3.25500794e-01,  2.55875362e-01, -7.50682016e-03,  5.11333363e-02,
       -2.29256823e-01,  1.63137443e-02,  4.89613780e-01,  2.49774846e-03,
       -3.20804077e-01, -3.55163189e-02, -3.83137097e-01, -2.41975831e-01,
       -2.41540161e-01,  3.00613228e-01, -1.22614541e-01, -6.49377303e-02]) 

Generation: 73 
 - Generation Avg Fit: 3080.174662944107 
 - Best Fitness: 5073.655519682435 
 - Worst Fitness: 0.0
 - Best Solution: array([-2.40481498e-01, -2.95780489e-01, -4.48515275e-02, -3.27915763e-01,
        2.96250873e-01, -3.91375070e-01,  2.42970001e-01,  2.39499920e-03,
       -1.71314770e-01,  7.36757596e-02,  4.56775686e-03,  2.31090309e-01,
        1.52997466e-01,  1.58034587e-02,  4.83486073e-01, -2.69671142e-01,
       -1.69444958e-01,  1.31799042e-01,  1.75535099e-01,  1.71017837e-01,
        9.52277042e-03,  1.29030361e-01,  3.06036278e-01,  6.14144132e-02,
       -3.90759314e-01,  1.24355878e-01,  3.97927158e-03,  2.01009478e-01,
       -4.02014952e-01,  1.57153777e-04,  4.71774449e-02,  1.32406512e-01,
        2.15794041e-01, -2.98039864e-01, -7.06737345e-02,  5.04967901e-01,
       -3.33510168e-01, -1.28024137e-02,  2.51369315e-01,  1.72986654e-02,
       -5.63451575e-02, -3.12983957e-01, -2.54115500e-01, -2.92338373e-01,
       -2.18448790e-01, -7.24662587e-03,  5.14369316e-01,  1.97516175e-02,
       -3.25500794e-01,  2.55875362e-01, -7.50682016e-03,  5.11333363e-02,
       -2.29256823e-01,  1.63137443e-02,  4.89613780e-01,  2.49774846e-03,
       -3.20804077e-01, -3.55163189e-02, -3.83137097e-01, -2.41975831e-01,
       -2.41540161e-01,  3.00613228e-01, -1.22614541e-01, -6.49377303e-02]) 

Generation: 74 
 - Generation Avg Fit: 3022.897577006846 
 - Best Fitness: 5073.655519682435 
 - Worst Fitness: 0.0
 - Best Solution: array([-2.40481498e-01, -2.95780489e-01, -4.48515275e-02, -3.27915763e-01,
        2.96250873e-01, -3.91375070e-01,  2.42970001e-01,  2.39499920e-03,
       -1.71314770e-01,  7.36757596e-02,  4.56775686e-03,  2.31090309e-01,
        1.52997466e-01,  1.58034587e-02,  4.83486073e-01, -2.69671142e-01,
       -1.69444958e-01,  1.31799042e-01,  1.75535099e-01,  1.71017837e-01,
        9.52277042e-03,  1.29030361e-01,  3.06036278e-01,  6.14144132e-02,
       -3.90759314e-01,  1.24355878e-01,  3.97927158e-03,  2.01009478e-01,
       -4.02014952e-01,  1.57153777e-04,  4.71774449e-02,  1.32406512e-01,
        2.15794041e-01, -2.98039864e-01, -7.06737345e-02,  5.04967901e-01,
       -3.33510168e-01, -1.28024137e-02,  2.51369315e-01,  1.72986654e-02,
       -5.63451575e-02, -3.12983957e-01, -2.54115500e-01, -2.92338373e-01,
       -2.18448790e-01, -7.24662587e-03,  5.14369316e-01,  1.97516175e-02,
       -3.25500794e-01,  2.55875362e-01, -7.50682016e-03,  5.11333363e-02,
       -2.29256823e-01,  1.63137443e-02,  4.89613780e-01,  2.49774846e-03,
       -3.20804077e-01, -3.55163189e-02, -3.83137097e-01, -2.41975831e-01,
       -2.41540161e-01,  3.00613228e-01, -1.22614541e-01, -6.49377303e-02]) 

Generation: 75 
 - Generation Avg Fit: 2953.1679865270776 
 - Best Fitness: 5073.655519682435 
 - Worst Fitness: 0.0
 - Best Solution: array([-2.40481498e-01, -2.95780489e-01, -4.48515275e-02, -3.27915763e-01,
        2.96250873e-01, -3.91375070e-01,  2.42970001e-01,  2.39499920e-03,
       -1.71314770e-01,  7.36757596e-02,  4.56775686e-03,  2.31090309e-01,
        1.52997466e-01,  1.58034587e-02,  4.83486073e-01, -2.69671142e-01,
       -1.69444958e-01,  1.31799042e-01,  1.75535099e-01,  1.71017837e-01,
        9.52277042e-03,  1.29030361e-01,  3.06036278e-01,  6.14144132e-02,
       -3.90759314e-01,  1.24355878e-01,  3.97927158e-03,  2.01009478e-01,
       -4.02014952e-01,  1.57153777e-04,  4.71774449e-02,  1.32406512e-01,
        2.15794041e-01, -2.98039864e-01, -7.06737345e-02,  5.04967901e-01,
       -3.33510168e-01, -1.28024137e-02,  2.51369315e-01,  1.72986654e-02,
       -5.63451575e-02, -3.12983957e-01, -2.54115500e-01, -2.92338373e-01,
       -2.18448790e-01, -7.24662587e-03,  5.14369316e-01,  1.97516175e-02,
       -3.25500794e-01,  2.55875362e-01, -7.50682016e-03,  5.11333363e-02,
       -2.29256823e-01,  1.63137443e-02,  4.89613780e-01,  2.49774846e-03,
       -3.20804077e-01, -3.55163189e-02, -3.83137097e-01, -2.41975831e-01,
       -2.41540161e-01,  3.00613228e-01, -1.22614541e-01, -6.49377303e-02]) 

Generation: 76 
 - Generation Avg Fit: 2987.146080469184 
 - Best Fitness: 5073.655519682435 
 - Worst Fitness: 0.0
 - Best Solution: array([-2.40481498e-01, -2.95780489e-01, -4.48515275e-02, -3.27915763e-01,
        2.96250873e-01, -3.91375070e-01,  2.42970001e-01,  2.39499920e-03,
       -1.71314770e-01,  7.36757596e-02,  4.56775686e-03,  2.31090309e-01,
        1.52997466e-01,  1.58034587e-02,  4.83486073e-01, -2.69671142e-01,
       -1.69444958e-01,  1.31799042e-01,  1.75535099e-01,  1.71017837e-01,
        9.52277042e-03,  1.29030361e-01,  3.06036278e-01,  6.14144132e-02,
       -3.90759314e-01,  1.24355878e-01,  3.97927158e-03,  2.01009478e-01,
       -4.02014952e-01,  1.57153777e-04,  4.71774449e-02,  1.32406512e-01,
        2.15794041e-01, -2.98039864e-01, -7.06737345e-02,  5.04967901e-01,
       -3.33510168e-01, -1.28024137e-02,  2.51369315e-01,  1.72986654e-02,
       -5.63451575e-02, -3.12983957e-01, -2.54115500e-01, -2.92338373e-01,
       -2.18448790e-01, -7.24662587e-03,  5.14369316e-01,  1.97516175e-02,
       -3.25500794e-01,  2.55875362e-01, -7.50682016e-03,  5.11333363e-02,
       -2.29256823e-01,  1.63137443e-02,  4.89613780e-01,  2.49774846e-03,
       -3.20804077e-01, -3.55163189e-02, -3.83137097e-01, -2.41975831e-01,
       -2.41540161e-01,  3.00613228e-01, -1.22614541e-01, -6.49377303e-02]) 

Generation: 77 
 - Generation Avg Fit: 3007.7716092455994 
 - Best Fitness: 5073.655519682435 
 - Worst Fitness: 0.0
 - Best Solution: array([-2.40481498e-01, -2.95780489e-01, -4.48515275e-02, -3.27915763e-01,
        2.96250873e-01, -3.91375070e-01,  2.42970001e-01,  2.39499920e-03,
       -1.71314770e-01,  7.36757596e-02,  4.56775686e-03,  2.31090309e-01,
        1.52997466e-01,  1.58034587e-02,  4.83486073e-01, -2.69671142e-01,
       -1.69444958e-01,  1.31799042e-01,  1.75535099e-01,  1.71017837e-01,
        9.52277042e-03,  1.29030361e-01,  3.06036278e-01,  6.14144132e-02,
       -3.90759314e-01,  1.24355878e-01,  3.97927158e-03,  2.01009478e-01,
       -4.02014952e-01,  1.57153777e-04,  4.71774449e-02,  1.32406512e-01,
        2.15794041e-01, -2.98039864e-01, -7.06737345e-02,  5.04967901e-01,
       -3.33510168e-01, -1.28024137e-02,  2.51369315e-01,  1.72986654e-02,
       -5.63451575e-02, -3.12983957e-01, -2.54115500e-01, -2.92338373e-01,
       -2.18448790e-01, -7.24662587e-03,  5.14369316e-01,  1.97516175e-02,
       -3.25500794e-01,  2.55875362e-01, -7.50682016e-03,  5.11333363e-02,
       -2.29256823e-01,  1.63137443e-02,  4.89613780e-01,  2.49774846e-03,
       -3.20804077e-01, -3.55163189e-02, -3.83137097e-01, -2.41975831e-01,
       -2.41540161e-01,  3.00613228e-01, -1.22614541e-01, -6.49377303e-02]) 

Generation: 78 
 - Generation Avg Fit: 3194.7062857893307 
 - Best Fitness: 5073.655519682435 
 - Worst Fitness: 0.0
 - Best Solution: array([-2.40481498e-01, -2.95780489e-01, -4.48515275e-02, -3.27915763e-01,
        2.96250873e-01, -3.91375070e-01,  2.42970001e-01,  2.39499920e-03,
       -1.71314770e-01,  7.36757596e-02,  4.56775686e-03,  2.31090309e-01,
        1.52997466e-01,  1.58034587e-02,  4.83486073e-01, -2.69671142e-01,
       -1.69444958e-01,  1.31799042e-01,  1.75535099e-01,  1.71017837e-01,
        9.52277042e-03,  1.29030361e-01,  3.06036278e-01,  6.14144132e-02,
       -3.90759314e-01,  1.24355878e-01,  3.97927158e-03,  2.01009478e-01,
       -4.02014952e-01,  1.57153777e-04,  4.71774449e-02,  1.32406512e-01,
        2.15794041e-01, -2.98039864e-01, -7.06737345e-02,  5.04967901e-01,
       -3.33510168e-01, -1.28024137e-02,  2.51369315e-01,  1.72986654e-02,
       -5.63451575e-02, -3.12983957e-01, -2.54115500e-01, -2.92338373e-01,
       -2.18448790e-01, -7.24662587e-03,  5.14369316e-01,  1.97516175e-02,
       -3.25500794e-01,  2.55875362e-01, -7.50682016e-03,  5.11333363e-02,
       -2.29256823e-01,  1.63137443e-02,  4.89613780e-01,  2.49774846e-03,
       -3.20804077e-01, -3.55163189e-02, -3.83137097e-01, -2.41975831e-01,
       -2.41540161e-01,  3.00613228e-01, -1.22614541e-01, -6.49377303e-02]) 

Generation: 79 
 - Generation Avg Fit: 3061.57839084944 
 - Best Fitness: 5260.668180443411 
 - Worst Fitness: 0.0
 - Best Solution: array([-0.24534596, -0.37422355, -0.02563937, -0.31361983,  0.2922932 ,
       -0.21518335, -0.00219583, -0.01166074, -0.17761357, -0.08053164,
       -0.02300744,  0.20482566,  0.16157595,  0.0195373 ,  0.52533086,
       -0.29131865, -0.1647947 ,  0.14578579, -0.0033139 ,  0.16348805,
        0.02038176,  0.13540015,  0.30255652,  0.1251799 , -0.00064281,
       -0.37895282,  0.03480939,  0.17078522, -0.37266124,  0.08451192,
        0.13734459,  0.1508947 ,  0.17599327, -0.28425633, -0.01232494,
        0.51066864, -0.35838162, -0.00055497,  0.38406299, -0.01094929,
        0.11339521, -0.29880071,  0.48300834, -0.12030332, -0.208422  ,
        0.01707312,  0.47253562,  0.21243856, -0.28301744,  0.26433401,
       -0.00473493, -0.00943381, -0.22491789, -0.07969127,  0.46626618,
       -0.09214431, -0.35778665,  0.00264297, -0.40604463, -0.11390271,
       -0.4326953 ,  0.35568923,  0.16052803, -0.06803342]) 

Generation: 80 
 - Generation Avg Fit: 3118.49343340108 
 - Best Fitness: 5260.668180443411 
 - Worst Fitness: 0.0
 - Best Solution: array([-2.40481498e-01, -2.95780489e-01, -4.48515275e-02, -3.27915763e-01,
        2.96250873e-01, -3.91375070e-01,  2.42970001e-01,  2.39499920e-03,
       -1.71314770e-01,  7.36757596e-02,  4.56775686e-03,  2.31090309e-01,
        1.52997466e-01,  1.58034587e-02,  4.83486073e-01, -2.69671142e-01,
       -1.69444958e-01,  1.31799042e-01,  1.75535099e-01,  1.71017837e-01,
        9.52277042e-03,  1.29030361e-01,  3.06036278e-01,  6.14144132e-02,
       -3.90759314e-01,  1.24355878e-01,  3.97927158e-03,  2.01009478e-01,
       -4.02014952e-01,  1.57153777e-04,  4.71774449e-02,  1.32406512e-01,
        2.15794041e-01, -2.98039864e-01, -7.06737345e-02,  5.04967901e-01,
       -3.33510168e-01, -1.28024137e-02,  2.51369315e-01,  1.72986654e-02,
       -5.63451575e-02, -3.12983957e-01, -2.54115500e-01, -2.92338373e-01,
       -2.18448790e-01, -7.24662587e-03,  5.14369316e-01,  1.97516175e-02,
       -3.25500794e-01,  2.55875362e-01, -7.50682016e-03,  5.11333363e-02,
       -2.29256823e-01,  1.63137443e-02,  4.89613780e-01,  2.49774846e-03,
       -3.20804077e-01, -3.55163189e-02, -3.83137097e-01, -2.41975831e-01,
       -2.41540161e-01,  3.00613228e-01, -1.22614541e-01, -6.49377303e-02]) 

Generation: 81 
 - Generation Avg Fit: 3352.035626376198 
 - Best Fitness: 5260.668180443411 
 - Worst Fitness: 0.0
 - Best Solution: array([-0.24534596, -0.37422355, -0.02563937, -0.31361983,  0.2922932 ,
       -0.21518335, -0.00219583, -0.01166074, -0.17761357, -0.08053164,
       -0.02300744,  0.20482566,  0.16157595,  0.0195373 ,  0.52533086,
       -0.29131865, -0.1647947 ,  0.14578579, -0.0033139 ,  0.16348805,
        0.02038176,  0.13540015,  0.30255652,  0.1251799 , -0.00064281,
       -0.37895282,  0.03480939,  0.17078522, -0.37266124,  0.08451192,
        0.13734459,  0.1508947 ,  0.17599327, -0.28425633, -0.01232494,
        0.51066864, -0.35838162, -0.00055497,  0.38406299, -0.01094929,
        0.11339521, -0.29880071,  0.48300834, -0.12030332, -0.208422  ,
        0.01707312,  0.47253562,  0.21243856, -0.28301744,  0.26433401,
       -0.00473493, -0.00943381, -0.22491789, -0.07969127,  0.46626618,
       -0.09214431, -0.35778665,  0.00264297, -0.40604463, -0.11390271,
       -0.4326953 ,  0.35568923,  0.16052803, -0.06803342]) 

Generation: 82 
 - Generation Avg Fit: 3160.1871789518277 
 - Best Fitness: 5260.668180443411 
 - Worst Fitness: 0.0
 - Best Solution: array([-0.24534596, -0.37422355, -0.02563937, -0.31361983,  0.2922932 ,
       -0.21518335, -0.00219583, -0.01166074, -0.17761357, -0.08053164,
       -0.02300744,  0.20482566,  0.16157595,  0.0195373 ,  0.52533086,
       -0.29131865, -0.1647947 ,  0.14578579, -0.0033139 ,  0.16348805,
        0.02038176,  0.13540015,  0.30255652,  0.1251799 , -0.00064281,
       -0.37895282,  0.03480939,  0.17078522, -0.37266124,  0.08451192,
        0.13734459,  0.1508947 ,  0.17599327, -0.28425633, -0.01232494,
        0.51066864, -0.35838162, -0.00055497,  0.38406299, -0.01094929,
        0.11339521, -0.29880071,  0.48300834, -0.12030332, -0.208422  ,
        0.01707312,  0.47253562,  0.21243856, -0.28301744,  0.26433401,
       -0.00473493, -0.00943381, -0.22491789, -0.07969127,  0.46626618,
       -0.09214431, -0.35778665,  0.00264297, -0.40604463, -0.11390271,
       -0.4326953 ,  0.35568923,  0.16052803, -0.06803342]) 

Generation: 83 
 - Generation Avg Fit: 3026.029186056953 
 - Best Fitness: 5260.668180443411 
 - Worst Fitness: 0.0
 - Best Solution: array([-0.24534596, -0.37422355, -0.02563937, -0.31361983,  0.2922932 ,
       -0.21518335, -0.00219583, -0.01166074, -0.17761357, -0.08053164,
       -0.02300744,  0.20482566,  0.16157595,  0.0195373 ,  0.52533086,
       -0.29131865, -0.1647947 ,  0.14578579, -0.0033139 ,  0.16348805,
        0.02038176,  0.13540015,  0.30255652,  0.1251799 , -0.00064281,
       -0.37895282,  0.03480939,  0.17078522, -0.37266124,  0.08451192,
        0.13734459,  0.1508947 ,  0.17599327, -0.28425633, -0.01232494,
        0.51066864, -0.35838162, -0.00055497,  0.38406299, -0.01094929,
        0.11339521, -0.29880071,  0.48300834, -0.12030332, -0.208422  ,
        0.01707312,  0.47253562,  0.21243856, -0.28301744,  0.26433401,
       -0.00473493, -0.00943381, -0.22491789, -0.07969127,  0.46626618,
       -0.09214431, -0.35778665,  0.00264297, -0.40604463, -0.11390271,
       -0.4326953 ,  0.35568923,  0.16052803, -0.06803342]) 

Generation: 84 
 - Generation Avg Fit: 3124.760614205444 
 - Best Fitness: 5376.913224117792 
 - Worst Fitness: 0.0
 - Best Solution: array([-0.2383351 , -0.27744476, -0.01617024, -0.31578584,  0.30986584,
       -0.20530077,  0.17441136,  0.00113606, -0.15396144, -0.06444297,
       -0.39533647, -0.15873895,  0.12887796,  0.02126575,  0.51111934,
       -0.27871066, -0.16224729,  0.122837  ,  0.18455528,  0.15463549,
        0.02469026,  0.12993964,  0.44581157,  0.04057624, -0.36409254,
        0.09719654,  0.01561092,  0.17835974, -0.35288328, -0.00197092,
        0.1343451 ,  0.13378418, -0.01508194,  0.19064349, -0.06263858,
        0.4924154 , -0.06478918, -0.00508649,  0.3919489 ,  0.01472128,
       -0.18476432, -0.31068843,  0.45914748, -0.12307857, -0.23098183,
       -0.00111328,  0.47511205,  0.02530467, -0.30780775,  0.26150162,
       -0.00911478, -0.11554771, -0.21802053, -0.07330142,  0.48657072,
       -0.00247509, -0.36435699, -0.0400301 ,  0.01091571, -0.24818127,
       -0.4366989 ,  0.08806112, -0.12441451, -0.06449616]) 

Generation: 85 
 - Generation Avg Fit: 3037.032178334907 
 - Best Fitness: 5376.913224117792 
 - Worst Fitness: 0.0
 - Best Solution: array([-0.24534596, -0.37422355, -0.02563937, -0.31361983,  0.2922932 ,
       -0.21518335, -0.00219583, -0.01166074, -0.17761357, -0.08053164,
       -0.02300744,  0.20482566,  0.16157595,  0.0195373 ,  0.52533086,
       -0.29131865, -0.1647947 ,  0.14578579, -0.0033139 ,  0.16348805,
        0.02038176,  0.13540015,  0.30255652,  0.1251799 , -0.00064281,
       -0.37895282,  0.03480939,  0.17078522, -0.37266124,  0.08451192,
        0.13734459,  0.1508947 ,  0.17599327, -0.28425633, -0.01232494,
        0.51066864, -0.35838162, -0.00055497,  0.38406299, -0.01094929,
        0.11339521, -0.29880071,  0.48300834, -0.12030332, -0.208422  ,
        0.01707312,  0.47253562,  0.21243856, -0.28301744,  0.26433401,
       -0.00473493, -0.00943381, -0.22491789, -0.07969127,  0.46626618,
       -0.09214431, -0.35778665,  0.00264297, -0.40604463, -0.11390271,
       -0.4326953 ,  0.35568923,  0.16052803, -0.06803342]) 

Generation: 86 
 - Generation Avg Fit: 3113.690880216587 
 - Best Fitness: 5376.913224117792 
 - Worst Fitness: 0.0
 - Best Solution: array([-0.2383351 , -0.27744476, -0.01617024, -0.31578584,  0.30986584,
       -0.20530077,  0.17441136,  0.00113606, -0.15396144, -0.06444297,
       -0.39533647, -0.15873895,  0.12887796,  0.02126575,  0.51111934,
       -0.27871066, -0.16224729,  0.122837  ,  0.18455528,  0.15463549,
        0.02469026,  0.12993964,  0.44581157,  0.04057624, -0.36409254,
        0.09719654,  0.01561092,  0.17835974, -0.35288328, -0.00197092,
        0.1343451 ,  0.13378418, -0.01508194,  0.19064349, -0.06263858,
        0.4924154 , -0.06478918, -0.00508649,  0.3919489 ,  0.01472128,
       -0.18476432, -0.31068843,  0.45914748, -0.12307857, -0.23098183,
       -0.00111328,  0.47511205,  0.02530467, -0.30780775,  0.26150162,
       -0.00911478, -0.11554771, -0.21802053, -0.07330142,  0.48657072,
       -0.00247509, -0.36435699, -0.0400301 ,  0.01091571, -0.24818127,
       -0.4366989 ,  0.08806112, -0.12441451, -0.06449616]) 

Generation: 87 
 - Generation Avg Fit: 3134.6091790620517 
 - Best Fitness: 5376.913224117792 
 - Worst Fitness: 0.0
 - Best Solution: array([-0.2383351 , -0.27744476, -0.01617024, -0.31578584,  0.30986584,
       -0.20530077,  0.17441136,  0.00113606, -0.15396144, -0.06444297,
       -0.39533647, -0.15873895,  0.12887796,  0.02126575,  0.51111934,
       -0.27871066, -0.16224729,  0.122837  ,  0.18455528,  0.15463549,
        0.02469026,  0.12993964,  0.44581157,  0.04057624, -0.36409254,
        0.09719654,  0.01561092,  0.17835974, -0.35288328, -0.00197092,
        0.1343451 ,  0.13378418, -0.01508194,  0.19064349, -0.06263858,
        0.4924154 , -0.06478918, -0.00508649,  0.3919489 ,  0.01472128,
       -0.18476432, -0.31068843,  0.45914748, -0.12307857, -0.23098183,
       -0.00111328,  0.47511205,  0.02530467, -0.30780775,  0.26150162,
       -0.00911478, -0.11554771, -0.21802053, -0.07330142,  0.48657072,
       -0.00247509, -0.36435699, -0.0400301 ,  0.01091571, -0.24818127,
       -0.4366989 ,  0.08806112, -0.12441451, -0.06449616]) 

Generation: 88 
 - Generation Avg Fit: 3191.923168720594 
 - Best Fitness: 5376.913224117792 
 - Worst Fitness: 0.0
 - Best Solution: array([-0.2383351 , -0.27744476, -0.01617024, -0.31578584,  0.30986584,
       -0.20530077,  0.17441136,  0.00113606, -0.15396144, -0.06444297,
       -0.39533647, -0.15873895,  0.12887796,  0.02126575,  0.51111934,
       -0.27871066, -0.16224729,  0.122837  ,  0.18455528,  0.15463549,
        0.02469026,  0.12993964,  0.44581157,  0.04057624, -0.36409254,
        0.09719654,  0.01561092,  0.17835974, -0.35288328, -0.00197092,
        0.1343451 ,  0.13378418, -0.01508194,  0.19064349, -0.06263858,
        0.4924154 , -0.06478918, -0.00508649,  0.3919489 ,  0.01472128,
       -0.18476432, -0.31068843,  0.45914748, -0.12307857, -0.23098183,
       -0.00111328,  0.47511205,  0.02530467, -0.30780775,  0.26150162,
       -0.00911478, -0.11554771, -0.21802053, -0.07330142,  0.48657072,
       -0.00247509, -0.36435699, -0.0400301 ,  0.01091571, -0.24818127,
       -0.4366989 ,  0.08806112, -0.12441451, -0.06449616]) 

Generation: 89 
 - Generation Avg Fit: 3149.6637324370317 
 - Best Fitness: 5376.913224117792 
 - Worst Fitness: 0.0
 - Best Solution: array([-0.2383351 , -0.27744476, -0.01617024, -0.31578584,  0.30986584,
       -0.20530077,  0.17441136,  0.00113606, -0.15396144, -0.06444297,
       -0.39533647, -0.15873895,  0.12887796,  0.02126575,  0.51111934,
       -0.27871066, -0.16224729,  0.122837  ,  0.18455528,  0.15463549,
        0.02469026,  0.12993964,  0.44581157,  0.04057624, -0.36409254,
        0.09719654,  0.01561092,  0.17835974, -0.35288328, -0.00197092,
        0.1343451 ,  0.13378418, -0.01508194,  0.19064349, -0.06263858,
        0.4924154 , -0.06478918, -0.00508649,  0.3919489 ,  0.01472128,
       -0.18476432, -0.31068843,  0.45914748, -0.12307857, -0.23098183,
       -0.00111328,  0.47511205,  0.02530467, -0.30780775,  0.26150162,
       -0.00911478, -0.11554771, -0.21802053, -0.07330142,  0.48657072,
       -0.00247509, -0.36435699, -0.0400301 ,  0.01091571, -0.24818127,
       -0.4366989 ,  0.08806112, -0.12441451, -0.06449616]) 

Generation: 90 
 - Generation Avg Fit: 3181.098193865588 
 - Best Fitness: 5376.913224117792 
 - Worst Fitness: 0.0
 - Best Solution: array([-0.2383351 , -0.27744476, -0.01617024, -0.31578584,  0.30986584,
       -0.20530077,  0.17441136,  0.00113606, -0.15396144, -0.06444297,
       -0.39533647, -0.15873895,  0.12887796,  0.02126575,  0.51111934,
       -0.27871066, -0.16224729,  0.122837  ,  0.18455528,  0.15463549,
        0.02469026,  0.12993964,  0.44581157,  0.04057624, -0.36409254,
        0.09719654,  0.01561092,  0.17835974, -0.35288328, -0.00197092,
        0.1343451 ,  0.13378418, -0.01508194,  0.19064349, -0.06263858,
        0.4924154 , -0.06478918, -0.00508649,  0.3919489 ,  0.01472128,
       -0.18476432, -0.31068843,  0.45914748, -0.12307857, -0.23098183,
       -0.00111328,  0.47511205,  0.02530467, -0.30780775,  0.26150162,
       -0.00911478, -0.11554771, -0.21802053, -0.07330142,  0.48657072,
       -0.00247509, -0.36435699, -0.0400301 ,  0.01091571, -0.24818127,
       -0.4366989 ,  0.08806112, -0.12441451, -0.06449616]) 

Generation: 91 
 - Generation Avg Fit: 3239.5479695511667 
 - Best Fitness: 5376.913224117792 
 - Worst Fitness: 0.0
 - Best Solution: array([-0.2383351 , -0.27744476, -0.01617024, -0.31578584,  0.30986584,
       -0.20530077,  0.17441136,  0.00113606, -0.15396144, -0.06444297,
       -0.39533647, -0.15873895,  0.12887796,  0.02126575,  0.51111934,
       -0.27871066, -0.16224729,  0.122837  ,  0.18455528,  0.15463549,
        0.02469026,  0.12993964,  0.44581157,  0.04057624, -0.36409254,
        0.09719654,  0.01561092,  0.17835974, -0.35288328, -0.00197092,
        0.1343451 ,  0.13378418, -0.01508194,  0.19064349, -0.06263858,
        0.4924154 , -0.06478918, -0.00508649,  0.3919489 ,  0.01472128,
       -0.18476432, -0.31068843,  0.45914748, -0.12307857, -0.23098183,
       -0.00111328,  0.47511205,  0.02530467, -0.30780775,  0.26150162,
       -0.00911478, -0.11554771, -0.21802053, -0.07330142,  0.48657072,
       -0.00247509, -0.36435699, -0.0400301 ,  0.01091571, -0.24818127,
       -0.4366989 ,  0.08806112, -0.12441451, -0.06449616]) 

Generation: 92 
 - Generation Avg Fit: 3233.6945870753702 
 - Best Fitness: 5376.913224117792 
 - Worst Fitness: 0.0
 - Best Solution: array([-0.2383351 , -0.27744476, -0.01617024, -0.31578584,  0.30986584,
       -0.20530077,  0.17441136,  0.00113606, -0.15396144, -0.06444297,
       -0.39533647, -0.15873895,  0.12887796,  0.02126575,  0.51111934,
       -0.27871066, -0.16224729,  0.122837  ,  0.18455528,  0.15463549,
        0.02469026,  0.12993964,  0.44581157,  0.04057624, -0.36409254,
        0.09719654,  0.01561092,  0.17835974, -0.35288328, -0.00197092,
        0.1343451 ,  0.13378418, -0.01508194,  0.19064349, -0.06263858,
        0.4924154 , -0.06478918, -0.00508649,  0.3919489 ,  0.01472128,
       -0.18476432, -0.31068843,  0.45914748, -0.12307857, -0.23098183,
       -0.00111328,  0.47511205,  0.02530467, -0.30780775,  0.26150162,
       -0.00911478, -0.11554771, -0.21802053, -0.07330142,  0.48657072,
       -0.00247509, -0.36435699, -0.0400301 ,  0.01091571, -0.24818127,
       -0.4366989 ,  0.08806112, -0.12441451, -0.06449616]) 

Generation: 93 
 - Generation Avg Fit: 3517.700473062046 
 - Best Fitness: 5432.321816842729 
 - Worst Fitness: 0.0
 - Best Solution: array([-2.51347454e-01, -2.67082797e-01, -2.92811838e-02, -3.12406404e-01,
        2.92466831e-01, -3.85223564e-01,  3.57857256e-03,  8.87376209e-03,
       -6.26831494e-02, -7.45559453e-02,  7.59687012e-03,  2.13113890e-01,
        2.57027980e-02,  3.15687042e-02,  5.23488024e-01, -2.69671142e-01,
       -2.60864368e-02,  1.38798671e-01,  2.00746486e-01,  1.71635592e-01,
        1.60550810e-02,  4.42765288e-01,  4.81136727e-01,  5.85286184e-02,
       -3.56252998e-01,  1.20917880e-01,  2.98896015e-02,  1.74327280e-01,
       -3.57727906e-01,  8.23549678e-02,  3.66068923e-02,  1.43533279e-01,
        1.82403412e-01, -2.94121918e-01,  1.81562462e-03,  4.80225644e-01,
       -4.95857472e-02, -2.27253190e-02,  4.05657037e-01, -2.78332950e-02,
       -1.86305744e-01, -3.16921776e-01, -2.74454391e-01, -2.95198945e-01,
       -2.11532338e-01, -8.05964818e-03,  4.60572581e-01,  2.23708240e-01,
       -2.70605140e-01,  2.64747527e-01,  1.91603081e-04, -6.77380018e-03,
       -2.15249948e-01,  1.79430767e-02,  4.61262619e-01, -8.79040013e-02,
       -3.20804077e-01,  2.27607772e-03, -1.09223991e-02, -7.96714128e-02,
       -2.21533409e-01,  3.30043448e-01, -1.26356869e-01, -8.49741073e-02]) 

Generation: 94 
 - Generation Avg Fit: 3454.49365813029 
 - Best Fitness: 5432.321816842729 
 - Worst Fitness: 0.0
 - Best Solution: array([-0.2383351 , -0.27744476, -0.01617024, -0.31578584,  0.30986584,
       -0.20530077,  0.17441136,  0.00113606, -0.15396144, -0.06444297,
       -0.39533647, -0.15873895,  0.12887796,  0.02126575,  0.51111934,
       -0.27871066, -0.16224729,  0.122837  ,  0.18455528,  0.15463549,
        0.02469026,  0.12993964,  0.44581157,  0.04057624, -0.36409254,
        0.09719654,  0.01561092,  0.17835974, -0.35288328, -0.00197092,
        0.1343451 ,  0.13378418, -0.01508194,  0.19064349, -0.06263858,
        0.4924154 , -0.06478918, -0.00508649,  0.3919489 ,  0.01472128,
       -0.18476432, -0.31068843,  0.45914748, -0.12307857, -0.23098183,
       -0.00111328,  0.47511205,  0.02530467, -0.30780775,  0.26150162,
       -0.00911478, -0.11554771, -0.21802053, -0.07330142,  0.48657072,
       -0.00247509, -0.36435699, -0.0400301 ,  0.01091571, -0.24818127,
       -0.4366989 ,  0.08806112, -0.12441451, -0.06449616]) 

Generation: 95 
 - Generation Avg Fit: 3824.1308654917125 
 - Best Fitness: 5545.354210491116 
 - Worst Fitness: 0.0
 - Best Solution: array([-0.21894311, -0.37323364, -0.03400236, -0.30609774,  0.31724153,
       -0.37682621,  0.17185258,  0.01514615, -0.14956434,  0.05809422,
       -0.01095026, -0.13182676,  0.15701105,  0.03396617,  0.12450642,
       -0.09370338, -0.16475243,  0.06569936,  0.16539501,  0.15198502,
        0.02852708,  0.12088811,  0.45721467,  0.07071438, -0.36460007,
       -0.37634909,  0.01205846,  0.18890529, -0.36029229,  0.00411777,
        0.29444145,  0.14992967,  0.18970791,  0.19201709, -0.00946758,
        0.49344608, -0.06026703,  0.00505925,  0.39976927,  0.00120105,
       -0.17348542, -0.01531549,  0.47325467, -0.14345854, -0.23018238,
        0.03707022,  0.509255  ,  0.05257293, -0.3132638 ,  0.24769738,
        0.00504297,  0.06868789, -0.22976632, -0.11149732,  0.46560787,
       -0.08455722, -0.38210764, -0.0485981 , -0.01533707, -0.1189669 ,
       -0.21705508,  0.0972524 , -0.11390569, -0.06720884]) 

Generation: 96 
 - Generation Avg Fit: 4135.626712083039 
 - Best Fitness: 5545.354210491116 
 - Worst Fitness: 0.0
 - Best Solution: array([-0.23777492, -0.25532866, -0.0259004 , -0.29557224,  0.30506231,
       -0.38937557,  0.16309943,  0.00346089, -0.14970044,  0.06492344,
       -0.00901646, -0.16393735,  0.15387796,  0.03251869,  0.12058954,
       -0.0748907 , -0.15835641,  0.0708706 ,  0.13639839,  0.15999134,
        0.01876279,  0.12801729,  0.46720375,  0.07071438, -0.35942544,
       -0.37626653,  0.00698269,  0.19376609, -0.36286438, -0.00530218,
        0.12406813,  0.15208152,  0.18850396,  0.19048333, -0.06286917,
        0.5079114 , -0.06052692,  0.03114405,  0.39058338, -0.00725978,
       -0.18763096, -0.00735311,  0.47462263, -0.12926764, -0.23098183,
        0.01455202,  0.50917362,  0.04289163, -0.31184974,  0.24989995,
        0.01607006,  0.06868789, -0.218794  , -0.11149732,  0.46087005,
       -0.08716112, -0.38226341, -0.03579736, -0.02553976, -0.10261411,
       -0.23219421,  0.09633518,  0.37864722, -0.18088576]) 

Generation: 97 
 - Generation Avg Fit: 4575.731311531158 
 - Best Fitness: 5636.190266252867 
 - Worst Fitness: 0.0
 - Best Solution: array([-0.24818841, -0.35945402, -0.01279631, -0.31740452,  0.31980125,
       -0.37973875,  0.22675919,  0.00543496, -0.14346494,  0.07141007,
        0.00324077, -0.15599801,  0.16264182,  0.02082683,  0.12040758,
       -0.10956892, -0.15584772,  0.11352043,  0.16539501,  0.14828141,
        0.01005464,  0.12366654,  0.45408882,  0.12022758, -0.36958217,
        0.12695177,  0.00586492,  0.18769409, -0.35724097, -0.0026209 ,
        0.11052425,  0.11707243,  0.18970791,  0.20487272, -0.30107008,
        0.49753321, -0.07743487, -0.0064872 ,  0.40660822,  0.00807501,
       -0.18515285, -0.01531549,  0.47776251, -0.12387681, -0.23796118,
        0.01444017,  0.50203968,  0.05457437, -0.29976425,  0.25876709,
       -0.00397446,  0.06428058,  0.37154053, -0.11149732,  0.44915749,
       -0.09085276, -0.37919606, -0.05046322, -0.01633767, -0.12126146,
       -0.23165208,  0.09633518, -0.12502975, -0.06342885]) 

Generation: 98 
 - Generation Avg Fit: 4599.135895454091 
 - Best Fitness: 5636.190266252867 
 - Worst Fitness: 0.0
 - Best Solution: array([-0.21040427, -0.26055451, -0.04189715, -0.31179873,  0.31398696,
       -0.39386718,  0.22188603,  0.00185151, -0.15691847,  0.05991456,
       -0.00901646, -0.13511229,  0.16092496,  0.02452054,  0.12793888,
       -0.07994462, -0.17087294,  0.12370136,  0.17217943,  0.15315695,
        0.01716554,  0.13676942,  0.47199852,  0.07614182, -0.3811176 ,
        0.10821213,  0.00586492,  0.19164786, -0.35639028,  0.00269412,
        0.14620993,  0.11707243,  0.19464186,  0.19340452, -0.29228264,
        0.52162466, -0.06234656, -0.0064872 ,  0.40001317, -0.00403272,
       -0.16710806,  0.0045768 ,  0.47933993, -0.13756021, -0.20521486,
        0.0063254 ,  0.50917353,  0.05170633, -0.29290443,  0.27968702,
        0.00621475,  0.06868789,  0.36437955, -0.11149732,  0.44915749,
       -0.08563132, -0.3727828 , -0.03936982, -0.0135587 , -0.1169661 ,
       -0.22274548,  0.07986774, -0.12261454, -0.06720884]) 

Generation: 99 
 - Generation Avg Fit: 4822.48202992394 
 - Best Fitness: 5636.190266252867 
 - Worst Fitness: 0.0
 - Best Solution: array([-0.24818841, -0.35945402, -0.01279631, -0.31740452,  0.31980125,
       -0.37973875,  0.22675919,  0.00543496, -0.14346494,  0.07141007,
        0.00324077, -0.15599801,  0.16264182,  0.02082683,  0.12040758,
       -0.10956892, -0.15584772,  0.11352043,  0.16539501,  0.14828141,
        0.01005464,  0.12366654,  0.45408882,  0.12022758, -0.36958217,
        0.12695177,  0.00586492,  0.18769409, -0.35724097, -0.0026209 ,
        0.11052425,  0.11707243,  0.18970791,  0.20487272, -0.30107008,
        0.49753321, -0.07743487, -0.0064872 ,  0.40660822,  0.00807501,
       -0.18515285, -0.01531549,  0.47776251, -0.12387681, -0.23796118,
        0.01444017,  0.50203968,  0.05457437, -0.29976425,  0.25876709,
       -0.00397446,  0.06428058,  0.37154053, -0.11149732,  0.44915749,
       -0.09085276, -0.37919606, -0.05046322, -0.01633767, -0.12126146,
       -0.23165208,  0.09633518, -0.12502975, -0.06342885]) 

Generation: 100 
 - Generation Avg Fit: 4806.151183523154 
 - Best Fitness: 5642.576081276141 
 - Worst Fitness: 0.0
 - Best Solution: array([-0.21772496, -0.35945402, -0.03549536, -0.3102081 ,  0.32083273,
       -0.39386718,  0.23239298, -0.005605  , -0.15177028,  0.06189654,
        0.00324077, -0.15564154,  0.16103537,  0.01621872,  0.1206569 ,
       -0.08143187, -0.15788613,  0.04773948,  0.16539501,  0.1565965 ,
       -0.00500809,  0.13207432,  0.45422068,  0.08151088, -0.38883959,
        0.13559515,  0.01061156,  0.19354156, -0.35724097, -0.00534568,
        0.1157018 ,  0.11707243,  0.18146323,  0.21329787, -0.05812927,
        0.50871071, -0.07743487,  0.0175804 ,  0.3943293 , -0.00154879,
       -0.1734166 , -0.01657425,  0.47776251, -0.12873202, -0.22959899,
        0.0101198 ,  0.50203968,  0.05295716, -0.28964058,  0.26301198,
        0.01443969,  0.06572294,  0.36293341, -0.11827507,  0.45690799,
       -0.09632756, -0.37316501, -0.04067599, -0.00531717, -0.1226906 ,
       -0.22642045,  0.09308572, -0.11879823, -0.07237519]) 

Generation: 101 
 - Generation Avg Fit: 4797.494497521027 
 - Best Fitness: 5642.576081276141 
 - Worst Fitness: 0.0
 - Best Solution: array([-0.24818841, -0.35945402, -0.01279631, -0.31740452,  0.31980125,
       -0.37973875,  0.22675919,  0.00543496, -0.14346494,  0.07141007,
        0.00324077, -0.15599801,  0.16264182,  0.02082683,  0.12040758,
       -0.10956892, -0.15584772,  0.11352043,  0.16539501,  0.14828141,
        0.01005464,  0.12366654,  0.45408882,  0.12022758, -0.36958217,
        0.12695177,  0.00586492,  0.18769409, -0.35724097, -0.0026209 ,
        0.11052425,  0.11707243,  0.18970791,  0.20487272, -0.30107008,
        0.49753321, -0.07743487, -0.0064872 ,  0.40660822,  0.00807501,
       -0.18515285, -0.01531549,  0.47776251, -0.12387681, -0.23796118,
        0.01444017,  0.50203968,  0.05457437, -0.29976425,  0.25876709,
       -0.00397446,  0.06428058,  0.37154053, -0.11149732,  0.44915749,
       -0.09085276, -0.37919606, -0.05046322, -0.01633767, -0.12126146,
       -0.23165208,  0.09633518, -0.12502975, -0.06342885]) 

Generation: 102 
 - Generation Avg Fit: 4881.374468666569 
 - Best Fitness: 5704.401038831704 
 - Worst Fitness: 0.0
 - Best Solution: array([-0.24361305, -0.35925461, -0.02018097, -0.32553802,  0.30826705,
       -0.41049353,  0.17745162, -0.01418121, -0.14346494,  0.05309067,
        0.00175207, -0.15599801,  0.16264182,  0.03040243,  0.11787294,
       -0.09091589, -0.15619416,  0.11352043,  0.16539501,  0.1491174 ,
        0.02151623,  0.14071308,  0.47464551,  0.07811719, -0.36958217,
       -0.38308115,  0.00586492,  0.18769409, -0.35497008, -0.00905223,
        0.12466418,  0.11859172,  0.18970791,  0.19811263, -0.0630993 ,
        0.48941055, -0.06383926,  0.00574937,  0.40057798,  0.00807501,
       -0.18515285, -0.01194773,  0.45637709, -0.12387681, -0.23339497,
        0.02956286,  0.50054243,  0.05457437, -0.29976425,  0.25876709,
       -0.00397446,  0.06428058, -0.23752074, -0.11162009,  0.45574853,
       -0.10332233, -0.3838148 , -0.06704332, -0.00834724, -0.11346891,
       -0.24343214,  0.09633518, -0.09659802, -0.06342885]) 

Generation: 103 
 - Generation Avg Fit: 4917.984080393846 
 - Best Fitness: 5712.959160461413 
 - Worst Fitness: 0.0
 - Best Solution: array([-2.16940020e-01, -3.77300986e-01, -4.18971481e-02, -3.08918584e-01,
        3.10561531e-01, -3.94119277e-01,  1.74726504e-01,  8.87340664e-03,
       -1.64055626e-01,  7.17434456e-02, -2.76621474e-03, -1.53770290e-01,
        1.52039130e-01,  3.11487882e-02,  1.34145155e-01, -1.01938883e-01,
       -1.70156329e-01,  1.13520430e-01,  1.56210940e-01,  1.52209519e-01,
        1.71655368e-02,  1.36769415e-01,  4.62091861e-01,  6.30189716e-02,
       -3.85076682e-01,  1.09019965e-01,  1.03747107e-02,  1.91647863e-01,
       -3.66778122e-01, -9.05523523e-03,  1.37160040e-01,  1.21159799e-01,
        1.96560474e-01,  1.91244334e-01, -7.50555849e-02,  4.76496318e-01,
       -5.02443849e-02, -8.70758375e-03,  3.98235597e-01, -7.01925600e-03,
       -1.71676035e-01, -3.66037395e-02,  4.95531061e-01, -1.46684342e-01,
       -2.26537837e-01,  3.11980394e-04,  4.98476891e-01,  5.70897727e-02,
       -3.16015920e-01,  2.85322467e-01,  4.66924886e-03,  6.47833142e-02,
        3.56980054e-01, -9.19841744e-02,  4.58064920e-01, -8.07941102e-02,
       -3.86552539e-01, -3.83484184e-02,  5.01307903e-03, -1.09947039e-01,
       -2.16878904e-01,  1.02809995e-01, -1.11056847e-01, -6.04587750e-02]) 

Generation: 104 
 - Generation Avg Fit: 4906.010444365894 
 - Best Fitness: 5790.477172751491 
 - Worst Fitness: 0.0
 - Best Solution: array([-0.24906306, -0.2744372 , -0.00968645, -0.30679403,  0.31000229,
       -0.40880931,  0.17056151, -0.0069186 , -0.15216535,  0.0479991 ,
        0.00142517, -0.14752362,  0.13425714,  0.03110397,  0.12222017,
       -0.08163108, -0.15220119,  0.06596617,  0.15885745,  0.14411475,
        0.0380329 ,  0.13290564,  0.45573183,  0.04088619, -0.34619159,
       -0.38917757,  0.02088148,  0.17847247, -0.36399042, -0.0007389 ,
        0.11365473,  0.15311261,  0.18996627,  0.19668096, -0.06059841,
        0.51646701, -0.04554813,  0.00573598,  0.42434513, -0.02052444,
       -0.21219234, -0.01653682,  0.46065011, -0.14296094, -0.24870943,
        0.01574281,  0.50121491,  0.04176474, -0.30914269,  0.26306741,
        0.00871724,  0.06510447, -0.22136072, -0.11933558,  0.46619748,
       -0.1142279 , -0.39943604, -0.05495041, -0.00448923, -0.09482194,
       -0.21421913,  0.08453149,  0.38112665, -0.1798876 ]) 

Generation: 105 
 - Generation Avg Fit: 4643.224745853291 
 - Best Fitness: 5790.477172751491 
 - Worst Fitness: 0.0
 - Best Solution: array([-2.16940020e-01, -3.77300986e-01, -4.18971481e-02, -3.08918584e-01,
        3.10561531e-01, -3.94119277e-01,  1.74726504e-01,  8.87340664e-03,
       -1.64055626e-01,  7.17434456e-02, -2.76621474e-03, -1.53770290e-01,
        1.52039130e-01,  3.11487882e-02,  1.34145155e-01, -1.01938883e-01,
       -1.70156329e-01,  1.13520430e-01,  1.56210940e-01,  1.52209519e-01,
        1.71655368e-02,  1.36769415e-01,  4.62091861e-01,  6.30189716e-02,
       -3.85076682e-01,  1.09019965e-01,  1.03747107e-02,  1.91647863e-01,
       -3.66778122e-01, -9.05523523e-03,  1.37160040e-01,  1.21159799e-01,
        1.96560474e-01,  1.91244334e-01, -7.50555849e-02,  4.76496318e-01,
       -5.02443849e-02, -8.70758375e-03,  3.98235597e-01, -7.01925600e-03,
       -1.71676035e-01, -3.66037395e-02,  4.95531061e-01, -1.46684342e-01,
       -2.26537837e-01,  3.11980394e-04,  4.98476891e-01,  5.70897727e-02,
       -3.16015920e-01,  2.85322467e-01,  4.66924886e-03,  6.47833142e-02,
        3.56980054e-01, -9.19841744e-02,  4.58064920e-01, -8.07941102e-02,
       -3.86552539e-01, -3.83484184e-02,  5.01307903e-03, -1.09947039e-01,
       -2.16878904e-01,  1.02809995e-01, -1.11056847e-01, -6.04587750e-02]) 

Generation: 106 
 - Generation Avg Fit: 4689.707337556366 
 - Best Fitness: 5948.164980225093 
 - Worst Fitness: 0.0
 - Best Solution: array([-0.21705858, -0.37041379, -0.01769595, -0.30373661,  0.31497207,
       -0.40205345,  0.18221204,  0.00216581, -0.1495194 ,  0.06206877,
        0.01383341, -0.16286974,  0.16044351,  0.03114879,  0.12040758,
       -0.10193888, -0.17758993,  0.07166754,  0.15621094,  0.14359228,
        0.01716554,  0.13676942,  0.45412148,  0.11165097, -0.38595677,
        0.11804718, -0.00446782,  0.1657301 , -0.36172802, -0.00905524,
        0.12005441,  0.11209945,  0.20624236,  0.20971935, -0.07505558,
        0.50863993, -0.05024438, -0.01665249,  0.40316664, -0.008923  ,
       -0.16990141, -0.02729622,  0.49553106, -0.12387681, -0.23013193,
        0.00383633,  0.51042527,  0.0663737 , -0.32572578,  0.242138  ,
        0.00392008,  0.06428058,  0.35698005, -0.09198417,  0.47912637,
       -0.10810298, -0.39440734, -0.03834842, -0.01080839, -0.10994704,
       -0.20743203,  0.10280999, -0.10884741, -0.06573136]) 

Generation: 107 
 - Generation Avg Fit: 4740.964621874705 
 - Best Fitness: 5948.164980225093 
 - Worst Fitness: 0.0
 - Best Solution: array([-0.24906306, -0.2744372 , -0.00968645, -0.30679403,  0.31000229,
       -0.40880931,  0.17056151, -0.0069186 , -0.15216535,  0.0479991 ,
        0.00142517, -0.14752362,  0.13425714,  0.03110397,  0.12222017,
       -0.08163108, -0.15220119,  0.06596617,  0.15885745,  0.14411475,
        0.0380329 ,  0.13290564,  0.45573183,  0.04088619, -0.34619159,
       -0.38917757,  0.02088148,  0.17847247, -0.36399042, -0.0007389 ,
        0.11365473,  0.15311261,  0.18996627,  0.19668096, -0.06059841,
        0.51646701, -0.04554813,  0.00573598,  0.42434513, -0.02052444,
       -0.21219234, -0.01653682,  0.46065011, -0.14296094, -0.24870943,
        0.01574281,  0.50121491,  0.04176474, -0.30914269,  0.26306741,
        0.00871724,  0.06510447, -0.22136072, -0.11933558,  0.46619748,
       -0.1142279 , -0.39943604, -0.05495041, -0.00448923, -0.09482194,
       -0.21421913,  0.08453149,  0.38112665, -0.1798876 ]) 

Generation: 108 
 - Generation Avg Fit: 4685.037962047448 
 - Best Fitness: 5948.164980225093 
 - Worst Fitness: 0.0
 - Best Solution: array([-0.21705858, -0.37041379, -0.01769595, -0.30373661,  0.31497207,
       -0.40205345,  0.18221204,  0.00216581, -0.1495194 ,  0.06206877,
        0.01383341, -0.16286974,  0.16044351,  0.03114879,  0.12040758,
       -0.10193888, -0.17758993,  0.07166754,  0.15621094,  0.14359228,
        0.01716554,  0.13676942,  0.45412148,  0.11165097, -0.38595677,
        0.11804718, -0.00446782,  0.1657301 , -0.36172802, -0.00905524,
        0.12005441,  0.11209945,  0.20624236,  0.20971935, -0.07505558,
        0.50863993, -0.05024438, -0.01665249,  0.40316664, -0.008923  ,
       -0.16990141, -0.02729622,  0.49553106, -0.12387681, -0.23013193,
        0.00383633,  0.51042527,  0.0663737 , -0.32572578,  0.242138  ,
        0.00392008,  0.06428058,  0.35698005, -0.09198417,  0.47912637,
       -0.10810298, -0.39440734, -0.03834842, -0.01080839, -0.10994704,
       -0.20743203,  0.10280999, -0.10884741, -0.06573136]) 

Generation: 109 
 - Generation Avg Fit: 4655.024530048799 
 - Best Fitness: 5948.164980225093 
 - Worst Fitness: 0.0
 - Best Solution: array([-0.21705858, -0.37041379, -0.01769595, -0.30373661,  0.31497207,
       -0.40205345,  0.18221204,  0.00216581, -0.1495194 ,  0.06206877,
        0.01383341, -0.16286974,  0.16044351,  0.03114879,  0.12040758,
       -0.10193888, -0.17758993,  0.07166754,  0.15621094,  0.14359228,
        0.01716554,  0.13676942,  0.45412148,  0.11165097, -0.38595677,
        0.11804718, -0.00446782,  0.1657301 , -0.36172802, -0.00905524,
        0.12005441,  0.11209945,  0.20624236,  0.20971935, -0.07505558,
        0.50863993, -0.05024438, -0.01665249,  0.40316664, -0.008923  ,
       -0.16990141, -0.02729622,  0.49553106, -0.12387681, -0.23013193,
        0.00383633,  0.51042527,  0.0663737 , -0.32572578,  0.242138  ,
        0.00392008,  0.06428058,  0.35698005, -0.09198417,  0.47912637,
       -0.10810298, -0.39440734, -0.03834842, -0.01080839, -0.10994704,
       -0.20743203,  0.10280999, -0.10884741, -0.06573136]) 

Generation: 110 
 - Generation Avg Fit: 4710.596514889725 
 - Best Fitness: 5948.164980225093 
 - Worst Fitness: 0.0
 - Best Solution: array([-0.21705858, -0.37041379, -0.01769595, -0.30373661,  0.31497207,
       -0.40205345,  0.18221204,  0.00216581, -0.1495194 ,  0.06206877,
        0.01383341, -0.16286974,  0.16044351,  0.03114879,  0.12040758,
       -0.10193888, -0.17758993,  0.07166754,  0.15621094,  0.14359228,
        0.01716554,  0.13676942,  0.45412148,  0.11165097, -0.38595677,
        0.11804718, -0.00446782,  0.1657301 , -0.36172802, -0.00905524,
        0.12005441,  0.11209945,  0.20624236,  0.20971935, -0.07505558,
        0.50863993, -0.05024438, -0.01665249,  0.40316664, -0.008923  ,
       -0.16990141, -0.02729622,  0.49553106, -0.12387681, -0.23013193,
        0.00383633,  0.51042527,  0.0663737 , -0.32572578,  0.242138  ,
        0.00392008,  0.06428058,  0.35698005, -0.09198417,  0.47912637,
       -0.10810298, -0.39440734, -0.03834842, -0.01080839, -0.10994704,
       -0.20743203,  0.10280999, -0.10884741, -0.06573136]) 

Generation: 111 
 - Generation Avg Fit: 4676.243477370229 
 - Best Fitness: 5948.164980225093 
 - Worst Fitness: 0.0
 - Best Solution: array([-0.21705858, -0.37041379, -0.01769595, -0.30373661,  0.31497207,
       -0.40205345,  0.18221204,  0.00216581, -0.1495194 ,  0.06206877,
        0.01383341, -0.16286974,  0.16044351,  0.03114879,  0.12040758,
       -0.10193888, -0.17758993,  0.07166754,  0.15621094,  0.14359228,
        0.01716554,  0.13676942,  0.45412148,  0.11165097, -0.38595677,
        0.11804718, -0.00446782,  0.1657301 , -0.36172802, -0.00905524,
        0.12005441,  0.11209945,  0.20624236,  0.20971935, -0.07505558,
        0.50863993, -0.05024438, -0.01665249,  0.40316664, -0.008923  ,
       -0.16990141, -0.02729622,  0.49553106, -0.12387681, -0.23013193,
        0.00383633,  0.51042527,  0.0663737 , -0.32572578,  0.242138  ,
        0.00392008,  0.06428058,  0.35698005, -0.09198417,  0.47912637,
       -0.10810298, -0.39440734, -0.03834842, -0.01080839, -0.10994704,
       -0.20743203,  0.10280999, -0.10884741, -0.06573136]) 

Generation: 112 
 - Generation Avg Fit: 4755.903354872564 
 - Best Fitness: 5948.164980225093 
 - Worst Fitness: 0.0
 - Best Solution: array([-0.21705858, -0.37041379, -0.01769595, -0.30373661,  0.31497207,
       -0.40205345,  0.18221204,  0.00216581, -0.1495194 ,  0.06206877,
        0.01383341, -0.16286974,  0.16044351,  0.03114879,  0.12040758,
       -0.10193888, -0.17758993,  0.07166754,  0.15621094,  0.14359228,
        0.01716554,  0.13676942,  0.45412148,  0.11165097, -0.38595677,
        0.11804718, -0.00446782,  0.1657301 , -0.36172802, -0.00905524,
        0.12005441,  0.11209945,  0.20624236,  0.20971935, -0.07505558,
        0.50863993, -0.05024438, -0.01665249,  0.40316664, -0.008923  ,
       -0.16990141, -0.02729622,  0.49553106, -0.12387681, -0.23013193,
        0.00383633,  0.51042527,  0.0663737 , -0.32572578,  0.242138  ,
        0.00392008,  0.06428058,  0.35698005, -0.09198417,  0.47912637,
       -0.10810298, -0.39440734, -0.03834842, -0.01080839, -0.10994704,
       -0.20743203,  0.10280999, -0.10884741, -0.06573136]) 

Generation: 113 
 - Generation Avg Fit: 4572.266253752317 
 - Best Fitness: 5948.164980225093 
 - Worst Fitness: 0.0
 - Best Solution: array([-0.21705858, -0.37041379, -0.01769595, -0.30373661,  0.31497207,
       -0.40205345,  0.18221204,  0.00216581, -0.1495194 ,  0.06206877,
        0.01383341, -0.16286974,  0.16044351,  0.03114879,  0.12040758,
       -0.10193888, -0.17758993,  0.07166754,  0.15621094,  0.14359228,
        0.01716554,  0.13676942,  0.45412148,  0.11165097, -0.38595677,
        0.11804718, -0.00446782,  0.1657301 , -0.36172802, -0.00905524,
        0.12005441,  0.11209945,  0.20624236,  0.20971935, -0.07505558,
        0.50863993, -0.05024438, -0.01665249,  0.40316664, -0.008923  ,
       -0.16990141, -0.02729622,  0.49553106, -0.12387681, -0.23013193,
        0.00383633,  0.51042527,  0.0663737 , -0.32572578,  0.242138  ,
        0.00392008,  0.06428058,  0.35698005, -0.09198417,  0.47912637,
       -0.10810298, -0.39440734, -0.03834842, -0.01080839, -0.10994704,
       -0.20743203,  0.10280999, -0.10884741, -0.06573136]) 

Generation: 114 
 - Generation Avg Fit: 4716.319232976184 
 - Best Fitness: 5948.164980225093 
 - Worst Fitness: 0.0
 - Best Solution: array([-0.21705858, -0.37041379, -0.01769595, -0.30373661,  0.31497207,
       -0.40205345,  0.18221204,  0.00216581, -0.1495194 ,  0.06206877,
        0.01383341, -0.16286974,  0.16044351,  0.03114879,  0.12040758,
       -0.10193888, -0.17758993,  0.07166754,  0.15621094,  0.14359228,
        0.01716554,  0.13676942,  0.45412148,  0.11165097, -0.38595677,
        0.11804718, -0.00446782,  0.1657301 , -0.36172802, -0.00905524,
        0.12005441,  0.11209945,  0.20624236,  0.20971935, -0.07505558,
        0.50863993, -0.05024438, -0.01665249,  0.40316664, -0.008923  ,
       -0.16990141, -0.02729622,  0.49553106, -0.12387681, -0.23013193,
        0.00383633,  0.51042527,  0.0663737 , -0.32572578,  0.242138  ,
        0.00392008,  0.06428058,  0.35698005, -0.09198417,  0.47912637,
       -0.10810298, -0.39440734, -0.03834842, -0.01080839, -0.10994704,
       -0.20743203,  0.10280999, -0.10884741, -0.06573136]) 

Generation: 115 
 - Generation Avg Fit: 4594.403543994559 
 - Best Fitness: 5948.164980225093 
 - Worst Fitness: 0.0
 - Best Solution: array([-0.21705858, -0.37041379, -0.01769595, -0.30373661,  0.31497207,
       -0.40205345,  0.18221204,  0.00216581, -0.1495194 ,  0.06206877,
        0.01383341, -0.16286974,  0.16044351,  0.03114879,  0.12040758,
       -0.10193888, -0.17758993,  0.07166754,  0.15621094,  0.14359228,
        0.01716554,  0.13676942,  0.45412148,  0.11165097, -0.38595677,
        0.11804718, -0.00446782,  0.1657301 , -0.36172802, -0.00905524,
        0.12005441,  0.11209945,  0.20624236,  0.20971935, -0.07505558,
        0.50863993, -0.05024438, -0.01665249,  0.40316664, -0.008923  ,
       -0.16990141, -0.02729622,  0.49553106, -0.12387681, -0.23013193,
        0.00383633,  0.51042527,  0.0663737 , -0.32572578,  0.242138  ,
        0.00392008,  0.06428058,  0.35698005, -0.09198417,  0.47912637,
       -0.10810298, -0.39440734, -0.03834842, -0.01080839, -0.10994704,
       -0.20743203,  0.10280999, -0.10884741, -0.06573136]) 

Generation: 116 
 - Generation Avg Fit: 4872.11829387957 
 - Best Fitness: 5948.164980225093 
 - Worst Fitness: 0.0
 - Best Solution: array([-0.21705858, -0.37041379, -0.01769595, -0.30373661,  0.31497207,
       -0.40205345,  0.18221204,  0.00216581, -0.1495194 ,  0.06206877,
        0.01383341, -0.16286974,  0.16044351,  0.03114879,  0.12040758,
       -0.10193888, -0.17758993,  0.07166754,  0.15621094,  0.14359228,
        0.01716554,  0.13676942,  0.45412148,  0.11165097, -0.38595677,
        0.11804718, -0.00446782,  0.1657301 , -0.36172802, -0.00905524,
        0.12005441,  0.11209945,  0.20624236,  0.20971935, -0.07505558,
        0.50863993, -0.05024438, -0.01665249,  0.40316664, -0.008923  ,
       -0.16990141, -0.02729622,  0.49553106, -0.12387681, -0.23013193,
        0.00383633,  0.51042527,  0.0663737 , -0.32572578,  0.242138  ,
        0.00392008,  0.06428058,  0.35698005, -0.09198417,  0.47912637,
       -0.10810298, -0.39440734, -0.03834842, -0.01080839, -0.10994704,
       -0.20743203,  0.10280999, -0.10884741, -0.06573136]) 

Generation: 117 
 - Generation Avg Fit: 4620.832612234568 
 - Best Fitness: 5948.164980225093 
 - Worst Fitness: 0.0
 - Best Solution: array([-0.21705858, -0.37041379, -0.01769595, -0.30373661,  0.31497207,
       -0.40205345,  0.18221204,  0.00216581, -0.1495194 ,  0.06206877,
        0.01383341, -0.16286974,  0.16044351,  0.03114879,  0.12040758,
       -0.10193888, -0.17758993,  0.07166754,  0.15621094,  0.14359228,
        0.01716554,  0.13676942,  0.45412148,  0.11165097, -0.38595677,
        0.11804718, -0.00446782,  0.1657301 , -0.36172802, -0.00905524,
        0.12005441,  0.11209945,  0.20624236,  0.20971935, -0.07505558,
        0.50863993, -0.05024438, -0.01665249,  0.40316664, -0.008923  ,
       -0.16990141, -0.02729622,  0.49553106, -0.12387681, -0.23013193,
        0.00383633,  0.51042527,  0.0663737 , -0.32572578,  0.242138  ,
        0.00392008,  0.06428058,  0.35698005, -0.09198417,  0.47912637,
       -0.10810298, -0.39440734, -0.03834842, -0.01080839, -0.10994704,
       -0.20743203,  0.10280999, -0.10884741, -0.06573136]) 

Generation: 118 
 - Generation Avg Fit: 4465.702621079334 
 - Best Fitness: 5948.164980225093 
 - Worst Fitness: 0.0
 - Best Solution: array([-0.21705858, -0.37041379, -0.01769595, -0.30373661,  0.31497207,
       -0.40205345,  0.18221204,  0.00216581, -0.1495194 ,  0.06206877,
        0.01383341, -0.16286974,  0.16044351,  0.03114879,  0.12040758,
       -0.10193888, -0.17758993,  0.07166754,  0.15621094,  0.14359228,
        0.01716554,  0.13676942,  0.45412148,  0.11165097, -0.38595677,
        0.11804718, -0.00446782,  0.1657301 , -0.36172802, -0.00905524,
        0.12005441,  0.11209945,  0.20624236,  0.20971935, -0.07505558,
        0.50863993, -0.05024438, -0.01665249,  0.40316664, -0.008923  ,
       -0.16990141, -0.02729622,  0.49553106, -0.12387681, -0.23013193,
        0.00383633,  0.51042527,  0.0663737 , -0.32572578,  0.242138  ,
        0.00392008,  0.06428058,  0.35698005, -0.09198417,  0.47912637,
       -0.10810298, -0.39440734, -0.03834842, -0.01080839, -0.10994704,
       -0.20743203,  0.10280999, -0.10884741, -0.06573136]) 

Generation: 119 
 - Generation Avg Fit: 4475.557107359853 
 - Best Fitness: 5948.164980225093 
 - Worst Fitness: 0.0
 - Best Solution: array([-0.21705858, -0.37041379, -0.01769595, -0.30373661,  0.31497207,
       -0.40205345,  0.18221204,  0.00216581, -0.1495194 ,  0.06206877,
        0.01383341, -0.16286974,  0.16044351,  0.03114879,  0.12040758,
       -0.10193888, -0.17758993,  0.07166754,  0.15621094,  0.14359228,
        0.01716554,  0.13676942,  0.45412148,  0.11165097, -0.38595677,
        0.11804718, -0.00446782,  0.1657301 , -0.36172802, -0.00905524,
        0.12005441,  0.11209945,  0.20624236,  0.20971935, -0.07505558,
        0.50863993, -0.05024438, -0.01665249,  0.40316664, -0.008923  ,
       -0.16990141, -0.02729622,  0.49553106, -0.12387681, -0.23013193,
        0.00383633,  0.51042527,  0.0663737 , -0.32572578,  0.242138  ,
        0.00392008,  0.06428058,  0.35698005, -0.09198417,  0.47912637,
       -0.10810298, -0.39440734, -0.03834842, -0.01080839, -0.10994704,
       -0.20743203,  0.10280999, -0.10884741, -0.06573136]) 

Generation: 120 
 - Generation Avg Fit: 4665.7348681427075 
 - Best Fitness: 5948.164980225093 
 - Worst Fitness: 0.0
 - Best Solution: array([-0.21705858, -0.37041379, -0.01769595, -0.30373661,  0.31497207,
       -0.40205345,  0.18221204,  0.00216581, -0.1495194 ,  0.06206877,
        0.01383341, -0.16286974,  0.16044351,  0.03114879,  0.12040758,
       -0.10193888, -0.17758993,  0.07166754,  0.15621094,  0.14359228,
        0.01716554,  0.13676942,  0.45412148,  0.11165097, -0.38595677,
        0.11804718, -0.00446782,  0.1657301 , -0.36172802, -0.00905524,
        0.12005441,  0.11209945,  0.20624236,  0.20971935, -0.07505558,
        0.50863993, -0.05024438, -0.01665249,  0.40316664, -0.008923  ,
       -0.16990141, -0.02729622,  0.49553106, -0.12387681, -0.23013193,
        0.00383633,  0.51042527,  0.0663737 , -0.32572578,  0.242138  ,
        0.00392008,  0.06428058,  0.35698005, -0.09198417,  0.47912637,
       -0.10810298, -0.39440734, -0.03834842, -0.01080839, -0.10994704,
       -0.20743203,  0.10280999, -0.10884741, -0.06573136]) 

Generation: 121 
 - Generation Avg Fit: 4633.313813219358 
 - Best Fitness: 5960.857825767224 
 - Worst Fitness: 0.0
 - Best Solution: array([-2.41188926e-01, -2.54570380e-01, -2.25692301e-02, -3.08591084e-01,
        3.05545214e-01, -3.91983416e-01,  1.51383818e-01,  1.94609040e-03,
       -1.44472407e-01,  7.32576731e-02, -3.37818952e-04, -1.49773967e-01,
        1.36168734e-01,  3.11039697e-02,  1.06296117e-01, -8.16310793e-02,
       -1.52356109e-01,  6.76690058e-02,  1.58857454e-01,  1.57823624e-01,
        1.22813295e-02,  1.15254003e-01,  4.31921684e-01,  5.78451570e-02,
       -3.85511088e-01, -3.92744396e-01, -1.88552888e-02,  1.60646707e-01,
       -3.63990416e-01,  2.13613006e-02,  1.01291489e-01,  1.27234774e-01,
        1.95588520e-01,  2.07184011e-01, -4.41838224e-02,  5.25956734e-01,
       -5.57690282e-02, -7.51958865e-03,  4.29711336e-01,  6.02668351e-03,
       -2.04314331e-01,  1.99877606e-02,  4.84352457e-01, -1.18596306e-01,
       -2.41984485e-01,  2.78948054e-02,  4.99953664e-01,  2.08173092e-02,
       -3.06806318e-01,  2.53522494e-01,  1.66023536e-04,  6.55528275e-02,
       -2.40690148e-01, -9.89326272e-02,  4.64532245e-01, -1.12877070e-01,
       -3.82890527e-01, -6.38226329e-02, -7.06134774e-03, -1.24130383e-01,
       -2.04869051e-01,  1.15468966e-01,  3.91966726e-01, -6.09865099e-02]) 

Generation: 122 
 - Generation Avg Fit: 4538.284204228965 
 - Best Fitness: 5960.857825767224 
 - Worst Fitness: 0.0
 - Best Solution: array([-0.21705858, -0.37041379, -0.01769595, -0.30373661,  0.31497207,
       -0.40205345,  0.18221204,  0.00216581, -0.1495194 ,  0.06206877,
        0.01383341, -0.16286974,  0.16044351,  0.03114879,  0.12040758,
       -0.10193888, -0.17758993,  0.07166754,  0.15621094,  0.14359228,
        0.01716554,  0.13676942,  0.45412148,  0.11165097, -0.38595677,
        0.11804718, -0.00446782,  0.1657301 , -0.36172802, -0.00905524,
        0.12005441,  0.11209945,  0.20624236,  0.20971935, -0.07505558,
        0.50863993, -0.05024438, -0.01665249,  0.40316664, -0.008923  ,
       -0.16990141, -0.02729622,  0.49553106, -0.12387681, -0.23013193,
        0.00383633,  0.51042527,  0.0663737 , -0.32572578,  0.242138  ,
        0.00392008,  0.06428058,  0.35698005, -0.09198417,  0.47912637,
       -0.10810298, -0.39440734, -0.03834842, -0.01080839, -0.10994704,
       -0.20743203,  0.10280999, -0.10884741, -0.06573136]) 

Generation: 123 
 - Generation Avg Fit: 4584.770755977979 
 - Best Fitness: 5960.857825767224 
 - Worst Fitness: 0.0
 - Best Solution: array([-0.24118893, -0.25721136, -0.01381523, -0.31138502,  0.31347612,
       -0.39956408,  0.14331569, -0.01817138, -0.1559607 ,  0.07200278,
       -0.00481426, -0.14023281,  0.13425714,  0.01866761,  0.11368751,
       -0.10295462, -0.15882143,  0.08261756,  0.17947783,  0.17170687,
       -0.00321123,  0.10993912,  0.44052995,  0.06455441, -0.39782427,
       -0.39865709, -0.0153678 ,  0.15628842, -0.36090007,  0.01467115,
        0.09357386,  0.12377504,  0.19280915,  0.20402747, -0.04672668,
        0.53535404, -0.06321115, -0.00751959,  0.40379914,  0.00602668,
       -0.19180109, -0.03139073,  0.48903024, -0.16048116, -0.2477673 ,
        0.01965756,  0.51542188,  0.04337602, -0.2919249 ,  0.24449633,
        0.00281061,  0.06581247, -0.22602069, -0.10745974,  0.45949457,
       -0.09630849, -0.38403781, -0.05337392, -0.01017476, -0.1072187 ,
       -0.2075848 ,  0.09757403,  0.38519467, -0.05588178]) 

Generation: 124 
 - Generation Avg Fit: 4601.757273742804 
 - Best Fitness: 5960.857825767224 
 - Worst Fitness: 0.0
 - Best Solution: array([-0.24118893, -0.25721136, -0.01381523, -0.31138502,  0.31347612,
       -0.39956408,  0.14331569, -0.01817138, -0.1559607 ,  0.07200278,
       -0.00481426, -0.14023281,  0.13425714,  0.01866761,  0.11368751,
       -0.10295462, -0.15882143,  0.08261756,  0.17947783,  0.17170687,
       -0.00321123,  0.10993912,  0.44052995,  0.06455441, -0.39782427,
       -0.39865709, -0.0153678 ,  0.15628842, -0.36090007,  0.01467115,
        0.09357386,  0.12377504,  0.19280915,  0.20402747, -0.04672668,
        0.53535404, -0.06321115, -0.00751959,  0.40379914,  0.00602668,
       -0.19180109, -0.03139073,  0.48903024, -0.16048116, -0.2477673 ,
        0.01965756,  0.51542188,  0.04337602, -0.2919249 ,  0.24449633,
        0.00281061,  0.06581247, -0.22602069, -0.10745974,  0.45949457,
       -0.09630849, -0.38403781, -0.05337392, -0.01017476, -0.1072187 ,
       -0.2075848 ,  0.09757403,  0.38519467, -0.05588178]) 

Generation: 125 
 - Generation Avg Fit: 4710.053500033851 
 - Best Fitness: 5960.857825767224 
 - Worst Fitness: 0.0
 - Best Solution: array([-0.24118893, -0.25721136, -0.01381523, -0.31138502,  0.31347612,
       -0.39956408,  0.14331569, -0.01817138, -0.1559607 ,  0.07200278,
       -0.00481426, -0.14023281,  0.13425714,  0.01866761,  0.11368751,
       -0.10295462, -0.15882143,  0.08261756,  0.17947783,  0.17170687,
       -0.00321123,  0.10993912,  0.44052995,  0.06455441, -0.39782427,
       -0.39865709, -0.0153678 ,  0.15628842, -0.36090007,  0.01467115,
        0.09357386,  0.12377504,  0.19280915,  0.20402747, -0.04672668,
        0.53535404, -0.06321115, -0.00751959,  0.40379914,  0.00602668,
       -0.19180109, -0.03139073,  0.48903024, -0.16048116, -0.2477673 ,
        0.01965756,  0.51542188,  0.04337602, -0.2919249 ,  0.24449633,
        0.00281061,  0.06581247, -0.22602069, -0.10745974,  0.45949457,
       -0.09630849, -0.38403781, -0.05337392, -0.01017476, -0.1072187 ,
       -0.2075848 ,  0.09757403,  0.38519467, -0.05588178]) 

Generation: 126 
 - Generation Avg Fit: 4571.318776491875 
 - Best Fitness: 5960.857825767224 
 - Worst Fitness: 0.0
 - Best Solution: array([-0.24118893, -0.25721136, -0.01381523, -0.31138502,  0.31347612,
       -0.39956408,  0.14331569, -0.01817138, -0.1559607 ,  0.07200278,
       -0.00481426, -0.14023281,  0.13425714,  0.01866761,  0.11368751,
       -0.10295462, -0.15882143,  0.08261756,  0.17947783,  0.17170687,
       -0.00321123,  0.10993912,  0.44052995,  0.06455441, -0.39782427,
       -0.39865709, -0.0153678 ,  0.15628842, -0.36090007,  0.01467115,
        0.09357386,  0.12377504,  0.19280915,  0.20402747, -0.04672668,
        0.53535404, -0.06321115, -0.00751959,  0.40379914,  0.00602668,
       -0.19180109, -0.03139073,  0.48903024, -0.16048116, -0.2477673 ,
        0.01965756,  0.51542188,  0.04337602, -0.2919249 ,  0.24449633,
        0.00281061,  0.06581247, -0.22602069, -0.10745974,  0.45949457,
       -0.09630849, -0.38403781, -0.05337392, -0.01017476, -0.1072187 ,
       -0.2075848 ,  0.09757403,  0.38519467, -0.05588178]) 

Generation: 127 
 - Generation Avg Fit: 4726.614229536706 
 - Best Fitness: 5960.857825767224 
 - Worst Fitness: 0.0
 - Best Solution: array([-0.24118893, -0.25721136, -0.01381523, -0.31138502,  0.31347612,
       -0.39956408,  0.14331569, -0.01817138, -0.1559607 ,  0.07200278,
       -0.00481426, -0.14023281,  0.13425714,  0.01866761,  0.11368751,
       -0.10295462, -0.15882143,  0.08261756,  0.17947783,  0.17170687,
       -0.00321123,  0.10993912,  0.44052995,  0.06455441, -0.39782427,
       -0.39865709, -0.0153678 ,  0.15628842, -0.36090007,  0.01467115,
        0.09357386,  0.12377504,  0.19280915,  0.20402747, -0.04672668,
        0.53535404, -0.06321115, -0.00751959,  0.40379914,  0.00602668,
       -0.19180109, -0.03139073,  0.48903024, -0.16048116, -0.2477673 ,
        0.01965756,  0.51542188,  0.04337602, -0.2919249 ,  0.24449633,
        0.00281061,  0.06581247, -0.22602069, -0.10745974,  0.45949457,
       -0.09630849, -0.38403781, -0.05337392, -0.01017476, -0.1072187 ,
       -0.2075848 ,  0.09757403,  0.38519467, -0.05588178]) 

Generation: 128 
 - Generation Avg Fit: 4445.608276142151 
 - Best Fitness: 5960.857825767224 
 - Worst Fitness: 0.0
 - Best Solution: array([-0.24118893, -0.25721136, -0.01381523, -0.31138502,  0.31347612,
       -0.39956408,  0.14331569, -0.01817138, -0.1559607 ,  0.07200278,
       -0.00481426, -0.14023281,  0.13425714,  0.01866761,  0.11368751,
       -0.10295462, -0.15882143,  0.08261756,  0.17947783,  0.17170687,
       -0.00321123,  0.10993912,  0.44052995,  0.06455441, -0.39782427,
       -0.39865709, -0.0153678 ,  0.15628842, -0.36090007,  0.01467115,
        0.09357386,  0.12377504,  0.19280915,  0.20402747, -0.04672668,
        0.53535404, -0.06321115, -0.00751959,  0.40379914,  0.00602668,
       -0.19180109, -0.03139073,  0.48903024, -0.16048116, -0.2477673 ,
        0.01965756,  0.51542188,  0.04337602, -0.2919249 ,  0.24449633,
        0.00281061,  0.06581247, -0.22602069, -0.10745974,  0.45949457,
       -0.09630849, -0.38403781, -0.05337392, -0.01017476, -0.1072187 ,
       -0.2075848 ,  0.09757403,  0.38519467, -0.05588178]) 

Generation: 129 
 - Generation Avg Fit: 4665.458671932596 
 - Best Fitness: 5960.857825767224 
 - Worst Fitness: 0.0
 - Best Solution: array([-0.24118893, -0.25721136, -0.01381523, -0.31138502,  0.31347612,
       -0.39956408,  0.14331569, -0.01817138, -0.1559607 ,  0.07200278,
       -0.00481426, -0.14023281,  0.13425714,  0.01866761,  0.11368751,
       -0.10295462, -0.15882143,  0.08261756,  0.17947783,  0.17170687,
       -0.00321123,  0.10993912,  0.44052995,  0.06455441, -0.39782427,
       -0.39865709, -0.0153678 ,  0.15628842, -0.36090007,  0.01467115,
        0.09357386,  0.12377504,  0.19280915,  0.20402747, -0.04672668,
        0.53535404, -0.06321115, -0.00751959,  0.40379914,  0.00602668,
       -0.19180109, -0.03139073,  0.48903024, -0.16048116, -0.2477673 ,
        0.01965756,  0.51542188,  0.04337602, -0.2919249 ,  0.24449633,
        0.00281061,  0.06581247, -0.22602069, -0.10745974,  0.45949457,
       -0.09630849, -0.38403781, -0.05337392, -0.01017476, -0.1072187 ,
       -0.2075848 ,  0.09757403,  0.38519467, -0.05588178]) 

Generation: 130 
 - Generation Avg Fit: 4585.714382421556 
 - Best Fitness: 5960.857825767224 
 - Worst Fitness: 0.0
 - Best Solution: array([-0.24118893, -0.25721136, -0.01381523, -0.31138502,  0.31347612,
       -0.39956408,  0.14331569, -0.01817138, -0.1559607 ,  0.07200278,
       -0.00481426, -0.14023281,  0.13425714,  0.01866761,  0.11368751,
       -0.10295462, -0.15882143,  0.08261756,  0.17947783,  0.17170687,
       -0.00321123,  0.10993912,  0.44052995,  0.06455441, -0.39782427,
       -0.39865709, -0.0153678 ,  0.15628842, -0.36090007,  0.01467115,
        0.09357386,  0.12377504,  0.19280915,  0.20402747, -0.04672668,
        0.53535404, -0.06321115, -0.00751959,  0.40379914,  0.00602668,
       -0.19180109, -0.03139073,  0.48903024, -0.16048116, -0.2477673 ,
        0.01965756,  0.51542188,  0.04337602, -0.2919249 ,  0.24449633,
        0.00281061,  0.06581247, -0.22602069, -0.10745974,  0.45949457,
       -0.09630849, -0.38403781, -0.05337392, -0.01017476, -0.1072187 ,
       -0.2075848 ,  0.09757403,  0.38519467, -0.05588178]) 

Generation: 131 
 - Generation Avg Fit: 4903.003267961755 
 - Best Fitness: 5960.857825767224 
 - Worst Fitness: 0.0
 - Best Solution: array([-0.24118893, -0.25721136, -0.01381523, -0.31138502,  0.31347612,
       -0.39956408,  0.14331569, -0.01817138, -0.1559607 ,  0.07200278,
       -0.00481426, -0.14023281,  0.13425714,  0.01866761,  0.11368751,
       -0.10295462, -0.15882143,  0.08261756,  0.17947783,  0.17170687,
       -0.00321123,  0.10993912,  0.44052995,  0.06455441, -0.39782427,
       -0.39865709, -0.0153678 ,  0.15628842, -0.36090007,  0.01467115,
        0.09357386,  0.12377504,  0.19280915,  0.20402747, -0.04672668,
        0.53535404, -0.06321115, -0.00751959,  0.40379914,  0.00602668,
       -0.19180109, -0.03139073,  0.48903024, -0.16048116, -0.2477673 ,
        0.01965756,  0.51542188,  0.04337602, -0.2919249 ,  0.24449633,
        0.00281061,  0.06581247, -0.22602069, -0.10745974,  0.45949457,
       -0.09630849, -0.38403781, -0.05337392, -0.01017476, -0.1072187 ,
       -0.2075848 ,  0.09757403,  0.38519467, -0.05588178]) 

Generation: 132 
 - Generation Avg Fit: 5039.629150608292 
 - Best Fitness: 6021.700467169026 
 - Worst Fitness: 0.0
 - Best Solution: array([-0.24434008, -0.25979986,  0.00205466, -0.31568235,  0.31509141,
       -0.41193113,  0.18373672, -0.00799978, -0.14705448,  0.04943975,
       -0.01066372, -0.15919329,  0.15100886,  0.02810124,  0.11675294,
       -0.11067161, -0.15763319,  0.10431651,  0.19494269,  0.14726434,
       -0.00627403,  0.11802993,  0.4882111 ,  0.07496562, -0.3500496 ,
       -0.36794638,  0.01610575,  0.16375074, -0.33885952, -0.00159781,
        0.09664045,  0.15218786,  0.18645009,  0.20366898, -0.0554758 ,
        0.48758756, -0.0442723 , -0.005564  ,  0.40728194, -0.00649152,
       -0.17679036, -0.04175284,  0.46048994, -0.16018973, -0.23602284,
        0.01981198,  0.51967365,  0.0460014 , -0.28931693,  0.2784953 ,
       -0.00090447,  0.05799679, -0.20795882, -0.0811124 ,  0.47017206,
       -0.09451909, -0.35146923, -0.0079276 , -0.00969029, -0.10050122,
       -0.23376723,  0.10314845,  0.37696196, -0.07248666]) 

Generation: 133 
 - Generation Avg Fit: 4837.798267315912 
 - Best Fitness: 6021.700467169026 
 - Worst Fitness: 0.0
 - Best Solution: array([-0.24118893, -0.25721136, -0.01381523, -0.31138502,  0.31347612,
       -0.39956408,  0.14331569, -0.01817138, -0.1559607 ,  0.07200278,
       -0.00481426, -0.14023281,  0.13425714,  0.01866761,  0.11368751,
       -0.10295462, -0.15882143,  0.08261756,  0.17947783,  0.17170687,
       -0.00321123,  0.10993912,  0.44052995,  0.06455441, -0.39782427,
       -0.39865709, -0.0153678 ,  0.15628842, -0.36090007,  0.01467115,
        0.09357386,  0.12377504,  0.19280915,  0.20402747, -0.04672668,
        0.53535404, -0.06321115, -0.00751959,  0.40379914,  0.00602668,
       -0.19180109, -0.03139073,  0.48903024, -0.16048116, -0.2477673 ,
        0.01965756,  0.51542188,  0.04337602, -0.2919249 ,  0.24449633,
        0.00281061,  0.06581247, -0.22602069, -0.10745974,  0.45949457,
       -0.09630849, -0.38403781, -0.05337392, -0.01017476, -0.1072187 ,
       -0.2075848 ,  0.09757403,  0.38519467, -0.05588178]) 

Generation: 134 
 - Generation Avg Fit: 4748.965900039418 
 - Best Fitness: 6021.700467169026 
 - Worst Fitness: 0.0
 - Best Solution: array([-0.2541624 , -0.28121074, -0.00480256, -0.31267066,  0.32125045,
       -0.41017615,  0.16382724, -0.025319  , -0.15262541,  0.0497694 ,
        0.01353539, -0.15964809,  0.13425714,  0.03275819,  0.114493  ,
       -0.09328401, -0.14603939,  0.07254502,  0.18148639,  0.14649044,
        0.00770624,  0.15047094,  0.45779347,  0.08996077, -0.39389605,
       -0.39028288,  0.01104892,  0.16495845, -0.3578466 ,  0.0064437 ,
        0.11095509,  0.1483401 ,  0.15534601,  0.21082381, -0.04603918,
        0.52810013, -0.05296151, -0.01747453,  0.38674054, -0.011765  ,
       -0.17159853, -0.01311919,  0.47864968, -0.17232577, -0.24630521,
        0.0140221 ,  0.51701077,  0.04598479, -0.27959368,  0.23869558,
        0.00753769,  0.0680431 , -0.21857157, -0.12294971,  0.45628313,
       -0.11287707, -0.39180788, -0.05891058, -0.02015591, -0.10655542,
       -0.23405692,  0.10625254,  0.3939581 , -0.18134377]) 

Generation: 135 
 - Generation Avg Fit: 5053.152808442522 
 - Best Fitness: 6021.700467169026 
 - Worst Fitness: 0.0
 - Best Solution: array([-0.2541624 , -0.28121074, -0.00480256, -0.31267066,  0.32125045,
       -0.41017615,  0.16382724, -0.025319  , -0.15262541,  0.0497694 ,
        0.01353539, -0.15964809,  0.13425714,  0.03275819,  0.114493  ,
       -0.09328401, -0.14603939,  0.07254502,  0.18148639,  0.14649044,
        0.00770624,  0.15047094,  0.45779347,  0.08996077, -0.39389605,
       -0.39028288,  0.01104892,  0.16495845, -0.3578466 ,  0.0064437 ,
        0.11095509,  0.1483401 ,  0.15534601,  0.21082381, -0.04603918,
        0.52810013, -0.05296151, -0.01747453,  0.38674054, -0.011765  ,
       -0.17159853, -0.01311919,  0.47864968, -0.17232577, -0.24630521,
        0.0140221 ,  0.51701077,  0.04598479, -0.27959368,  0.23869558,
        0.00753769,  0.0680431 , -0.21857157, -0.12294971,  0.45628313,
       -0.11287707, -0.39180788, -0.05891058, -0.02015591, -0.10655542,
       -0.23405692,  0.10625254,  0.3939581 , -0.18134377]) 

Generation: 136 
 - Generation Avg Fit: 4822.960213694496 
 - Best Fitness: 6023.709492075315 
 - Worst Fitness: 0.0
 - Best Solution: array([-0.2357151 , -0.27387639, -0.03033215, -0.31138502,  0.30769264,
       -0.40459252,  0.14299361, -0.01858679, -0.14716505,  0.04963893,
        0.00626293, -0.15665441,  0.14544988,  0.02527568,  0.09453529,
       -0.0945522 , -0.15447742,  0.06908733,  0.18160082,  0.18190682,
        0.02633898,  0.13028171,  0.45338874,  0.07094489, -0.39648319,
       -0.38723758, -0.00359827,  0.1624098 , -0.36907704,  0.00820564,
        0.10498686,  0.11512888,  0.19299631,  0.19775771, -0.04466358,
        0.52207113, -0.06554041, -0.01176767,  0.3812372 , -0.00131881,
       -0.21222251, -0.00896501,  0.47979738, -0.15479221, -0.25414332,
        0.01314002,  0.52452235,  0.0366846 , -0.31219043,  0.24995215,
       -0.01675558,  0.06929355, -0.23036854, -0.14160617,  0.46873713,
       -0.09606842, -0.40233221, -0.02385289,  0.00364384, -0.11951517,
       -0.22119907,  0.0862927 ,  0.39285026, -0.04460703]) 

Generation: 137 
 - Generation Avg Fit: 4892.85281998457 
 - Best Fitness: 6055.508365423185 
 - Worst Fitness: 0.0
 - Best Solution: array([-0.24367333, -0.27361761, -0.00138732, -0.31062066,  0.30673037,
       -0.38341844,  0.179672  , -0.00866789, -0.15425704,  0.05231249,
        0.01900437, -0.14023281,  0.13442313,  0.02678461,  0.10667336,
       -0.10119888, -0.14897794,  0.06494896,  0.1879569 ,  0.16342576,
        0.02745087,  0.14249863,  0.47711949,  0.06330747, -0.39284314,
       -0.39954549,  0.03697079,  0.16051765, -0.37254518,  0.03265847,
        0.09141759,  0.12207682,  0.18798765,  0.18910351, -0.04470815,
        0.49843044, -0.05907258,  0.00622995,  0.39214816, -0.02535076,
       -0.21509301, -0.01760233,  0.4739705 , -0.14178143, -0.24976084,
        0.01797499,  0.47596552,  0.03891072, -0.3269702 ,  0.24360897,
        0.0161638 ,  0.05843542, -0.22328242, -0.09787916,  0.45775217,
       -0.08059624, -0.40797716, -0.05463868, -0.01880241, -0.09849154,
       -0.21808323,  0.08453149,  0.37162499, -0.05921812]) 

Generation: 138 
 - Generation Avg Fit: 4646.252127341216 
 - Best Fitness: 6146.347213789518 
 - Worst Fitness: 0.0
 - Best Solution: array([-0.25069588, -0.26409622, -0.00480256, -0.31606794,  0.30235248,
       -0.41521038,  0.17246073, -0.01612633, -0.14793374,  0.07520226,
        0.01891907, -0.15964809,  0.13425714,  0.03583315,  0.11670824,
       -0.10198501, -0.15734127,  0.09322474,  0.1807583 ,  0.16055049,
        0.0382499 ,  0.13349172,  0.46209729,  0.05897129, -0.39788147,
       -0.39395721,  0.00470198,  0.17075228, -0.36142882,  0.00654913,
        0.11496692,  0.10941246,  0.16057923,  0.19270786, -0.05898519,
        0.52493523, -0.0487429 ,  0.00573598,  0.38186954,  0.01215274,
       -0.20066531,  0.04113386,  0.46231626, -0.13579679, -0.24642474,
        0.04684094,  0.49974931,  0.04176474, -0.3109028 ,  0.25943242,
        0.00805206,  0.07127349, -0.22188396, -0.12069962,  0.46303695,
       -0.08487371, -0.39549979, -0.0650007 , -0.00800619, -0.09829857,
       -0.25300888,  0.09757403,  0.3893196 , -0.05259552]) 

Generation: 139 
 - Generation Avg Fit: 5104.515536554475 
 - Best Fitness: 6146.347213789518 
 - Worst Fitness: 0.0
 - Best Solution: array([-0.24367333, -0.27361761, -0.00138732, -0.31062066,  0.30673037,
       -0.38341844,  0.179672  , -0.00866789, -0.15425704,  0.05231249,
        0.01900437, -0.14023281,  0.13442313,  0.02678461,  0.10667336,
       -0.10119888, -0.14897794,  0.06494896,  0.1879569 ,  0.16342576,
        0.02745087,  0.14249863,  0.47711949,  0.06330747, -0.39284314,
       -0.39954549,  0.03697079,  0.16051765, -0.37254518,  0.03265847,
        0.09141759,  0.12207682,  0.18798765,  0.18910351, -0.04470815,
        0.49843044, -0.05907258,  0.00622995,  0.39214816, -0.02535076,
       -0.21509301, -0.01760233,  0.4739705 , -0.14178143, -0.24976084,
        0.01797499,  0.47596552,  0.03891072, -0.3269702 ,  0.24360897,
        0.0161638 ,  0.05843542, -0.22328242, -0.09787916,  0.45775217,
       -0.08059624, -0.40797716, -0.05463868, -0.01880241, -0.09849154,
       -0.21808323,  0.08453149,  0.37162499, -0.05921812]) 

Generation: 140 
 - Generation Avg Fit: 4718.282738763601 
 - Best Fitness: 6146.347213789518 
 - Worst Fitness: 0.0
 - Best Solution: array([-0.25069588, -0.26409622, -0.00480256, -0.31606794,  0.30235248,
       -0.41521038,  0.17246073, -0.01612633, -0.14793374,  0.07520226,
        0.01891907, -0.15964809,  0.13425714,  0.03583315,  0.11670824,
       -0.10198501, -0.15734127,  0.09322474,  0.1807583 ,  0.16055049,
        0.0382499 ,  0.13349172,  0.46209729,  0.05897129, -0.39788147,
       -0.39395721,  0.00470198,  0.17075228, -0.36142882,  0.00654913,
        0.11496692,  0.10941246,  0.16057923,  0.19270786, -0.05898519,
        0.52493523, -0.0487429 ,  0.00573598,  0.38186954,  0.01215274,
       -0.20066531,  0.04113386,  0.46231626, -0.13579679, -0.24642474,
        0.04684094,  0.49974931,  0.04176474, -0.3109028 ,  0.25943242,
        0.00805206,  0.07127349, -0.22188396, -0.12069962,  0.46303695,
       -0.08487371, -0.39549979, -0.0650007 , -0.00800619, -0.09829857,
       -0.25300888,  0.09757403,  0.3893196 , -0.05259552]) 

Generation: 141 
 - Generation Avg Fit: 4985.582651633097 
 - Best Fitness: 6146.347213789518 
 - Worst Fitness: 0.0
 - Best Solution: array([-0.25069588, -0.26409622, -0.00480256, -0.31606794,  0.30235248,
       -0.41521038,  0.17246073, -0.01612633, -0.14793374,  0.07520226,
        0.01891907, -0.15964809,  0.13425714,  0.03583315,  0.11670824,
       -0.10198501, -0.15734127,  0.09322474,  0.1807583 ,  0.16055049,
        0.0382499 ,  0.13349172,  0.46209729,  0.05897129, -0.39788147,
       -0.39395721,  0.00470198,  0.17075228, -0.36142882,  0.00654913,
        0.11496692,  0.10941246,  0.16057923,  0.19270786, -0.05898519,
        0.52493523, -0.0487429 ,  0.00573598,  0.38186954,  0.01215274,
       -0.20066531,  0.04113386,  0.46231626, -0.13579679, -0.24642474,
        0.04684094,  0.49974931,  0.04176474, -0.3109028 ,  0.25943242,
        0.00805206,  0.07127349, -0.22188396, -0.12069962,  0.46303695,
       -0.08487371, -0.39549979, -0.0650007 , -0.00800619, -0.09829857,
       -0.25300888,  0.09757403,  0.3893196 , -0.05259552]) 

Generation: 142 
 - Generation Avg Fit: 5118.722170040885 
 - Best Fitness: 6146.347213789518 
 - Worst Fitness: 0.0
 - Best Solution: array([-0.25069588, -0.26409622, -0.00480256, -0.31606794,  0.30235248,
       -0.41521038,  0.17246073, -0.01612633, -0.14793374,  0.07520226,
        0.01891907, -0.15964809,  0.13425714,  0.03583315,  0.11670824,
       -0.10198501, -0.15734127,  0.09322474,  0.1807583 ,  0.16055049,
        0.0382499 ,  0.13349172,  0.46209729,  0.05897129, -0.39788147,
       -0.39395721,  0.00470198,  0.17075228, -0.36142882,  0.00654913,
        0.11496692,  0.10941246,  0.16057923,  0.19270786, -0.05898519,
        0.52493523, -0.0487429 ,  0.00573598,  0.38186954,  0.01215274,
       -0.20066531,  0.04113386,  0.46231626, -0.13579679, -0.24642474,
        0.04684094,  0.49974931,  0.04176474, -0.3109028 ,  0.25943242,
        0.00805206,  0.07127349, -0.22188396, -0.12069962,  0.46303695,
       -0.08487371, -0.39549979, -0.0650007 , -0.00800619, -0.09829857,
       -0.25300888,  0.09757403,  0.3893196 , -0.05259552]) 

Generation: 143 
 - Generation Avg Fit: 4948.584736006056 
 - Best Fitness: 6146.347213789518 
 - Worst Fitness: 0.0
 - Best Solution: array([-0.25069588, -0.26409622, -0.00480256, -0.31606794,  0.30235248,
       -0.41521038,  0.17246073, -0.01612633, -0.14793374,  0.07520226,
        0.01891907, -0.15964809,  0.13425714,  0.03583315,  0.11670824,
       -0.10198501, -0.15734127,  0.09322474,  0.1807583 ,  0.16055049,
        0.0382499 ,  0.13349172,  0.46209729,  0.05897129, -0.39788147,
       -0.39395721,  0.00470198,  0.17075228, -0.36142882,  0.00654913,
        0.11496692,  0.10941246,  0.16057923,  0.19270786, -0.05898519,
        0.52493523, -0.0487429 ,  0.00573598,  0.38186954,  0.01215274,
       -0.20066531,  0.04113386,  0.46231626, -0.13579679, -0.24642474,
        0.04684094,  0.49974931,  0.04176474, -0.3109028 ,  0.25943242,
        0.00805206,  0.07127349, -0.22188396, -0.12069962,  0.46303695,
       -0.08487371, -0.39549979, -0.0650007 , -0.00800619, -0.09829857,
       -0.25300888,  0.09757403,  0.3893196 , -0.05259552]) 

Generation: 144 
 - Generation Avg Fit: 4623.044673064086 
 - Best Fitness: 6146.347213789518 
 - Worst Fitness: 0.0
 - Best Solution: array([-0.25069588, -0.26409622, -0.00480256, -0.31606794,  0.30235248,
       -0.41521038,  0.17246073, -0.01612633, -0.14793374,  0.07520226,
        0.01891907, -0.15964809,  0.13425714,  0.03583315,  0.11670824,
       -0.10198501, -0.15734127,  0.09322474,  0.1807583 ,  0.16055049,
        0.0382499 ,  0.13349172,  0.46209729,  0.05897129, -0.39788147,
       -0.39395721,  0.00470198,  0.17075228, -0.36142882,  0.00654913,
        0.11496692,  0.10941246,  0.16057923,  0.19270786, -0.05898519,
        0.52493523, -0.0487429 ,  0.00573598,  0.38186954,  0.01215274,
       -0.20066531,  0.04113386,  0.46231626, -0.13579679, -0.24642474,
        0.04684094,  0.49974931,  0.04176474, -0.3109028 ,  0.25943242,
        0.00805206,  0.07127349, -0.22188396, -0.12069962,  0.46303695,
       -0.08487371, -0.39549979, -0.0650007 , -0.00800619, -0.09829857,
       -0.25300888,  0.09757403,  0.3893196 , -0.05259552]) 

Generation: 145 
 - Generation Avg Fit: 4974.719051535427 
 - Best Fitness: 6146.347213789518 
 - Worst Fitness: 0.0
 - Best Solution: array([-0.25069588, -0.26409622, -0.00480256, -0.31606794,  0.30235248,
       -0.41521038,  0.17246073, -0.01612633, -0.14793374,  0.07520226,
        0.01891907, -0.15964809,  0.13425714,  0.03583315,  0.11670824,
       -0.10198501, -0.15734127,  0.09322474,  0.1807583 ,  0.16055049,
        0.0382499 ,  0.13349172,  0.46209729,  0.05897129, -0.39788147,
       -0.39395721,  0.00470198,  0.17075228, -0.36142882,  0.00654913,
        0.11496692,  0.10941246,  0.16057923,  0.19270786, -0.05898519,
        0.52493523, -0.0487429 ,  0.00573598,  0.38186954,  0.01215274,
       -0.20066531,  0.04113386,  0.46231626, -0.13579679, -0.24642474,
        0.04684094,  0.49974931,  0.04176474, -0.3109028 ,  0.25943242,
        0.00805206,  0.07127349, -0.22188396, -0.12069962,  0.46303695,
       -0.08487371, -0.39549979, -0.0650007 , -0.00800619, -0.09829857,
       -0.25300888,  0.09757403,  0.3893196 , -0.05259552]) 

Generation: 146 
 - Generation Avg Fit: 4821.222038528653 
 - Best Fitness: 6146.347213789518 
 - Worst Fitness: 0.0
 - Best Solution: array([-0.25069588, -0.26409622, -0.00480256, -0.31606794,  0.30235248,
       -0.41521038,  0.17246073, -0.01612633, -0.14793374,  0.07520226,
        0.01891907, -0.15964809,  0.13425714,  0.03583315,  0.11670824,
       -0.10198501, -0.15734127,  0.09322474,  0.1807583 ,  0.16055049,
        0.0382499 ,  0.13349172,  0.46209729,  0.05897129, -0.39788147,
       -0.39395721,  0.00470198,  0.17075228, -0.36142882,  0.00654913,
        0.11496692,  0.10941246,  0.16057923,  0.19270786, -0.05898519,
        0.52493523, -0.0487429 ,  0.00573598,  0.38186954,  0.01215274,
       -0.20066531,  0.04113386,  0.46231626, -0.13579679, -0.24642474,
        0.04684094,  0.49974931,  0.04176474, -0.3109028 ,  0.25943242,
        0.00805206,  0.07127349, -0.22188396, -0.12069962,  0.46303695,
       -0.08487371, -0.39549979, -0.0650007 , -0.00800619, -0.09829857,
       -0.25300888,  0.09757403,  0.3893196 , -0.05259552]) 

Generation: 147 
 - Generation Avg Fit: 4647.183953030079 
 - Best Fitness: 6158.645336822222 
 - Worst Fitness: 0.0
 - Best Solution: array([-0.24345288, -0.24501692, -0.01277691, -0.29075944,  0.31149443,
       -0.40054288,  0.17900319, -0.00651867, -0.15940678,  0.05231249,
        0.00318288, -0.1733637 ,  0.13442313,  0.01805192,  0.10039777,
       -0.10119888, -0.14867293,  0.06494896,  0.21406809,  0.15718158,
        0.00674157,  0.10656148,  0.44710094,  0.06129639, -0.39284314,
       -0.39954549,  0.01695361,  0.17897961, -0.36799673,  0.03755144,
        0.09141759,  0.12207682,  0.19612547,  0.19017679, -0.04372148,
        0.49843044, -0.07627307, -0.02141873,  0.42715942, -0.02535076,
       -0.21509301, -0.01633149,  0.47210476, -0.17724688, -0.25479326,
        0.01797499,  0.50002728,  0.03891072, -0.3269702 ,  0.24413136,
       -0.00080661,  0.05015512, -0.24528726, -0.12501616,  0.46573447,
       -0.10615366, -0.39802083, -0.05463868, -0.01880241, -0.10546433,
       -0.21638128,  0.11638627,  0.38187349, -0.0688887 ]) 

Generation: 148 
 - Generation Avg Fit: 4969.468480871333 
 - Best Fitness: 6158.645336822222 
 - Worst Fitness: 0.0
 - Best Solution: array([-0.25069588, -0.26409622, -0.00480256, -0.31606794,  0.30235248,
       -0.41521038,  0.17246073, -0.01612633, -0.14793374,  0.07520226,
        0.01891907, -0.15964809,  0.13425714,  0.03583315,  0.11670824,
       -0.10198501, -0.15734127,  0.09322474,  0.1807583 ,  0.16055049,
        0.0382499 ,  0.13349172,  0.46209729,  0.05897129, -0.39788147,
       -0.39395721,  0.00470198,  0.17075228, -0.36142882,  0.00654913,
        0.11496692,  0.10941246,  0.16057923,  0.19270786, -0.05898519,
        0.52493523, -0.0487429 ,  0.00573598,  0.38186954,  0.01215274,
       -0.20066531,  0.04113386,  0.46231626, -0.13579679, -0.24642474,
        0.04684094,  0.49974931,  0.04176474, -0.3109028 ,  0.25943242,
        0.00805206,  0.07127349, -0.22188396, -0.12069962,  0.46303695,
       -0.08487371, -0.39549979, -0.0650007 , -0.00800619, -0.09829857,
       -0.25300888,  0.09757403,  0.3893196 , -0.05259552]) 

Generation: 149 
 - Generation Avg Fit: 4893.499301402292 
 - Best Fitness: 6158.645336822222 
 - Worst Fitness: 0.0
 - Best Solution: array([-0.24345288, -0.24501692, -0.01277691, -0.29075944,  0.31149443,
       -0.40054288,  0.17900319, -0.00651867, -0.15940678,  0.05231249,
        0.00318288, -0.1733637 ,  0.13442313,  0.01805192,  0.10039777,
       -0.10119888, -0.14867293,  0.06494896,  0.21406809,  0.15718158,
        0.00674157,  0.10656148,  0.44710094,  0.06129639, -0.39284314,
       -0.39954549,  0.01695361,  0.17897961, -0.36799673,  0.03755144,
        0.09141759,  0.12207682,  0.19612547,  0.19017679, -0.04372148,
        0.49843044, -0.07627307, -0.02141873,  0.42715942, -0.02535076,
       -0.21509301, -0.01633149,  0.47210476, -0.17724688, -0.25479326,
        0.01797499,  0.50002728,  0.03891072, -0.3269702 ,  0.24413136,
       -0.00080661,  0.05015512, -0.24528726, -0.12501616,  0.46573447,
       -0.10615366, -0.39802083, -0.05463868, -0.01880241, -0.10546433,
       -0.21638128,  0.11638627,  0.38187349, -0.0688887 ]) 

Generation: 150 
 - Generation Avg Fit: 4961.2463952805665 
 - Best Fitness: 6158.645336822222 
 - Worst Fitness: 0.0
 - Best Solution: array([-0.24345288, -0.24501692, -0.01277691, -0.29075944,  0.31149443,
       -0.40054288,  0.17900319, -0.00651867, -0.15940678,  0.05231249,
        0.00318288, -0.1733637 ,  0.13442313,  0.01805192,  0.10039777,
       -0.10119888, -0.14867293,  0.06494896,  0.21406809,  0.15718158,
        0.00674157,  0.10656148,  0.44710094,  0.06129639, -0.39284314,
       -0.39954549,  0.01695361,  0.17897961, -0.36799673,  0.03755144,
        0.09141759,  0.12207682,  0.19612547,  0.19017679, -0.04372148,
        0.49843044, -0.07627307, -0.02141873,  0.42715942, -0.02535076,
       -0.21509301, -0.01633149,  0.47210476, -0.17724688, -0.25479326,
        0.01797499,  0.50002728,  0.03891072, -0.3269702 ,  0.24413136,
       -0.00080661,  0.05015512, -0.24528726, -0.12501616,  0.46573447,
       -0.10615366, -0.39802083, -0.05463868, -0.01880241, -0.10546433,
       -0.21638128,  0.11638627,  0.38187349, -0.0688887 ]) 

Generation: 151 
 - Generation Avg Fit: 5017.673960382797 
 - Best Fitness: 6225.27004176891 
 - Worst Fitness: 0.0
 - Best Solution: array([-0.249082  , -0.26531662, -0.00466435, -0.30940176,  0.29950587,
       -0.41521038,  0.18099838, -0.01863882, -0.16539627,  0.0847812 ,
        0.01891907, -0.16938215,  0.12713837,  0.02725195,  0.12529653,
       -0.0926941 , -0.15768864,  0.09322474,  0.15009105,  0.16052882,
        0.0382499 ,  0.13349172,  0.46209729,  0.07909972, -0.39788147,
       -0.39703348,  0.03629445,  0.16389917, -0.36142882,  0.01190653,
        0.11496692,  0.12611574,  0.16425239,  0.22607231, -0.05020184,
        0.5297642 , -0.04554813,  0.00573598,  0.37933619,  0.01215274,
       -0.20066531,  0.02493465,  0.46469906, -0.13579679, -0.22835088,
        0.00975427,  0.51154456,  0.04176474, -0.3109028 ,  0.2709871 ,
        0.00805206,  0.07775777, -0.20687163, -0.10157052,  0.46936461,
       -0.08014511, -0.39549979, -0.07068834,  0.00761982, -0.10810609,
       -0.23278511,  0.09316508,  0.3855891 , -0.05259552]) 

Generation: 152 
 - Generation Avg Fit: 4974.918741666117 
 - Best Fitness: 6225.27004176891 
 - Worst Fitness: 0.0
 - Best Solution: array([-0.24345288, -0.24501692, -0.01277691, -0.29075944,  0.31149443,
       -0.40054288,  0.17900319, -0.00651867, -0.15940678,  0.05231249,
        0.00318288, -0.1733637 ,  0.13442313,  0.01805192,  0.10039777,
       -0.10119888, -0.14867293,  0.06494896,  0.21406809,  0.15718158,
        0.00674157,  0.10656148,  0.44710094,  0.06129639, -0.39284314,
       -0.39954549,  0.01695361,  0.17897961, -0.36799673,  0.03755144,
        0.09141759,  0.12207682,  0.19612547,  0.19017679, -0.04372148,
        0.49843044, -0.07627307, -0.02141873,  0.42715942, -0.02535076,
       -0.21509301, -0.01633149,  0.47210476, -0.17724688, -0.25479326,
        0.01797499,  0.50002728,  0.03891072, -0.3269702 ,  0.24413136,
       -0.00080661,  0.05015512, -0.24528726, -0.12501616,  0.46573447,
       -0.10615366, -0.39802083, -0.05463868, -0.01880241, -0.10546433,
       -0.21638128,  0.11638627,  0.38187349, -0.0688887 ]) 

Generation: 153 
 - Generation Avg Fit: 5103.071792184367 
 - Best Fitness: 6225.27004176891 
 - Worst Fitness: 0.0
 - Best Solution: array([-0.249082  , -0.26531662, -0.00466435, -0.30940176,  0.29950587,
       -0.41521038,  0.18099838, -0.01863882, -0.16539627,  0.0847812 ,
        0.01891907, -0.16938215,  0.12713837,  0.02725195,  0.12529653,
       -0.0926941 , -0.15768864,  0.09322474,  0.15009105,  0.16052882,
        0.0382499 ,  0.13349172,  0.46209729,  0.07909972, -0.39788147,
       -0.39703348,  0.03629445,  0.16389917, -0.36142882,  0.01190653,
        0.11496692,  0.12611574,  0.16425239,  0.22607231, -0.05020184,
        0.5297642 , -0.04554813,  0.00573598,  0.37933619,  0.01215274,
       -0.20066531,  0.02493465,  0.46469906, -0.13579679, -0.22835088,
        0.00975427,  0.51154456,  0.04176474, -0.3109028 ,  0.2709871 ,
        0.00805206,  0.07775777, -0.20687163, -0.10157052,  0.46936461,
       -0.08014511, -0.39549979, -0.07068834,  0.00761982, -0.10810609,
       -0.23278511,  0.09316508,  0.3855891 , -0.05259552]) 

Generation: 154 
 - Generation Avg Fit: 5364.522333825914 
 - Best Fitness: 6225.27004176891 
 - Worst Fitness: 0.0
 - Best Solution: array([-0.249082  , -0.26531662, -0.00466435, -0.30940176,  0.29950587,
       -0.41521038,  0.18099838, -0.01863882, -0.16539627,  0.0847812 ,
        0.01891907, -0.16938215,  0.12713837,  0.02725195,  0.12529653,
       -0.0926941 , -0.15768864,  0.09322474,  0.15009105,  0.16052882,
        0.0382499 ,  0.13349172,  0.46209729,  0.07909972, -0.39788147,
       -0.39703348,  0.03629445,  0.16389917, -0.36142882,  0.01190653,
        0.11496692,  0.12611574,  0.16425239,  0.22607231, -0.05020184,
        0.5297642 , -0.04554813,  0.00573598,  0.37933619,  0.01215274,
       -0.20066531,  0.02493465,  0.46469906, -0.13579679, -0.22835088,
        0.00975427,  0.51154456,  0.04176474, -0.3109028 ,  0.2709871 ,
        0.00805206,  0.07775777, -0.20687163, -0.10157052,  0.46936461,
       -0.08014511, -0.39549979, -0.07068834,  0.00761982, -0.10810609,
       -0.23278511,  0.09316508,  0.3855891 , -0.05259552]) 

Generation: 155 
 - Generation Avg Fit: 4891.66707647471 
 - Best Fitness: 6225.27004176891 
 - Worst Fitness: 0.0
 - Best Solution: array([-0.249082  , -0.26531662, -0.00466435, -0.30940176,  0.29950587,
       -0.41521038,  0.18099838, -0.01863882, -0.16539627,  0.0847812 ,
        0.01891907, -0.16938215,  0.12713837,  0.02725195,  0.12529653,
       -0.0926941 , -0.15768864,  0.09322474,  0.15009105,  0.16052882,
        0.0382499 ,  0.13349172,  0.46209729,  0.07909972, -0.39788147,
       -0.39703348,  0.03629445,  0.16389917, -0.36142882,  0.01190653,
        0.11496692,  0.12611574,  0.16425239,  0.22607231, -0.05020184,
        0.5297642 , -0.04554813,  0.00573598,  0.37933619,  0.01215274,
       -0.20066531,  0.02493465,  0.46469906, -0.13579679, -0.22835088,
        0.00975427,  0.51154456,  0.04176474, -0.3109028 ,  0.2709871 ,
        0.00805206,  0.07775777, -0.20687163, -0.10157052,  0.46936461,
       -0.08014511, -0.39549979, -0.07068834,  0.00761982, -0.10810609,
       -0.23278511,  0.09316508,  0.3855891 , -0.05259552]) 

Generation: 156 
 - Generation Avg Fit: 4775.567416811299 
 - Best Fitness: 6225.27004176891 
 - Worst Fitness: 0.0
 - Best Solution: array([-0.249082  , -0.26531662, -0.00466435, -0.30940176,  0.29950587,
       -0.41521038,  0.18099838, -0.01863882, -0.16539627,  0.0847812 ,
        0.01891907, -0.16938215,  0.12713837,  0.02725195,  0.12529653,
       -0.0926941 , -0.15768864,  0.09322474,  0.15009105,  0.16052882,
        0.0382499 ,  0.13349172,  0.46209729,  0.07909972, -0.39788147,
       -0.39703348,  0.03629445,  0.16389917, -0.36142882,  0.01190653,
        0.11496692,  0.12611574,  0.16425239,  0.22607231, -0.05020184,
        0.5297642 , -0.04554813,  0.00573598,  0.37933619,  0.01215274,
       -0.20066531,  0.02493465,  0.46469906, -0.13579679, -0.22835088,
        0.00975427,  0.51154456,  0.04176474, -0.3109028 ,  0.2709871 ,
        0.00805206,  0.07775777, -0.20687163, -0.10157052,  0.46936461,
       -0.08014511, -0.39549979, -0.07068834,  0.00761982, -0.10810609,
       -0.23278511,  0.09316508,  0.3855891 , -0.05259552]) 

Generation: 157 
 - Generation Avg Fit: 4982.654073038202 
 - Best Fitness: 6225.27004176891 
 - Worst Fitness: 0.0
 - Best Solution: array([-0.249082  , -0.26531662, -0.00466435, -0.30940176,  0.29950587,
       -0.41521038,  0.18099838, -0.01863882, -0.16539627,  0.0847812 ,
        0.01891907, -0.16938215,  0.12713837,  0.02725195,  0.12529653,
       -0.0926941 , -0.15768864,  0.09322474,  0.15009105,  0.16052882,
        0.0382499 ,  0.13349172,  0.46209729,  0.07909972, -0.39788147,
       -0.39703348,  0.03629445,  0.16389917, -0.36142882,  0.01190653,
        0.11496692,  0.12611574,  0.16425239,  0.22607231, -0.05020184,
        0.5297642 , -0.04554813,  0.00573598,  0.37933619,  0.01215274,
       -0.20066531,  0.02493465,  0.46469906, -0.13579679, -0.22835088,
        0.00975427,  0.51154456,  0.04176474, -0.3109028 ,  0.2709871 ,
        0.00805206,  0.07775777, -0.20687163, -0.10157052,  0.46936461,
       -0.08014511, -0.39549979, -0.07068834,  0.00761982, -0.10810609,
       -0.23278511,  0.09316508,  0.3855891 , -0.05259552]) 

Generation: 158 
 - Generation Avg Fit: 4683.880413925594 
 - Best Fitness: 6225.27004176891 
 - Worst Fitness: 0.0
 - Best Solution: array([-0.249082  , -0.26531662, -0.00466435, -0.30940176,  0.29950587,
       -0.41521038,  0.18099838, -0.01863882, -0.16539627,  0.0847812 ,
        0.01891907, -0.16938215,  0.12713837,  0.02725195,  0.12529653,
       -0.0926941 , -0.15768864,  0.09322474,  0.15009105,  0.16052882,
        0.0382499 ,  0.13349172,  0.46209729,  0.07909972, -0.39788147,
       -0.39703348,  0.03629445,  0.16389917, -0.36142882,  0.01190653,
        0.11496692,  0.12611574,  0.16425239,  0.22607231, -0.05020184,
        0.5297642 , -0.04554813,  0.00573598,  0.37933619,  0.01215274,
       -0.20066531,  0.02493465,  0.46469906, -0.13579679, -0.22835088,
        0.00975427,  0.51154456,  0.04176474, -0.3109028 ,  0.2709871 ,
        0.00805206,  0.07775777, -0.20687163, -0.10157052,  0.46936461,
       -0.08014511, -0.39549979, -0.07068834,  0.00761982, -0.10810609,
       -0.23278511,  0.09316508,  0.3855891 , -0.05259552]) 

Generation: 159 
 - Generation Avg Fit: 4873.302764709485 
 - Best Fitness: 6225.27004176891 
 - Worst Fitness: 0.0
 - Best Solution: array([-0.249082  , -0.26531662, -0.00466435, -0.30940176,  0.29950587,
       -0.41521038,  0.18099838, -0.01863882, -0.16539627,  0.0847812 ,
        0.01891907, -0.16938215,  0.12713837,  0.02725195,  0.12529653,
       -0.0926941 , -0.15768864,  0.09322474,  0.15009105,  0.16052882,
        0.0382499 ,  0.13349172,  0.46209729,  0.07909972, -0.39788147,
       -0.39703348,  0.03629445,  0.16389917, -0.36142882,  0.01190653,
        0.11496692,  0.12611574,  0.16425239,  0.22607231, -0.05020184,
        0.5297642 , -0.04554813,  0.00573598,  0.37933619,  0.01215274,
       -0.20066531,  0.02493465,  0.46469906, -0.13579679, -0.22835088,
        0.00975427,  0.51154456,  0.04176474, -0.3109028 ,  0.2709871 ,
        0.00805206,  0.07775777, -0.20687163, -0.10157052,  0.46936461,
       -0.08014511, -0.39549979, -0.07068834,  0.00761982, -0.10810609,
       -0.23278511,  0.09316508,  0.3855891 , -0.05259552]) 

Generation: 160 
 - Generation Avg Fit: 4543.11014600381 
 - Best Fitness: 6225.27004176891 
 - Worst Fitness: 0.0
 - Best Solution: array([-0.249082  , -0.26531662, -0.00466435, -0.30940176,  0.29950587,
       -0.41521038,  0.18099838, -0.01863882, -0.16539627,  0.0847812 ,
        0.01891907, -0.16938215,  0.12713837,  0.02725195,  0.12529653,
       -0.0926941 , -0.15768864,  0.09322474,  0.15009105,  0.16052882,
        0.0382499 ,  0.13349172,  0.46209729,  0.07909972, -0.39788147,
       -0.39703348,  0.03629445,  0.16389917, -0.36142882,  0.01190653,
        0.11496692,  0.12611574,  0.16425239,  0.22607231, -0.05020184,
        0.5297642 , -0.04554813,  0.00573598,  0.37933619,  0.01215274,
       -0.20066531,  0.02493465,  0.46469906, -0.13579679, -0.22835088,
        0.00975427,  0.51154456,  0.04176474, -0.3109028 ,  0.2709871 ,
        0.00805206,  0.07775777, -0.20687163, -0.10157052,  0.46936461,
       -0.08014511, -0.39549979, -0.07068834,  0.00761982, -0.10810609,
       -0.23278511,  0.09316508,  0.3855891 , -0.05259552]) 

Generation: 161 
 - Generation Avg Fit: 4698.118062325872 
 - Best Fitness: 6225.27004176891 
 - Worst Fitness: 0.0
 - Best Solution: array([-0.249082  , -0.26531662, -0.00466435, -0.30940176,  0.29950587,
       -0.41521038,  0.18099838, -0.01863882, -0.16539627,  0.0847812 ,
        0.01891907, -0.16938215,  0.12713837,  0.02725195,  0.12529653,
       -0.0926941 , -0.15768864,  0.09322474,  0.15009105,  0.16052882,
        0.0382499 ,  0.13349172,  0.46209729,  0.07909972, -0.39788147,
       -0.39703348,  0.03629445,  0.16389917, -0.36142882,  0.01190653,
        0.11496692,  0.12611574,  0.16425239,  0.22607231, -0.05020184,
        0.5297642 , -0.04554813,  0.00573598,  0.37933619,  0.01215274,
       -0.20066531,  0.02493465,  0.46469906, -0.13579679, -0.22835088,
        0.00975427,  0.51154456,  0.04176474, -0.3109028 ,  0.2709871 ,
        0.00805206,  0.07775777, -0.20687163, -0.10157052,  0.46936461,
       -0.08014511, -0.39549979, -0.07068834,  0.00761982, -0.10810609,
       -0.23278511,  0.09316508,  0.3855891 , -0.05259552]) 

Generation: 162 
 - Generation Avg Fit: 4820.954745724688 
 - Best Fitness: 6225.27004176891 
 - Worst Fitness: 0.0
 - Best Solution: array([-0.249082  , -0.26531662, -0.00466435, -0.30940176,  0.29950587,
       -0.41521038,  0.18099838, -0.01863882, -0.16539627,  0.0847812 ,
        0.01891907, -0.16938215,  0.12713837,  0.02725195,  0.12529653,
       -0.0926941 , -0.15768864,  0.09322474,  0.15009105,  0.16052882,
        0.0382499 ,  0.13349172,  0.46209729,  0.07909972, -0.39788147,
       -0.39703348,  0.03629445,  0.16389917, -0.36142882,  0.01190653,
        0.11496692,  0.12611574,  0.16425239,  0.22607231, -0.05020184,
        0.5297642 , -0.04554813,  0.00573598,  0.37933619,  0.01215274,
       -0.20066531,  0.02493465,  0.46469906, -0.13579679, -0.22835088,
        0.00975427,  0.51154456,  0.04176474, -0.3109028 ,  0.2709871 ,
        0.00805206,  0.07775777, -0.20687163, -0.10157052,  0.46936461,
       -0.08014511, -0.39549979, -0.07068834,  0.00761982, -0.10810609,
       -0.23278511,  0.09316508,  0.3855891 , -0.05259552]) 

Generation: 163 
 - Generation Avg Fit: 4625.614273305562 
 - Best Fitness: 6233.77902165094 
 - Worst Fitness: 0.0
 - Best Solution: array([-0.23859763, -0.24233195, -0.0090215 , -0.31293434,  0.32001249,
       -0.4022345 ,  0.14818052, -0.0322838 , -0.15225649,  0.05403162,
        0.01931574, -0.1597739 ,  0.12913731,  0.06409309,  0.13217081,
       -0.07917327, -0.15329761,  0.07505362,  0.17984416,  0.13752523,
        0.02925483,  0.10413832,  0.45322274,  0.06870034, -0.40839043,
       -0.38698862,  0.02535085,  0.16997489, -0.36658079,  0.00810093,
        0.11333371,  0.1130635 ,  0.1727033 ,  0.18913469, -0.06415238,
        0.53415686, -0.06643315,  0.01092173,  0.43199618,  0.01911396,
       -0.19221447, -0.02017201,  0.49705013, -0.14910774, -0.25149798,
        0.01539995,  0.49619216,  0.04874785, -0.31058879,  0.26295854,
        0.00137394,  0.06149167, -0.20161387, -0.09377526,  0.45545977,
       -0.08886693, -0.38507975, -0.03907313, -0.01277562, -0.12349885,
       -0.24211449,  0.1105011 ,  0.35586254, -0.05259552]) 

Generation: 164 
 - Generation Avg Fit: 4892.988666798756 
 - Best Fitness: 6233.77902165094 
 - Worst Fitness: 0.0
 - Best Solution: array([-0.249082  , -0.26531662, -0.00466435, -0.30940176,  0.29950587,
       -0.41521038,  0.18099838, -0.01863882, -0.16539627,  0.0847812 ,
        0.01891907, -0.16938215,  0.12713837,  0.02725195,  0.12529653,
       -0.0926941 , -0.15768864,  0.09322474,  0.15009105,  0.16052882,
        0.0382499 ,  0.13349172,  0.46209729,  0.07909972, -0.39788147,
       -0.39703348,  0.03629445,  0.16389917, -0.36142882,  0.01190653,
        0.11496692,  0.12611574,  0.16425239,  0.22607231, -0.05020184,
        0.5297642 , -0.04554813,  0.00573598,  0.37933619,  0.01215274,
       -0.20066531,  0.02493465,  0.46469906, -0.13579679, -0.22835088,
        0.00975427,  0.51154456,  0.04176474, -0.3109028 ,  0.2709871 ,
        0.00805206,  0.07775777, -0.20687163, -0.10157052,  0.46936461,
       -0.08014511, -0.39549979, -0.07068834,  0.00761982, -0.10810609,
       -0.23278511,  0.09316508,  0.3855891 , -0.05259552]) 

Generation: 165 
 - Generation Avg Fit: 4805.462022078903 
 - Best Fitness: 6233.77902165094 
 - Worst Fitness: 0.0
 - Best Solution: array([-0.23859763, -0.24233195, -0.0090215 , -0.31293434,  0.32001249,
       -0.4022345 ,  0.14818052, -0.0322838 , -0.15225649,  0.05403162,
        0.01931574, -0.1597739 ,  0.12913731,  0.06409309,  0.13217081,
       -0.07917327, -0.15329761,  0.07505362,  0.17984416,  0.13752523,
        0.02925483,  0.10413832,  0.45322274,  0.06870034, -0.40839043,
       -0.38698862,  0.02535085,  0.16997489, -0.36658079,  0.00810093,
        0.11333371,  0.1130635 ,  0.1727033 ,  0.18913469, -0.06415238,
        0.53415686, -0.06643315,  0.01092173,  0.43199618,  0.01911396,
       -0.19221447, -0.02017201,  0.49705013, -0.14910774, -0.25149798,
        0.01539995,  0.49619216,  0.04874785, -0.31058879,  0.26295854,
        0.00137394,  0.06149167, -0.20161387, -0.09377526,  0.45545977,
       -0.08886693, -0.38507975, -0.03907313, -0.01277562, -0.12349885,
       -0.24211449,  0.1105011 ,  0.35586254, -0.05259552]) 

Generation: 166 
 - Generation Avg Fit: 4955.316552943529 
 - Best Fitness: 6233.77902165094 
 - Worst Fitness: 0.0
 - Best Solution: array([-0.23859763, -0.24233195, -0.0090215 , -0.31293434,  0.32001249,
       -0.4022345 ,  0.14818052, -0.0322838 , -0.15225649,  0.05403162,
        0.01931574, -0.1597739 ,  0.12913731,  0.06409309,  0.13217081,
       -0.07917327, -0.15329761,  0.07505362,  0.17984416,  0.13752523,
        0.02925483,  0.10413832,  0.45322274,  0.06870034, -0.40839043,
       -0.38698862,  0.02535085,  0.16997489, -0.36658079,  0.00810093,
        0.11333371,  0.1130635 ,  0.1727033 ,  0.18913469, -0.06415238,
        0.53415686, -0.06643315,  0.01092173,  0.43199618,  0.01911396,
       -0.19221447, -0.02017201,  0.49705013, -0.14910774, -0.25149798,
        0.01539995,  0.49619216,  0.04874785, -0.31058879,  0.26295854,
        0.00137394,  0.06149167, -0.20161387, -0.09377526,  0.45545977,
       -0.08886693, -0.38507975, -0.03907313, -0.01277562, -0.12349885,
       -0.24211449,  0.1105011 ,  0.35586254, -0.05259552]) 

Generation: 167 
 - Generation Avg Fit: 5079.082953328588 
 - Best Fitness: 6233.77902165094 
 - Worst Fitness: 0.0
 - Best Solution: array([-0.23859763, -0.24233195, -0.0090215 , -0.31293434,  0.32001249,
       -0.4022345 ,  0.14818052, -0.0322838 , -0.15225649,  0.05403162,
        0.01931574, -0.1597739 ,  0.12913731,  0.06409309,  0.13217081,
       -0.07917327, -0.15329761,  0.07505362,  0.17984416,  0.13752523,
        0.02925483,  0.10413832,  0.45322274,  0.06870034, -0.40839043,
       -0.38698862,  0.02535085,  0.16997489, -0.36658079,  0.00810093,
        0.11333371,  0.1130635 ,  0.1727033 ,  0.18913469, -0.06415238,
        0.53415686, -0.06643315,  0.01092173,  0.43199618,  0.01911396,
       -0.19221447, -0.02017201,  0.49705013, -0.14910774, -0.25149798,
        0.01539995,  0.49619216,  0.04874785, -0.31058879,  0.26295854,
        0.00137394,  0.06149167, -0.20161387, -0.09377526,  0.45545977,
       -0.08886693, -0.38507975, -0.03907313, -0.01277562, -0.12349885,
       -0.24211449,  0.1105011 ,  0.35586254, -0.05259552]) 

Generation: 168 
 - Generation Avg Fit: 4723.095505802995 
 - Best Fitness: 6233.77902165094 
 - Worst Fitness: 0.0
 - Best Solution: array([-0.23859763, -0.24233195, -0.0090215 , -0.31293434,  0.32001249,
       -0.4022345 ,  0.14818052, -0.0322838 , -0.15225649,  0.05403162,
        0.01931574, -0.1597739 ,  0.12913731,  0.06409309,  0.13217081,
       -0.07917327, -0.15329761,  0.07505362,  0.17984416,  0.13752523,
        0.02925483,  0.10413832,  0.45322274,  0.06870034, -0.40839043,
       -0.38698862,  0.02535085,  0.16997489, -0.36658079,  0.00810093,
        0.11333371,  0.1130635 ,  0.1727033 ,  0.18913469, -0.06415238,
        0.53415686, -0.06643315,  0.01092173,  0.43199618,  0.01911396,
       -0.19221447, -0.02017201,  0.49705013, -0.14910774, -0.25149798,
        0.01539995,  0.49619216,  0.04874785, -0.31058879,  0.26295854,
        0.00137394,  0.06149167, -0.20161387, -0.09377526,  0.45545977,
       -0.08886693, -0.38507975, -0.03907313, -0.01277562, -0.12349885,
       -0.24211449,  0.1105011 ,  0.35586254, -0.05259552]) 

Generation: 169 
 - Generation Avg Fit: 4974.002957510551 
 - Best Fitness: 6233.77902165094 
 - Worst Fitness: 0.0
 - Best Solution: array([-0.23859763, -0.24233195, -0.0090215 , -0.31293434,  0.32001249,
       -0.4022345 ,  0.14818052, -0.0322838 , -0.15225649,  0.05403162,
        0.01931574, -0.1597739 ,  0.12913731,  0.06409309,  0.13217081,
       -0.07917327, -0.15329761,  0.07505362,  0.17984416,  0.13752523,
        0.02925483,  0.10413832,  0.45322274,  0.06870034, -0.40839043,
       -0.38698862,  0.02535085,  0.16997489, -0.36658079,  0.00810093,
        0.11333371,  0.1130635 ,  0.1727033 ,  0.18913469, -0.06415238,
        0.53415686, -0.06643315,  0.01092173,  0.43199618,  0.01911396,
       -0.19221447, -0.02017201,  0.49705013, -0.14910774, -0.25149798,
        0.01539995,  0.49619216,  0.04874785, -0.31058879,  0.26295854,
        0.00137394,  0.06149167, -0.20161387, -0.09377526,  0.45545977,
       -0.08886693, -0.38507975, -0.03907313, -0.01277562, -0.12349885,
       -0.24211449,  0.1105011 ,  0.35586254, -0.05259552]) 

Generation: 170 
 - Generation Avg Fit: 4930.683789820938 
 - Best Fitness: 6233.77902165094 
 - Worst Fitness: 0.0
 - Best Solution: array([-0.23859763, -0.24233195, -0.0090215 , -0.31293434,  0.32001249,
       -0.4022345 ,  0.14818052, -0.0322838 , -0.15225649,  0.05403162,
        0.01931574, -0.1597739 ,  0.12913731,  0.06409309,  0.13217081,
       -0.07917327, -0.15329761,  0.07505362,  0.17984416,  0.13752523,
        0.02925483,  0.10413832,  0.45322274,  0.06870034, -0.40839043,
       -0.38698862,  0.02535085,  0.16997489, -0.36658079,  0.00810093,
        0.11333371,  0.1130635 ,  0.1727033 ,  0.18913469, -0.06415238,
        0.53415686, -0.06643315,  0.01092173,  0.43199618,  0.01911396,
       -0.19221447, -0.02017201,  0.49705013, -0.14910774, -0.25149798,
        0.01539995,  0.49619216,  0.04874785, -0.31058879,  0.26295854,
        0.00137394,  0.06149167, -0.20161387, -0.09377526,  0.45545977,
       -0.08886693, -0.38507975, -0.03907313, -0.01277562, -0.12349885,
       -0.24211449,  0.1105011 ,  0.35586254, -0.05259552]) 

Generation: 171 
 - Generation Avg Fit: 4832.8114558532825 
 - Best Fitness: 6233.77902165094 
 - Worst Fitness: 0.0
 - Best Solution: array([-0.23859763, -0.24233195, -0.0090215 , -0.31293434,  0.32001249,
       -0.4022345 ,  0.14818052, -0.0322838 , -0.15225649,  0.05403162,
        0.01931574, -0.1597739 ,  0.12913731,  0.06409309,  0.13217081,
       -0.07917327, -0.15329761,  0.07505362,  0.17984416,  0.13752523,
        0.02925483,  0.10413832,  0.45322274,  0.06870034, -0.40839043,
       -0.38698862,  0.02535085,  0.16997489, -0.36658079,  0.00810093,
        0.11333371,  0.1130635 ,  0.1727033 ,  0.18913469, -0.06415238,
        0.53415686, -0.06643315,  0.01092173,  0.43199618,  0.01911396,
       -0.19221447, -0.02017201,  0.49705013, -0.14910774, -0.25149798,
        0.01539995,  0.49619216,  0.04874785, -0.31058879,  0.26295854,
        0.00137394,  0.06149167, -0.20161387, -0.09377526,  0.45545977,
       -0.08886693, -0.38507975, -0.03907313, -0.01277562, -0.12349885,
       -0.24211449,  0.1105011 ,  0.35586254, -0.05259552]) 

Generation: 172 
 - Generation Avg Fit: 4765.371525447297 
 - Best Fitness: 6233.77902165094 
 - Worst Fitness: 0.0
 - Best Solution: array([-0.23859763, -0.24233195, -0.0090215 , -0.31293434,  0.32001249,
       -0.4022345 ,  0.14818052, -0.0322838 , -0.15225649,  0.05403162,
        0.01931574, -0.1597739 ,  0.12913731,  0.06409309,  0.13217081,
       -0.07917327, -0.15329761,  0.07505362,  0.17984416,  0.13752523,
        0.02925483,  0.10413832,  0.45322274,  0.06870034, -0.40839043,
       -0.38698862,  0.02535085,  0.16997489, -0.36658079,  0.00810093,
        0.11333371,  0.1130635 ,  0.1727033 ,  0.18913469, -0.06415238,
        0.53415686, -0.06643315,  0.01092173,  0.43199618,  0.01911396,
       -0.19221447, -0.02017201,  0.49705013, -0.14910774, -0.25149798,
        0.01539995,  0.49619216,  0.04874785, -0.31058879,  0.26295854,
        0.00137394,  0.06149167, -0.20161387, -0.09377526,  0.45545977,
       -0.08886693, -0.38507975, -0.03907313, -0.01277562, -0.12349885,
       -0.24211449,  0.1105011 ,  0.35586254, -0.05259552]) 

Generation: 173 
 - Generation Avg Fit: 4778.140018113297 
 - Best Fitness: 6233.77902165094 
 - Worst Fitness: 0.0
 - Best Solution: array([-0.23859763, -0.24233195, -0.0090215 , -0.31293434,  0.32001249,
       -0.4022345 ,  0.14818052, -0.0322838 , -0.15225649,  0.05403162,
        0.01931574, -0.1597739 ,  0.12913731,  0.06409309,  0.13217081,
       -0.07917327, -0.15329761,  0.07505362,  0.17984416,  0.13752523,
        0.02925483,  0.10413832,  0.45322274,  0.06870034, -0.40839043,
       -0.38698862,  0.02535085,  0.16997489, -0.36658079,  0.00810093,
        0.11333371,  0.1130635 ,  0.1727033 ,  0.18913469, -0.06415238,
        0.53415686, -0.06643315,  0.01092173,  0.43199618,  0.01911396,
       -0.19221447, -0.02017201,  0.49705013, -0.14910774, -0.25149798,
        0.01539995,  0.49619216,  0.04874785, -0.31058879,  0.26295854,
        0.00137394,  0.06149167, -0.20161387, -0.09377526,  0.45545977,
       -0.08886693, -0.38507975, -0.03907313, -0.01277562, -0.12349885,
       -0.24211449,  0.1105011 ,  0.35586254, -0.05259552]) 

Generation: 174 
 - Generation Avg Fit: 4690.494078214456 
 - Best Fitness: 6233.77902165094 
 - Worst Fitness: 0.0
 - Best Solution: array([-0.23859763, -0.24233195, -0.0090215 , -0.31293434,  0.32001249,
       -0.4022345 ,  0.14818052, -0.0322838 , -0.15225649,  0.05403162,
        0.01931574, -0.1597739 ,  0.12913731,  0.06409309,  0.13217081,
       -0.07917327, -0.15329761,  0.07505362,  0.17984416,  0.13752523,
        0.02925483,  0.10413832,  0.45322274,  0.06870034, -0.40839043,
       -0.38698862,  0.02535085,  0.16997489, -0.36658079,  0.00810093,
        0.11333371,  0.1130635 ,  0.1727033 ,  0.18913469, -0.06415238,
        0.53415686, -0.06643315,  0.01092173,  0.43199618,  0.01911396,
       -0.19221447, -0.02017201,  0.49705013, -0.14910774, -0.25149798,
        0.01539995,  0.49619216,  0.04874785, -0.31058879,  0.26295854,
        0.00137394,  0.06149167, -0.20161387, -0.09377526,  0.45545977,
       -0.08886693, -0.38507975, -0.03907313, -0.01277562, -0.12349885,
       -0.24211449,  0.1105011 ,  0.35586254, -0.05259552]) 

Generation: 175 
 - Generation Avg Fit: 5081.4528223022 
 - Best Fitness: 6233.77902165094 
 - Worst Fitness: 0.0
 - Best Solution: array([-0.23859763, -0.24233195, -0.0090215 , -0.31293434,  0.32001249,
       -0.4022345 ,  0.14818052, -0.0322838 , -0.15225649,  0.05403162,
        0.01931574, -0.1597739 ,  0.12913731,  0.06409309,  0.13217081,
       -0.07917327, -0.15329761,  0.07505362,  0.17984416,  0.13752523,
        0.02925483,  0.10413832,  0.45322274,  0.06870034, -0.40839043,
       -0.38698862,  0.02535085,  0.16997489, -0.36658079,  0.00810093,
        0.11333371,  0.1130635 ,  0.1727033 ,  0.18913469, -0.06415238,
        0.53415686, -0.06643315,  0.01092173,  0.43199618,  0.01911396,
       -0.19221447, -0.02017201,  0.49705013, -0.14910774, -0.25149798,
        0.01539995,  0.49619216,  0.04874785, -0.31058879,  0.26295854,
        0.00137394,  0.06149167, -0.20161387, -0.09377526,  0.45545977,
       -0.08886693, -0.38507975, -0.03907313, -0.01277562, -0.12349885,
       -0.24211449,  0.1105011 ,  0.35586254, -0.05259552]) 

Generation: 176 
 - Generation Avg Fit: 5095.783371420744 
 - Best Fitness: 6289.265273875785 
 - Worst Fitness: 0.0
 - Best Solution: array([-2.61764600e-01, -2.61697677e-01, -1.27769075e-02, -3.25623348e-01,
        2.96538772e-01, -3.94405303e-01,  1.66228818e-01, -3.52563270e-02,
       -1.51109881e-01,  7.58608381e-02,  2.95530770e-02, -1.48217221e-01,
        1.33764053e-01,  4.62767176e-02,  1.00397775e-01, -6.61712253e-02,
       -1.67362940e-01,  9.41874663e-02,  1.87280461e-01,  1.63849117e-01,
        5.96649309e-03,  1.38044054e-01,  4.41615869e-01,  6.59689491e-02,
       -3.97881469e-01, -3.90622675e-01,  4.70198131e-03,  1.70752281e-01,
       -3.50006912e-01,  3.75514372e-02,  8.99015118e-02,  1.15144030e-01,
        1.97159908e-01,  1.86339320e-01, -5.65541391e-02,  5.33371393e-01,
       -8.36641766e-02,  5.27638085e-04,  4.20377671e-01, -2.53507597e-02,
       -2.09173561e-01,  4.11338602e-02,  4.61382330e-01, -1.34494144e-01,
       -2.59042406e-01,  4.68409398e-02,  5.00448829e-01,  3.92923363e-02,
       -2.98814793e-01,  2.59432424e-01, -6.01869560e-03,  7.12734859e-02,
       -2.29736144e-01, -1.57556172e-01,  4.69934282e-01, -7.60768537e-02,
       -3.93695097e-01, -7.15802466e-02, -1.63952151e-02, -1.10978260e-01,
       -2.55734778e-01,  9.75740262e-02,  3.89319601e-01, -5.55414277e-02]) 

Generation: 177 
 - Generation Avg Fit: 4790.630607930073 
 - Best Fitness: 6289.265273875785 
 - Worst Fitness: 0.0
 - Best Solution: array([-0.23859763, -0.24233195, -0.0090215 , -0.31293434,  0.32001249,
       -0.4022345 ,  0.14818052, -0.0322838 , -0.15225649,  0.05403162,
        0.01931574, -0.1597739 ,  0.12913731,  0.06409309,  0.13217081,
       -0.07917327, -0.15329761,  0.07505362,  0.17984416,  0.13752523,
        0.02925483,  0.10413832,  0.45322274,  0.06870034, -0.40839043,
       -0.38698862,  0.02535085,  0.16997489, -0.36658079,  0.00810093,
        0.11333371,  0.1130635 ,  0.1727033 ,  0.18913469, -0.06415238,
        0.53415686, -0.06643315,  0.01092173,  0.43199618,  0.01911396,
       -0.19221447, -0.02017201,  0.49705013, -0.14910774, -0.25149798,
        0.01539995,  0.49619216,  0.04874785, -0.31058879,  0.26295854,
        0.00137394,  0.06149167, -0.20161387, -0.09377526,  0.45545977,
       -0.08886693, -0.38507975, -0.03907313, -0.01277562, -0.12349885,
       -0.24211449,  0.1105011 ,  0.35586254, -0.05259552]) 

Generation: 178 
 - Generation Avg Fit: 4646.304376124894 
 - Best Fitness: 6289.265273875785 
 - Worst Fitness: 0.0
 - Best Solution: array([-2.61764600e-01, -2.61697677e-01, -1.27769075e-02, -3.25623348e-01,
        2.96538772e-01, -3.94405303e-01,  1.66228818e-01, -3.52563270e-02,
       -1.51109881e-01,  7.58608381e-02,  2.95530770e-02, -1.48217221e-01,
        1.33764053e-01,  4.62767176e-02,  1.00397775e-01, -6.61712253e-02,
       -1.67362940e-01,  9.41874663e-02,  1.87280461e-01,  1.63849117e-01,
        5.96649309e-03,  1.38044054e-01,  4.41615869e-01,  6.59689491e-02,
       -3.97881469e-01, -3.90622675e-01,  4.70198131e-03,  1.70752281e-01,
       -3.50006912e-01,  3.75514372e-02,  8.99015118e-02,  1.15144030e-01,
        1.97159908e-01,  1.86339320e-01, -5.65541391e-02,  5.33371393e-01,
       -8.36641766e-02,  5.27638085e-04,  4.20377671e-01, -2.53507597e-02,
       -2.09173561e-01,  4.11338602e-02,  4.61382330e-01, -1.34494144e-01,
       -2.59042406e-01,  4.68409398e-02,  5.00448829e-01,  3.92923363e-02,
       -2.98814793e-01,  2.59432424e-01, -6.01869560e-03,  7.12734859e-02,
       -2.29736144e-01, -1.57556172e-01,  4.69934282e-01, -7.60768537e-02,
       -3.93695097e-01, -7.15802466e-02, -1.63952151e-02, -1.10978260e-01,
       -2.55734778e-01,  9.75740262e-02,  3.89319601e-01, -5.55414277e-02]) 

Generation: 179 
 - Generation Avg Fit: 4612.170301753135 
 - Best Fitness: 6289.265273875785 
 - Worst Fitness: 0.0
 - Best Solution: array([-2.61764600e-01, -2.61697677e-01, -1.27769075e-02, -3.25623348e-01,
        2.96538772e-01, -3.94405303e-01,  1.66228818e-01, -3.52563270e-02,
       -1.51109881e-01,  7.58608381e-02,  2.95530770e-02, -1.48217221e-01,
        1.33764053e-01,  4.62767176e-02,  1.00397775e-01, -6.61712253e-02,
       -1.67362940e-01,  9.41874663e-02,  1.87280461e-01,  1.63849117e-01,
        5.96649309e-03,  1.38044054e-01,  4.41615869e-01,  6.59689491e-02,
       -3.97881469e-01, -3.90622675e-01,  4.70198131e-03,  1.70752281e-01,
       -3.50006912e-01,  3.75514372e-02,  8.99015118e-02,  1.15144030e-01,
        1.97159908e-01,  1.86339320e-01, -5.65541391e-02,  5.33371393e-01,
       -8.36641766e-02,  5.27638085e-04,  4.20377671e-01, -2.53507597e-02,
       -2.09173561e-01,  4.11338602e-02,  4.61382330e-01, -1.34494144e-01,
       -2.59042406e-01,  4.68409398e-02,  5.00448829e-01,  3.92923363e-02,
       -2.98814793e-01,  2.59432424e-01, -6.01869560e-03,  7.12734859e-02,
       -2.29736144e-01, -1.57556172e-01,  4.69934282e-01, -7.60768537e-02,
       -3.93695097e-01, -7.15802466e-02, -1.63952151e-02, -1.10978260e-01,
       -2.55734778e-01,  9.75740262e-02,  3.89319601e-01, -5.55414277e-02]) 

Generation: 180 
 - Generation Avg Fit: 4671.413131890459 
 - Best Fitness: 6325.436778465436 
 - Worst Fitness: 0.0
 - Best Solution: array([-0.2617646 , -0.24745044, -0.00076729, -0.31293434,  0.30274517,
       -0.39139144,  0.15665356, -0.02600919, -0.14606038,  0.08172594,
        0.0235725 , -0.15517984,  0.13192122,  0.06674343,  0.10128726,
       -0.08085858, -0.15329761,  0.07505362,  0.19202824,  0.13752523,
        0.02925483,  0.09785534,  0.44877168,  0.06596895, -0.40839043,
       -0.39531103,  0.02520671,  0.17416113, -0.35216465,  0.00484446,
        0.11065213,  0.11040917,  0.17577716,  0.19369169, -0.06415238,
        0.53011598, -0.06489628,  0.01092173,  0.43657571,  0.01911396,
       -0.18715916, -0.02017201,  0.49705013, -0.14910774, -0.25149798,
        0.01153143,  0.49392762,  0.051416  , -0.31246215,  0.26294819,
       -0.01005034,  0.06149167, -0.20210148, -0.08706777,  0.46422785,
       -0.09759176, -0.38645217, -0.04608503, -0.01306353, -0.11649893,
       -0.22937062,  0.10091942,  0.36516926, -0.05259552]) 

Generation: 181 
 - Generation Avg Fit: 4797.774948915528 
 - Best Fitness: 6325.436778465436 
 - Worst Fitness: 0.0
 - Best Solution: array([-2.61764600e-01, -2.61697677e-01, -1.27769075e-02, -3.25623348e-01,
        2.96538772e-01, -3.94405303e-01,  1.66228818e-01, -3.52563270e-02,
       -1.51109881e-01,  7.58608381e-02,  2.95530770e-02, -1.48217221e-01,
        1.33764053e-01,  4.62767176e-02,  1.00397775e-01, -6.61712253e-02,
       -1.67362940e-01,  9.41874663e-02,  1.87280461e-01,  1.63849117e-01,
        5.96649309e-03,  1.38044054e-01,  4.41615869e-01,  6.59689491e-02,
       -3.97881469e-01, -3.90622675e-01,  4.70198131e-03,  1.70752281e-01,
       -3.50006912e-01,  3.75514372e-02,  8.99015118e-02,  1.15144030e-01,
        1.97159908e-01,  1.86339320e-01, -5.65541391e-02,  5.33371393e-01,
       -8.36641766e-02,  5.27638085e-04,  4.20377671e-01, -2.53507597e-02,
       -2.09173561e-01,  4.11338602e-02,  4.61382330e-01, -1.34494144e-01,
       -2.59042406e-01,  4.68409398e-02,  5.00448829e-01,  3.92923363e-02,
       -2.98814793e-01,  2.59432424e-01, -6.01869560e-03,  7.12734859e-02,
       -2.29736144e-01, -1.57556172e-01,  4.69934282e-01, -7.60768537e-02,
       -3.93695097e-01, -7.15802466e-02, -1.63952151e-02, -1.10978260e-01,
       -2.55734778e-01,  9.75740262e-02,  3.89319601e-01, -5.55414277e-02]) 

Generation: 182 
 - Generation Avg Fit: 4999.259491279459 
 - Best Fitness: 6325.436778465436 
 - Worst Fitness: 0.0
 - Best Solution: array([-0.2617646 , -0.24745044, -0.00076729, -0.31293434,  0.30274517,
       -0.39139144,  0.15665356, -0.02600919, -0.14606038,  0.08172594,
        0.0235725 , -0.15517984,  0.13192122,  0.06674343,  0.10128726,
       -0.08085858, -0.15329761,  0.07505362,  0.19202824,  0.13752523,
        0.02925483,  0.09785534,  0.44877168,  0.06596895, -0.40839043,
       -0.39531103,  0.02520671,  0.17416113, -0.35216465,  0.00484446,
        0.11065213,  0.11040917,  0.17577716,  0.19369169, -0.06415238,
        0.53011598, -0.06489628,  0.01092173,  0.43657571,  0.01911396,
       -0.18715916, -0.02017201,  0.49705013, -0.14910774, -0.25149798,
        0.01153143,  0.49392762,  0.051416  , -0.31246215,  0.26294819,
       -0.01005034,  0.06149167, -0.20210148, -0.08706777,  0.46422785,
       -0.09759176, -0.38645217, -0.04608503, -0.01306353, -0.11649893,
       -0.22937062,  0.10091942,  0.36516926, -0.05259552]) 

Generation: 183 
 - Generation Avg Fit: 5021.103856817557 
 - Best Fitness: 6325.436778465436 
 - Worst Fitness: 0.0
 - Best Solution: array([-0.2617646 , -0.24745044, -0.00076729, -0.31293434,  0.30274517,
       -0.39139144,  0.15665356, -0.02600919, -0.14606038,  0.08172594,
        0.0235725 , -0.15517984,  0.13192122,  0.06674343,  0.10128726,
       -0.08085858, -0.15329761,  0.07505362,  0.19202824,  0.13752523,
        0.02925483,  0.09785534,  0.44877168,  0.06596895, -0.40839043,
       -0.39531103,  0.02520671,  0.17416113, -0.35216465,  0.00484446,
        0.11065213,  0.11040917,  0.17577716,  0.19369169, -0.06415238,
        0.53011598, -0.06489628,  0.01092173,  0.43657571,  0.01911396,
       -0.18715916, -0.02017201,  0.49705013, -0.14910774, -0.25149798,
        0.01153143,  0.49392762,  0.051416  , -0.31246215,  0.26294819,
       -0.01005034,  0.06149167, -0.20210148, -0.08706777,  0.46422785,
       -0.09759176, -0.38645217, -0.04608503, -0.01306353, -0.11649893,
       -0.22937062,  0.10091942,  0.36516926, -0.05259552]) 

Generation: 184 
 - Generation Avg Fit: 4769.954301883802 
 - Best Fitness: 6325.436778465436 
 - Worst Fitness: 0.0
 - Best Solution: array([-0.2617646 , -0.24745044, -0.00076729, -0.31293434,  0.30274517,
       -0.39139144,  0.15665356, -0.02600919, -0.14606038,  0.08172594,
        0.0235725 , -0.15517984,  0.13192122,  0.06674343,  0.10128726,
       -0.08085858, -0.15329761,  0.07505362,  0.19202824,  0.13752523,
        0.02925483,  0.09785534,  0.44877168,  0.06596895, -0.40839043,
       -0.39531103,  0.02520671,  0.17416113, -0.35216465,  0.00484446,
        0.11065213,  0.11040917,  0.17577716,  0.19369169, -0.06415238,
        0.53011598, -0.06489628,  0.01092173,  0.43657571,  0.01911396,
       -0.18715916, -0.02017201,  0.49705013, -0.14910774, -0.25149798,
        0.01153143,  0.49392762,  0.051416  , -0.31246215,  0.26294819,
       -0.01005034,  0.06149167, -0.20210148, -0.08706777,  0.46422785,
       -0.09759176, -0.38645217, -0.04608503, -0.01306353, -0.11649893,
       -0.22937062,  0.10091942,  0.36516926, -0.05259552]) 

Generation: 185 
 - Generation Avg Fit: 4828.897993414303 
 - Best Fitness: 6325.436778465436 
 - Worst Fitness: 0.0
 - Best Solution: array([-0.2617646 , -0.24745044, -0.00076729, -0.31293434,  0.30274517,
       -0.39139144,  0.15665356, -0.02600919, -0.14606038,  0.08172594,
        0.0235725 , -0.15517984,  0.13192122,  0.06674343,  0.10128726,
       -0.08085858, -0.15329761,  0.07505362,  0.19202824,  0.13752523,
        0.02925483,  0.09785534,  0.44877168,  0.06596895, -0.40839043,
       -0.39531103,  0.02520671,  0.17416113, -0.35216465,  0.00484446,
        0.11065213,  0.11040917,  0.17577716,  0.19369169, -0.06415238,
        0.53011598, -0.06489628,  0.01092173,  0.43657571,  0.01911396,
       -0.18715916, -0.02017201,  0.49705013, -0.14910774, -0.25149798,
        0.01153143,  0.49392762,  0.051416  , -0.31246215,  0.26294819,
       -0.01005034,  0.06149167, -0.20210148, -0.08706777,  0.46422785,
       -0.09759176, -0.38645217, -0.04608503, -0.01306353, -0.11649893,
       -0.22937062,  0.10091942,  0.36516926, -0.05259552]) 

Generation: 186 
 - Generation Avg Fit: 4694.796940677683 
 - Best Fitness: 6325.436778465436 
 - Worst Fitness: 0.0
 - Best Solution: array([-0.2617646 , -0.24745044, -0.00076729, -0.31293434,  0.30274517,
       -0.39139144,  0.15665356, -0.02600919, -0.14606038,  0.08172594,
        0.0235725 , -0.15517984,  0.13192122,  0.06674343,  0.10128726,
       -0.08085858, -0.15329761,  0.07505362,  0.19202824,  0.13752523,
        0.02925483,  0.09785534,  0.44877168,  0.06596895, -0.40839043,
       -0.39531103,  0.02520671,  0.17416113, -0.35216465,  0.00484446,
        0.11065213,  0.11040917,  0.17577716,  0.19369169, -0.06415238,
        0.53011598, -0.06489628,  0.01092173,  0.43657571,  0.01911396,
       -0.18715916, -0.02017201,  0.49705013, -0.14910774, -0.25149798,
        0.01153143,  0.49392762,  0.051416  , -0.31246215,  0.26294819,
       -0.01005034,  0.06149167, -0.20210148, -0.08706777,  0.46422785,
       -0.09759176, -0.38645217, -0.04608503, -0.01306353, -0.11649893,
       -0.22937062,  0.10091942,  0.36516926, -0.05259552]) 

Generation: 187 
 - Generation Avg Fit: 4762.815361329911 
 - Best Fitness: 6325.436778465436 
 - Worst Fitness: 0.0
 - Best Solution: array([-0.2617646 , -0.24745044, -0.00076729, -0.31293434,  0.30274517,
       -0.39139144,  0.15665356, -0.02600919, -0.14606038,  0.08172594,
        0.0235725 , -0.15517984,  0.13192122,  0.06674343,  0.10128726,
       -0.08085858, -0.15329761,  0.07505362,  0.19202824,  0.13752523,
        0.02925483,  0.09785534,  0.44877168,  0.06596895, -0.40839043,
       -0.39531103,  0.02520671,  0.17416113, -0.35216465,  0.00484446,
        0.11065213,  0.11040917,  0.17577716,  0.19369169, -0.06415238,
        0.53011598, -0.06489628,  0.01092173,  0.43657571,  0.01911396,
       -0.18715916, -0.02017201,  0.49705013, -0.14910774, -0.25149798,
        0.01153143,  0.49392762,  0.051416  , -0.31246215,  0.26294819,
       -0.01005034,  0.06149167, -0.20210148, -0.08706777,  0.46422785,
       -0.09759176, -0.38645217, -0.04608503, -0.01306353, -0.11649893,
       -0.22937062,  0.10091942,  0.36516926, -0.05259552]) 

Generation: 188 
 - Generation Avg Fit: 4583.2445469372 
 - Best Fitness: 6325.436778465436 
 - Worst Fitness: 0.0
 - Best Solution: array([-0.2617646 , -0.24745044, -0.00076729, -0.31293434,  0.30274517,
       -0.39139144,  0.15665356, -0.02600919, -0.14606038,  0.08172594,
        0.0235725 , -0.15517984,  0.13192122,  0.06674343,  0.10128726,
       -0.08085858, -0.15329761,  0.07505362,  0.19202824,  0.13752523,
        0.02925483,  0.09785534,  0.44877168,  0.06596895, -0.40839043,
       -0.39531103,  0.02520671,  0.17416113, -0.35216465,  0.00484446,
        0.11065213,  0.11040917,  0.17577716,  0.19369169, -0.06415238,
        0.53011598, -0.06489628,  0.01092173,  0.43657571,  0.01911396,
       -0.18715916, -0.02017201,  0.49705013, -0.14910774, -0.25149798,
        0.01153143,  0.49392762,  0.051416  , -0.31246215,  0.26294819,
       -0.01005034,  0.06149167, -0.20210148, -0.08706777,  0.46422785,
       -0.09759176, -0.38645217, -0.04608503, -0.01306353, -0.11649893,
       -0.22937062,  0.10091942,  0.36516926, -0.05259552]) 

Generation: 189 
 - Generation Avg Fit: 4773.078456743769 
 - Best Fitness: 6325.436778465436 
 - Worst Fitness: 0.0
 - Best Solution: array([-0.2617646 , -0.24745044, -0.00076729, -0.31293434,  0.30274517,
       -0.39139144,  0.15665356, -0.02600919, -0.14606038,  0.08172594,
        0.0235725 , -0.15517984,  0.13192122,  0.06674343,  0.10128726,
       -0.08085858, -0.15329761,  0.07505362,  0.19202824,  0.13752523,
        0.02925483,  0.09785534,  0.44877168,  0.06596895, -0.40839043,
       -0.39531103,  0.02520671,  0.17416113, -0.35216465,  0.00484446,
        0.11065213,  0.11040917,  0.17577716,  0.19369169, -0.06415238,
        0.53011598, -0.06489628,  0.01092173,  0.43657571,  0.01911396,
       -0.18715916, -0.02017201,  0.49705013, -0.14910774, -0.25149798,
        0.01153143,  0.49392762,  0.051416  , -0.31246215,  0.26294819,
       -0.01005034,  0.06149167, -0.20210148, -0.08706777,  0.46422785,
       -0.09759176, -0.38645217, -0.04608503, -0.01306353, -0.11649893,
       -0.22937062,  0.10091942,  0.36516926, -0.05259552]) 

Generation: 190 
 - Generation Avg Fit: 4515.414678485433 
 - Best Fitness: 6325.436778465436 
 - Worst Fitness: 0.0
 - Best Solution: array([-0.2617646 , -0.24745044, -0.00076729, -0.31293434,  0.30274517,
       -0.39139144,  0.15665356, -0.02600919, -0.14606038,  0.08172594,
        0.0235725 , -0.15517984,  0.13192122,  0.06674343,  0.10128726,
       -0.08085858, -0.15329761,  0.07505362,  0.19202824,  0.13752523,
        0.02925483,  0.09785534,  0.44877168,  0.06596895, -0.40839043,
       -0.39531103,  0.02520671,  0.17416113, -0.35216465,  0.00484446,
        0.11065213,  0.11040917,  0.17577716,  0.19369169, -0.06415238,
        0.53011598, -0.06489628,  0.01092173,  0.43657571,  0.01911396,
       -0.18715916, -0.02017201,  0.49705013, -0.14910774, -0.25149798,
        0.01153143,  0.49392762,  0.051416  , -0.31246215,  0.26294819,
       -0.01005034,  0.06149167, -0.20210148, -0.08706777,  0.46422785,
       -0.09759176, -0.38645217, -0.04608503, -0.01306353, -0.11649893,
       -0.22937062,  0.10091942,  0.36516926, -0.05259552]) 

Generation: 191 
 - Generation Avg Fit: 4703.167220493738 
 - Best Fitness: 6325.436778465436 
 - Worst Fitness: 0.0
 - Best Solution: array([-0.2617646 , -0.24745044, -0.00076729, -0.31293434,  0.30274517,
       -0.39139144,  0.15665356, -0.02600919, -0.14606038,  0.08172594,
        0.0235725 , -0.15517984,  0.13192122,  0.06674343,  0.10128726,
       -0.08085858, -0.15329761,  0.07505362,  0.19202824,  0.13752523,
        0.02925483,  0.09785534,  0.44877168,  0.06596895, -0.40839043,
       -0.39531103,  0.02520671,  0.17416113, -0.35216465,  0.00484446,
        0.11065213,  0.11040917,  0.17577716,  0.19369169, -0.06415238,
        0.53011598, -0.06489628,  0.01092173,  0.43657571,  0.01911396,
       -0.18715916, -0.02017201,  0.49705013, -0.14910774, -0.25149798,
        0.01153143,  0.49392762,  0.051416  , -0.31246215,  0.26294819,
       -0.01005034,  0.06149167, -0.20210148, -0.08706777,  0.46422785,
       -0.09759176, -0.38645217, -0.04608503, -0.01306353, -0.11649893,
       -0.22937062,  0.10091942,  0.36516926, -0.05259552]) 

Generation: 192 
 - Generation Avg Fit: 4804.250791668822 
 - Best Fitness: 6325.436778465436 
 - Worst Fitness: 0.0
 - Best Solution: array([-0.2617646 , -0.24745044, -0.00076729, -0.31293434,  0.30274517,
       -0.39139144,  0.15665356, -0.02600919, -0.14606038,  0.08172594,
        0.0235725 , -0.15517984,  0.13192122,  0.06674343,  0.10128726,
       -0.08085858, -0.15329761,  0.07505362,  0.19202824,  0.13752523,
        0.02925483,  0.09785534,  0.44877168,  0.06596895, -0.40839043,
       -0.39531103,  0.02520671,  0.17416113, -0.35216465,  0.00484446,
        0.11065213,  0.11040917,  0.17577716,  0.19369169, -0.06415238,
        0.53011598, -0.06489628,  0.01092173,  0.43657571,  0.01911396,
       -0.18715916, -0.02017201,  0.49705013, -0.14910774, -0.25149798,
        0.01153143,  0.49392762,  0.051416  , -0.31246215,  0.26294819,
       -0.01005034,  0.06149167, -0.20210148, -0.08706777,  0.46422785,
       -0.09759176, -0.38645217, -0.04608503, -0.01306353, -0.11649893,
       -0.22937062,  0.10091942,  0.36516926, -0.05259552]) 

Generation: 193 
 - Generation Avg Fit: 4594.104576486689 
 - Best Fitness: 6325.436778465436 
 - Worst Fitness: 0.0
 - Best Solution: array([-0.2617646 , -0.24745044, -0.00076729, -0.31293434,  0.30274517,
       -0.39139144,  0.15665356, -0.02600919, -0.14606038,  0.08172594,
        0.0235725 , -0.15517984,  0.13192122,  0.06674343,  0.10128726,
       -0.08085858, -0.15329761,  0.07505362,  0.19202824,  0.13752523,
        0.02925483,  0.09785534,  0.44877168,  0.06596895, -0.40839043,
       -0.39531103,  0.02520671,  0.17416113, -0.35216465,  0.00484446,
        0.11065213,  0.11040917,  0.17577716,  0.19369169, -0.06415238,
        0.53011598, -0.06489628,  0.01092173,  0.43657571,  0.01911396,
       -0.18715916, -0.02017201,  0.49705013, -0.14910774, -0.25149798,
        0.01153143,  0.49392762,  0.051416  , -0.31246215,  0.26294819,
       -0.01005034,  0.06149167, -0.20210148, -0.08706777,  0.46422785,
       -0.09759176, -0.38645217, -0.04608503, -0.01306353, -0.11649893,
       -0.22937062,  0.10091942,  0.36516926, -0.05259552]) 

Generation: 194 
 - Generation Avg Fit: 4551.273573861636 
 - Best Fitness: 6325.436778465436 
 - Worst Fitness: 0.0
 - Best Solution: array([-0.2617646 , -0.24745044, -0.00076729, -0.31293434,  0.30274517,
       -0.39139144,  0.15665356, -0.02600919, -0.14606038,  0.08172594,
        0.0235725 , -0.15517984,  0.13192122,  0.06674343,  0.10128726,
       -0.08085858, -0.15329761,  0.07505362,  0.19202824,  0.13752523,
        0.02925483,  0.09785534,  0.44877168,  0.06596895, -0.40839043,
       -0.39531103,  0.02520671,  0.17416113, -0.35216465,  0.00484446,
        0.11065213,  0.11040917,  0.17577716,  0.19369169, -0.06415238,
        0.53011598, -0.06489628,  0.01092173,  0.43657571,  0.01911396,
       -0.18715916, -0.02017201,  0.49705013, -0.14910774, -0.25149798,
        0.01153143,  0.49392762,  0.051416  , -0.31246215,  0.26294819,
       -0.01005034,  0.06149167, -0.20210148, -0.08706777,  0.46422785,
       -0.09759176, -0.38645217, -0.04608503, -0.01306353, -0.11649893,
       -0.22937062,  0.10091942,  0.36516926, -0.05259552]) 

Generation: 195 
 - Generation Avg Fit: 4730.978588833231 
 - Best Fitness: 6325.436778465436 
 - Worst Fitness: 0.0
 - Best Solution: array([-0.2617646 , -0.24745044, -0.00076729, -0.31293434,  0.30274517,
       -0.39139144,  0.15665356, -0.02600919, -0.14606038,  0.08172594,
        0.0235725 , -0.15517984,  0.13192122,  0.06674343,  0.10128726,
       -0.08085858, -0.15329761,  0.07505362,  0.19202824,  0.13752523,
        0.02925483,  0.09785534,  0.44877168,  0.06596895, -0.40839043,
       -0.39531103,  0.02520671,  0.17416113, -0.35216465,  0.00484446,
        0.11065213,  0.11040917,  0.17577716,  0.19369169, -0.06415238,
        0.53011598, -0.06489628,  0.01092173,  0.43657571,  0.01911396,
       -0.18715916, -0.02017201,  0.49705013, -0.14910774, -0.25149798,
        0.01153143,  0.49392762,  0.051416  , -0.31246215,  0.26294819,
       -0.01005034,  0.06149167, -0.20210148, -0.08706777,  0.46422785,
       -0.09759176, -0.38645217, -0.04608503, -0.01306353, -0.11649893,
       -0.22937062,  0.10091942,  0.36516926, -0.05259552]) 

Generation: 196 
 - Generation Avg Fit: 4595.177661522168 
 - Best Fitness: 6325.436778465436 
 - Worst Fitness: 0.0
 - Best Solution: array([-0.2617646 , -0.24745044, -0.00076729, -0.31293434,  0.30274517,
       -0.39139144,  0.15665356, -0.02600919, -0.14606038,  0.08172594,
        0.0235725 , -0.15517984,  0.13192122,  0.06674343,  0.10128726,
       -0.08085858, -0.15329761,  0.07505362,  0.19202824,  0.13752523,
        0.02925483,  0.09785534,  0.44877168,  0.06596895, -0.40839043,
       -0.39531103,  0.02520671,  0.17416113, -0.35216465,  0.00484446,
        0.11065213,  0.11040917,  0.17577716,  0.19369169, -0.06415238,
        0.53011598, -0.06489628,  0.01092173,  0.43657571,  0.01911396,
       -0.18715916, -0.02017201,  0.49705013, -0.14910774, -0.25149798,
        0.01153143,  0.49392762,  0.051416  , -0.31246215,  0.26294819,
       -0.01005034,  0.06149167, -0.20210148, -0.08706777,  0.46422785,
       -0.09759176, -0.38645217, -0.04608503, -0.01306353, -0.11649893,
       -0.22937062,  0.10091942,  0.36516926, -0.05259552]) 

Generation: 197 
 - Generation Avg Fit: 4625.6256924584495 
 - Best Fitness: 6325.436778465436 
 - Worst Fitness: 0.0
 - Best Solution: array([-0.2617646 , -0.24745044, -0.00076729, -0.31293434,  0.30274517,
       -0.39139144,  0.15665356, -0.02600919, -0.14606038,  0.08172594,
        0.0235725 , -0.15517984,  0.13192122,  0.06674343,  0.10128726,
       -0.08085858, -0.15329761,  0.07505362,  0.19202824,  0.13752523,
        0.02925483,  0.09785534,  0.44877168,  0.06596895, -0.40839043,
       -0.39531103,  0.02520671,  0.17416113, -0.35216465,  0.00484446,
        0.11065213,  0.11040917,  0.17577716,  0.19369169, -0.06415238,
        0.53011598, -0.06489628,  0.01092173,  0.43657571,  0.01911396,
       -0.18715916, -0.02017201,  0.49705013, -0.14910774, -0.25149798,
        0.01153143,  0.49392762,  0.051416  , -0.31246215,  0.26294819,
       -0.01005034,  0.06149167, -0.20210148, -0.08706777,  0.46422785,
       -0.09759176, -0.38645217, -0.04608503, -0.01306353, -0.11649893,
       -0.22937062,  0.10091942,  0.36516926, -0.05259552]) 

Generation: 198 
 - Generation Avg Fit: 4459.456838547449 
 - Best Fitness: 6325.436778465436 
 - Worst Fitness: 0.0
 - Best Solution: array([-0.2617646 , -0.24745044, -0.00076729, -0.31293434,  0.30274517,
       -0.39139144,  0.15665356, -0.02600919, -0.14606038,  0.08172594,
        0.0235725 , -0.15517984,  0.13192122,  0.06674343,  0.10128726,
       -0.08085858, -0.15329761,  0.07505362,  0.19202824,  0.13752523,
        0.02925483,  0.09785534,  0.44877168,  0.06596895, -0.40839043,
       -0.39531103,  0.02520671,  0.17416113, -0.35216465,  0.00484446,
        0.11065213,  0.11040917,  0.17577716,  0.19369169, -0.06415238,
        0.53011598, -0.06489628,  0.01092173,  0.43657571,  0.01911396,
       -0.18715916, -0.02017201,  0.49705013, -0.14910774, -0.25149798,
        0.01153143,  0.49392762,  0.051416  , -0.31246215,  0.26294819,
       -0.01005034,  0.06149167, -0.20210148, -0.08706777,  0.46422785,
       -0.09759176, -0.38645217, -0.04608503, -0.01306353, -0.11649893,
       -0.22937062,  0.10091942,  0.36516926, -0.05259552]) 

Generation: 199 
 - Generation Avg Fit: 4582.773369283074 
 - Best Fitness: 6325.436778465436 
 - Worst Fitness: 0.0
 - Best Solution: array([-0.2617646 , -0.24745044, -0.00076729, -0.31293434,  0.30274517,
       -0.39139144,  0.15665356, -0.02600919, -0.14606038,  0.08172594,
        0.0235725 , -0.15517984,  0.13192122,  0.06674343,  0.10128726,
       -0.08085858, -0.15329761,  0.07505362,  0.19202824,  0.13752523,
        0.02925483,  0.09785534,  0.44877168,  0.06596895, -0.40839043,
       -0.39531103,  0.02520671,  0.17416113, -0.35216465,  0.00484446,
        0.11065213,  0.11040917,  0.17577716,  0.19369169, -0.06415238,
        0.53011598, -0.06489628,  0.01092173,  0.43657571,  0.01911396,
       -0.18715916, -0.02017201,  0.49705013, -0.14910774, -0.25149798,
        0.01153143,  0.49392762,  0.051416  , -0.31246215,  0.26294819,
       -0.01005034,  0.06149167, -0.20210148, -0.08706777,  0.46422785,
       -0.09759176, -0.38645217, -0.04608503, -0.01306353, -0.11649893,
       -0.22937062,  0.10091942,  0.36516926, -0.05259552]) 

Generation: 200 
 - Generation Avg Fit: 4668.663758077801 
 - Best Fitness: 6325.436778465436 
 - Worst Fitness: 0.0
 - Best Solution: array([-0.2617646 , -0.24745044, -0.00076729, -0.31293434,  0.30274517,
       -0.39139144,  0.15665356, -0.02600919, -0.14606038,  0.08172594,
        0.0235725 , -0.15517984,  0.13192122,  0.06674343,  0.10128726,
       -0.08085858, -0.15329761,  0.07505362,  0.19202824,  0.13752523,
        0.02925483,  0.09785534,  0.44877168,  0.06596895, -0.40839043,
       -0.39531103,  0.02520671,  0.17416113, -0.35216465,  0.00484446,
        0.11065213,  0.11040917,  0.17577716,  0.19369169, -0.06415238,
        0.53011598, -0.06489628,  0.01092173,  0.43657571,  0.01911396,
       -0.18715916, -0.02017201,  0.49705013, -0.14910774, -0.25149798,
        0.01153143,  0.49392762,  0.051416  , -0.31246215,  0.26294819,
       -0.01005034,  0.06149167, -0.20210148, -0.08706777,  0.46422785,
       -0.09759176, -0.38645217, -0.04608503, -0.01306353, -0.11649893,
       -0.22937062,  0.10091942,  0.36516926, -0.05259552]) 

Generation: 201 
 - Generation Avg Fit: 4879.648857946531 
 - Best Fitness: 6325.436778465436 
 - Worst Fitness: 0.0
 - Best Solution: array([-0.2617646 , -0.24745044, -0.00076729, -0.31293434,  0.30274517,
       -0.39139144,  0.15665356, -0.02600919, -0.14606038,  0.08172594,
        0.0235725 , -0.15517984,  0.13192122,  0.06674343,  0.10128726,
       -0.08085858, -0.15329761,  0.07505362,  0.19202824,  0.13752523,
        0.02925483,  0.09785534,  0.44877168,  0.06596895, -0.40839043,
       -0.39531103,  0.02520671,  0.17416113, -0.35216465,  0.00484446,
        0.11065213,  0.11040917,  0.17577716,  0.19369169, -0.06415238,
        0.53011598, -0.06489628,  0.01092173,  0.43657571,  0.01911396,
       -0.18715916, -0.02017201,  0.49705013, -0.14910774, -0.25149798,
        0.01153143,  0.49392762,  0.051416  , -0.31246215,  0.26294819,
       -0.01005034,  0.06149167, -0.20210148, -0.08706777,  0.46422785,
       -0.09759176, -0.38645217, -0.04608503, -0.01306353, -0.11649893,
       -0.22937062,  0.10091942,  0.36516926, -0.05259552]) 

Generation: 202 
 - Generation Avg Fit: 4590.273948536662 
 - Best Fitness: 6325.436778465436 
 - Worst Fitness: 0.0
 - Best Solution: array([-0.2617646 , -0.24745044, -0.00076729, -0.31293434,  0.30274517,
       -0.39139144,  0.15665356, -0.02600919, -0.14606038,  0.08172594,
        0.0235725 , -0.15517984,  0.13192122,  0.06674343,  0.10128726,
       -0.08085858, -0.15329761,  0.07505362,  0.19202824,  0.13752523,
        0.02925483,  0.09785534,  0.44877168,  0.06596895, -0.40839043,
       -0.39531103,  0.02520671,  0.17416113, -0.35216465,  0.00484446,
        0.11065213,  0.11040917,  0.17577716,  0.19369169, -0.06415238,
        0.53011598, -0.06489628,  0.01092173,  0.43657571,  0.01911396,
       -0.18715916, -0.02017201,  0.49705013, -0.14910774, -0.25149798,
        0.01153143,  0.49392762,  0.051416  , -0.31246215,  0.26294819,
       -0.01005034,  0.06149167, -0.20210148, -0.08706777,  0.46422785,
       -0.09759176, -0.38645217, -0.04608503, -0.01306353, -0.11649893,
       -0.22937062,  0.10091942,  0.36516926, -0.05259552]) 

Generation: 203 
 - Generation Avg Fit: 4668.448022451318 
 - Best Fitness: 6325.436778465436 
 - Worst Fitness: 0.0
 - Best Solution: array([-0.2617646 , -0.24745044, -0.00076729, -0.31293434,  0.30274517,
       -0.39139144,  0.15665356, -0.02600919, -0.14606038,  0.08172594,
        0.0235725 , -0.15517984,  0.13192122,  0.06674343,  0.10128726,
       -0.08085858, -0.15329761,  0.07505362,  0.19202824,  0.13752523,
        0.02925483,  0.09785534,  0.44877168,  0.06596895, -0.40839043,
       -0.39531103,  0.02520671,  0.17416113, -0.35216465,  0.00484446,
        0.11065213,  0.11040917,  0.17577716,  0.19369169, -0.06415238,
        0.53011598, -0.06489628,  0.01092173,  0.43657571,  0.01911396,
       -0.18715916, -0.02017201,  0.49705013, -0.14910774, -0.25149798,
        0.01153143,  0.49392762,  0.051416  , -0.31246215,  0.26294819,
       -0.01005034,  0.06149167, -0.20210148, -0.08706777,  0.46422785,
       -0.09759176, -0.38645217, -0.04608503, -0.01306353, -0.11649893,
       -0.22937062,  0.10091942,  0.36516926, -0.05259552]) 

Generation: 204 
 - Generation Avg Fit: 4654.1308321354745 
 - Best Fitness: 6325.436778465436 
 - Worst Fitness: 0.0
 - Best Solution: array([-0.2617646 , -0.24745044, -0.00076729, -0.31293434,  0.30274517,
       -0.39139144,  0.15665356, -0.02600919, -0.14606038,  0.08172594,
        0.0235725 , -0.15517984,  0.13192122,  0.06674343,  0.10128726,
       -0.08085858, -0.15329761,  0.07505362,  0.19202824,  0.13752523,
        0.02925483,  0.09785534,  0.44877168,  0.06596895, -0.40839043,
       -0.39531103,  0.02520671,  0.17416113, -0.35216465,  0.00484446,
        0.11065213,  0.11040917,  0.17577716,  0.19369169, -0.06415238,
        0.53011598, -0.06489628,  0.01092173,  0.43657571,  0.01911396,
       -0.18715916, -0.02017201,  0.49705013, -0.14910774, -0.25149798,
        0.01153143,  0.49392762,  0.051416  , -0.31246215,  0.26294819,
       -0.01005034,  0.06149167, -0.20210148, -0.08706777,  0.46422785,
       -0.09759176, -0.38645217, -0.04608503, -0.01306353, -0.11649893,
       -0.22937062,  0.10091942,  0.36516926, -0.05259552]) 

Generation: 205 
 - Generation Avg Fit: 4678.310772021049 
 - Best Fitness: 6325.436778465436 
 - Worst Fitness: 0.0
 - Best Solution: array([-0.2617646 , -0.24745044, -0.00076729, -0.31293434,  0.30274517,
       -0.39139144,  0.15665356, -0.02600919, -0.14606038,  0.08172594,
        0.0235725 , -0.15517984,  0.13192122,  0.06674343,  0.10128726,
       -0.08085858, -0.15329761,  0.07505362,  0.19202824,  0.13752523,
        0.02925483,  0.09785534,  0.44877168,  0.06596895, -0.40839043,
       -0.39531103,  0.02520671,  0.17416113, -0.35216465,  0.00484446,
        0.11065213,  0.11040917,  0.17577716,  0.19369169, -0.06415238,
        0.53011598, -0.06489628,  0.01092173,  0.43657571,  0.01911396,
       -0.18715916, -0.02017201,  0.49705013, -0.14910774, -0.25149798,
        0.01153143,  0.49392762,  0.051416  , -0.31246215,  0.26294819,
       -0.01005034,  0.06149167, -0.20210148, -0.08706777,  0.46422785,
       -0.09759176, -0.38645217, -0.04608503, -0.01306353, -0.11649893,
       -0.22937062,  0.10091942,  0.36516926, -0.05259552]) 

Generation: 206 
 - Generation Avg Fit: 4436.537340534625 
 - Best Fitness: 6325.436778465436 
 - Worst Fitness: 0.0
 - Best Solution: array([-0.2617646 , -0.24745044, -0.00076729, -0.31293434,  0.30274517,
       -0.39139144,  0.15665356, -0.02600919, -0.14606038,  0.08172594,
        0.0235725 , -0.15517984,  0.13192122,  0.06674343,  0.10128726,
       -0.08085858, -0.15329761,  0.07505362,  0.19202824,  0.13752523,
        0.02925483,  0.09785534,  0.44877168,  0.06596895, -0.40839043,
       -0.39531103,  0.02520671,  0.17416113, -0.35216465,  0.00484446,
        0.11065213,  0.11040917,  0.17577716,  0.19369169, -0.06415238,
        0.53011598, -0.06489628,  0.01092173,  0.43657571,  0.01911396,
       -0.18715916, -0.02017201,  0.49705013, -0.14910774, -0.25149798,
        0.01153143,  0.49392762,  0.051416  , -0.31246215,  0.26294819,
       -0.01005034,  0.06149167, -0.20210148, -0.08706777,  0.46422785,
       -0.09759176, -0.38645217, -0.04608503, -0.01306353, -0.11649893,
       -0.22937062,  0.10091942,  0.36516926, -0.05259552]) 

Generation: 207 
 - Generation Avg Fit: 4536.204845611346 
 - Best Fitness: 6325.436778465436 
 - Worst Fitness: 0.0
 - Best Solution: array([-0.2617646 , -0.24745044, -0.00076729, -0.31293434,  0.30274517,
       -0.39139144,  0.15665356, -0.02600919, -0.14606038,  0.08172594,
        0.0235725 , -0.15517984,  0.13192122,  0.06674343,  0.10128726,
       -0.08085858, -0.15329761,  0.07505362,  0.19202824,  0.13752523,
        0.02925483,  0.09785534,  0.44877168,  0.06596895, -0.40839043,
       -0.39531103,  0.02520671,  0.17416113, -0.35216465,  0.00484446,
        0.11065213,  0.11040917,  0.17577716,  0.19369169, -0.06415238,
        0.53011598, -0.06489628,  0.01092173,  0.43657571,  0.01911396,
       -0.18715916, -0.02017201,  0.49705013, -0.14910774, -0.25149798,
        0.01153143,  0.49392762,  0.051416  , -0.31246215,  0.26294819,
       -0.01005034,  0.06149167, -0.20210148, -0.08706777,  0.46422785,
       -0.09759176, -0.38645217, -0.04608503, -0.01306353, -0.11649893,
       -0.22937062,  0.10091942,  0.36516926, -0.05259552]) 

Generation: 208 
 - Generation Avg Fit: 4588.5732288085865 
 - Best Fitness: 6325.436778465436 
 - Worst Fitness: 0.0
 - Best Solution: array([-0.2617646 , -0.24745044, -0.00076729, -0.31293434,  0.30274517,
       -0.39139144,  0.15665356, -0.02600919, -0.14606038,  0.08172594,
        0.0235725 , -0.15517984,  0.13192122,  0.06674343,  0.10128726,
       -0.08085858, -0.15329761,  0.07505362,  0.19202824,  0.13752523,
        0.02925483,  0.09785534,  0.44877168,  0.06596895, -0.40839043,
       -0.39531103,  0.02520671,  0.17416113, -0.35216465,  0.00484446,
        0.11065213,  0.11040917,  0.17577716,  0.19369169, -0.06415238,
        0.53011598, -0.06489628,  0.01092173,  0.43657571,  0.01911396,
       -0.18715916, -0.02017201,  0.49705013, -0.14910774, -0.25149798,
        0.01153143,  0.49392762,  0.051416  , -0.31246215,  0.26294819,
       -0.01005034,  0.06149167, -0.20210148, -0.08706777,  0.46422785,
       -0.09759176, -0.38645217, -0.04608503, -0.01306353, -0.11649893,
       -0.22937062,  0.10091942,  0.36516926, -0.05259552]) 

Generation: 209 
 - Generation Avg Fit: 4687.668091908206 
 - Best Fitness: 6325.436778465436 
 - Worst Fitness: 0.0
 - Best Solution: array([-0.2617646 , -0.24745044, -0.00076729, -0.31293434,  0.30274517,
       -0.39139144,  0.15665356, -0.02600919, -0.14606038,  0.08172594,
        0.0235725 , -0.15517984,  0.13192122,  0.06674343,  0.10128726,
       -0.08085858, -0.15329761,  0.07505362,  0.19202824,  0.13752523,
        0.02925483,  0.09785534,  0.44877168,  0.06596895, -0.40839043,
       -0.39531103,  0.02520671,  0.17416113, -0.35216465,  0.00484446,
        0.11065213,  0.11040917,  0.17577716,  0.19369169, -0.06415238,
        0.53011598, -0.06489628,  0.01092173,  0.43657571,  0.01911396,
       -0.18715916, -0.02017201,  0.49705013, -0.14910774, -0.25149798,
        0.01153143,  0.49392762,  0.051416  , -0.31246215,  0.26294819,
       -0.01005034,  0.06149167, -0.20210148, -0.08706777,  0.46422785,
       -0.09759176, -0.38645217, -0.04608503, -0.01306353, -0.11649893,
       -0.22937062,  0.10091942,  0.36516926, -0.05259552]) 

Generation: 210 
 - Generation Avg Fit: 4966.3249044811455 
 - Best Fitness: 6325.436778465436 
 - Worst Fitness: 0.0
 - Best Solution: array([-0.2617646 , -0.24745044, -0.00076729, -0.31293434,  0.30274517,
       -0.39139144,  0.15665356, -0.02600919, -0.14606038,  0.08172594,
        0.0235725 , -0.15517984,  0.13192122,  0.06674343,  0.10128726,
       -0.08085858, -0.15329761,  0.07505362,  0.19202824,  0.13752523,
        0.02925483,  0.09785534,  0.44877168,  0.06596895, -0.40839043,
       -0.39531103,  0.02520671,  0.17416113, -0.35216465,  0.00484446,
        0.11065213,  0.11040917,  0.17577716,  0.19369169, -0.06415238,
        0.53011598, -0.06489628,  0.01092173,  0.43657571,  0.01911396,
       -0.18715916, -0.02017201,  0.49705013, -0.14910774, -0.25149798,
        0.01153143,  0.49392762,  0.051416  , -0.31246215,  0.26294819,
       -0.01005034,  0.06149167, -0.20210148, -0.08706777,  0.46422785,
       -0.09759176, -0.38645217, -0.04608503, -0.01306353, -0.11649893,
       -0.22937062,  0.10091942,  0.36516926, -0.05259552]) 

Generation: 211 
 - Generation Avg Fit: 4796.097064632302 
 - Best Fitness: 6325.436778465436 
 - Worst Fitness: 0.0
 - Best Solution: array([-0.2617646 , -0.24745044, -0.00076729, -0.31293434,  0.30274517,
       -0.39139144,  0.15665356, -0.02600919, -0.14606038,  0.08172594,
        0.0235725 , -0.15517984,  0.13192122,  0.06674343,  0.10128726,
       -0.08085858, -0.15329761,  0.07505362,  0.19202824,  0.13752523,
        0.02925483,  0.09785534,  0.44877168,  0.06596895, -0.40839043,
       -0.39531103,  0.02520671,  0.17416113, -0.35216465,  0.00484446,
        0.11065213,  0.11040917,  0.17577716,  0.19369169, -0.06415238,
        0.53011598, -0.06489628,  0.01092173,  0.43657571,  0.01911396,
       -0.18715916, -0.02017201,  0.49705013, -0.14910774, -0.25149798,
        0.01153143,  0.49392762,  0.051416  , -0.31246215,  0.26294819,
       -0.01005034,  0.06149167, -0.20210148, -0.08706777,  0.46422785,
       -0.09759176, -0.38645217, -0.04608503, -0.01306353, -0.11649893,
       -0.22937062,  0.10091942,  0.36516926, -0.05259552]) 

Generation: 212 
 - Generation Avg Fit: 4814.054707500124 
 - Best Fitness: 6325.436778465436 
 - Worst Fitness: 0.0
 - Best Solution: array([-0.2617646 , -0.24745044, -0.00076729, -0.31293434,  0.30274517,
       -0.39139144,  0.15665356, -0.02600919, -0.14606038,  0.08172594,
        0.0235725 , -0.15517984,  0.13192122,  0.06674343,  0.10128726,
       -0.08085858, -0.15329761,  0.07505362,  0.19202824,  0.13752523,
        0.02925483,  0.09785534,  0.44877168,  0.06596895, -0.40839043,
       -0.39531103,  0.02520671,  0.17416113, -0.35216465,  0.00484446,
        0.11065213,  0.11040917,  0.17577716,  0.19369169, -0.06415238,
        0.53011598, -0.06489628,  0.01092173,  0.43657571,  0.01911396,
       -0.18715916, -0.02017201,  0.49705013, -0.14910774, -0.25149798,
        0.01153143,  0.49392762,  0.051416  , -0.31246215,  0.26294819,
       -0.01005034,  0.06149167, -0.20210148, -0.08706777,  0.46422785,
       -0.09759176, -0.38645217, -0.04608503, -0.01306353, -0.11649893,
       -0.22937062,  0.10091942,  0.36516926, -0.05259552]) 

Generation: 213 
 - Generation Avg Fit: 4679.34351832389 
 - Best Fitness: 6325.436778465436 
 - Worst Fitness: 0.0
 - Best Solution: array([-0.2617646 , -0.24745044, -0.00076729, -0.31293434,  0.30274517,
       -0.39139144,  0.15665356, -0.02600919, -0.14606038,  0.08172594,
        0.0235725 , -0.15517984,  0.13192122,  0.06674343,  0.10128726,
       -0.08085858, -0.15329761,  0.07505362,  0.19202824,  0.13752523,
        0.02925483,  0.09785534,  0.44877168,  0.06596895, -0.40839043,
       -0.39531103,  0.02520671,  0.17416113, -0.35216465,  0.00484446,
        0.11065213,  0.11040917,  0.17577716,  0.19369169, -0.06415238,
        0.53011598, -0.06489628,  0.01092173,  0.43657571,  0.01911396,
       -0.18715916, -0.02017201,  0.49705013, -0.14910774, -0.25149798,
        0.01153143,  0.49392762,  0.051416  , -0.31246215,  0.26294819,
       -0.01005034,  0.06149167, -0.20210148, -0.08706777,  0.46422785,
       -0.09759176, -0.38645217, -0.04608503, -0.01306353, -0.11649893,
       -0.22937062,  0.10091942,  0.36516926, -0.05259552]) 

Generation: 214 
 - Generation Avg Fit: 4667.86020607614 
 - Best Fitness: 6325.436778465436 
 - Worst Fitness: 0.0
 - Best Solution: array([-0.2617646 , -0.24745044, -0.00076729, -0.31293434,  0.30274517,
       -0.39139144,  0.15665356, -0.02600919, -0.14606038,  0.08172594,
        0.0235725 , -0.15517984,  0.13192122,  0.06674343,  0.10128726,
       -0.08085858, -0.15329761,  0.07505362,  0.19202824,  0.13752523,
        0.02925483,  0.09785534,  0.44877168,  0.06596895, -0.40839043,
       -0.39531103,  0.02520671,  0.17416113, -0.35216465,  0.00484446,
        0.11065213,  0.11040917,  0.17577716,  0.19369169, -0.06415238,
        0.53011598, -0.06489628,  0.01092173,  0.43657571,  0.01911396,
       -0.18715916, -0.02017201,  0.49705013, -0.14910774, -0.25149798,
        0.01153143,  0.49392762,  0.051416  , -0.31246215,  0.26294819,
       -0.01005034,  0.06149167, -0.20210148, -0.08706777,  0.46422785,
       -0.09759176, -0.38645217, -0.04608503, -0.01306353, -0.11649893,
       -0.22937062,  0.10091942,  0.36516926, -0.05259552]) 

Generation: 215 
 - Generation Avg Fit: 4639.164492619493 
 - Best Fitness: 6325.436778465436 
 - Worst Fitness: 0.0
 - Best Solution: array([-0.2617646 , -0.24745044, -0.00076729, -0.31293434,  0.30274517,
       -0.39139144,  0.15665356, -0.02600919, -0.14606038,  0.08172594,
        0.0235725 , -0.15517984,  0.13192122,  0.06674343,  0.10128726,
       -0.08085858, -0.15329761,  0.07505362,  0.19202824,  0.13752523,
        0.02925483,  0.09785534,  0.44877168,  0.06596895, -0.40839043,
       -0.39531103,  0.02520671,  0.17416113, -0.35216465,  0.00484446,
        0.11065213,  0.11040917,  0.17577716,  0.19369169, -0.06415238,
        0.53011598, -0.06489628,  0.01092173,  0.43657571,  0.01911396,
       -0.18715916, -0.02017201,  0.49705013, -0.14910774, -0.25149798,
        0.01153143,  0.49392762,  0.051416  , -0.31246215,  0.26294819,
       -0.01005034,  0.06149167, -0.20210148, -0.08706777,  0.46422785,
       -0.09759176, -0.38645217, -0.04608503, -0.01306353, -0.11649893,
       -0.22937062,  0.10091942,  0.36516926, -0.05259552]) 

Generation: 216 
 - Generation Avg Fit: 4694.534272148639 
 - Best Fitness: 6325.436778465436 
 - Worst Fitness: 0.0
 - Best Solution: array([-0.2617646 , -0.24745044, -0.00076729, -0.31293434,  0.30274517,
       -0.39139144,  0.15665356, -0.02600919, -0.14606038,  0.08172594,
        0.0235725 , -0.15517984,  0.13192122,  0.06674343,  0.10128726,
       -0.08085858, -0.15329761,  0.07505362,  0.19202824,  0.13752523,
        0.02925483,  0.09785534,  0.44877168,  0.06596895, -0.40839043,
       -0.39531103,  0.02520671,  0.17416113, -0.35216465,  0.00484446,
        0.11065213,  0.11040917,  0.17577716,  0.19369169, -0.06415238,
        0.53011598, -0.06489628,  0.01092173,  0.43657571,  0.01911396,
       -0.18715916, -0.02017201,  0.49705013, -0.14910774, -0.25149798,
        0.01153143,  0.49392762,  0.051416  , -0.31246215,  0.26294819,
       -0.01005034,  0.06149167, -0.20210148, -0.08706777,  0.46422785,
       -0.09759176, -0.38645217, -0.04608503, -0.01306353, -0.11649893,
       -0.22937062,  0.10091942,  0.36516926, -0.05259552]) 

Generation: 217 
 - Generation Avg Fit: 4805.928622424177 
 - Best Fitness: 6325.436778465436 
 - Worst Fitness: 0.0
 - Best Solution: array([-0.2617646 , -0.24745044, -0.00076729, -0.31293434,  0.30274517,
       -0.39139144,  0.15665356, -0.02600919, -0.14606038,  0.08172594,
        0.0235725 , -0.15517984,  0.13192122,  0.06674343,  0.10128726,
       -0.08085858, -0.15329761,  0.07505362,  0.19202824,  0.13752523,
        0.02925483,  0.09785534,  0.44877168,  0.06596895, -0.40839043,
       -0.39531103,  0.02520671,  0.17416113, -0.35216465,  0.00484446,
        0.11065213,  0.11040917,  0.17577716,  0.19369169, -0.06415238,
        0.53011598, -0.06489628,  0.01092173,  0.43657571,  0.01911396,
       -0.18715916, -0.02017201,  0.49705013, -0.14910774, -0.25149798,
        0.01153143,  0.49392762,  0.051416  , -0.31246215,  0.26294819,
       -0.01005034,  0.06149167, -0.20210148, -0.08706777,  0.46422785,
       -0.09759176, -0.38645217, -0.04608503, -0.01306353, -0.11649893,
       -0.22937062,  0.10091942,  0.36516926, -0.05259552]) 

Generation: 218 
 - Generation Avg Fit: 4610.502870058324 
 - Best Fitness: 6325.436778465436 
 - Worst Fitness: 0.0
 - Best Solution: array([-0.2617646 , -0.24745044, -0.00076729, -0.31293434,  0.30274517,
       -0.39139144,  0.15665356, -0.02600919, -0.14606038,  0.08172594,
        0.0235725 , -0.15517984,  0.13192122,  0.06674343,  0.10128726,
       -0.08085858, -0.15329761,  0.07505362,  0.19202824,  0.13752523,
        0.02925483,  0.09785534,  0.44877168,  0.06596895, -0.40839043,
       -0.39531103,  0.02520671,  0.17416113, -0.35216465,  0.00484446,
        0.11065213,  0.11040917,  0.17577716,  0.19369169, -0.06415238,
        0.53011598, -0.06489628,  0.01092173,  0.43657571,  0.01911396,
       -0.18715916, -0.02017201,  0.49705013, -0.14910774, -0.25149798,
        0.01153143,  0.49392762,  0.051416  , -0.31246215,  0.26294819,
       -0.01005034,  0.06149167, -0.20210148, -0.08706777,  0.46422785,
       -0.09759176, -0.38645217, -0.04608503, -0.01306353, -0.11649893,
       -0.22937062,  0.10091942,  0.36516926, -0.05259552]) 

Generation: 219 
 - Generation Avg Fit: 4532.684525419238 
 - Best Fitness: 6325.436778465436 
 - Worst Fitness: 0.0
 - Best Solution: array([-0.2617646 , -0.24745044, -0.00076729, -0.31293434,  0.30274517,
       -0.39139144,  0.15665356, -0.02600919, -0.14606038,  0.08172594,
        0.0235725 , -0.15517984,  0.13192122,  0.06674343,  0.10128726,
       -0.08085858, -0.15329761,  0.07505362,  0.19202824,  0.13752523,
        0.02925483,  0.09785534,  0.44877168,  0.06596895, -0.40839043,
       -0.39531103,  0.02520671,  0.17416113, -0.35216465,  0.00484446,
        0.11065213,  0.11040917,  0.17577716,  0.19369169, -0.06415238,
        0.53011598, -0.06489628,  0.01092173,  0.43657571,  0.01911396,
       -0.18715916, -0.02017201,  0.49705013, -0.14910774, -0.25149798,
        0.01153143,  0.49392762,  0.051416  , -0.31246215,  0.26294819,
       -0.01005034,  0.06149167, -0.20210148, -0.08706777,  0.46422785,
       -0.09759176, -0.38645217, -0.04608503, -0.01306353, -0.11649893,
       -0.22937062,  0.10091942,  0.36516926, -0.05259552]) 

Generation: 220 
 - Generation Avg Fit: 4954.427958059943 
 - Best Fitness: 6425.5395081600445 
 - Worst Fitness: 0.0
 - Best Solution: array([-0.2604578 , -0.23637942, -0.00981318, -0.31920006,  0.29930709,
       -0.3969568 ,  0.17223643, -0.03953476, -0.15225649,  0.09573266,
        0.02002581, -0.15194828,  0.1401079 ,  0.04377874,  0.12529653,
       -0.09306741, -0.15987701,  0.07436327,  0.18810553,  0.15976692,
        0.02108795,  0.13036885,  0.43804493,  0.06311022, -0.39788147,
       -0.41072971,  0.00138256,  0.16520237, -0.36454235,  0.03787231,
        0.07254782,  0.12611574,  0.19715991,  0.19270786, -0.06308669,
        0.53258869, -0.07448154,  0.00573609,  0.41910079,  0.02106444,
       -0.2015493 ,  0.0302422 ,  0.50359319, -0.12955148, -0.26711782,
        0.03334305,  0.51154456,  0.04583195, -0.29881479,  0.2525487 ,
       -0.00486946,  0.08340931, -0.23645557, -0.16346685,  0.45545977,
       -0.08262077, -0.43973631, -0.05863173, -0.01639522, -0.10785337,
       -0.23006846,  0.11112831,  0.37677606, -0.0612673 ]) 

Generation: 221 
 - Generation Avg Fit: 4669.729155644998 
 - Best Fitness: 6425.5395081600445 
 - Worst Fitness: 0.0
 - Best Solution: array([-0.2617646 , -0.24745044, -0.00076729, -0.31293434,  0.30274517,
       -0.39139144,  0.15665356, -0.02600919, -0.14606038,  0.08172594,
        0.0235725 , -0.15517984,  0.13192122,  0.06674343,  0.10128726,
       -0.08085858, -0.15329761,  0.07505362,  0.19202824,  0.13752523,
        0.02925483,  0.09785534,  0.44877168,  0.06596895, -0.40839043,
       -0.39531103,  0.02520671,  0.17416113, -0.35216465,  0.00484446,
        0.11065213,  0.11040917,  0.17577716,  0.19369169, -0.06415238,
        0.53011598, -0.06489628,  0.01092173,  0.43657571,  0.01911396,
       -0.18715916, -0.02017201,  0.49705013, -0.14910774, -0.25149798,
        0.01153143,  0.49392762,  0.051416  , -0.31246215,  0.26294819,
       -0.01005034,  0.06149167, -0.20210148, -0.08706777,  0.46422785,
       -0.09759176, -0.38645217, -0.04608503, -0.01306353, -0.11649893,
       -0.22937062,  0.10091942,  0.36516926, -0.05259552]) 

Generation: 222 
 - Generation Avg Fit: 4858.513011452101 
 - Best Fitness: 6425.5395081600445 
 - Worst Fitness: 0.0
 - Best Solution: array([-0.2604578 , -0.23637942, -0.00981318, -0.31920006,  0.29930709,
       -0.3969568 ,  0.17223643, -0.03953476, -0.15225649,  0.09573266,
        0.02002581, -0.15194828,  0.1401079 ,  0.04377874,  0.12529653,
       -0.09306741, -0.15987701,  0.07436327,  0.18810553,  0.15976692,
        0.02108795,  0.13036885,  0.43804493,  0.06311022, -0.39788147,
       -0.41072971,  0.00138256,  0.16520237, -0.36454235,  0.03787231,
        0.07254782,  0.12611574,  0.19715991,  0.19270786, -0.06308669,
        0.53258869, -0.07448154,  0.00573609,  0.41910079,  0.02106444,
       -0.2015493 ,  0.0302422 ,  0.50359319, -0.12955148, -0.26711782,
        0.03334305,  0.51154456,  0.04583195, -0.29881479,  0.2525487 ,
       -0.00486946,  0.08340931, -0.23645557, -0.16346685,  0.45545977,
       -0.08262077, -0.43973631, -0.05863173, -0.01639522, -0.10785337,
       -0.23006846,  0.11112831,  0.37677606, -0.0612673 ]) 

Generation: 223 
 - Generation Avg Fit: 4697.696909038739 
 - Best Fitness: 6425.5395081600445 
 - Worst Fitness: 0.0
 - Best Solution: array([-0.2604578 , -0.23637942, -0.00981318, -0.31920006,  0.29930709,
       -0.3969568 ,  0.17223643, -0.03953476, -0.15225649,  0.09573266,
        0.02002581, -0.15194828,  0.1401079 ,  0.04377874,  0.12529653,
       -0.09306741, -0.15987701,  0.07436327,  0.18810553,  0.15976692,
        0.02108795,  0.13036885,  0.43804493,  0.06311022, -0.39788147,
       -0.41072971,  0.00138256,  0.16520237, -0.36454235,  0.03787231,
        0.07254782,  0.12611574,  0.19715991,  0.19270786, -0.06308669,
        0.53258869, -0.07448154,  0.00573609,  0.41910079,  0.02106444,
       -0.2015493 ,  0.0302422 ,  0.50359319, -0.12955148, -0.26711782,
        0.03334305,  0.51154456,  0.04583195, -0.29881479,  0.2525487 ,
       -0.00486946,  0.08340931, -0.23645557, -0.16346685,  0.45545977,
       -0.08262077, -0.43973631, -0.05863173, -0.01639522, -0.10785337,
       -0.23006846,  0.11112831,  0.37677606, -0.0612673 ]) 

Generation: 224 
 - Generation Avg Fit: 4865.281426943416 
 - Best Fitness: 6425.5395081600445 
 - Worst Fitness: 0.0
 - Best Solution: array([-0.2604578 , -0.23637942, -0.00981318, -0.31920006,  0.29930709,
       -0.3969568 ,  0.17223643, -0.03953476, -0.15225649,  0.09573266,
        0.02002581, -0.15194828,  0.1401079 ,  0.04377874,  0.12529653,
       -0.09306741, -0.15987701,  0.07436327,  0.18810553,  0.15976692,
        0.02108795,  0.13036885,  0.43804493,  0.06311022, -0.39788147,
       -0.41072971,  0.00138256,  0.16520237, -0.36454235,  0.03787231,
        0.07254782,  0.12611574,  0.19715991,  0.19270786, -0.06308669,
        0.53258869, -0.07448154,  0.00573609,  0.41910079,  0.02106444,
       -0.2015493 ,  0.0302422 ,  0.50359319, -0.12955148, -0.26711782,
        0.03334305,  0.51154456,  0.04583195, -0.29881479,  0.2525487 ,
       -0.00486946,  0.08340931, -0.23645557, -0.16346685,  0.45545977,
       -0.08262077, -0.43973631, -0.05863173, -0.01639522, -0.10785337,
       -0.23006846,  0.11112831,  0.37677606, -0.0612673 ]) 

Generation: 225 
 - Generation Avg Fit: 4614.502387770981 
 - Best Fitness: 6425.5395081600445 
 - Worst Fitness: 0.0
 - Best Solution: array([-0.2604578 , -0.23637942, -0.00981318, -0.31920006,  0.29930709,
       -0.3969568 ,  0.17223643, -0.03953476, -0.15225649,  0.09573266,
        0.02002581, -0.15194828,  0.1401079 ,  0.04377874,  0.12529653,
       -0.09306741, -0.15987701,  0.07436327,  0.18810553,  0.15976692,
        0.02108795,  0.13036885,  0.43804493,  0.06311022, -0.39788147,
       -0.41072971,  0.00138256,  0.16520237, -0.36454235,  0.03787231,
        0.07254782,  0.12611574,  0.19715991,  0.19270786, -0.06308669,
        0.53258869, -0.07448154,  0.00573609,  0.41910079,  0.02106444,
       -0.2015493 ,  0.0302422 ,  0.50359319, -0.12955148, -0.26711782,
        0.03334305,  0.51154456,  0.04583195, -0.29881479,  0.2525487 ,
       -0.00486946,  0.08340931, -0.23645557, -0.16346685,  0.45545977,
       -0.08262077, -0.43973631, -0.05863173, -0.01639522, -0.10785337,
       -0.23006846,  0.11112831,  0.37677606, -0.0612673 ]) 

Generation: 226 
 - Generation Avg Fit: 4637.890943016269 
 - Best Fitness: 6425.5395081600445 
 - Worst Fitness: 0.0
 - Best Solution: array([-0.2604578 , -0.23637942, -0.00981318, -0.31920006,  0.29930709,
       -0.3969568 ,  0.17223643, -0.03953476, -0.15225649,  0.09573266,
        0.02002581, -0.15194828,  0.1401079 ,  0.04377874,  0.12529653,
       -0.09306741, -0.15987701,  0.07436327,  0.18810553,  0.15976692,
        0.02108795,  0.13036885,  0.43804493,  0.06311022, -0.39788147,
       -0.41072971,  0.00138256,  0.16520237, -0.36454235,  0.03787231,
        0.07254782,  0.12611574,  0.19715991,  0.19270786, -0.06308669,
        0.53258869, -0.07448154,  0.00573609,  0.41910079,  0.02106444,
       -0.2015493 ,  0.0302422 ,  0.50359319, -0.12955148, -0.26711782,
        0.03334305,  0.51154456,  0.04583195, -0.29881479,  0.2525487 ,
       -0.00486946,  0.08340931, -0.23645557, -0.16346685,  0.45545977,
       -0.08262077, -0.43973631, -0.05863173, -0.01639522, -0.10785337,
       -0.23006846,  0.11112831,  0.37677606, -0.0612673 ]) 

Generation: 227 
 - Generation Avg Fit: 4662.429338419649 
 - Best Fitness: 6425.5395081600445 
 - Worst Fitness: 0.0
 - Best Solution: array([-0.2604578 , -0.23637942, -0.00981318, -0.31920006,  0.29930709,
       -0.3969568 ,  0.17223643, -0.03953476, -0.15225649,  0.09573266,
        0.02002581, -0.15194828,  0.1401079 ,  0.04377874,  0.12529653,
       -0.09306741, -0.15987701,  0.07436327,  0.18810553,  0.15976692,
        0.02108795,  0.13036885,  0.43804493,  0.06311022, -0.39788147,
       -0.41072971,  0.00138256,  0.16520237, -0.36454235,  0.03787231,
        0.07254782,  0.12611574,  0.19715991,  0.19270786, -0.06308669,
        0.53258869, -0.07448154,  0.00573609,  0.41910079,  0.02106444,
       -0.2015493 ,  0.0302422 ,  0.50359319, -0.12955148, -0.26711782,
        0.03334305,  0.51154456,  0.04583195, -0.29881479,  0.2525487 ,
       -0.00486946,  0.08340931, -0.23645557, -0.16346685,  0.45545977,
       -0.08262077, -0.43973631, -0.05863173, -0.01639522, -0.10785337,
       -0.23006846,  0.11112831,  0.37677606, -0.0612673 ]) 

Generation: 228 
 - Generation Avg Fit: 4585.573394393934 
 - Best Fitness: 6425.5395081600445 
 - Worst Fitness: 0.0
 - Best Solution: array([-0.2604578 , -0.23637942, -0.00981318, -0.31920006,  0.29930709,
       -0.3969568 ,  0.17223643, -0.03953476, -0.15225649,  0.09573266,
        0.02002581, -0.15194828,  0.1401079 ,  0.04377874,  0.12529653,
       -0.09306741, -0.15987701,  0.07436327,  0.18810553,  0.15976692,
        0.02108795,  0.13036885,  0.43804493,  0.06311022, -0.39788147,
       -0.41072971,  0.00138256,  0.16520237, -0.36454235,  0.03787231,
        0.07254782,  0.12611574,  0.19715991,  0.19270786, -0.06308669,
        0.53258869, -0.07448154,  0.00573609,  0.41910079,  0.02106444,
       -0.2015493 ,  0.0302422 ,  0.50359319, -0.12955148, -0.26711782,
        0.03334305,  0.51154456,  0.04583195, -0.29881479,  0.2525487 ,
       -0.00486946,  0.08340931, -0.23645557, -0.16346685,  0.45545977,
       -0.08262077, -0.43973631, -0.05863173, -0.01639522, -0.10785337,
       -0.23006846,  0.11112831,  0.37677606, -0.0612673 ]) 

Generation: 229 
 - Generation Avg Fit: 4695.9998866895385 
 - Best Fitness: 6425.5395081600445 
 - Worst Fitness: 0.0
 - Best Solution: array([-0.2604578 , -0.23637942, -0.00981318, -0.31920006,  0.29930709,
       -0.3969568 ,  0.17223643, -0.03953476, -0.15225649,  0.09573266,
        0.02002581, -0.15194828,  0.1401079 ,  0.04377874,  0.12529653,
       -0.09306741, -0.15987701,  0.07436327,  0.18810553,  0.15976692,
        0.02108795,  0.13036885,  0.43804493,  0.06311022, -0.39788147,
       -0.41072971,  0.00138256,  0.16520237, -0.36454235,  0.03787231,
        0.07254782,  0.12611574,  0.19715991,  0.19270786, -0.06308669,
        0.53258869, -0.07448154,  0.00573609,  0.41910079,  0.02106444,
       -0.2015493 ,  0.0302422 ,  0.50359319, -0.12955148, -0.26711782,
        0.03334305,  0.51154456,  0.04583195, -0.29881479,  0.2525487 ,
       -0.00486946,  0.08340931, -0.23645557, -0.16346685,  0.45545977,
       -0.08262077, -0.43973631, -0.05863173, -0.01639522, -0.10785337,
       -0.23006846,  0.11112831,  0.37677606, -0.0612673 ]) 

Generation: 230 
 - Generation Avg Fit: 4779.49543947094 
 - Best Fitness: 6425.5395081600445 
 - Worst Fitness: 0.0
 - Best Solution: array([-0.2604578 , -0.23637942, -0.00981318, -0.31920006,  0.29930709,
       -0.3969568 ,  0.17223643, -0.03953476, -0.15225649,  0.09573266,
        0.02002581, -0.15194828,  0.1401079 ,  0.04377874,  0.12529653,
       -0.09306741, -0.15987701,  0.07436327,  0.18810553,  0.15976692,
        0.02108795,  0.13036885,  0.43804493,  0.06311022, -0.39788147,
       -0.41072971,  0.00138256,  0.16520237, -0.36454235,  0.03787231,
        0.07254782,  0.12611574,  0.19715991,  0.19270786, -0.06308669,
        0.53258869, -0.07448154,  0.00573609,  0.41910079,  0.02106444,
       -0.2015493 ,  0.0302422 ,  0.50359319, -0.12955148, -0.26711782,
        0.03334305,  0.51154456,  0.04583195, -0.29881479,  0.2525487 ,
       -0.00486946,  0.08340931, -0.23645557, -0.16346685,  0.45545977,
       -0.08262077, -0.43973631, -0.05863173, -0.01639522, -0.10785337,
       -0.23006846,  0.11112831,  0.37677606, -0.0612673 ]) 

Generation: 231 
 - Generation Avg Fit: 4663.3553304353345 
 - Best Fitness: 6425.5395081600445 
 - Worst Fitness: 0.0
 - Best Solution: array([-0.2604578 , -0.23637942, -0.00981318, -0.31920006,  0.29930709,
       -0.3969568 ,  0.17223643, -0.03953476, -0.15225649,  0.09573266,
        0.02002581, -0.15194828,  0.1401079 ,  0.04377874,  0.12529653,
       -0.09306741, -0.15987701,  0.07436327,  0.18810553,  0.15976692,
        0.02108795,  0.13036885,  0.43804493,  0.06311022, -0.39788147,
       -0.41072971,  0.00138256,  0.16520237, -0.36454235,  0.03787231,
        0.07254782,  0.12611574,  0.19715991,  0.19270786, -0.06308669,
        0.53258869, -0.07448154,  0.00573609,  0.41910079,  0.02106444,
       -0.2015493 ,  0.0302422 ,  0.50359319, -0.12955148, -0.26711782,
        0.03334305,  0.51154456,  0.04583195, -0.29881479,  0.2525487 ,
       -0.00486946,  0.08340931, -0.23645557, -0.16346685,  0.45545977,
       -0.08262077, -0.43973631, -0.05863173, -0.01639522, -0.10785337,
       -0.23006846,  0.11112831,  0.37677606, -0.0612673 ]) 

Generation: 232 
 - Generation Avg Fit: 4648.972210309488 
 - Best Fitness: 6425.5395081600445 
 - Worst Fitness: 0.0
 - Best Solution: array([-0.2604578 , -0.23637942, -0.00981318, -0.31920006,  0.29930709,
       -0.3969568 ,  0.17223643, -0.03953476, -0.15225649,  0.09573266,
        0.02002581, -0.15194828,  0.1401079 ,  0.04377874,  0.12529653,
       -0.09306741, -0.15987701,  0.07436327,  0.18810553,  0.15976692,
        0.02108795,  0.13036885,  0.43804493,  0.06311022, -0.39788147,
       -0.41072971,  0.00138256,  0.16520237, -0.36454235,  0.03787231,
        0.07254782,  0.12611574,  0.19715991,  0.19270786, -0.06308669,
        0.53258869, -0.07448154,  0.00573609,  0.41910079,  0.02106444,
       -0.2015493 ,  0.0302422 ,  0.50359319, -0.12955148, -0.26711782,
        0.03334305,  0.51154456,  0.04583195, -0.29881479,  0.2525487 ,
       -0.00486946,  0.08340931, -0.23645557, -0.16346685,  0.45545977,
       -0.08262077, -0.43973631, -0.05863173, -0.01639522, -0.10785337,
       -0.23006846,  0.11112831,  0.37677606, -0.0612673 ]) 

Generation: 233 
 - Generation Avg Fit: 4527.68966126281 
 - Best Fitness: 6425.5395081600445 
 - Worst Fitness: 0.0
 - Best Solution: array([-0.2604578 , -0.23637942, -0.00981318, -0.31920006,  0.29930709,
       -0.3969568 ,  0.17223643, -0.03953476, -0.15225649,  0.09573266,
        0.02002581, -0.15194828,  0.1401079 ,  0.04377874,  0.12529653,
       -0.09306741, -0.15987701,  0.07436327,  0.18810553,  0.15976692,
        0.02108795,  0.13036885,  0.43804493,  0.06311022, -0.39788147,
       -0.41072971,  0.00138256,  0.16520237, -0.36454235,  0.03787231,
        0.07254782,  0.12611574,  0.19715991,  0.19270786, -0.06308669,
        0.53258869, -0.07448154,  0.00573609,  0.41910079,  0.02106444,
       -0.2015493 ,  0.0302422 ,  0.50359319, -0.12955148, -0.26711782,
        0.03334305,  0.51154456,  0.04583195, -0.29881479,  0.2525487 ,
       -0.00486946,  0.08340931, -0.23645557, -0.16346685,  0.45545977,
       -0.08262077, -0.43973631, -0.05863173, -0.01639522, -0.10785337,
       -0.23006846,  0.11112831,  0.37677606, -0.0612673 ]) 

Generation: 234 
 - Generation Avg Fit: 4701.027562648124 
 - Best Fitness: 6425.5395081600445 
 - Worst Fitness: 0.0
 - Best Solution: array([-0.2604578 , -0.23637942, -0.00981318, -0.31920006,  0.29930709,
       -0.3969568 ,  0.17223643, -0.03953476, -0.15225649,  0.09573266,
        0.02002581, -0.15194828,  0.1401079 ,  0.04377874,  0.12529653,
       -0.09306741, -0.15987701,  0.07436327,  0.18810553,  0.15976692,
        0.02108795,  0.13036885,  0.43804493,  0.06311022, -0.39788147,
       -0.41072971,  0.00138256,  0.16520237, -0.36454235,  0.03787231,
        0.07254782,  0.12611574,  0.19715991,  0.19270786, -0.06308669,
        0.53258869, -0.07448154,  0.00573609,  0.41910079,  0.02106444,
       -0.2015493 ,  0.0302422 ,  0.50359319, -0.12955148, -0.26711782,
        0.03334305,  0.51154456,  0.04583195, -0.29881479,  0.2525487 ,
       -0.00486946,  0.08340931, -0.23645557, -0.16346685,  0.45545977,
       -0.08262077, -0.43973631, -0.05863173, -0.01639522, -0.10785337,
       -0.23006846,  0.11112831,  0.37677606, -0.0612673 ]) 

Generation: 235 
 - Generation Avg Fit: 4707.275289346789 
 - Best Fitness: 6425.5395081600445 
 - Worst Fitness: 0.0
 - Best Solution: array([-0.2604578 , -0.23637942, -0.00981318, -0.31920006,  0.29930709,
       -0.3969568 ,  0.17223643, -0.03953476, -0.15225649,  0.09573266,
        0.02002581, -0.15194828,  0.1401079 ,  0.04377874,  0.12529653,
       -0.09306741, -0.15987701,  0.07436327,  0.18810553,  0.15976692,
        0.02108795,  0.13036885,  0.43804493,  0.06311022, -0.39788147,
       -0.41072971,  0.00138256,  0.16520237, -0.36454235,  0.03787231,
        0.07254782,  0.12611574,  0.19715991,  0.19270786, -0.06308669,
        0.53258869, -0.07448154,  0.00573609,  0.41910079,  0.02106444,
       -0.2015493 ,  0.0302422 ,  0.50359319, -0.12955148, -0.26711782,
        0.03334305,  0.51154456,  0.04583195, -0.29881479,  0.2525487 ,
       -0.00486946,  0.08340931, -0.23645557, -0.16346685,  0.45545977,
       -0.08262077, -0.43973631, -0.05863173, -0.01639522, -0.10785337,
       -0.23006846,  0.11112831,  0.37677606, -0.0612673 ]) 

Generation: 236 
 - Generation Avg Fit: 4869.859877677412 
 - Best Fitness: 6425.5395081600445 
 - Worst Fitness: 0.0
 - Best Solution: array([-0.2604578 , -0.23637942, -0.00981318, -0.31920006,  0.29930709,
       -0.3969568 ,  0.17223643, -0.03953476, -0.15225649,  0.09573266,
        0.02002581, -0.15194828,  0.1401079 ,  0.04377874,  0.12529653,
       -0.09306741, -0.15987701,  0.07436327,  0.18810553,  0.15976692,
        0.02108795,  0.13036885,  0.43804493,  0.06311022, -0.39788147,
       -0.41072971,  0.00138256,  0.16520237, -0.36454235,  0.03787231,
        0.07254782,  0.12611574,  0.19715991,  0.19270786, -0.06308669,
        0.53258869, -0.07448154,  0.00573609,  0.41910079,  0.02106444,
       -0.2015493 ,  0.0302422 ,  0.50359319, -0.12955148, -0.26711782,
        0.03334305,  0.51154456,  0.04583195, -0.29881479,  0.2525487 ,
       -0.00486946,  0.08340931, -0.23645557, -0.16346685,  0.45545977,
       -0.08262077, -0.43973631, -0.05863173, -0.01639522, -0.10785337,
       -0.23006846,  0.11112831,  0.37677606, -0.0612673 ]) 

Generation: 237 
 - Generation Avg Fit: 4831.22032127914 
 - Best Fitness: 6425.5395081600445 
 - Worst Fitness: 0.0
 - Best Solution: array([-0.2604578 , -0.23637942, -0.00981318, -0.31920006,  0.29930709,
       -0.3969568 ,  0.17223643, -0.03953476, -0.15225649,  0.09573266,
        0.02002581, -0.15194828,  0.1401079 ,  0.04377874,  0.12529653,
       -0.09306741, -0.15987701,  0.07436327,  0.18810553,  0.15976692,
        0.02108795,  0.13036885,  0.43804493,  0.06311022, -0.39788147,
       -0.41072971,  0.00138256,  0.16520237, -0.36454235,  0.03787231,
        0.07254782,  0.12611574,  0.19715991,  0.19270786, -0.06308669,
        0.53258869, -0.07448154,  0.00573609,  0.41910079,  0.02106444,
       -0.2015493 ,  0.0302422 ,  0.50359319, -0.12955148, -0.26711782,
        0.03334305,  0.51154456,  0.04583195, -0.29881479,  0.2525487 ,
       -0.00486946,  0.08340931, -0.23645557, -0.16346685,  0.45545977,
       -0.08262077, -0.43973631, -0.05863173, -0.01639522, -0.10785337,
       -0.23006846,  0.11112831,  0.37677606, -0.0612673 ]) 

Generation: 238 
 - Generation Avg Fit: 4867.826891016623 
 - Best Fitness: 6425.5395081600445 
 - Worst Fitness: 0.0
 - Best Solution: array([-0.2604578 , -0.23637942, -0.00981318, -0.31920006,  0.29930709,
       -0.3969568 ,  0.17223643, -0.03953476, -0.15225649,  0.09573266,
        0.02002581, -0.15194828,  0.1401079 ,  0.04377874,  0.12529653,
       -0.09306741, -0.15987701,  0.07436327,  0.18810553,  0.15976692,
        0.02108795,  0.13036885,  0.43804493,  0.06311022, -0.39788147,
       -0.41072971,  0.00138256,  0.16520237, -0.36454235,  0.03787231,
        0.07254782,  0.12611574,  0.19715991,  0.19270786, -0.06308669,
        0.53258869, -0.07448154,  0.00573609,  0.41910079,  0.02106444,
       -0.2015493 ,  0.0302422 ,  0.50359319, -0.12955148, -0.26711782,
        0.03334305,  0.51154456,  0.04583195, -0.29881479,  0.2525487 ,
       -0.00486946,  0.08340931, -0.23645557, -0.16346685,  0.45545977,
       -0.08262077, -0.43973631, -0.05863173, -0.01639522, -0.10785337,
       -0.23006846,  0.11112831,  0.37677606, -0.0612673 ]) 

Generation: 239 
 - Generation Avg Fit: 4757.384674880006 
 - Best Fitness: 6425.5395081600445 
 - Worst Fitness: 0.0
 - Best Solution: array([-0.2604578 , -0.23637942, -0.00981318, -0.31920006,  0.29930709,
       -0.3969568 ,  0.17223643, -0.03953476, -0.15225649,  0.09573266,
        0.02002581, -0.15194828,  0.1401079 ,  0.04377874,  0.12529653,
       -0.09306741, -0.15987701,  0.07436327,  0.18810553,  0.15976692,
        0.02108795,  0.13036885,  0.43804493,  0.06311022, -0.39788147,
       -0.41072971,  0.00138256,  0.16520237, -0.36454235,  0.03787231,
        0.07254782,  0.12611574,  0.19715991,  0.19270786, -0.06308669,
        0.53258869, -0.07448154,  0.00573609,  0.41910079,  0.02106444,
       -0.2015493 ,  0.0302422 ,  0.50359319, -0.12955148, -0.26711782,
        0.03334305,  0.51154456,  0.04583195, -0.29881479,  0.2525487 ,
       -0.00486946,  0.08340931, -0.23645557, -0.16346685,  0.45545977,
       -0.08262077, -0.43973631, -0.05863173, -0.01639522, -0.10785337,
       -0.23006846,  0.11112831,  0.37677606, -0.0612673 ]) 

Generation: 240 
 - Generation Avg Fit: 4769.929651791728 
 - Best Fitness: 6425.5395081600445 
 - Worst Fitness: 0.0
 - Best Solution: array([-0.2604578 , -0.23637942, -0.00981318, -0.31920006,  0.29930709,
       -0.3969568 ,  0.17223643, -0.03953476, -0.15225649,  0.09573266,
        0.02002581, -0.15194828,  0.1401079 ,  0.04377874,  0.12529653,
       -0.09306741, -0.15987701,  0.07436327,  0.18810553,  0.15976692,
        0.02108795,  0.13036885,  0.43804493,  0.06311022, -0.39788147,
       -0.41072971,  0.00138256,  0.16520237, -0.36454235,  0.03787231,
        0.07254782,  0.12611574,  0.19715991,  0.19270786, -0.06308669,
        0.53258869, -0.07448154,  0.00573609,  0.41910079,  0.02106444,
       -0.2015493 ,  0.0302422 ,  0.50359319, -0.12955148, -0.26711782,
        0.03334305,  0.51154456,  0.04583195, -0.29881479,  0.2525487 ,
       -0.00486946,  0.08340931, -0.23645557, -0.16346685,  0.45545977,
       -0.08262077, -0.43973631, -0.05863173, -0.01639522, -0.10785337,
       -0.23006846,  0.11112831,  0.37677606, -0.0612673 ]) 

Generation: 241 
 - Generation Avg Fit: 4577.9567479476045 
 - Best Fitness: 6425.5395081600445 
 - Worst Fitness: 0.0
 - Best Solution: array([-0.2604578 , -0.23637942, -0.00981318, -0.31920006,  0.29930709,
       -0.3969568 ,  0.17223643, -0.03953476, -0.15225649,  0.09573266,
        0.02002581, -0.15194828,  0.1401079 ,  0.04377874,  0.12529653,
       -0.09306741, -0.15987701,  0.07436327,  0.18810553,  0.15976692,
        0.02108795,  0.13036885,  0.43804493,  0.06311022, -0.39788147,
       -0.41072971,  0.00138256,  0.16520237, -0.36454235,  0.03787231,
        0.07254782,  0.12611574,  0.19715991,  0.19270786, -0.06308669,
        0.53258869, -0.07448154,  0.00573609,  0.41910079,  0.02106444,
       -0.2015493 ,  0.0302422 ,  0.50359319, -0.12955148, -0.26711782,
        0.03334305,  0.51154456,  0.04583195, -0.29881479,  0.2525487 ,
       -0.00486946,  0.08340931, -0.23645557, -0.16346685,  0.45545977,
       -0.08262077, -0.43973631, -0.05863173, -0.01639522, -0.10785337,
       -0.23006846,  0.11112831,  0.37677606, -0.0612673 ]) 

Generation: 242 
 - Generation Avg Fit: 4403.63536763347 
 - Best Fitness: 6425.5395081600445 
 - Worst Fitness: 0.0
 - Best Solution: array([-0.2604578 , -0.23637942, -0.00981318, -0.31920006,  0.29930709,
       -0.3969568 ,  0.17223643, -0.03953476, -0.15225649,  0.09573266,
        0.02002581, -0.15194828,  0.1401079 ,  0.04377874,  0.12529653,
       -0.09306741, -0.15987701,  0.07436327,  0.18810553,  0.15976692,
        0.02108795,  0.13036885,  0.43804493,  0.06311022, -0.39788147,
       -0.41072971,  0.00138256,  0.16520237, -0.36454235,  0.03787231,
        0.07254782,  0.12611574,  0.19715991,  0.19270786, -0.06308669,
        0.53258869, -0.07448154,  0.00573609,  0.41910079,  0.02106444,
       -0.2015493 ,  0.0302422 ,  0.50359319, -0.12955148, -0.26711782,
        0.03334305,  0.51154456,  0.04583195, -0.29881479,  0.2525487 ,
       -0.00486946,  0.08340931, -0.23645557, -0.16346685,  0.45545977,
       -0.08262077, -0.43973631, -0.05863173, -0.01639522, -0.10785337,
       -0.23006846,  0.11112831,  0.37677606, -0.0612673 ]) 

Generation: 243 
 - Generation Avg Fit: 4821.9718015794915 
 - Best Fitness: 6425.5395081600445 
 - Worst Fitness: 0.0
 - Best Solution: array([-0.2604578 , -0.23637942, -0.00981318, -0.31920006,  0.29930709,
       -0.3969568 ,  0.17223643, -0.03953476, -0.15225649,  0.09573266,
        0.02002581, -0.15194828,  0.1401079 ,  0.04377874,  0.12529653,
       -0.09306741, -0.15987701,  0.07436327,  0.18810553,  0.15976692,
        0.02108795,  0.13036885,  0.43804493,  0.06311022, -0.39788147,
       -0.41072971,  0.00138256,  0.16520237, -0.36454235,  0.03787231,
        0.07254782,  0.12611574,  0.19715991,  0.19270786, -0.06308669,
        0.53258869, -0.07448154,  0.00573609,  0.41910079,  0.02106444,
       -0.2015493 ,  0.0302422 ,  0.50359319, -0.12955148, -0.26711782,
        0.03334305,  0.51154456,  0.04583195, -0.29881479,  0.2525487 ,
       -0.00486946,  0.08340931, -0.23645557, -0.16346685,  0.45545977,
       -0.08262077, -0.43973631, -0.05863173, -0.01639522, -0.10785337,
       -0.23006846,  0.11112831,  0.37677606, -0.0612673 ]) 

Generation: 244 
 - Generation Avg Fit: 4685.2297195517585 
 - Best Fitness: 6425.5395081600445 
 - Worst Fitness: 0.0
 - Best Solution: array([-0.2604578 , -0.23637942, -0.00981318, -0.31920006,  0.29930709,
       -0.3969568 ,  0.17223643, -0.03953476, -0.15225649,  0.09573266,
        0.02002581, -0.15194828,  0.1401079 ,  0.04377874,  0.12529653,
       -0.09306741, -0.15987701,  0.07436327,  0.18810553,  0.15976692,
        0.02108795,  0.13036885,  0.43804493,  0.06311022, -0.39788147,
       -0.41072971,  0.00138256,  0.16520237, -0.36454235,  0.03787231,
        0.07254782,  0.12611574,  0.19715991,  0.19270786, -0.06308669,
        0.53258869, -0.07448154,  0.00573609,  0.41910079,  0.02106444,
       -0.2015493 ,  0.0302422 ,  0.50359319, -0.12955148, -0.26711782,
        0.03334305,  0.51154456,  0.04583195, -0.29881479,  0.2525487 ,
       -0.00486946,  0.08340931, -0.23645557, -0.16346685,  0.45545977,
       -0.08262077, -0.43973631, -0.05863173, -0.01639522, -0.10785337,
       -0.23006846,  0.11112831,  0.37677606, -0.0612673 ]) 

Generation: 245 
 - Generation Avg Fit: 4790.136427827712 
 - Best Fitness: 6425.5395081600445 
 - Worst Fitness: 0.0
 - Best Solution: array([-0.2604578 , -0.23637942, -0.00981318, -0.31920006,  0.29930709,
       -0.3969568 ,  0.17223643, -0.03953476, -0.15225649,  0.09573266,
        0.02002581, -0.15194828,  0.1401079 ,  0.04377874,  0.12529653,
       -0.09306741, -0.15987701,  0.07436327,  0.18810553,  0.15976692,
        0.02108795,  0.13036885,  0.43804493,  0.06311022, -0.39788147,
       -0.41072971,  0.00138256,  0.16520237, -0.36454235,  0.03787231,
        0.07254782,  0.12611574,  0.19715991,  0.19270786, -0.06308669,
        0.53258869, -0.07448154,  0.00573609,  0.41910079,  0.02106444,
       -0.2015493 ,  0.0302422 ,  0.50359319, -0.12955148, -0.26711782,
        0.03334305,  0.51154456,  0.04583195, -0.29881479,  0.2525487 ,
       -0.00486946,  0.08340931, -0.23645557, -0.16346685,  0.45545977,
       -0.08262077, -0.43973631, -0.05863173, -0.01639522, -0.10785337,
       -0.23006846,  0.11112831,  0.37677606, -0.0612673 ]) 

Generation: 246 
 - Generation Avg Fit: 4650.895745058235 
 - Best Fitness: 6425.5395081600445 
 - Worst Fitness: 0.0
 - Best Solution: array([-0.2604578 , -0.23637942, -0.00981318, -0.31920006,  0.29930709,
       -0.3969568 ,  0.17223643, -0.03953476, -0.15225649,  0.09573266,
        0.02002581, -0.15194828,  0.1401079 ,  0.04377874,  0.12529653,
       -0.09306741, -0.15987701,  0.07436327,  0.18810553,  0.15976692,
        0.02108795,  0.13036885,  0.43804493,  0.06311022, -0.39788147,
       -0.41072971,  0.00138256,  0.16520237, -0.36454235,  0.03787231,
        0.07254782,  0.12611574,  0.19715991,  0.19270786, -0.06308669,
        0.53258869, -0.07448154,  0.00573609,  0.41910079,  0.02106444,
       -0.2015493 ,  0.0302422 ,  0.50359319, -0.12955148, -0.26711782,
        0.03334305,  0.51154456,  0.04583195, -0.29881479,  0.2525487 ,
       -0.00486946,  0.08340931, -0.23645557, -0.16346685,  0.45545977,
       -0.08262077, -0.43973631, -0.05863173, -0.01639522, -0.10785337,
       -0.23006846,  0.11112831,  0.37677606, -0.0612673 ]) 

Generation: 247 
 - Generation Avg Fit: 4449.876017733542 
 - Best Fitness: 6425.5395081600445 
 - Worst Fitness: 0.0
 - Best Solution: array([-0.2604578 , -0.23637942, -0.00981318, -0.31920006,  0.29930709,
       -0.3969568 ,  0.17223643, -0.03953476, -0.15225649,  0.09573266,
        0.02002581, -0.15194828,  0.1401079 ,  0.04377874,  0.12529653,
       -0.09306741, -0.15987701,  0.07436327,  0.18810553,  0.15976692,
        0.02108795,  0.13036885,  0.43804493,  0.06311022, -0.39788147,
       -0.41072971,  0.00138256,  0.16520237, -0.36454235,  0.03787231,
        0.07254782,  0.12611574,  0.19715991,  0.19270786, -0.06308669,
        0.53258869, -0.07448154,  0.00573609,  0.41910079,  0.02106444,
       -0.2015493 ,  0.0302422 ,  0.50359319, -0.12955148, -0.26711782,
        0.03334305,  0.51154456,  0.04583195, -0.29881479,  0.2525487 ,
       -0.00486946,  0.08340931, -0.23645557, -0.16346685,  0.45545977,
       -0.08262077, -0.43973631, -0.05863173, -0.01639522, -0.10785337,
       -0.23006846,  0.11112831,  0.37677606, -0.0612673 ]) 

Generation: 248 
 - Generation Avg Fit: 4578.763860472677 
 - Best Fitness: 6425.5395081600445 
 - Worst Fitness: 0.0
 - Best Solution: array([-0.2604578 , -0.23637942, -0.00981318, -0.31920006,  0.29930709,
       -0.3969568 ,  0.17223643, -0.03953476, -0.15225649,  0.09573266,
        0.02002581, -0.15194828,  0.1401079 ,  0.04377874,  0.12529653,
       -0.09306741, -0.15987701,  0.07436327,  0.18810553,  0.15976692,
        0.02108795,  0.13036885,  0.43804493,  0.06311022, -0.39788147,
       -0.41072971,  0.00138256,  0.16520237, -0.36454235,  0.03787231,
        0.07254782,  0.12611574,  0.19715991,  0.19270786, -0.06308669,
        0.53258869, -0.07448154,  0.00573609,  0.41910079,  0.02106444,
       -0.2015493 ,  0.0302422 ,  0.50359319, -0.12955148, -0.26711782,
        0.03334305,  0.51154456,  0.04583195, -0.29881479,  0.2525487 ,
       -0.00486946,  0.08340931, -0.23645557, -0.16346685,  0.45545977,
       -0.08262077, -0.43973631, -0.05863173, -0.01639522, -0.10785337,
       -0.23006846,  0.11112831,  0.37677606, -0.0612673 ]) 

Generation: 249 
 - Generation Avg Fit: 4629.74856549173 
 - Best Fitness: 6425.5395081600445 
 - Worst Fitness: 0.0
 - Best Solution: array([-0.2604578 , -0.23637942, -0.00981318, -0.31920006,  0.29930709,
       -0.3969568 ,  0.17223643, -0.03953476, -0.15225649,  0.09573266,
        0.02002581, -0.15194828,  0.1401079 ,  0.04377874,  0.12529653,
       -0.09306741, -0.15987701,  0.07436327,  0.18810553,  0.15976692,
        0.02108795,  0.13036885,  0.43804493,  0.06311022, -0.39788147,
       -0.41072971,  0.00138256,  0.16520237, -0.36454235,  0.03787231,
        0.07254782,  0.12611574,  0.19715991,  0.19270786, -0.06308669,
        0.53258869, -0.07448154,  0.00573609,  0.41910079,  0.02106444,
       -0.2015493 ,  0.0302422 ,  0.50359319, -0.12955148, -0.26711782,
        0.03334305,  0.51154456,  0.04583195, -0.29881479,  0.2525487 ,
       -0.00486946,  0.08340931, -0.23645557, -0.16346685,  0.45545977,
       -0.08262077, -0.43973631, -0.05863173, -0.01639522, -0.10785337,
       -0.23006846,  0.11112831,  0.37677606, -0.0612673 ]) 

Generation: 250 
 - Generation Avg Fit: 4536.778328409181 
 - Best Fitness: 6425.5395081600445 
 - Worst Fitness: 0.0
 - Best Solution: array([-0.2604578 , -0.23637942, -0.00981318, -0.31920006,  0.29930709,
       -0.3969568 ,  0.17223643, -0.03953476, -0.15225649,  0.09573266,
        0.02002581, -0.15194828,  0.1401079 ,  0.04377874,  0.12529653,
       -0.09306741, -0.15987701,  0.07436327,  0.18810553,  0.15976692,
        0.02108795,  0.13036885,  0.43804493,  0.06311022, -0.39788147,
       -0.41072971,  0.00138256,  0.16520237, -0.36454235,  0.03787231,
        0.07254782,  0.12611574,  0.19715991,  0.19270786, -0.06308669,
        0.53258869, -0.07448154,  0.00573609,  0.41910079,  0.02106444,
       -0.2015493 ,  0.0302422 ,  0.50359319, -0.12955148, -0.26711782,
        0.03334305,  0.51154456,  0.04583195, -0.29881479,  0.2525487 ,
       -0.00486946,  0.08340931, -0.23645557, -0.16346685,  0.45545977,
       -0.08262077, -0.43973631, -0.05863173, -0.01639522, -0.10785337,
       -0.23006846,  0.11112831,  0.37677606, -0.0612673 ]) 

Generation: 251 
 - Generation Avg Fit: 4641.856096440152 
 - Best Fitness: 6425.5395081600445 
 - Worst Fitness: 0.0
 - Best Solution: array([-0.2604578 , -0.23637942, -0.00981318, -0.31920006,  0.29930709,
       -0.3969568 ,  0.17223643, -0.03953476, -0.15225649,  0.09573266,
        0.02002581, -0.15194828,  0.1401079 ,  0.04377874,  0.12529653,
       -0.09306741, -0.15987701,  0.07436327,  0.18810553,  0.15976692,
        0.02108795,  0.13036885,  0.43804493,  0.06311022, -0.39788147,
       -0.41072971,  0.00138256,  0.16520237, -0.36454235,  0.03787231,
        0.07254782,  0.12611574,  0.19715991,  0.19270786, -0.06308669,
        0.53258869, -0.07448154,  0.00573609,  0.41910079,  0.02106444,
       -0.2015493 ,  0.0302422 ,  0.50359319, -0.12955148, -0.26711782,
        0.03334305,  0.51154456,  0.04583195, -0.29881479,  0.2525487 ,
       -0.00486946,  0.08340931, -0.23645557, -0.16346685,  0.45545977,
       -0.08262077, -0.43973631, -0.05863173, -0.01639522, -0.10785337,
       -0.23006846,  0.11112831,  0.37677606, -0.0612673 ]) 

Generation: 252 
 - Generation Avg Fit: 4717.010713951957 
 - Best Fitness: 6425.5395081600445 
 - Worst Fitness: 0.0
 - Best Solution: array([-0.2604578 , -0.23637942, -0.00981318, -0.31920006,  0.29930709,
       -0.3969568 ,  0.17223643, -0.03953476, -0.15225649,  0.09573266,
        0.02002581, -0.15194828,  0.1401079 ,  0.04377874,  0.12529653,
       -0.09306741, -0.15987701,  0.07436327,  0.18810553,  0.15976692,
        0.02108795,  0.13036885,  0.43804493,  0.06311022, -0.39788147,
       -0.41072971,  0.00138256,  0.16520237, -0.36454235,  0.03787231,
        0.07254782,  0.12611574,  0.19715991,  0.19270786, -0.06308669,
        0.53258869, -0.07448154,  0.00573609,  0.41910079,  0.02106444,
       -0.2015493 ,  0.0302422 ,  0.50359319, -0.12955148, -0.26711782,
        0.03334305,  0.51154456,  0.04583195, -0.29881479,  0.2525487 ,
       -0.00486946,  0.08340931, -0.23645557, -0.16346685,  0.45545977,
       -0.08262077, -0.43973631, -0.05863173, -0.01639522, -0.10785337,
       -0.23006846,  0.11112831,  0.37677606, -0.0612673 ]) 

Generation: 253 
 - Generation Avg Fit: 4728.460051352029 
 - Best Fitness: 6425.5395081600445 
 - Worst Fitness: 0.0
 - Best Solution: array([-0.2604578 , -0.23637942, -0.00981318, -0.31920006,  0.29930709,
       -0.3969568 ,  0.17223643, -0.03953476, -0.15225649,  0.09573266,
        0.02002581, -0.15194828,  0.1401079 ,  0.04377874,  0.12529653,
       -0.09306741, -0.15987701,  0.07436327,  0.18810553,  0.15976692,
        0.02108795,  0.13036885,  0.43804493,  0.06311022, -0.39788147,
       -0.41072971,  0.00138256,  0.16520237, -0.36454235,  0.03787231,
        0.07254782,  0.12611574,  0.19715991,  0.19270786, -0.06308669,
        0.53258869, -0.07448154,  0.00573609,  0.41910079,  0.02106444,
       -0.2015493 ,  0.0302422 ,  0.50359319, -0.12955148, -0.26711782,
        0.03334305,  0.51154456,  0.04583195, -0.29881479,  0.2525487 ,
       -0.00486946,  0.08340931, -0.23645557, -0.16346685,  0.45545977,
       -0.08262077, -0.43973631, -0.05863173, -0.01639522, -0.10785337,
       -0.23006846,  0.11112831,  0.37677606, -0.0612673 ]) 

Generation: 254 
 - Generation Avg Fit: 4613.278112122909 
 - Best Fitness: 6425.5395081600445 
 - Worst Fitness: 0.0
 - Best Solution: array([-0.2604578 , -0.23637942, -0.00981318, -0.31920006,  0.29930709,
       -0.3969568 ,  0.17223643, -0.03953476, -0.15225649,  0.09573266,
        0.02002581, -0.15194828,  0.1401079 ,  0.04377874,  0.12529653,
       -0.09306741, -0.15987701,  0.07436327,  0.18810553,  0.15976692,
        0.02108795,  0.13036885,  0.43804493,  0.06311022, -0.39788147,
       -0.41072971,  0.00138256,  0.16520237, -0.36454235,  0.03787231,
        0.07254782,  0.12611574,  0.19715991,  0.19270786, -0.06308669,
        0.53258869, -0.07448154,  0.00573609,  0.41910079,  0.02106444,
       -0.2015493 ,  0.0302422 ,  0.50359319, -0.12955148, -0.26711782,
        0.03334305,  0.51154456,  0.04583195, -0.29881479,  0.2525487 ,
       -0.00486946,  0.08340931, -0.23645557, -0.16346685,  0.45545977,
       -0.08262077, -0.43973631, -0.05863173, -0.01639522, -0.10785337,
       -0.23006846,  0.11112831,  0.37677606, -0.0612673 ]) 

Generation: 255 
 - Generation Avg Fit: 4902.395408604492 
 - Best Fitness: 6425.5395081600445 
 - Worst Fitness: 0.0
 - Best Solution: array([-0.2604578 , -0.23637942, -0.00981318, -0.31920006,  0.29930709,
       -0.3969568 ,  0.17223643, -0.03953476, -0.15225649,  0.09573266,
        0.02002581, -0.15194828,  0.1401079 ,  0.04377874,  0.12529653,
       -0.09306741, -0.15987701,  0.07436327,  0.18810553,  0.15976692,
        0.02108795,  0.13036885,  0.43804493,  0.06311022, -0.39788147,
       -0.41072971,  0.00138256,  0.16520237, -0.36454235,  0.03787231,
        0.07254782,  0.12611574,  0.19715991,  0.19270786, -0.06308669,
        0.53258869, -0.07448154,  0.00573609,  0.41910079,  0.02106444,
       -0.2015493 ,  0.0302422 ,  0.50359319, -0.12955148, -0.26711782,
        0.03334305,  0.51154456,  0.04583195, -0.29881479,  0.2525487 ,
       -0.00486946,  0.08340931, -0.23645557, -0.16346685,  0.45545977,
       -0.08262077, -0.43973631, -0.05863173, -0.01639522, -0.10785337,
       -0.23006846,  0.11112831,  0.37677606, -0.0612673 ]) 

Generation: 256 
 - Generation Avg Fit: 4663.747232279486 
 - Best Fitness: 6425.5395081600445 
 - Worst Fitness: 0.0
 - Best Solution: array([-0.2604578 , -0.23637942, -0.00981318, -0.31920006,  0.29930709,
       -0.3969568 ,  0.17223643, -0.03953476, -0.15225649,  0.09573266,
        0.02002581, -0.15194828,  0.1401079 ,  0.04377874,  0.12529653,
       -0.09306741, -0.15987701,  0.07436327,  0.18810553,  0.15976692,
        0.02108795,  0.13036885,  0.43804493,  0.06311022, -0.39788147,
       -0.41072971,  0.00138256,  0.16520237, -0.36454235,  0.03787231,
        0.07254782,  0.12611574,  0.19715991,  0.19270786, -0.06308669,
        0.53258869, -0.07448154,  0.00573609,  0.41910079,  0.02106444,
       -0.2015493 ,  0.0302422 ,  0.50359319, -0.12955148, -0.26711782,
        0.03334305,  0.51154456,  0.04583195, -0.29881479,  0.2525487 ,
       -0.00486946,  0.08340931, -0.23645557, -0.16346685,  0.45545977,
       -0.08262077, -0.43973631, -0.05863173, -0.01639522, -0.10785337,
       -0.23006846,  0.11112831,  0.37677606, -0.0612673 ]) 

Generation: 257 
 - Generation Avg Fit: 4696.105972109107 
 - Best Fitness: 6425.5395081600445 
 - Worst Fitness: 0.0
 - Best Solution: array([-0.2604578 , -0.23637942, -0.00981318, -0.31920006,  0.29930709,
       -0.3969568 ,  0.17223643, -0.03953476, -0.15225649,  0.09573266,
        0.02002581, -0.15194828,  0.1401079 ,  0.04377874,  0.12529653,
       -0.09306741, -0.15987701,  0.07436327,  0.18810553,  0.15976692,
        0.02108795,  0.13036885,  0.43804493,  0.06311022, -0.39788147,
       -0.41072971,  0.00138256,  0.16520237, -0.36454235,  0.03787231,
        0.07254782,  0.12611574,  0.19715991,  0.19270786, -0.06308669,
        0.53258869, -0.07448154,  0.00573609,  0.41910079,  0.02106444,
       -0.2015493 ,  0.0302422 ,  0.50359319, -0.12955148, -0.26711782,
        0.03334305,  0.51154456,  0.04583195, -0.29881479,  0.2525487 ,
       -0.00486946,  0.08340931, -0.23645557, -0.16346685,  0.45545977,
       -0.08262077, -0.43973631, -0.05863173, -0.01639522, -0.10785337,
       -0.23006846,  0.11112831,  0.37677606, -0.0612673 ]) 

Generation: 258 
 - Generation Avg Fit: 4417.493432204702 
 - Best Fitness: 6425.5395081600445 
 - Worst Fitness: 0.0
 - Best Solution: array([-0.2604578 , -0.23637942, -0.00981318, -0.31920006,  0.29930709,
       -0.3969568 ,  0.17223643, -0.03953476, -0.15225649,  0.09573266,
        0.02002581, -0.15194828,  0.1401079 ,  0.04377874,  0.12529653,
       -0.09306741, -0.15987701,  0.07436327,  0.18810553,  0.15976692,
        0.02108795,  0.13036885,  0.43804493,  0.06311022, -0.39788147,
       -0.41072971,  0.00138256,  0.16520237, -0.36454235,  0.03787231,
        0.07254782,  0.12611574,  0.19715991,  0.19270786, -0.06308669,
        0.53258869, -0.07448154,  0.00573609,  0.41910079,  0.02106444,
       -0.2015493 ,  0.0302422 ,  0.50359319, -0.12955148, -0.26711782,
        0.03334305,  0.51154456,  0.04583195, -0.29881479,  0.2525487 ,
       -0.00486946,  0.08340931, -0.23645557, -0.16346685,  0.45545977,
       -0.08262077, -0.43973631, -0.05863173, -0.01639522, -0.10785337,
       -0.23006846,  0.11112831,  0.37677606, -0.0612673 ]) 

Generation: 259 
 - Generation Avg Fit: 4505.141012981119 
 - Best Fitness: 6425.5395081600445 
 - Worst Fitness: 0.0
 - Best Solution: array([-0.2604578 , -0.23637942, -0.00981318, -0.31920006,  0.29930709,
       -0.3969568 ,  0.17223643, -0.03953476, -0.15225649,  0.09573266,
        0.02002581, -0.15194828,  0.1401079 ,  0.04377874,  0.12529653,
       -0.09306741, -0.15987701,  0.07436327,  0.18810553,  0.15976692,
        0.02108795,  0.13036885,  0.43804493,  0.06311022, -0.39788147,
       -0.41072971,  0.00138256,  0.16520237, -0.36454235,  0.03787231,
        0.07254782,  0.12611574,  0.19715991,  0.19270786, -0.06308669,
        0.53258869, -0.07448154,  0.00573609,  0.41910079,  0.02106444,
       -0.2015493 ,  0.0302422 ,  0.50359319, -0.12955148, -0.26711782,
        0.03334305,  0.51154456,  0.04583195, -0.29881479,  0.2525487 ,
       -0.00486946,  0.08340931, -0.23645557, -0.16346685,  0.45545977,
       -0.08262077, -0.43973631, -0.05863173, -0.01639522, -0.10785337,
       -0.23006846,  0.11112831,  0.37677606, -0.0612673 ]) 

Generation: 260 
 - Generation Avg Fit: 4497.917041203896 
 - Best Fitness: 6425.5395081600445 
 - Worst Fitness: 0.0
 - Best Solution: array([-0.2604578 , -0.23637942, -0.00981318, -0.31920006,  0.29930709,
       -0.3969568 ,  0.17223643, -0.03953476, -0.15225649,  0.09573266,
        0.02002581, -0.15194828,  0.1401079 ,  0.04377874,  0.12529653,
       -0.09306741, -0.15987701,  0.07436327,  0.18810553,  0.15976692,
        0.02108795,  0.13036885,  0.43804493,  0.06311022, -0.39788147,
       -0.41072971,  0.00138256,  0.16520237, -0.36454235,  0.03787231,
        0.07254782,  0.12611574,  0.19715991,  0.19270786, -0.06308669,
        0.53258869, -0.07448154,  0.00573609,  0.41910079,  0.02106444,
       -0.2015493 ,  0.0302422 ,  0.50359319, -0.12955148, -0.26711782,
        0.03334305,  0.51154456,  0.04583195, -0.29881479,  0.2525487 ,
       -0.00486946,  0.08340931, -0.23645557, -0.16346685,  0.45545977,
       -0.08262077, -0.43973631, -0.05863173, -0.01639522, -0.10785337,
       -0.23006846,  0.11112831,  0.37677606, -0.0612673 ]) 

Generation: 261 
 - Generation Avg Fit: 4609.164507508947 
 - Best Fitness: 6425.5395081600445 
 - Worst Fitness: 0.0
 - Best Solution: array([-0.2604578 , -0.23637942, -0.00981318, -0.31920006,  0.29930709,
       -0.3969568 ,  0.17223643, -0.03953476, -0.15225649,  0.09573266,
        0.02002581, -0.15194828,  0.1401079 ,  0.04377874,  0.12529653,
       -0.09306741, -0.15987701,  0.07436327,  0.18810553,  0.15976692,
        0.02108795,  0.13036885,  0.43804493,  0.06311022, -0.39788147,
       -0.41072971,  0.00138256,  0.16520237, -0.36454235,  0.03787231,
        0.07254782,  0.12611574,  0.19715991,  0.19270786, -0.06308669,
        0.53258869, -0.07448154,  0.00573609,  0.41910079,  0.02106444,
       -0.2015493 ,  0.0302422 ,  0.50359319, -0.12955148, -0.26711782,
        0.03334305,  0.51154456,  0.04583195, -0.29881479,  0.2525487 ,
       -0.00486946,  0.08340931, -0.23645557, -0.16346685,  0.45545977,
       -0.08262077, -0.43973631, -0.05863173, -0.01639522, -0.10785337,
       -0.23006846,  0.11112831,  0.37677606, -0.0612673 ]) 

Generation: 262 
 - Generation Avg Fit: 4375.118591414202 
 - Best Fitness: 6425.5395081600445 
 - Worst Fitness: 0.0
 - Best Solution: array([-0.2604578 , -0.23637942, -0.00981318, -0.31920006,  0.29930709,
       -0.3969568 ,  0.17223643, -0.03953476, -0.15225649,  0.09573266,
        0.02002581, -0.15194828,  0.1401079 ,  0.04377874,  0.12529653,
       -0.09306741, -0.15987701,  0.07436327,  0.18810553,  0.15976692,
        0.02108795,  0.13036885,  0.43804493,  0.06311022, -0.39788147,
       -0.41072971,  0.00138256,  0.16520237, -0.36454235,  0.03787231,
        0.07254782,  0.12611574,  0.19715991,  0.19270786, -0.06308669,
        0.53258869, -0.07448154,  0.00573609,  0.41910079,  0.02106444,
       -0.2015493 ,  0.0302422 ,  0.50359319, -0.12955148, -0.26711782,
        0.03334305,  0.51154456,  0.04583195, -0.29881479,  0.2525487 ,
       -0.00486946,  0.08340931, -0.23645557, -0.16346685,  0.45545977,
       -0.08262077, -0.43973631, -0.05863173, -0.01639522, -0.10785337,
       -0.23006846,  0.11112831,  0.37677606, -0.0612673 ]) 

Generation: 263 
 - Generation Avg Fit: 4709.276861373138 
 - Best Fitness: 6425.5395081600445 
 - Worst Fitness: 0.0
 - Best Solution: array([-0.2604578 , -0.23637942, -0.00981318, -0.31920006,  0.29930709,
       -0.3969568 ,  0.17223643, -0.03953476, -0.15225649,  0.09573266,
        0.02002581, -0.15194828,  0.1401079 ,  0.04377874,  0.12529653,
       -0.09306741, -0.15987701,  0.07436327,  0.18810553,  0.15976692,
        0.02108795,  0.13036885,  0.43804493,  0.06311022, -0.39788147,
       -0.41072971,  0.00138256,  0.16520237, -0.36454235,  0.03787231,
        0.07254782,  0.12611574,  0.19715991,  0.19270786, -0.06308669,
        0.53258869, -0.07448154,  0.00573609,  0.41910079,  0.02106444,
       -0.2015493 ,  0.0302422 ,  0.50359319, -0.12955148, -0.26711782,
        0.03334305,  0.51154456,  0.04583195, -0.29881479,  0.2525487 ,
       -0.00486946,  0.08340931, -0.23645557, -0.16346685,  0.45545977,
       -0.08262077, -0.43973631, -0.05863173, -0.01639522, -0.10785337,
       -0.23006846,  0.11112831,  0.37677606, -0.0612673 ]) 

Generation: 264 
 - Generation Avg Fit: 4563.0278992185595 
 - Best Fitness: 6425.5395081600445 
 - Worst Fitness: 0.0
 - Best Solution: array([-0.2604578 , -0.23637942, -0.00981318, -0.31920006,  0.29930709,
       -0.3969568 ,  0.17223643, -0.03953476, -0.15225649,  0.09573266,
        0.02002581, -0.15194828,  0.1401079 ,  0.04377874,  0.12529653,
       -0.09306741, -0.15987701,  0.07436327,  0.18810553,  0.15976692,
        0.02108795,  0.13036885,  0.43804493,  0.06311022, -0.39788147,
       -0.41072971,  0.00138256,  0.16520237, -0.36454235,  0.03787231,
        0.07254782,  0.12611574,  0.19715991,  0.19270786, -0.06308669,
        0.53258869, -0.07448154,  0.00573609,  0.41910079,  0.02106444,
       -0.2015493 ,  0.0302422 ,  0.50359319, -0.12955148, -0.26711782,
        0.03334305,  0.51154456,  0.04583195, -0.29881479,  0.2525487 ,
       -0.00486946,  0.08340931, -0.23645557, -0.16346685,  0.45545977,
       -0.08262077, -0.43973631, -0.05863173, -0.01639522, -0.10785337,
       -0.23006846,  0.11112831,  0.37677606, -0.0612673 ]) 

Generation: 265 
 - Generation Avg Fit: 4645.923328620606 
 - Best Fitness: 6425.5395081600445 
 - Worst Fitness: 0.0
 - Best Solution: array([-0.2604578 , -0.23637942, -0.00981318, -0.31920006,  0.29930709,
       -0.3969568 ,  0.17223643, -0.03953476, -0.15225649,  0.09573266,
        0.02002581, -0.15194828,  0.1401079 ,  0.04377874,  0.12529653,
       -0.09306741, -0.15987701,  0.07436327,  0.18810553,  0.15976692,
        0.02108795,  0.13036885,  0.43804493,  0.06311022, -0.39788147,
       -0.41072971,  0.00138256,  0.16520237, -0.36454235,  0.03787231,
        0.07254782,  0.12611574,  0.19715991,  0.19270786, -0.06308669,
        0.53258869, -0.07448154,  0.00573609,  0.41910079,  0.02106444,
       -0.2015493 ,  0.0302422 ,  0.50359319, -0.12955148, -0.26711782,
        0.03334305,  0.51154456,  0.04583195, -0.29881479,  0.2525487 ,
       -0.00486946,  0.08340931, -0.23645557, -0.16346685,  0.45545977,
       -0.08262077, -0.43973631, -0.05863173, -0.01639522, -0.10785337,
       -0.23006846,  0.11112831,  0.37677606, -0.0612673 ]) 

Generation: 266 
 - Generation Avg Fit: 4669.093026805777 
 - Best Fitness: 6425.5395081600445 
 - Worst Fitness: 0.0
 - Best Solution: array([-0.2604578 , -0.23637942, -0.00981318, -0.31920006,  0.29930709,
       -0.3969568 ,  0.17223643, -0.03953476, -0.15225649,  0.09573266,
        0.02002581, -0.15194828,  0.1401079 ,  0.04377874,  0.12529653,
       -0.09306741, -0.15987701,  0.07436327,  0.18810553,  0.15976692,
        0.02108795,  0.13036885,  0.43804493,  0.06311022, -0.39788147,
       -0.41072971,  0.00138256,  0.16520237, -0.36454235,  0.03787231,
        0.07254782,  0.12611574,  0.19715991,  0.19270786, -0.06308669,
        0.53258869, -0.07448154,  0.00573609,  0.41910079,  0.02106444,
       -0.2015493 ,  0.0302422 ,  0.50359319, -0.12955148, -0.26711782,
        0.03334305,  0.51154456,  0.04583195, -0.29881479,  0.2525487 ,
       -0.00486946,  0.08340931, -0.23645557, -0.16346685,  0.45545977,
       -0.08262077, -0.43973631, -0.05863173, -0.01639522, -0.10785337,
       -0.23006846,  0.11112831,  0.37677606, -0.0612673 ]) 

Generation: 267 
 - Generation Avg Fit: 4672.210618131588 
 - Best Fitness: 6425.5395081600445 
 - Worst Fitness: 0.0
 - Best Solution: array([-0.2604578 , -0.23637942, -0.00981318, -0.31920006,  0.29930709,
       -0.3969568 ,  0.17223643, -0.03953476, -0.15225649,  0.09573266,
        0.02002581, -0.15194828,  0.1401079 ,  0.04377874,  0.12529653,
       -0.09306741, -0.15987701,  0.07436327,  0.18810553,  0.15976692,
        0.02108795,  0.13036885,  0.43804493,  0.06311022, -0.39788147,
       -0.41072971,  0.00138256,  0.16520237, -0.36454235,  0.03787231,
        0.07254782,  0.12611574,  0.19715991,  0.19270786, -0.06308669,
        0.53258869, -0.07448154,  0.00573609,  0.41910079,  0.02106444,
       -0.2015493 ,  0.0302422 ,  0.50359319, -0.12955148, -0.26711782,
        0.03334305,  0.51154456,  0.04583195, -0.29881479,  0.2525487 ,
       -0.00486946,  0.08340931, -0.23645557, -0.16346685,  0.45545977,
       -0.08262077, -0.43973631, -0.05863173, -0.01639522, -0.10785337,
       -0.23006846,  0.11112831,  0.37677606, -0.0612673 ]) 

Generation: 268 
 - Generation Avg Fit: 4589.73052257528 
 - Best Fitness: 6425.5395081600445 
 - Worst Fitness: 0.0
 - Best Solution: array([-0.2604578 , -0.23637942, -0.00981318, -0.31920006,  0.29930709,
       -0.3969568 ,  0.17223643, -0.03953476, -0.15225649,  0.09573266,
        0.02002581, -0.15194828,  0.1401079 ,  0.04377874,  0.12529653,
       -0.09306741, -0.15987701,  0.07436327,  0.18810553,  0.15976692,
        0.02108795,  0.13036885,  0.43804493,  0.06311022, -0.39788147,
       -0.41072971,  0.00138256,  0.16520237, -0.36454235,  0.03787231,
        0.07254782,  0.12611574,  0.19715991,  0.19270786, -0.06308669,
        0.53258869, -0.07448154,  0.00573609,  0.41910079,  0.02106444,
       -0.2015493 ,  0.0302422 ,  0.50359319, -0.12955148, -0.26711782,
        0.03334305,  0.51154456,  0.04583195, -0.29881479,  0.2525487 ,
       -0.00486946,  0.08340931, -0.23645557, -0.16346685,  0.45545977,
       -0.08262077, -0.43973631, -0.05863173, -0.01639522, -0.10785337,
       -0.23006846,  0.11112831,  0.37677606, -0.0612673 ]) 

Generation: 269 
 - Generation Avg Fit: 4419.295161529029 
 - Best Fitness: 6425.5395081600445 
 - Worst Fitness: 0.0
 - Best Solution: array([-0.2604578 , -0.23637942, -0.00981318, -0.31920006,  0.29930709,
       -0.3969568 ,  0.17223643, -0.03953476, -0.15225649,  0.09573266,
        0.02002581, -0.15194828,  0.1401079 ,  0.04377874,  0.12529653,
       -0.09306741, -0.15987701,  0.07436327,  0.18810553,  0.15976692,
        0.02108795,  0.13036885,  0.43804493,  0.06311022, -0.39788147,
       -0.41072971,  0.00138256,  0.16520237, -0.36454235,  0.03787231,
        0.07254782,  0.12611574,  0.19715991,  0.19270786, -0.06308669,
        0.53258869, -0.07448154,  0.00573609,  0.41910079,  0.02106444,
       -0.2015493 ,  0.0302422 ,  0.50359319, -0.12955148, -0.26711782,
        0.03334305,  0.51154456,  0.04583195, -0.29881479,  0.2525487 ,
       -0.00486946,  0.08340931, -0.23645557, -0.16346685,  0.45545977,
       -0.08262077, -0.43973631, -0.05863173, -0.01639522, -0.10785337,
       -0.23006846,  0.11112831,  0.37677606, -0.0612673 ]) 

Generation: 270 
 - Generation Avg Fit: 4739.385962046299 
 - Best Fitness: 6425.5395081600445 
 - Worst Fitness: 0.0
 - Best Solution: array([-0.2604578 , -0.23637942, -0.00981318, -0.31920006,  0.29930709,
       -0.3969568 ,  0.17223643, -0.03953476, -0.15225649,  0.09573266,
        0.02002581, -0.15194828,  0.1401079 ,  0.04377874,  0.12529653,
       -0.09306741, -0.15987701,  0.07436327,  0.18810553,  0.15976692,
        0.02108795,  0.13036885,  0.43804493,  0.06311022, -0.39788147,
       -0.41072971,  0.00138256,  0.16520237, -0.36454235,  0.03787231,
        0.07254782,  0.12611574,  0.19715991,  0.19270786, -0.06308669,
        0.53258869, -0.07448154,  0.00573609,  0.41910079,  0.02106444,
       -0.2015493 ,  0.0302422 ,  0.50359319, -0.12955148, -0.26711782,
        0.03334305,  0.51154456,  0.04583195, -0.29881479,  0.2525487 ,
       -0.00486946,  0.08340931, -0.23645557, -0.16346685,  0.45545977,
       -0.08262077, -0.43973631, -0.05863173, -0.01639522, -0.10785337,
       -0.23006846,  0.11112831,  0.37677606, -0.0612673 ]) 

Generation: 271 
 - Generation Avg Fit: 4549.078757167611 
 - Best Fitness: 6425.5395081600445 
 - Worst Fitness: 0.0
 - Best Solution: array([-0.2604578 , -0.23637942, -0.00981318, -0.31920006,  0.29930709,
       -0.3969568 ,  0.17223643, -0.03953476, -0.15225649,  0.09573266,
        0.02002581, -0.15194828,  0.1401079 ,  0.04377874,  0.12529653,
       -0.09306741, -0.15987701,  0.07436327,  0.18810553,  0.15976692,
        0.02108795,  0.13036885,  0.43804493,  0.06311022, -0.39788147,
       -0.41072971,  0.00138256,  0.16520237, -0.36454235,  0.03787231,
        0.07254782,  0.12611574,  0.19715991,  0.19270786, -0.06308669,
        0.53258869, -0.07448154,  0.00573609,  0.41910079,  0.02106444,
       -0.2015493 ,  0.0302422 ,  0.50359319, -0.12955148, -0.26711782,
        0.03334305,  0.51154456,  0.04583195, -0.29881479,  0.2525487 ,
       -0.00486946,  0.08340931, -0.23645557, -0.16346685,  0.45545977,
       -0.08262077, -0.43973631, -0.05863173, -0.01639522, -0.10785337,
       -0.23006846,  0.11112831,  0.37677606, -0.0612673 ]) 

Generation: 272 
 - Generation Avg Fit: 4698.730036750589 
 - Best Fitness: 6425.5395081600445 
 - Worst Fitness: 0.0
 - Best Solution: array([-0.2604578 , -0.23637942, -0.00981318, -0.31920006,  0.29930709,
       -0.3969568 ,  0.17223643, -0.03953476, -0.15225649,  0.09573266,
        0.02002581, -0.15194828,  0.1401079 ,  0.04377874,  0.12529653,
       -0.09306741, -0.15987701,  0.07436327,  0.18810553,  0.15976692,
        0.02108795,  0.13036885,  0.43804493,  0.06311022, -0.39788147,
       -0.41072971,  0.00138256,  0.16520237, -0.36454235,  0.03787231,
        0.07254782,  0.12611574,  0.19715991,  0.19270786, -0.06308669,
        0.53258869, -0.07448154,  0.00573609,  0.41910079,  0.02106444,
       -0.2015493 ,  0.0302422 ,  0.50359319, -0.12955148, -0.26711782,
        0.03334305,  0.51154456,  0.04583195, -0.29881479,  0.2525487 ,
       -0.00486946,  0.08340931, -0.23645557, -0.16346685,  0.45545977,
       -0.08262077, -0.43973631, -0.05863173, -0.01639522, -0.10785337,
       -0.23006846,  0.11112831,  0.37677606, -0.0612673 ]) 

Generation: 273 
 - Generation Avg Fit: 4699.217591263595 
 - Best Fitness: 6425.5395081600445 
 - Worst Fitness: 0.0
 - Best Solution: array([-0.2604578 , -0.23637942, -0.00981318, -0.31920006,  0.29930709,
       -0.3969568 ,  0.17223643, -0.03953476, -0.15225649,  0.09573266,
        0.02002581, -0.15194828,  0.1401079 ,  0.04377874,  0.12529653,
       -0.09306741, -0.15987701,  0.07436327,  0.18810553,  0.15976692,
        0.02108795,  0.13036885,  0.43804493,  0.06311022, -0.39788147,
       -0.41072971,  0.00138256,  0.16520237, -0.36454235,  0.03787231,
        0.07254782,  0.12611574,  0.19715991,  0.19270786, -0.06308669,
        0.53258869, -0.07448154,  0.00573609,  0.41910079,  0.02106444,
       -0.2015493 ,  0.0302422 ,  0.50359319, -0.12955148, -0.26711782,
        0.03334305,  0.51154456,  0.04583195, -0.29881479,  0.2525487 ,
       -0.00486946,  0.08340931, -0.23645557, -0.16346685,  0.45545977,
       -0.08262077, -0.43973631, -0.05863173, -0.01639522, -0.10785337,
       -0.23006846,  0.11112831,  0.37677606, -0.0612673 ]) 

Generation: 274 
 - Generation Avg Fit: 4596.374309876886 
 - Best Fitness: 6425.5395081600445 
 - Worst Fitness: 0.0
 - Best Solution: array([-0.2604578 , -0.23637942, -0.00981318, -0.31920006,  0.29930709,
       -0.3969568 ,  0.17223643, -0.03953476, -0.15225649,  0.09573266,
        0.02002581, -0.15194828,  0.1401079 ,  0.04377874,  0.12529653,
       -0.09306741, -0.15987701,  0.07436327,  0.18810553,  0.15976692,
        0.02108795,  0.13036885,  0.43804493,  0.06311022, -0.39788147,
       -0.41072971,  0.00138256,  0.16520237, -0.36454235,  0.03787231,
        0.07254782,  0.12611574,  0.19715991,  0.19270786, -0.06308669,
        0.53258869, -0.07448154,  0.00573609,  0.41910079,  0.02106444,
       -0.2015493 ,  0.0302422 ,  0.50359319, -0.12955148, -0.26711782,
        0.03334305,  0.51154456,  0.04583195, -0.29881479,  0.2525487 ,
       -0.00486946,  0.08340931, -0.23645557, -0.16346685,  0.45545977,
       -0.08262077, -0.43973631, -0.05863173, -0.01639522, -0.10785337,
       -0.23006846,  0.11112831,  0.37677606, -0.0612673 ]) 

Generation: 275 
 - Generation Avg Fit: 4607.264405604289 
 - Best Fitness: 6425.5395081600445 
 - Worst Fitness: 0.0
 - Best Solution: array([-0.2604578 , -0.23637942, -0.00981318, -0.31920006,  0.29930709,
       -0.3969568 ,  0.17223643, -0.03953476, -0.15225649,  0.09573266,
        0.02002581, -0.15194828,  0.1401079 ,  0.04377874,  0.12529653,
       -0.09306741, -0.15987701,  0.07436327,  0.18810553,  0.15976692,
        0.02108795,  0.13036885,  0.43804493,  0.06311022, -0.39788147,
       -0.41072971,  0.00138256,  0.16520237, -0.36454235,  0.03787231,
        0.07254782,  0.12611574,  0.19715991,  0.19270786, -0.06308669,
        0.53258869, -0.07448154,  0.00573609,  0.41910079,  0.02106444,
       -0.2015493 ,  0.0302422 ,  0.50359319, -0.12955148, -0.26711782,
        0.03334305,  0.51154456,  0.04583195, -0.29881479,  0.2525487 ,
       -0.00486946,  0.08340931, -0.23645557, -0.16346685,  0.45545977,
       -0.08262077, -0.43973631, -0.05863173, -0.01639522, -0.10785337,
       -0.23006846,  0.11112831,  0.37677606, -0.0612673 ]) 

Generation: 276 
 - Generation Avg Fit: 4416.9602291963665 
 - Best Fitness: 6425.5395081600445 
 - Worst Fitness: 0.0
 - Best Solution: array([-0.2604578 , -0.23637942, -0.00981318, -0.31920006,  0.29930709,
       -0.3969568 ,  0.17223643, -0.03953476, -0.15225649,  0.09573266,
        0.02002581, -0.15194828,  0.1401079 ,  0.04377874,  0.12529653,
       -0.09306741, -0.15987701,  0.07436327,  0.18810553,  0.15976692,
        0.02108795,  0.13036885,  0.43804493,  0.06311022, -0.39788147,
       -0.41072971,  0.00138256,  0.16520237, -0.36454235,  0.03787231,
        0.07254782,  0.12611574,  0.19715991,  0.19270786, -0.06308669,
        0.53258869, -0.07448154,  0.00573609,  0.41910079,  0.02106444,
       -0.2015493 ,  0.0302422 ,  0.50359319, -0.12955148, -0.26711782,
        0.03334305,  0.51154456,  0.04583195, -0.29881479,  0.2525487 ,
       -0.00486946,  0.08340931, -0.23645557, -0.16346685,  0.45545977,
       -0.08262077, -0.43973631, -0.05863173, -0.01639522, -0.10785337,
       -0.23006846,  0.11112831,  0.37677606, -0.0612673 ]) 

Generation: 277 
 - Generation Avg Fit: 4521.652026494627 
 - Best Fitness: 6425.5395081600445 
 - Worst Fitness: 0.0
 - Best Solution: array([-0.2604578 , -0.23637942, -0.00981318, -0.31920006,  0.29930709,
       -0.3969568 ,  0.17223643, -0.03953476, -0.15225649,  0.09573266,
        0.02002581, -0.15194828,  0.1401079 ,  0.04377874,  0.12529653,
       -0.09306741, -0.15987701,  0.07436327,  0.18810553,  0.15976692,
        0.02108795,  0.13036885,  0.43804493,  0.06311022, -0.39788147,
       -0.41072971,  0.00138256,  0.16520237, -0.36454235,  0.03787231,
        0.07254782,  0.12611574,  0.19715991,  0.19270786, -0.06308669,
        0.53258869, -0.07448154,  0.00573609,  0.41910079,  0.02106444,
       -0.2015493 ,  0.0302422 ,  0.50359319, -0.12955148, -0.26711782,
        0.03334305,  0.51154456,  0.04583195, -0.29881479,  0.2525487 ,
       -0.00486946,  0.08340931, -0.23645557, -0.16346685,  0.45545977,
       -0.08262077, -0.43973631, -0.05863173, -0.01639522, -0.10785337,
       -0.23006846,  0.11112831,  0.37677606, -0.0612673 ]) 

Generation: 278 
 - Generation Avg Fit: 4831.859970623892 
 - Best Fitness: 6425.5395081600445 
 - Worst Fitness: 0.0
 - Best Solution: array([-0.2604578 , -0.23637942, -0.00981318, -0.31920006,  0.29930709,
       -0.3969568 ,  0.17223643, -0.03953476, -0.15225649,  0.09573266,
        0.02002581, -0.15194828,  0.1401079 ,  0.04377874,  0.12529653,
       -0.09306741, -0.15987701,  0.07436327,  0.18810553,  0.15976692,
        0.02108795,  0.13036885,  0.43804493,  0.06311022, -0.39788147,
       -0.41072971,  0.00138256,  0.16520237, -0.36454235,  0.03787231,
        0.07254782,  0.12611574,  0.19715991,  0.19270786, -0.06308669,
        0.53258869, -0.07448154,  0.00573609,  0.41910079,  0.02106444,
       -0.2015493 ,  0.0302422 ,  0.50359319, -0.12955148, -0.26711782,
        0.03334305,  0.51154456,  0.04583195, -0.29881479,  0.2525487 ,
       -0.00486946,  0.08340931, -0.23645557, -0.16346685,  0.45545977,
       -0.08262077, -0.43973631, -0.05863173, -0.01639522, -0.10785337,
       -0.23006846,  0.11112831,  0.37677606, -0.0612673 ]) 

Generation: 279 
 - Generation Avg Fit: 4736.547471870541 
 - Best Fitness: 6425.5395081600445 
 - Worst Fitness: 0.0
 - Best Solution: array([-0.2604578 , -0.23637942, -0.00981318, -0.31920006,  0.29930709,
       -0.3969568 ,  0.17223643, -0.03953476, -0.15225649,  0.09573266,
        0.02002581, -0.15194828,  0.1401079 ,  0.04377874,  0.12529653,
       -0.09306741, -0.15987701,  0.07436327,  0.18810553,  0.15976692,
        0.02108795,  0.13036885,  0.43804493,  0.06311022, -0.39788147,
       -0.41072971,  0.00138256,  0.16520237, -0.36454235,  0.03787231,
        0.07254782,  0.12611574,  0.19715991,  0.19270786, -0.06308669,
        0.53258869, -0.07448154,  0.00573609,  0.41910079,  0.02106444,
       -0.2015493 ,  0.0302422 ,  0.50359319, -0.12955148, -0.26711782,
        0.03334305,  0.51154456,  0.04583195, -0.29881479,  0.2525487 ,
       -0.00486946,  0.08340931, -0.23645557, -0.16346685,  0.45545977,
       -0.08262077, -0.43973631, -0.05863173, -0.01639522, -0.10785337,
       -0.23006846,  0.11112831,  0.37677606, -0.0612673 ]) 

Generation: 280 
 - Generation Avg Fit: 4702.9031425905505 
 - Best Fitness: 6425.5395081600445 
 - Worst Fitness: 0.0
 - Best Solution: array([-0.2604578 , -0.23637942, -0.00981318, -0.31920006,  0.29930709,
       -0.3969568 ,  0.17223643, -0.03953476, -0.15225649,  0.09573266,
        0.02002581, -0.15194828,  0.1401079 ,  0.04377874,  0.12529653,
       -0.09306741, -0.15987701,  0.07436327,  0.18810553,  0.15976692,
        0.02108795,  0.13036885,  0.43804493,  0.06311022, -0.39788147,
       -0.41072971,  0.00138256,  0.16520237, -0.36454235,  0.03787231,
        0.07254782,  0.12611574,  0.19715991,  0.19270786, -0.06308669,
        0.53258869, -0.07448154,  0.00573609,  0.41910079,  0.02106444,
       -0.2015493 ,  0.0302422 ,  0.50359319, -0.12955148, -0.26711782,
        0.03334305,  0.51154456,  0.04583195, -0.29881479,  0.2525487 ,
       -0.00486946,  0.08340931, -0.23645557, -0.16346685,  0.45545977,
       -0.08262077, -0.43973631, -0.05863173, -0.01639522, -0.10785337,
       -0.23006846,  0.11112831,  0.37677606, -0.0612673 ]) 

Generation: 281 
 - Generation Avg Fit: 4521.333616794695 
 - Best Fitness: 6425.5395081600445 
 - Worst Fitness: 0.0
 - Best Solution: array([-0.2604578 , -0.23637942, -0.00981318, -0.31920006,  0.29930709,
       -0.3969568 ,  0.17223643, -0.03953476, -0.15225649,  0.09573266,
        0.02002581, -0.15194828,  0.1401079 ,  0.04377874,  0.12529653,
       -0.09306741, -0.15987701,  0.07436327,  0.18810553,  0.15976692,
        0.02108795,  0.13036885,  0.43804493,  0.06311022, -0.39788147,
       -0.41072971,  0.00138256,  0.16520237, -0.36454235,  0.03787231,
        0.07254782,  0.12611574,  0.19715991,  0.19270786, -0.06308669,
        0.53258869, -0.07448154,  0.00573609,  0.41910079,  0.02106444,
       -0.2015493 ,  0.0302422 ,  0.50359319, -0.12955148, -0.26711782,
        0.03334305,  0.51154456,  0.04583195, -0.29881479,  0.2525487 ,
       -0.00486946,  0.08340931, -0.23645557, -0.16346685,  0.45545977,
       -0.08262077, -0.43973631, -0.05863173, -0.01639522, -0.10785337,
       -0.23006846,  0.11112831,  0.37677606, -0.0612673 ]) 

Generation: 282 
 - Generation Avg Fit: 4584.549540425474 
 - Best Fitness: 6425.5395081600445 
 - Worst Fitness: 0.0
 - Best Solution: array([-0.2604578 , -0.23637942, -0.00981318, -0.31920006,  0.29930709,
       -0.3969568 ,  0.17223643, -0.03953476, -0.15225649,  0.09573266,
        0.02002581, -0.15194828,  0.1401079 ,  0.04377874,  0.12529653,
       -0.09306741, -0.15987701,  0.07436327,  0.18810553,  0.15976692,
        0.02108795,  0.13036885,  0.43804493,  0.06311022, -0.39788147,
       -0.41072971,  0.00138256,  0.16520237, -0.36454235,  0.03787231,
        0.07254782,  0.12611574,  0.19715991,  0.19270786, -0.06308669,
        0.53258869, -0.07448154,  0.00573609,  0.41910079,  0.02106444,
       -0.2015493 ,  0.0302422 ,  0.50359319, -0.12955148, -0.26711782,
        0.03334305,  0.51154456,  0.04583195, -0.29881479,  0.2525487 ,
       -0.00486946,  0.08340931, -0.23645557, -0.16346685,  0.45545977,
       -0.08262077, -0.43973631, -0.05863173, -0.01639522, -0.10785337,
       -0.23006846,  0.11112831,  0.37677606, -0.0612673 ]) 

Generation: 283 
 - Generation Avg Fit: 4652.922996306481 
 - Best Fitness: 6425.5395081600445 
 - Worst Fitness: 0.0
 - Best Solution: array([-0.2604578 , -0.23637942, -0.00981318, -0.31920006,  0.29930709,
       -0.3969568 ,  0.17223643, -0.03953476, -0.15225649,  0.09573266,
        0.02002581, -0.15194828,  0.1401079 ,  0.04377874,  0.12529653,
       -0.09306741, -0.15987701,  0.07436327,  0.18810553,  0.15976692,
        0.02108795,  0.13036885,  0.43804493,  0.06311022, -0.39788147,
       -0.41072971,  0.00138256,  0.16520237, -0.36454235,  0.03787231,
        0.07254782,  0.12611574,  0.19715991,  0.19270786, -0.06308669,
        0.53258869, -0.07448154,  0.00573609,  0.41910079,  0.02106444,
       -0.2015493 ,  0.0302422 ,  0.50359319, -0.12955148, -0.26711782,
        0.03334305,  0.51154456,  0.04583195, -0.29881479,  0.2525487 ,
       -0.00486946,  0.08340931, -0.23645557, -0.16346685,  0.45545977,
       -0.08262077, -0.43973631, -0.05863173, -0.01639522, -0.10785337,
       -0.23006846,  0.11112831,  0.37677606, -0.0612673 ]) 

Generation: 284 
 - Generation Avg Fit: 4618.740659292994 
 - Best Fitness: 6425.5395081600445 
 - Worst Fitness: 0.0
 - Best Solution: array([-0.2604578 , -0.23637942, -0.00981318, -0.31920006,  0.29930709,
       -0.3969568 ,  0.17223643, -0.03953476, -0.15225649,  0.09573266,
        0.02002581, -0.15194828,  0.1401079 ,  0.04377874,  0.12529653,
       -0.09306741, -0.15987701,  0.07436327,  0.18810553,  0.15976692,
        0.02108795,  0.13036885,  0.43804493,  0.06311022, -0.39788147,
       -0.41072971,  0.00138256,  0.16520237, -0.36454235,  0.03787231,
        0.07254782,  0.12611574,  0.19715991,  0.19270786, -0.06308669,
        0.53258869, -0.07448154,  0.00573609,  0.41910079,  0.02106444,
       -0.2015493 ,  0.0302422 ,  0.50359319, -0.12955148, -0.26711782,
        0.03334305,  0.51154456,  0.04583195, -0.29881479,  0.2525487 ,
       -0.00486946,  0.08340931, -0.23645557, -0.16346685,  0.45545977,
       -0.08262077, -0.43973631, -0.05863173, -0.01639522, -0.10785337,
       -0.23006846,  0.11112831,  0.37677606, -0.0612673 ]) 

Generation: 285 
 - Generation Avg Fit: 4562.501998463084 
 - Best Fitness: 6425.5395081600445 
 - Worst Fitness: 0.0
 - Best Solution: array([-0.2604578 , -0.23637942, -0.00981318, -0.31920006,  0.29930709,
       -0.3969568 ,  0.17223643, -0.03953476, -0.15225649,  0.09573266,
        0.02002581, -0.15194828,  0.1401079 ,  0.04377874,  0.12529653,
       -0.09306741, -0.15987701,  0.07436327,  0.18810553,  0.15976692,
        0.02108795,  0.13036885,  0.43804493,  0.06311022, -0.39788147,
       -0.41072971,  0.00138256,  0.16520237, -0.36454235,  0.03787231,
        0.07254782,  0.12611574,  0.19715991,  0.19270786, -0.06308669,
        0.53258869, -0.07448154,  0.00573609,  0.41910079,  0.02106444,
       -0.2015493 ,  0.0302422 ,  0.50359319, -0.12955148, -0.26711782,
        0.03334305,  0.51154456,  0.04583195, -0.29881479,  0.2525487 ,
       -0.00486946,  0.08340931, -0.23645557, -0.16346685,  0.45545977,
       -0.08262077, -0.43973631, -0.05863173, -0.01639522, -0.10785337,
       -0.23006846,  0.11112831,  0.37677606, -0.0612673 ]) 

Generation: 286 
 - Generation Avg Fit: 4377.1215986631605 
 - Best Fitness: 6425.5395081600445 
 - Worst Fitness: 0.0
 - Best Solution: array([-0.2604578 , -0.23637942, -0.00981318, -0.31920006,  0.29930709,
       -0.3969568 ,  0.17223643, -0.03953476, -0.15225649,  0.09573266,
        0.02002581, -0.15194828,  0.1401079 ,  0.04377874,  0.12529653,
       -0.09306741, -0.15987701,  0.07436327,  0.18810553,  0.15976692,
        0.02108795,  0.13036885,  0.43804493,  0.06311022, -0.39788147,
       -0.41072971,  0.00138256,  0.16520237, -0.36454235,  0.03787231,
        0.07254782,  0.12611574,  0.19715991,  0.19270786, -0.06308669,
        0.53258869, -0.07448154,  0.00573609,  0.41910079,  0.02106444,
       -0.2015493 ,  0.0302422 ,  0.50359319, -0.12955148, -0.26711782,
        0.03334305,  0.51154456,  0.04583195, -0.29881479,  0.2525487 ,
       -0.00486946,  0.08340931, -0.23645557, -0.16346685,  0.45545977,
       -0.08262077, -0.43973631, -0.05863173, -0.01639522, -0.10785337,
       -0.23006846,  0.11112831,  0.37677606, -0.0612673 ]) 

Generation: 287 
 - Generation Avg Fit: 4536.075032773183 
 - Best Fitness: 6425.5395081600445 
 - Worst Fitness: 0.0
 - Best Solution: array([-0.2604578 , -0.23637942, -0.00981318, -0.31920006,  0.29930709,
       -0.3969568 ,  0.17223643, -0.03953476, -0.15225649,  0.09573266,
        0.02002581, -0.15194828,  0.1401079 ,  0.04377874,  0.12529653,
       -0.09306741, -0.15987701,  0.07436327,  0.18810553,  0.15976692,
        0.02108795,  0.13036885,  0.43804493,  0.06311022, -0.39788147,
       -0.41072971,  0.00138256,  0.16520237, -0.36454235,  0.03787231,
        0.07254782,  0.12611574,  0.19715991,  0.19270786, -0.06308669,
        0.53258869, -0.07448154,  0.00573609,  0.41910079,  0.02106444,
       -0.2015493 ,  0.0302422 ,  0.50359319, -0.12955148, -0.26711782,
        0.03334305,  0.51154456,  0.04583195, -0.29881479,  0.2525487 ,
       -0.00486946,  0.08340931, -0.23645557, -0.16346685,  0.45545977,
       -0.08262077, -0.43973631, -0.05863173, -0.01639522, -0.10785337,
       -0.23006846,  0.11112831,  0.37677606, -0.0612673 ]) 

Generation: 288 
 - Generation Avg Fit: 4410.219880832534 
 - Best Fitness: 6425.5395081600445 
 - Worst Fitness: 0.0
 - Best Solution: array([-0.2604578 , -0.23637942, -0.00981318, -0.31920006,  0.29930709,
       -0.3969568 ,  0.17223643, -0.03953476, -0.15225649,  0.09573266,
        0.02002581, -0.15194828,  0.1401079 ,  0.04377874,  0.12529653,
       -0.09306741, -0.15987701,  0.07436327,  0.18810553,  0.15976692,
        0.02108795,  0.13036885,  0.43804493,  0.06311022, -0.39788147,
       -0.41072971,  0.00138256,  0.16520237, -0.36454235,  0.03787231,
        0.07254782,  0.12611574,  0.19715991,  0.19270786, -0.06308669,
        0.53258869, -0.07448154,  0.00573609,  0.41910079,  0.02106444,
       -0.2015493 ,  0.0302422 ,  0.50359319, -0.12955148, -0.26711782,
        0.03334305,  0.51154456,  0.04583195, -0.29881479,  0.2525487 ,
       -0.00486946,  0.08340931, -0.23645557, -0.16346685,  0.45545977,
       -0.08262077, -0.43973631, -0.05863173, -0.01639522, -0.10785337,
       -0.23006846,  0.11112831,  0.37677606, -0.0612673 ]) 

Generation: 289 
 - Generation Avg Fit: 4507.693476063703 
 - Best Fitness: 6425.5395081600445 
 - Worst Fitness: 0.0
 - Best Solution: array([-0.2604578 , -0.23637942, -0.00981318, -0.31920006,  0.29930709,
       -0.3969568 ,  0.17223643, -0.03953476, -0.15225649,  0.09573266,
        0.02002581, -0.15194828,  0.1401079 ,  0.04377874,  0.12529653,
       -0.09306741, -0.15987701,  0.07436327,  0.18810553,  0.15976692,
        0.02108795,  0.13036885,  0.43804493,  0.06311022, -0.39788147,
       -0.41072971,  0.00138256,  0.16520237, -0.36454235,  0.03787231,
        0.07254782,  0.12611574,  0.19715991,  0.19270786, -0.06308669,
        0.53258869, -0.07448154,  0.00573609,  0.41910079,  0.02106444,
       -0.2015493 ,  0.0302422 ,  0.50359319, -0.12955148, -0.26711782,
        0.03334305,  0.51154456,  0.04583195, -0.29881479,  0.2525487 ,
       -0.00486946,  0.08340931, -0.23645557, -0.16346685,  0.45545977,
       -0.08262077, -0.43973631, -0.05863173, -0.01639522, -0.10785337,
       -0.23006846,  0.11112831,  0.37677606, -0.0612673 ]) 

Generation: 290 
 - Generation Avg Fit: 4499.397238973592 
 - Best Fitness: 6425.5395081600445 
 - Worst Fitness: 0.0
 - Best Solution: array([-0.2604578 , -0.23637942, -0.00981318, -0.31920006,  0.29930709,
       -0.3969568 ,  0.17223643, -0.03953476, -0.15225649,  0.09573266,
        0.02002581, -0.15194828,  0.1401079 ,  0.04377874,  0.12529653,
       -0.09306741, -0.15987701,  0.07436327,  0.18810553,  0.15976692,
        0.02108795,  0.13036885,  0.43804493,  0.06311022, -0.39788147,
       -0.41072971,  0.00138256,  0.16520237, -0.36454235,  0.03787231,
        0.07254782,  0.12611574,  0.19715991,  0.19270786, -0.06308669,
        0.53258869, -0.07448154,  0.00573609,  0.41910079,  0.02106444,
       -0.2015493 ,  0.0302422 ,  0.50359319, -0.12955148, -0.26711782,
        0.03334305,  0.51154456,  0.04583195, -0.29881479,  0.2525487 ,
       -0.00486946,  0.08340931, -0.23645557, -0.16346685,  0.45545977,
       -0.08262077, -0.43973631, -0.05863173, -0.01639522, -0.10785337,
       -0.23006846,  0.11112831,  0.37677606, -0.0612673 ]) 

Generation: 291 
 - Generation Avg Fit: 4378.8794350698045 
 - Best Fitness: 6425.5395081600445 
 - Worst Fitness: 0.0
 - Best Solution: array([-0.2604578 , -0.23637942, -0.00981318, -0.31920006,  0.29930709,
       -0.3969568 ,  0.17223643, -0.03953476, -0.15225649,  0.09573266,
        0.02002581, -0.15194828,  0.1401079 ,  0.04377874,  0.12529653,
       -0.09306741, -0.15987701,  0.07436327,  0.18810553,  0.15976692,
        0.02108795,  0.13036885,  0.43804493,  0.06311022, -0.39788147,
       -0.41072971,  0.00138256,  0.16520237, -0.36454235,  0.03787231,
        0.07254782,  0.12611574,  0.19715991,  0.19270786, -0.06308669,
        0.53258869, -0.07448154,  0.00573609,  0.41910079,  0.02106444,
       -0.2015493 ,  0.0302422 ,  0.50359319, -0.12955148, -0.26711782,
        0.03334305,  0.51154456,  0.04583195, -0.29881479,  0.2525487 ,
       -0.00486946,  0.08340931, -0.23645557, -0.16346685,  0.45545977,
       -0.08262077, -0.43973631, -0.05863173, -0.01639522, -0.10785337,
       -0.23006846,  0.11112831,  0.37677606, -0.0612673 ]) 

Generation: 292 
 - Generation Avg Fit: 4522.533729187666 
 - Best Fitness: 6425.5395081600445 
 - Worst Fitness: 0.0
 - Best Solution: array([-0.2604578 , -0.23637942, -0.00981318, -0.31920006,  0.29930709,
       -0.3969568 ,  0.17223643, -0.03953476, -0.15225649,  0.09573266,
        0.02002581, -0.15194828,  0.1401079 ,  0.04377874,  0.12529653,
       -0.09306741, -0.15987701,  0.07436327,  0.18810553,  0.15976692,
        0.02108795,  0.13036885,  0.43804493,  0.06311022, -0.39788147,
       -0.41072971,  0.00138256,  0.16520237, -0.36454235,  0.03787231,
        0.07254782,  0.12611574,  0.19715991,  0.19270786, -0.06308669,
        0.53258869, -0.07448154,  0.00573609,  0.41910079,  0.02106444,
       -0.2015493 ,  0.0302422 ,  0.50359319, -0.12955148, -0.26711782,
        0.03334305,  0.51154456,  0.04583195, -0.29881479,  0.2525487 ,
       -0.00486946,  0.08340931, -0.23645557, -0.16346685,  0.45545977,
       -0.08262077, -0.43973631, -0.05863173, -0.01639522, -0.10785337,
       -0.23006846,  0.11112831,  0.37677606, -0.0612673 ]) 

Generation: 293 
 - Generation Avg Fit: 4586.145230801326 
 - Best Fitness: 6425.5395081600445 
 - Worst Fitness: 0.0
 - Best Solution: array([-0.2604578 , -0.23637942, -0.00981318, -0.31920006,  0.29930709,
       -0.3969568 ,  0.17223643, -0.03953476, -0.15225649,  0.09573266,
        0.02002581, -0.15194828,  0.1401079 ,  0.04377874,  0.12529653,
       -0.09306741, -0.15987701,  0.07436327,  0.18810553,  0.15976692,
        0.02108795,  0.13036885,  0.43804493,  0.06311022, -0.39788147,
       -0.41072971,  0.00138256,  0.16520237, -0.36454235,  0.03787231,
        0.07254782,  0.12611574,  0.19715991,  0.19270786, -0.06308669,
        0.53258869, -0.07448154,  0.00573609,  0.41910079,  0.02106444,
       -0.2015493 ,  0.0302422 ,  0.50359319, -0.12955148, -0.26711782,
        0.03334305,  0.51154456,  0.04583195, -0.29881479,  0.2525487 ,
       -0.00486946,  0.08340931, -0.23645557, -0.16346685,  0.45545977,
       -0.08262077, -0.43973631, -0.05863173, -0.01639522, -0.10785337,
       -0.23006846,  0.11112831,  0.37677606, -0.0612673 ]) 

Generation: 294 
 - Generation Avg Fit: 4487.130632561618 
 - Best Fitness: 6622.566726396165 
 - Worst Fitness: 0.0
 - Best Solution: array([-2.47027064e-01, -2.31041286e-01, -8.35632625e-04, -3.10527290e-01,
        3.03539674e-01, -3.92647070e-01,  1.62469162e-01, -2.70795159e-02,
       -1.63053023e-01,  7.61070736e-02,  1.10917383e-02, -1.48215552e-01,
        1.36703866e-01,  4.00459564e-02,  1.04855317e-01, -1.06095560e-01,
       -1.68312607e-01,  9.22871293e-02,  1.76435431e-01,  1.68265312e-01,
        3.26200747e-03,  1.00085597e-01,  4.33514662e-01,  5.68545924e-02,
       -4.01225031e-01, -3.64055776e-01,  5.46908291e-03,  1.82082415e-01,
       -3.70119624e-01,  3.65413810e-02,  7.87216431e-02,  1.21222283e-01,
        1.54661952e-01,  1.78266980e-01, -5.53578469e-02,  4.96124108e-01,
       -5.25804533e-02, -1.88703479e-02,  3.74126127e-01,  2.74042676e-02,
       -2.22844296e-01,  5.86348954e-02,  4.81526790e-01, -1.47459900e-01,
       -2.66958777e-01,  2.61106839e-02,  5.09496073e-01,  4.12463675e-02,
       -2.95111295e-01,  2.21134645e-01,  1.90525648e-03,  7.49078311e-02,
       -2.17365571e-01, -1.32705305e-01,  4.84282159e-01, -7.69995358e-02,
       -3.88406917e-01, -7.15802466e-02,  1.91432733e-04, -1.09843124e-01,
       -2.28291041e-01,  1.23660946e-01,  3.78289661e-01, -3.34272218e-02]) 

Generation: 295 
 - Generation Avg Fit: 4486.929049787894 
 - Best Fitness: 6622.566726396165 
 - Worst Fitness: 0.0
 - Best Solution: array([-0.2604578 , -0.23637942, -0.00981318, -0.31920006,  0.29930709,
       -0.3969568 ,  0.17223643, -0.03953476, -0.15225649,  0.09573266,
        0.02002581, -0.15194828,  0.1401079 ,  0.04377874,  0.12529653,
       -0.09306741, -0.15987701,  0.07436327,  0.18810553,  0.15976692,
        0.02108795,  0.13036885,  0.43804493,  0.06311022, -0.39788147,
       -0.41072971,  0.00138256,  0.16520237, -0.36454235,  0.03787231,
        0.07254782,  0.12611574,  0.19715991,  0.19270786, -0.06308669,
        0.53258869, -0.07448154,  0.00573609,  0.41910079,  0.02106444,
       -0.2015493 ,  0.0302422 ,  0.50359319, -0.12955148, -0.26711782,
        0.03334305,  0.51154456,  0.04583195, -0.29881479,  0.2525487 ,
       -0.00486946,  0.08340931, -0.23645557, -0.16346685,  0.45545977,
       -0.08262077, -0.43973631, -0.05863173, -0.01639522, -0.10785337,
       -0.23006846,  0.11112831,  0.37677606, -0.0612673 ]) 

Generation: 296 
 - Generation Avg Fit: 4775.874284901314 
 - Best Fitness: 6622.566726396165 
 - Worst Fitness: 0.0
 - Best Solution: array([-2.47027064e-01, -2.31041286e-01, -8.35632625e-04, -3.10527290e-01,
        3.03539674e-01, -3.92647070e-01,  1.62469162e-01, -2.70795159e-02,
       -1.63053023e-01,  7.61070736e-02,  1.10917383e-02, -1.48215552e-01,
        1.36703866e-01,  4.00459564e-02,  1.04855317e-01, -1.06095560e-01,
       -1.68312607e-01,  9.22871293e-02,  1.76435431e-01,  1.68265312e-01,
        3.26200747e-03,  1.00085597e-01,  4.33514662e-01,  5.68545924e-02,
       -4.01225031e-01, -3.64055776e-01,  5.46908291e-03,  1.82082415e-01,
       -3.70119624e-01,  3.65413810e-02,  7.87216431e-02,  1.21222283e-01,
        1.54661952e-01,  1.78266980e-01, -5.53578469e-02,  4.96124108e-01,
       -5.25804533e-02, -1.88703479e-02,  3.74126127e-01,  2.74042676e-02,
       -2.22844296e-01,  5.86348954e-02,  4.81526790e-01, -1.47459900e-01,
       -2.66958777e-01,  2.61106839e-02,  5.09496073e-01,  4.12463675e-02,
       -2.95111295e-01,  2.21134645e-01,  1.90525648e-03,  7.49078311e-02,
       -2.17365571e-01, -1.32705305e-01,  4.84282159e-01, -7.69995358e-02,
       -3.88406917e-01, -7.15802466e-02,  1.91432733e-04, -1.09843124e-01,
       -2.28291041e-01,  1.23660946e-01,  3.78289661e-01, -3.34272218e-02]) 

Generation: 297 
 - Generation Avg Fit: 4435.968156125911 
 - Best Fitness: 6622.566726396165 
 - Worst Fitness: 0.0
 - Best Solution: array([-2.47027064e-01, -2.31041286e-01, -8.35632625e-04, -3.10527290e-01,
        3.03539674e-01, -3.92647070e-01,  1.62469162e-01, -2.70795159e-02,
       -1.63053023e-01,  7.61070736e-02,  1.10917383e-02, -1.48215552e-01,
        1.36703866e-01,  4.00459564e-02,  1.04855317e-01, -1.06095560e-01,
       -1.68312607e-01,  9.22871293e-02,  1.76435431e-01,  1.68265312e-01,
        3.26200747e-03,  1.00085597e-01,  4.33514662e-01,  5.68545924e-02,
       -4.01225031e-01, -3.64055776e-01,  5.46908291e-03,  1.82082415e-01,
       -3.70119624e-01,  3.65413810e-02,  7.87216431e-02,  1.21222283e-01,
        1.54661952e-01,  1.78266980e-01, -5.53578469e-02,  4.96124108e-01,
       -5.25804533e-02, -1.88703479e-02,  3.74126127e-01,  2.74042676e-02,
       -2.22844296e-01,  5.86348954e-02,  4.81526790e-01, -1.47459900e-01,
       -2.66958777e-01,  2.61106839e-02,  5.09496073e-01,  4.12463675e-02,
       -2.95111295e-01,  2.21134645e-01,  1.90525648e-03,  7.49078311e-02,
       -2.17365571e-01, -1.32705305e-01,  4.84282159e-01, -7.69995358e-02,
       -3.88406917e-01, -7.15802466e-02,  1.91432733e-04, -1.09843124e-01,
       -2.28291041e-01,  1.23660946e-01,  3.78289661e-01, -3.34272218e-02]) 

Generation: 298 
 - Generation Avg Fit: 4691.208088981483 
 - Best Fitness: 6622.566726396165 
 - Worst Fitness: 0.0
 - Best Solution: array([-2.47027064e-01, -2.31041286e-01, -8.35632625e-04, -3.10527290e-01,
        3.03539674e-01, -3.92647070e-01,  1.62469162e-01, -2.70795159e-02,
       -1.63053023e-01,  7.61070736e-02,  1.10917383e-02, -1.48215552e-01,
        1.36703866e-01,  4.00459564e-02,  1.04855317e-01, -1.06095560e-01,
       -1.68312607e-01,  9.22871293e-02,  1.76435431e-01,  1.68265312e-01,
        3.26200747e-03,  1.00085597e-01,  4.33514662e-01,  5.68545924e-02,
       -4.01225031e-01, -3.64055776e-01,  5.46908291e-03,  1.82082415e-01,
       -3.70119624e-01,  3.65413810e-02,  7.87216431e-02,  1.21222283e-01,
        1.54661952e-01,  1.78266980e-01, -5.53578469e-02,  4.96124108e-01,
       -5.25804533e-02, -1.88703479e-02,  3.74126127e-01,  2.74042676e-02,
       -2.22844296e-01,  5.86348954e-02,  4.81526790e-01, -1.47459900e-01,
       -2.66958777e-01,  2.61106839e-02,  5.09496073e-01,  4.12463675e-02,
       -2.95111295e-01,  2.21134645e-01,  1.90525648e-03,  7.49078311e-02,
       -2.17365571e-01, -1.32705305e-01,  4.84282159e-01, -7.69995358e-02,
       -3.88406917e-01, -7.15802466e-02,  1.91432733e-04, -1.09843124e-01,
       -2.28291041e-01,  1.23660946e-01,  3.78289661e-01, -3.34272218e-02]) 

Generation: 299 
 - Generation Avg Fit: 4265.7916556643495 
 - Best Fitness: 6622.566726396165 
 - Worst Fitness: 0.0
 - Best Solution: array([-2.47027064e-01, -2.31041286e-01, -8.35632625e-04, -3.10527290e-01,
        3.03539674e-01, -3.92647070e-01,  1.62469162e-01, -2.70795159e-02,
       -1.63053023e-01,  7.61070736e-02,  1.10917383e-02, -1.48215552e-01,
        1.36703866e-01,  4.00459564e-02,  1.04855317e-01, -1.06095560e-01,
       -1.68312607e-01,  9.22871293e-02,  1.76435431e-01,  1.68265312e-01,
        3.26200747e-03,  1.00085597e-01,  4.33514662e-01,  5.68545924e-02,
       -4.01225031e-01, -3.64055776e-01,  5.46908291e-03,  1.82082415e-01,
       -3.70119624e-01,  3.65413810e-02,  7.87216431e-02,  1.21222283e-01,
        1.54661952e-01,  1.78266980e-01, -5.53578469e-02,  4.96124108e-01,
       -5.25804533e-02, -1.88703479e-02,  3.74126127e-01,  2.74042676e-02,
       -2.22844296e-01,  5.86348954e-02,  4.81526790e-01, -1.47459900e-01,
       -2.66958777e-01,  2.61106839e-02,  5.09496073e-01,  4.12463675e-02,
       -2.95111295e-01,  2.21134645e-01,  1.90525648e-03,  7.49078311e-02,
       -2.17365571e-01, -1.32705305e-01,  4.84282159e-01, -7.69995358e-02,
       -3.88406917e-01, -7.15802466e-02,  1.91432733e-04, -1.09843124e-01,
       -2.28291041e-01,  1.23660946e-01,  3.78289661e-01, -3.34272218e-02]) 

Generation: 300 
 - Generation Avg Fit: 4442.866594436841 
 - Best Fitness: 6622.566726396165 
 - Worst Fitness: 0.0
 - Best Solution: array([-2.47027064e-01, -2.31041286e-01, -8.35632625e-04, -3.10527290e-01,
        3.03539674e-01, -3.92647070e-01,  1.62469162e-01, -2.70795159e-02,
       -1.63053023e-01,  7.61070736e-02,  1.10917383e-02, -1.48215552e-01,
        1.36703866e-01,  4.00459564e-02,  1.04855317e-01, -1.06095560e-01,
       -1.68312607e-01,  9.22871293e-02,  1.76435431e-01,  1.68265312e-01,
        3.26200747e-03,  1.00085597e-01,  4.33514662e-01,  5.68545924e-02,
       -4.01225031e-01, -3.64055776e-01,  5.46908291e-03,  1.82082415e-01,
       -3.70119624e-01,  3.65413810e-02,  7.87216431e-02,  1.21222283e-01,
        1.54661952e-01,  1.78266980e-01, -5.53578469e-02,  4.96124108e-01,
       -5.25804533e-02, -1.88703479e-02,  3.74126127e-01,  2.74042676e-02,
       -2.22844296e-01,  5.86348954e-02,  4.81526790e-01, -1.47459900e-01,
       -2.66958777e-01,  2.61106839e-02,  5.09496073e-01,  4.12463675e-02,
       -2.95111295e-01,  2.21134645e-01,  1.90525648e-03,  7.49078311e-02,
       -2.17365571e-01, -1.32705305e-01,  4.84282159e-01, -7.69995358e-02,
       -3.88406917e-01, -7.15802466e-02,  1.91432733e-04, -1.09843124e-01,
       -2.28291041e-01,  1.23660946e-01,  3.78289661e-01, -3.34272218e-02]) 

Generation: 301 
 - Generation Avg Fit: 4640.338516842606 
 - Best Fitness: 6622.566726396165 
 - Worst Fitness: 0.0
 - Best Solution: array([-2.47027064e-01, -2.31041286e-01, -8.35632625e-04, -3.10527290e-01,
        3.03539674e-01, -3.92647070e-01,  1.62469162e-01, -2.70795159e-02,
       -1.63053023e-01,  7.61070736e-02,  1.10917383e-02, -1.48215552e-01,
        1.36703866e-01,  4.00459564e-02,  1.04855317e-01, -1.06095560e-01,
       -1.68312607e-01,  9.22871293e-02,  1.76435431e-01,  1.68265312e-01,
        3.26200747e-03,  1.00085597e-01,  4.33514662e-01,  5.68545924e-02,
       -4.01225031e-01, -3.64055776e-01,  5.46908291e-03,  1.82082415e-01,
       -3.70119624e-01,  3.65413810e-02,  7.87216431e-02,  1.21222283e-01,
        1.54661952e-01,  1.78266980e-01, -5.53578469e-02,  4.96124108e-01,
       -5.25804533e-02, -1.88703479e-02,  3.74126127e-01,  2.74042676e-02,
       -2.22844296e-01,  5.86348954e-02,  4.81526790e-01, -1.47459900e-01,
       -2.66958777e-01,  2.61106839e-02,  5.09496073e-01,  4.12463675e-02,
       -2.95111295e-01,  2.21134645e-01,  1.90525648e-03,  7.49078311e-02,
       -2.17365571e-01, -1.32705305e-01,  4.84282159e-01, -7.69995358e-02,
       -3.88406917e-01, -7.15802466e-02,  1.91432733e-04, -1.09843124e-01,
       -2.28291041e-01,  1.23660946e-01,  3.78289661e-01, -3.34272218e-02]) 

Generation: 302 
 - Generation Avg Fit: 4518.489379417306 
 - Best Fitness: 6622.566726396165 
 - Worst Fitness: 0.0
 - Best Solution: array([-2.47027064e-01, -2.31041286e-01, -8.35632625e-04, -3.10527290e-01,
        3.03539674e-01, -3.92647070e-01,  1.62469162e-01, -2.70795159e-02,
       -1.63053023e-01,  7.61070736e-02,  1.10917383e-02, -1.48215552e-01,
        1.36703866e-01,  4.00459564e-02,  1.04855317e-01, -1.06095560e-01,
       -1.68312607e-01,  9.22871293e-02,  1.76435431e-01,  1.68265312e-01,
        3.26200747e-03,  1.00085597e-01,  4.33514662e-01,  5.68545924e-02,
       -4.01225031e-01, -3.64055776e-01,  5.46908291e-03,  1.82082415e-01,
       -3.70119624e-01,  3.65413810e-02,  7.87216431e-02,  1.21222283e-01,
        1.54661952e-01,  1.78266980e-01, -5.53578469e-02,  4.96124108e-01,
       -5.25804533e-02, -1.88703479e-02,  3.74126127e-01,  2.74042676e-02,
       -2.22844296e-01,  5.86348954e-02,  4.81526790e-01, -1.47459900e-01,
       -2.66958777e-01,  2.61106839e-02,  5.09496073e-01,  4.12463675e-02,
       -2.95111295e-01,  2.21134645e-01,  1.90525648e-03,  7.49078311e-02,
       -2.17365571e-01, -1.32705305e-01,  4.84282159e-01, -7.69995358e-02,
       -3.88406917e-01, -7.15802466e-02,  1.91432733e-04, -1.09843124e-01,
       -2.28291041e-01,  1.23660946e-01,  3.78289661e-01, -3.34272218e-02]) 

Generation: 303 
 - Generation Avg Fit: 4546.989584577849 
 - Best Fitness: 6622.566726396165 
 - Worst Fitness: 0.0
 - Best Solution: array([-2.47027064e-01, -2.31041286e-01, -8.35632625e-04, -3.10527290e-01,
        3.03539674e-01, -3.92647070e-01,  1.62469162e-01, -2.70795159e-02,
       -1.63053023e-01,  7.61070736e-02,  1.10917383e-02, -1.48215552e-01,
        1.36703866e-01,  4.00459564e-02,  1.04855317e-01, -1.06095560e-01,
       -1.68312607e-01,  9.22871293e-02,  1.76435431e-01,  1.68265312e-01,
        3.26200747e-03,  1.00085597e-01,  4.33514662e-01,  5.68545924e-02,
       -4.01225031e-01, -3.64055776e-01,  5.46908291e-03,  1.82082415e-01,
       -3.70119624e-01,  3.65413810e-02,  7.87216431e-02,  1.21222283e-01,
        1.54661952e-01,  1.78266980e-01, -5.53578469e-02,  4.96124108e-01,
       -5.25804533e-02, -1.88703479e-02,  3.74126127e-01,  2.74042676e-02,
       -2.22844296e-01,  5.86348954e-02,  4.81526790e-01, -1.47459900e-01,
       -2.66958777e-01,  2.61106839e-02,  5.09496073e-01,  4.12463675e-02,
       -2.95111295e-01,  2.21134645e-01,  1.90525648e-03,  7.49078311e-02,
       -2.17365571e-01, -1.32705305e-01,  4.84282159e-01, -7.69995358e-02,
       -3.88406917e-01, -7.15802466e-02,  1.91432733e-04, -1.09843124e-01,
       -2.28291041e-01,  1.23660946e-01,  3.78289661e-01, -3.34272218e-02]) 

Generation: 304 
 - Generation Avg Fit: 4576.838558950512 
 - Best Fitness: 6622.566726396165 
 - Worst Fitness: 0.0
 - Best Solution: array([-2.47027064e-01, -2.31041286e-01, -8.35632625e-04, -3.10527290e-01,
        3.03539674e-01, -3.92647070e-01,  1.62469162e-01, -2.70795159e-02,
       -1.63053023e-01,  7.61070736e-02,  1.10917383e-02, -1.48215552e-01,
        1.36703866e-01,  4.00459564e-02,  1.04855317e-01, -1.06095560e-01,
       -1.68312607e-01,  9.22871293e-02,  1.76435431e-01,  1.68265312e-01,
        3.26200747e-03,  1.00085597e-01,  4.33514662e-01,  5.68545924e-02,
       -4.01225031e-01, -3.64055776e-01,  5.46908291e-03,  1.82082415e-01,
       -3.70119624e-01,  3.65413810e-02,  7.87216431e-02,  1.21222283e-01,
        1.54661952e-01,  1.78266980e-01, -5.53578469e-02,  4.96124108e-01,
       -5.25804533e-02, -1.88703479e-02,  3.74126127e-01,  2.74042676e-02,
       -2.22844296e-01,  5.86348954e-02,  4.81526790e-01, -1.47459900e-01,
       -2.66958777e-01,  2.61106839e-02,  5.09496073e-01,  4.12463675e-02,
       -2.95111295e-01,  2.21134645e-01,  1.90525648e-03,  7.49078311e-02,
       -2.17365571e-01, -1.32705305e-01,  4.84282159e-01, -7.69995358e-02,
       -3.88406917e-01, -7.15802466e-02,  1.91432733e-04, -1.09843124e-01,
       -2.28291041e-01,  1.23660946e-01,  3.78289661e-01, -3.34272218e-02]) 

Generation: 305 
 - Generation Avg Fit: 4498.224366014847 
 - Best Fitness: 6622.566726396165 
 - Worst Fitness: 0.0
 - Best Solution: array([-2.47027064e-01, -2.31041286e-01, -8.35632625e-04, -3.10527290e-01,
        3.03539674e-01, -3.92647070e-01,  1.62469162e-01, -2.70795159e-02,
       -1.63053023e-01,  7.61070736e-02,  1.10917383e-02, -1.48215552e-01,
        1.36703866e-01,  4.00459564e-02,  1.04855317e-01, -1.06095560e-01,
       -1.68312607e-01,  9.22871293e-02,  1.76435431e-01,  1.68265312e-01,
        3.26200747e-03,  1.00085597e-01,  4.33514662e-01,  5.68545924e-02,
       -4.01225031e-01, -3.64055776e-01,  5.46908291e-03,  1.82082415e-01,
       -3.70119624e-01,  3.65413810e-02,  7.87216431e-02,  1.21222283e-01,
        1.54661952e-01,  1.78266980e-01, -5.53578469e-02,  4.96124108e-01,
       -5.25804533e-02, -1.88703479e-02,  3.74126127e-01,  2.74042676e-02,
       -2.22844296e-01,  5.86348954e-02,  4.81526790e-01, -1.47459900e-01,
       -2.66958777e-01,  2.61106839e-02,  5.09496073e-01,  4.12463675e-02,
       -2.95111295e-01,  2.21134645e-01,  1.90525648e-03,  7.49078311e-02,
       -2.17365571e-01, -1.32705305e-01,  4.84282159e-01, -7.69995358e-02,
       -3.88406917e-01, -7.15802466e-02,  1.91432733e-04, -1.09843124e-01,
       -2.28291041e-01,  1.23660946e-01,  3.78289661e-01, -3.34272218e-02]) 

Generation: 306 
 - Generation Avg Fit: 4824.673539612484 
 - Best Fitness: 6622.566726396165 
 - Worst Fitness: 0.0
 - Best Solution: array([-2.47027064e-01, -2.31041286e-01, -8.35632625e-04, -3.10527290e-01,
        3.03539674e-01, -3.92647070e-01,  1.62469162e-01, -2.70795159e-02,
       -1.63053023e-01,  7.61070736e-02,  1.10917383e-02, -1.48215552e-01,
        1.36703866e-01,  4.00459564e-02,  1.04855317e-01, -1.06095560e-01,
       -1.68312607e-01,  9.22871293e-02,  1.76435431e-01,  1.68265312e-01,
        3.26200747e-03,  1.00085597e-01,  4.33514662e-01,  5.68545924e-02,
       -4.01225031e-01, -3.64055776e-01,  5.46908291e-03,  1.82082415e-01,
       -3.70119624e-01,  3.65413810e-02,  7.87216431e-02,  1.21222283e-01,
        1.54661952e-01,  1.78266980e-01, -5.53578469e-02,  4.96124108e-01,
       -5.25804533e-02, -1.88703479e-02,  3.74126127e-01,  2.74042676e-02,
       -2.22844296e-01,  5.86348954e-02,  4.81526790e-01, -1.47459900e-01,
       -2.66958777e-01,  2.61106839e-02,  5.09496073e-01,  4.12463675e-02,
       -2.95111295e-01,  2.21134645e-01,  1.90525648e-03,  7.49078311e-02,
       -2.17365571e-01, -1.32705305e-01,  4.84282159e-01, -7.69995358e-02,
       -3.88406917e-01, -7.15802466e-02,  1.91432733e-04, -1.09843124e-01,
       -2.28291041e-01,  1.23660946e-01,  3.78289661e-01, -3.34272218e-02]) 

Generation: 307 
 - Generation Avg Fit: 4526.159347595602 
 - Best Fitness: 6622.566726396165 
 - Worst Fitness: 0.0
 - Best Solution: array([-2.47027064e-01, -2.31041286e-01, -8.35632625e-04, -3.10527290e-01,
        3.03539674e-01, -3.92647070e-01,  1.62469162e-01, -2.70795159e-02,
       -1.63053023e-01,  7.61070736e-02,  1.10917383e-02, -1.48215552e-01,
        1.36703866e-01,  4.00459564e-02,  1.04855317e-01, -1.06095560e-01,
       -1.68312607e-01,  9.22871293e-02,  1.76435431e-01,  1.68265312e-01,
        3.26200747e-03,  1.00085597e-01,  4.33514662e-01,  5.68545924e-02,
       -4.01225031e-01, -3.64055776e-01,  5.46908291e-03,  1.82082415e-01,
       -3.70119624e-01,  3.65413810e-02,  7.87216431e-02,  1.21222283e-01,
        1.54661952e-01,  1.78266980e-01, -5.53578469e-02,  4.96124108e-01,
       -5.25804533e-02, -1.88703479e-02,  3.74126127e-01,  2.74042676e-02,
       -2.22844296e-01,  5.86348954e-02,  4.81526790e-01, -1.47459900e-01,
       -2.66958777e-01,  2.61106839e-02,  5.09496073e-01,  4.12463675e-02,
       -2.95111295e-01,  2.21134645e-01,  1.90525648e-03,  7.49078311e-02,
       -2.17365571e-01, -1.32705305e-01,  4.84282159e-01, -7.69995358e-02,
       -3.88406917e-01, -7.15802466e-02,  1.91432733e-04, -1.09843124e-01,
       -2.28291041e-01,  1.23660946e-01,  3.78289661e-01, -3.34272218e-02]) 

Generation: 308 
 - Generation Avg Fit: 4478.569991673152 
 - Best Fitness: 6622.566726396165 
 - Worst Fitness: 0.0
 - Best Solution: array([-2.47027064e-01, -2.31041286e-01, -8.35632625e-04, -3.10527290e-01,
        3.03539674e-01, -3.92647070e-01,  1.62469162e-01, -2.70795159e-02,
       -1.63053023e-01,  7.61070736e-02,  1.10917383e-02, -1.48215552e-01,
        1.36703866e-01,  4.00459564e-02,  1.04855317e-01, -1.06095560e-01,
       -1.68312607e-01,  9.22871293e-02,  1.76435431e-01,  1.68265312e-01,
        3.26200747e-03,  1.00085597e-01,  4.33514662e-01,  5.68545924e-02,
       -4.01225031e-01, -3.64055776e-01,  5.46908291e-03,  1.82082415e-01,
       -3.70119624e-01,  3.65413810e-02,  7.87216431e-02,  1.21222283e-01,
        1.54661952e-01,  1.78266980e-01, -5.53578469e-02,  4.96124108e-01,
       -5.25804533e-02, -1.88703479e-02,  3.74126127e-01,  2.74042676e-02,
       -2.22844296e-01,  5.86348954e-02,  4.81526790e-01, -1.47459900e-01,
       -2.66958777e-01,  2.61106839e-02,  5.09496073e-01,  4.12463675e-02,
       -2.95111295e-01,  2.21134645e-01,  1.90525648e-03,  7.49078311e-02,
       -2.17365571e-01, -1.32705305e-01,  4.84282159e-01, -7.69995358e-02,
       -3.88406917e-01, -7.15802466e-02,  1.91432733e-04, -1.09843124e-01,
       -2.28291041e-01,  1.23660946e-01,  3.78289661e-01, -3.34272218e-02]) 

Generation: 309 
 - Generation Avg Fit: 4418.619132556784 
 - Best Fitness: 6622.566726396165 
 - Worst Fitness: 0.0
 - Best Solution: array([-2.47027064e-01, -2.31041286e-01, -8.35632625e-04, -3.10527290e-01,
        3.03539674e-01, -3.92647070e-01,  1.62469162e-01, -2.70795159e-02,
       -1.63053023e-01,  7.61070736e-02,  1.10917383e-02, -1.48215552e-01,
        1.36703866e-01,  4.00459564e-02,  1.04855317e-01, -1.06095560e-01,
       -1.68312607e-01,  9.22871293e-02,  1.76435431e-01,  1.68265312e-01,
        3.26200747e-03,  1.00085597e-01,  4.33514662e-01,  5.68545924e-02,
       -4.01225031e-01, -3.64055776e-01,  5.46908291e-03,  1.82082415e-01,
       -3.70119624e-01,  3.65413810e-02,  7.87216431e-02,  1.21222283e-01,
        1.54661952e-01,  1.78266980e-01, -5.53578469e-02,  4.96124108e-01,
       -5.25804533e-02, -1.88703479e-02,  3.74126127e-01,  2.74042676e-02,
       -2.22844296e-01,  5.86348954e-02,  4.81526790e-01, -1.47459900e-01,
       -2.66958777e-01,  2.61106839e-02,  5.09496073e-01,  4.12463675e-02,
       -2.95111295e-01,  2.21134645e-01,  1.90525648e-03,  7.49078311e-02,
       -2.17365571e-01, -1.32705305e-01,  4.84282159e-01, -7.69995358e-02,
       -3.88406917e-01, -7.15802466e-02,  1.91432733e-04, -1.09843124e-01,
       -2.28291041e-01,  1.23660946e-01,  3.78289661e-01, -3.34272218e-02]) 

Generation: 310 
 - Generation Avg Fit: 4566.438320113208 
 - Best Fitness: 6622.566726396165 
 - Worst Fitness: 0.0
 - Best Solution: array([-2.47027064e-01, -2.31041286e-01, -8.35632625e-04, -3.10527290e-01,
        3.03539674e-01, -3.92647070e-01,  1.62469162e-01, -2.70795159e-02,
       -1.63053023e-01,  7.61070736e-02,  1.10917383e-02, -1.48215552e-01,
        1.36703866e-01,  4.00459564e-02,  1.04855317e-01, -1.06095560e-01,
       -1.68312607e-01,  9.22871293e-02,  1.76435431e-01,  1.68265312e-01,
        3.26200747e-03,  1.00085597e-01,  4.33514662e-01,  5.68545924e-02,
       -4.01225031e-01, -3.64055776e-01,  5.46908291e-03,  1.82082415e-01,
       -3.70119624e-01,  3.65413810e-02,  7.87216431e-02,  1.21222283e-01,
        1.54661952e-01,  1.78266980e-01, -5.53578469e-02,  4.96124108e-01,
       -5.25804533e-02, -1.88703479e-02,  3.74126127e-01,  2.74042676e-02,
       -2.22844296e-01,  5.86348954e-02,  4.81526790e-01, -1.47459900e-01,
       -2.66958777e-01,  2.61106839e-02,  5.09496073e-01,  4.12463675e-02,
       -2.95111295e-01,  2.21134645e-01,  1.90525648e-03,  7.49078311e-02,
       -2.17365571e-01, -1.32705305e-01,  4.84282159e-01, -7.69995358e-02,
       -3.88406917e-01, -7.15802466e-02,  1.91432733e-04, -1.09843124e-01,
       -2.28291041e-01,  1.23660946e-01,  3.78289661e-01, -3.34272218e-02]) 

Generation: 311 
 - Generation Avg Fit: 4378.87825856965 
 - Best Fitness: 6622.566726396165 
 - Worst Fitness: 0.0
 - Best Solution: array([-2.47027064e-01, -2.31041286e-01, -8.35632625e-04, -3.10527290e-01,
        3.03539674e-01, -3.92647070e-01,  1.62469162e-01, -2.70795159e-02,
       -1.63053023e-01,  7.61070736e-02,  1.10917383e-02, -1.48215552e-01,
        1.36703866e-01,  4.00459564e-02,  1.04855317e-01, -1.06095560e-01,
       -1.68312607e-01,  9.22871293e-02,  1.76435431e-01,  1.68265312e-01,
        3.26200747e-03,  1.00085597e-01,  4.33514662e-01,  5.68545924e-02,
       -4.01225031e-01, -3.64055776e-01,  5.46908291e-03,  1.82082415e-01,
       -3.70119624e-01,  3.65413810e-02,  7.87216431e-02,  1.21222283e-01,
        1.54661952e-01,  1.78266980e-01, -5.53578469e-02,  4.96124108e-01,
       -5.25804533e-02, -1.88703479e-02,  3.74126127e-01,  2.74042676e-02,
       -2.22844296e-01,  5.86348954e-02,  4.81526790e-01, -1.47459900e-01,
       -2.66958777e-01,  2.61106839e-02,  5.09496073e-01,  4.12463675e-02,
       -2.95111295e-01,  2.21134645e-01,  1.90525648e-03,  7.49078311e-02,
       -2.17365571e-01, -1.32705305e-01,  4.84282159e-01, -7.69995358e-02,
       -3.88406917e-01, -7.15802466e-02,  1.91432733e-04, -1.09843124e-01,
       -2.28291041e-01,  1.23660946e-01,  3.78289661e-01, -3.34272218e-02]) 

Generation: 312 
 - Generation Avg Fit: 4451.428179724757 
 - Best Fitness: 6622.566726396165 
 - Worst Fitness: 0.0
 - Best Solution: array([-2.47027064e-01, -2.31041286e-01, -8.35632625e-04, -3.10527290e-01,
        3.03539674e-01, -3.92647070e-01,  1.62469162e-01, -2.70795159e-02,
       -1.63053023e-01,  7.61070736e-02,  1.10917383e-02, -1.48215552e-01,
        1.36703866e-01,  4.00459564e-02,  1.04855317e-01, -1.06095560e-01,
       -1.68312607e-01,  9.22871293e-02,  1.76435431e-01,  1.68265312e-01,
        3.26200747e-03,  1.00085597e-01,  4.33514662e-01,  5.68545924e-02,
       -4.01225031e-01, -3.64055776e-01,  5.46908291e-03,  1.82082415e-01,
       -3.70119624e-01,  3.65413810e-02,  7.87216431e-02,  1.21222283e-01,
        1.54661952e-01,  1.78266980e-01, -5.53578469e-02,  4.96124108e-01,
       -5.25804533e-02, -1.88703479e-02,  3.74126127e-01,  2.74042676e-02,
       -2.22844296e-01,  5.86348954e-02,  4.81526790e-01, -1.47459900e-01,
       -2.66958777e-01,  2.61106839e-02,  5.09496073e-01,  4.12463675e-02,
       -2.95111295e-01,  2.21134645e-01,  1.90525648e-03,  7.49078311e-02,
       -2.17365571e-01, -1.32705305e-01,  4.84282159e-01, -7.69995358e-02,
       -3.88406917e-01, -7.15802466e-02,  1.91432733e-04, -1.09843124e-01,
       -2.28291041e-01,  1.23660946e-01,  3.78289661e-01, -3.34272218e-02]) 

Generation: 313 
 - Generation Avg Fit: 4653.0743893356575 
 - Best Fitness: 6622.566726396165 
 - Worst Fitness: 0.0
 - Best Solution: array([-2.47027064e-01, -2.31041286e-01, -8.35632625e-04, -3.10527290e-01,
        3.03539674e-01, -3.92647070e-01,  1.62469162e-01, -2.70795159e-02,
       -1.63053023e-01,  7.61070736e-02,  1.10917383e-02, -1.48215552e-01,
        1.36703866e-01,  4.00459564e-02,  1.04855317e-01, -1.06095560e-01,
       -1.68312607e-01,  9.22871293e-02,  1.76435431e-01,  1.68265312e-01,
        3.26200747e-03,  1.00085597e-01,  4.33514662e-01,  5.68545924e-02,
       -4.01225031e-01, -3.64055776e-01,  5.46908291e-03,  1.82082415e-01,
       -3.70119624e-01,  3.65413810e-02,  7.87216431e-02,  1.21222283e-01,
        1.54661952e-01,  1.78266980e-01, -5.53578469e-02,  4.96124108e-01,
       -5.25804533e-02, -1.88703479e-02,  3.74126127e-01,  2.74042676e-02,
       -2.22844296e-01,  5.86348954e-02,  4.81526790e-01, -1.47459900e-01,
       -2.66958777e-01,  2.61106839e-02,  5.09496073e-01,  4.12463675e-02,
       -2.95111295e-01,  2.21134645e-01,  1.90525648e-03,  7.49078311e-02,
       -2.17365571e-01, -1.32705305e-01,  4.84282159e-01, -7.69995358e-02,
       -3.88406917e-01, -7.15802466e-02,  1.91432733e-04, -1.09843124e-01,
       -2.28291041e-01,  1.23660946e-01,  3.78289661e-01, -3.34272218e-02]) 

Generation: 314 
 - Generation Avg Fit: 4732.364995005836 
 - Best Fitness: 6622.566726396165 
 - Worst Fitness: 0.0
 - Best Solution: array([-2.47027064e-01, -2.31041286e-01, -8.35632625e-04, -3.10527290e-01,
        3.03539674e-01, -3.92647070e-01,  1.62469162e-01, -2.70795159e-02,
       -1.63053023e-01,  7.61070736e-02,  1.10917383e-02, -1.48215552e-01,
        1.36703866e-01,  4.00459564e-02,  1.04855317e-01, -1.06095560e-01,
       -1.68312607e-01,  9.22871293e-02,  1.76435431e-01,  1.68265312e-01,
        3.26200747e-03,  1.00085597e-01,  4.33514662e-01,  5.68545924e-02,
       -4.01225031e-01, -3.64055776e-01,  5.46908291e-03,  1.82082415e-01,
       -3.70119624e-01,  3.65413810e-02,  7.87216431e-02,  1.21222283e-01,
        1.54661952e-01,  1.78266980e-01, -5.53578469e-02,  4.96124108e-01,
       -5.25804533e-02, -1.88703479e-02,  3.74126127e-01,  2.74042676e-02,
       -2.22844296e-01,  5.86348954e-02,  4.81526790e-01, -1.47459900e-01,
       -2.66958777e-01,  2.61106839e-02,  5.09496073e-01,  4.12463675e-02,
       -2.95111295e-01,  2.21134645e-01,  1.90525648e-03,  7.49078311e-02,
       -2.17365571e-01, -1.32705305e-01,  4.84282159e-01, -7.69995358e-02,
       -3.88406917e-01, -7.15802466e-02,  1.91432733e-04, -1.09843124e-01,
       -2.28291041e-01,  1.23660946e-01,  3.78289661e-01, -3.34272218e-02]) 

Generation: 315 
 - Generation Avg Fit: 4499.815490013877 
 - Best Fitness: 6622.566726396165 
 - Worst Fitness: 0.0
 - Best Solution: array([-2.47027064e-01, -2.31041286e-01, -8.35632625e-04, -3.10527290e-01,
        3.03539674e-01, -3.92647070e-01,  1.62469162e-01, -2.70795159e-02,
       -1.63053023e-01,  7.61070736e-02,  1.10917383e-02, -1.48215552e-01,
        1.36703866e-01,  4.00459564e-02,  1.04855317e-01, -1.06095560e-01,
       -1.68312607e-01,  9.22871293e-02,  1.76435431e-01,  1.68265312e-01,
        3.26200747e-03,  1.00085597e-01,  4.33514662e-01,  5.68545924e-02,
       -4.01225031e-01, -3.64055776e-01,  5.46908291e-03,  1.82082415e-01,
       -3.70119624e-01,  3.65413810e-02,  7.87216431e-02,  1.21222283e-01,
        1.54661952e-01,  1.78266980e-01, -5.53578469e-02,  4.96124108e-01,
       -5.25804533e-02, -1.88703479e-02,  3.74126127e-01,  2.74042676e-02,
       -2.22844296e-01,  5.86348954e-02,  4.81526790e-01, -1.47459900e-01,
       -2.66958777e-01,  2.61106839e-02,  5.09496073e-01,  4.12463675e-02,
       -2.95111295e-01,  2.21134645e-01,  1.90525648e-03,  7.49078311e-02,
       -2.17365571e-01, -1.32705305e-01,  4.84282159e-01, -7.69995358e-02,
       -3.88406917e-01, -7.15802466e-02,  1.91432733e-04, -1.09843124e-01,
       -2.28291041e-01,  1.23660946e-01,  3.78289661e-01, -3.34272218e-02]) 

Generation: 316 
 - Generation Avg Fit: 4757.160065039511 
 - Best Fitness: 6622.566726396165 
 - Worst Fitness: 0.0
 - Best Solution: array([-2.47027064e-01, -2.31041286e-01, -8.35632625e-04, -3.10527290e-01,
        3.03539674e-01, -3.92647070e-01,  1.62469162e-01, -2.70795159e-02,
       -1.63053023e-01,  7.61070736e-02,  1.10917383e-02, -1.48215552e-01,
        1.36703866e-01,  4.00459564e-02,  1.04855317e-01, -1.06095560e-01,
       -1.68312607e-01,  9.22871293e-02,  1.76435431e-01,  1.68265312e-01,
        3.26200747e-03,  1.00085597e-01,  4.33514662e-01,  5.68545924e-02,
       -4.01225031e-01, -3.64055776e-01,  5.46908291e-03,  1.82082415e-01,
       -3.70119624e-01,  3.65413810e-02,  7.87216431e-02,  1.21222283e-01,
        1.54661952e-01,  1.78266980e-01, -5.53578469e-02,  4.96124108e-01,
       -5.25804533e-02, -1.88703479e-02,  3.74126127e-01,  2.74042676e-02,
       -2.22844296e-01,  5.86348954e-02,  4.81526790e-01, -1.47459900e-01,
       -2.66958777e-01,  2.61106839e-02,  5.09496073e-01,  4.12463675e-02,
       -2.95111295e-01,  2.21134645e-01,  1.90525648e-03,  7.49078311e-02,
       -2.17365571e-01, -1.32705305e-01,  4.84282159e-01, -7.69995358e-02,
       -3.88406917e-01, -7.15802466e-02,  1.91432733e-04, -1.09843124e-01,
       -2.28291041e-01,  1.23660946e-01,  3.78289661e-01, -3.34272218e-02]) 

Generation: 317 
 - Generation Avg Fit: 4420.1738920757925 
 - Best Fitness: 6622.566726396165 
 - Worst Fitness: 0.0
 - Best Solution: array([-2.47027064e-01, -2.31041286e-01, -8.35632625e-04, -3.10527290e-01,
        3.03539674e-01, -3.92647070e-01,  1.62469162e-01, -2.70795159e-02,
       -1.63053023e-01,  7.61070736e-02,  1.10917383e-02, -1.48215552e-01,
        1.36703866e-01,  4.00459564e-02,  1.04855317e-01, -1.06095560e-01,
       -1.68312607e-01,  9.22871293e-02,  1.76435431e-01,  1.68265312e-01,
        3.26200747e-03,  1.00085597e-01,  4.33514662e-01,  5.68545924e-02,
       -4.01225031e-01, -3.64055776e-01,  5.46908291e-03,  1.82082415e-01,
       -3.70119624e-01,  3.65413810e-02,  7.87216431e-02,  1.21222283e-01,
        1.54661952e-01,  1.78266980e-01, -5.53578469e-02,  4.96124108e-01,
       -5.25804533e-02, -1.88703479e-02,  3.74126127e-01,  2.74042676e-02,
       -2.22844296e-01,  5.86348954e-02,  4.81526790e-01, -1.47459900e-01,
       -2.66958777e-01,  2.61106839e-02,  5.09496073e-01,  4.12463675e-02,
       -2.95111295e-01,  2.21134645e-01,  1.90525648e-03,  7.49078311e-02,
       -2.17365571e-01, -1.32705305e-01,  4.84282159e-01, -7.69995358e-02,
       -3.88406917e-01, -7.15802466e-02,  1.91432733e-04, -1.09843124e-01,
       -2.28291041e-01,  1.23660946e-01,  3.78289661e-01, -3.34272218e-02]) 

Generation: 318 
 - Generation Avg Fit: 4551.071192054722 
 - Best Fitness: 6622.566726396165 
 - Worst Fitness: 0.0
 - Best Solution: array([-2.47027064e-01, -2.31041286e-01, -8.35632625e-04, -3.10527290e-01,
        3.03539674e-01, -3.92647070e-01,  1.62469162e-01, -2.70795159e-02,
       -1.63053023e-01,  7.61070736e-02,  1.10917383e-02, -1.48215552e-01,
        1.36703866e-01,  4.00459564e-02,  1.04855317e-01, -1.06095560e-01,
       -1.68312607e-01,  9.22871293e-02,  1.76435431e-01,  1.68265312e-01,
        3.26200747e-03,  1.00085597e-01,  4.33514662e-01,  5.68545924e-02,
       -4.01225031e-01, -3.64055776e-01,  5.46908291e-03,  1.82082415e-01,
       -3.70119624e-01,  3.65413810e-02,  7.87216431e-02,  1.21222283e-01,
        1.54661952e-01,  1.78266980e-01, -5.53578469e-02,  4.96124108e-01,
       -5.25804533e-02, -1.88703479e-02,  3.74126127e-01,  2.74042676e-02,
       -2.22844296e-01,  5.86348954e-02,  4.81526790e-01, -1.47459900e-01,
       -2.66958777e-01,  2.61106839e-02,  5.09496073e-01,  4.12463675e-02,
       -2.95111295e-01,  2.21134645e-01,  1.90525648e-03,  7.49078311e-02,
       -2.17365571e-01, -1.32705305e-01,  4.84282159e-01, -7.69995358e-02,
       -3.88406917e-01, -7.15802466e-02,  1.91432733e-04, -1.09843124e-01,
       -2.28291041e-01,  1.23660946e-01,  3.78289661e-01, -3.34272218e-02]) 

Generation: 319 
 - Generation Avg Fit: 4730.54229865754 
 - Best Fitness: 6622.566726396165 
 - Worst Fitness: 0.0
 - Best Solution: array([-2.47027064e-01, -2.31041286e-01, -8.35632625e-04, -3.10527290e-01,
        3.03539674e-01, -3.92647070e-01,  1.62469162e-01, -2.70795159e-02,
       -1.63053023e-01,  7.61070736e-02,  1.10917383e-02, -1.48215552e-01,
        1.36703866e-01,  4.00459564e-02,  1.04855317e-01, -1.06095560e-01,
       -1.68312607e-01,  9.22871293e-02,  1.76435431e-01,  1.68265312e-01,
        3.26200747e-03,  1.00085597e-01,  4.33514662e-01,  5.68545924e-02,
       -4.01225031e-01, -3.64055776e-01,  5.46908291e-03,  1.82082415e-01,
       -3.70119624e-01,  3.65413810e-02,  7.87216431e-02,  1.21222283e-01,
        1.54661952e-01,  1.78266980e-01, -5.53578469e-02,  4.96124108e-01,
       -5.25804533e-02, -1.88703479e-02,  3.74126127e-01,  2.74042676e-02,
       -2.22844296e-01,  5.86348954e-02,  4.81526790e-01, -1.47459900e-01,
       -2.66958777e-01,  2.61106839e-02,  5.09496073e-01,  4.12463675e-02,
       -2.95111295e-01,  2.21134645e-01,  1.90525648e-03,  7.49078311e-02,
       -2.17365571e-01, -1.32705305e-01,  4.84282159e-01, -7.69995358e-02,
       -3.88406917e-01, -7.15802466e-02,  1.91432733e-04, -1.09843124e-01,
       -2.28291041e-01,  1.23660946e-01,  3.78289661e-01, -3.34272218e-02]) 

Generation: 320 
 - Generation Avg Fit: 4601.876469852676 
 - Best Fitness: 6622.566726396165 
 - Worst Fitness: 0.0
 - Best Solution: array([-2.47027064e-01, -2.31041286e-01, -8.35632625e-04, -3.10527290e-01,
        3.03539674e-01, -3.92647070e-01,  1.62469162e-01, -2.70795159e-02,
       -1.63053023e-01,  7.61070736e-02,  1.10917383e-02, -1.48215552e-01,
        1.36703866e-01,  4.00459564e-02,  1.04855317e-01, -1.06095560e-01,
       -1.68312607e-01,  9.22871293e-02,  1.76435431e-01,  1.68265312e-01,
        3.26200747e-03,  1.00085597e-01,  4.33514662e-01,  5.68545924e-02,
       -4.01225031e-01, -3.64055776e-01,  5.46908291e-03,  1.82082415e-01,
       -3.70119624e-01,  3.65413810e-02,  7.87216431e-02,  1.21222283e-01,
        1.54661952e-01,  1.78266980e-01, -5.53578469e-02,  4.96124108e-01,
       -5.25804533e-02, -1.88703479e-02,  3.74126127e-01,  2.74042676e-02,
       -2.22844296e-01,  5.86348954e-02,  4.81526790e-01, -1.47459900e-01,
       -2.66958777e-01,  2.61106839e-02,  5.09496073e-01,  4.12463675e-02,
       -2.95111295e-01,  2.21134645e-01,  1.90525648e-03,  7.49078311e-02,
       -2.17365571e-01, -1.32705305e-01,  4.84282159e-01, -7.69995358e-02,
       -3.88406917e-01, -7.15802466e-02,  1.91432733e-04, -1.09843124e-01,
       -2.28291041e-01,  1.23660946e-01,  3.78289661e-01, -3.34272218e-02]) 

Generation: 321 
 - Generation Avg Fit: 4429.020052037361 
 - Best Fitness: 6622.566726396165 
 - Worst Fitness: 0.0
 - Best Solution: array([-2.47027064e-01, -2.31041286e-01, -8.35632625e-04, -3.10527290e-01,
        3.03539674e-01, -3.92647070e-01,  1.62469162e-01, -2.70795159e-02,
       -1.63053023e-01,  7.61070736e-02,  1.10917383e-02, -1.48215552e-01,
        1.36703866e-01,  4.00459564e-02,  1.04855317e-01, -1.06095560e-01,
       -1.68312607e-01,  9.22871293e-02,  1.76435431e-01,  1.68265312e-01,
        3.26200747e-03,  1.00085597e-01,  4.33514662e-01,  5.68545924e-02,
       -4.01225031e-01, -3.64055776e-01,  5.46908291e-03,  1.82082415e-01,
       -3.70119624e-01,  3.65413810e-02,  7.87216431e-02,  1.21222283e-01,
        1.54661952e-01,  1.78266980e-01, -5.53578469e-02,  4.96124108e-01,
       -5.25804533e-02, -1.88703479e-02,  3.74126127e-01,  2.74042676e-02,
       -2.22844296e-01,  5.86348954e-02,  4.81526790e-01, -1.47459900e-01,
       -2.66958777e-01,  2.61106839e-02,  5.09496073e-01,  4.12463675e-02,
       -2.95111295e-01,  2.21134645e-01,  1.90525648e-03,  7.49078311e-02,
       -2.17365571e-01, -1.32705305e-01,  4.84282159e-01, -7.69995358e-02,
       -3.88406917e-01, -7.15802466e-02,  1.91432733e-04, -1.09843124e-01,
       -2.28291041e-01,  1.23660946e-01,  3.78289661e-01, -3.34272218e-02]) 

Generation: 322 
 - Generation Avg Fit: 4329.268599045647 
 - Best Fitness: 6622.566726396165 
 - Worst Fitness: 0.0
 - Best Solution: array([-2.47027064e-01, -2.31041286e-01, -8.35632625e-04, -3.10527290e-01,
        3.03539674e-01, -3.92647070e-01,  1.62469162e-01, -2.70795159e-02,
       -1.63053023e-01,  7.61070736e-02,  1.10917383e-02, -1.48215552e-01,
        1.36703866e-01,  4.00459564e-02,  1.04855317e-01, -1.06095560e-01,
       -1.68312607e-01,  9.22871293e-02,  1.76435431e-01,  1.68265312e-01,
        3.26200747e-03,  1.00085597e-01,  4.33514662e-01,  5.68545924e-02,
       -4.01225031e-01, -3.64055776e-01,  5.46908291e-03,  1.82082415e-01,
       -3.70119624e-01,  3.65413810e-02,  7.87216431e-02,  1.21222283e-01,
        1.54661952e-01,  1.78266980e-01, -5.53578469e-02,  4.96124108e-01,
       -5.25804533e-02, -1.88703479e-02,  3.74126127e-01,  2.74042676e-02,
       -2.22844296e-01,  5.86348954e-02,  4.81526790e-01, -1.47459900e-01,
       -2.66958777e-01,  2.61106839e-02,  5.09496073e-01,  4.12463675e-02,
       -2.95111295e-01,  2.21134645e-01,  1.90525648e-03,  7.49078311e-02,
       -2.17365571e-01, -1.32705305e-01,  4.84282159e-01, -7.69995358e-02,
       -3.88406917e-01, -7.15802466e-02,  1.91432733e-04, -1.09843124e-01,
       -2.28291041e-01,  1.23660946e-01,  3.78289661e-01, -3.34272218e-02]) 

Generation: 323 
 - Generation Avg Fit: 4465.966639432362 
 - Best Fitness: 6622.566726396165 
 - Worst Fitness: 0.0
 - Best Solution: array([-2.47027064e-01, -2.31041286e-01, -8.35632625e-04, -3.10527290e-01,
        3.03539674e-01, -3.92647070e-01,  1.62469162e-01, -2.70795159e-02,
       -1.63053023e-01,  7.61070736e-02,  1.10917383e-02, -1.48215552e-01,
        1.36703866e-01,  4.00459564e-02,  1.04855317e-01, -1.06095560e-01,
       -1.68312607e-01,  9.22871293e-02,  1.76435431e-01,  1.68265312e-01,
        3.26200747e-03,  1.00085597e-01,  4.33514662e-01,  5.68545924e-02,
       -4.01225031e-01, -3.64055776e-01,  5.46908291e-03,  1.82082415e-01,
       -3.70119624e-01,  3.65413810e-02,  7.87216431e-02,  1.21222283e-01,
        1.54661952e-01,  1.78266980e-01, -5.53578469e-02,  4.96124108e-01,
       -5.25804533e-02, -1.88703479e-02,  3.74126127e-01,  2.74042676e-02,
       -2.22844296e-01,  5.86348954e-02,  4.81526790e-01, -1.47459900e-01,
       -2.66958777e-01,  2.61106839e-02,  5.09496073e-01,  4.12463675e-02,
       -2.95111295e-01,  2.21134645e-01,  1.90525648e-03,  7.49078311e-02,
       -2.17365571e-01, -1.32705305e-01,  4.84282159e-01, -7.69995358e-02,
       -3.88406917e-01, -7.15802466e-02,  1.91432733e-04, -1.09843124e-01,
       -2.28291041e-01,  1.23660946e-01,  3.78289661e-01, -3.34272218e-02]) 

Generation: 324 
 - Generation Avg Fit: 4563.273830185798 
 - Best Fitness: 6622.566726396165 
 - Worst Fitness: 0.0
 - Best Solution: array([-2.47027064e-01, -2.31041286e-01, -8.35632625e-04, -3.10527290e-01,
        3.03539674e-01, -3.92647070e-01,  1.62469162e-01, -2.70795159e-02,
       -1.63053023e-01,  7.61070736e-02,  1.10917383e-02, -1.48215552e-01,
        1.36703866e-01,  4.00459564e-02,  1.04855317e-01, -1.06095560e-01,
       -1.68312607e-01,  9.22871293e-02,  1.76435431e-01,  1.68265312e-01,
        3.26200747e-03,  1.00085597e-01,  4.33514662e-01,  5.68545924e-02,
       -4.01225031e-01, -3.64055776e-01,  5.46908291e-03,  1.82082415e-01,
       -3.70119624e-01,  3.65413810e-02,  7.87216431e-02,  1.21222283e-01,
        1.54661952e-01,  1.78266980e-01, -5.53578469e-02,  4.96124108e-01,
       -5.25804533e-02, -1.88703479e-02,  3.74126127e-01,  2.74042676e-02,
       -2.22844296e-01,  5.86348954e-02,  4.81526790e-01, -1.47459900e-01,
       -2.66958777e-01,  2.61106839e-02,  5.09496073e-01,  4.12463675e-02,
       -2.95111295e-01,  2.21134645e-01,  1.90525648e-03,  7.49078311e-02,
       -2.17365571e-01, -1.32705305e-01,  4.84282159e-01, -7.69995358e-02,
       -3.88406917e-01, -7.15802466e-02,  1.91432733e-04, -1.09843124e-01,
       -2.28291041e-01,  1.23660946e-01,  3.78289661e-01, -3.34272218e-02]) 

Generation: 325 
 - Generation Avg Fit: 4345.971249068753 
 - Best Fitness: 6622.566726396165 
 - Worst Fitness: 0.0
 - Best Solution: array([-2.47027064e-01, -2.31041286e-01, -8.35632625e-04, -3.10527290e-01,
        3.03539674e-01, -3.92647070e-01,  1.62469162e-01, -2.70795159e-02,
       -1.63053023e-01,  7.61070736e-02,  1.10917383e-02, -1.48215552e-01,
        1.36703866e-01,  4.00459564e-02,  1.04855317e-01, -1.06095560e-01,
       -1.68312607e-01,  9.22871293e-02,  1.76435431e-01,  1.68265312e-01,
        3.26200747e-03,  1.00085597e-01,  4.33514662e-01,  5.68545924e-02,
       -4.01225031e-01, -3.64055776e-01,  5.46908291e-03,  1.82082415e-01,
       -3.70119624e-01,  3.65413810e-02,  7.87216431e-02,  1.21222283e-01,
        1.54661952e-01,  1.78266980e-01, -5.53578469e-02,  4.96124108e-01,
       -5.25804533e-02, -1.88703479e-02,  3.74126127e-01,  2.74042676e-02,
       -2.22844296e-01,  5.86348954e-02,  4.81526790e-01, -1.47459900e-01,
       -2.66958777e-01,  2.61106839e-02,  5.09496073e-01,  4.12463675e-02,
       -2.95111295e-01,  2.21134645e-01,  1.90525648e-03,  7.49078311e-02,
       -2.17365571e-01, -1.32705305e-01,  4.84282159e-01, -7.69995358e-02,
       -3.88406917e-01, -7.15802466e-02,  1.91432733e-04, -1.09843124e-01,
       -2.28291041e-01,  1.23660946e-01,  3.78289661e-01, -3.34272218e-02]) 

Generation: 326 
 - Generation Avg Fit: 4618.046521214511 
 - Best Fitness: 6622.566726396165 
 - Worst Fitness: 0.0
 - Best Solution: array([-2.47027064e-01, -2.31041286e-01, -8.35632625e-04, -3.10527290e-01,
        3.03539674e-01, -3.92647070e-01,  1.62469162e-01, -2.70795159e-02,
       -1.63053023e-01,  7.61070736e-02,  1.10917383e-02, -1.48215552e-01,
        1.36703866e-01,  4.00459564e-02,  1.04855317e-01, -1.06095560e-01,
       -1.68312607e-01,  9.22871293e-02,  1.76435431e-01,  1.68265312e-01,
        3.26200747e-03,  1.00085597e-01,  4.33514662e-01,  5.68545924e-02,
       -4.01225031e-01, -3.64055776e-01,  5.46908291e-03,  1.82082415e-01,
       -3.70119624e-01,  3.65413810e-02,  7.87216431e-02,  1.21222283e-01,
        1.54661952e-01,  1.78266980e-01, -5.53578469e-02,  4.96124108e-01,
       -5.25804533e-02, -1.88703479e-02,  3.74126127e-01,  2.74042676e-02,
       -2.22844296e-01,  5.86348954e-02,  4.81526790e-01, -1.47459900e-01,
       -2.66958777e-01,  2.61106839e-02,  5.09496073e-01,  4.12463675e-02,
       -2.95111295e-01,  2.21134645e-01,  1.90525648e-03,  7.49078311e-02,
       -2.17365571e-01, -1.32705305e-01,  4.84282159e-01, -7.69995358e-02,
       -3.88406917e-01, -7.15802466e-02,  1.91432733e-04, -1.09843124e-01,
       -2.28291041e-01,  1.23660946e-01,  3.78289661e-01, -3.34272218e-02]) 

Generation: 327 
 - Generation Avg Fit: 4502.961848903337 
 - Best Fitness: 6622.566726396165 
 - Worst Fitness: 0.0
 - Best Solution: array([-2.47027064e-01, -2.31041286e-01, -8.35632625e-04, -3.10527290e-01,
        3.03539674e-01, -3.92647070e-01,  1.62469162e-01, -2.70795159e-02,
       -1.63053023e-01,  7.61070736e-02,  1.10917383e-02, -1.48215552e-01,
        1.36703866e-01,  4.00459564e-02,  1.04855317e-01, -1.06095560e-01,
       -1.68312607e-01,  9.22871293e-02,  1.76435431e-01,  1.68265312e-01,
        3.26200747e-03,  1.00085597e-01,  4.33514662e-01,  5.68545924e-02,
       -4.01225031e-01, -3.64055776e-01,  5.46908291e-03,  1.82082415e-01,
       -3.70119624e-01,  3.65413810e-02,  7.87216431e-02,  1.21222283e-01,
        1.54661952e-01,  1.78266980e-01, -5.53578469e-02,  4.96124108e-01,
       -5.25804533e-02, -1.88703479e-02,  3.74126127e-01,  2.74042676e-02,
       -2.22844296e-01,  5.86348954e-02,  4.81526790e-01, -1.47459900e-01,
       -2.66958777e-01,  2.61106839e-02,  5.09496073e-01,  4.12463675e-02,
       -2.95111295e-01,  2.21134645e-01,  1.90525648e-03,  7.49078311e-02,
       -2.17365571e-01, -1.32705305e-01,  4.84282159e-01, -7.69995358e-02,
       -3.88406917e-01, -7.15802466e-02,  1.91432733e-04, -1.09843124e-01,
       -2.28291041e-01,  1.23660946e-01,  3.78289661e-01, -3.34272218e-02]) 

Generation: 328 
 - Generation Avg Fit: 4557.919516372367 
 - Best Fitness: 6622.566726396165 
 - Worst Fitness: 0.0
 - Best Solution: array([-2.47027064e-01, -2.31041286e-01, -8.35632625e-04, -3.10527290e-01,
        3.03539674e-01, -3.92647070e-01,  1.62469162e-01, -2.70795159e-02,
       -1.63053023e-01,  7.61070736e-02,  1.10917383e-02, -1.48215552e-01,
        1.36703866e-01,  4.00459564e-02,  1.04855317e-01, -1.06095560e-01,
       -1.68312607e-01,  9.22871293e-02,  1.76435431e-01,  1.68265312e-01,
        3.26200747e-03,  1.00085597e-01,  4.33514662e-01,  5.68545924e-02,
       -4.01225031e-01, -3.64055776e-01,  5.46908291e-03,  1.82082415e-01,
       -3.70119624e-01,  3.65413810e-02,  7.87216431e-02,  1.21222283e-01,
        1.54661952e-01,  1.78266980e-01, -5.53578469e-02,  4.96124108e-01,
       -5.25804533e-02, -1.88703479e-02,  3.74126127e-01,  2.74042676e-02,
       -2.22844296e-01,  5.86348954e-02,  4.81526790e-01, -1.47459900e-01,
       -2.66958777e-01,  2.61106839e-02,  5.09496073e-01,  4.12463675e-02,
       -2.95111295e-01,  2.21134645e-01,  1.90525648e-03,  7.49078311e-02,
       -2.17365571e-01, -1.32705305e-01,  4.84282159e-01, -7.69995358e-02,
       -3.88406917e-01, -7.15802466e-02,  1.91432733e-04, -1.09843124e-01,
       -2.28291041e-01,  1.23660946e-01,  3.78289661e-01, -3.34272218e-02]) 

Generation: 329 
 - Generation Avg Fit: 4614.114878814872 
 - Best Fitness: 6622.566726396165 
 - Worst Fitness: 0.0
 - Best Solution: array([-2.47027064e-01, -2.31041286e-01, -8.35632625e-04, -3.10527290e-01,
        3.03539674e-01, -3.92647070e-01,  1.62469162e-01, -2.70795159e-02,
       -1.63053023e-01,  7.61070736e-02,  1.10917383e-02, -1.48215552e-01,
        1.36703866e-01,  4.00459564e-02,  1.04855317e-01, -1.06095560e-01,
       -1.68312607e-01,  9.22871293e-02,  1.76435431e-01,  1.68265312e-01,
        3.26200747e-03,  1.00085597e-01,  4.33514662e-01,  5.68545924e-02,
       -4.01225031e-01, -3.64055776e-01,  5.46908291e-03,  1.82082415e-01,
       -3.70119624e-01,  3.65413810e-02,  7.87216431e-02,  1.21222283e-01,
        1.54661952e-01,  1.78266980e-01, -5.53578469e-02,  4.96124108e-01,
       -5.25804533e-02, -1.88703479e-02,  3.74126127e-01,  2.74042676e-02,
       -2.22844296e-01,  5.86348954e-02,  4.81526790e-01, -1.47459900e-01,
       -2.66958777e-01,  2.61106839e-02,  5.09496073e-01,  4.12463675e-02,
       -2.95111295e-01,  2.21134645e-01,  1.90525648e-03,  7.49078311e-02,
       -2.17365571e-01, -1.32705305e-01,  4.84282159e-01, -7.69995358e-02,
       -3.88406917e-01, -7.15802466e-02,  1.91432733e-04, -1.09843124e-01,
       -2.28291041e-01,  1.23660946e-01,  3.78289661e-01, -3.34272218e-02]) 

Generation: 330 
 - Generation Avg Fit: 4445.486197860418 
 - Best Fitness: 6622.566726396165 
 - Worst Fitness: 0.0
 - Best Solution: array([-2.47027064e-01, -2.31041286e-01, -8.35632625e-04, -3.10527290e-01,
        3.03539674e-01, -3.92647070e-01,  1.62469162e-01, -2.70795159e-02,
       -1.63053023e-01,  7.61070736e-02,  1.10917383e-02, -1.48215552e-01,
        1.36703866e-01,  4.00459564e-02,  1.04855317e-01, -1.06095560e-01,
       -1.68312607e-01,  9.22871293e-02,  1.76435431e-01,  1.68265312e-01,
        3.26200747e-03,  1.00085597e-01,  4.33514662e-01,  5.68545924e-02,
       -4.01225031e-01, -3.64055776e-01,  5.46908291e-03,  1.82082415e-01,
       -3.70119624e-01,  3.65413810e-02,  7.87216431e-02,  1.21222283e-01,
        1.54661952e-01,  1.78266980e-01, -5.53578469e-02,  4.96124108e-01,
       -5.25804533e-02, -1.88703479e-02,  3.74126127e-01,  2.74042676e-02,
       -2.22844296e-01,  5.86348954e-02,  4.81526790e-01, -1.47459900e-01,
       -2.66958777e-01,  2.61106839e-02,  5.09496073e-01,  4.12463675e-02,
       -2.95111295e-01,  2.21134645e-01,  1.90525648e-03,  7.49078311e-02,
       -2.17365571e-01, -1.32705305e-01,  4.84282159e-01, -7.69995358e-02,
       -3.88406917e-01, -7.15802466e-02,  1.91432733e-04, -1.09843124e-01,
       -2.28291041e-01,  1.23660946e-01,  3.78289661e-01, -3.34272218e-02]) 

Generation: 331 
 - Generation Avg Fit: 4451.45123793902 
 - Best Fitness: 6622.566726396165 
 - Worst Fitness: 0.0
 - Best Solution: array([-2.47027064e-01, -2.31041286e-01, -8.35632625e-04, -3.10527290e-01,
        3.03539674e-01, -3.92647070e-01,  1.62469162e-01, -2.70795159e-02,
       -1.63053023e-01,  7.61070736e-02,  1.10917383e-02, -1.48215552e-01,
        1.36703866e-01,  4.00459564e-02,  1.04855317e-01, -1.06095560e-01,
       -1.68312607e-01,  9.22871293e-02,  1.76435431e-01,  1.68265312e-01,
        3.26200747e-03,  1.00085597e-01,  4.33514662e-01,  5.68545924e-02,
       -4.01225031e-01, -3.64055776e-01,  5.46908291e-03,  1.82082415e-01,
       -3.70119624e-01,  3.65413810e-02,  7.87216431e-02,  1.21222283e-01,
        1.54661952e-01,  1.78266980e-01, -5.53578469e-02,  4.96124108e-01,
       -5.25804533e-02, -1.88703479e-02,  3.74126127e-01,  2.74042676e-02,
       -2.22844296e-01,  5.86348954e-02,  4.81526790e-01, -1.47459900e-01,
       -2.66958777e-01,  2.61106839e-02,  5.09496073e-01,  4.12463675e-02,
       -2.95111295e-01,  2.21134645e-01,  1.90525648e-03,  7.49078311e-02,
       -2.17365571e-01, -1.32705305e-01,  4.84282159e-01, -7.69995358e-02,
       -3.88406917e-01, -7.15802466e-02,  1.91432733e-04, -1.09843124e-01,
       -2.28291041e-01,  1.23660946e-01,  3.78289661e-01, -3.34272218e-02]) 

Generation: 332 
 - Generation Avg Fit: 4353.871660437304 
 - Best Fitness: 6622.566726396165 
 - Worst Fitness: 0.0
 - Best Solution: array([-2.47027064e-01, -2.31041286e-01, -8.35632625e-04, -3.10527290e-01,
        3.03539674e-01, -3.92647070e-01,  1.62469162e-01, -2.70795159e-02,
       -1.63053023e-01,  7.61070736e-02,  1.10917383e-02, -1.48215552e-01,
        1.36703866e-01,  4.00459564e-02,  1.04855317e-01, -1.06095560e-01,
       -1.68312607e-01,  9.22871293e-02,  1.76435431e-01,  1.68265312e-01,
        3.26200747e-03,  1.00085597e-01,  4.33514662e-01,  5.68545924e-02,
       -4.01225031e-01, -3.64055776e-01,  5.46908291e-03,  1.82082415e-01,
       -3.70119624e-01,  3.65413810e-02,  7.87216431e-02,  1.21222283e-01,
        1.54661952e-01,  1.78266980e-01, -5.53578469e-02,  4.96124108e-01,
       -5.25804533e-02, -1.88703479e-02,  3.74126127e-01,  2.74042676e-02,
       -2.22844296e-01,  5.86348954e-02,  4.81526790e-01, -1.47459900e-01,
       -2.66958777e-01,  2.61106839e-02,  5.09496073e-01,  4.12463675e-02,
       -2.95111295e-01,  2.21134645e-01,  1.90525648e-03,  7.49078311e-02,
       -2.17365571e-01, -1.32705305e-01,  4.84282159e-01, -7.69995358e-02,
       -3.88406917e-01, -7.15802466e-02,  1.91432733e-04, -1.09843124e-01,
       -2.28291041e-01,  1.23660946e-01,  3.78289661e-01, -3.34272218e-02]) 

Generation: 333 
 - Generation Avg Fit: 4698.284565224712 
 - Best Fitness: 6622.566726396165 
 - Worst Fitness: 0.0
 - Best Solution: array([-2.47027064e-01, -2.31041286e-01, -8.35632625e-04, -3.10527290e-01,
        3.03539674e-01, -3.92647070e-01,  1.62469162e-01, -2.70795159e-02,
       -1.63053023e-01,  7.61070736e-02,  1.10917383e-02, -1.48215552e-01,
        1.36703866e-01,  4.00459564e-02,  1.04855317e-01, -1.06095560e-01,
       -1.68312607e-01,  9.22871293e-02,  1.76435431e-01,  1.68265312e-01,
        3.26200747e-03,  1.00085597e-01,  4.33514662e-01,  5.68545924e-02,
       -4.01225031e-01, -3.64055776e-01,  5.46908291e-03,  1.82082415e-01,
       -3.70119624e-01,  3.65413810e-02,  7.87216431e-02,  1.21222283e-01,
        1.54661952e-01,  1.78266980e-01, -5.53578469e-02,  4.96124108e-01,
       -5.25804533e-02, -1.88703479e-02,  3.74126127e-01,  2.74042676e-02,
       -2.22844296e-01,  5.86348954e-02,  4.81526790e-01, -1.47459900e-01,
       -2.66958777e-01,  2.61106839e-02,  5.09496073e-01,  4.12463675e-02,
       -2.95111295e-01,  2.21134645e-01,  1.90525648e-03,  7.49078311e-02,
       -2.17365571e-01, -1.32705305e-01,  4.84282159e-01, -7.69995358e-02,
       -3.88406917e-01, -7.15802466e-02,  1.91432733e-04, -1.09843124e-01,
       -2.28291041e-01,  1.23660946e-01,  3.78289661e-01, -3.34272218e-02]) 

Generation: 334 
 - Generation Avg Fit: 4185.042445981599 
 - Best Fitness: 6622.566726396165 
 - Worst Fitness: 0.0
 - Best Solution: array([-2.47027064e-01, -2.31041286e-01, -8.35632625e-04, -3.10527290e-01,
        3.03539674e-01, -3.92647070e-01,  1.62469162e-01, -2.70795159e-02,
       -1.63053023e-01,  7.61070736e-02,  1.10917383e-02, -1.48215552e-01,
        1.36703866e-01,  4.00459564e-02,  1.04855317e-01, -1.06095560e-01,
       -1.68312607e-01,  9.22871293e-02,  1.76435431e-01,  1.68265312e-01,
        3.26200747e-03,  1.00085597e-01,  4.33514662e-01,  5.68545924e-02,
       -4.01225031e-01, -3.64055776e-01,  5.46908291e-03,  1.82082415e-01,
       -3.70119624e-01,  3.65413810e-02,  7.87216431e-02,  1.21222283e-01,
        1.54661952e-01,  1.78266980e-01, -5.53578469e-02,  4.96124108e-01,
       -5.25804533e-02, -1.88703479e-02,  3.74126127e-01,  2.74042676e-02,
       -2.22844296e-01,  5.86348954e-02,  4.81526790e-01, -1.47459900e-01,
       -2.66958777e-01,  2.61106839e-02,  5.09496073e-01,  4.12463675e-02,
       -2.95111295e-01,  2.21134645e-01,  1.90525648e-03,  7.49078311e-02,
       -2.17365571e-01, -1.32705305e-01,  4.84282159e-01, -7.69995358e-02,
       -3.88406917e-01, -7.15802466e-02,  1.91432733e-04, -1.09843124e-01,
       -2.28291041e-01,  1.23660946e-01,  3.78289661e-01, -3.34272218e-02]) 

Generation: 335 
 - Generation Avg Fit: 4273.029862516489 
 - Best Fitness: 6622.566726396165 
 - Worst Fitness: 0.0
 - Best Solution: array([-2.47027064e-01, -2.31041286e-01, -8.35632625e-04, -3.10527290e-01,
        3.03539674e-01, -3.92647070e-01,  1.62469162e-01, -2.70795159e-02,
       -1.63053023e-01,  7.61070736e-02,  1.10917383e-02, -1.48215552e-01,
        1.36703866e-01,  4.00459564e-02,  1.04855317e-01, -1.06095560e-01,
       -1.68312607e-01,  9.22871293e-02,  1.76435431e-01,  1.68265312e-01,
        3.26200747e-03,  1.00085597e-01,  4.33514662e-01,  5.68545924e-02,
       -4.01225031e-01, -3.64055776e-01,  5.46908291e-03,  1.82082415e-01,
       -3.70119624e-01,  3.65413810e-02,  7.87216431e-02,  1.21222283e-01,
        1.54661952e-01,  1.78266980e-01, -5.53578469e-02,  4.96124108e-01,
       -5.25804533e-02, -1.88703479e-02,  3.74126127e-01,  2.74042676e-02,
       -2.22844296e-01,  5.86348954e-02,  4.81526790e-01, -1.47459900e-01,
       -2.66958777e-01,  2.61106839e-02,  5.09496073e-01,  4.12463675e-02,
       -2.95111295e-01,  2.21134645e-01,  1.90525648e-03,  7.49078311e-02,
       -2.17365571e-01, -1.32705305e-01,  4.84282159e-01, -7.69995358e-02,
       -3.88406917e-01, -7.15802466e-02,  1.91432733e-04, -1.09843124e-01,
       -2.28291041e-01,  1.23660946e-01,  3.78289661e-01, -3.34272218e-02]) 

Generation: 336 
 - Generation Avg Fit: 4428.788900492743 
 - Best Fitness: 6622.566726396165 
 - Worst Fitness: 0.0
 - Best Solution: array([-2.47027064e-01, -2.31041286e-01, -8.35632625e-04, -3.10527290e-01,
        3.03539674e-01, -3.92647070e-01,  1.62469162e-01, -2.70795159e-02,
       -1.63053023e-01,  7.61070736e-02,  1.10917383e-02, -1.48215552e-01,
        1.36703866e-01,  4.00459564e-02,  1.04855317e-01, -1.06095560e-01,
       -1.68312607e-01,  9.22871293e-02,  1.76435431e-01,  1.68265312e-01,
        3.26200747e-03,  1.00085597e-01,  4.33514662e-01,  5.68545924e-02,
       -4.01225031e-01, -3.64055776e-01,  5.46908291e-03,  1.82082415e-01,
       -3.70119624e-01,  3.65413810e-02,  7.87216431e-02,  1.21222283e-01,
        1.54661952e-01,  1.78266980e-01, -5.53578469e-02,  4.96124108e-01,
       -5.25804533e-02, -1.88703479e-02,  3.74126127e-01,  2.74042676e-02,
       -2.22844296e-01,  5.86348954e-02,  4.81526790e-01, -1.47459900e-01,
       -2.66958777e-01,  2.61106839e-02,  5.09496073e-01,  4.12463675e-02,
       -2.95111295e-01,  2.21134645e-01,  1.90525648e-03,  7.49078311e-02,
       -2.17365571e-01, -1.32705305e-01,  4.84282159e-01, -7.69995358e-02,
       -3.88406917e-01, -7.15802466e-02,  1.91432733e-04, -1.09843124e-01,
       -2.28291041e-01,  1.23660946e-01,  3.78289661e-01, -3.34272218e-02]) 

Generation: 337 
 - Generation Avg Fit: 4295.000882447182 
 - Best Fitness: 6622.566726396165 
 - Worst Fitness: 0.0
 - Best Solution: array([-2.47027064e-01, -2.31041286e-01, -8.35632625e-04, -3.10527290e-01,
        3.03539674e-01, -3.92647070e-01,  1.62469162e-01, -2.70795159e-02,
       -1.63053023e-01,  7.61070736e-02,  1.10917383e-02, -1.48215552e-01,
        1.36703866e-01,  4.00459564e-02,  1.04855317e-01, -1.06095560e-01,
       -1.68312607e-01,  9.22871293e-02,  1.76435431e-01,  1.68265312e-01,
        3.26200747e-03,  1.00085597e-01,  4.33514662e-01,  5.68545924e-02,
       -4.01225031e-01, -3.64055776e-01,  5.46908291e-03,  1.82082415e-01,
       -3.70119624e-01,  3.65413810e-02,  7.87216431e-02,  1.21222283e-01,
        1.54661952e-01,  1.78266980e-01, -5.53578469e-02,  4.96124108e-01,
       -5.25804533e-02, -1.88703479e-02,  3.74126127e-01,  2.74042676e-02,
       -2.22844296e-01,  5.86348954e-02,  4.81526790e-01, -1.47459900e-01,
       -2.66958777e-01,  2.61106839e-02,  5.09496073e-01,  4.12463675e-02,
       -2.95111295e-01,  2.21134645e-01,  1.90525648e-03,  7.49078311e-02,
       -2.17365571e-01, -1.32705305e-01,  4.84282159e-01, -7.69995358e-02,
       -3.88406917e-01, -7.15802466e-02,  1.91432733e-04, -1.09843124e-01,
       -2.28291041e-01,  1.23660946e-01,  3.78289661e-01, -3.34272218e-02]) 

Generation: 338 
 - Generation Avg Fit: 4376.836147011741 
 - Best Fitness: 6622.566726396165 
 - Worst Fitness: 0.0
 - Best Solution: array([-2.47027064e-01, -2.31041286e-01, -8.35632625e-04, -3.10527290e-01,
        3.03539674e-01, -3.92647070e-01,  1.62469162e-01, -2.70795159e-02,
       -1.63053023e-01,  7.61070736e-02,  1.10917383e-02, -1.48215552e-01,
        1.36703866e-01,  4.00459564e-02,  1.04855317e-01, -1.06095560e-01,
       -1.68312607e-01,  9.22871293e-02,  1.76435431e-01,  1.68265312e-01,
        3.26200747e-03,  1.00085597e-01,  4.33514662e-01,  5.68545924e-02,
       -4.01225031e-01, -3.64055776e-01,  5.46908291e-03,  1.82082415e-01,
       -3.70119624e-01,  3.65413810e-02,  7.87216431e-02,  1.21222283e-01,
        1.54661952e-01,  1.78266980e-01, -5.53578469e-02,  4.96124108e-01,
       -5.25804533e-02, -1.88703479e-02,  3.74126127e-01,  2.74042676e-02,
       -2.22844296e-01,  5.86348954e-02,  4.81526790e-01, -1.47459900e-01,
       -2.66958777e-01,  2.61106839e-02,  5.09496073e-01,  4.12463675e-02,
       -2.95111295e-01,  2.21134645e-01,  1.90525648e-03,  7.49078311e-02,
       -2.17365571e-01, -1.32705305e-01,  4.84282159e-01, -7.69995358e-02,
       -3.88406917e-01, -7.15802466e-02,  1.91432733e-04, -1.09843124e-01,
       -2.28291041e-01,  1.23660946e-01,  3.78289661e-01, -3.34272218e-02]) 

Generation: 339 
 - Generation Avg Fit: 4550.863449369123 
 - Best Fitness: 6622.566726396165 
 - Worst Fitness: 0.0
 - Best Solution: array([-2.47027064e-01, -2.31041286e-01, -8.35632625e-04, -3.10527290e-01,
        3.03539674e-01, -3.92647070e-01,  1.62469162e-01, -2.70795159e-02,
       -1.63053023e-01,  7.61070736e-02,  1.10917383e-02, -1.48215552e-01,
        1.36703866e-01,  4.00459564e-02,  1.04855317e-01, -1.06095560e-01,
       -1.68312607e-01,  9.22871293e-02,  1.76435431e-01,  1.68265312e-01,
        3.26200747e-03,  1.00085597e-01,  4.33514662e-01,  5.68545924e-02,
       -4.01225031e-01, -3.64055776e-01,  5.46908291e-03,  1.82082415e-01,
       -3.70119624e-01,  3.65413810e-02,  7.87216431e-02,  1.21222283e-01,
        1.54661952e-01,  1.78266980e-01, -5.53578469e-02,  4.96124108e-01,
       -5.25804533e-02, -1.88703479e-02,  3.74126127e-01,  2.74042676e-02,
       -2.22844296e-01,  5.86348954e-02,  4.81526790e-01, -1.47459900e-01,
       -2.66958777e-01,  2.61106839e-02,  5.09496073e-01,  4.12463675e-02,
       -2.95111295e-01,  2.21134645e-01,  1.90525648e-03,  7.49078311e-02,
       -2.17365571e-01, -1.32705305e-01,  4.84282159e-01, -7.69995358e-02,
       -3.88406917e-01, -7.15802466e-02,  1.91432733e-04, -1.09843124e-01,
       -2.28291041e-01,  1.23660946e-01,  3.78289661e-01, -3.34272218e-02]) 

Generation: 340 
 - Generation Avg Fit: 4593.223836309319 
 - Best Fitness: 6622.566726396165 
 - Worst Fitness: 0.0
 - Best Solution: array([-2.47027064e-01, -2.31041286e-01, -8.35632625e-04, -3.10527290e-01,
        3.03539674e-01, -3.92647070e-01,  1.62469162e-01, -2.70795159e-02,
       -1.63053023e-01,  7.61070736e-02,  1.10917383e-02, -1.48215552e-01,
        1.36703866e-01,  4.00459564e-02,  1.04855317e-01, -1.06095560e-01,
       -1.68312607e-01,  9.22871293e-02,  1.76435431e-01,  1.68265312e-01,
        3.26200747e-03,  1.00085597e-01,  4.33514662e-01,  5.68545924e-02,
       -4.01225031e-01, -3.64055776e-01,  5.46908291e-03,  1.82082415e-01,
       -3.70119624e-01,  3.65413810e-02,  7.87216431e-02,  1.21222283e-01,
        1.54661952e-01,  1.78266980e-01, -5.53578469e-02,  4.96124108e-01,
       -5.25804533e-02, -1.88703479e-02,  3.74126127e-01,  2.74042676e-02,
       -2.22844296e-01,  5.86348954e-02,  4.81526790e-01, -1.47459900e-01,
       -2.66958777e-01,  2.61106839e-02,  5.09496073e-01,  4.12463675e-02,
       -2.95111295e-01,  2.21134645e-01,  1.90525648e-03,  7.49078311e-02,
       -2.17365571e-01, -1.32705305e-01,  4.84282159e-01, -7.69995358e-02,
       -3.88406917e-01, -7.15802466e-02,  1.91432733e-04, -1.09843124e-01,
       -2.28291041e-01,  1.23660946e-01,  3.78289661e-01, -3.34272218e-02]) 

Generation: 341 
 - Generation Avg Fit: 4458.653062962206 
 - Best Fitness: 6622.566726396165 
 - Worst Fitness: 0.0
 - Best Solution: array([-2.47027064e-01, -2.31041286e-01, -8.35632625e-04, -3.10527290e-01,
        3.03539674e-01, -3.92647070e-01,  1.62469162e-01, -2.70795159e-02,
       -1.63053023e-01,  7.61070736e-02,  1.10917383e-02, -1.48215552e-01,
        1.36703866e-01,  4.00459564e-02,  1.04855317e-01, -1.06095560e-01,
       -1.68312607e-01,  9.22871293e-02,  1.76435431e-01,  1.68265312e-01,
        3.26200747e-03,  1.00085597e-01,  4.33514662e-01,  5.68545924e-02,
       -4.01225031e-01, -3.64055776e-01,  5.46908291e-03,  1.82082415e-01,
       -3.70119624e-01,  3.65413810e-02,  7.87216431e-02,  1.21222283e-01,
        1.54661952e-01,  1.78266980e-01, -5.53578469e-02,  4.96124108e-01,
       -5.25804533e-02, -1.88703479e-02,  3.74126127e-01,  2.74042676e-02,
       -2.22844296e-01,  5.86348954e-02,  4.81526790e-01, -1.47459900e-01,
       -2.66958777e-01,  2.61106839e-02,  5.09496073e-01,  4.12463675e-02,
       -2.95111295e-01,  2.21134645e-01,  1.90525648e-03,  7.49078311e-02,
       -2.17365571e-01, -1.32705305e-01,  4.84282159e-01, -7.69995358e-02,
       -3.88406917e-01, -7.15802466e-02,  1.91432733e-04, -1.09843124e-01,
       -2.28291041e-01,  1.23660946e-01,  3.78289661e-01, -3.34272218e-02]) 

Generation: 342 
 - Generation Avg Fit: 4576.322997082333 
 - Best Fitness: 6622.566726396165 
 - Worst Fitness: 0.0
 - Best Solution: array([-2.47027064e-01, -2.31041286e-01, -8.35632625e-04, -3.10527290e-01,
        3.03539674e-01, -3.92647070e-01,  1.62469162e-01, -2.70795159e-02,
       -1.63053023e-01,  7.61070736e-02,  1.10917383e-02, -1.48215552e-01,
        1.36703866e-01,  4.00459564e-02,  1.04855317e-01, -1.06095560e-01,
       -1.68312607e-01,  9.22871293e-02,  1.76435431e-01,  1.68265312e-01,
        3.26200747e-03,  1.00085597e-01,  4.33514662e-01,  5.68545924e-02,
       -4.01225031e-01, -3.64055776e-01,  5.46908291e-03,  1.82082415e-01,
       -3.70119624e-01,  3.65413810e-02,  7.87216431e-02,  1.21222283e-01,
        1.54661952e-01,  1.78266980e-01, -5.53578469e-02,  4.96124108e-01,
       -5.25804533e-02, -1.88703479e-02,  3.74126127e-01,  2.74042676e-02,
       -2.22844296e-01,  5.86348954e-02,  4.81526790e-01, -1.47459900e-01,
       -2.66958777e-01,  2.61106839e-02,  5.09496073e-01,  4.12463675e-02,
       -2.95111295e-01,  2.21134645e-01,  1.90525648e-03,  7.49078311e-02,
       -2.17365571e-01, -1.32705305e-01,  4.84282159e-01, -7.69995358e-02,
       -3.88406917e-01, -7.15802466e-02,  1.91432733e-04, -1.09843124e-01,
       -2.28291041e-01,  1.23660946e-01,  3.78289661e-01, -3.34272218e-02]) 

Generation: 343 
 - Generation Avg Fit: 4291.750736402456 
 - Best Fitness: 6622.566726396165 
 - Worst Fitness: 0.0
 - Best Solution: array([-2.47027064e-01, -2.31041286e-01, -8.35632625e-04, -3.10527290e-01,
        3.03539674e-01, -3.92647070e-01,  1.62469162e-01, -2.70795159e-02,
       -1.63053023e-01,  7.61070736e-02,  1.10917383e-02, -1.48215552e-01,
        1.36703866e-01,  4.00459564e-02,  1.04855317e-01, -1.06095560e-01,
       -1.68312607e-01,  9.22871293e-02,  1.76435431e-01,  1.68265312e-01,
        3.26200747e-03,  1.00085597e-01,  4.33514662e-01,  5.68545924e-02,
       -4.01225031e-01, -3.64055776e-01,  5.46908291e-03,  1.82082415e-01,
       -3.70119624e-01,  3.65413810e-02,  7.87216431e-02,  1.21222283e-01,
        1.54661952e-01,  1.78266980e-01, -5.53578469e-02,  4.96124108e-01,
       -5.25804533e-02, -1.88703479e-02,  3.74126127e-01,  2.74042676e-02,
       -2.22844296e-01,  5.86348954e-02,  4.81526790e-01, -1.47459900e-01,
       -2.66958777e-01,  2.61106839e-02,  5.09496073e-01,  4.12463675e-02,
       -2.95111295e-01,  2.21134645e-01,  1.90525648e-03,  7.49078311e-02,
       -2.17365571e-01, -1.32705305e-01,  4.84282159e-01, -7.69995358e-02,
       -3.88406917e-01, -7.15802466e-02,  1.91432733e-04, -1.09843124e-01,
       -2.28291041e-01,  1.23660946e-01,  3.78289661e-01, -3.34272218e-02]) 

Generation: 344 
 - Generation Avg Fit: 4533.228642743549 
 - Best Fitness: 6622.566726396165 
 - Worst Fitness: 0.0
 - Best Solution: array([-2.47027064e-01, -2.31041286e-01, -8.35632625e-04, -3.10527290e-01,
        3.03539674e-01, -3.92647070e-01,  1.62469162e-01, -2.70795159e-02,
       -1.63053023e-01,  7.61070736e-02,  1.10917383e-02, -1.48215552e-01,
        1.36703866e-01,  4.00459564e-02,  1.04855317e-01, -1.06095560e-01,
       -1.68312607e-01,  9.22871293e-02,  1.76435431e-01,  1.68265312e-01,
        3.26200747e-03,  1.00085597e-01,  4.33514662e-01,  5.68545924e-02,
       -4.01225031e-01, -3.64055776e-01,  5.46908291e-03,  1.82082415e-01,
       -3.70119624e-01,  3.65413810e-02,  7.87216431e-02,  1.21222283e-01,
        1.54661952e-01,  1.78266980e-01, -5.53578469e-02,  4.96124108e-01,
       -5.25804533e-02, -1.88703479e-02,  3.74126127e-01,  2.74042676e-02,
       -2.22844296e-01,  5.86348954e-02,  4.81526790e-01, -1.47459900e-01,
       -2.66958777e-01,  2.61106839e-02,  5.09496073e-01,  4.12463675e-02,
       -2.95111295e-01,  2.21134645e-01,  1.90525648e-03,  7.49078311e-02,
       -2.17365571e-01, -1.32705305e-01,  4.84282159e-01, -7.69995358e-02,
       -3.88406917e-01, -7.15802466e-02,  1.91432733e-04, -1.09843124e-01,
       -2.28291041e-01,  1.23660946e-01,  3.78289661e-01, -3.34272218e-02]) 

Generation: 345 
 - Generation Avg Fit: 4633.086727887699 
 - Best Fitness: 6622.566726396165 
 - Worst Fitness: 0.0
 - Best Solution: array([-2.47027064e-01, -2.31041286e-01, -8.35632625e-04, -3.10527290e-01,
        3.03539674e-01, -3.92647070e-01,  1.62469162e-01, -2.70795159e-02,
       -1.63053023e-01,  7.61070736e-02,  1.10917383e-02, -1.48215552e-01,
        1.36703866e-01,  4.00459564e-02,  1.04855317e-01, -1.06095560e-01,
       -1.68312607e-01,  9.22871293e-02,  1.76435431e-01,  1.68265312e-01,
        3.26200747e-03,  1.00085597e-01,  4.33514662e-01,  5.68545924e-02,
       -4.01225031e-01, -3.64055776e-01,  5.46908291e-03,  1.82082415e-01,
       -3.70119624e-01,  3.65413810e-02,  7.87216431e-02,  1.21222283e-01,
        1.54661952e-01,  1.78266980e-01, -5.53578469e-02,  4.96124108e-01,
       -5.25804533e-02, -1.88703479e-02,  3.74126127e-01,  2.74042676e-02,
       -2.22844296e-01,  5.86348954e-02,  4.81526790e-01, -1.47459900e-01,
       -2.66958777e-01,  2.61106839e-02,  5.09496073e-01,  4.12463675e-02,
       -2.95111295e-01,  2.21134645e-01,  1.90525648e-03,  7.49078311e-02,
       -2.17365571e-01, -1.32705305e-01,  4.84282159e-01, -7.69995358e-02,
       -3.88406917e-01, -7.15802466e-02,  1.91432733e-04, -1.09843124e-01,
       -2.28291041e-01,  1.23660946e-01,  3.78289661e-01, -3.34272218e-02]) 

Generation: 346 
 - Generation Avg Fit: 4505.124301640335 
 - Best Fitness: 6622.566726396165 
 - Worst Fitness: 0.0
 - Best Solution: array([-2.47027064e-01, -2.31041286e-01, -8.35632625e-04, -3.10527290e-01,
        3.03539674e-01, -3.92647070e-01,  1.62469162e-01, -2.70795159e-02,
       -1.63053023e-01,  7.61070736e-02,  1.10917383e-02, -1.48215552e-01,
        1.36703866e-01,  4.00459564e-02,  1.04855317e-01, -1.06095560e-01,
       -1.68312607e-01,  9.22871293e-02,  1.76435431e-01,  1.68265312e-01,
        3.26200747e-03,  1.00085597e-01,  4.33514662e-01,  5.68545924e-02,
       -4.01225031e-01, -3.64055776e-01,  5.46908291e-03,  1.82082415e-01,
       -3.70119624e-01,  3.65413810e-02,  7.87216431e-02,  1.21222283e-01,
        1.54661952e-01,  1.78266980e-01, -5.53578469e-02,  4.96124108e-01,
       -5.25804533e-02, -1.88703479e-02,  3.74126127e-01,  2.74042676e-02,
       -2.22844296e-01,  5.86348954e-02,  4.81526790e-01, -1.47459900e-01,
       -2.66958777e-01,  2.61106839e-02,  5.09496073e-01,  4.12463675e-02,
       -2.95111295e-01,  2.21134645e-01,  1.90525648e-03,  7.49078311e-02,
       -2.17365571e-01, -1.32705305e-01,  4.84282159e-01, -7.69995358e-02,
       -3.88406917e-01, -7.15802466e-02,  1.91432733e-04, -1.09843124e-01,
       -2.28291041e-01,  1.23660946e-01,  3.78289661e-01, -3.34272218e-02]) 

Generation: 347 
 - Generation Avg Fit: 4421.75644954531 
 - Best Fitness: 6622.566726396165 
 - Worst Fitness: 0.0
 - Best Solution: array([-2.47027064e-01, -2.31041286e-01, -8.35632625e-04, -3.10527290e-01,
        3.03539674e-01, -3.92647070e-01,  1.62469162e-01, -2.70795159e-02,
       -1.63053023e-01,  7.61070736e-02,  1.10917383e-02, -1.48215552e-01,
        1.36703866e-01,  4.00459564e-02,  1.04855317e-01, -1.06095560e-01,
       -1.68312607e-01,  9.22871293e-02,  1.76435431e-01,  1.68265312e-01,
        3.26200747e-03,  1.00085597e-01,  4.33514662e-01,  5.68545924e-02,
       -4.01225031e-01, -3.64055776e-01,  5.46908291e-03,  1.82082415e-01,
       -3.70119624e-01,  3.65413810e-02,  7.87216431e-02,  1.21222283e-01,
        1.54661952e-01,  1.78266980e-01, -5.53578469e-02,  4.96124108e-01,
       -5.25804533e-02, -1.88703479e-02,  3.74126127e-01,  2.74042676e-02,
       -2.22844296e-01,  5.86348954e-02,  4.81526790e-01, -1.47459900e-01,
       -2.66958777e-01,  2.61106839e-02,  5.09496073e-01,  4.12463675e-02,
       -2.95111295e-01,  2.21134645e-01,  1.90525648e-03,  7.49078311e-02,
       -2.17365571e-01, -1.32705305e-01,  4.84282159e-01, -7.69995358e-02,
       -3.88406917e-01, -7.15802466e-02,  1.91432733e-04, -1.09843124e-01,
       -2.28291041e-01,  1.23660946e-01,  3.78289661e-01, -3.34272218e-02]) 

Generation: 348 
 - Generation Avg Fit: 4555.226754922432 
 - Best Fitness: 6622.566726396165 
 - Worst Fitness: 0.0
 - Best Solution: array([-2.47027064e-01, -2.31041286e-01, -8.35632625e-04, -3.10527290e-01,
        3.03539674e-01, -3.92647070e-01,  1.62469162e-01, -2.70795159e-02,
       -1.63053023e-01,  7.61070736e-02,  1.10917383e-02, -1.48215552e-01,
        1.36703866e-01,  4.00459564e-02,  1.04855317e-01, -1.06095560e-01,
       -1.68312607e-01,  9.22871293e-02,  1.76435431e-01,  1.68265312e-01,
        3.26200747e-03,  1.00085597e-01,  4.33514662e-01,  5.68545924e-02,
       -4.01225031e-01, -3.64055776e-01,  5.46908291e-03,  1.82082415e-01,
       -3.70119624e-01,  3.65413810e-02,  7.87216431e-02,  1.21222283e-01,
        1.54661952e-01,  1.78266980e-01, -5.53578469e-02,  4.96124108e-01,
       -5.25804533e-02, -1.88703479e-02,  3.74126127e-01,  2.74042676e-02,
       -2.22844296e-01,  5.86348954e-02,  4.81526790e-01, -1.47459900e-01,
       -2.66958777e-01,  2.61106839e-02,  5.09496073e-01,  4.12463675e-02,
       -2.95111295e-01,  2.21134645e-01,  1.90525648e-03,  7.49078311e-02,
       -2.17365571e-01, -1.32705305e-01,  4.84282159e-01, -7.69995358e-02,
       -3.88406917e-01, -7.15802466e-02,  1.91432733e-04, -1.09843124e-01,
       -2.28291041e-01,  1.23660946e-01,  3.78289661e-01, -3.34272218e-02]) 
