
-------------------------------------------------------------------------------------------------------
                                --- Method Parameters ---                                            
-------------------------------------------------------------------------------------------------------

method: PyGAD, entity: hydrostat_reservoir, volume: 40, sim_duration: 500, dt: 0.05, 
fitness_func: pygad_fitness, pop_size: 200, gen_size: 2000, weight_search: 0.5, 

-------------------------------------------------------------------------------------------------------
                                --- Pygad  Parameters ---                                            
-------------------------------------------------------------------------------------------------------

parent_selection_type: rank, parents mating: 100, keep parents: 100, crossover type: uniform, 
mutation type: random, mutation prob: 0.5, mutation_max_val: 0.01, mutation_min_val: -0.01, 

=======================================================================================================


Generation: 1 
 - Generation Avg Fit: 87.89734723208109 
 - Best Fitness: 1779.239511582474 
 - Worst Fitness: 0.0
 - Best Solution: array([-0.06808578, -0.48605914,  0.14495477,  0.07962937, -0.05803595,
       -0.24274642,  0.41383044, -0.03243925,  0.32985389,  0.16558168,
        0.46161458, -0.15058842,  0.36721175,  0.38095937,  0.29361868,
        0.48679284,  0.32268559, -0.06175799, -0.06133128, -0.00233239,
        0.36752391, -0.44669183,  0.39712576, -0.04027393,  0.37638241,
        0.21324286, -0.32255749,  0.45785331, -0.46334172,  0.28174658,
       -0.28503527,  0.42376187, -0.38778814, -0.04445232,  0.01707499,
       -0.38505618, -0.02428796,  0.2081264 , -0.17394488,  0.29254653,
       -0.07642209, -0.30154743,  0.22004581,  0.2267212 ,  0.16797276,
       -0.00558496, -0.13590414,  0.08105646,  0.46570079,  0.2056595 ,
       -0.15763493,  0.15617984,  0.20358673,  0.45957071, -0.45131622,
       -0.33755622, -0.12206566,  0.19482848, -0.15069341,  0.15681337,
       -0.48299277, -0.07698646, -0.48002025,  0.02490819]) 

Generation: 2 
 - Generation Avg Fit: 125.53929823675702 
 - Best Fitness: 1779.239511582474 
 - Worst Fitness: 0.0
 - Best Solution: array([-0.30183277, -0.1534218 , -0.45629988, -0.21246512, -0.16977908,
        0.13838955,  0.11667997, -0.01877153,  0.42758517,  0.45572233,
        0.20822659,  0.22507952,  0.11559027,  0.0574967 , -0.45820302,
        0.12018567,  0.20514125, -0.01765223, -0.14650522, -0.35599916,
        0.04805135, -0.01867054,  0.49443892,  0.2625093 ,  0.38641322,
        0.04472622,  0.38527792, -0.39178838,  0.09446192, -0.3223822 ,
       -0.44262248,  0.35669302,  0.2140819 , -0.07195292, -0.09590516,
        0.38606107,  0.38633556,  0.16250822, -0.18320382, -0.20360656,
        0.49070455,  0.47712186,  0.38313997,  0.23860075, -0.46661121,
       -0.06853609,  0.4328392 ,  0.45074348, -0.2835343 ,  0.48122519,
        0.21660557, -0.10622675,  0.08350538, -0.40826406,  0.07934173,
       -0.27995111,  0.01596712,  0.49588318,  0.2027395 , -0.32350447,
        0.10634618, -0.30594645, -0.12617552,  0.1327831 ]) 

Generation: 3 
 - Generation Avg Fit: 174.3346984026803 
 - Best Fitness: 1779.239511582474 
 - Worst Fitness: 0.0
 - Best Solution: array([ 0.3335818 , -0.45593518, -0.2169699 ,  0.36953066,  0.46950451,
        0.37438779, -0.03286826, -0.24552305, -0.45619942,  0.17285236,
        0.28012161,  0.28792375,  0.31214483,  0.3224794 ,  0.39159845,
        0.41107302, -0.03894961, -0.18740071, -0.16127064,  0.2676636 ,
       -0.49561012, -0.04059621, -0.20555998,  0.43776827,  0.19482737,
        0.41672261, -0.43174965,  0.47903048, -0.27649164,  0.04825308,
        0.39807161, -0.39135823, -0.10290543,  0.33107502, -0.04230683,
       -0.21474943, -0.28004037, -0.35092933,  0.35441645,  0.40395108,
       -0.32764509, -0.13435279,  0.08984591,  0.35614635, -0.33472623,
        0.13401454, -0.40429474,  0.40197749, -0.37054227, -0.43739396,
        0.48417116, -0.18827686,  0.1319664 ,  0.35426852, -0.09864342,
        0.15125544, -0.18681127,  0.02110768, -0.06233463, -0.14956187,
       -0.09784267, -0.00752024,  0.40042193, -0.24766614]) 

Generation: 4 
 - Generation Avg Fit: 245.45241106825503 
 - Best Fitness: 2159.1864350498145 
 - Worst Fitness: 0.0
 - Best Solution: array([-0.17858485, -0.43700464, -0.22903803, -0.10194555, -0.28198096,
       -0.04379553, -0.17001222,  0.12052103,  0.34846588,  0.1629216 ,
        0.18286436, -0.26095312, -0.14801748, -0.21133258,  0.39976638,
       -0.45504283, -0.28272415,  0.46527249,  0.04325505,  0.40247965,
        0.20029768, -0.42251495, -0.05981659, -0.06362715, -0.44339393,
       -0.01532328,  0.24911644, -0.18070328,  0.1476004 , -0.19786255,
        0.17409   ,  0.16658068, -0.2070395 , -0.03639447, -0.15135489,
       -0.30034494,  0.335136  , -0.45931765,  0.01491939,  0.4118643 ,
        0.41253188,  0.41427587,  0.46366418,  0.13461112,  0.08245537,
       -0.08607484,  0.27439247, -0.03815998,  0.39314923, -0.04315306,
        0.16686996,  0.32008872,  0.3004087 ,  0.4470207 , -0.05646683,
        0.1114904 , -0.22473704, -0.12282725,  0.48533047, -0.12236024,
       -0.19242972, -0.37217662, -0.23723649, -0.20986575]) 

Generation: 5 
 - Generation Avg Fit: 334.1086085593262 
 - Best Fitness: 3562.535487575571 
 - Worst Fitness: 0.0
 - Best Solution: array([ 0.3296175 , -0.45593518,  0.4379136 ,  0.36953066,  0.46369267,
       -0.37117101, -0.03286826, -0.23601569, -0.31667987,  0.49038968,
        0.2754834 , -0.07311305, -0.36901085,  0.3224794 , -0.34353394,
       -0.1769517 , -0.0402551 , -0.31797552,  0.34441269, -0.30962503,
       -0.28177474, -0.17562426, -0.47025322,  0.03590508,  0.19482737,
        0.2314301 , -0.43590457,  0.47903048, -0.27649164,  0.04529773,
       -0.17562377,  0.25915527, -0.10335076,  0.33107502, -0.07882617,
        0.3518823 , -0.39346825, -0.34970403,  0.35456879,  0.12521474,
        0.35005102, -0.14029753,  0.09131585,  0.45172134, -0.32970555,
        0.13401454, -0.40429474,  0.40197749, -0.37606953, -0.43369958,
        0.48417116, -0.18827686,  0.13490039,  0.35313164, -0.09983783,
        0.38229471, -0.18681127, -0.34578378, -0.06233463, -0.15524042,
        0.01106477, -0.00752024, -0.01605179,  0.29074568]) 

Generation: 6 
 - Generation Avg Fit: 421.3352923208528 
 - Best Fitness: 3562.535487575571 
 - Worst Fitness: 0.0
 - Best Solution: array([-0.17858485, -0.43700464, -0.22903803, -0.10194555, -0.28198096,
       -0.04379553, -0.17001222,  0.12052103,  0.34846588,  0.1629216 ,
        0.18286436, -0.26095312, -0.14801748, -0.21133258,  0.39976638,
       -0.45504283, -0.28272415,  0.46527249,  0.04325505,  0.40247965,
        0.20029768, -0.42251495, -0.05981659, -0.06362715, -0.44339393,
       -0.01532328,  0.24911644, -0.18070328,  0.1476004 , -0.19786255,
        0.17409   ,  0.16658068, -0.2070395 , -0.03639447, -0.15135489,
       -0.30034494,  0.335136  , -0.45931765,  0.01491939,  0.4118643 ,
        0.41253188,  0.41427587,  0.46366418,  0.13461112,  0.08245537,
       -0.08607484,  0.27439247, -0.03815998,  0.39314923, -0.04315306,
        0.16686996,  0.32008872,  0.3004087 ,  0.4470207 , -0.05646683,
        0.1114904 , -0.22473704, -0.12282725,  0.48533047, -0.12236024,
       -0.19242972, -0.37217662, -0.23723649, -0.20986575]) 

Generation: 7 
 - Generation Avg Fit: 501.76481513079324 
 - Best Fitness: 3562.535487575571 
 - Worst Fitness: 0.0
 - Best Solution: array([-0.0630928 , -0.24840242, -0.22903803,  0.15575531, -0.28397282,
       -0.04379553, -0.17686573,  0.15884268,  0.35607315, -0.02055248,
        0.4266547 , -0.25781242,  0.48728433,  0.22855268,  0.14669164,
       -0.45504283, -0.29159095, -0.2345948 ,  0.04579911,  0.40247965,
       -0.4071173 , -0.42251495, -0.05981659, -0.05930251, -0.44339393,
       -0.01532328, -0.14996495, -0.18070328, -0.29266151,  0.05113777,
        0.17409   ,  0.17604178,  0.17205946, -0.24143728, -0.46317902,
       -0.30034494,  0.335136  , -0.45931765,  0.39943409,  0.48238793,
       -0.33827864,  0.13510397, -0.0671434 , -0.07433581,  0.18703866,
       -0.08544094,  0.46470848, -0.03815998,  0.40051207, -0.0373593 ,
       -0.0977643 ,  0.00103957,  0.30539464,  0.44030564,  0.45586284,
        0.10167458, -0.43587723,  0.45533223,  0.48437829, -0.11630003,
       -0.19097823,  0.48578575,  0.08445634, -0.20566493]) 

Generation: 8 
 - Generation Avg Fit: 617.709621127434 
 - Best Fitness: 3562.535487575571 
 - Worst Fitness: 0.0
 - Best Solution: array([-0.0630928 , -0.24840242, -0.22903803,  0.15575531, -0.28397282,
       -0.04379553, -0.17686573,  0.15884268,  0.35607315, -0.02055248,
        0.4266547 , -0.25781242,  0.48728433,  0.22855268,  0.14669164,
       -0.45504283, -0.29159095, -0.2345948 ,  0.04579911,  0.40247965,
       -0.4071173 , -0.42251495, -0.05981659, -0.05930251, -0.44339393,
       -0.01532328, -0.14996495, -0.18070328, -0.29266151,  0.05113777,
        0.17409   ,  0.17604178,  0.17205946, -0.24143728, -0.46317902,
       -0.30034494,  0.335136  , -0.45931765,  0.39943409,  0.48238793,
       -0.33827864,  0.13510397, -0.0671434 , -0.07433581,  0.18703866,
       -0.08544094,  0.46470848, -0.03815998,  0.40051207, -0.0373593 ,
       -0.0977643 ,  0.00103957,  0.30539464,  0.44030564,  0.45586284,
        0.10167458, -0.43587723,  0.45533223,  0.48437829, -0.11630003,
       -0.19097823,  0.48578575,  0.08445634, -0.20566493]) 

Generation: 9 
 - Generation Avg Fit: 673.7545275318682 
 - Best Fitness: 3562.535487575571 
 - Worst Fitness: 0.0
 - Best Solution: array([-0.0630928 , -0.24840242, -0.22903803,  0.15575531, -0.28397282,
       -0.04379553, -0.17686573,  0.15884268,  0.35607315, -0.02055248,
        0.4266547 , -0.25781242,  0.48728433,  0.22855268,  0.14669164,
       -0.45504283, -0.29159095, -0.2345948 ,  0.04579911,  0.40247965,
       -0.4071173 , -0.42251495, -0.05981659, -0.05930251, -0.44339393,
       -0.01532328, -0.14996495, -0.18070328, -0.29266151,  0.05113777,
        0.17409   ,  0.17604178,  0.17205946, -0.24143728, -0.46317902,
       -0.30034494,  0.335136  , -0.45931765,  0.39943409,  0.48238793,
       -0.33827864,  0.13510397, -0.0671434 , -0.07433581,  0.18703866,
       -0.08544094,  0.46470848, -0.03815998,  0.40051207, -0.0373593 ,
       -0.0977643 ,  0.00103957,  0.30539464,  0.44030564,  0.45586284,
        0.10167458, -0.43587723,  0.45533223,  0.48437829, -0.11630003,
       -0.19097823,  0.48578575,  0.08445634, -0.20566493]) 

Generation: 10 
 - Generation Avg Fit: 744.4502935833901 
 - Best Fitness: 3562.535487575571 
 - Worst Fitness: 0.0
 - Best Solution: array([-0.0630928 , -0.24840242, -0.22903803,  0.15575531, -0.28397282,
       -0.04379553, -0.17686573,  0.15884268,  0.35607315, -0.02055248,
        0.4266547 , -0.25781242,  0.48728433,  0.22855268,  0.14669164,
       -0.45504283, -0.29159095, -0.2345948 ,  0.04579911,  0.40247965,
       -0.4071173 , -0.42251495, -0.05981659, -0.05930251, -0.44339393,
       -0.01532328, -0.14996495, -0.18070328, -0.29266151,  0.05113777,
        0.17409   ,  0.17604178,  0.17205946, -0.24143728, -0.46317902,
       -0.30034494,  0.335136  , -0.45931765,  0.39943409,  0.48238793,
       -0.33827864,  0.13510397, -0.0671434 , -0.07433581,  0.18703866,
       -0.08544094,  0.46470848, -0.03815998,  0.40051207, -0.0373593 ,
       -0.0977643 ,  0.00103957,  0.30539464,  0.44030564,  0.45586284,
        0.10167458, -0.43587723,  0.45533223,  0.48437829, -0.11630003,
       -0.19097823,  0.48578575,  0.08445634, -0.20566493]) 

Generation: 11 
 - Generation Avg Fit: 789.4501989566098 
 - Best Fitness: 3562.535487575571 
 - Worst Fitness: 0.0
 - Best Solution: array([-0.0630928 , -0.24840242, -0.22903803,  0.15575531, -0.28397282,
       -0.04379553, -0.17686573,  0.15884268,  0.35607315, -0.02055248,
        0.4266547 , -0.25781242,  0.48728433,  0.22855268,  0.14669164,
       -0.45504283, -0.29159095, -0.2345948 ,  0.04579911,  0.40247965,
       -0.4071173 , -0.42251495, -0.05981659, -0.05930251, -0.44339393,
       -0.01532328, -0.14996495, -0.18070328, -0.29266151,  0.05113777,
        0.17409   ,  0.17604178,  0.17205946, -0.24143728, -0.46317902,
       -0.30034494,  0.335136  , -0.45931765,  0.39943409,  0.48238793,
       -0.33827864,  0.13510397, -0.0671434 , -0.07433581,  0.18703866,
       -0.08544094,  0.46470848, -0.03815998,  0.40051207, -0.0373593 ,
       -0.0977643 ,  0.00103957,  0.30539464,  0.44030564,  0.45586284,
        0.10167458, -0.43587723,  0.45533223,  0.48437829, -0.11630003,
       -0.19097823,  0.48578575,  0.08445634, -0.20566493]) 

Generation: 12 
 - Generation Avg Fit: 849.308564181968 
 - Best Fitness: 3562.535487575571 
 - Worst Fitness: 0.0
 - Best Solution: array([-0.0630928 , -0.24840242, -0.22903803,  0.15575531, -0.28397282,
       -0.04379553, -0.17686573,  0.15884268,  0.35607315, -0.02055248,
        0.4266547 , -0.25781242,  0.48728433,  0.22855268,  0.14669164,
       -0.45504283, -0.29159095, -0.2345948 ,  0.04579911,  0.40247965,
       -0.4071173 , -0.42251495, -0.05981659, -0.05930251, -0.44339393,
       -0.01532328, -0.14996495, -0.18070328, -0.29266151,  0.05113777,
        0.17409   ,  0.17604178,  0.17205946, -0.24143728, -0.46317902,
       -0.30034494,  0.335136  , -0.45931765,  0.39943409,  0.48238793,
       -0.33827864,  0.13510397, -0.0671434 , -0.07433581,  0.18703866,
       -0.08544094,  0.46470848, -0.03815998,  0.40051207, -0.0373593 ,
       -0.0977643 ,  0.00103957,  0.30539464,  0.44030564,  0.45586284,
        0.10167458, -0.43587723,  0.45533223,  0.48437829, -0.11630003,
       -0.19097823,  0.48578575,  0.08445634, -0.20566493]) 

Generation: 13 
 - Generation Avg Fit: 853.0254333494095 
 - Best Fitness: 3562.535487575571 
 - Worst Fitness: 0.0
 - Best Solution: array([-0.0630928 , -0.24840242, -0.22903803,  0.15575531, -0.28397282,
       -0.04379553, -0.17686573,  0.15884268,  0.35607315, -0.02055248,
        0.4266547 , -0.25781242,  0.48728433,  0.22855268,  0.14669164,
       -0.45504283, -0.29159095, -0.2345948 ,  0.04579911,  0.40247965,
       -0.4071173 , -0.42251495, -0.05981659, -0.05930251, -0.44339393,
       -0.01532328, -0.14996495, -0.18070328, -0.29266151,  0.05113777,
        0.17409   ,  0.17604178,  0.17205946, -0.24143728, -0.46317902,
       -0.30034494,  0.335136  , -0.45931765,  0.39943409,  0.48238793,
       -0.33827864,  0.13510397, -0.0671434 , -0.07433581,  0.18703866,
       -0.08544094,  0.46470848, -0.03815998,  0.40051207, -0.0373593 ,
       -0.0977643 ,  0.00103957,  0.30539464,  0.44030564,  0.45586284,
        0.10167458, -0.43587723,  0.45533223,  0.48437829, -0.11630003,
       -0.19097823,  0.48578575,  0.08445634, -0.20566493]) 

Generation: 14 
 - Generation Avg Fit: 887.1802706775737 
 - Best Fitness: 3562.535487575571 
 - Worst Fitness: 0.0
 - Best Solution: array([-0.0630928 , -0.24840242, -0.22903803,  0.15575531, -0.28397282,
       -0.04379553, -0.17686573,  0.15884268,  0.35607315, -0.02055248,
        0.4266547 , -0.25781242,  0.48728433,  0.22855268,  0.14669164,
       -0.45504283, -0.29159095, -0.2345948 ,  0.04579911,  0.40247965,
       -0.4071173 , -0.42251495, -0.05981659, -0.05930251, -0.44339393,
       -0.01532328, -0.14996495, -0.18070328, -0.29266151,  0.05113777,
        0.17409   ,  0.17604178,  0.17205946, -0.24143728, -0.46317902,
       -0.30034494,  0.335136  , -0.45931765,  0.39943409,  0.48238793,
       -0.33827864,  0.13510397, -0.0671434 , -0.07433581,  0.18703866,
       -0.08544094,  0.46470848, -0.03815998,  0.40051207, -0.0373593 ,
       -0.0977643 ,  0.00103957,  0.30539464,  0.44030564,  0.45586284,
        0.10167458, -0.43587723,  0.45533223,  0.48437829, -0.11630003,
       -0.19097823,  0.48578575,  0.08445634, -0.20566493]) 

Generation: 15 
 - Generation Avg Fit: 909.3127586875987 
 - Best Fitness: 3562.535487575571 
 - Worst Fitness: 0.0
 - Best Solution: array([-0.0630928 , -0.24840242, -0.22903803,  0.15575531, -0.28397282,
       -0.04379553, -0.17686573,  0.15884268,  0.35607315, -0.02055248,
        0.4266547 , -0.25781242,  0.48728433,  0.22855268,  0.14669164,
       -0.45504283, -0.29159095, -0.2345948 ,  0.04579911,  0.40247965,
       -0.4071173 , -0.42251495, -0.05981659, -0.05930251, -0.44339393,
       -0.01532328, -0.14996495, -0.18070328, -0.29266151,  0.05113777,
        0.17409   ,  0.17604178,  0.17205946, -0.24143728, -0.46317902,
       -0.30034494,  0.335136  , -0.45931765,  0.39943409,  0.48238793,
       -0.33827864,  0.13510397, -0.0671434 , -0.07433581,  0.18703866,
       -0.08544094,  0.46470848, -0.03815998,  0.40051207, -0.0373593 ,
       -0.0977643 ,  0.00103957,  0.30539464,  0.44030564,  0.45586284,
        0.10167458, -0.43587723,  0.45533223,  0.48437829, -0.11630003,
       -0.19097823,  0.48578575,  0.08445634, -0.20566493]) 

Generation: 16 
 - Generation Avg Fit: 979.6834759379644 
 - Best Fitness: 3562.535487575571 
 - Worst Fitness: 0.0
 - Best Solution: array([-0.0630928 , -0.24840242, -0.22903803,  0.15575531, -0.28397282,
       -0.04379553, -0.17686573,  0.15884268,  0.35607315, -0.02055248,
        0.4266547 , -0.25781242,  0.48728433,  0.22855268,  0.14669164,
       -0.45504283, -0.29159095, -0.2345948 ,  0.04579911,  0.40247965,
       -0.4071173 , -0.42251495, -0.05981659, -0.05930251, -0.44339393,
       -0.01532328, -0.14996495, -0.18070328, -0.29266151,  0.05113777,
        0.17409   ,  0.17604178,  0.17205946, -0.24143728, -0.46317902,
       -0.30034494,  0.335136  , -0.45931765,  0.39943409,  0.48238793,
       -0.33827864,  0.13510397, -0.0671434 , -0.07433581,  0.18703866,
       -0.08544094,  0.46470848, -0.03815998,  0.40051207, -0.0373593 ,
       -0.0977643 ,  0.00103957,  0.30539464,  0.44030564,  0.45586284,
        0.10167458, -0.43587723,  0.45533223,  0.48437829, -0.11630003,
       -0.19097823,  0.48578575,  0.08445634, -0.20566493]) 

Generation: 17 
 - Generation Avg Fit: 929.6725139837099 
 - Best Fitness: 3562.535487575571 
 - Worst Fitness: 0.0
 - Best Solution: array([-0.0630928 , -0.24840242, -0.22903803,  0.15575531, -0.28397282,
       -0.04379553, -0.17686573,  0.15884268,  0.35607315, -0.02055248,
        0.4266547 , -0.25781242,  0.48728433,  0.22855268,  0.14669164,
       -0.45504283, -0.29159095, -0.2345948 ,  0.04579911,  0.40247965,
       -0.4071173 , -0.42251495, -0.05981659, -0.05930251, -0.44339393,
       -0.01532328, -0.14996495, -0.18070328, -0.29266151,  0.05113777,
        0.17409   ,  0.17604178,  0.17205946, -0.24143728, -0.46317902,
       -0.30034494,  0.335136  , -0.45931765,  0.39943409,  0.48238793,
       -0.33827864,  0.13510397, -0.0671434 , -0.07433581,  0.18703866,
       -0.08544094,  0.46470848, -0.03815998,  0.40051207, -0.0373593 ,
       -0.0977643 ,  0.00103957,  0.30539464,  0.44030564,  0.45586284,
        0.10167458, -0.43587723,  0.45533223,  0.48437829, -0.11630003,
       -0.19097823,  0.48578575,  0.08445634, -0.20566493]) 

Generation: 18 
 - Generation Avg Fit: 970.608618330161 
 - Best Fitness: 3562.535487575571 
 - Worst Fitness: 0.0
 - Best Solution: array([-0.0630928 , -0.24840242, -0.22903803,  0.15575531, -0.28397282,
       -0.04379553, -0.17686573,  0.15884268,  0.35607315, -0.02055248,
        0.4266547 , -0.25781242,  0.48728433,  0.22855268,  0.14669164,
       -0.45504283, -0.29159095, -0.2345948 ,  0.04579911,  0.40247965,
       -0.4071173 , -0.42251495, -0.05981659, -0.05930251, -0.44339393,
       -0.01532328, -0.14996495, -0.18070328, -0.29266151,  0.05113777,
        0.17409   ,  0.17604178,  0.17205946, -0.24143728, -0.46317902,
       -0.30034494,  0.335136  , -0.45931765,  0.39943409,  0.48238793,
       -0.33827864,  0.13510397, -0.0671434 , -0.07433581,  0.18703866,
       -0.08544094,  0.46470848, -0.03815998,  0.40051207, -0.0373593 ,
       -0.0977643 ,  0.00103957,  0.30539464,  0.44030564,  0.45586284,
        0.10167458, -0.43587723,  0.45533223,  0.48437829, -0.11630003,
       -0.19097823,  0.48578575,  0.08445634, -0.20566493]) 

Generation: 19 
 - Generation Avg Fit: 968.0753360997327 
 - Best Fitness: 3562.535487575571 
 - Worst Fitness: 0.0
 - Best Solution: array([-0.0630928 , -0.24840242, -0.22903803,  0.15575531, -0.28397282,
       -0.04379553, -0.17686573,  0.15884268,  0.35607315, -0.02055248,
        0.4266547 , -0.25781242,  0.48728433,  0.22855268,  0.14669164,
       -0.45504283, -0.29159095, -0.2345948 ,  0.04579911,  0.40247965,
       -0.4071173 , -0.42251495, -0.05981659, -0.05930251, -0.44339393,
       -0.01532328, -0.14996495, -0.18070328, -0.29266151,  0.05113777,
        0.17409   ,  0.17604178,  0.17205946, -0.24143728, -0.46317902,
       -0.30034494,  0.335136  , -0.45931765,  0.39943409,  0.48238793,
       -0.33827864,  0.13510397, -0.0671434 , -0.07433581,  0.18703866,
       -0.08544094,  0.46470848, -0.03815998,  0.40051207, -0.0373593 ,
       -0.0977643 ,  0.00103957,  0.30539464,  0.44030564,  0.45586284,
        0.10167458, -0.43587723,  0.45533223,  0.48437829, -0.11630003,
       -0.19097823,  0.48578575,  0.08445634, -0.20566493]) 

Generation: 20 
 - Generation Avg Fit: 1019.816812528815 
 - Best Fitness: 3562.535487575571 
 - Worst Fitness: 0.0
 - Best Solution: array([-0.0630928 , -0.24840242, -0.22903803,  0.15575531, -0.28397282,
       -0.04379553, -0.17686573,  0.15884268,  0.35607315, -0.02055248,
        0.4266547 , -0.25781242,  0.48728433,  0.22855268,  0.14669164,
       -0.45504283, -0.29159095, -0.2345948 ,  0.04579911,  0.40247965,
       -0.4071173 , -0.42251495, -0.05981659, -0.05930251, -0.44339393,
       -0.01532328, -0.14996495, -0.18070328, -0.29266151,  0.05113777,
        0.17409   ,  0.17604178,  0.17205946, -0.24143728, -0.46317902,
       -0.30034494,  0.335136  , -0.45931765,  0.39943409,  0.48238793,
       -0.33827864,  0.13510397, -0.0671434 , -0.07433581,  0.18703866,
       -0.08544094,  0.46470848, -0.03815998,  0.40051207, -0.0373593 ,
       -0.0977643 ,  0.00103957,  0.30539464,  0.44030564,  0.45586284,
        0.10167458, -0.43587723,  0.45533223,  0.48437829, -0.11630003,
       -0.19097823,  0.48578575,  0.08445634, -0.20566493]) 

Generation: 21 
 - Generation Avg Fit: 1018.1368061185561 
 - Best Fitness: 3562.535487575571 
 - Worst Fitness: 0.0
 - Best Solution: array([-0.0630928 , -0.24840242, -0.22903803,  0.15575531, -0.28397282,
       -0.04379553, -0.17686573,  0.15884268,  0.35607315, -0.02055248,
        0.4266547 , -0.25781242,  0.48728433,  0.22855268,  0.14669164,
       -0.45504283, -0.29159095, -0.2345948 ,  0.04579911,  0.40247965,
       -0.4071173 , -0.42251495, -0.05981659, -0.05930251, -0.44339393,
       -0.01532328, -0.14996495, -0.18070328, -0.29266151,  0.05113777,
        0.17409   ,  0.17604178,  0.17205946, -0.24143728, -0.46317902,
       -0.30034494,  0.335136  , -0.45931765,  0.39943409,  0.48238793,
       -0.33827864,  0.13510397, -0.0671434 , -0.07433581,  0.18703866,
       -0.08544094,  0.46470848, -0.03815998,  0.40051207, -0.0373593 ,
       -0.0977643 ,  0.00103957,  0.30539464,  0.44030564,  0.45586284,
        0.10167458, -0.43587723,  0.45533223,  0.48437829, -0.11630003,
       -0.19097823,  0.48578575,  0.08445634, -0.20566493]) 

Generation: 22 
 - Generation Avg Fit: 1057.3854186854037 
 - Best Fitness: 3562.535487575571 
 - Worst Fitness: 0.0
 - Best Solution: array([-0.0630928 , -0.24840242, -0.22903803,  0.15575531, -0.28397282,
       -0.04379553, -0.17686573,  0.15884268,  0.35607315, -0.02055248,
        0.4266547 , -0.25781242,  0.48728433,  0.22855268,  0.14669164,
       -0.45504283, -0.29159095, -0.2345948 ,  0.04579911,  0.40247965,
       -0.4071173 , -0.42251495, -0.05981659, -0.05930251, -0.44339393,
       -0.01532328, -0.14996495, -0.18070328, -0.29266151,  0.05113777,
        0.17409   ,  0.17604178,  0.17205946, -0.24143728, -0.46317902,
       -0.30034494,  0.335136  , -0.45931765,  0.39943409,  0.48238793,
       -0.33827864,  0.13510397, -0.0671434 , -0.07433581,  0.18703866,
       -0.08544094,  0.46470848, -0.03815998,  0.40051207, -0.0373593 ,
       -0.0977643 ,  0.00103957,  0.30539464,  0.44030564,  0.45586284,
        0.10167458, -0.43587723,  0.45533223,  0.48437829, -0.11630003,
       -0.19097823,  0.48578575,  0.08445634, -0.20566493]) 

Generation: 23 
 - Generation Avg Fit: 1083.8341196981262 
 - Best Fitness: 3562.535487575571 
 - Worst Fitness: 0.0
 - Best Solution: array([-0.0630928 , -0.24840242, -0.22903803,  0.15575531, -0.28397282,
       -0.04379553, -0.17686573,  0.15884268,  0.35607315, -0.02055248,
        0.4266547 , -0.25781242,  0.48728433,  0.22855268,  0.14669164,
       -0.45504283, -0.29159095, -0.2345948 ,  0.04579911,  0.40247965,
       -0.4071173 , -0.42251495, -0.05981659, -0.05930251, -0.44339393,
       -0.01532328, -0.14996495, -0.18070328, -0.29266151,  0.05113777,
        0.17409   ,  0.17604178,  0.17205946, -0.24143728, -0.46317902,
       -0.30034494,  0.335136  , -0.45931765,  0.39943409,  0.48238793,
       -0.33827864,  0.13510397, -0.0671434 , -0.07433581,  0.18703866,
       -0.08544094,  0.46470848, -0.03815998,  0.40051207, -0.0373593 ,
       -0.0977643 ,  0.00103957,  0.30539464,  0.44030564,  0.45586284,
        0.10167458, -0.43587723,  0.45533223,  0.48437829, -0.11630003,
       -0.19097823,  0.48578575,  0.08445634, -0.20566493]) 

Generation: 24 
 - Generation Avg Fit: 1145.3493741119735 
 - Best Fitness: 3562.535487575571 
 - Worst Fitness: 0.0
 - Best Solution: array([-0.0630928 , -0.24840242, -0.22903803,  0.15575531, -0.28397282,
       -0.04379553, -0.17686573,  0.15884268,  0.35607315, -0.02055248,
        0.4266547 , -0.25781242,  0.48728433,  0.22855268,  0.14669164,
       -0.45504283, -0.29159095, -0.2345948 ,  0.04579911,  0.40247965,
       -0.4071173 , -0.42251495, -0.05981659, -0.05930251, -0.44339393,
       -0.01532328, -0.14996495, -0.18070328, -0.29266151,  0.05113777,
        0.17409   ,  0.17604178,  0.17205946, -0.24143728, -0.46317902,
       -0.30034494,  0.335136  , -0.45931765,  0.39943409,  0.48238793,
       -0.33827864,  0.13510397, -0.0671434 , -0.07433581,  0.18703866,
       -0.08544094,  0.46470848, -0.03815998,  0.40051207, -0.0373593 ,
       -0.0977643 ,  0.00103957,  0.30539464,  0.44030564,  0.45586284,
        0.10167458, -0.43587723,  0.45533223,  0.48437829, -0.11630003,
       -0.19097823,  0.48578575,  0.08445634, -0.20566493]) 

Generation: 25 
 - Generation Avg Fit: 1101.1829206038883 
 - Best Fitness: 3562.535487575571 
 - Worst Fitness: 0.0
 - Best Solution: array([-0.0630928 , -0.24840242, -0.22903803,  0.15575531, -0.28397282,
       -0.04379553, -0.17686573,  0.15884268,  0.35607315, -0.02055248,
        0.4266547 , -0.25781242,  0.48728433,  0.22855268,  0.14669164,
       -0.45504283, -0.29159095, -0.2345948 ,  0.04579911,  0.40247965,
       -0.4071173 , -0.42251495, -0.05981659, -0.05930251, -0.44339393,
       -0.01532328, -0.14996495, -0.18070328, -0.29266151,  0.05113777,
        0.17409   ,  0.17604178,  0.17205946, -0.24143728, -0.46317902,
       -0.30034494,  0.335136  , -0.45931765,  0.39943409,  0.48238793,
       -0.33827864,  0.13510397, -0.0671434 , -0.07433581,  0.18703866,
       -0.08544094,  0.46470848, -0.03815998,  0.40051207, -0.0373593 ,
       -0.0977643 ,  0.00103957,  0.30539464,  0.44030564,  0.45586284,
        0.10167458, -0.43587723,  0.45533223,  0.48437829, -0.11630003,
       -0.19097823,  0.48578575,  0.08445634, -0.20566493]) 

Generation: 26 
 - Generation Avg Fit: 1153.62353803095 
 - Best Fitness: 3562.535487575571 
 - Worst Fitness: 0.0
 - Best Solution: array([-0.0630928 , -0.24840242, -0.22903803,  0.15575531, -0.28397282,
       -0.04379553, -0.17686573,  0.15884268,  0.35607315, -0.02055248,
        0.4266547 , -0.25781242,  0.48728433,  0.22855268,  0.14669164,
       -0.45504283, -0.29159095, -0.2345948 ,  0.04579911,  0.40247965,
       -0.4071173 , -0.42251495, -0.05981659, -0.05930251, -0.44339393,
       -0.01532328, -0.14996495, -0.18070328, -0.29266151,  0.05113777,
        0.17409   ,  0.17604178,  0.17205946, -0.24143728, -0.46317902,
       -0.30034494,  0.335136  , -0.45931765,  0.39943409,  0.48238793,
       -0.33827864,  0.13510397, -0.0671434 , -0.07433581,  0.18703866,
       -0.08544094,  0.46470848, -0.03815998,  0.40051207, -0.0373593 ,
       -0.0977643 ,  0.00103957,  0.30539464,  0.44030564,  0.45586284,
        0.10167458, -0.43587723,  0.45533223,  0.48437829, -0.11630003,
       -0.19097823,  0.48578575,  0.08445634, -0.20566493]) 

Generation: 27 
 - Generation Avg Fit: 1253.9311382612352 
 - Best Fitness: 3562.535487575571 
 - Worst Fitness: 0.0
 - Best Solution: array([-0.0630928 , -0.24840242, -0.22903803,  0.15575531, -0.28397282,
       -0.04379553, -0.17686573,  0.15884268,  0.35607315, -0.02055248,
        0.4266547 , -0.25781242,  0.48728433,  0.22855268,  0.14669164,
       -0.45504283, -0.29159095, -0.2345948 ,  0.04579911,  0.40247965,
       -0.4071173 , -0.42251495, -0.05981659, -0.05930251, -0.44339393,
       -0.01532328, -0.14996495, -0.18070328, -0.29266151,  0.05113777,
        0.17409   ,  0.17604178,  0.17205946, -0.24143728, -0.46317902,
       -0.30034494,  0.335136  , -0.45931765,  0.39943409,  0.48238793,
       -0.33827864,  0.13510397, -0.0671434 , -0.07433581,  0.18703866,
       -0.08544094,  0.46470848, -0.03815998,  0.40051207, -0.0373593 ,
       -0.0977643 ,  0.00103957,  0.30539464,  0.44030564,  0.45586284,
        0.10167458, -0.43587723,  0.45533223,  0.48437829, -0.11630003,
       -0.19097823,  0.48578575,  0.08445634, -0.20566493]) 

Generation: 28 
 - Generation Avg Fit: 1206.2682439890164 
 - Best Fitness: 3562.535487575571 
 - Worst Fitness: 0.0
 - Best Solution: array([-0.0630928 , -0.24840242, -0.22903803,  0.15575531, -0.28397282,
       -0.04379553, -0.17686573,  0.15884268,  0.35607315, -0.02055248,
        0.4266547 , -0.25781242,  0.48728433,  0.22855268,  0.14669164,
       -0.45504283, -0.29159095, -0.2345948 ,  0.04579911,  0.40247965,
       -0.4071173 , -0.42251495, -0.05981659, -0.05930251, -0.44339393,
       -0.01532328, -0.14996495, -0.18070328, -0.29266151,  0.05113777,
        0.17409   ,  0.17604178,  0.17205946, -0.24143728, -0.46317902,
       -0.30034494,  0.335136  , -0.45931765,  0.39943409,  0.48238793,
       -0.33827864,  0.13510397, -0.0671434 , -0.07433581,  0.18703866,
       -0.08544094,  0.46470848, -0.03815998,  0.40051207, -0.0373593 ,
       -0.0977643 ,  0.00103957,  0.30539464,  0.44030564,  0.45586284,
        0.10167458, -0.43587723,  0.45533223,  0.48437829, -0.11630003,
       -0.19097823,  0.48578575,  0.08445634, -0.20566493]) 

Generation: 29 
 - Generation Avg Fit: 1278.2516801944582 
 - Best Fitness: 3562.535487575571 
 - Worst Fitness: 0.0
 - Best Solution: array([-0.0630928 , -0.24840242, -0.22903803,  0.15575531, -0.28397282,
       -0.04379553, -0.17686573,  0.15884268,  0.35607315, -0.02055248,
        0.4266547 , -0.25781242,  0.48728433,  0.22855268,  0.14669164,
       -0.45504283, -0.29159095, -0.2345948 ,  0.04579911,  0.40247965,
       -0.4071173 , -0.42251495, -0.05981659, -0.05930251, -0.44339393,
       -0.01532328, -0.14996495, -0.18070328, -0.29266151,  0.05113777,
        0.17409   ,  0.17604178,  0.17205946, -0.24143728, -0.46317902,
       -0.30034494,  0.335136  , -0.45931765,  0.39943409,  0.48238793,
       -0.33827864,  0.13510397, -0.0671434 , -0.07433581,  0.18703866,
       -0.08544094,  0.46470848, -0.03815998,  0.40051207, -0.0373593 ,
       -0.0977643 ,  0.00103957,  0.30539464,  0.44030564,  0.45586284,
        0.10167458, -0.43587723,  0.45533223,  0.48437829, -0.11630003,
       -0.19097823,  0.48578575,  0.08445634, -0.20566493]) 

Generation: 30 
 - Generation Avg Fit: 1283.0379242234721 
 - Best Fitness: 3562.535487575571 
 - Worst Fitness: 0.0
 - Best Solution: array([-0.0630928 , -0.24840242, -0.22903803,  0.15575531, -0.28397282,
       -0.04379553, -0.17686573,  0.15884268,  0.35607315, -0.02055248,
        0.4266547 , -0.25781242,  0.48728433,  0.22855268,  0.14669164,
       -0.45504283, -0.29159095, -0.2345948 ,  0.04579911,  0.40247965,
       -0.4071173 , -0.42251495, -0.05981659, -0.05930251, -0.44339393,
       -0.01532328, -0.14996495, -0.18070328, -0.29266151,  0.05113777,
        0.17409   ,  0.17604178,  0.17205946, -0.24143728, -0.46317902,
       -0.30034494,  0.335136  , -0.45931765,  0.39943409,  0.48238793,
       -0.33827864,  0.13510397, -0.0671434 , -0.07433581,  0.18703866,
       -0.08544094,  0.46470848, -0.03815998,  0.40051207, -0.0373593 ,
       -0.0977643 ,  0.00103957,  0.30539464,  0.44030564,  0.45586284,
        0.10167458, -0.43587723,  0.45533223,  0.48437829, -0.11630003,
       -0.19097823,  0.48578575,  0.08445634, -0.20566493]) 

Generation: 31 
 - Generation Avg Fit: 1286.917860527802 
 - Best Fitness: 3692.5303794499573 
 - Worst Fitness: 0.0
 - Best Solution: array([-0.45390116,  0.1067781 , -0.35926674, -0.27576114, -0.2934834 ,
       -0.05366865,  0.40031256,  0.39104143,  0.36518272, -0.02055248,
        0.28288408,  0.21118698,  0.36631819,  0.31398638,  0.15469868,
       -0.45504283,  0.1937677 , -0.22774532,  0.04579911,  0.39372821,
       -0.11047062, -0.05101153,  0.44393194,  0.01576708, -0.44339393,
       -0.19470848, -0.15008435,  0.32540108, -0.28509667, -0.06485448,
        0.16984103,  0.19326465,  0.17381186, -0.07655498, -0.36567414,
       -0.29036009,  0.33231614, -0.43127404,  0.39943409, -0.16112873,
       -0.3267989 ,  0.13510397,  0.46595459, -0.0081782 ,  0.18703866,
        0.08268206,  0.42202301, -0.04664621, -0.22022429, -0.03688591,
       -0.09158172, -0.2047211 ,  0.0088505 ,  0.09157417,  0.46121029,
       -0.17146056, -0.44048632,  0.45533223,  0.1827741 ,  0.23831028,
       -0.18400049,  0.47889034,  0.21173872, -0.21034309]) 

Generation: 32 
 - Generation Avg Fit: 1373.5479502427836 
 - Best Fitness: 3770.6531676997733 
 - Worst Fitness: 0.0
 - Best Solution: array([-0.45390116,  0.1067781 , -0.35926674, -0.27576114, -0.2934834 ,
       -0.05366865,  0.40031256,  0.39104143,  0.36518272, -0.02055248,
        0.28288408,  0.21118698,  0.36631819,  0.31398638,  0.15469868,
       -0.45504283,  0.1937677 , -0.22774532,  0.04579911,  0.39372821,
       -0.11047062, -0.05101153,  0.44393194,  0.01576708, -0.44339393,
       -0.19470848, -0.15008435,  0.32540108, -0.28509667, -0.06485448,
        0.16984103,  0.19326465,  0.17381186, -0.07655498, -0.36567414,
       -0.29036009,  0.33231614, -0.43127404,  0.39943409, -0.16112873,
       -0.3267989 ,  0.13510397,  0.46595459, -0.0081782 ,  0.18703866,
        0.08268206,  0.42202301, -0.04664621, -0.22022429, -0.03688591,
       -0.09158172, -0.2047211 ,  0.0088505 ,  0.09157417,  0.46121029,
       -0.17146056, -0.44048632,  0.45533223,  0.1827741 ,  0.23831028,
       -0.18400049,  0.47889034,  0.21173872, -0.21034309]) 

Generation: 33 
 - Generation Avg Fit: 1438.3607302431074 
 - Best Fitness: 3843.3473223038827 
 - Worst Fitness: 0.0
 - Best Solution: array([ 0.08387666, -0.42981524,  0.29240652, -0.10598827, -0.27197927,
       -0.03982755, -0.16338476, -0.02624211,  0.34391784,  0.15782065,
        0.17877081, -0.00596681, -0.380521  , -0.20802152,  0.39976638,
       -0.44584987, -0.28272415, -0.22137111, -0.14831658,  0.01194745,
        0.21314523,  0.19718439, -0.05314866, -0.06362715,  0.05596294,
       -0.01005326,  0.24911644,  0.08455206, -0.04202256, -0.19786255,
        0.16662224,  0.16182492, -0.2070395 , -0.02969629,  0.47977264,
       -0.30756461,  0.33081627, -0.45984212,  0.02587872,  0.41826917,
        0.4095369 , -0.17870927,  0.45675993,  0.05770101,  0.45930666,
       -0.09408535, -0.15026161, -0.02455501,  0.39314923, -0.32481545,
        0.15974395, -0.39076497,  0.29490561,  0.45664634, -0.04079619,
        0.23254308, -0.22775261, -0.34764298,  0.49838887, -0.12498406,
       -0.18982481, -0.38337838, -0.23410646, -0.20986575]) 

Generation: 34 
 - Generation Avg Fit: 1485.4617276498902 
 - Best Fitness: 3948.2346511259107 
 - Worst Fitness: 0.0
 - Best Solution: array([-0.45390116,  0.1067781 , -0.36238834, -0.27576114, -0.28397282,
       -0.04379553,  0.39236156,  0.39915205,  0.37383447, -0.01717174,
        0.28216304,  0.21192396,  0.36631819,  0.30432127,  0.15575901,
       -0.45504283,  0.18628105, -0.23811609,  0.04427982,  0.38750181,
       -0.11047062, -0.04451744,  0.45368618, -0.042523  , -0.44796863,
       -0.1855822 , -0.15008435,  0.31828445, -0.28509667, -0.0550836 ,
        0.17385291,  0.17410234,  0.17381186, -0.07655498, -0.35913572,
       -0.29169891,  0.33597264, -0.43796613,  0.40674469, -0.16112873,
       -0.3267989 ,  0.13279232,  0.44763878, -0.00980436,  0.18703866,
        0.08268206,  0.42479305, -0.04664621,  0.39913345, -0.04785779,
       -0.09801658, -0.20585275,  0.0088505 ,  0.09157417,  0.46121029,
       -0.17146056, -0.44602679,  0.45081961,  0.18841431,  0.23831028,
       -0.18400049,  0.47788511,  0.21173872, -0.21034309]) 

Generation: 35 
 - Generation Avg Fit: 1562.575675613298 
 - Best Fitness: 3948.2346511259107 
 - Worst Fitness: 0.0
 - Best Solution: array([ 0.08133859, -0.42838143, -0.2331451 , -0.09918472, -0.26776442,
       -0.05361375, -0.17167275, -0.03245785,  0.33253601,  0.16357009,
        0.19276569, -0.00596681, -0.37984388, -0.2142449 ,  0.4011013 ,
       -0.44078112, -0.27364161,  0.47816006, -0.15494652, -0.01264458,
        0.19596413,  0.20370232, -0.05750443, -0.06362715, -0.44251934,
       -0.01292251,  0.24911644, -0.39447888, -0.04447781, -0.19786255,
        0.17553927,  0.17002426, -0.21661654, -0.2474117 ,  0.48680044,
       -0.31791572,  0.33435083, -0.4556521 , -0.185789  ,  0.48331057,
        0.41226379,  0.40101911,  0.46419295,  0.23484099,  0.46417598,
       -0.10259156, -0.01264788, -0.03514337,  0.39812748, -0.33396587,
        0.16359466, -0.39627956,  0.28491348,  0.45058325, -0.05139889,
        0.22587866, -0.22933356, -0.33774264,  0.48302525, -0.12906551,
       -0.18210129,  0.04377264, -0.23041204, -0.20986575]) 

Generation: 36 
 - Generation Avg Fit: 1578.9085506726979 
 - Best Fitness: 3948.2346511259107 
 - Worst Fitness: 0.0
 - Best Solution: array([-0.45390116,  0.1067781 , -0.36238834, -0.27576114, -0.28397282,
       -0.04379553,  0.39236156,  0.39915205,  0.37383447, -0.01717174,
        0.28216304,  0.21192396,  0.36631819,  0.30432127,  0.15575901,
       -0.45504283,  0.18628105, -0.23811609,  0.04427982,  0.38750181,
       -0.11047062, -0.04451744,  0.45368618, -0.042523  , -0.44796863,
       -0.1855822 , -0.15008435,  0.31828445, -0.28509667, -0.0550836 ,
        0.17385291,  0.17410234,  0.17381186, -0.07655498, -0.35913572,
       -0.29169891,  0.33597264, -0.43796613,  0.40674469, -0.16112873,
       -0.3267989 ,  0.13279232,  0.44763878, -0.00980436,  0.18703866,
        0.08268206,  0.42479305, -0.04664621,  0.39913345, -0.04785779,
       -0.09801658, -0.20585275,  0.0088505 ,  0.09157417,  0.46121029,
       -0.17146056, -0.44602679,  0.45081961,  0.18841431,  0.23831028,
       -0.18400049,  0.47788511,  0.21173872, -0.21034309]) 

Generation: 37 
 - Generation Avg Fit: 1702.6041009201413 
 - Best Fitness: 3948.2346511259107 
 - Worst Fitness: 0.0
 - Best Solution: array([-0.45390116,  0.1067781 , -0.36238834, -0.27576114, -0.28397282,
       -0.04379553,  0.39236156,  0.39915205,  0.37383447, -0.01717174,
        0.28216304,  0.21192396,  0.36631819,  0.30432127,  0.15575901,
       -0.45504283,  0.18628105, -0.23811609,  0.04427982,  0.38750181,
       -0.11047062, -0.04451744,  0.45368618, -0.042523  , -0.44796863,
       -0.1855822 , -0.15008435,  0.31828445, -0.28509667, -0.0550836 ,
        0.17385291,  0.17410234,  0.17381186, -0.07655498, -0.35913572,
       -0.29169891,  0.33597264, -0.43796613,  0.40674469, -0.16112873,
       -0.3267989 ,  0.13279232,  0.44763878, -0.00980436,  0.18703866,
        0.08268206,  0.42479305, -0.04664621,  0.39913345, -0.04785779,
       -0.09801658, -0.20585275,  0.0088505 ,  0.09157417,  0.46121029,
       -0.17146056, -0.44602679,  0.45081961,  0.18841431,  0.23831028,
       -0.18400049,  0.47788511,  0.21173872, -0.21034309]) 

Generation: 38 
 - Generation Avg Fit: 1697.6977213575817 
 - Best Fitness: 3948.2346511259107 
 - Worst Fitness: 0.0
 - Best Solution: array([-0.45390116,  0.1067781 , -0.36238834, -0.27576114, -0.28397282,
       -0.04379553,  0.39236156,  0.39915205,  0.37383447, -0.01717174,
        0.28216304,  0.21192396,  0.36631819,  0.30432127,  0.15575901,
       -0.45504283,  0.18628105, -0.23811609,  0.04427982,  0.38750181,
       -0.11047062, -0.04451744,  0.45368618, -0.042523  , -0.44796863,
       -0.1855822 , -0.15008435,  0.31828445, -0.28509667, -0.0550836 ,
        0.17385291,  0.17410234,  0.17381186, -0.07655498, -0.35913572,
       -0.29169891,  0.33597264, -0.43796613,  0.40674469, -0.16112873,
       -0.3267989 ,  0.13279232,  0.44763878, -0.00980436,  0.18703866,
        0.08268206,  0.42479305, -0.04664621,  0.39913345, -0.04785779,
       -0.09801658, -0.20585275,  0.0088505 ,  0.09157417,  0.46121029,
       -0.17146056, -0.44602679,  0.45081961,  0.18841431,  0.23831028,
       -0.18400049,  0.47788511,  0.21173872, -0.21034309]) 

Generation: 39 
 - Generation Avg Fit: 1799.4109527611695 
 - Best Fitness: 3948.2346511259107 
 - Worst Fitness: 0.0
 - Best Solution: array([-0.45390116,  0.1067781 , -0.36238834, -0.27576114, -0.28397282,
       -0.04379553,  0.39236156,  0.39915205,  0.37383447, -0.01717174,
        0.28216304,  0.21192396,  0.36631819,  0.30432127,  0.15575901,
       -0.45504283,  0.18628105, -0.23811609,  0.04427982,  0.38750181,
       -0.11047062, -0.04451744,  0.45368618, -0.042523  , -0.44796863,
       -0.1855822 , -0.15008435,  0.31828445, -0.28509667, -0.0550836 ,
        0.17385291,  0.17410234,  0.17381186, -0.07655498, -0.35913572,
       -0.29169891,  0.33597264, -0.43796613,  0.40674469, -0.16112873,
       -0.3267989 ,  0.13279232,  0.44763878, -0.00980436,  0.18703866,
        0.08268206,  0.42479305, -0.04664621,  0.39913345, -0.04785779,
       -0.09801658, -0.20585275,  0.0088505 ,  0.09157417,  0.46121029,
       -0.17146056, -0.44602679,  0.45081961,  0.18841431,  0.23831028,
       -0.18400049,  0.47788511,  0.21173872, -0.21034309]) 

Generation: 40 
 - Generation Avg Fit: 1857.53507727944 
 - Best Fitness: 4017.820053576725 
 - Worst Fitness: 0.0
 - Best Solution: array([-4.53901157e-01, -2.43458309e-01, -3.74046793e-01, -2.81658103e-01,
       -2.84215543e-01, -5.08205303e-02,  4.04257430e-01,  3.88500244e-01,
        3.46455008e-01, -2.10928059e-02,  2.85715354e-01, -2.56001191e-01,
        4.82328567e-01,  2.28552683e-01,  1.54698682e-01, -4.47072549e-01,
        1.83144648e-01, -2.24551613e-01,  3.68672754e-02,  3.87501812e-01,
       -1.10470619e-01, -6.59747948e-02, -5.98165897e-02, -5.16279926e-02,
       -4.43393926e-01, -1.94708481e-01, -1.56612439e-01,  3.26293290e-01,
       -2.85070494e-01,  5.81651220e-02,  1.72897637e-01,  2.02081000e-01,
        1.73811857e-01, -2.41437285e-01, -3.71477935e-01, -3.00344939e-01,
        3.30083636e-01, -4.31274038e-01,  4.09352709e-01, -1.59604774e-01,
       -3.16849147e-01,  1.35103970e-01,  4.49804590e-01, -9.86475466e-05,
        1.99137739e-01,  8.34444085e-02,  4.13263232e-01, -5.28490398e-02,
        4.01464346e-01, -3.79614332e-02, -9.15817213e-02, -2.05852751e-01,
        1.06510533e-02,  4.40305637e-01,  4.59973299e-01, -1.62347770e-01,
       -4.38283270e-01,  4.53405560e-01,  1.78564121e-01,  2.39169850e-01,
       -1.93745637e-01,  4.72464689e-01,  2.11738716e-01, -2.05664931e-01]) 

Generation: 41 
 - Generation Avg Fit: 2130.4180138003458 
 - Best Fitness: 4282.9155047693175 
 - Worst Fitness: 0.0
 - Best Solution: array([-0.45385721, -0.2506754 , -0.37720294, -0.26604609, -0.27818654,
       -0.04659091,  0.39917729,  0.38377415,  0.34920867, -0.01923332,
        0.27514212, -0.24744892,  0.36631819,  0.29756306,  0.15841045,
       -0.45357152,  0.19245479, -0.23707179,  0.04579911,  0.38750181,
       -0.10715011, -0.06320814, -0.06221669, -0.04108216, -0.44339393,
       -0.19470848, -0.15296033,  0.3176798 , -0.28535736, -0.0626349 ,
        0.159652  ,  0.202081  ,  0.16554275, -0.07777414, -0.36834564,
       -0.2914438 ,  0.31696936, -0.44486764,  0.40935271, -0.16112873,
       -0.33180003,  0.12648161,  0.44036096, -0.01195041,  0.18923159,
        0.07615089,  0.4103904 , -0.04611061, -0.22774299, -0.02015417,
       -0.08951806, -0.19748288,  0.0088505 ,  0.08990683,  0.45031006,
       -0.18364331, -0.44804603,  0.47011845,  0.17505241,  0.23831028,
       -0.18273821,  0.46695953,  0.20740201, -0.21259966]) 

Generation: 42 
 - Generation Avg Fit: 2502.0212311055675 
 - Best Fitness: 4379.493017304109 
 - Worst Fitness: 0.0
 - Best Solution: array([-0.45961878,  0.10870917, -0.34992812, -0.27772333, -0.30346898,
       -0.0614523 ,  0.40031256,  0.38813392,  0.36518272, -0.02482742,
        0.27899224,  0.21118698,  0.36867223,  0.31398638,  0.15469868,
       -0.45504283,  0.1937677 , -0.22774532,  0.04903384,  0.39991968,
       -0.11521347, -0.05101153,  0.44091956,  0.01092013, -0.42396881,
       -0.19521434, -0.1431871 ,  0.32540108, -0.28513433, -0.06153853,
        0.1645939 ,  0.19959295,  0.16283408, -0.07909681, -0.35827805,
       -0.28351132,  0.33228631, -0.43127404,  0.41606396, -0.16112873,
       -0.32084026,  0.13510397,  0.46595459, -0.0081782 ,  0.17502418,
        0.07364373,  0.42959145, -0.04507742, -0.22022429, -0.04272702,
       -0.094523  , -0.19955881,  0.01066717,  0.08747492,  0.46115616,
       -0.17146056, -0.44048632,  0.45533223,  0.1827741 ,  0.23831028,
       -0.18395187,  0.47889034,  0.21173872, -0.2223737 ]) 

Generation: 43 
 - Generation Avg Fit: 3117.072767816825 
 - Best Fitness: 4405.236980454393 
 - Worst Fitness: 0.0
 - Best Solution: array([-0.46904016,  0.10254481, -0.35281136, -0.28334305, -0.27750161,
       -0.04101307,  0.40555477,  0.39404944, -0.37691082, -0.02366796,
        0.28273864,  0.21267846,  0.36470219,  0.22371147,  0.14059976,
       -0.45215138,  0.18648901, -0.2295931 , -0.00666596,  0.39738615,
       -0.10316679, -0.0451769 , -0.06177161, -0.05309705, -0.44435151,
       -0.20439252, -0.15008435,  0.32892083, -0.05875196, -0.05393202,
        0.16466253,  0.20424236,  0.18113189, -0.08878193, -0.36772774,
       -0.29425336,  0.33207378, -0.43557342,  0.38287064, -0.14995527,
       -0.3267989 ,  0.13656922,  0.47256337, -0.00359085,  0.18956983,
        0.08268206,  0.42103648, -0.47345704, -0.21467826, -0.03688591,
       -0.09334599, -0.2047211 ,  0.00886653,  0.0918441 ,  0.45195491,
       -0.17328837,  0.00354245,  0.0085033 ,  0.18963756,  0.23502224,
       -0.22086274,  0.48129004,  0.21184852, -0.20566493]) 

Generation: 44 
 - Generation Avg Fit: 3520.684118892108 
 - Best Fitness: 4499.956185941435 
 - Worst Fitness: 0.0
 - Best Solution: array([-0.45811131, -0.2506754 , -0.36818925, -0.26121031, -0.27446918,
       -0.04347075,  0.39005818,  0.39104143,  0.34432159, -0.01914537,
        0.28339226, -0.25714362,  0.37367891,  0.22215352,  0.15523105,
       -0.46162266,  0.17786204, -0.22805953,  0.05743495,  0.40060472,
       -0.10972967, -0.05925289, -0.06218384, -0.03879131, -0.45323029,
       -0.20419445, -0.155828  ,  0.31518936, -0.29330976, -0.05691505,
        0.15142143,  0.20260916,  0.15458354, -0.07109374, -0.37225314,
       -0.29051754,  0.31021912, -0.41886156,  0.41362077, -0.17724802,
       -0.30904419,  0.13510397,  0.44101527, -0.00467483,  0.17305589,
        0.08268206,  0.42172854, -0.05216802, -0.22944906, -0.01908617,
       -0.09518875, -0.19174655, -0.00547501,  0.09816359,  0.46340171,
       -0.16099201, -0.44804603,  0.46443202,  0.17514909,  0.23159589,
       -0.19196336,  0.48855788,  0.22148077, -0.21259966]) 

Generation: 45 
 - Generation Avg Fit: 3788.1123134839013 
 - Best Fitness: 4560.907029310746 
 - Worst Fitness: 0.0
 - Best Solution: array([-0.45385721,  0.11596613, -0.3608829 , -0.26764297, -0.31088648,
       -0.05356869,  0.39234026,  0.38186554,  0.35017767, -0.0187196 ,
        0.2941077 , -0.26759688,  0.49934126,  0.29876852,  0.14510647,
       -0.44109568,  0.18865416, -0.22726775,  0.05624728,  0.38593517,
       -0.11849288, -0.0714877 ,  0.45368618, -0.04771659, -0.44882036,
       -0.18581816, -0.15296033,  0.33705974, -0.28117732, -0.06346253,
        0.15867245,  0.16580292,  0.19598944, -0.07458768, -0.36322594,
       -0.28709943,  0.32244678, -0.44372617,  0.40051088, -0.1584164 ,
       -0.34092653,  0.13607763,  0.45218582, -0.01425714,  0.18949089,
        0.0918177 ,  0.4103904 , -0.04611061,  0.40524506, -0.03395752,
       -0.09002088, -0.21445804,  0.00897645,  0.42614455,  0.45031006,
       -0.16933276, -0.44433984,  0.46790303,  0.17181439,  0.23131942,
       -0.19690119,  0.48406055,  0.20901976, -0.21259966]) 

Generation: 46 
 - Generation Avg Fit: 3916.906140385996 
 - Best Fitness: 4560.907029310746 
 - Worst Fitness: 0.0
 - Best Solution: array([-0.45811131, -0.2506754 , -0.36818925, -0.26121031, -0.27446918,
       -0.04347075,  0.39005818,  0.39104143,  0.34432159, -0.01914537,
        0.28339226, -0.25714362,  0.37367891,  0.22215352,  0.15523105,
       -0.46162266,  0.17786204, -0.22805953,  0.05743495,  0.40060472,
       -0.10972967, -0.05925289, -0.06218384, -0.03879131, -0.45323029,
       -0.20419445, -0.155828  ,  0.31518936, -0.29330976, -0.05691505,
        0.15142143,  0.20260916,  0.15458354, -0.07109374, -0.37225314,
       -0.29051754,  0.31021912, -0.41886156,  0.41362077, -0.17724802,
       -0.30904419,  0.13510397,  0.44101527, -0.00467483,  0.17305589,
        0.08268206,  0.42172854, -0.05216802, -0.22944906, -0.01908617,
       -0.09518875, -0.19174655, -0.00547501,  0.09816359,  0.46340171,
       -0.16099201, -0.44804603,  0.46443202,  0.17514909,  0.23159589,
       -0.19196336,  0.48855788,  0.22148077, -0.21259966]) 

Generation: 47 
 - Generation Avg Fit: 4029.142236560573 
 - Best Fitness: 4631.995515878775 
 - Worst Fitness: 0.0
 - Best Solution: array([-0.46201007, -0.2449775 , -0.36021459, -0.27468   , -0.27302826,
       -0.06093359,  0.38803725,  0.38089762,  0.33640572, -0.03019069,
        0.28339226, -0.26170968,  0.37563678,  0.22215352,  0.14274931,
       -0.46449156,  0.19105267, -0.22774532,  0.05743495,  0.39181021,
       -0.11832883, -0.05499366, -0.05602234, -0.04403718, -0.45323029,
       -0.1996129 , -0.15961031,  0.30635858, -0.2581868 , -0.0688431 ,
        0.15142143,  0.19764543,  0.14662088, -0.06593158, -0.37225314,
       -0.28481203,  0.32034421, -0.41886156,  0.40479633, -0.17724802,
       -0.31530473,  0.13510397,  0.45935242, -0.00467483,  0.17305589,
        0.07910045,  0.42172854, -0.05216802, -0.22095716, -0.03193795,
       -0.09018672, -0.19608789,  0.0063134 ,  0.09816359,  0.46802411,
       -0.15231052, -0.43039325,  0.47032514,  0.19412419,  0.23169381,
       -0.18486787,  0.49625149,  0.22311246, -0.22128277]) 

Generation: 48 
 - Generation Avg Fit: 4184.417851865857 
 - Best Fitness: 4631.995515878775 
 - Worst Fitness: 0.0
 - Best Solution: array([-0.45385721,  0.11596613, -0.3608829 , -0.26764297, -0.31088648,
       -0.05356869,  0.39234026,  0.38186554,  0.35017767, -0.0187196 ,
        0.2941077 , -0.26759688,  0.49934126,  0.29876852,  0.14510647,
       -0.44109568,  0.18865416, -0.22726775,  0.05624728,  0.38593517,
       -0.11849288, -0.0714877 ,  0.45368618, -0.04771659, -0.44882036,
       -0.18581816, -0.15296033,  0.33705974, -0.28117732, -0.06346253,
        0.15867245,  0.16580292,  0.19598944, -0.07458768, -0.36322594,
       -0.28709943,  0.32244678, -0.44372617,  0.40051088, -0.1584164 ,
       -0.34092653,  0.13607763,  0.45218582, -0.01425714,  0.18949089,
        0.0918177 ,  0.4103904 , -0.04611061,  0.40524506, -0.03395752,
       -0.09002088, -0.21445804,  0.00897645,  0.42614455,  0.45031006,
       -0.16933276, -0.44433984,  0.46790303,  0.17181439,  0.23131942,
       -0.19690119,  0.48406055,  0.20901976, -0.21259966]) 

Generation: 49 
 - Generation Avg Fit: 4234.602133346081 
 - Best Fitness: 4698.374025750836 
 - Worst Fitness: 0.0
 - Best Solution: array([-0.45360821, -0.24224755, -0.39243704, -0.26720894, -0.30187003,
       -0.04993907,  0.4004214 ,  0.38186554,  0.33902484, -0.03443118,
        0.29549492, -0.26675875,  0.36127216,  0.23980267,  0.15544538,
       -0.45322533,  0.1839942 , -0.22661107,  0.03911481,  0.39108449,
       -0.11691248, -0.06658228,  0.44830803, -0.05592653, -0.43729071,
       -0.19120108, -0.15252551,  0.35132635, -0.28515787, -0.06578659,
        0.18135497,  0.18717605,  0.17958104, -0.09649723, -0.36951751,
       -0.28936407,  0.32407237, -0.43958018,  0.41857115, -0.16112873,
       -0.33226131,  0.14452908,  0.45782029, -0.01798305,  0.18235558,
        0.08977654,  0.41326323, -0.04470386,  0.40063238, -0.0345242 ,
       -0.09207944, -0.22391308,  0.01049261,  0.09038771,  0.47364723,
       -0.17128102, -0.4387165 ,  0.45964902,  0.17677332,  0.24055634,
       -0.19374564,  0.47243075,  0.19828206, -0.2154941 ]) 

Generation: 50 
 - Generation Avg Fit: 4248.599160000761 
 - Best Fitness: 4963.4293325409335 
 - Worst Fitness: 0.0
 - Best Solution: array([-0.45071702,  0.10494953, -0.36284682, -0.26040782, -0.28226876,
       -0.05955184,  0.40668612,  0.39839596,  0.33158028, -0.03769867,
        0.28635748, -0.24632218,  0.36369428,  0.28994113,  0.1632945 ,
       -0.47182698,  0.15462719, -0.22096491,  0.02900009,  0.4006361 ,
       -0.10096522, -0.0445362 , -0.05794023, -0.05664321, -0.44866861,
       -0.19744127, -0.16568019,  0.32309051, -0.29463531, -0.06091559,
        0.16357808,  0.20645844,  0.17866511, -0.25060525, -0.3708822 ,
       -0.29036009,  0.31893907, -0.44774394,  0.40310971, -0.16982417,
       -0.32309443,  0.14566771,  0.47678305, -0.0139199 ,  0.19165894,
        0.08344441,  0.43449973, -0.03096669, -0.21434396, -0.02437022,
       -0.094661  , -0.19850128,  0.01736722,  0.07920689,  0.47206923,
       -0.1637285 , -0.45335725,  0.01653653,  0.17708594,  0.23517701,
       -0.19702808,  0.47373823,  0.21210841, -0.21483224]) 

Generation: 51 
 - Generation Avg Fit: 4252.948127473757 
 - Best Fitness: 4963.4293325409335 
 - Worst Fitness: 0.0
 - Best Solution: array([-0.45360821, -0.24224755, -0.39243704, -0.26720894, -0.30187003,
       -0.04993907,  0.4004214 ,  0.38186554,  0.33902484, -0.03443118,
        0.29549492, -0.26675875,  0.36127216,  0.23980267,  0.15544538,
       -0.45322533,  0.1839942 , -0.22661107,  0.03911481,  0.39108449,
       -0.11691248, -0.06658228,  0.44830803, -0.05592653, -0.43729071,
       -0.19120108, -0.15252551,  0.35132635, -0.28515787, -0.06578659,
        0.18135497,  0.18717605,  0.17958104, -0.09649723, -0.36951751,
       -0.28936407,  0.32407237, -0.43958018,  0.41857115, -0.16112873,
       -0.33226131,  0.14452908,  0.45782029, -0.01798305,  0.18235558,
        0.08977654,  0.41326323, -0.04470386,  0.40063238, -0.0345242 ,
       -0.09207944, -0.22391308,  0.01049261,  0.09038771,  0.47364723,
       -0.17128102, -0.4387165 ,  0.45964902,  0.17677332,  0.24055634,
       -0.19374564,  0.47243075,  0.19828206, -0.2154941 ]) 

Generation: 52 
 - Generation Avg Fit: 4285.939678892587 
 - Best Fitness: 5086.762556933046 
 - Worst Fitness: 0.0
 - Best Solution: array([-0.46398455, -0.24000392, -0.36552077, -0.25561145, -0.27427485,
       -0.0446137 ,  0.40910377,  0.39591937,  0.34150075, -0.04792259,
        0.29310639, -0.28792269,  0.36940601,  0.29460245,  0.13803886,
       -0.4510554 ,  0.17767792, -0.22030602,  0.06338307,  0.39997685,
       -0.1127366 , -0.06178924, -0.05239206, -0.03511628, -0.44381236,
       -0.19660285, -0.16546397,  0.31875979, -0.27953375, -0.06211343,
        0.17869657,  0.20831521,  0.16244334, -0.0775499 , -0.37121548,
       -0.30572404,  0.31883353, -0.44096665,  0.40668571, -0.18053502,
       -0.34057809,  0.14566771,  0.45813175, -0.00536657,  0.16294843,
        0.09453901,  0.42407296, -0.03865911, -0.23574133, -0.02148829,
       -0.07989852, -0.19609291,  0.01105015,  0.08934751,  0.47206923,
       -0.14873882, -0.4456892 ,  0.47373849,  0.17985644,  0.2324502 ,
       -0.19702808,  0.47373823,  0.22148077, -0.22200724]) 

Generation: 53 
 - Generation Avg Fit: 4353.017151536101 
 - Best Fitness: 5120.191091973241 
 - Worst Fitness: 0.0
 - Best Solution: array([-0.45461039,  0.09765729, -0.36552077, -0.26857586, -0.27652147,
       -0.0325526 ,  0.40338033,  0.39839596,  0.33963871, -0.02566624,
        0.29310639, -0.28031527,  0.37600013,  0.29489613,  0.176742  ,
       -0.44633271,  0.1482146 , -0.22212324,  0.05743495,  0.39244434,
       -0.10834506, -0.0445362 , -0.05038866, -0.06347394, -0.44211095,
       -0.18916536, -0.16726572,  0.33034745, -0.28325362, -0.06091559,
        0.17075311,  0.21662509,  0.16604027, -0.26208046, -0.359904  ,
       -0.31019403,  0.31900102, -0.44774394,  0.41614587, -0.17600972,
       -0.3154925 ,  0.14753052,  0.46774156, -0.00241039,  0.16571968,
        0.09159205,  0.41496466, -0.03657887, -0.21435199, -0.02861768,
       -0.08356777, -0.20194314, -0.00396841,  0.0999463 ,  0.47688718,
       -0.1637285 , -0.44711391,  0.00914792,  0.17252097,  0.24578104,
       -0.19702808,  0.46893267,  0.21652267, -0.22291109]) 

Generation: 54 
 - Generation Avg Fit: 4411.281102704242 
 - Best Fitness: 5156.226914909213 
 - Worst Fitness: 0.0
 - Best Solution: array([-0.45553352, -0.2506754 , -0.36678519, -0.25146576, -0.28375888,
       -0.07123345,  0.39514351,  0.39212333,  0.35006616, -0.02353314,
        0.26441628, -0.24744892,  0.364594  ,  0.29489613,  0.17125844,
       -0.45794601,  0.17371512, -0.2413217 ,  0.06485295,  0.39198479,
       -0.13237682, -0.03709012, -0.05038866, -0.04608727, -0.4751147 ,
       -0.19744127, -0.15311946,  0.32023692, -0.28393502, -0.06290027,
        0.15142143,  0.20842192,  0.17187576, -0.06867055, -0.3708822 ,
       -0.2914438 ,  0.32824389, -0.43903166,  0.40580224, -0.17986518,
       -0.32557923,  0.1467583 ,  0.48297946, -0.01200898,  0.19942671,
        0.07199087,  0.43449973, -0.03562117, -0.23112084, -0.04071176,
       -0.09417204, -0.19810859,  0.00762392,  0.07246368,  0.47688718,
       -0.1775662 , -0.45627089,  0.01566338,  0.18009839,  0.23743872,
       -0.17877572,  0.48030042,  0.22132224, -0.22915967]) 

Generation: 55 
 - Generation Avg Fit: 4452.127786240627 
 - Best Fitness: 5156.226914909213 
 - Worst Fitness: 0.0
 - Best Solution: array([-0.45461039,  0.09765729, -0.36552077, -0.26857586, -0.27652147,
       -0.0325526 ,  0.40338033,  0.39839596,  0.33963871, -0.02566624,
        0.29310639, -0.28031527,  0.37600013,  0.29489613,  0.176742  ,
       -0.44633271,  0.1482146 , -0.22212324,  0.05743495,  0.39244434,
       -0.10834506, -0.0445362 , -0.05038866, -0.06347394, -0.44211095,
       -0.18916536, -0.16726572,  0.33034745, -0.28325362, -0.06091559,
        0.17075311,  0.21662509,  0.16604027, -0.26208046, -0.359904  ,
       -0.31019403,  0.31900102, -0.44774394,  0.41614587, -0.17600972,
       -0.3154925 ,  0.14753052,  0.46774156, -0.00241039,  0.16571968,
        0.09159205,  0.41496466, -0.03657887, -0.21435199, -0.02861768,
       -0.08356777, -0.20194314, -0.00396841,  0.0999463 ,  0.47688718,
       -0.1637285 , -0.44711391,  0.00914792,  0.17252097,  0.24578104,
       -0.19702808,  0.46893267,  0.21652267, -0.22291109]) 

Generation: 56 
 - Generation Avg Fit: 4522.455640853073 
 - Best Fitness: 5188.530471045692 
 - Worst Fitness: 0.0
 - Best Solution: array([-0.45071702,  0.09977059, -0.36284682, -0.26040782, -0.2827632 ,
       -0.04932506,  0.40668612,  0.40192646,  0.33901578, -0.03769867,
        0.28605349, -0.24322513,  0.37229394,  0.28055828,  0.1632945 ,
       -0.4408552 ,  0.15162133, -0.22064289,  0.01873028,  0.39112079,
       -0.10096522, -0.0445362 , -0.05794023, -0.05504993, -0.44866861,
       -0.19744127, -0.13964781,  0.33049333, -0.29205361, -0.06091559,
        0.16054863,  0.16762957,  0.17866511, -0.25060525, -0.3598734 ,
       -0.30523631,  0.31060535, -0.44696404,  0.41432177, -0.16982417,
       -0.33742298,  0.14566771,  0.47678305, -0.01431488,  0.19165894,
        0.08004948,  0.43449973, -0.02707219, -0.22263966, -0.02052581,
       -0.09489446, -0.19850128,  0.0127818 ,  0.07920689,  0.47875768,
       -0.1580625 , -0.44703162,  0.01653653,  0.17708594,  0.23517701,
       -0.19269221,  0.47957421,  0.21210841, -0.19244136]) 

Generation: 57 
 - Generation Avg Fit: 4561.6943397548675 
 - Best Fitness: 5236.389604056271 
 - Worst Fitness: 0.0
 - Best Solution: array([-0.45461039,  0.09765729, -0.36552077, -0.27254274, -0.26431166,
       -0.0325526 ,  0.40338033,  0.39591937,  0.34594686, -0.02566624,
        0.29863777, -0.28792269,  0.37236972,  0.29460245,  0.13803886,
       -0.44633271,  0.14367774, -0.22212324,  0.04893332,  0.39997685,
       -0.11265965, -0.04406405, -0.05239206, -0.03426466, -0.43787015,
       -0.19660285, -0.16546397,  0.33034745, -0.29286118, -0.0572239 ,
        0.184412  ,  0.21950061,  0.1653071 , -0.26208046, -0.359904  ,
       -0.31019403,  0.32374928, -0.44096665,  0.40908656, -0.18053502,
       -0.30800736,  0.13931246,  0.45983089,  0.00469182,  0.16294843,
        0.09453901,  0.41900099, -0.03657887, -0.21435199, -0.02861768,
       -0.07481161, -0.20194314,  0.01105015,  0.08934751,  0.48116044,
       -0.1637285 , -0.44921255,  0.01193437,  0.17985644,  0.2324502 ,
       -0.19702808,  0.46769473,  0.21652267, -0.22392113]) 

Generation: 58 
 - Generation Avg Fit: 4738.431185505187 
 - Best Fitness: 5237.329449108007 
 - Worst Fitness: 0.0
 - Best Solution: array([-0.44903949,  0.0977601 , -0.35551936, -0.26040782, -0.28134139,
       -0.04828054,  0.40467034,  0.39672625,  0.34648117, -0.03647388,
        0.27755018, -0.28478299,  0.36727447,  0.2972172 ,  0.15417211,
       -0.47273847,  0.15161627, -0.2296797 ,  0.03051282,  0.38850925,
       -0.09310799, -0.05892173, -0.05854735, -0.05614982, -0.43956038,
       -0.1972018 , -0.16656482,  0.31914407, -0.29849559, -0.06211343,
        0.17161224,  0.20622134,  0.18349923, -0.26567257, -0.37000542,
       -0.30084691,  0.31893907, -0.4496748 ,  0.3976764 , -0.18539461,
       -0.327672  ,  0.13764919,  0.4813711 , -0.0183784 ,  0.18416049,
        0.08544205,  0.43283594, -0.03370616, -0.22272986, -0.01398288,
       -0.09254268, -0.21518398,  0.01105015,  0.08812468,  0.48117118,
       -0.14954605, -0.46192361,  0.01713867,  0.18194357,  0.23075778,
       -0.19957415,  0.48368917,  0.21952906, -0.19244136]) 

Generation: 59 
 - Generation Avg Fit: 4806.506325114319 
 - Best Fitness: 5267.605039007919 
 - Worst Fitness: 0.0
 - Best Solution: array([-0.47417872,  0.09455548, -0.35864396, -0.26952375, -0.27652147,
       -0.07462357,  0.40777921,  0.39384143,  0.32953537, -0.03714594,
        0.29015022, -0.25531263,  0.3607474 ,  0.28994113,  0.17539934,
       -0.48258662,  0.1632978 , -0.21109085,  0.01888507,  0.3911478 ,
       -0.11097127, -0.04938329, -0.07950253, -0.03499669, -0.47598145,
       -0.19978435, -0.15140692,  0.31770937, -0.28368668, -0.0630401 ,
        0.17320696,  0.17251577,  0.16554275, -0.25282321, -0.36832953,
       -0.30863309,  0.32442068, -0.44374983,  0.40310971, -0.17011059,
       -0.32309443,  0.13558925,  0.45389395, -0.00641479,  0.17613048,
        0.08007312,  0.43438351, -0.03822007, -0.19399776, -0.04128796,
       -0.07428989, -0.20748117,  0.01724586,  0.08766675,  0.46352829,
       -0.15972915, -0.44955404,  0.01477533,  0.17737383,  0.23335889,
       -0.19751016,  0.4721673 ,  0.21210841, -0.21536887]) 

Generation: 60 
 - Generation Avg Fit: 4905.405889151813 
 - Best Fitness: 5267.605039007919 
 - Worst Fitness: 4068.126525878962
 - Best Solution: array([-0.44903949,  0.0977601 , -0.35551936, -0.26040782, -0.28134139,
       -0.04828054,  0.40467034,  0.39672625,  0.34648117, -0.03647388,
        0.27755018, -0.28478299,  0.36727447,  0.2972172 ,  0.15417211,
       -0.47273847,  0.15161627, -0.2296797 ,  0.03051282,  0.38850925,
       -0.09310799, -0.05892173, -0.05854735, -0.05614982, -0.43956038,
       -0.1972018 , -0.16656482,  0.31914407, -0.29849559, -0.06211343,
        0.17161224,  0.20622134,  0.18349923, -0.26567257, -0.37000542,
       -0.30084691,  0.31893907, -0.4496748 ,  0.3976764 , -0.18539461,
       -0.327672  ,  0.13764919,  0.4813711 , -0.0183784 ,  0.18416049,
        0.08544205,  0.43283594, -0.03370616, -0.22272986, -0.01398288,
       -0.09254268, -0.21518398,  0.01105015,  0.08812468,  0.48117118,
       -0.14954605, -0.46192361,  0.01713867,  0.18194357,  0.23075778,
       -0.19957415,  0.48368917,  0.21952906, -0.19244136]) 

Generation: 61 
 - Generation Avg Fit: 4922.6652537037035 
 - Best Fitness: 5267.605039007919 
 - Worst Fitness: 4197.56113346179
 - Best Solution: array([-0.47417872,  0.09455548, -0.35864396, -0.26952375, -0.27652147,
       -0.07462357,  0.40777921,  0.39384143,  0.32953537, -0.03714594,
        0.29015022, -0.25531263,  0.3607474 ,  0.28994113,  0.17539934,
       -0.48258662,  0.1632978 , -0.21109085,  0.01888507,  0.3911478 ,
       -0.11097127, -0.04938329, -0.07950253, -0.03499669, -0.47598145,
       -0.19978435, -0.15140692,  0.31770937, -0.28368668, -0.0630401 ,
        0.17320696,  0.17251577,  0.16554275, -0.25282321, -0.36832953,
       -0.30863309,  0.32442068, -0.44374983,  0.40310971, -0.17011059,
       -0.32309443,  0.13558925,  0.45389395, -0.00641479,  0.17613048,
        0.08007312,  0.43438351, -0.03822007, -0.19399776, -0.04128796,
       -0.07428989, -0.20748117,  0.01724586,  0.08766675,  0.46352829,
       -0.15972915, -0.44955404,  0.01477533,  0.17737383,  0.23335889,
       -0.19751016,  0.4721673 ,  0.21210841, -0.21536887]) 

Generation: 62 
 - Generation Avg Fit: 4962.421273112433 
 - Best Fitness: 5305.849371284349 
 - Worst Fitness: 4288.34705851417
 - Best Solution: array([-0.44153234,  0.09709026, -0.35551936, -0.26289061, -0.28226876,
       -0.04773383,  0.40467034,  0.39672625,  0.33824823, -0.03946471,
        0.27755018, -0.25373109,  0.36727447,  0.2972172 ,  0.15417211,
       -0.47273847,  0.13793764, -0.22127808,  0.0263226 ,  0.37463151,
       -0.09310799, -0.06661726, -0.05425261, -0.06818438, -0.44623174,
       -0.20180897, -0.16656482,  0.32181184, -0.29434304, -0.06322014,
        0.14986028,  0.20645844,  0.17682426, -0.26567257, -0.37065735,
       -0.30084691,  0.3227776 , -0.44942792,  0.40167001, -0.17037884,
       -0.33234485,  0.16343776,  0.47986166, -0.02017765,  0.18201921,
        0.09079978,  0.4300763 , -0.03370616, -0.23012376, -0.03294469,
       -0.08789031, -0.20400906,  0.01105015,  0.08812468,  0.47902518,
       -0.16317227, -0.45335725,  0.01713867,  0.18194357,  0.2047379 ,
       -0.19866657,  0.49094295,  0.21952906, -0.2162146 ]) 

Generation: 63 
 - Generation Avg Fit: 4972.41695612407 
 - Best Fitness: 5305.849371284349 
 - Worst Fitness: 4210.466945406792
 - Best Solution: array([-0.47417872,  0.09455548, -0.35864396, -0.26952375, -0.27652147,
       -0.07462357,  0.40777921,  0.39384143,  0.32953537, -0.03714594,
        0.29015022, -0.25531263,  0.3607474 ,  0.28994113,  0.17539934,
       -0.48258662,  0.1632978 , -0.21109085,  0.01888507,  0.3911478 ,
       -0.11097127, -0.04938329, -0.07950253, -0.03499669, -0.47598145,
       -0.19978435, -0.15140692,  0.31770937, -0.28368668, -0.0630401 ,
        0.17320696,  0.17251577,  0.16554275, -0.25282321, -0.36832953,
       -0.30863309,  0.32442068, -0.44374983,  0.40310971, -0.17011059,
       -0.32309443,  0.13558925,  0.45389395, -0.00641479,  0.17613048,
        0.08007312,  0.43438351, -0.03822007, -0.19399776, -0.04128796,
       -0.07428989, -0.20748117,  0.01724586,  0.08766675,  0.46352829,
       -0.15972915, -0.44955404,  0.01477533,  0.17737383,  0.23335889,
       -0.19751016,  0.4721673 ,  0.21210841, -0.21536887]) 

Generation: 64 
 - Generation Avg Fit: 4989.788955864513 
 - Best Fitness: 5332.309131985735 
 - Worst Fitness: 3943.59419568608
 - Best Solution: array([-4.62440716e-01,  1.05438669e-01, -3.85702941e-01, -2.62895023e-01,
       -2.80371712e-01, -5.57673856e-02,  3.97329293e-01,  3.96045591e-01,
        3.21618087e-01, -4.00142482e-02,  2.65682332e-01, -2.51245602e-01,
        3.65280277e-01,  2.83640751e-01,  1.56903751e-01, -4.76928149e-01,
        1.51865443e-01, -2.25912646e-01,  7.38437003e-02,  3.99976848e-01,
       -1.06898490e-01, -5.28057752e-02, -5.79402323e-02, -5.26888351e-02,
       -4.64790869e-01, -2.05337243e-01, -1.84933581e-01,  3.19368609e-01,
       -2.94939045e-01, -5.97385702e-02,  1.73306549e-01,  1.67629567e-01,
        1.75662476e-01, -2.44712686e-01, -3.70882200e-01, -2.97514666e-01,
        3.17571757e-01, -4.39612205e-01,  4.16092954e-01, -1.64977672e-01,
       -3.32945521e-01,  1.45667713e-01,  4.83586064e-01, -7.12130329e-03,
        1.90041382e-01,  8.30112985e-02,  4.33877090e-01, -3.09666884e-02,
       -2.30083129e-01, -2.88434336e-02, -9.48944607e-02, -1.98039489e-01,
        4.26815491e-04,  6.54795711e-02,  4.72958474e-01, -1.56647591e-01,
       -4.56097065e-01,  2.09868297e-02,  1.83810451e-01,  1.94390932e-01,
       -1.99046770e-01,  4.86022956e-01,  2.12219295e-01, -2.22891001e-01]) 

Generation: 65 
 - Generation Avg Fit: 5012.911087029277 
 - Best Fitness: 5332.309131985735 
 - Worst Fitness: 4031.178528782515
 - Best Solution: array([-0.44153234,  0.09709026, -0.35551936, -0.26289061, -0.28226876,
       -0.04773383,  0.40467034,  0.39672625,  0.33824823, -0.03946471,
        0.27755018, -0.25373109,  0.36727447,  0.2972172 ,  0.15417211,
       -0.47273847,  0.13793764, -0.22127808,  0.0263226 ,  0.37463151,
       -0.09310799, -0.06661726, -0.05425261, -0.06818438, -0.44623174,
       -0.20180897, -0.16656482,  0.32181184, -0.29434304, -0.06322014,
        0.14986028,  0.20645844,  0.17682426, -0.26567257, -0.37065735,
       -0.30084691,  0.3227776 , -0.44942792,  0.40167001, -0.17037884,
       -0.33234485,  0.16343776,  0.47986166, -0.02017765,  0.18201921,
        0.09079978,  0.4300763 , -0.03370616, -0.23012376, -0.03294469,
       -0.08789031, -0.20400906,  0.01105015,  0.08812468,  0.47902518,
       -0.16317227, -0.45335725,  0.01713867,  0.18194357,  0.2047379 ,
       -0.19866657,  0.49094295,  0.21952906, -0.2162146 ]) 

Generation: 66 
 - Generation Avg Fit: 5028.39643854019 
 - Best Fitness: 5332.309131985735 
 - Worst Fitness: 4352.324581619722
 - Best Solution: array([-4.62440716e-01,  1.05438669e-01, -3.85702941e-01, -2.62895023e-01,
       -2.80371712e-01, -5.57673856e-02,  3.97329293e-01,  3.96045591e-01,
        3.21618087e-01, -4.00142482e-02,  2.65682332e-01, -2.51245602e-01,
        3.65280277e-01,  2.83640751e-01,  1.56903751e-01, -4.76928149e-01,
        1.51865443e-01, -2.25912646e-01,  7.38437003e-02,  3.99976848e-01,
       -1.06898490e-01, -5.28057752e-02, -5.79402323e-02, -5.26888351e-02,
       -4.64790869e-01, -2.05337243e-01, -1.84933581e-01,  3.19368609e-01,
       -2.94939045e-01, -5.97385702e-02,  1.73306549e-01,  1.67629567e-01,
        1.75662476e-01, -2.44712686e-01, -3.70882200e-01, -2.97514666e-01,
        3.17571757e-01, -4.39612205e-01,  4.16092954e-01, -1.64977672e-01,
       -3.32945521e-01,  1.45667713e-01,  4.83586064e-01, -7.12130329e-03,
        1.90041382e-01,  8.30112985e-02,  4.33877090e-01, -3.09666884e-02,
       -2.30083129e-01, -2.88434336e-02, -9.48944607e-02, -1.98039489e-01,
        4.26815491e-04,  6.54795711e-02,  4.72958474e-01, -1.56647591e-01,
       -4.56097065e-01,  2.09868297e-02,  1.83810451e-01,  1.94390932e-01,
       -1.99046770e-01,  4.86022956e-01,  2.12219295e-01, -2.22891001e-01]) 

Generation: 67 
 - Generation Avg Fit: 5047.795077445507 
 - Best Fitness: 5332.309131985735 
 - Worst Fitness: 4187.329052361909
 - Best Solution: array([-4.62440716e-01,  1.05438669e-01, -3.85702941e-01, -2.62895023e-01,
       -2.80371712e-01, -5.57673856e-02,  3.97329293e-01,  3.96045591e-01,
        3.21618087e-01, -4.00142482e-02,  2.65682332e-01, -2.51245602e-01,
        3.65280277e-01,  2.83640751e-01,  1.56903751e-01, -4.76928149e-01,
        1.51865443e-01, -2.25912646e-01,  7.38437003e-02,  3.99976848e-01,
       -1.06898490e-01, -5.28057752e-02, -5.79402323e-02, -5.26888351e-02,
       -4.64790869e-01, -2.05337243e-01, -1.84933581e-01,  3.19368609e-01,
       -2.94939045e-01, -5.97385702e-02,  1.73306549e-01,  1.67629567e-01,
        1.75662476e-01, -2.44712686e-01, -3.70882200e-01, -2.97514666e-01,
        3.17571757e-01, -4.39612205e-01,  4.16092954e-01, -1.64977672e-01,
       -3.32945521e-01,  1.45667713e-01,  4.83586064e-01, -7.12130329e-03,
        1.90041382e-01,  8.30112985e-02,  4.33877090e-01, -3.09666884e-02,
       -2.30083129e-01, -2.88434336e-02, -9.48944607e-02, -1.98039489e-01,
        4.26815491e-04,  6.54795711e-02,  4.72958474e-01, -1.56647591e-01,
       -4.56097065e-01,  2.09868297e-02,  1.83810451e-01,  1.94390932e-01,
       -1.99046770e-01,  4.86022956e-01,  2.12219295e-01, -2.22891001e-01]) 

Generation: 68 
 - Generation Avg Fit: 5071.621002767445 
 - Best Fitness: 5332.309131985735 
 - Worst Fitness: 4394.495768095482
 - Best Solution: array([-4.62440716e-01,  1.05438669e-01, -3.85702941e-01, -2.62895023e-01,
       -2.80371712e-01, -5.57673856e-02,  3.97329293e-01,  3.96045591e-01,
        3.21618087e-01, -4.00142482e-02,  2.65682332e-01, -2.51245602e-01,
        3.65280277e-01,  2.83640751e-01,  1.56903751e-01, -4.76928149e-01,
        1.51865443e-01, -2.25912646e-01,  7.38437003e-02,  3.99976848e-01,
       -1.06898490e-01, -5.28057752e-02, -5.79402323e-02, -5.26888351e-02,
       -4.64790869e-01, -2.05337243e-01, -1.84933581e-01,  3.19368609e-01,
       -2.94939045e-01, -5.97385702e-02,  1.73306549e-01,  1.67629567e-01,
        1.75662476e-01, -2.44712686e-01, -3.70882200e-01, -2.97514666e-01,
        3.17571757e-01, -4.39612205e-01,  4.16092954e-01, -1.64977672e-01,
       -3.32945521e-01,  1.45667713e-01,  4.83586064e-01, -7.12130329e-03,
        1.90041382e-01,  8.30112985e-02,  4.33877090e-01, -3.09666884e-02,
       -2.30083129e-01, -2.88434336e-02, -9.48944607e-02, -1.98039489e-01,
        4.26815491e-04,  6.54795711e-02,  4.72958474e-01, -1.56647591e-01,
       -4.56097065e-01,  2.09868297e-02,  1.83810451e-01,  1.94390932e-01,
       -1.99046770e-01,  4.86022956e-01,  2.12219295e-01, -2.22891001e-01]) 

Generation: 69 
 - Generation Avg Fit: 5079.823999806753 
 - Best Fitness: 5332.309131985735 
 - Worst Fitness: 3883.301692396214
 - Best Solution: array([-4.62440716e-01,  1.05438669e-01, -3.85702941e-01, -2.62895023e-01,
       -2.80371712e-01, -5.57673856e-02,  3.97329293e-01,  3.96045591e-01,
        3.21618087e-01, -4.00142482e-02,  2.65682332e-01, -2.51245602e-01,
        3.65280277e-01,  2.83640751e-01,  1.56903751e-01, -4.76928149e-01,
        1.51865443e-01, -2.25912646e-01,  7.38437003e-02,  3.99976848e-01,
       -1.06898490e-01, -5.28057752e-02, -5.79402323e-02, -5.26888351e-02,
       -4.64790869e-01, -2.05337243e-01, -1.84933581e-01,  3.19368609e-01,
       -2.94939045e-01, -5.97385702e-02,  1.73306549e-01,  1.67629567e-01,
        1.75662476e-01, -2.44712686e-01, -3.70882200e-01, -2.97514666e-01,
        3.17571757e-01, -4.39612205e-01,  4.16092954e-01, -1.64977672e-01,
       -3.32945521e-01,  1.45667713e-01,  4.83586064e-01, -7.12130329e-03,
        1.90041382e-01,  8.30112985e-02,  4.33877090e-01, -3.09666884e-02,
       -2.30083129e-01, -2.88434336e-02, -9.48944607e-02, -1.98039489e-01,
        4.26815491e-04,  6.54795711e-02,  4.72958474e-01, -1.56647591e-01,
       -4.56097065e-01,  2.09868297e-02,  1.83810451e-01,  1.94390932e-01,
       -1.99046770e-01,  4.86022956e-01,  2.12219295e-01, -2.22891001e-01]) 

Generation: 70 
 - Generation Avg Fit: 5066.372841293088 
 - Best Fitness: 5333.1603038936655 
 - Worst Fitness: 4252.950332274214
 - Best Solution: array([-0.44903949,  0.09491641, -0.37813133, -0.26040782, -0.28134139,
       -0.04828054,  0.40467034,  0.40190654,  0.33001334, -0.01750317,
        0.27755018, -0.28751454,  0.36727447,  0.2972172 ,  0.1607435 ,
       -0.46593915,  0.16081609, -0.2296797 ,  0.0075385 ,  0.3638759 ,
       -0.09659096, -0.05419611, -0.05854735, -0.05614982, -0.48016668,
       -0.20408466, -0.17104094,  0.32753652, -0.30459727, -0.06211343,
        0.17161224,  0.15682835,  0.17615147, -0.27430658, -0.37000542,
       -0.29581231,  0.31893907, -0.43945691,  0.40913457, -0.18539461,
       -0.34543497,  0.13764919,  0.4813711 , -0.02019086,  0.18902886,
        0.09082775,  0.4166805 , -0.0533336 , -0.22158756, -0.01627967,
       -0.09254268, -0.22006092,  0.00190219,  0.06144824,  0.4518133 ,
       -0.14954605, -0.45972226,  0.01649752,  0.19856558,  0.22555835,
       -0.19957415,  0.4783439 ,  0.20506543, -0.19591201]) 

Generation: 71 
 - Generation Avg Fit: 5065.473077645889 
 - Best Fitness: 5352.835016014342 
 - Worst Fitness: 2874.6072120307986
 - Best Solution: array([-0.47467908,  0.08366954, -0.35010916, -0.25686632, -0.27451054,
       -0.03967215,  0.40189054,  0.39591937,  0.33416567, -0.02203915,
        0.28399911, -0.2491875 ,  0.36370094,  0.26907911,  0.14835175,
       -0.45661532,  0.14719806, -0.21208775,  0.03738848,  0.39098282,
       -0.11636428, -0.07487235, -0.055768  , -0.0666556 , -0.48126909,
       -0.21432812, -0.15676578,  0.34451217, -0.27847474, -0.07056674,
        0.14779085,  0.19691681,  0.16608668, -0.27486575, -0.35858038,
       -0.3133561 ,  0.32293289, -0.41106894,  0.41584943, -0.18098035,
       -0.34555229,  0.14228032,  0.44866594, -0.02230774,  0.15681561,
        0.07931275,  0.4193291 , -0.05899835, -0.22297521, -0.01002606,
       -0.08998991, -0.21040265,  0.00585326,  0.08324877,  0.48790848,
       -0.17249755, -0.46006134,  0.02493136,  0.16912937,  0.22979705,
       -0.19073516,  0.471929  ,  0.21279906, -0.23292279]) 

Generation: 72 
 - Generation Avg Fit: 5097.38091495333 
 - Best Fitness: 5403.900456932625 
 - Worst Fitness: 4075.502611868607
 - Best Solution: array([-0.46244072,  0.0863883 , -0.39535493, -0.25178216, -0.28237535,
       -0.05751391,  0.40931403,  0.40506469,  0.33001334, -0.04921044,
        0.27174229, -0.25310439,  0.36727447,  0.28364075,  0.1550038 ,
       -0.47692815,  0.15121193, -0.2296797 ,  0.0738437 ,  0.36099739,
       -0.10689849, -0.05419611, -0.05144868, -0.05614982, -0.47426538,
       -0.20335413, -0.17104094,  0.31523303, -0.29258525, -0.06211343,
        0.17330655,  0.16762957,  0.17566248, -0.27405998, -0.36351957,
       -0.29581231,  0.32584577, -0.44571459,  0.41609295, -0.18539461,
       -0.34993911,  0.14708187,  0.48020213, -0.00895184,  0.18902886,
        0.09082775,  0.42696823, -0.05752257, -0.23008313, -0.02884343,
       -0.09489446, -0.22006092,  0.00190219,  0.05230775,  0.47295847,
       -0.15949313, -0.45609707,  0.02098683,  0.17870779,  0.22297735,
       -0.20593147,  0.48602296,  0.20506543, -0.23162706]) 

Generation: 73 
 - Generation Avg Fit: 5090.815594123499 
 - Best Fitness: 5403.900456932625 
 - Worst Fitness: 4293.4642810166415
 - Best Solution: array([-0.47467908,  0.08366954, -0.35010916, -0.25686632, -0.27451054,
       -0.03967215,  0.40189054,  0.39591937,  0.33416567, -0.02203915,
        0.28399911, -0.2491875 ,  0.36370094,  0.26907911,  0.14835175,
       -0.45661532,  0.14719806, -0.21208775,  0.03738848,  0.39098282,
       -0.11636428, -0.07487235, -0.055768  , -0.0666556 , -0.48126909,
       -0.21432812, -0.15676578,  0.34451217, -0.27847474, -0.07056674,
        0.14779085,  0.19691681,  0.16608668, -0.27486575, -0.35858038,
       -0.3133561 ,  0.32293289, -0.41106894,  0.41584943, -0.18098035,
       -0.34555229,  0.14228032,  0.44866594, -0.02230774,  0.15681561,
        0.07931275,  0.4193291 , -0.05899835, -0.22297521, -0.01002606,
       -0.08998991, -0.21040265,  0.00585326,  0.08324877,  0.48790848,
       -0.17249755, -0.46006134,  0.02493136,  0.16912937,  0.22979705,
       -0.19073516,  0.471929  ,  0.21279906, -0.23292279]) 

Generation: 74 
 - Generation Avg Fit: 5111.992312997873 
 - Best Fitness: 5457.67038177223 
 - Worst Fitness: 4011.5298777719486
 - Best Solution: array([-0.46244072,  0.08981384, -0.41868585, -0.25980988, -0.29274323,
       -0.0580887 ,  0.41630677,  0.40296644,  0.32348864, -0.04921044,
        0.25761495, -0.27430559,  0.36740393,  0.21316221,  0.16138424,
       -0.47692815,  0.16095084, -0.2296797 ,  0.07782871,  0.39779512,
       -0.11234883, -0.058545  , -0.0818791 , -0.06218822, -0.48690583,
       -0.20335413, -0.17717572,  0.31523303, -0.29258525, -0.05563081,
        0.17268265,  0.20447472,  0.17566248, -0.28197811, -0.37329726,
       -0.29470133,  0.31805008, -0.44571459,  0.41450006, -0.16427167,
       -0.34993911,  0.13558925,  0.48749892, -0.01512848,  0.15813636,
        0.08368754,  0.41213841, -0.05752257, -0.22197514, -0.03404296,
       -0.07492998, -0.22470398,  0.00190219,  0.05735047,  0.47560716,
       -0.16311418, -0.45743343, -0.01122174,  0.17057722,  0.22655882,
       -0.20886034,  0.48602296,  0.2001552 , -0.24150714]) 

Generation: 75 
 - Generation Avg Fit: 5122.661144089716 
 - Best Fitness: 5457.67038177223 
 - Worst Fitness: 4139.682594889967
 - Best Solution: array([-0.46244072,  0.0863883 , -0.39535493, -0.25178216, -0.28237535,
       -0.05751391,  0.40931403,  0.40506469,  0.33001334, -0.04921044,
        0.27174229, -0.25310439,  0.36727447,  0.28364075,  0.1550038 ,
       -0.47692815,  0.15121193, -0.2296797 ,  0.0738437 ,  0.36099739,
       -0.10689849, -0.05419611, -0.05144868, -0.05614982, -0.47426538,
       -0.20335413, -0.17104094,  0.31523303, -0.29258525, -0.06211343,
        0.17330655,  0.16762957,  0.17566248, -0.27405998, -0.36351957,
       -0.29581231,  0.32584577, -0.44571459,  0.41609295, -0.18539461,
       -0.34993911,  0.14708187,  0.48020213, -0.00895184,  0.18902886,
        0.09082775,  0.42696823, -0.05752257, -0.23008313, -0.02884343,
       -0.09489446, -0.22006092,  0.00190219,  0.05230775,  0.47295847,
       -0.15949313, -0.45609707,  0.02098683,  0.17870779,  0.22297735,
       -0.20593147,  0.48602296,  0.20506543, -0.23162706]) 

Generation: 76 
 - Generation Avg Fit: 5100.219497207471 
 - Best Fitness: 5457.67038177223 
 - Worst Fitness: 3953.0880877757154
 - Best Solution: array([-0.46244072,  0.08981384, -0.41868585, -0.25980988, -0.29274323,
       -0.0580887 ,  0.41630677,  0.40296644,  0.32348864, -0.04921044,
        0.25761495, -0.27430559,  0.36740393,  0.21316221,  0.16138424,
       -0.47692815,  0.16095084, -0.2296797 ,  0.07782871,  0.39779512,
       -0.11234883, -0.058545  , -0.0818791 , -0.06218822, -0.48690583,
       -0.20335413, -0.17717572,  0.31523303, -0.29258525, -0.05563081,
        0.17268265,  0.20447472,  0.17566248, -0.28197811, -0.37329726,
       -0.29470133,  0.31805008, -0.44571459,  0.41450006, -0.16427167,
       -0.34993911,  0.13558925,  0.48749892, -0.01512848,  0.15813636,
        0.08368754,  0.41213841, -0.05752257, -0.22197514, -0.03404296,
       -0.07492998, -0.22470398,  0.00190219,  0.05735047,  0.47560716,
       -0.16311418, -0.45743343, -0.01122174,  0.17057722,  0.22655882,
       -0.20886034,  0.48602296,  0.2001552 , -0.24150714]) 

Generation: 77 
 - Generation Avg Fit: 5123.6534715664675 
 - Best Fitness: 5457.67038177223 
 - Worst Fitness: 4453.274648392745
 - Best Solution: array([-0.46244072,  0.08981384, -0.41868585, -0.25980988, -0.29274323,
       -0.0580887 ,  0.41630677,  0.40296644,  0.32348864, -0.04921044,
        0.25761495, -0.27430559,  0.36740393,  0.21316221,  0.16138424,
       -0.47692815,  0.16095084, -0.2296797 ,  0.07782871,  0.39779512,
       -0.11234883, -0.058545  , -0.0818791 , -0.06218822, -0.48690583,
       -0.20335413, -0.17717572,  0.31523303, -0.29258525, -0.05563081,
        0.17268265,  0.20447472,  0.17566248, -0.28197811, -0.37329726,
       -0.29470133,  0.31805008, -0.44571459,  0.41450006, -0.16427167,
       -0.34993911,  0.13558925,  0.48749892, -0.01512848,  0.15813636,
        0.08368754,  0.41213841, -0.05752257, -0.22197514, -0.03404296,
       -0.07492998, -0.22470398,  0.00190219,  0.05735047,  0.47560716,
       -0.16311418, -0.45743343, -0.01122174,  0.17057722,  0.22655882,
       -0.20886034,  0.48602296,  0.2001552 , -0.24150714]) 

Generation: 78 
 - Generation Avg Fit: 5130.622782158602 
 - Best Fitness: 5457.67038177223 
 - Worst Fitness: 4412.775489801721
 - Best Solution: array([-0.46244072,  0.08981384, -0.41868585, -0.25980988, -0.29274323,
       -0.0580887 ,  0.41630677,  0.40296644,  0.32348864, -0.04921044,
        0.25761495, -0.27430559,  0.36740393,  0.21316221,  0.16138424,
       -0.47692815,  0.16095084, -0.2296797 ,  0.07782871,  0.39779512,
       -0.11234883, -0.058545  , -0.0818791 , -0.06218822, -0.48690583,
       -0.20335413, -0.17717572,  0.31523303, -0.29258525, -0.05563081,
        0.17268265,  0.20447472,  0.17566248, -0.28197811, -0.37329726,
       -0.29470133,  0.31805008, -0.44571459,  0.41450006, -0.16427167,
       -0.34993911,  0.13558925,  0.48749892, -0.01512848,  0.15813636,
        0.08368754,  0.41213841, -0.05752257, -0.22197514, -0.03404296,
       -0.07492998, -0.22470398,  0.00190219,  0.05735047,  0.47560716,
       -0.16311418, -0.45743343, -0.01122174,  0.17057722,  0.22655882,
       -0.20886034,  0.48602296,  0.2001552 , -0.24150714]) 

Generation: 79 
 - Generation Avg Fit: 5108.894433876819 
 - Best Fitness: 5457.67038177223 
 - Worst Fitness: 3897.845150694879
 - Best Solution: array([-0.46244072,  0.08981384, -0.41868585, -0.25980988, -0.29274323,
       -0.0580887 ,  0.41630677,  0.40296644,  0.32348864, -0.04921044,
        0.25761495, -0.27430559,  0.36740393,  0.21316221,  0.16138424,
       -0.47692815,  0.16095084, -0.2296797 ,  0.07782871,  0.39779512,
       -0.11234883, -0.058545  , -0.0818791 , -0.06218822, -0.48690583,
       -0.20335413, -0.17717572,  0.31523303, -0.29258525, -0.05563081,
        0.17268265,  0.20447472,  0.17566248, -0.28197811, -0.37329726,
       -0.29470133,  0.31805008, -0.44571459,  0.41450006, -0.16427167,
       -0.34993911,  0.13558925,  0.48749892, -0.01512848,  0.15813636,
        0.08368754,  0.41213841, -0.05752257, -0.22197514, -0.03404296,
       -0.07492998, -0.22470398,  0.00190219,  0.05735047,  0.47560716,
       -0.16311418, -0.45743343, -0.01122174,  0.17057722,  0.22655882,
       -0.20886034,  0.48602296,  0.2001552 , -0.24150714]) 

Generation: 80 
 - Generation Avg Fit: 5143.654856098358 
 - Best Fitness: 5457.67038177223 
 - Worst Fitness: 3987.588767801409
 - Best Solution: array([-0.46244072,  0.08981384, -0.41868585, -0.25980988, -0.29274323,
       -0.0580887 ,  0.41630677,  0.40296644,  0.32348864, -0.04921044,
        0.25761495, -0.27430559,  0.36740393,  0.21316221,  0.16138424,
       -0.47692815,  0.16095084, -0.2296797 ,  0.07782871,  0.39779512,
       -0.11234883, -0.058545  , -0.0818791 , -0.06218822, -0.48690583,
       -0.20335413, -0.17717572,  0.31523303, -0.29258525, -0.05563081,
        0.17268265,  0.20447472,  0.17566248, -0.28197811, -0.37329726,
       -0.29470133,  0.31805008, -0.44571459,  0.41450006, -0.16427167,
       -0.34993911,  0.13558925,  0.48749892, -0.01512848,  0.15813636,
        0.08368754,  0.41213841, -0.05752257, -0.22197514, -0.03404296,
       -0.07492998, -0.22470398,  0.00190219,  0.05735047,  0.47560716,
       -0.16311418, -0.45743343, -0.01122174,  0.17057722,  0.22655882,
       -0.20886034,  0.48602296,  0.2001552 , -0.24150714]) 

Generation: 81 
 - Generation Avg Fit: 5143.169776085614 
 - Best Fitness: 5457.67038177223 
 - Worst Fitness: 4128.731027684103
 - Best Solution: array([-0.46244072,  0.08981384, -0.41868585, -0.25980988, -0.29274323,
       -0.0580887 ,  0.41630677,  0.40296644,  0.32348864, -0.04921044,
        0.25761495, -0.27430559,  0.36740393,  0.21316221,  0.16138424,
       -0.47692815,  0.16095084, -0.2296797 ,  0.07782871,  0.39779512,
       -0.11234883, -0.058545  , -0.0818791 , -0.06218822, -0.48690583,
       -0.20335413, -0.17717572,  0.31523303, -0.29258525, -0.05563081,
        0.17268265,  0.20447472,  0.17566248, -0.28197811, -0.37329726,
       -0.29470133,  0.31805008, -0.44571459,  0.41450006, -0.16427167,
       -0.34993911,  0.13558925,  0.48749892, -0.01512848,  0.15813636,
        0.08368754,  0.41213841, -0.05752257, -0.22197514, -0.03404296,
       -0.07492998, -0.22470398,  0.00190219,  0.05735047,  0.47560716,
       -0.16311418, -0.45743343, -0.01122174,  0.17057722,  0.22655882,
       -0.20886034,  0.48602296,  0.2001552 , -0.24150714]) 

Generation: 82 
 - Generation Avg Fit: 5135.242968537074 
 - Best Fitness: 5457.67038177223 
 - Worst Fitness: 3927.194695540253
 - Best Solution: array([-0.46244072,  0.08981384, -0.41868585, -0.25980988, -0.29274323,
       -0.0580887 ,  0.41630677,  0.40296644,  0.32348864, -0.04921044,
        0.25761495, -0.27430559,  0.36740393,  0.21316221,  0.16138424,
       -0.47692815,  0.16095084, -0.2296797 ,  0.07782871,  0.39779512,
       -0.11234883, -0.058545  , -0.0818791 , -0.06218822, -0.48690583,
       -0.20335413, -0.17717572,  0.31523303, -0.29258525, -0.05563081,
        0.17268265,  0.20447472,  0.17566248, -0.28197811, -0.37329726,
       -0.29470133,  0.31805008, -0.44571459,  0.41450006, -0.16427167,
       -0.34993911,  0.13558925,  0.48749892, -0.01512848,  0.15813636,
        0.08368754,  0.41213841, -0.05752257, -0.22197514, -0.03404296,
       -0.07492998, -0.22470398,  0.00190219,  0.05735047,  0.47560716,
       -0.16311418, -0.45743343, -0.01122174,  0.17057722,  0.22655882,
       -0.20886034,  0.48602296,  0.2001552 , -0.24150714]) 

Generation: 83 
 - Generation Avg Fit: 5136.148826624754 
 - Best Fitness: 5457.67038177223 
 - Worst Fitness: 4124.202960645971
 - Best Solution: array([-0.46244072,  0.08981384, -0.41868585, -0.25980988, -0.29274323,
       -0.0580887 ,  0.41630677,  0.40296644,  0.32348864, -0.04921044,
        0.25761495, -0.27430559,  0.36740393,  0.21316221,  0.16138424,
       -0.47692815,  0.16095084, -0.2296797 ,  0.07782871,  0.39779512,
       -0.11234883, -0.058545  , -0.0818791 , -0.06218822, -0.48690583,
       -0.20335413, -0.17717572,  0.31523303, -0.29258525, -0.05563081,
        0.17268265,  0.20447472,  0.17566248, -0.28197811, -0.37329726,
       -0.29470133,  0.31805008, -0.44571459,  0.41450006, -0.16427167,
       -0.34993911,  0.13558925,  0.48749892, -0.01512848,  0.15813636,
        0.08368754,  0.41213841, -0.05752257, -0.22197514, -0.03404296,
       -0.07492998, -0.22470398,  0.00190219,  0.05735047,  0.47560716,
       -0.16311418, -0.45743343, -0.01122174,  0.17057722,  0.22655882,
       -0.20886034,  0.48602296,  0.2001552 , -0.24150714]) 

Generation: 84 
 - Generation Avg Fit: 5116.186389407325 
 - Best Fitness: 5457.67038177223 
 - Worst Fitness: 4052.397580551268
 - Best Solution: array([-0.46244072,  0.08981384, -0.41868585, -0.25980988, -0.29274323,
       -0.0580887 ,  0.41630677,  0.40296644,  0.32348864, -0.04921044,
        0.25761495, -0.27430559,  0.36740393,  0.21316221,  0.16138424,
       -0.47692815,  0.16095084, -0.2296797 ,  0.07782871,  0.39779512,
       -0.11234883, -0.058545  , -0.0818791 , -0.06218822, -0.48690583,
       -0.20335413, -0.17717572,  0.31523303, -0.29258525, -0.05563081,
        0.17268265,  0.20447472,  0.17566248, -0.28197811, -0.37329726,
       -0.29470133,  0.31805008, -0.44571459,  0.41450006, -0.16427167,
       -0.34993911,  0.13558925,  0.48749892, -0.01512848,  0.15813636,
        0.08368754,  0.41213841, -0.05752257, -0.22197514, -0.03404296,
       -0.07492998, -0.22470398,  0.00190219,  0.05735047,  0.47560716,
       -0.16311418, -0.45743343, -0.01122174,  0.17057722,  0.22655882,
       -0.20886034,  0.48602296,  0.2001552 , -0.24150714]) 

Generation: 85 
 - Generation Avg Fit: 5121.978386879453 
 - Best Fitness: 5458.0742715705555 
 - Worst Fitness: 3844.6152006015027
 - Best Solution: array([-0.45476536,  0.09738223, -0.38588463, -0.26957117, -0.2719168 ,
       -0.05122832,  0.42218371,  0.3654926 ,  0.3145439 , -0.04837543,
        0.25823697, -0.2712607 ,  0.36217412,  0.20535043,  0.16138424,
       -0.46083191,  0.15405234, -0.22212324,  0.0331581 ,  0.38434613,
       -0.12192795, -0.07622435, -0.09146938, -0.07026443, -0.49065444,
       -0.20335413, -0.18172087,  0.31523303, -0.2941306 , -0.04836993,
        0.15773613,  0.20447472,  0.16277668, -0.28197811, -0.37329726,
       -0.30090131,  0.30434104, -0.45432337,  0.41097786, -0.17188333,
       -0.35125775,  0.16486603,  0.4785475 , -0.02341704,  0.17924063,
        0.0704167 ,  0.41038651, -0.04343704, -0.22330104, -0.03532748,
       -0.08123796, -0.22470398,  0.00088911,  0.09267755,  0.47560716,
       -0.15654756, -0.45440412, -0.00290096,  0.17057722,  0.22153571,
       -0.20886034,  0.48602296,  0.19993204, -0.2182282 ]) 

Generation: 86 
 - Generation Avg Fit: 5143.647436122742 
 - Best Fitness: 5458.0742715705555 
 - Worst Fitness: 4012.8456378137457
 - Best Solution: array([-0.46244072,  0.08981384, -0.41868585, -0.25980988, -0.29274323,
       -0.0580887 ,  0.41630677,  0.40296644,  0.32348864, -0.04921044,
        0.25761495, -0.27430559,  0.36740393,  0.21316221,  0.16138424,
       -0.47692815,  0.16095084, -0.2296797 ,  0.07782871,  0.39779512,
       -0.11234883, -0.058545  , -0.0818791 , -0.06218822, -0.48690583,
       -0.20335413, -0.17717572,  0.31523303, -0.29258525, -0.05563081,
        0.17268265,  0.20447472,  0.17566248, -0.28197811, -0.37329726,
       -0.29470133,  0.31805008, -0.44571459,  0.41450006, -0.16427167,
       -0.34993911,  0.13558925,  0.48749892, -0.01512848,  0.15813636,
        0.08368754,  0.41213841, -0.05752257, -0.22197514, -0.03404296,
       -0.07492998, -0.22470398,  0.00190219,  0.05735047,  0.47560716,
       -0.16311418, -0.45743343, -0.01122174,  0.17057722,  0.22655882,
       -0.20886034,  0.48602296,  0.2001552 , -0.24150714]) 

Generation: 87 
 - Generation Avg Fit: 5150.546534207944 
 - Best Fitness: 5458.0742715705555 
 - Worst Fitness: 4319.703853076809
 - Best Solution: array([-0.45476536,  0.09738223, -0.38588463, -0.26957117, -0.2719168 ,
       -0.05122832,  0.42218371,  0.3654926 ,  0.3145439 , -0.04837543,
        0.25823697, -0.2712607 ,  0.36217412,  0.20535043,  0.16138424,
       -0.46083191,  0.15405234, -0.22212324,  0.0331581 ,  0.38434613,
       -0.12192795, -0.07622435, -0.09146938, -0.07026443, -0.49065444,
       -0.20335413, -0.18172087,  0.31523303, -0.2941306 , -0.04836993,
        0.15773613,  0.20447472,  0.16277668, -0.28197811, -0.37329726,
       -0.30090131,  0.30434104, -0.45432337,  0.41097786, -0.17188333,
       -0.35125775,  0.16486603,  0.4785475 , -0.02341704,  0.17924063,
        0.0704167 ,  0.41038651, -0.04343704, -0.22330104, -0.03532748,
       -0.08123796, -0.22470398,  0.00088911,  0.09267755,  0.47560716,
       -0.15654756, -0.45440412, -0.00290096,  0.17057722,  0.22153571,
       -0.20886034,  0.48602296,  0.19993204, -0.2182282 ]) 

Generation: 88 
 - Generation Avg Fit: 5153.904725355372 
 - Best Fitness: 5458.0742715705555 
 - Worst Fitness: 4109.041415638806
 - Best Solution: array([-0.45476536,  0.09738223, -0.38588463, -0.26957117, -0.2719168 ,
       -0.05122832,  0.42218371,  0.3654926 ,  0.3145439 , -0.04837543,
        0.25823697, -0.2712607 ,  0.36217412,  0.20535043,  0.16138424,
       -0.46083191,  0.15405234, -0.22212324,  0.0331581 ,  0.38434613,
       -0.12192795, -0.07622435, -0.09146938, -0.07026443, -0.49065444,
       -0.20335413, -0.18172087,  0.31523303, -0.2941306 , -0.04836993,
        0.15773613,  0.20447472,  0.16277668, -0.28197811, -0.37329726,
       -0.30090131,  0.30434104, -0.45432337,  0.41097786, -0.17188333,
       -0.35125775,  0.16486603,  0.4785475 , -0.02341704,  0.17924063,
        0.0704167 ,  0.41038651, -0.04343704, -0.22330104, -0.03532748,
       -0.08123796, -0.22470398,  0.00088911,  0.09267755,  0.47560716,
       -0.15654756, -0.45440412, -0.00290096,  0.17057722,  0.22153571,
       -0.20886034,  0.48602296,  0.19993204, -0.2182282 ]) 

Generation: 89 
 - Generation Avg Fit: 5150.220388664768 
 - Best Fitness: 5458.0742715705555 
 - Worst Fitness: 3935.2583214124843
 - Best Solution: array([-0.45476536,  0.09738223, -0.38588463, -0.26957117, -0.2719168 ,
       -0.05122832,  0.42218371,  0.3654926 ,  0.3145439 , -0.04837543,
        0.25823697, -0.2712607 ,  0.36217412,  0.20535043,  0.16138424,
       -0.46083191,  0.15405234, -0.22212324,  0.0331581 ,  0.38434613,
       -0.12192795, -0.07622435, -0.09146938, -0.07026443, -0.49065444,
       -0.20335413, -0.18172087,  0.31523303, -0.2941306 , -0.04836993,
        0.15773613,  0.20447472,  0.16277668, -0.28197811, -0.37329726,
       -0.30090131,  0.30434104, -0.45432337,  0.41097786, -0.17188333,
       -0.35125775,  0.16486603,  0.4785475 , -0.02341704,  0.17924063,
        0.0704167 ,  0.41038651, -0.04343704, -0.22330104, -0.03532748,
       -0.08123796, -0.22470398,  0.00088911,  0.09267755,  0.47560716,
       -0.15654756, -0.45440412, -0.00290096,  0.17057722,  0.22153571,
       -0.20886034,  0.48602296,  0.19993204, -0.2182282 ]) 

Generation: 90 
 - Generation Avg Fit: 5144.716660649749 
 - Best Fitness: 5458.0742715705555 
 - Worst Fitness: 3851.620816531946
 - Best Solution: array([-0.45476536,  0.09738223, -0.38588463, -0.26957117, -0.2719168 ,
       -0.05122832,  0.42218371,  0.3654926 ,  0.3145439 , -0.04837543,
        0.25823697, -0.2712607 ,  0.36217412,  0.20535043,  0.16138424,
       -0.46083191,  0.15405234, -0.22212324,  0.0331581 ,  0.38434613,
       -0.12192795, -0.07622435, -0.09146938, -0.07026443, -0.49065444,
       -0.20335413, -0.18172087,  0.31523303, -0.2941306 , -0.04836993,
        0.15773613,  0.20447472,  0.16277668, -0.28197811, -0.37329726,
       -0.30090131,  0.30434104, -0.45432337,  0.41097786, -0.17188333,
       -0.35125775,  0.16486603,  0.4785475 , -0.02341704,  0.17924063,
        0.0704167 ,  0.41038651, -0.04343704, -0.22330104, -0.03532748,
       -0.08123796, -0.22470398,  0.00088911,  0.09267755,  0.47560716,
       -0.15654756, -0.45440412, -0.00290096,  0.17057722,  0.22153571,
       -0.20886034,  0.48602296,  0.19993204, -0.2182282 ]) 

Generation: 91 
 - Generation Avg Fit: 5160.135238830586 
 - Best Fitness: 5458.0742715705555 
 - Worst Fitness: 4407.368519505103
 - Best Solution: array([-0.45476536,  0.09738223, -0.38588463, -0.26957117, -0.2719168 ,
       -0.05122832,  0.42218371,  0.3654926 ,  0.3145439 , -0.04837543,
        0.25823697, -0.2712607 ,  0.36217412,  0.20535043,  0.16138424,
       -0.46083191,  0.15405234, -0.22212324,  0.0331581 ,  0.38434613,
       -0.12192795, -0.07622435, -0.09146938, -0.07026443, -0.49065444,
       -0.20335413, -0.18172087,  0.31523303, -0.2941306 , -0.04836993,
        0.15773613,  0.20447472,  0.16277668, -0.28197811, -0.37329726,
       -0.30090131,  0.30434104, -0.45432337,  0.41097786, -0.17188333,
       -0.35125775,  0.16486603,  0.4785475 , -0.02341704,  0.17924063,
        0.0704167 ,  0.41038651, -0.04343704, -0.22330104, -0.03532748,
       -0.08123796, -0.22470398,  0.00088911,  0.09267755,  0.47560716,
       -0.15654756, -0.45440412, -0.00290096,  0.17057722,  0.22153571,
       -0.20886034,  0.48602296,  0.19993204, -0.2182282 ]) 

Generation: 92 
 - Generation Avg Fit: 5145.310607630985 
 - Best Fitness: 5458.0742715705555 
 - Worst Fitness: 3954.2310831520845
 - Best Solution: array([-0.45476536,  0.09738223, -0.38588463, -0.26957117, -0.2719168 ,
       -0.05122832,  0.42218371,  0.3654926 ,  0.3145439 , -0.04837543,
        0.25823697, -0.2712607 ,  0.36217412,  0.20535043,  0.16138424,
       -0.46083191,  0.15405234, -0.22212324,  0.0331581 ,  0.38434613,
       -0.12192795, -0.07622435, -0.09146938, -0.07026443, -0.49065444,
       -0.20335413, -0.18172087,  0.31523303, -0.2941306 , -0.04836993,
        0.15773613,  0.20447472,  0.16277668, -0.28197811, -0.37329726,
       -0.30090131,  0.30434104, -0.45432337,  0.41097786, -0.17188333,
       -0.35125775,  0.16486603,  0.4785475 , -0.02341704,  0.17924063,
        0.0704167 ,  0.41038651, -0.04343704, -0.22330104, -0.03532748,
       -0.08123796, -0.22470398,  0.00088911,  0.09267755,  0.47560716,
       -0.15654756, -0.45440412, -0.00290096,  0.17057722,  0.22153571,
       -0.20886034,  0.48602296,  0.19993204, -0.2182282 ]) 

Generation: 93 
 - Generation Avg Fit: 5163.538536981297 
 - Best Fitness: 5458.0742715705555 
 - Worst Fitness: 4321.504218817896
 - Best Solution: array([-0.45476536,  0.09738223, -0.38588463, -0.26957117, -0.2719168 ,
       -0.05122832,  0.42218371,  0.3654926 ,  0.3145439 , -0.04837543,
        0.25823697, -0.2712607 ,  0.36217412,  0.20535043,  0.16138424,
       -0.46083191,  0.15405234, -0.22212324,  0.0331581 ,  0.38434613,
       -0.12192795, -0.07622435, -0.09146938, -0.07026443, -0.49065444,
       -0.20335413, -0.18172087,  0.31523303, -0.2941306 , -0.04836993,
        0.15773613,  0.20447472,  0.16277668, -0.28197811, -0.37329726,
       -0.30090131,  0.30434104, -0.45432337,  0.41097786, -0.17188333,
       -0.35125775,  0.16486603,  0.4785475 , -0.02341704,  0.17924063,
        0.0704167 ,  0.41038651, -0.04343704, -0.22330104, -0.03532748,
       -0.08123796, -0.22470398,  0.00088911,  0.09267755,  0.47560716,
       -0.15654756, -0.45440412, -0.00290096,  0.17057722,  0.22153571,
       -0.20886034,  0.48602296,  0.19993204, -0.2182282 ]) 

Generation: 94 
 - Generation Avg Fit: 5157.879220397678 
 - Best Fitness: 5458.0742715705555 
 - Worst Fitness: 3797.199595407862
 - Best Solution: array([-0.45476536,  0.09738223, -0.38588463, -0.26957117, -0.2719168 ,
       -0.05122832,  0.42218371,  0.3654926 ,  0.3145439 , -0.04837543,
        0.25823697, -0.2712607 ,  0.36217412,  0.20535043,  0.16138424,
       -0.46083191,  0.15405234, -0.22212324,  0.0331581 ,  0.38434613,
       -0.12192795, -0.07622435, -0.09146938, -0.07026443, -0.49065444,
       -0.20335413, -0.18172087,  0.31523303, -0.2941306 , -0.04836993,
        0.15773613,  0.20447472,  0.16277668, -0.28197811, -0.37329726,
       -0.30090131,  0.30434104, -0.45432337,  0.41097786, -0.17188333,
       -0.35125775,  0.16486603,  0.4785475 , -0.02341704,  0.17924063,
        0.0704167 ,  0.41038651, -0.04343704, -0.22330104, -0.03532748,
       -0.08123796, -0.22470398,  0.00088911,  0.09267755,  0.47560716,
       -0.15654756, -0.45440412, -0.00290096,  0.17057722,  0.22153571,
       -0.20886034,  0.48602296,  0.19993204, -0.2182282 ]) 

Generation: 95 
 - Generation Avg Fit: 5152.964290706724 
 - Best Fitness: 5458.0742715705555 
 - Worst Fitness: 4276.663657282835
 - Best Solution: array([-0.45476536,  0.09738223, -0.38588463, -0.26957117, -0.2719168 ,
       -0.05122832,  0.42218371,  0.3654926 ,  0.3145439 , -0.04837543,
        0.25823697, -0.2712607 ,  0.36217412,  0.20535043,  0.16138424,
       -0.46083191,  0.15405234, -0.22212324,  0.0331581 ,  0.38434613,
       -0.12192795, -0.07622435, -0.09146938, -0.07026443, -0.49065444,
       -0.20335413, -0.18172087,  0.31523303, -0.2941306 , -0.04836993,
        0.15773613,  0.20447472,  0.16277668, -0.28197811, -0.37329726,
       -0.30090131,  0.30434104, -0.45432337,  0.41097786, -0.17188333,
       -0.35125775,  0.16486603,  0.4785475 , -0.02341704,  0.17924063,
        0.0704167 ,  0.41038651, -0.04343704, -0.22330104, -0.03532748,
       -0.08123796, -0.22470398,  0.00088911,  0.09267755,  0.47560716,
       -0.15654756, -0.45440412, -0.00290096,  0.17057722,  0.22153571,
       -0.20886034,  0.48602296,  0.19993204, -0.2182282 ]) 

Generation: 96 
 - Generation Avg Fit: 5165.900761600165 
 - Best Fitness: 5488.61322074303 
 - Worst Fitness: 4142.64649066439
 - Best Solution: array([-0.47019713,  0.09205869, -0.41649732, -0.25120016, -0.29274323,
       -0.03467062,  0.41630677,  0.35211368,  0.32201499, -0.05619448,
        0.25761495, -0.2598417 ,  0.3754231 ,  0.28500195,  0.16138424,
       -0.47692815,  0.14936196, -0.22212324,  0.04059039,  0.39824066,
       -0.11838098, -0.07345415, -0.04457619, -0.05492047, -0.49565473,
       -0.20456588, -0.17479776,  0.31523303, -0.28314404, -0.04758536,
        0.15773613,  0.20447472,  0.16123063, -0.26074137, -0.36536968,
       -0.30175767,  0.31240807, -0.45432337,  0.41365814, -0.1586414 ,
       -0.33907444,  0.13558925,  0.4784269 , -0.01230382,  0.15813636,
        0.0704167 ,  0.42274403, -0.03939191, -0.227735  , -0.03404296,
       -0.07842693, -0.22470398, -0.00795791,  0.08499944,  0.48754317,
       -0.16311418, -0.45743343, -0.01122174,  0.17995252,  0.22541487,
       -0.21978382,  0.47898069,  0.19880351, -0.21969673]) 

Generation: 97 
 - Generation Avg Fit: 5167.421715593569 
 - Best Fitness: 5527.275253843607 
 - Worst Fitness: 3960.201806003745
 - Best Solution: array([-0.46284583,  0.0790752 , -0.36204243, -0.26204963, -0.28677404,
       -0.05699936,  0.41630677,  0.39527496,  0.31194494, -0.0489222 ,
        0.25158874, -0.25011177,  0.36290237,  0.29612468,  0.16110912,
       -0.47773579,  0.1266109 , -0.22901694,  0.0075385 ,  0.39988816,
       -0.10663378, -0.06291758, -0.07882225, -0.06056211, -0.48126909,
       -0.1973617 , -0.16857703,  0.30691382, -0.28167664, -0.06211343,
        0.17161224,  0.17782514,  0.18841028, -0.27101108, -0.35858038,
       -0.29696895,  0.31011601, -0.43962838,  0.38123933, -0.20335061,
       -0.34543497,  0.13412268,  0.49379981, -0.01695659,  0.19143346,
        0.07931275,  0.42972059, -0.05589577, -0.2304734 , -0.00611335,
       -0.09775928, -0.21806261, -0.01144955,  0.06144824,  0.49176923,
       -0.16311418, -0.45347595, -0.00724249,  0.1964481 ,  0.22059839,
       -0.19981487,  0.48602296,  0.20510606, -0.23974496]) 

Generation: 98 
 - Generation Avg Fit: 5162.45686375947 
 - Best Fitness: 5527.275253843607 
 - Worst Fitness: 3477.303713070216
 - Best Solution: array([-0.47019713,  0.09205869, -0.41649732, -0.25120016, -0.29274323,
       -0.03467062,  0.41630677,  0.35211368,  0.32201499, -0.05619448,
        0.25761495, -0.2598417 ,  0.3754231 ,  0.28500195,  0.16138424,
       -0.47692815,  0.14936196, -0.22212324,  0.04059039,  0.39824066,
       -0.11838098, -0.07345415, -0.04457619, -0.05492047, -0.49565473,
       -0.20456588, -0.17479776,  0.31523303, -0.28314404, -0.04758536,
        0.15773613,  0.20447472,  0.16123063, -0.26074137, -0.36536968,
       -0.30175767,  0.31240807, -0.45432337,  0.41365814, -0.1586414 ,
       -0.33907444,  0.13558925,  0.4784269 , -0.01230382,  0.15813636,
        0.0704167 ,  0.42274403, -0.03939191, -0.227735  , -0.03404296,
       -0.07842693, -0.22470398, -0.00795791,  0.08499944,  0.48754317,
       -0.16311418, -0.45743343, -0.01122174,  0.17995252,  0.22541487,
       -0.21978382,  0.47898069,  0.19880351, -0.21969673]) 

Generation: 99 
 - Generation Avg Fit: 5159.237837242959 
 - Best Fitness: 5527.275253843607 
 - Worst Fitness: 4086.5330898433162
 - Best Solution: array([-0.46284583,  0.0790752 , -0.36204243, -0.26204963, -0.28677404,
       -0.05699936,  0.41630677,  0.39527496,  0.31194494, -0.0489222 ,
        0.25158874, -0.25011177,  0.36290237,  0.29612468,  0.16110912,
       -0.47773579,  0.1266109 , -0.22901694,  0.0075385 ,  0.39988816,
       -0.10663378, -0.06291758, -0.07882225, -0.06056211, -0.48126909,
       -0.1973617 , -0.16857703,  0.30691382, -0.28167664, -0.06211343,
        0.17161224,  0.17782514,  0.18841028, -0.27101108, -0.35858038,
       -0.29696895,  0.31011601, -0.43962838,  0.38123933, -0.20335061,
       -0.34543497,  0.13412268,  0.49379981, -0.01695659,  0.19143346,
        0.07931275,  0.42972059, -0.05589577, -0.2304734 , -0.00611335,
       -0.09775928, -0.21806261, -0.01144955,  0.06144824,  0.49176923,
       -0.16311418, -0.45347595, -0.00724249,  0.1964481 ,  0.22059839,
       -0.19981487,  0.48602296,  0.20510606, -0.23974496]) 

Generation: 100 
 - Generation Avg Fit: 5199.552563355272 
 - Best Fitness: 5527.275253843607 
 - Worst Fitness: 4235.999538256358
 - Best Solution: array([-0.46284583,  0.0790752 , -0.36204243, -0.26204963, -0.28677404,
       -0.05699936,  0.41630677,  0.39527496,  0.31194494, -0.0489222 ,
        0.25158874, -0.25011177,  0.36290237,  0.29612468,  0.16110912,
       -0.47773579,  0.1266109 , -0.22901694,  0.0075385 ,  0.39988816,
       -0.10663378, -0.06291758, -0.07882225, -0.06056211, -0.48126909,
       -0.1973617 , -0.16857703,  0.30691382, -0.28167664, -0.06211343,
        0.17161224,  0.17782514,  0.18841028, -0.27101108, -0.35858038,
       -0.29696895,  0.31011601, -0.43962838,  0.38123933, -0.20335061,
       -0.34543497,  0.13412268,  0.49379981, -0.01695659,  0.19143346,
        0.07931275,  0.42972059, -0.05589577, -0.2304734 , -0.00611335,
       -0.09775928, -0.21806261, -0.01144955,  0.06144824,  0.49176923,
       -0.16311418, -0.45347595, -0.00724249,  0.1964481 ,  0.22059839,
       -0.19981487,  0.48602296,  0.20510606, -0.23974496]) 

Generation: 101 
 - Generation Avg Fit: 5199.423394955383 
 - Best Fitness: 5527.275253843607 
 - Worst Fitness: 4357.606169807585
 - Best Solution: array([-0.46284583,  0.0790752 , -0.36204243, -0.26204963, -0.28677404,
       -0.05699936,  0.41630677,  0.39527496,  0.31194494, -0.0489222 ,
        0.25158874, -0.25011177,  0.36290237,  0.29612468,  0.16110912,
       -0.47773579,  0.1266109 , -0.22901694,  0.0075385 ,  0.39988816,
       -0.10663378, -0.06291758, -0.07882225, -0.06056211, -0.48126909,
       -0.1973617 , -0.16857703,  0.30691382, -0.28167664, -0.06211343,
        0.17161224,  0.17782514,  0.18841028, -0.27101108, -0.35858038,
       -0.29696895,  0.31011601, -0.43962838,  0.38123933, -0.20335061,
       -0.34543497,  0.13412268,  0.49379981, -0.01695659,  0.19143346,
        0.07931275,  0.42972059, -0.05589577, -0.2304734 , -0.00611335,
       -0.09775928, -0.21806261, -0.01144955,  0.06144824,  0.49176923,
       -0.16311418, -0.45347595, -0.00724249,  0.1964481 ,  0.22059839,
       -0.19981487,  0.48602296,  0.20510606, -0.23974496]) 

Generation: 102 
 - Generation Avg Fit: 5154.923795242884 
 - Best Fitness: 5527.275253843607 
 - Worst Fitness: 3802.2013731670745
 - Best Solution: array([-0.46284583,  0.0790752 , -0.36204243, -0.26204963, -0.28677404,
       -0.05699936,  0.41630677,  0.39527496,  0.31194494, -0.0489222 ,
        0.25158874, -0.25011177,  0.36290237,  0.29612468,  0.16110912,
       -0.47773579,  0.1266109 , -0.22901694,  0.0075385 ,  0.39988816,
       -0.10663378, -0.06291758, -0.07882225, -0.06056211, -0.48126909,
       -0.1973617 , -0.16857703,  0.30691382, -0.28167664, -0.06211343,
        0.17161224,  0.17782514,  0.18841028, -0.27101108, -0.35858038,
       -0.29696895,  0.31011601, -0.43962838,  0.38123933, -0.20335061,
       -0.34543497,  0.13412268,  0.49379981, -0.01695659,  0.19143346,
        0.07931275,  0.42972059, -0.05589577, -0.2304734 , -0.00611335,
       -0.09775928, -0.21806261, -0.01144955,  0.06144824,  0.49176923,
       -0.16311418, -0.45347595, -0.00724249,  0.1964481 ,  0.22059839,
       -0.19981487,  0.48602296,  0.20510606, -0.23974496]) 

Generation: 103 
 - Generation Avg Fit: 5195.107021784532 
 - Best Fitness: 5527.275253843607 
 - Worst Fitness: 4124.353600602384
 - Best Solution: array([-0.46284583,  0.0790752 , -0.36204243, -0.26204963, -0.28677404,
       -0.05699936,  0.41630677,  0.39527496,  0.31194494, -0.0489222 ,
        0.25158874, -0.25011177,  0.36290237,  0.29612468,  0.16110912,
       -0.47773579,  0.1266109 , -0.22901694,  0.0075385 ,  0.39988816,
       -0.10663378, -0.06291758, -0.07882225, -0.06056211, -0.48126909,
       -0.1973617 , -0.16857703,  0.30691382, -0.28167664, -0.06211343,
        0.17161224,  0.17782514,  0.18841028, -0.27101108, -0.35858038,
       -0.29696895,  0.31011601, -0.43962838,  0.38123933, -0.20335061,
       -0.34543497,  0.13412268,  0.49379981, -0.01695659,  0.19143346,
        0.07931275,  0.42972059, -0.05589577, -0.2304734 , -0.00611335,
       -0.09775928, -0.21806261, -0.01144955,  0.06144824,  0.49176923,
       -0.16311418, -0.45347595, -0.00724249,  0.1964481 ,  0.22059839,
       -0.19981487,  0.48602296,  0.20510606, -0.23974496]) 

Generation: 104 
 - Generation Avg Fit: 5162.084820569604 
 - Best Fitness: 5527.275253843607 
 - Worst Fitness: 3609.588143615975
 - Best Solution: array([-0.46284583,  0.0790752 , -0.36204243, -0.26204963, -0.28677404,
       -0.05699936,  0.41630677,  0.39527496,  0.31194494, -0.0489222 ,
        0.25158874, -0.25011177,  0.36290237,  0.29612468,  0.16110912,
       -0.47773579,  0.1266109 , -0.22901694,  0.0075385 ,  0.39988816,
       -0.10663378, -0.06291758, -0.07882225, -0.06056211, -0.48126909,
       -0.1973617 , -0.16857703,  0.30691382, -0.28167664, -0.06211343,
        0.17161224,  0.17782514,  0.18841028, -0.27101108, -0.35858038,
       -0.29696895,  0.31011601, -0.43962838,  0.38123933, -0.20335061,
       -0.34543497,  0.13412268,  0.49379981, -0.01695659,  0.19143346,
        0.07931275,  0.42972059, -0.05589577, -0.2304734 , -0.00611335,
       -0.09775928, -0.21806261, -0.01144955,  0.06144824,  0.49176923,
       -0.16311418, -0.45347595, -0.00724249,  0.1964481 ,  0.22059839,
       -0.19981487,  0.48602296,  0.20510606, -0.23974496]) 

Generation: 105 
 - Generation Avg Fit: 5213.905157945618 
 - Best Fitness: 5527.275253843607 
 - Worst Fitness: 4279.228554129945
 - Best Solution: array([-0.46284583,  0.0790752 , -0.36204243, -0.26204963, -0.28677404,
       -0.05699936,  0.41630677,  0.39527496,  0.31194494, -0.0489222 ,
        0.25158874, -0.25011177,  0.36290237,  0.29612468,  0.16110912,
       -0.47773579,  0.1266109 , -0.22901694,  0.0075385 ,  0.39988816,
       -0.10663378, -0.06291758, -0.07882225, -0.06056211, -0.48126909,
       -0.1973617 , -0.16857703,  0.30691382, -0.28167664, -0.06211343,
        0.17161224,  0.17782514,  0.18841028, -0.27101108, -0.35858038,
       -0.29696895,  0.31011601, -0.43962838,  0.38123933, -0.20335061,
       -0.34543497,  0.13412268,  0.49379981, -0.01695659,  0.19143346,
        0.07931275,  0.42972059, -0.05589577, -0.2304734 , -0.00611335,
       -0.09775928, -0.21806261, -0.01144955,  0.06144824,  0.49176923,
       -0.16311418, -0.45347595, -0.00724249,  0.1964481 ,  0.22059839,
       -0.19981487,  0.48602296,  0.20510606, -0.23974496]) 

Generation: 106 
 - Generation Avg Fit: 5173.436928125839 
 - Best Fitness: 5527.275253843607 
 - Worst Fitness: 3862.9809906230525
 - Best Solution: array([-0.46284583,  0.0790752 , -0.36204243, -0.26204963, -0.28677404,
       -0.05699936,  0.41630677,  0.39527496,  0.31194494, -0.0489222 ,
        0.25158874, -0.25011177,  0.36290237,  0.29612468,  0.16110912,
       -0.47773579,  0.1266109 , -0.22901694,  0.0075385 ,  0.39988816,
       -0.10663378, -0.06291758, -0.07882225, -0.06056211, -0.48126909,
       -0.1973617 , -0.16857703,  0.30691382, -0.28167664, -0.06211343,
        0.17161224,  0.17782514,  0.18841028, -0.27101108, -0.35858038,
       -0.29696895,  0.31011601, -0.43962838,  0.38123933, -0.20335061,
       -0.34543497,  0.13412268,  0.49379981, -0.01695659,  0.19143346,
        0.07931275,  0.42972059, -0.05589577, -0.2304734 , -0.00611335,
       -0.09775928, -0.21806261, -0.01144955,  0.06144824,  0.49176923,
       -0.16311418, -0.45347595, -0.00724249,  0.1964481 ,  0.22059839,
       -0.19981487,  0.48602296,  0.20510606, -0.23974496]) 

Generation: 107 
 - Generation Avg Fit: 5196.969047694155 
 - Best Fitness: 5527.275253843607 
 - Worst Fitness: 3988.544436298375
 - Best Solution: array([-0.46284583,  0.0790752 , -0.36204243, -0.26204963, -0.28677404,
       -0.05699936,  0.41630677,  0.39527496,  0.31194494, -0.0489222 ,
        0.25158874, -0.25011177,  0.36290237,  0.29612468,  0.16110912,
       -0.47773579,  0.1266109 , -0.22901694,  0.0075385 ,  0.39988816,
       -0.10663378, -0.06291758, -0.07882225, -0.06056211, -0.48126909,
       -0.1973617 , -0.16857703,  0.30691382, -0.28167664, -0.06211343,
        0.17161224,  0.17782514,  0.18841028, -0.27101108, -0.35858038,
       -0.29696895,  0.31011601, -0.43962838,  0.38123933, -0.20335061,
       -0.34543497,  0.13412268,  0.49379981, -0.01695659,  0.19143346,
        0.07931275,  0.42972059, -0.05589577, -0.2304734 , -0.00611335,
       -0.09775928, -0.21806261, -0.01144955,  0.06144824,  0.49176923,
       -0.16311418, -0.45347595, -0.00724249,  0.1964481 ,  0.22059839,
       -0.19981487,  0.48602296,  0.20510606, -0.23974496]) 

Generation: 108 
 - Generation Avg Fit: 5226.489322212283 
 - Best Fitness: 5527.275253843607 
 - Worst Fitness: 3774.4435780745457
 - Best Solution: array([-0.46284583,  0.0790752 , -0.36204243, -0.26204963, -0.28677404,
       -0.05699936,  0.41630677,  0.39527496,  0.31194494, -0.0489222 ,
        0.25158874, -0.25011177,  0.36290237,  0.29612468,  0.16110912,
       -0.47773579,  0.1266109 , -0.22901694,  0.0075385 ,  0.39988816,
       -0.10663378, -0.06291758, -0.07882225, -0.06056211, -0.48126909,
       -0.1973617 , -0.16857703,  0.30691382, -0.28167664, -0.06211343,
        0.17161224,  0.17782514,  0.18841028, -0.27101108, -0.35858038,
       -0.29696895,  0.31011601, -0.43962838,  0.38123933, -0.20335061,
       -0.34543497,  0.13412268,  0.49379981, -0.01695659,  0.19143346,
        0.07931275,  0.42972059, -0.05589577, -0.2304734 , -0.00611335,
       -0.09775928, -0.21806261, -0.01144955,  0.06144824,  0.49176923,
       -0.16311418, -0.45347595, -0.00724249,  0.1964481 ,  0.22059839,
       -0.19981487,  0.48602296,  0.20510606, -0.23974496]) 

Generation: 109 
 - Generation Avg Fit: 5182.549591696855 
 - Best Fitness: 5527.275253843607 
 - Worst Fitness: 3861.3944619331032
 - Best Solution: array([-0.46284583,  0.0790752 , -0.36204243, -0.26204963, -0.28677404,
       -0.05699936,  0.41630677,  0.39527496,  0.31194494, -0.0489222 ,
        0.25158874, -0.25011177,  0.36290237,  0.29612468,  0.16110912,
       -0.47773579,  0.1266109 , -0.22901694,  0.0075385 ,  0.39988816,
       -0.10663378, -0.06291758, -0.07882225, -0.06056211, -0.48126909,
       -0.1973617 , -0.16857703,  0.30691382, -0.28167664, -0.06211343,
        0.17161224,  0.17782514,  0.18841028, -0.27101108, -0.35858038,
       -0.29696895,  0.31011601, -0.43962838,  0.38123933, -0.20335061,
       -0.34543497,  0.13412268,  0.49379981, -0.01695659,  0.19143346,
        0.07931275,  0.42972059, -0.05589577, -0.2304734 , -0.00611335,
       -0.09775928, -0.21806261, -0.01144955,  0.06144824,  0.49176923,
       -0.16311418, -0.45347595, -0.00724249,  0.1964481 ,  0.22059839,
       -0.19981487,  0.48602296,  0.20510606, -0.23974496]) 

Generation: 110 
 - Generation Avg Fit: 5205.215957441209 
 - Best Fitness: 5527.275253843607 
 - Worst Fitness: 4436.347000114316
 - Best Solution: array([-0.46284583,  0.0790752 , -0.36204243, -0.26204963, -0.28677404,
       -0.05699936,  0.41630677,  0.39527496,  0.31194494, -0.0489222 ,
        0.25158874, -0.25011177,  0.36290237,  0.29612468,  0.16110912,
       -0.47773579,  0.1266109 , -0.22901694,  0.0075385 ,  0.39988816,
       -0.10663378, -0.06291758, -0.07882225, -0.06056211, -0.48126909,
       -0.1973617 , -0.16857703,  0.30691382, -0.28167664, -0.06211343,
        0.17161224,  0.17782514,  0.18841028, -0.27101108, -0.35858038,
       -0.29696895,  0.31011601, -0.43962838,  0.38123933, -0.20335061,
       -0.34543497,  0.13412268,  0.49379981, -0.01695659,  0.19143346,
        0.07931275,  0.42972059, -0.05589577, -0.2304734 , -0.00611335,
       -0.09775928, -0.21806261, -0.01144955,  0.06144824,  0.49176923,
       -0.16311418, -0.45347595, -0.00724249,  0.1964481 ,  0.22059839,
       -0.19981487,  0.48602296,  0.20510606, -0.23974496]) 

Generation: 111 
 - Generation Avg Fit: 5221.000357433934 
 - Best Fitness: 5527.275253843607 
 - Worst Fitness: 4136.68521832417
 - Best Solution: array([-0.46284583,  0.0790752 , -0.36204243, -0.26204963, -0.28677404,
       -0.05699936,  0.41630677,  0.39527496,  0.31194494, -0.0489222 ,
        0.25158874, -0.25011177,  0.36290237,  0.29612468,  0.16110912,
       -0.47773579,  0.1266109 , -0.22901694,  0.0075385 ,  0.39988816,
       -0.10663378, -0.06291758, -0.07882225, -0.06056211, -0.48126909,
       -0.1973617 , -0.16857703,  0.30691382, -0.28167664, -0.06211343,
        0.17161224,  0.17782514,  0.18841028, -0.27101108, -0.35858038,
       -0.29696895,  0.31011601, -0.43962838,  0.38123933, -0.20335061,
       -0.34543497,  0.13412268,  0.49379981, -0.01695659,  0.19143346,
        0.07931275,  0.42972059, -0.05589577, -0.2304734 , -0.00611335,
       -0.09775928, -0.21806261, -0.01144955,  0.06144824,  0.49176923,
       -0.16311418, -0.45347595, -0.00724249,  0.1964481 ,  0.22059839,
       -0.19981487,  0.48602296,  0.20510606, -0.23974496]) 

Generation: 112 
 - Generation Avg Fit: 5203.135731188074 
 - Best Fitness: 5527.275253843607 
 - Worst Fitness: 3728.2063682692615
 - Best Solution: array([-0.46284583,  0.0790752 , -0.36204243, -0.26204963, -0.28677404,
       -0.05699936,  0.41630677,  0.39527496,  0.31194494, -0.0489222 ,
        0.25158874, -0.25011177,  0.36290237,  0.29612468,  0.16110912,
       -0.47773579,  0.1266109 , -0.22901694,  0.0075385 ,  0.39988816,
       -0.10663378, -0.06291758, -0.07882225, -0.06056211, -0.48126909,
       -0.1973617 , -0.16857703,  0.30691382, -0.28167664, -0.06211343,
        0.17161224,  0.17782514,  0.18841028, -0.27101108, -0.35858038,
       -0.29696895,  0.31011601, -0.43962838,  0.38123933, -0.20335061,
       -0.34543497,  0.13412268,  0.49379981, -0.01695659,  0.19143346,
        0.07931275,  0.42972059, -0.05589577, -0.2304734 , -0.00611335,
       -0.09775928, -0.21806261, -0.01144955,  0.06144824,  0.49176923,
       -0.16311418, -0.45347595, -0.00724249,  0.1964481 ,  0.22059839,
       -0.19981487,  0.48602296,  0.20510606, -0.23974496]) 

Generation: 113 
 - Generation Avg Fit: 5203.463867797946 
 - Best Fitness: 5527.275253843607 
 - Worst Fitness: 4148.231147190746
 - Best Solution: array([-0.46284583,  0.0790752 , -0.36204243, -0.26204963, -0.28677404,
       -0.05699936,  0.41630677,  0.39527496,  0.31194494, -0.0489222 ,
        0.25158874, -0.25011177,  0.36290237,  0.29612468,  0.16110912,
       -0.47773579,  0.1266109 , -0.22901694,  0.0075385 ,  0.39988816,
       -0.10663378, -0.06291758, -0.07882225, -0.06056211, -0.48126909,
       -0.1973617 , -0.16857703,  0.30691382, -0.28167664, -0.06211343,
        0.17161224,  0.17782514,  0.18841028, -0.27101108, -0.35858038,
       -0.29696895,  0.31011601, -0.43962838,  0.38123933, -0.20335061,
       -0.34543497,  0.13412268,  0.49379981, -0.01695659,  0.19143346,
        0.07931275,  0.42972059, -0.05589577, -0.2304734 , -0.00611335,
       -0.09775928, -0.21806261, -0.01144955,  0.06144824,  0.49176923,
       -0.16311418, -0.45347595, -0.00724249,  0.1964481 ,  0.22059839,
       -0.19981487,  0.48602296,  0.20510606, -0.23974496]) 

Generation: 114 
 - Generation Avg Fit: 5229.189996445592 
 - Best Fitness: 5527.275253843607 
 - Worst Fitness: 4221.4717260104535
 - Best Solution: array([-0.46284583,  0.0790752 , -0.36204243, -0.26204963, -0.28677404,
       -0.05699936,  0.41630677,  0.39527496,  0.31194494, -0.0489222 ,
        0.25158874, -0.25011177,  0.36290237,  0.29612468,  0.16110912,
       -0.47773579,  0.1266109 , -0.22901694,  0.0075385 ,  0.39988816,
       -0.10663378, -0.06291758, -0.07882225, -0.06056211, -0.48126909,
       -0.1973617 , -0.16857703,  0.30691382, -0.28167664, -0.06211343,
        0.17161224,  0.17782514,  0.18841028, -0.27101108, -0.35858038,
       -0.29696895,  0.31011601, -0.43962838,  0.38123933, -0.20335061,
       -0.34543497,  0.13412268,  0.49379981, -0.01695659,  0.19143346,
        0.07931275,  0.42972059, -0.05589577, -0.2304734 , -0.00611335,
       -0.09775928, -0.21806261, -0.01144955,  0.06144824,  0.49176923,
       -0.16311418, -0.45347595, -0.00724249,  0.1964481 ,  0.22059839,
       -0.19981487,  0.48602296,  0.20510606, -0.23974496]) 

Generation: 115 
 - Generation Avg Fit: 5218.908174091291 
 - Best Fitness: 5527.275253843607 
 - Worst Fitness: 4395.510437151229
 - Best Solution: array([-0.46284583,  0.0790752 , -0.36204243, -0.26204963, -0.28677404,
       -0.05699936,  0.41630677,  0.39527496,  0.31194494, -0.0489222 ,
        0.25158874, -0.25011177,  0.36290237,  0.29612468,  0.16110912,
       -0.47773579,  0.1266109 , -0.22901694,  0.0075385 ,  0.39988816,
       -0.10663378, -0.06291758, -0.07882225, -0.06056211, -0.48126909,
       -0.1973617 , -0.16857703,  0.30691382, -0.28167664, -0.06211343,
        0.17161224,  0.17782514,  0.18841028, -0.27101108, -0.35858038,
       -0.29696895,  0.31011601, -0.43962838,  0.38123933, -0.20335061,
       -0.34543497,  0.13412268,  0.49379981, -0.01695659,  0.19143346,
        0.07931275,  0.42972059, -0.05589577, -0.2304734 , -0.00611335,
       -0.09775928, -0.21806261, -0.01144955,  0.06144824,  0.49176923,
       -0.16311418, -0.45347595, -0.00724249,  0.1964481 ,  0.22059839,
       -0.19981487,  0.48602296,  0.20510606, -0.23974496]) 

Generation: 116 
 - Generation Avg Fit: 5191.158387978582 
 - Best Fitness: 5527.275253843607 
 - Worst Fitness: 3995.3238869882416
 - Best Solution: array([-0.46284583,  0.0790752 , -0.36204243, -0.26204963, -0.28677404,
       -0.05699936,  0.41630677,  0.39527496,  0.31194494, -0.0489222 ,
        0.25158874, -0.25011177,  0.36290237,  0.29612468,  0.16110912,
       -0.47773579,  0.1266109 , -0.22901694,  0.0075385 ,  0.39988816,
       -0.10663378, -0.06291758, -0.07882225, -0.06056211, -0.48126909,
       -0.1973617 , -0.16857703,  0.30691382, -0.28167664, -0.06211343,
        0.17161224,  0.17782514,  0.18841028, -0.27101108, -0.35858038,
       -0.29696895,  0.31011601, -0.43962838,  0.38123933, -0.20335061,
       -0.34543497,  0.13412268,  0.49379981, -0.01695659,  0.19143346,
        0.07931275,  0.42972059, -0.05589577, -0.2304734 , -0.00611335,
       -0.09775928, -0.21806261, -0.01144955,  0.06144824,  0.49176923,
       -0.16311418, -0.45347595, -0.00724249,  0.1964481 ,  0.22059839,
       -0.19981487,  0.48602296,  0.20510606, -0.23974496]) 

Generation: 117 
 - Generation Avg Fit: 5214.241672013151 
 - Best Fitness: 5527.275253843607 
 - Worst Fitness: 3941.7301450269274
 - Best Solution: array([-0.46284583,  0.0790752 , -0.36204243, -0.26204963, -0.28677404,
       -0.05699936,  0.41630677,  0.39527496,  0.31194494, -0.0489222 ,
        0.25158874, -0.25011177,  0.36290237,  0.29612468,  0.16110912,
       -0.47773579,  0.1266109 , -0.22901694,  0.0075385 ,  0.39988816,
       -0.10663378, -0.06291758, -0.07882225, -0.06056211, -0.48126909,
       -0.1973617 , -0.16857703,  0.30691382, -0.28167664, -0.06211343,
        0.17161224,  0.17782514,  0.18841028, -0.27101108, -0.35858038,
       -0.29696895,  0.31011601, -0.43962838,  0.38123933, -0.20335061,
       -0.34543497,  0.13412268,  0.49379981, -0.01695659,  0.19143346,
        0.07931275,  0.42972059, -0.05589577, -0.2304734 , -0.00611335,
       -0.09775928, -0.21806261, -0.01144955,  0.06144824,  0.49176923,
       -0.16311418, -0.45347595, -0.00724249,  0.1964481 ,  0.22059839,
       -0.19981487,  0.48602296,  0.20510606, -0.23974496]) 

Generation: 118 
 - Generation Avg Fit: 5209.281919059905 
 - Best Fitness: 5527.275253843607 
 - Worst Fitness: 4141.511765264848
 - Best Solution: array([-0.46284583,  0.0790752 , -0.36204243, -0.26204963, -0.28677404,
       -0.05699936,  0.41630677,  0.39527496,  0.31194494, -0.0489222 ,
        0.25158874, -0.25011177,  0.36290237,  0.29612468,  0.16110912,
       -0.47773579,  0.1266109 , -0.22901694,  0.0075385 ,  0.39988816,
       -0.10663378, -0.06291758, -0.07882225, -0.06056211, -0.48126909,
       -0.1973617 , -0.16857703,  0.30691382, -0.28167664, -0.06211343,
        0.17161224,  0.17782514,  0.18841028, -0.27101108, -0.35858038,
       -0.29696895,  0.31011601, -0.43962838,  0.38123933, -0.20335061,
       -0.34543497,  0.13412268,  0.49379981, -0.01695659,  0.19143346,
        0.07931275,  0.42972059, -0.05589577, -0.2304734 , -0.00611335,
       -0.09775928, -0.21806261, -0.01144955,  0.06144824,  0.49176923,
       -0.16311418, -0.45347595, -0.00724249,  0.1964481 ,  0.22059839,
       -0.19981487,  0.48602296,  0.20510606, -0.23974496]) 

Generation: 119 
 - Generation Avg Fit: 5202.547471283857 
 - Best Fitness: 5554.015640047543 
 - Worst Fitness: 3395.868085555356
 - Best Solution: array([-0.49327409,  0.09772924, -0.36954799, -0.26894766, -0.27991173,
       -0.09068494,  0.39748876,  0.36381198,  0.30664737, -0.04319218,
        0.2615082 , -0.30491655,  0.37056843,  0.30008223,  0.1671982 ,
       -0.48360196,  0.16276425, -0.23958417,  0.01993825,  0.4052374 ,
       -0.11330353, -0.07151408, -0.03302484, -0.06160018, -0.48545891,
       -0.2135189 , -0.18108686,  0.31856501, -0.29173902, -0.06504794,
        0.159818  ,  0.16556308,  0.15564679, -0.23001217, -0.36758558,
       -0.30759839,  0.29836349, -0.44306876,  0.43699624, -0.19896695,
       -0.33894393,  0.13907637,  0.45397241, -0.01323212,  0.17645735,
        0.07354097,  0.43166064, -0.05027873, -0.21455311, -0.02695143,
       -0.06620533, -0.24859868, -0.00266064,  0.09600773,  0.4802092 ,
       -0.16242503, -0.4674852 , -0.01122174,  0.18184116,  0.23330617,
       -0.19732763,  0.45301171,  0.1983232 , -0.21834042]) 

Generation: 120 
 - Generation Avg Fit: 5217.569389431418 
 - Best Fitness: 5554.015640047543 
 - Worst Fitness: 4035.7065568766584
 - Best Solution: array([-0.46284583,  0.0790752 , -0.36204243, -0.26204963, -0.28677404,
       -0.05699936,  0.41630677,  0.39527496,  0.31194494, -0.0489222 ,
        0.25158874, -0.25011177,  0.36290237,  0.29612468,  0.16110912,
       -0.47773579,  0.1266109 , -0.22901694,  0.0075385 ,  0.39988816,
       -0.10663378, -0.06291758, -0.07882225, -0.06056211, -0.48126909,
       -0.1973617 , -0.16857703,  0.30691382, -0.28167664, -0.06211343,
        0.17161224,  0.17782514,  0.18841028, -0.27101108, -0.35858038,
       -0.29696895,  0.31011601, -0.43962838,  0.38123933, -0.20335061,
       -0.34543497,  0.13412268,  0.49379981, -0.01695659,  0.19143346,
        0.07931275,  0.42972059, -0.05589577, -0.2304734 , -0.00611335,
       -0.09775928, -0.21806261, -0.01144955,  0.06144824,  0.49176923,
       -0.16311418, -0.45347595, -0.00724249,  0.1964481 ,  0.22059839,
       -0.19981487,  0.48602296,  0.20510606, -0.23974496]) 

Generation: 121 
 - Generation Avg Fit: 5222.798515509497 
 - Best Fitness: 5554.015640047543 
 - Worst Fitness: 3837.111560185101
 - Best Solution: array([-0.49327409,  0.09772924, -0.36954799, -0.26894766, -0.27991173,
       -0.09068494,  0.39748876,  0.36381198,  0.30664737, -0.04319218,
        0.2615082 , -0.30491655,  0.37056843,  0.30008223,  0.1671982 ,
       -0.48360196,  0.16276425, -0.23958417,  0.01993825,  0.4052374 ,
       -0.11330353, -0.07151408, -0.03302484, -0.06160018, -0.48545891,
       -0.2135189 , -0.18108686,  0.31856501, -0.29173902, -0.06504794,
        0.159818  ,  0.16556308,  0.15564679, -0.23001217, -0.36758558,
       -0.30759839,  0.29836349, -0.44306876,  0.43699624, -0.19896695,
       -0.33894393,  0.13907637,  0.45397241, -0.01323212,  0.17645735,
        0.07354097,  0.43166064, -0.05027873, -0.21455311, -0.02695143,
       -0.06620533, -0.24859868, -0.00266064,  0.09600773,  0.4802092 ,
       -0.16242503, -0.4674852 , -0.01122174,  0.18184116,  0.23330617,
       -0.19732763,  0.45301171,  0.1983232 , -0.21834042]) 

Generation: 122 
 - Generation Avg Fit: 5214.62524075106 
 - Best Fitness: 5554.015640047543 
 - Worst Fitness: 3729.5077378741644
 - Best Solution: array([-0.49327409,  0.09772924, -0.36954799, -0.26894766, -0.27991173,
       -0.09068494,  0.39748876,  0.36381198,  0.30664737, -0.04319218,
        0.2615082 , -0.30491655,  0.37056843,  0.30008223,  0.1671982 ,
       -0.48360196,  0.16276425, -0.23958417,  0.01993825,  0.4052374 ,
       -0.11330353, -0.07151408, -0.03302484, -0.06160018, -0.48545891,
       -0.2135189 , -0.18108686,  0.31856501, -0.29173902, -0.06504794,
        0.159818  ,  0.16556308,  0.15564679, -0.23001217, -0.36758558,
       -0.30759839,  0.29836349, -0.44306876,  0.43699624, -0.19896695,
       -0.33894393,  0.13907637,  0.45397241, -0.01323212,  0.17645735,
        0.07354097,  0.43166064, -0.05027873, -0.21455311, -0.02695143,
       -0.06620533, -0.24859868, -0.00266064,  0.09600773,  0.4802092 ,
       -0.16242503, -0.4674852 , -0.01122174,  0.18184116,  0.23330617,
       -0.19732763,  0.45301171,  0.1983232 , -0.21834042]) 

Generation: 123 
 - Generation Avg Fit: 5210.186613194459 
 - Best Fitness: 5554.015640047543 
 - Worst Fitness: 3846.639385546905
 - Best Solution: array([-0.49327409,  0.09772924, -0.36954799, -0.26894766, -0.27991173,
       -0.09068494,  0.39748876,  0.36381198,  0.30664737, -0.04319218,
        0.2615082 , -0.30491655,  0.37056843,  0.30008223,  0.1671982 ,
       -0.48360196,  0.16276425, -0.23958417,  0.01993825,  0.4052374 ,
       -0.11330353, -0.07151408, -0.03302484, -0.06160018, -0.48545891,
       -0.2135189 , -0.18108686,  0.31856501, -0.29173902, -0.06504794,
        0.159818  ,  0.16556308,  0.15564679, -0.23001217, -0.36758558,
       -0.30759839,  0.29836349, -0.44306876,  0.43699624, -0.19896695,
       -0.33894393,  0.13907637,  0.45397241, -0.01323212,  0.17645735,
        0.07354097,  0.43166064, -0.05027873, -0.21455311, -0.02695143,
       -0.06620533, -0.24859868, -0.00266064,  0.09600773,  0.4802092 ,
       -0.16242503, -0.4674852 , -0.01122174,  0.18184116,  0.23330617,
       -0.19732763,  0.45301171,  0.1983232 , -0.21834042]) 

Generation: 124 
 - Generation Avg Fit: 5227.266664530999 
 - Best Fitness: 5554.015640047543 
 - Worst Fitness: 4074.486886049957
 - Best Solution: array([-0.49327409,  0.09772924, -0.36954799, -0.26894766, -0.27991173,
       -0.09068494,  0.39748876,  0.36381198,  0.30664737, -0.04319218,
        0.2615082 , -0.30491655,  0.37056843,  0.30008223,  0.1671982 ,
       -0.48360196,  0.16276425, -0.23958417,  0.01993825,  0.4052374 ,
       -0.11330353, -0.07151408, -0.03302484, -0.06160018, -0.48545891,
       -0.2135189 , -0.18108686,  0.31856501, -0.29173902, -0.06504794,
        0.159818  ,  0.16556308,  0.15564679, -0.23001217, -0.36758558,
       -0.30759839,  0.29836349, -0.44306876,  0.43699624, -0.19896695,
       -0.33894393,  0.13907637,  0.45397241, -0.01323212,  0.17645735,
        0.07354097,  0.43166064, -0.05027873, -0.21455311, -0.02695143,
       -0.06620533, -0.24859868, -0.00266064,  0.09600773,  0.4802092 ,
       -0.16242503, -0.4674852 , -0.01122174,  0.18184116,  0.23330617,
       -0.19732763,  0.45301171,  0.1983232 , -0.21834042]) 

Generation: 125 
 - Generation Avg Fit: 5252.530367021665 
 - Best Fitness: 5554.015640047543 
 - Worst Fitness: 4430.873258070393
 - Best Solution: array([-0.49327409,  0.09772924, -0.36954799, -0.26894766, -0.27991173,
       -0.09068494,  0.39748876,  0.36381198,  0.30664737, -0.04319218,
        0.2615082 , -0.30491655,  0.37056843,  0.30008223,  0.1671982 ,
       -0.48360196,  0.16276425, -0.23958417,  0.01993825,  0.4052374 ,
       -0.11330353, -0.07151408, -0.03302484, -0.06160018, -0.48545891,
       -0.2135189 , -0.18108686,  0.31856501, -0.29173902, -0.06504794,
        0.159818  ,  0.16556308,  0.15564679, -0.23001217, -0.36758558,
       -0.30759839,  0.29836349, -0.44306876,  0.43699624, -0.19896695,
       -0.33894393,  0.13907637,  0.45397241, -0.01323212,  0.17645735,
        0.07354097,  0.43166064, -0.05027873, -0.21455311, -0.02695143,
       -0.06620533, -0.24859868, -0.00266064,  0.09600773,  0.4802092 ,
       -0.16242503, -0.4674852 , -0.01122174,  0.18184116,  0.23330617,
       -0.19732763,  0.45301171,  0.1983232 , -0.21834042]) 

Generation: 126 
 - Generation Avg Fit: 5246.338185021924 
 - Best Fitness: 5554.015640047543 
 - Worst Fitness: 2987.179411239893
 - Best Solution: array([-0.49327409,  0.09772924, -0.36954799, -0.26894766, -0.27991173,
       -0.09068494,  0.39748876,  0.36381198,  0.30664737, -0.04319218,
        0.2615082 , -0.30491655,  0.37056843,  0.30008223,  0.1671982 ,
       -0.48360196,  0.16276425, -0.23958417,  0.01993825,  0.4052374 ,
       -0.11330353, -0.07151408, -0.03302484, -0.06160018, -0.48545891,
       -0.2135189 , -0.18108686,  0.31856501, -0.29173902, -0.06504794,
        0.159818  ,  0.16556308,  0.15564679, -0.23001217, -0.36758558,
       -0.30759839,  0.29836349, -0.44306876,  0.43699624, -0.19896695,
       -0.33894393,  0.13907637,  0.45397241, -0.01323212,  0.17645735,
        0.07354097,  0.43166064, -0.05027873, -0.21455311, -0.02695143,
       -0.06620533, -0.24859868, -0.00266064,  0.09600773,  0.4802092 ,
       -0.16242503, -0.4674852 , -0.01122174,  0.18184116,  0.23330617,
       -0.19732763,  0.45301171,  0.1983232 , -0.21834042]) 

Generation: 127 
 - Generation Avg Fit: 5249.82934324388 
 - Best Fitness: 5560.422477569196 
 - Worst Fitness: 4012.238093664624
 - Best Solution: array([-0.45557098,  0.07341933, -0.38612853, -0.26111408, -0.27516137,
       -0.08957661,  0.39286315,  0.37647313,  0.30507605, -0.05659359,
        0.29155067, -0.29891311,  0.34688732,  0.30008223,  0.15757188,
       -0.48846037,  0.16182579, -0.23254376,  0.01690516,  0.41704417,
       -0.12578895, -0.06948918, -0.04150154, -0.05914057, -0.4826259 ,
       -0.2142666 , -0.18024878,  0.3019248 , -0.29173902, -0.06754733,
        0.15902039,  0.1763627 ,  0.15120268, -0.27867641, -0.3796654 ,
       -0.31684963,  0.32385748, -0.44373761,  0.42013302, -0.1949127 ,
       -0.36101291,  0.15101321,  0.49490543, -0.01643268,  0.16311816,
        0.10289393,  0.45035292, -0.04417729, -0.22268691, -0.03002248,
       -0.09775928, -0.21168624, -0.01006105,  0.05690132,  0.46716104,
       -0.17474662, -0.46464556, -0.00240805,  0.16445537,  0.23330617,
       -0.17973906,  0.47047787,  0.20789163, -0.22635047]) 

Generation: 128 
 - Generation Avg Fit: 5226.263704164587 
 - Best Fitness: 5560.422477569196 
 - Worst Fitness: 0.0
 - Best Solution: array([-0.49327409,  0.09772924, -0.36954799, -0.26894766, -0.27991173,
       -0.09068494,  0.39748876,  0.36381198,  0.30664737, -0.04319218,
        0.2615082 , -0.30491655,  0.37056843,  0.30008223,  0.1671982 ,
       -0.48360196,  0.16276425, -0.23958417,  0.01993825,  0.4052374 ,
       -0.11330353, -0.07151408, -0.03302484, -0.06160018, -0.48545891,
       -0.2135189 , -0.18108686,  0.31856501, -0.29173902, -0.06504794,
        0.159818  ,  0.16556308,  0.15564679, -0.23001217, -0.36758558,
       -0.30759839,  0.29836349, -0.44306876,  0.43699624, -0.19896695,
       -0.33894393,  0.13907637,  0.45397241, -0.01323212,  0.17645735,
        0.07354097,  0.43166064, -0.05027873, -0.21455311, -0.02695143,
       -0.06620533, -0.24859868, -0.00266064,  0.09600773,  0.4802092 ,
       -0.16242503, -0.4674852 , -0.01122174,  0.18184116,  0.23330617,
       -0.19732763,  0.45301171,  0.1983232 , -0.21834042]) 

Generation: 129 
 - Generation Avg Fit: 5254.223812879895 
 - Best Fitness: 5560.422477569196 
 - Worst Fitness: 4221.53748099113
 - Best Solution: array([-0.45557098,  0.07341933, -0.38612853, -0.26111408, -0.27516137,
       -0.08957661,  0.39286315,  0.37647313,  0.30507605, -0.05659359,
        0.29155067, -0.29891311,  0.34688732,  0.30008223,  0.15757188,
       -0.48846037,  0.16182579, -0.23254376,  0.01690516,  0.41704417,
       -0.12578895, -0.06948918, -0.04150154, -0.05914057, -0.4826259 ,
       -0.2142666 , -0.18024878,  0.3019248 , -0.29173902, -0.06754733,
        0.15902039,  0.1763627 ,  0.15120268, -0.27867641, -0.3796654 ,
       -0.31684963,  0.32385748, -0.44373761,  0.42013302, -0.1949127 ,
       -0.36101291,  0.15101321,  0.49490543, -0.01643268,  0.16311816,
        0.10289393,  0.45035292, -0.04417729, -0.22268691, -0.03002248,
       -0.09775928, -0.21168624, -0.01006105,  0.05690132,  0.46716104,
       -0.17474662, -0.46464556, -0.00240805,  0.16445537,  0.23330617,
       -0.17973906,  0.47047787,  0.20789163, -0.22635047]) 

Generation: 130 
 - Generation Avg Fit: 5240.199118068689 
 - Best Fitness: 5560.422477569196 
 - Worst Fitness: 0.0
 - Best Solution: array([-0.45557098,  0.07341933, -0.38612853, -0.26111408, -0.27516137,
       -0.08957661,  0.39286315,  0.37647313,  0.30507605, -0.05659359,
        0.29155067, -0.29891311,  0.34688732,  0.30008223,  0.15757188,
       -0.48846037,  0.16182579, -0.23254376,  0.01690516,  0.41704417,
       -0.12578895, -0.06948918, -0.04150154, -0.05914057, -0.4826259 ,
       -0.2142666 , -0.18024878,  0.3019248 , -0.29173902, -0.06754733,
        0.15902039,  0.1763627 ,  0.15120268, -0.27867641, -0.3796654 ,
       -0.31684963,  0.32385748, -0.44373761,  0.42013302, -0.1949127 ,
       -0.36101291,  0.15101321,  0.49490543, -0.01643268,  0.16311816,
        0.10289393,  0.45035292, -0.04417729, -0.22268691, -0.03002248,
       -0.09775928, -0.21168624, -0.01006105,  0.05690132,  0.46716104,
       -0.17474662, -0.46464556, -0.00240805,  0.16445537,  0.23330617,
       -0.17973906,  0.47047787,  0.20789163, -0.22635047]) 

Generation: 131 
 - Generation Avg Fit: 5248.255642023535 
 - Best Fitness: 5560.422477569196 
 - Worst Fitness: 3238.7460370799126
 - Best Solution: array([-0.45557098,  0.07341933, -0.38612853, -0.26111408, -0.27516137,
       -0.08957661,  0.39286315,  0.37647313,  0.30507605, -0.05659359,
        0.29155067, -0.29891311,  0.34688732,  0.30008223,  0.15757188,
       -0.48846037,  0.16182579, -0.23254376,  0.01690516,  0.41704417,
       -0.12578895, -0.06948918, -0.04150154, -0.05914057, -0.4826259 ,
       -0.2142666 , -0.18024878,  0.3019248 , -0.29173902, -0.06754733,
        0.15902039,  0.1763627 ,  0.15120268, -0.27867641, -0.3796654 ,
       -0.31684963,  0.32385748, -0.44373761,  0.42013302, -0.1949127 ,
       -0.36101291,  0.15101321,  0.49490543, -0.01643268,  0.16311816,
        0.10289393,  0.45035292, -0.04417729, -0.22268691, -0.03002248,
       -0.09775928, -0.21168624, -0.01006105,  0.05690132,  0.46716104,
       -0.17474662, -0.46464556, -0.00240805,  0.16445537,  0.23330617,
       -0.17973906,  0.47047787,  0.20789163, -0.22635047]) 

Generation: 132 
 - Generation Avg Fit: 5252.4360531783805 
 - Best Fitness: 5573.4839106782365 
 - Worst Fitness: 3463.877542113142
 - Best Solution: array([-0.49137973,  0.09718364, -0.38091668, -0.25713511, -0.25082986,
       -0.06162012,  0.40228684,  0.3806267 ,  0.3145439 , -0.04167287,
        0.28149634, -0.26730466,  0.35498293,  0.30006571,  0.15239486,
       -0.48394304,  0.1399542 , -0.23312116,  0.03068859,  0.38865091,
       -0.13114162, -0.04550126, -0.06882539, -0.05031552, -0.48442579,
       -0.18404621, -0.18279336,  0.30198679, -0.29789491, -0.05656793,
        0.17161224,  0.1343068 ,  0.15387459, -0.23930728, -0.36648282,
       -0.30348909,  0.32404689, -0.44571459,  0.43921127, -0.20609619,
       -0.34769605,  0.16237403,  0.50069838, -0.03604476,  0.19143346,
        0.06264569,  0.44365343, -0.04474193, -0.23669942, -0.00897739,
       -0.09366433, -0.23458578, -0.00980279,  0.09495421,  0.50739099,
       -0.15654756, -0.44784894,  0.0060157 ,  0.15359559,  0.23447597,
       -0.19666908,  0.46533288,  0.22779658, -0.25817229]) 

Generation: 133 
 - Generation Avg Fit: 5245.663099060002 
 - Best Fitness: 5573.4839106782365 
 - Worst Fitness: 3154.6618788341934
 - Best Solution: array([-0.45557098,  0.07341933, -0.38612853, -0.26111408, -0.27516137,
       -0.08957661,  0.39286315,  0.37647313,  0.30507605, -0.05659359,
        0.29155067, -0.29891311,  0.34688732,  0.30008223,  0.15757188,
       -0.48846037,  0.16182579, -0.23254376,  0.01690516,  0.41704417,
       -0.12578895, -0.06948918, -0.04150154, -0.05914057, -0.4826259 ,
       -0.2142666 , -0.18024878,  0.3019248 , -0.29173902, -0.06754733,
        0.15902039,  0.1763627 ,  0.15120268, -0.27867641, -0.3796654 ,
       -0.31684963,  0.32385748, -0.44373761,  0.42013302, -0.1949127 ,
       -0.36101291,  0.15101321,  0.49490543, -0.01643268,  0.16311816,
        0.10289393,  0.45035292, -0.04417729, -0.22268691, -0.03002248,
       -0.09775928, -0.21168624, -0.01006105,  0.05690132,  0.46716104,
       -0.17474662, -0.46464556, -0.00240805,  0.16445537,  0.23330617,
       -0.17973906,  0.47047787,  0.20789163, -0.22635047]) 

Generation: 134 
 - Generation Avg Fit: 5248.9207769168015 
 - Best Fitness: 5573.4839106782365 
 - Worst Fitness: 3765.374448177496
 - Best Solution: array([-0.49137973,  0.09718364, -0.38091668, -0.25713511, -0.25082986,
       -0.06162012,  0.40228684,  0.3806267 ,  0.3145439 , -0.04167287,
        0.28149634, -0.26730466,  0.35498293,  0.30006571,  0.15239486,
       -0.48394304,  0.1399542 , -0.23312116,  0.03068859,  0.38865091,
       -0.13114162, -0.04550126, -0.06882539, -0.05031552, -0.48442579,
       -0.18404621, -0.18279336,  0.30198679, -0.29789491, -0.05656793,
        0.17161224,  0.1343068 ,  0.15387459, -0.23930728, -0.36648282,
       -0.30348909,  0.32404689, -0.44571459,  0.43921127, -0.20609619,
       -0.34769605,  0.16237403,  0.50069838, -0.03604476,  0.19143346,
        0.06264569,  0.44365343, -0.04474193, -0.23669942, -0.00897739,
       -0.09366433, -0.23458578, -0.00980279,  0.09495421,  0.50739099,
       -0.15654756, -0.44784894,  0.0060157 ,  0.15359559,  0.23447597,
       -0.19666908,  0.46533288,  0.22779658, -0.25817229]) 

Generation: 135 
 - Generation Avg Fit: 5228.451891522967 
 - Best Fitness: 5573.4839106782365 
 - Worst Fitness: 3403.6616096303333
 - Best Solution: array([-0.49137973,  0.09718364, -0.38091668, -0.25713511, -0.25082986,
       -0.06162012,  0.40228684,  0.3806267 ,  0.3145439 , -0.04167287,
        0.28149634, -0.26730466,  0.35498293,  0.30006571,  0.15239486,
       -0.48394304,  0.1399542 , -0.23312116,  0.03068859,  0.38865091,
       -0.13114162, -0.04550126, -0.06882539, -0.05031552, -0.48442579,
       -0.18404621, -0.18279336,  0.30198679, -0.29789491, -0.05656793,
        0.17161224,  0.1343068 ,  0.15387459, -0.23930728, -0.36648282,
       -0.30348909,  0.32404689, -0.44571459,  0.43921127, -0.20609619,
       -0.34769605,  0.16237403,  0.50069838, -0.03604476,  0.19143346,
        0.06264569,  0.44365343, -0.04474193, -0.23669942, -0.00897739,
       -0.09366433, -0.23458578, -0.00980279,  0.09495421,  0.50739099,
       -0.15654756, -0.44784894,  0.0060157 ,  0.15359559,  0.23447597,
       -0.19666908,  0.46533288,  0.22779658, -0.25817229]) 

Generation: 136 
 - Generation Avg Fit: 5250.248993250413 
 - Best Fitness: 5573.4839106782365 
 - Worst Fitness: 3842.977332335374
 - Best Solution: array([-0.49137973,  0.09718364, -0.38091668, -0.25713511, -0.25082986,
       -0.06162012,  0.40228684,  0.3806267 ,  0.3145439 , -0.04167287,
        0.28149634, -0.26730466,  0.35498293,  0.30006571,  0.15239486,
       -0.48394304,  0.1399542 , -0.23312116,  0.03068859,  0.38865091,
       -0.13114162, -0.04550126, -0.06882539, -0.05031552, -0.48442579,
       -0.18404621, -0.18279336,  0.30198679, -0.29789491, -0.05656793,
        0.17161224,  0.1343068 ,  0.15387459, -0.23930728, -0.36648282,
       -0.30348909,  0.32404689, -0.44571459,  0.43921127, -0.20609619,
       -0.34769605,  0.16237403,  0.50069838, -0.03604476,  0.19143346,
        0.06264569,  0.44365343, -0.04474193, -0.23669942, -0.00897739,
       -0.09366433, -0.23458578, -0.00980279,  0.09495421,  0.50739099,
       -0.15654756, -0.44784894,  0.0060157 ,  0.15359559,  0.23447597,
       -0.19666908,  0.46533288,  0.22779658, -0.25817229]) 

Generation: 137 
 - Generation Avg Fit: 5267.291292261316 
 - Best Fitness: 5598.287450870626 
 - Worst Fitness: 3496.7250133198822
 - Best Solution: array([-0.48458681,  0.09990763, -0.36495907, -0.25529239, -0.26478101,
       -0.08606262,  0.43023293,  0.36977821,  0.31003345, -0.05011146,
        0.25554895, -0.28675087,  0.3421274 ,  0.23478025,  0.15782658,
       -0.46931979,  0.15041002, -0.25811784,  0.0047543 ,  0.38912327,
       -0.10098769, -0.03834185, -0.03797387, -0.05741137, -0.46371524,
       -0.21300252, -0.14891013,  0.33254791, -0.30267088, -0.04546439,
        0.1707324 ,  0.1763627 ,  0.15878327, -0.25293581, -0.36315224,
       -0.29415691,  0.31952965, -0.4462258 ,  0.41448542, -0.20147923,
       -0.34009643,  0.13907326,  0.47933693, -0.04256126,  0.18536671,
        0.05952302,  0.44784394, -0.06624302, -0.21995493, -0.02695143,
       -0.09736408, -0.21529038,  0.01341935,  0.04979   ,  0.46085134,
       -0.15534131, -0.45472367, -0.01476658,  0.15050777,  0.18601271,
       -0.22152815,  0.48082089,  0.19024383, -0.23234442]) 

Generation: 138 
 - Generation Avg Fit: 5252.333890309136 
 - Best Fitness: 5598.287450870626 
 - Worst Fitness: 3623.0313198961558
 - Best Solution: array([-0.49137973,  0.09718364, -0.38091668, -0.25713511, -0.25082986,
       -0.06162012,  0.40228684,  0.3806267 ,  0.3145439 , -0.04167287,
        0.28149634, -0.26730466,  0.35498293,  0.30006571,  0.15239486,
       -0.48394304,  0.1399542 , -0.23312116,  0.03068859,  0.38865091,
       -0.13114162, -0.04550126, -0.06882539, -0.05031552, -0.48442579,
       -0.18404621, -0.18279336,  0.30198679, -0.29789491, -0.05656793,
        0.17161224,  0.1343068 ,  0.15387459, -0.23930728, -0.36648282,
       -0.30348909,  0.32404689, -0.44571459,  0.43921127, -0.20609619,
       -0.34769605,  0.16237403,  0.50069838, -0.03604476,  0.19143346,
        0.06264569,  0.44365343, -0.04474193, -0.23669942, -0.00897739,
       -0.09366433, -0.23458578, -0.00980279,  0.09495421,  0.50739099,
       -0.15654756, -0.44784894,  0.0060157 ,  0.15359559,  0.23447597,
       -0.19666908,  0.46533288,  0.22779658, -0.25817229]) 

Generation: 139 
 - Generation Avg Fit: 5282.047129921075 
 - Best Fitness: 5623.984543732776 
 - Worst Fitness: 3950.9671799882185
 - Best Solution: array([-0.46468126,  0.09241293, -0.37748556, -0.25428666, -0.2759038 ,
       -0.10961878,  0.40211187,  0.35211368,  0.32189053, -0.05710592,
        0.27949752, -0.23422498,  0.37268014,  0.28963817,  0.13208499,
       -0.49041574,  0.13091214, -0.23123665,  0.07767094,  0.3988874 ,
       -0.09551015, -0.04435849, -0.05464915, -0.07310438, -0.51112787,
       -0.20456588, -0.16211637,  0.31908768, -0.29671486, -0.04834084,
        0.15061432,  0.21955225,  0.15922572, -0.28316561, -0.36560351,
       -0.30209712,  0.31711124, -0.44110144,  0.41319626, -0.16090887,
       -0.3562361 ,  0.12367224,  0.48538246, -0.03220304,  0.18168323,
        0.08911296,  0.41465179, -0.0721796 , -0.23198763, -0.01141597,
       -0.07895456, -0.21814766, -0.00063943,  0.06077971,  0.49514407,
       -0.15078894, -0.46466597, -0.00786441,  0.17312506,  0.18991924,
       -0.22369918,  0.48557453,  0.20423324, -0.22332343]) 

Generation: 140 
 - Generation Avg Fit: 5247.169431283695 
 - Best Fitness: 5623.984543732776 
 - Worst Fitness: 4067.2088132222407
 - Best Solution: array([-0.48458681,  0.09990763, -0.36495907, -0.25529239, -0.26478101,
       -0.08606262,  0.43023293,  0.36977821,  0.31003345, -0.05011146,
        0.25554895, -0.28675087,  0.3421274 ,  0.23478025,  0.15782658,
       -0.46931979,  0.15041002, -0.25811784,  0.0047543 ,  0.38912327,
       -0.10098769, -0.03834185, -0.03797387, -0.05741137, -0.46371524,
       -0.21300252, -0.14891013,  0.33254791, -0.30267088, -0.04546439,
        0.1707324 ,  0.1763627 ,  0.15878327, -0.25293581, -0.36315224,
       -0.29415691,  0.31952965, -0.4462258 ,  0.41448542, -0.20147923,
       -0.34009643,  0.13907326,  0.47933693, -0.04256126,  0.18536671,
        0.05952302,  0.44784394, -0.06624302, -0.21995493, -0.02695143,
       -0.09736408, -0.21529038,  0.01341935,  0.04979   ,  0.46085134,
       -0.15534131, -0.45472367, -0.01476658,  0.15050777,  0.18601271,
       -0.22152815,  0.48082089,  0.19024383, -0.23234442]) 

Generation: 141 
 - Generation Avg Fit: 5263.792527077635 
 - Best Fitness: 5623.984543732776 
 - Worst Fitness: 4116.328594515194
 - Best Solution: array([-0.46468126,  0.09241293, -0.37748556, -0.25428666, -0.2759038 ,
       -0.10961878,  0.40211187,  0.35211368,  0.32189053, -0.05710592,
        0.27949752, -0.23422498,  0.37268014,  0.28963817,  0.13208499,
       -0.49041574,  0.13091214, -0.23123665,  0.07767094,  0.3988874 ,
       -0.09551015, -0.04435849, -0.05464915, -0.07310438, -0.51112787,
       -0.20456588, -0.16211637,  0.31908768, -0.29671486, -0.04834084,
        0.15061432,  0.21955225,  0.15922572, -0.28316561, -0.36560351,
       -0.30209712,  0.31711124, -0.44110144,  0.41319626, -0.16090887,
       -0.3562361 ,  0.12367224,  0.48538246, -0.03220304,  0.18168323,
        0.08911296,  0.41465179, -0.0721796 , -0.23198763, -0.01141597,
       -0.07895456, -0.21814766, -0.00063943,  0.06077971,  0.49514407,
       -0.15078894, -0.46466597, -0.00786441,  0.17312506,  0.18991924,
       -0.22369918,  0.48557453,  0.20423324, -0.22332343]) 

Generation: 142 
 - Generation Avg Fit: 5214.407640664452 
 - Best Fitness: 5623.984543732776 
 - Worst Fitness: 0.0
 - Best Solution: array([-0.46468126,  0.09241293, -0.37748556, -0.25428666, -0.2759038 ,
       -0.10961878,  0.40211187,  0.35211368,  0.32189053, -0.05710592,
        0.27949752, -0.23422498,  0.37268014,  0.28963817,  0.13208499,
       -0.49041574,  0.13091214, -0.23123665,  0.07767094,  0.3988874 ,
       -0.09551015, -0.04435849, -0.05464915, -0.07310438, -0.51112787,
       -0.20456588, -0.16211637,  0.31908768, -0.29671486, -0.04834084,
        0.15061432,  0.21955225,  0.15922572, -0.28316561, -0.36560351,
       -0.30209712,  0.31711124, -0.44110144,  0.41319626, -0.16090887,
       -0.3562361 ,  0.12367224,  0.48538246, -0.03220304,  0.18168323,
        0.08911296,  0.41465179, -0.0721796 , -0.23198763, -0.01141597,
       -0.07895456, -0.21814766, -0.00063943,  0.06077971,  0.49514407,
       -0.15078894, -0.46466597, -0.00786441,  0.17312506,  0.18991924,
       -0.22369918,  0.48557453,  0.20423324, -0.22332343]) 

Generation: 143 
 - Generation Avg Fit: 5258.204697737072 
 - Best Fitness: 5623.984543732776 
 - Worst Fitness: 3801.423113818832
 - Best Solution: array([-0.46468126,  0.09241293, -0.37748556, -0.25428666, -0.2759038 ,
       -0.10961878,  0.40211187,  0.35211368,  0.32189053, -0.05710592,
        0.27949752, -0.23422498,  0.37268014,  0.28963817,  0.13208499,
       -0.49041574,  0.13091214, -0.23123665,  0.07767094,  0.3988874 ,
       -0.09551015, -0.04435849, -0.05464915, -0.07310438, -0.51112787,
       -0.20456588, -0.16211637,  0.31908768, -0.29671486, -0.04834084,
        0.15061432,  0.21955225,  0.15922572, -0.28316561, -0.36560351,
       -0.30209712,  0.31711124, -0.44110144,  0.41319626, -0.16090887,
       -0.3562361 ,  0.12367224,  0.48538246, -0.03220304,  0.18168323,
        0.08911296,  0.41465179, -0.0721796 , -0.23198763, -0.01141597,
       -0.07895456, -0.21814766, -0.00063943,  0.06077971,  0.49514407,
       -0.15078894, -0.46466597, -0.00786441,  0.17312506,  0.18991924,
       -0.22369918,  0.48557453,  0.20423324, -0.22332343]) 

Generation: 144 
 - Generation Avg Fit: 5265.2259403846765 
 - Best Fitness: 5623.984543732776 
 - Worst Fitness: 3633.938427142058
 - Best Solution: array([-0.46468126,  0.09241293, -0.37748556, -0.25428666, -0.2759038 ,
       -0.10961878,  0.40211187,  0.35211368,  0.32189053, -0.05710592,
        0.27949752, -0.23422498,  0.37268014,  0.28963817,  0.13208499,
       -0.49041574,  0.13091214, -0.23123665,  0.07767094,  0.3988874 ,
       -0.09551015, -0.04435849, -0.05464915, -0.07310438, -0.51112787,
       -0.20456588, -0.16211637,  0.31908768, -0.29671486, -0.04834084,
        0.15061432,  0.21955225,  0.15922572, -0.28316561, -0.36560351,
       -0.30209712,  0.31711124, -0.44110144,  0.41319626, -0.16090887,
       -0.3562361 ,  0.12367224,  0.48538246, -0.03220304,  0.18168323,
        0.08911296,  0.41465179, -0.0721796 , -0.23198763, -0.01141597,
       -0.07895456, -0.21814766, -0.00063943,  0.06077971,  0.49514407,
       -0.15078894, -0.46466597, -0.00786441,  0.17312506,  0.18991924,
       -0.22369918,  0.48557453,  0.20423324, -0.22332343]) 

Generation: 145 
 - Generation Avg Fit: 5245.84982081821 
 - Best Fitness: 5623.984543732776 
 - Worst Fitness: 0.0
 - Best Solution: array([-0.46468126,  0.09241293, -0.37748556, -0.25428666, -0.2759038 ,
       -0.10961878,  0.40211187,  0.35211368,  0.32189053, -0.05710592,
        0.27949752, -0.23422498,  0.37268014,  0.28963817,  0.13208499,
       -0.49041574,  0.13091214, -0.23123665,  0.07767094,  0.3988874 ,
       -0.09551015, -0.04435849, -0.05464915, -0.07310438, -0.51112787,
       -0.20456588, -0.16211637,  0.31908768, -0.29671486, -0.04834084,
        0.15061432,  0.21955225,  0.15922572, -0.28316561, -0.36560351,
       -0.30209712,  0.31711124, -0.44110144,  0.41319626, -0.16090887,
       -0.3562361 ,  0.12367224,  0.48538246, -0.03220304,  0.18168323,
        0.08911296,  0.41465179, -0.0721796 , -0.23198763, -0.01141597,
       -0.07895456, -0.21814766, -0.00063943,  0.06077971,  0.49514407,
       -0.15078894, -0.46466597, -0.00786441,  0.17312506,  0.18991924,
       -0.22369918,  0.48557453,  0.20423324, -0.22332343]) 

Generation: 146 
 - Generation Avg Fit: 5273.6416451484265 
 - Best Fitness: 5623.984543732776 
 - Worst Fitness: 3764.3340793250013
 - Best Solution: array([-0.46468126,  0.09241293, -0.37748556, -0.25428666, -0.2759038 ,
       -0.10961878,  0.40211187,  0.35211368,  0.32189053, -0.05710592,
        0.27949752, -0.23422498,  0.37268014,  0.28963817,  0.13208499,
       -0.49041574,  0.13091214, -0.23123665,  0.07767094,  0.3988874 ,
       -0.09551015, -0.04435849, -0.05464915, -0.07310438, -0.51112787,
       -0.20456588, -0.16211637,  0.31908768, -0.29671486, -0.04834084,
        0.15061432,  0.21955225,  0.15922572, -0.28316561, -0.36560351,
       -0.30209712,  0.31711124, -0.44110144,  0.41319626, -0.16090887,
       -0.3562361 ,  0.12367224,  0.48538246, -0.03220304,  0.18168323,
        0.08911296,  0.41465179, -0.0721796 , -0.23198763, -0.01141597,
       -0.07895456, -0.21814766, -0.00063943,  0.06077971,  0.49514407,
       -0.15078894, -0.46466597, -0.00786441,  0.17312506,  0.18991924,
       -0.22369918,  0.48557453,  0.20423324, -0.22332343]) 

Generation: 147 
 - Generation Avg Fit: 5261.490989178567 
 - Best Fitness: 5623.984543732776 
 - Worst Fitness: 3852.290302969747
 - Best Solution: array([-0.46468126,  0.09241293, -0.37748556, -0.25428666, -0.2759038 ,
       -0.10961878,  0.40211187,  0.35211368,  0.32189053, -0.05710592,
        0.27949752, -0.23422498,  0.37268014,  0.28963817,  0.13208499,
       -0.49041574,  0.13091214, -0.23123665,  0.07767094,  0.3988874 ,
       -0.09551015, -0.04435849, -0.05464915, -0.07310438, -0.51112787,
       -0.20456588, -0.16211637,  0.31908768, -0.29671486, -0.04834084,
        0.15061432,  0.21955225,  0.15922572, -0.28316561, -0.36560351,
       -0.30209712,  0.31711124, -0.44110144,  0.41319626, -0.16090887,
       -0.3562361 ,  0.12367224,  0.48538246, -0.03220304,  0.18168323,
        0.08911296,  0.41465179, -0.0721796 , -0.23198763, -0.01141597,
       -0.07895456, -0.21814766, -0.00063943,  0.06077971,  0.49514407,
       -0.15078894, -0.46466597, -0.00786441,  0.17312506,  0.18991924,
       -0.22369918,  0.48557453,  0.20423324, -0.22332343]) 

Generation: 148 
 - Generation Avg Fit: 5254.2369975986785 
 - Best Fitness: 5623.984543732776 
 - Worst Fitness: 3916.305161185687
 - Best Solution: array([-0.46468126,  0.09241293, -0.37748556, -0.25428666, -0.2759038 ,
       -0.10961878,  0.40211187,  0.35211368,  0.32189053, -0.05710592,
        0.27949752, -0.23422498,  0.37268014,  0.28963817,  0.13208499,
       -0.49041574,  0.13091214, -0.23123665,  0.07767094,  0.3988874 ,
       -0.09551015, -0.04435849, -0.05464915, -0.07310438, -0.51112787,
       -0.20456588, -0.16211637,  0.31908768, -0.29671486, -0.04834084,
        0.15061432,  0.21955225,  0.15922572, -0.28316561, -0.36560351,
       -0.30209712,  0.31711124, -0.44110144,  0.41319626, -0.16090887,
       -0.3562361 ,  0.12367224,  0.48538246, -0.03220304,  0.18168323,
        0.08911296,  0.41465179, -0.0721796 , -0.23198763, -0.01141597,
       -0.07895456, -0.21814766, -0.00063943,  0.06077971,  0.49514407,
       -0.15078894, -0.46466597, -0.00786441,  0.17312506,  0.18991924,
       -0.22369918,  0.48557453,  0.20423324, -0.22332343]) 

Generation: 149 
 - Generation Avg Fit: 5180.477285826765 
 - Best Fitness: 5623.984543732776 
 - Worst Fitness: 0.0
 - Best Solution: array([-0.46468126,  0.09241293, -0.37748556, -0.25428666, -0.2759038 ,
       -0.10961878,  0.40211187,  0.35211368,  0.32189053, -0.05710592,
        0.27949752, -0.23422498,  0.37268014,  0.28963817,  0.13208499,
       -0.49041574,  0.13091214, -0.23123665,  0.07767094,  0.3988874 ,
       -0.09551015, -0.04435849, -0.05464915, -0.07310438, -0.51112787,
       -0.20456588, -0.16211637,  0.31908768, -0.29671486, -0.04834084,
        0.15061432,  0.21955225,  0.15922572, -0.28316561, -0.36560351,
       -0.30209712,  0.31711124, -0.44110144,  0.41319626, -0.16090887,
       -0.3562361 ,  0.12367224,  0.48538246, -0.03220304,  0.18168323,
        0.08911296,  0.41465179, -0.0721796 , -0.23198763, -0.01141597,
       -0.07895456, -0.21814766, -0.00063943,  0.06077971,  0.49514407,
       -0.15078894, -0.46466597, -0.00786441,  0.17312506,  0.18991924,
       -0.22369918,  0.48557453,  0.20423324, -0.22332343]) 

Generation: 150 
 - Generation Avg Fit: 5256.5233018578865 
 - Best Fitness: 5623.984543732776 
 - Worst Fitness: 0.0
 - Best Solution: array([-0.46468126,  0.09241293, -0.37748556, -0.25428666, -0.2759038 ,
       -0.10961878,  0.40211187,  0.35211368,  0.32189053, -0.05710592,
        0.27949752, -0.23422498,  0.37268014,  0.28963817,  0.13208499,
       -0.49041574,  0.13091214, -0.23123665,  0.07767094,  0.3988874 ,
       -0.09551015, -0.04435849, -0.05464915, -0.07310438, -0.51112787,
       -0.20456588, -0.16211637,  0.31908768, -0.29671486, -0.04834084,
        0.15061432,  0.21955225,  0.15922572, -0.28316561, -0.36560351,
       -0.30209712,  0.31711124, -0.44110144,  0.41319626, -0.16090887,
       -0.3562361 ,  0.12367224,  0.48538246, -0.03220304,  0.18168323,
        0.08911296,  0.41465179, -0.0721796 , -0.23198763, -0.01141597,
       -0.07895456, -0.21814766, -0.00063943,  0.06077971,  0.49514407,
       -0.15078894, -0.46466597, -0.00786441,  0.17312506,  0.18991924,
       -0.22369918,  0.48557453,  0.20423324, -0.22332343]) 

Generation: 151 
 - Generation Avg Fit: 5229.48607438209 
 - Best Fitness: 5623.984543732776 
 - Worst Fitness: 0.0
 - Best Solution: array([-0.46468126,  0.09241293, -0.37748556, -0.25428666, -0.2759038 ,
       -0.10961878,  0.40211187,  0.35211368,  0.32189053, -0.05710592,
        0.27949752, -0.23422498,  0.37268014,  0.28963817,  0.13208499,
       -0.49041574,  0.13091214, -0.23123665,  0.07767094,  0.3988874 ,
       -0.09551015, -0.04435849, -0.05464915, -0.07310438, -0.51112787,
       -0.20456588, -0.16211637,  0.31908768, -0.29671486, -0.04834084,
        0.15061432,  0.21955225,  0.15922572, -0.28316561, -0.36560351,
       -0.30209712,  0.31711124, -0.44110144,  0.41319626, -0.16090887,
       -0.3562361 ,  0.12367224,  0.48538246, -0.03220304,  0.18168323,
        0.08911296,  0.41465179, -0.0721796 , -0.23198763, -0.01141597,
       -0.07895456, -0.21814766, -0.00063943,  0.06077971,  0.49514407,
       -0.15078894, -0.46466597, -0.00786441,  0.17312506,  0.18991924,
       -0.22369918,  0.48557453,  0.20423324, -0.22332343]) 

Generation: 152 
 - Generation Avg Fit: 5286.3973693420485 
 - Best Fitness: 5623.984543732776 
 - Worst Fitness: 2046.6750284994623
 - Best Solution: array([-0.46468126,  0.09241293, -0.37748556, -0.25428666, -0.2759038 ,
       -0.10961878,  0.40211187,  0.35211368,  0.32189053, -0.05710592,
        0.27949752, -0.23422498,  0.37268014,  0.28963817,  0.13208499,
       -0.49041574,  0.13091214, -0.23123665,  0.07767094,  0.3988874 ,
       -0.09551015, -0.04435849, -0.05464915, -0.07310438, -0.51112787,
       -0.20456588, -0.16211637,  0.31908768, -0.29671486, -0.04834084,
        0.15061432,  0.21955225,  0.15922572, -0.28316561, -0.36560351,
       -0.30209712,  0.31711124, -0.44110144,  0.41319626, -0.16090887,
       -0.3562361 ,  0.12367224,  0.48538246, -0.03220304,  0.18168323,
        0.08911296,  0.41465179, -0.0721796 , -0.23198763, -0.01141597,
       -0.07895456, -0.21814766, -0.00063943,  0.06077971,  0.49514407,
       -0.15078894, -0.46466597, -0.00786441,  0.17312506,  0.18991924,
       -0.22369918,  0.48557453,  0.20423324, -0.22332343]) 

Generation: 153 
 - Generation Avg Fit: 5227.231102392301 
 - Best Fitness: 5623.984543732776 
 - Worst Fitness: 0.0
 - Best Solution: array([-0.46468126,  0.09241293, -0.37748556, -0.25428666, -0.2759038 ,
       -0.10961878,  0.40211187,  0.35211368,  0.32189053, -0.05710592,
        0.27949752, -0.23422498,  0.37268014,  0.28963817,  0.13208499,
       -0.49041574,  0.13091214, -0.23123665,  0.07767094,  0.3988874 ,
       -0.09551015, -0.04435849, -0.05464915, -0.07310438, -0.51112787,
       -0.20456588, -0.16211637,  0.31908768, -0.29671486, -0.04834084,
        0.15061432,  0.21955225,  0.15922572, -0.28316561, -0.36560351,
       -0.30209712,  0.31711124, -0.44110144,  0.41319626, -0.16090887,
       -0.3562361 ,  0.12367224,  0.48538246, -0.03220304,  0.18168323,
        0.08911296,  0.41465179, -0.0721796 , -0.23198763, -0.01141597,
       -0.07895456, -0.21814766, -0.00063943,  0.06077971,  0.49514407,
       -0.15078894, -0.46466597, -0.00786441,  0.17312506,  0.18991924,
       -0.22369918,  0.48557453,  0.20423324, -0.22332343]) 

Generation: 154 
 - Generation Avg Fit: 5255.572954153944 
 - Best Fitness: 5623.984543732776 
 - Worst Fitness: 0.0
 - Best Solution: array([-0.46468126,  0.09241293, -0.37748556, -0.25428666, -0.2759038 ,
       -0.10961878,  0.40211187,  0.35211368,  0.32189053, -0.05710592,
        0.27949752, -0.23422498,  0.37268014,  0.28963817,  0.13208499,
       -0.49041574,  0.13091214, -0.23123665,  0.07767094,  0.3988874 ,
       -0.09551015, -0.04435849, -0.05464915, -0.07310438, -0.51112787,
       -0.20456588, -0.16211637,  0.31908768, -0.29671486, -0.04834084,
        0.15061432,  0.21955225,  0.15922572, -0.28316561, -0.36560351,
       -0.30209712,  0.31711124, -0.44110144,  0.41319626, -0.16090887,
       -0.3562361 ,  0.12367224,  0.48538246, -0.03220304,  0.18168323,
        0.08911296,  0.41465179, -0.0721796 , -0.23198763, -0.01141597,
       -0.07895456, -0.21814766, -0.00063943,  0.06077971,  0.49514407,
       -0.15078894, -0.46466597, -0.00786441,  0.17312506,  0.18991924,
       -0.22369918,  0.48557453,  0.20423324, -0.22332343]) 

Generation: 155 
 - Generation Avg Fit: 5201.654232120007 
 - Best Fitness: 5623.984543732776 
 - Worst Fitness: 0.0
 - Best Solution: array([-0.46468126,  0.09241293, -0.37748556, -0.25428666, -0.2759038 ,
       -0.10961878,  0.40211187,  0.35211368,  0.32189053, -0.05710592,
        0.27949752, -0.23422498,  0.37268014,  0.28963817,  0.13208499,
       -0.49041574,  0.13091214, -0.23123665,  0.07767094,  0.3988874 ,
       -0.09551015, -0.04435849, -0.05464915, -0.07310438, -0.51112787,
       -0.20456588, -0.16211637,  0.31908768, -0.29671486, -0.04834084,
        0.15061432,  0.21955225,  0.15922572, -0.28316561, -0.36560351,
       -0.30209712,  0.31711124, -0.44110144,  0.41319626, -0.16090887,
       -0.3562361 ,  0.12367224,  0.48538246, -0.03220304,  0.18168323,
        0.08911296,  0.41465179, -0.0721796 , -0.23198763, -0.01141597,
       -0.07895456, -0.21814766, -0.00063943,  0.06077971,  0.49514407,
       -0.15078894, -0.46466597, -0.00786441,  0.17312506,  0.18991924,
       -0.22369918,  0.48557453,  0.20423324, -0.22332343]) 

Generation: 156 
 - Generation Avg Fit: 5179.359267889006 
 - Best Fitness: 5623.984543732776 
 - Worst Fitness: 0.0
 - Best Solution: array([-0.46468126,  0.09241293, -0.37748556, -0.25428666, -0.2759038 ,
       -0.10961878,  0.40211187,  0.35211368,  0.32189053, -0.05710592,
        0.27949752, -0.23422498,  0.37268014,  0.28963817,  0.13208499,
       -0.49041574,  0.13091214, -0.23123665,  0.07767094,  0.3988874 ,
       -0.09551015, -0.04435849, -0.05464915, -0.07310438, -0.51112787,
       -0.20456588, -0.16211637,  0.31908768, -0.29671486, -0.04834084,
        0.15061432,  0.21955225,  0.15922572, -0.28316561, -0.36560351,
       -0.30209712,  0.31711124, -0.44110144,  0.41319626, -0.16090887,
       -0.3562361 ,  0.12367224,  0.48538246, -0.03220304,  0.18168323,
        0.08911296,  0.41465179, -0.0721796 , -0.23198763, -0.01141597,
       -0.07895456, -0.21814766, -0.00063943,  0.06077971,  0.49514407,
       -0.15078894, -0.46466597, -0.00786441,  0.17312506,  0.18991924,
       -0.22369918,  0.48557453,  0.20423324, -0.22332343]) 

Generation: 157 
 - Generation Avg Fit: 5286.0354734615785 
 - Best Fitness: 5623.984543732776 
 - Worst Fitness: 3963.693823678944
 - Best Solution: array([-0.46468126,  0.09241293, -0.37748556, -0.25428666, -0.2759038 ,
       -0.10961878,  0.40211187,  0.35211368,  0.32189053, -0.05710592,
        0.27949752, -0.23422498,  0.37268014,  0.28963817,  0.13208499,
       -0.49041574,  0.13091214, -0.23123665,  0.07767094,  0.3988874 ,
       -0.09551015, -0.04435849, -0.05464915, -0.07310438, -0.51112787,
       -0.20456588, -0.16211637,  0.31908768, -0.29671486, -0.04834084,
        0.15061432,  0.21955225,  0.15922572, -0.28316561, -0.36560351,
       -0.30209712,  0.31711124, -0.44110144,  0.41319626, -0.16090887,
       -0.3562361 ,  0.12367224,  0.48538246, -0.03220304,  0.18168323,
        0.08911296,  0.41465179, -0.0721796 , -0.23198763, -0.01141597,
       -0.07895456, -0.21814766, -0.00063943,  0.06077971,  0.49514407,
       -0.15078894, -0.46466597, -0.00786441,  0.17312506,  0.18991924,
       -0.22369918,  0.48557453,  0.20423324, -0.22332343]) 

Generation: 158 
 - Generation Avg Fit: 5239.669879940696 
 - Best Fitness: 5623.984543732776 
 - Worst Fitness: 0.0
 - Best Solution: array([-0.46468126,  0.09241293, -0.37748556, -0.25428666, -0.2759038 ,
       -0.10961878,  0.40211187,  0.35211368,  0.32189053, -0.05710592,
        0.27949752, -0.23422498,  0.37268014,  0.28963817,  0.13208499,
       -0.49041574,  0.13091214, -0.23123665,  0.07767094,  0.3988874 ,
       -0.09551015, -0.04435849, -0.05464915, -0.07310438, -0.51112787,
       -0.20456588, -0.16211637,  0.31908768, -0.29671486, -0.04834084,
        0.15061432,  0.21955225,  0.15922572, -0.28316561, -0.36560351,
       -0.30209712,  0.31711124, -0.44110144,  0.41319626, -0.16090887,
       -0.3562361 ,  0.12367224,  0.48538246, -0.03220304,  0.18168323,
        0.08911296,  0.41465179, -0.0721796 , -0.23198763, -0.01141597,
       -0.07895456, -0.21814766, -0.00063943,  0.06077971,  0.49514407,
       -0.15078894, -0.46466597, -0.00786441,  0.17312506,  0.18991924,
       -0.22369918,  0.48557453,  0.20423324, -0.22332343]) 

Generation: 159 
 - Generation Avg Fit: 5276.363378029341 
 - Best Fitness: 5623.984543732776 
 - Worst Fitness: 3884.1990171550915
 - Best Solution: array([-0.46468126,  0.09241293, -0.37748556, -0.25428666, -0.2759038 ,
       -0.10961878,  0.40211187,  0.35211368,  0.32189053, -0.05710592,
        0.27949752, -0.23422498,  0.37268014,  0.28963817,  0.13208499,
       -0.49041574,  0.13091214, -0.23123665,  0.07767094,  0.3988874 ,
       -0.09551015, -0.04435849, -0.05464915, -0.07310438, -0.51112787,
       -0.20456588, -0.16211637,  0.31908768, -0.29671486, -0.04834084,
        0.15061432,  0.21955225,  0.15922572, -0.28316561, -0.36560351,
       -0.30209712,  0.31711124, -0.44110144,  0.41319626, -0.16090887,
       -0.3562361 ,  0.12367224,  0.48538246, -0.03220304,  0.18168323,
        0.08911296,  0.41465179, -0.0721796 , -0.23198763, -0.01141597,
       -0.07895456, -0.21814766, -0.00063943,  0.06077971,  0.49514407,
       -0.15078894, -0.46466597, -0.00786441,  0.17312506,  0.18991924,
       -0.22369918,  0.48557453,  0.20423324, -0.22332343]) 

Generation: 160 
 - Generation Avg Fit: 5208.129104981211 
 - Best Fitness: 5623.984543732776 
 - Worst Fitness: 0.0
 - Best Solution: array([-0.46468126,  0.09241293, -0.37748556, -0.25428666, -0.2759038 ,
       -0.10961878,  0.40211187,  0.35211368,  0.32189053, -0.05710592,
        0.27949752, -0.23422498,  0.37268014,  0.28963817,  0.13208499,
       -0.49041574,  0.13091214, -0.23123665,  0.07767094,  0.3988874 ,
       -0.09551015, -0.04435849, -0.05464915, -0.07310438, -0.51112787,
       -0.20456588, -0.16211637,  0.31908768, -0.29671486, -0.04834084,
        0.15061432,  0.21955225,  0.15922572, -0.28316561, -0.36560351,
       -0.30209712,  0.31711124, -0.44110144,  0.41319626, -0.16090887,
       -0.3562361 ,  0.12367224,  0.48538246, -0.03220304,  0.18168323,
        0.08911296,  0.41465179, -0.0721796 , -0.23198763, -0.01141597,
       -0.07895456, -0.21814766, -0.00063943,  0.06077971,  0.49514407,
       -0.15078894, -0.46466597, -0.00786441,  0.17312506,  0.18991924,
       -0.22369918,  0.48557453,  0.20423324, -0.22332343]) 

Generation: 161 
 - Generation Avg Fit: 5220.004832313509 
 - Best Fitness: 5623.984543732776 
 - Worst Fitness: 0.0
 - Best Solution: array([-0.46468126,  0.09241293, -0.37748556, -0.25428666, -0.2759038 ,
       -0.10961878,  0.40211187,  0.35211368,  0.32189053, -0.05710592,
        0.27949752, -0.23422498,  0.37268014,  0.28963817,  0.13208499,
       -0.49041574,  0.13091214, -0.23123665,  0.07767094,  0.3988874 ,
       -0.09551015, -0.04435849, -0.05464915, -0.07310438, -0.51112787,
       -0.20456588, -0.16211637,  0.31908768, -0.29671486, -0.04834084,
        0.15061432,  0.21955225,  0.15922572, -0.28316561, -0.36560351,
       -0.30209712,  0.31711124, -0.44110144,  0.41319626, -0.16090887,
       -0.3562361 ,  0.12367224,  0.48538246, -0.03220304,  0.18168323,
        0.08911296,  0.41465179, -0.0721796 , -0.23198763, -0.01141597,
       -0.07895456, -0.21814766, -0.00063943,  0.06077971,  0.49514407,
       -0.15078894, -0.46466597, -0.00786441,  0.17312506,  0.18991924,
       -0.22369918,  0.48557453,  0.20423324, -0.22332343]) 

Generation: 162 
 - Generation Avg Fit: 5263.169849017143 
 - Best Fitness: 5623.984543732776 
 - Worst Fitness: 0.0
 - Best Solution: array([-0.46468126,  0.09241293, -0.37748556, -0.25428666, -0.2759038 ,
       -0.10961878,  0.40211187,  0.35211368,  0.32189053, -0.05710592,
        0.27949752, -0.23422498,  0.37268014,  0.28963817,  0.13208499,
       -0.49041574,  0.13091214, -0.23123665,  0.07767094,  0.3988874 ,
       -0.09551015, -0.04435849, -0.05464915, -0.07310438, -0.51112787,
       -0.20456588, -0.16211637,  0.31908768, -0.29671486, -0.04834084,
        0.15061432,  0.21955225,  0.15922572, -0.28316561, -0.36560351,
       -0.30209712,  0.31711124, -0.44110144,  0.41319626, -0.16090887,
       -0.3562361 ,  0.12367224,  0.48538246, -0.03220304,  0.18168323,
        0.08911296,  0.41465179, -0.0721796 , -0.23198763, -0.01141597,
       -0.07895456, -0.21814766, -0.00063943,  0.06077971,  0.49514407,
       -0.15078894, -0.46466597, -0.00786441,  0.17312506,  0.18991924,
       -0.22369918,  0.48557453,  0.20423324, -0.22332343]) 

Generation: 163 
 - Generation Avg Fit: 5263.12258659513 
 - Best Fitness: 5623.984543732776 
 - Worst Fitness: 4045.511640614312
 - Best Solution: array([-0.46468126,  0.09241293, -0.37748556, -0.25428666, -0.2759038 ,
       -0.10961878,  0.40211187,  0.35211368,  0.32189053, -0.05710592,
        0.27949752, -0.23422498,  0.37268014,  0.28963817,  0.13208499,
       -0.49041574,  0.13091214, -0.23123665,  0.07767094,  0.3988874 ,
       -0.09551015, -0.04435849, -0.05464915, -0.07310438, -0.51112787,
       -0.20456588, -0.16211637,  0.31908768, -0.29671486, -0.04834084,
        0.15061432,  0.21955225,  0.15922572, -0.28316561, -0.36560351,
       -0.30209712,  0.31711124, -0.44110144,  0.41319626, -0.16090887,
       -0.3562361 ,  0.12367224,  0.48538246, -0.03220304,  0.18168323,
        0.08911296,  0.41465179, -0.0721796 , -0.23198763, -0.01141597,
       -0.07895456, -0.21814766, -0.00063943,  0.06077971,  0.49514407,
       -0.15078894, -0.46466597, -0.00786441,  0.17312506,  0.18991924,
       -0.22369918,  0.48557453,  0.20423324, -0.22332343]) 

Generation: 164 
 - Generation Avg Fit: 5227.40847775229 
 - Best Fitness: 5623.984543732776 
 - Worst Fitness: 0.0
 - Best Solution: array([-0.46468126,  0.09241293, -0.37748556, -0.25428666, -0.2759038 ,
       -0.10961878,  0.40211187,  0.35211368,  0.32189053, -0.05710592,
        0.27949752, -0.23422498,  0.37268014,  0.28963817,  0.13208499,
       -0.49041574,  0.13091214, -0.23123665,  0.07767094,  0.3988874 ,
       -0.09551015, -0.04435849, -0.05464915, -0.07310438, -0.51112787,
       -0.20456588, -0.16211637,  0.31908768, -0.29671486, -0.04834084,
        0.15061432,  0.21955225,  0.15922572, -0.28316561, -0.36560351,
       -0.30209712,  0.31711124, -0.44110144,  0.41319626, -0.16090887,
       -0.3562361 ,  0.12367224,  0.48538246, -0.03220304,  0.18168323,
        0.08911296,  0.41465179, -0.0721796 , -0.23198763, -0.01141597,
       -0.07895456, -0.21814766, -0.00063943,  0.06077971,  0.49514407,
       -0.15078894, -0.46466597, -0.00786441,  0.17312506,  0.18991924,
       -0.22369918,  0.48557453,  0.20423324, -0.22332343]) 

Generation: 165 
 - Generation Avg Fit: 5250.386432405449 
 - Best Fitness: 5623.984543732776 
 - Worst Fitness: 2346.277688908727
 - Best Solution: array([-0.46468126,  0.09241293, -0.37748556, -0.25428666, -0.2759038 ,
       -0.10961878,  0.40211187,  0.35211368,  0.32189053, -0.05710592,
        0.27949752, -0.23422498,  0.37268014,  0.28963817,  0.13208499,
       -0.49041574,  0.13091214, -0.23123665,  0.07767094,  0.3988874 ,
       -0.09551015, -0.04435849, -0.05464915, -0.07310438, -0.51112787,
       -0.20456588, -0.16211637,  0.31908768, -0.29671486, -0.04834084,
        0.15061432,  0.21955225,  0.15922572, -0.28316561, -0.36560351,
       -0.30209712,  0.31711124, -0.44110144,  0.41319626, -0.16090887,
       -0.3562361 ,  0.12367224,  0.48538246, -0.03220304,  0.18168323,
        0.08911296,  0.41465179, -0.0721796 , -0.23198763, -0.01141597,
       -0.07895456, -0.21814766, -0.00063943,  0.06077971,  0.49514407,
       -0.15078894, -0.46466597, -0.00786441,  0.17312506,  0.18991924,
       -0.22369918,  0.48557453,  0.20423324, -0.22332343]) 

Generation: 166 
 - Generation Avg Fit: 5231.46030018805 
 - Best Fitness: 5623.984543732776 
 - Worst Fitness: 0.0
 - Best Solution: array([-0.46468126,  0.09241293, -0.37748556, -0.25428666, -0.2759038 ,
       -0.10961878,  0.40211187,  0.35211368,  0.32189053, -0.05710592,
        0.27949752, -0.23422498,  0.37268014,  0.28963817,  0.13208499,
       -0.49041574,  0.13091214, -0.23123665,  0.07767094,  0.3988874 ,
       -0.09551015, -0.04435849, -0.05464915, -0.07310438, -0.51112787,
       -0.20456588, -0.16211637,  0.31908768, -0.29671486, -0.04834084,
        0.15061432,  0.21955225,  0.15922572, -0.28316561, -0.36560351,
       -0.30209712,  0.31711124, -0.44110144,  0.41319626, -0.16090887,
       -0.3562361 ,  0.12367224,  0.48538246, -0.03220304,  0.18168323,
        0.08911296,  0.41465179, -0.0721796 , -0.23198763, -0.01141597,
       -0.07895456, -0.21814766, -0.00063943,  0.06077971,  0.49514407,
       -0.15078894, -0.46466597, -0.00786441,  0.17312506,  0.18991924,
       -0.22369918,  0.48557453,  0.20423324, -0.22332343]) 

Generation: 167 
 - Generation Avg Fit: 5193.67076245953 
 - Best Fitness: 5623.984543732776 
 - Worst Fitness: 0.0
 - Best Solution: array([-0.46468126,  0.09241293, -0.37748556, -0.25428666, -0.2759038 ,
       -0.10961878,  0.40211187,  0.35211368,  0.32189053, -0.05710592,
        0.27949752, -0.23422498,  0.37268014,  0.28963817,  0.13208499,
       -0.49041574,  0.13091214, -0.23123665,  0.07767094,  0.3988874 ,
       -0.09551015, -0.04435849, -0.05464915, -0.07310438, -0.51112787,
       -0.20456588, -0.16211637,  0.31908768, -0.29671486, -0.04834084,
        0.15061432,  0.21955225,  0.15922572, -0.28316561, -0.36560351,
       -0.30209712,  0.31711124, -0.44110144,  0.41319626, -0.16090887,
       -0.3562361 ,  0.12367224,  0.48538246, -0.03220304,  0.18168323,
        0.08911296,  0.41465179, -0.0721796 , -0.23198763, -0.01141597,
       -0.07895456, -0.21814766, -0.00063943,  0.06077971,  0.49514407,
       -0.15078894, -0.46466597, -0.00786441,  0.17312506,  0.18991924,
       -0.22369918,  0.48557453,  0.20423324, -0.22332343]) 

Generation: 168 
 - Generation Avg Fit: 5300.663986436107 
 - Best Fitness: 5623.984543732776 
 - Worst Fitness: 4500.872127424118
 - Best Solution: array([-0.46468126,  0.09241293, -0.37748556, -0.25428666, -0.2759038 ,
       -0.10961878,  0.40211187,  0.35211368,  0.32189053, -0.05710592,
        0.27949752, -0.23422498,  0.37268014,  0.28963817,  0.13208499,
       -0.49041574,  0.13091214, -0.23123665,  0.07767094,  0.3988874 ,
       -0.09551015, -0.04435849, -0.05464915, -0.07310438, -0.51112787,
       -0.20456588, -0.16211637,  0.31908768, -0.29671486, -0.04834084,
        0.15061432,  0.21955225,  0.15922572, -0.28316561, -0.36560351,
       -0.30209712,  0.31711124, -0.44110144,  0.41319626, -0.16090887,
       -0.3562361 ,  0.12367224,  0.48538246, -0.03220304,  0.18168323,
        0.08911296,  0.41465179, -0.0721796 , -0.23198763, -0.01141597,
       -0.07895456, -0.21814766, -0.00063943,  0.06077971,  0.49514407,
       -0.15078894, -0.46466597, -0.00786441,  0.17312506,  0.18991924,
       -0.22369918,  0.48557453,  0.20423324, -0.22332343]) 

Generation: 169 
 - Generation Avg Fit: 5269.9364383506145 
 - Best Fitness: 5623.984543732776 
 - Worst Fitness: 3985.2314460538523
 - Best Solution: array([-0.46468126,  0.09241293, -0.37748556, -0.25428666, -0.2759038 ,
       -0.10961878,  0.40211187,  0.35211368,  0.32189053, -0.05710592,
        0.27949752, -0.23422498,  0.37268014,  0.28963817,  0.13208499,
       -0.49041574,  0.13091214, -0.23123665,  0.07767094,  0.3988874 ,
       -0.09551015, -0.04435849, -0.05464915, -0.07310438, -0.51112787,
       -0.20456588, -0.16211637,  0.31908768, -0.29671486, -0.04834084,
        0.15061432,  0.21955225,  0.15922572, -0.28316561, -0.36560351,
       -0.30209712,  0.31711124, -0.44110144,  0.41319626, -0.16090887,
       -0.3562361 ,  0.12367224,  0.48538246, -0.03220304,  0.18168323,
        0.08911296,  0.41465179, -0.0721796 , -0.23198763, -0.01141597,
       -0.07895456, -0.21814766, -0.00063943,  0.06077971,  0.49514407,
       -0.15078894, -0.46466597, -0.00786441,  0.17312506,  0.18991924,
       -0.22369918,  0.48557453,  0.20423324, -0.22332343]) 

Generation: 170 
 - Generation Avg Fit: 5271.372335215847 
 - Best Fitness: 5623.984543732776 
 - Worst Fitness: 3143.8624020185684
 - Best Solution: array([-0.46468126,  0.09241293, -0.37748556, -0.25428666, -0.2759038 ,
       -0.10961878,  0.40211187,  0.35211368,  0.32189053, -0.05710592,
        0.27949752, -0.23422498,  0.37268014,  0.28963817,  0.13208499,
       -0.49041574,  0.13091214, -0.23123665,  0.07767094,  0.3988874 ,
       -0.09551015, -0.04435849, -0.05464915, -0.07310438, -0.51112787,
       -0.20456588, -0.16211637,  0.31908768, -0.29671486, -0.04834084,
        0.15061432,  0.21955225,  0.15922572, -0.28316561, -0.36560351,
       -0.30209712,  0.31711124, -0.44110144,  0.41319626, -0.16090887,
       -0.3562361 ,  0.12367224,  0.48538246, -0.03220304,  0.18168323,
        0.08911296,  0.41465179, -0.0721796 , -0.23198763, -0.01141597,
       -0.07895456, -0.21814766, -0.00063943,  0.06077971,  0.49514407,
       -0.15078894, -0.46466597, -0.00786441,  0.17312506,  0.18991924,
       -0.22369918,  0.48557453,  0.20423324, -0.22332343]) 

Generation: 171 
 - Generation Avg Fit: 5261.178371544586 
 - Best Fitness: 5623.984543732776 
 - Worst Fitness: 0.0
 - Best Solution: array([-0.46468126,  0.09241293, -0.37748556, -0.25428666, -0.2759038 ,
       -0.10961878,  0.40211187,  0.35211368,  0.32189053, -0.05710592,
        0.27949752, -0.23422498,  0.37268014,  0.28963817,  0.13208499,
       -0.49041574,  0.13091214, -0.23123665,  0.07767094,  0.3988874 ,
       -0.09551015, -0.04435849, -0.05464915, -0.07310438, -0.51112787,
       -0.20456588, -0.16211637,  0.31908768, -0.29671486, -0.04834084,
        0.15061432,  0.21955225,  0.15922572, -0.28316561, -0.36560351,
       -0.30209712,  0.31711124, -0.44110144,  0.41319626, -0.16090887,
       -0.3562361 ,  0.12367224,  0.48538246, -0.03220304,  0.18168323,
        0.08911296,  0.41465179, -0.0721796 , -0.23198763, -0.01141597,
       -0.07895456, -0.21814766, -0.00063943,  0.06077971,  0.49514407,
       -0.15078894, -0.46466597, -0.00786441,  0.17312506,  0.18991924,
       -0.22369918,  0.48557453,  0.20423324, -0.22332343]) 

Generation: 172 
 - Generation Avg Fit: 5297.168725866076 
 - Best Fitness: 5623.984543732776 
 - Worst Fitness: 3900.8880850901937
 - Best Solution: array([-0.46468126,  0.09241293, -0.37748556, -0.25428666, -0.2759038 ,
       -0.10961878,  0.40211187,  0.35211368,  0.32189053, -0.05710592,
        0.27949752, -0.23422498,  0.37268014,  0.28963817,  0.13208499,
       -0.49041574,  0.13091214, -0.23123665,  0.07767094,  0.3988874 ,
       -0.09551015, -0.04435849, -0.05464915, -0.07310438, -0.51112787,
       -0.20456588, -0.16211637,  0.31908768, -0.29671486, -0.04834084,
        0.15061432,  0.21955225,  0.15922572, -0.28316561, -0.36560351,
       -0.30209712,  0.31711124, -0.44110144,  0.41319626, -0.16090887,
       -0.3562361 ,  0.12367224,  0.48538246, -0.03220304,  0.18168323,
        0.08911296,  0.41465179, -0.0721796 , -0.23198763, -0.01141597,
       -0.07895456, -0.21814766, -0.00063943,  0.06077971,  0.49514407,
       -0.15078894, -0.46466597, -0.00786441,  0.17312506,  0.18991924,
       -0.22369918,  0.48557453,  0.20423324, -0.22332343]) 

Generation: 173 
 - Generation Avg Fit: 5268.549741216329 
 - Best Fitness: 5623.984543732776 
 - Worst Fitness: 3305.625130816159
 - Best Solution: array([-0.46468126,  0.09241293, -0.37748556, -0.25428666, -0.2759038 ,
       -0.10961878,  0.40211187,  0.35211368,  0.32189053, -0.05710592,
        0.27949752, -0.23422498,  0.37268014,  0.28963817,  0.13208499,
       -0.49041574,  0.13091214, -0.23123665,  0.07767094,  0.3988874 ,
       -0.09551015, -0.04435849, -0.05464915, -0.07310438, -0.51112787,
       -0.20456588, -0.16211637,  0.31908768, -0.29671486, -0.04834084,
        0.15061432,  0.21955225,  0.15922572, -0.28316561, -0.36560351,
       -0.30209712,  0.31711124, -0.44110144,  0.41319626, -0.16090887,
       -0.3562361 ,  0.12367224,  0.48538246, -0.03220304,  0.18168323,
        0.08911296,  0.41465179, -0.0721796 , -0.23198763, -0.01141597,
       -0.07895456, -0.21814766, -0.00063943,  0.06077971,  0.49514407,
       -0.15078894, -0.46466597, -0.00786441,  0.17312506,  0.18991924,
       -0.22369918,  0.48557453,  0.20423324, -0.22332343]) 

Generation: 174 
 - Generation Avg Fit: 5223.896226392947 
 - Best Fitness: 5623.984543732776 
 - Worst Fitness: 0.0
 - Best Solution: array([-0.46468126,  0.09241293, -0.37748556, -0.25428666, -0.2759038 ,
       -0.10961878,  0.40211187,  0.35211368,  0.32189053, -0.05710592,
        0.27949752, -0.23422498,  0.37268014,  0.28963817,  0.13208499,
       -0.49041574,  0.13091214, -0.23123665,  0.07767094,  0.3988874 ,
       -0.09551015, -0.04435849, -0.05464915, -0.07310438, -0.51112787,
       -0.20456588, -0.16211637,  0.31908768, -0.29671486, -0.04834084,
        0.15061432,  0.21955225,  0.15922572, -0.28316561, -0.36560351,
       -0.30209712,  0.31711124, -0.44110144,  0.41319626, -0.16090887,
       -0.3562361 ,  0.12367224,  0.48538246, -0.03220304,  0.18168323,
        0.08911296,  0.41465179, -0.0721796 , -0.23198763, -0.01141597,
       -0.07895456, -0.21814766, -0.00063943,  0.06077971,  0.49514407,
       -0.15078894, -0.46466597, -0.00786441,  0.17312506,  0.18991924,
       -0.22369918,  0.48557453,  0.20423324, -0.22332343]) 

Generation: 175 
 - Generation Avg Fit: 5250.0329527389285 
 - Best Fitness: 5623.984543732776 
 - Worst Fitness: 0.0
 - Best Solution: array([-0.46468126,  0.09241293, -0.37748556, -0.25428666, -0.2759038 ,
       -0.10961878,  0.40211187,  0.35211368,  0.32189053, -0.05710592,
        0.27949752, -0.23422498,  0.37268014,  0.28963817,  0.13208499,
       -0.49041574,  0.13091214, -0.23123665,  0.07767094,  0.3988874 ,
       -0.09551015, -0.04435849, -0.05464915, -0.07310438, -0.51112787,
       -0.20456588, -0.16211637,  0.31908768, -0.29671486, -0.04834084,
        0.15061432,  0.21955225,  0.15922572, -0.28316561, -0.36560351,
       -0.30209712,  0.31711124, -0.44110144,  0.41319626, -0.16090887,
       -0.3562361 ,  0.12367224,  0.48538246, -0.03220304,  0.18168323,
        0.08911296,  0.41465179, -0.0721796 , -0.23198763, -0.01141597,
       -0.07895456, -0.21814766, -0.00063943,  0.06077971,  0.49514407,
       -0.15078894, -0.46466597, -0.00786441,  0.17312506,  0.18991924,
       -0.22369918,  0.48557453,  0.20423324, -0.22332343]) 

Generation: 176 
 - Generation Avg Fit: 5259.552231105513 
 - Best Fitness: 5623.984543732776 
 - Worst Fitness: 0.0
 - Best Solution: array([-0.46468126,  0.09241293, -0.37748556, -0.25428666, -0.2759038 ,
       -0.10961878,  0.40211187,  0.35211368,  0.32189053, -0.05710592,
        0.27949752, -0.23422498,  0.37268014,  0.28963817,  0.13208499,
       -0.49041574,  0.13091214, -0.23123665,  0.07767094,  0.3988874 ,
       -0.09551015, -0.04435849, -0.05464915, -0.07310438, -0.51112787,
       -0.20456588, -0.16211637,  0.31908768, -0.29671486, -0.04834084,
        0.15061432,  0.21955225,  0.15922572, -0.28316561, -0.36560351,
       -0.30209712,  0.31711124, -0.44110144,  0.41319626, -0.16090887,
       -0.3562361 ,  0.12367224,  0.48538246, -0.03220304,  0.18168323,
        0.08911296,  0.41465179, -0.0721796 , -0.23198763, -0.01141597,
       -0.07895456, -0.21814766, -0.00063943,  0.06077971,  0.49514407,
       -0.15078894, -0.46466597, -0.00786441,  0.17312506,  0.18991924,
       -0.22369918,  0.48557453,  0.20423324, -0.22332343]) 

Generation: 177 
 - Generation Avg Fit: 5247.0821780515835 
 - Best Fitness: 5623.984543732776 
 - Worst Fitness: 0.0
 - Best Solution: array([-0.46468126,  0.09241293, -0.37748556, -0.25428666, -0.2759038 ,
       -0.10961878,  0.40211187,  0.35211368,  0.32189053, -0.05710592,
        0.27949752, -0.23422498,  0.37268014,  0.28963817,  0.13208499,
       -0.49041574,  0.13091214, -0.23123665,  0.07767094,  0.3988874 ,
       -0.09551015, -0.04435849, -0.05464915, -0.07310438, -0.51112787,
       -0.20456588, -0.16211637,  0.31908768, -0.29671486, -0.04834084,
        0.15061432,  0.21955225,  0.15922572, -0.28316561, -0.36560351,
       -0.30209712,  0.31711124, -0.44110144,  0.41319626, -0.16090887,
       -0.3562361 ,  0.12367224,  0.48538246, -0.03220304,  0.18168323,
        0.08911296,  0.41465179, -0.0721796 , -0.23198763, -0.01141597,
       -0.07895456, -0.21814766, -0.00063943,  0.06077971,  0.49514407,
       -0.15078894, -0.46466597, -0.00786441,  0.17312506,  0.18991924,
       -0.22369918,  0.48557453,  0.20423324, -0.22332343]) 

Generation: 178 
 - Generation Avg Fit: 5286.1849298649795 
 - Best Fitness: 5623.984543732776 
 - Worst Fitness: 3655.1916836985224
 - Best Solution: array([-0.46468126,  0.09241293, -0.37748556, -0.25428666, -0.2759038 ,
       -0.10961878,  0.40211187,  0.35211368,  0.32189053, -0.05710592,
        0.27949752, -0.23422498,  0.37268014,  0.28963817,  0.13208499,
       -0.49041574,  0.13091214, -0.23123665,  0.07767094,  0.3988874 ,
       -0.09551015, -0.04435849, -0.05464915, -0.07310438, -0.51112787,
       -0.20456588, -0.16211637,  0.31908768, -0.29671486, -0.04834084,
        0.15061432,  0.21955225,  0.15922572, -0.28316561, -0.36560351,
       -0.30209712,  0.31711124, -0.44110144,  0.41319626, -0.16090887,
       -0.3562361 ,  0.12367224,  0.48538246, -0.03220304,  0.18168323,
        0.08911296,  0.41465179, -0.0721796 , -0.23198763, -0.01141597,
       -0.07895456, -0.21814766, -0.00063943,  0.06077971,  0.49514407,
       -0.15078894, -0.46466597, -0.00786441,  0.17312506,  0.18991924,
       -0.22369918,  0.48557453,  0.20423324, -0.22332343]) 

Generation: 179 
 - Generation Avg Fit: 5233.7561064262545 
 - Best Fitness: 5623.984543732776 
 - Worst Fitness: 0.0
 - Best Solution: array([-0.46468126,  0.09241293, -0.37748556, -0.25428666, -0.2759038 ,
       -0.10961878,  0.40211187,  0.35211368,  0.32189053, -0.05710592,
        0.27949752, -0.23422498,  0.37268014,  0.28963817,  0.13208499,
       -0.49041574,  0.13091214, -0.23123665,  0.07767094,  0.3988874 ,
       -0.09551015, -0.04435849, -0.05464915, -0.07310438, -0.51112787,
       -0.20456588, -0.16211637,  0.31908768, -0.29671486, -0.04834084,
        0.15061432,  0.21955225,  0.15922572, -0.28316561, -0.36560351,
       -0.30209712,  0.31711124, -0.44110144,  0.41319626, -0.16090887,
       -0.3562361 ,  0.12367224,  0.48538246, -0.03220304,  0.18168323,
        0.08911296,  0.41465179, -0.0721796 , -0.23198763, -0.01141597,
       -0.07895456, -0.21814766, -0.00063943,  0.06077971,  0.49514407,
       -0.15078894, -0.46466597, -0.00786441,  0.17312506,  0.18991924,
       -0.22369918,  0.48557453,  0.20423324, -0.22332343]) 

Generation: 180 
 - Generation Avg Fit: 5281.556863660871 
 - Best Fitness: 5652.549990343663 
 - Worst Fitness: 2609.108929648311
 - Best Solution: array([-0.46468126,  0.07615935, -0.40712225, -0.26111408, -0.25930356,
       -0.05882912,  0.4245892 ,  0.37237214,  0.31320908, -0.06623405,
        0.2434033 , -0.29281966,  0.35659561,  0.21699005,  0.13746099,
       -0.48846037,  0.12063247, -0.23228272,  0.083213  ,  0.35861559,
       -0.12546415, -0.07015004, -0.04522189, -0.08031817, -0.47864351,
       -0.17419117, -0.18409083,  0.31618987, -0.3006979 , -0.0754912 ,
        0.14609397,  0.174022  ,  0.16285405, -0.27638212, -0.37760269,
       -0.30854424,  0.29918141, -0.45133978,  0.40530417, -0.19274308,
       -0.3562361 ,  0.15504265,  0.50355937, -0.02033041,  0.18168323,
        0.05745447,  0.41947865, -0.0721796 , -0.21922252,  0.00648359,
       -0.10119381, -0.21263078, -0.00744196,  0.05249886,  0.46742182,
       -0.16775374, -0.45722546, -0.01233234,  0.1470135 ,  0.18991924,
       -0.19568874,  0.47668012,  0.19782242, -0.23290423]) 

Generation: 181 
 - Generation Avg Fit: 5269.499614488971 
 - Best Fitness: 5687.483883060965 
 - Worst Fitness: 0.0
 - Best Solution: array([-0.47403574,  0.11783148, -0.37041867, -0.26520685, -0.27464377,
       -0.0855731 ,  0.39254141,  0.35701813,  0.32201499, -0.04649038,
        0.26079687, -0.26848746,  0.36375144,  0.22819451,  0.12551742,
       -0.47309689,  0.15361035, -0.24415431,  0.06798662,  0.37695955,
       -0.12037192, -0.05390941, -0.09087782, -0.0649448 , -0.49565473,
       -0.1995435 , -0.18419797,  0.32335901, -0.27061545, -0.07496158,
        0.14291113,  0.17618194,  0.15815817, -0.29747101, -0.37035348,
       -0.31055526,  0.32260936, -0.44684938,  0.4214202 , -0.15443518,
       -0.35073199,  0.11869686,  0.48510927, -0.02094116,  0.15110919,
        0.08592516,  0.41824835, -0.05716842, -0.21297374, -0.0374374 ,
       -0.11517097, -0.22875278,  0.02710471,  0.0444555 ,  0.45486001,
       -0.15865801, -0.48304237, -0.02270128,  0.18912002,  0.20228159,
       -0.1919553 ,  0.47485163,  0.1956931 , -0.23550472]) 

Generation: 182 
 - Generation Avg Fit: 5259.467628198911 
 - Best Fitness: 5687.483883060965 
 - Worst Fitness: 0.0
 - Best Solution: array([-0.46468126,  0.07615935, -0.40712225, -0.26111408, -0.25930356,
       -0.05882912,  0.4245892 ,  0.37237214,  0.31320908, -0.06623405,
        0.2434033 , -0.29281966,  0.35659561,  0.21699005,  0.13746099,
       -0.48846037,  0.12063247, -0.23228272,  0.083213  ,  0.35861559,
       -0.12546415, -0.07015004, -0.04522189, -0.08031817, -0.47864351,
       -0.17419117, -0.18409083,  0.31618987, -0.3006979 , -0.0754912 ,
        0.14609397,  0.174022  ,  0.16285405, -0.27638212, -0.37760269,
       -0.30854424,  0.29918141, -0.45133978,  0.40530417, -0.19274308,
       -0.3562361 ,  0.15504265,  0.50355937, -0.02033041,  0.18168323,
        0.05745447,  0.41947865, -0.0721796 , -0.21922252,  0.00648359,
       -0.10119381, -0.21263078, -0.00744196,  0.05249886,  0.46742182,
       -0.16775374, -0.45722546, -0.01233234,  0.1470135 ,  0.18991924,
       -0.19568874,  0.47668012,  0.19782242, -0.23290423]) 

Generation: 183 
 - Generation Avg Fit: 5278.602736780068 
 - Best Fitness: 5687.483883060965 
 - Worst Fitness: 0.0
 - Best Solution: array([-0.47403574,  0.11783148, -0.37041867, -0.26520685, -0.27464377,
       -0.0855731 ,  0.39254141,  0.35701813,  0.32201499, -0.04649038,
        0.26079687, -0.26848746,  0.36375144,  0.22819451,  0.12551742,
       -0.47309689,  0.15361035, -0.24415431,  0.06798662,  0.37695955,
       -0.12037192, -0.05390941, -0.09087782, -0.0649448 , -0.49565473,
       -0.1995435 , -0.18419797,  0.32335901, -0.27061545, -0.07496158,
        0.14291113,  0.17618194,  0.15815817, -0.29747101, -0.37035348,
       -0.31055526,  0.32260936, -0.44684938,  0.4214202 , -0.15443518,
       -0.35073199,  0.11869686,  0.48510927, -0.02094116,  0.15110919,
        0.08592516,  0.41824835, -0.05716842, -0.21297374, -0.0374374 ,
       -0.11517097, -0.22875278,  0.02710471,  0.0444555 ,  0.45486001,
       -0.15865801, -0.48304237, -0.02270128,  0.18912002,  0.20228159,
       -0.1919553 ,  0.47485163,  0.1956931 , -0.23550472]) 

Generation: 184 
 - Generation Avg Fit: 5306.299031206485 
 - Best Fitness: 5687.483883060965 
 - Worst Fitness: 3336.728471168811
 - Best Solution: array([-0.47403574,  0.11783148, -0.37041867, -0.26520685, -0.27464377,
       -0.0855731 ,  0.39254141,  0.35701813,  0.32201499, -0.04649038,
        0.26079687, -0.26848746,  0.36375144,  0.22819451,  0.12551742,
       -0.47309689,  0.15361035, -0.24415431,  0.06798662,  0.37695955,
       -0.12037192, -0.05390941, -0.09087782, -0.0649448 , -0.49565473,
       -0.1995435 , -0.18419797,  0.32335901, -0.27061545, -0.07496158,
        0.14291113,  0.17618194,  0.15815817, -0.29747101, -0.37035348,
       -0.31055526,  0.32260936, -0.44684938,  0.4214202 , -0.15443518,
       -0.35073199,  0.11869686,  0.48510927, -0.02094116,  0.15110919,
        0.08592516,  0.41824835, -0.05716842, -0.21297374, -0.0374374 ,
       -0.11517097, -0.22875278,  0.02710471,  0.0444555 ,  0.45486001,
       -0.15865801, -0.48304237, -0.02270128,  0.18912002,  0.20228159,
       -0.1919553 ,  0.47485163,  0.1956931 , -0.23550472]) 

Generation: 185 
 - Generation Avg Fit: 5296.301622595423 
 - Best Fitness: 5687.483883060965 
 - Worst Fitness: 3997.377898406871
 - Best Solution: array([-0.47403574,  0.11783148, -0.37041867, -0.26520685, -0.27464377,
       -0.0855731 ,  0.39254141,  0.35701813,  0.32201499, -0.04649038,
        0.26079687, -0.26848746,  0.36375144,  0.22819451,  0.12551742,
       -0.47309689,  0.15361035, -0.24415431,  0.06798662,  0.37695955,
       -0.12037192, -0.05390941, -0.09087782, -0.0649448 , -0.49565473,
       -0.1995435 , -0.18419797,  0.32335901, -0.27061545, -0.07496158,
        0.14291113,  0.17618194,  0.15815817, -0.29747101, -0.37035348,
       -0.31055526,  0.32260936, -0.44684938,  0.4214202 , -0.15443518,
       -0.35073199,  0.11869686,  0.48510927, -0.02094116,  0.15110919,
        0.08592516,  0.41824835, -0.05716842, -0.21297374, -0.0374374 ,
       -0.11517097, -0.22875278,  0.02710471,  0.0444555 ,  0.45486001,
       -0.15865801, -0.48304237, -0.02270128,  0.18912002,  0.20228159,
       -0.1919553 ,  0.47485163,  0.1956931 , -0.23550472]) 

Generation: 186 
 - Generation Avg Fit: 5263.719856621053 
 - Best Fitness: 5687.483883060965 
 - Worst Fitness: 3568.871728887703
 - Best Solution: array([-0.47403574,  0.11783148, -0.37041867, -0.26520685, -0.27464377,
       -0.0855731 ,  0.39254141,  0.35701813,  0.32201499, -0.04649038,
        0.26079687, -0.26848746,  0.36375144,  0.22819451,  0.12551742,
       -0.47309689,  0.15361035, -0.24415431,  0.06798662,  0.37695955,
       -0.12037192, -0.05390941, -0.09087782, -0.0649448 , -0.49565473,
       -0.1995435 , -0.18419797,  0.32335901, -0.27061545, -0.07496158,
        0.14291113,  0.17618194,  0.15815817, -0.29747101, -0.37035348,
       -0.31055526,  0.32260936, -0.44684938,  0.4214202 , -0.15443518,
       -0.35073199,  0.11869686,  0.48510927, -0.02094116,  0.15110919,
        0.08592516,  0.41824835, -0.05716842, -0.21297374, -0.0374374 ,
       -0.11517097, -0.22875278,  0.02710471,  0.0444555 ,  0.45486001,
       -0.15865801, -0.48304237, -0.02270128,  0.18912002,  0.20228159,
       -0.1919553 ,  0.47485163,  0.1956931 , -0.23550472]) 

Generation: 187 
 - Generation Avg Fit: 5228.927888807949 
 - Best Fitness: 5687.483883060965 
 - Worst Fitness: 0.0
 - Best Solution: array([-0.47403574,  0.11783148, -0.37041867, -0.26520685, -0.27464377,
       -0.0855731 ,  0.39254141,  0.35701813,  0.32201499, -0.04649038,
        0.26079687, -0.26848746,  0.36375144,  0.22819451,  0.12551742,
       -0.47309689,  0.15361035, -0.24415431,  0.06798662,  0.37695955,
       -0.12037192, -0.05390941, -0.09087782, -0.0649448 , -0.49565473,
       -0.1995435 , -0.18419797,  0.32335901, -0.27061545, -0.07496158,
        0.14291113,  0.17618194,  0.15815817, -0.29747101, -0.37035348,
       -0.31055526,  0.32260936, -0.44684938,  0.4214202 , -0.15443518,
       -0.35073199,  0.11869686,  0.48510927, -0.02094116,  0.15110919,
        0.08592516,  0.41824835, -0.05716842, -0.21297374, -0.0374374 ,
       -0.11517097, -0.22875278,  0.02710471,  0.0444555 ,  0.45486001,
       -0.15865801, -0.48304237, -0.02270128,  0.18912002,  0.20228159,
       -0.1919553 ,  0.47485163,  0.1956931 , -0.23550472]) 

Generation: 188 
 - Generation Avg Fit: 5248.018452693543 
 - Best Fitness: 5687.483883060965 
 - Worst Fitness: 0.0
 - Best Solution: array([-0.47403574,  0.11783148, -0.37041867, -0.26520685, -0.27464377,
       -0.0855731 ,  0.39254141,  0.35701813,  0.32201499, -0.04649038,
        0.26079687, -0.26848746,  0.36375144,  0.22819451,  0.12551742,
       -0.47309689,  0.15361035, -0.24415431,  0.06798662,  0.37695955,
       -0.12037192, -0.05390941, -0.09087782, -0.0649448 , -0.49565473,
       -0.1995435 , -0.18419797,  0.32335901, -0.27061545, -0.07496158,
        0.14291113,  0.17618194,  0.15815817, -0.29747101, -0.37035348,
       -0.31055526,  0.32260936, -0.44684938,  0.4214202 , -0.15443518,
       -0.35073199,  0.11869686,  0.48510927, -0.02094116,  0.15110919,
        0.08592516,  0.41824835, -0.05716842, -0.21297374, -0.0374374 ,
       -0.11517097, -0.22875278,  0.02710471,  0.0444555 ,  0.45486001,
       -0.15865801, -0.48304237, -0.02270128,  0.18912002,  0.20228159,
       -0.1919553 ,  0.47485163,  0.1956931 , -0.23550472]) 

Generation: 189 
 - Generation Avg Fit: 5269.304844068099 
 - Best Fitness: 5687.483883060965 
 - Worst Fitness: 0.0
 - Best Solution: array([-0.47403574,  0.11783148, -0.37041867, -0.26520685, -0.27464377,
       -0.0855731 ,  0.39254141,  0.35701813,  0.32201499, -0.04649038,
        0.26079687, -0.26848746,  0.36375144,  0.22819451,  0.12551742,
       -0.47309689,  0.15361035, -0.24415431,  0.06798662,  0.37695955,
       -0.12037192, -0.05390941, -0.09087782, -0.0649448 , -0.49565473,
       -0.1995435 , -0.18419797,  0.32335901, -0.27061545, -0.07496158,
        0.14291113,  0.17618194,  0.15815817, -0.29747101, -0.37035348,
       -0.31055526,  0.32260936, -0.44684938,  0.4214202 , -0.15443518,
       -0.35073199,  0.11869686,  0.48510927, -0.02094116,  0.15110919,
        0.08592516,  0.41824835, -0.05716842, -0.21297374, -0.0374374 ,
       -0.11517097, -0.22875278,  0.02710471,  0.0444555 ,  0.45486001,
       -0.15865801, -0.48304237, -0.02270128,  0.18912002,  0.20228159,
       -0.1919553 ,  0.47485163,  0.1956931 , -0.23550472]) 

Generation: 190 
 - Generation Avg Fit: 5253.258664763 
 - Best Fitness: 5687.483883060965 
 - Worst Fitness: 3456.885555654059
 - Best Solution: array([-0.47403574,  0.11783148, -0.37041867, -0.26520685, -0.27464377,
       -0.0855731 ,  0.39254141,  0.35701813,  0.32201499, -0.04649038,
        0.26079687, -0.26848746,  0.36375144,  0.22819451,  0.12551742,
       -0.47309689,  0.15361035, -0.24415431,  0.06798662,  0.37695955,
       -0.12037192, -0.05390941, -0.09087782, -0.0649448 , -0.49565473,
       -0.1995435 , -0.18419797,  0.32335901, -0.27061545, -0.07496158,
        0.14291113,  0.17618194,  0.15815817, -0.29747101, -0.37035348,
       -0.31055526,  0.32260936, -0.44684938,  0.4214202 , -0.15443518,
       -0.35073199,  0.11869686,  0.48510927, -0.02094116,  0.15110919,
        0.08592516,  0.41824835, -0.05716842, -0.21297374, -0.0374374 ,
       -0.11517097, -0.22875278,  0.02710471,  0.0444555 ,  0.45486001,
       -0.15865801, -0.48304237, -0.02270128,  0.18912002,  0.20228159,
       -0.1919553 ,  0.47485163,  0.1956931 , -0.23550472]) 

Generation: 191 
 - Generation Avg Fit: 5244.334431246049 
 - Best Fitness: 5687.483883060965 
 - Worst Fitness: 0.0
 - Best Solution: array([-0.47403574,  0.11783148, -0.37041867, -0.26520685, -0.27464377,
       -0.0855731 ,  0.39254141,  0.35701813,  0.32201499, -0.04649038,
        0.26079687, -0.26848746,  0.36375144,  0.22819451,  0.12551742,
       -0.47309689,  0.15361035, -0.24415431,  0.06798662,  0.37695955,
       -0.12037192, -0.05390941, -0.09087782, -0.0649448 , -0.49565473,
       -0.1995435 , -0.18419797,  0.32335901, -0.27061545, -0.07496158,
        0.14291113,  0.17618194,  0.15815817, -0.29747101, -0.37035348,
       -0.31055526,  0.32260936, -0.44684938,  0.4214202 , -0.15443518,
       -0.35073199,  0.11869686,  0.48510927, -0.02094116,  0.15110919,
        0.08592516,  0.41824835, -0.05716842, -0.21297374, -0.0374374 ,
       -0.11517097, -0.22875278,  0.02710471,  0.0444555 ,  0.45486001,
       -0.15865801, -0.48304237, -0.02270128,  0.18912002,  0.20228159,
       -0.1919553 ,  0.47485163,  0.1956931 , -0.23550472]) 

Generation: 192 
 - Generation Avg Fit: 5288.08184787218 
 - Best Fitness: 5687.483883060965 
 - Worst Fitness: 3466.3949195034074
 - Best Solution: array([-0.47403574,  0.11783148, -0.37041867, -0.26520685, -0.27464377,
       -0.0855731 ,  0.39254141,  0.35701813,  0.32201499, -0.04649038,
        0.26079687, -0.26848746,  0.36375144,  0.22819451,  0.12551742,
       -0.47309689,  0.15361035, -0.24415431,  0.06798662,  0.37695955,
       -0.12037192, -0.05390941, -0.09087782, -0.0649448 , -0.49565473,
       -0.1995435 , -0.18419797,  0.32335901, -0.27061545, -0.07496158,
        0.14291113,  0.17618194,  0.15815817, -0.29747101, -0.37035348,
       -0.31055526,  0.32260936, -0.44684938,  0.4214202 , -0.15443518,
       -0.35073199,  0.11869686,  0.48510927, -0.02094116,  0.15110919,
        0.08592516,  0.41824835, -0.05716842, -0.21297374, -0.0374374 ,
       -0.11517097, -0.22875278,  0.02710471,  0.0444555 ,  0.45486001,
       -0.15865801, -0.48304237, -0.02270128,  0.18912002,  0.20228159,
       -0.1919553 ,  0.47485163,  0.1956931 , -0.23550472]) 

Generation: 193 
 - Generation Avg Fit: 5280.771021874031 
 - Best Fitness: 5687.483883060965 
 - Worst Fitness: 0.0
 - Best Solution: array([-0.47403574,  0.11783148, -0.37041867, -0.26520685, -0.27464377,
       -0.0855731 ,  0.39254141,  0.35701813,  0.32201499, -0.04649038,
        0.26079687, -0.26848746,  0.36375144,  0.22819451,  0.12551742,
       -0.47309689,  0.15361035, -0.24415431,  0.06798662,  0.37695955,
       -0.12037192, -0.05390941, -0.09087782, -0.0649448 , -0.49565473,
       -0.1995435 , -0.18419797,  0.32335901, -0.27061545, -0.07496158,
        0.14291113,  0.17618194,  0.15815817, -0.29747101, -0.37035348,
       -0.31055526,  0.32260936, -0.44684938,  0.4214202 , -0.15443518,
       -0.35073199,  0.11869686,  0.48510927, -0.02094116,  0.15110919,
        0.08592516,  0.41824835, -0.05716842, -0.21297374, -0.0374374 ,
       -0.11517097, -0.22875278,  0.02710471,  0.0444555 ,  0.45486001,
       -0.15865801, -0.48304237, -0.02270128,  0.18912002,  0.20228159,
       -0.1919553 ,  0.47485163,  0.1956931 , -0.23550472]) 

Generation: 194 
 - Generation Avg Fit: 5343.312898878814 
 - Best Fitness: 5687.483883060965 
 - Worst Fitness: 4220.060206977531
 - Best Solution: array([-0.47403574,  0.11783148, -0.37041867, -0.26520685, -0.27464377,
       -0.0855731 ,  0.39254141,  0.35701813,  0.32201499, -0.04649038,
        0.26079687, -0.26848746,  0.36375144,  0.22819451,  0.12551742,
       -0.47309689,  0.15361035, -0.24415431,  0.06798662,  0.37695955,
       -0.12037192, -0.05390941, -0.09087782, -0.0649448 , -0.49565473,
       -0.1995435 , -0.18419797,  0.32335901, -0.27061545, -0.07496158,
        0.14291113,  0.17618194,  0.15815817, -0.29747101, -0.37035348,
       -0.31055526,  0.32260936, -0.44684938,  0.4214202 , -0.15443518,
       -0.35073199,  0.11869686,  0.48510927, -0.02094116,  0.15110919,
        0.08592516,  0.41824835, -0.05716842, -0.21297374, -0.0374374 ,
       -0.11517097, -0.22875278,  0.02710471,  0.0444555 ,  0.45486001,
       -0.15865801, -0.48304237, -0.02270128,  0.18912002,  0.20228159,
       -0.1919553 ,  0.47485163,  0.1956931 , -0.23550472]) 

Generation: 195 
 - Generation Avg Fit: 5256.316086294781 
 - Best Fitness: 5687.483883060965 
 - Worst Fitness: 0.0
 - Best Solution: array([-0.47403574,  0.11783148, -0.37041867, -0.26520685, -0.27464377,
       -0.0855731 ,  0.39254141,  0.35701813,  0.32201499, -0.04649038,
        0.26079687, -0.26848746,  0.36375144,  0.22819451,  0.12551742,
       -0.47309689,  0.15361035, -0.24415431,  0.06798662,  0.37695955,
       -0.12037192, -0.05390941, -0.09087782, -0.0649448 , -0.49565473,
       -0.1995435 , -0.18419797,  0.32335901, -0.27061545, -0.07496158,
        0.14291113,  0.17618194,  0.15815817, -0.29747101, -0.37035348,
       -0.31055526,  0.32260936, -0.44684938,  0.4214202 , -0.15443518,
       -0.35073199,  0.11869686,  0.48510927, -0.02094116,  0.15110919,
        0.08592516,  0.41824835, -0.05716842, -0.21297374, -0.0374374 ,
       -0.11517097, -0.22875278,  0.02710471,  0.0444555 ,  0.45486001,
       -0.15865801, -0.48304237, -0.02270128,  0.18912002,  0.20228159,
       -0.1919553 ,  0.47485163,  0.1956931 , -0.23550472]) 

Generation: 196 
 - Generation Avg Fit: 5287.100571623892 
 - Best Fitness: 5687.483883060965 
 - Worst Fitness: 3412.3680413994007
 - Best Solution: array([-0.47403574,  0.11783148, -0.37041867, -0.26520685, -0.27464377,
       -0.0855731 ,  0.39254141,  0.35701813,  0.32201499, -0.04649038,
        0.26079687, -0.26848746,  0.36375144,  0.22819451,  0.12551742,
       -0.47309689,  0.15361035, -0.24415431,  0.06798662,  0.37695955,
       -0.12037192, -0.05390941, -0.09087782, -0.0649448 , -0.49565473,
       -0.1995435 , -0.18419797,  0.32335901, -0.27061545, -0.07496158,
        0.14291113,  0.17618194,  0.15815817, -0.29747101, -0.37035348,
       -0.31055526,  0.32260936, -0.44684938,  0.4214202 , -0.15443518,
       -0.35073199,  0.11869686,  0.48510927, -0.02094116,  0.15110919,
        0.08592516,  0.41824835, -0.05716842, -0.21297374, -0.0374374 ,
       -0.11517097, -0.22875278,  0.02710471,  0.0444555 ,  0.45486001,
       -0.15865801, -0.48304237, -0.02270128,  0.18912002,  0.20228159,
       -0.1919553 ,  0.47485163,  0.1956931 , -0.23550472]) 

Generation: 197 
 - Generation Avg Fit: 5304.038226517964 
 - Best Fitness: 5687.483883060965 
 - Worst Fitness: 3719.8124986691
 - Best Solution: array([-0.47403574,  0.11783148, -0.37041867, -0.26520685, -0.27464377,
       -0.0855731 ,  0.39254141,  0.35701813,  0.32201499, -0.04649038,
        0.26079687, -0.26848746,  0.36375144,  0.22819451,  0.12551742,
       -0.47309689,  0.15361035, -0.24415431,  0.06798662,  0.37695955,
       -0.12037192, -0.05390941, -0.09087782, -0.0649448 , -0.49565473,
       -0.1995435 , -0.18419797,  0.32335901, -0.27061545, -0.07496158,
        0.14291113,  0.17618194,  0.15815817, -0.29747101, -0.37035348,
       -0.31055526,  0.32260936, -0.44684938,  0.4214202 , -0.15443518,
       -0.35073199,  0.11869686,  0.48510927, -0.02094116,  0.15110919,
        0.08592516,  0.41824835, -0.05716842, -0.21297374, -0.0374374 ,
       -0.11517097, -0.22875278,  0.02710471,  0.0444555 ,  0.45486001,
       -0.15865801, -0.48304237, -0.02270128,  0.18912002,  0.20228159,
       -0.1919553 ,  0.47485163,  0.1956931 , -0.23550472]) 

Generation: 198 
 - Generation Avg Fit: 5303.592447591092 
 - Best Fitness: 5687.483883060965 
 - Worst Fitness: 0.0
 - Best Solution: array([-0.47403574,  0.11783148, -0.37041867, -0.26520685, -0.27464377,
       -0.0855731 ,  0.39254141,  0.35701813,  0.32201499, -0.04649038,
        0.26079687, -0.26848746,  0.36375144,  0.22819451,  0.12551742,
       -0.47309689,  0.15361035, -0.24415431,  0.06798662,  0.37695955,
       -0.12037192, -0.05390941, -0.09087782, -0.0649448 , -0.49565473,
       -0.1995435 , -0.18419797,  0.32335901, -0.27061545, -0.07496158,
        0.14291113,  0.17618194,  0.15815817, -0.29747101, -0.37035348,
       -0.31055526,  0.32260936, -0.44684938,  0.4214202 , -0.15443518,
       -0.35073199,  0.11869686,  0.48510927, -0.02094116,  0.15110919,
        0.08592516,  0.41824835, -0.05716842, -0.21297374, -0.0374374 ,
       -0.11517097, -0.22875278,  0.02710471,  0.0444555 ,  0.45486001,
       -0.15865801, -0.48304237, -0.02270128,  0.18912002,  0.20228159,
       -0.1919553 ,  0.47485163,  0.1956931 , -0.23550472]) 

Generation: 199 
 - Generation Avg Fit: 5342.555112262273 
 - Best Fitness: 5687.483883060965 
 - Worst Fitness: 4162.938085108048
 - Best Solution: array([-0.47403574,  0.11783148, -0.37041867, -0.26520685, -0.27464377,
       -0.0855731 ,  0.39254141,  0.35701813,  0.32201499, -0.04649038,
        0.26079687, -0.26848746,  0.36375144,  0.22819451,  0.12551742,
       -0.47309689,  0.15361035, -0.24415431,  0.06798662,  0.37695955,
       -0.12037192, -0.05390941, -0.09087782, -0.0649448 , -0.49565473,
       -0.1995435 , -0.18419797,  0.32335901, -0.27061545, -0.07496158,
        0.14291113,  0.17618194,  0.15815817, -0.29747101, -0.37035348,
       -0.31055526,  0.32260936, -0.44684938,  0.4214202 , -0.15443518,
       -0.35073199,  0.11869686,  0.48510927, -0.02094116,  0.15110919,
        0.08592516,  0.41824835, -0.05716842, -0.21297374, -0.0374374 ,
       -0.11517097, -0.22875278,  0.02710471,  0.0444555 ,  0.45486001,
       -0.15865801, -0.48304237, -0.02270128,  0.18912002,  0.20228159,
       -0.1919553 ,  0.47485163,  0.1956931 , -0.23550472]) 

Generation: 200 
 - Generation Avg Fit: 5237.571612010374 
 - Best Fitness: 5687.483883060965 
 - Worst Fitness: 0.0
 - Best Solution: array([-0.47403574,  0.11783148, -0.37041867, -0.26520685, -0.27464377,
       -0.0855731 ,  0.39254141,  0.35701813,  0.32201499, -0.04649038,
        0.26079687, -0.26848746,  0.36375144,  0.22819451,  0.12551742,
       -0.47309689,  0.15361035, -0.24415431,  0.06798662,  0.37695955,
       -0.12037192, -0.05390941, -0.09087782, -0.0649448 , -0.49565473,
       -0.1995435 , -0.18419797,  0.32335901, -0.27061545, -0.07496158,
        0.14291113,  0.17618194,  0.15815817, -0.29747101, -0.37035348,
       -0.31055526,  0.32260936, -0.44684938,  0.4214202 , -0.15443518,
       -0.35073199,  0.11869686,  0.48510927, -0.02094116,  0.15110919,
        0.08592516,  0.41824835, -0.05716842, -0.21297374, -0.0374374 ,
       -0.11517097, -0.22875278,  0.02710471,  0.0444555 ,  0.45486001,
       -0.15865801, -0.48304237, -0.02270128,  0.18912002,  0.20228159,
       -0.1919553 ,  0.47485163,  0.1956931 , -0.23550472]) 

Generation: 201 
 - Generation Avg Fit: 5246.028002023917 
 - Best Fitness: 5687.483883060965 
 - Worst Fitness: 0.0
 - Best Solution: array([-0.47403574,  0.11783148, -0.37041867, -0.26520685, -0.27464377,
       -0.0855731 ,  0.39254141,  0.35701813,  0.32201499, -0.04649038,
        0.26079687, -0.26848746,  0.36375144,  0.22819451,  0.12551742,
       -0.47309689,  0.15361035, -0.24415431,  0.06798662,  0.37695955,
       -0.12037192, -0.05390941, -0.09087782, -0.0649448 , -0.49565473,
       -0.1995435 , -0.18419797,  0.32335901, -0.27061545, -0.07496158,
        0.14291113,  0.17618194,  0.15815817, -0.29747101, -0.37035348,
       -0.31055526,  0.32260936, -0.44684938,  0.4214202 , -0.15443518,
       -0.35073199,  0.11869686,  0.48510927, -0.02094116,  0.15110919,
        0.08592516,  0.41824835, -0.05716842, -0.21297374, -0.0374374 ,
       -0.11517097, -0.22875278,  0.02710471,  0.0444555 ,  0.45486001,
       -0.15865801, -0.48304237, -0.02270128,  0.18912002,  0.20228159,
       -0.1919553 ,  0.47485163,  0.1956931 , -0.23550472]) 

Generation: 202 
 - Generation Avg Fit: 5265.200793467143 
 - Best Fitness: 5726.5622770594255 
 - Worst Fitness: 0.0
 - Best Solution: array([-0.48939764,  0.08021076, -0.37386499, -0.26249028, -0.28040313,
       -0.09458245,  0.4083267 ,  0.35686476,  0.29811118, -0.06127159,
        0.2922868 , -0.26614409,  0.36732749,  0.17528044,  0.15679085,
       -0.47629006,  0.16348362, -0.22553549,  0.07311156,  0.33833105,
       -0.12133949, -0.05503828, -0.04033325, -0.08047118, -0.49512629,
       -0.20527427, -0.16743225,  0.30526661, -0.26366047, -0.04596578,
        0.16753677,  0.1343045 ,  0.15058697, -0.30572464, -0.35029203,
       -0.32072593,  0.318861  , -0.46333697,  0.41645616, -0.18543642,
       -0.35102178,  0.13203339,  0.47269486, -0.01914338,  0.18586427,
        0.06716076,  0.41838899, -0.05139002, -0.22197514, -0.02980562,
       -0.10759908, -0.2223211 ,  0.00113985,  0.04477026,  0.48172444,
       -0.15828249, -0.46705662, -0.02112215,  0.18591546,  0.18626592,
       -0.18784027,  0.4903834 ,  0.19557129, -0.22762942]) 

Generation: 203 
 - Generation Avg Fit: 5307.676803757287 
 - Best Fitness: 5726.5622770594255 
 - Worst Fitness: 4208.507235343748
 - Best Solution: array([-0.47403574,  0.11783148, -0.37041867, -0.26520685, -0.27464377,
       -0.0855731 ,  0.39254141,  0.35701813,  0.32201499, -0.04649038,
        0.26079687, -0.26848746,  0.36375144,  0.22819451,  0.12551742,
       -0.47309689,  0.15361035, -0.24415431,  0.06798662,  0.37695955,
       -0.12037192, -0.05390941, -0.09087782, -0.0649448 , -0.49565473,
       -0.1995435 , -0.18419797,  0.32335901, -0.27061545, -0.07496158,
        0.14291113,  0.17618194,  0.15815817, -0.29747101, -0.37035348,
       -0.31055526,  0.32260936, -0.44684938,  0.4214202 , -0.15443518,
       -0.35073199,  0.11869686,  0.48510927, -0.02094116,  0.15110919,
        0.08592516,  0.41824835, -0.05716842, -0.21297374, -0.0374374 ,
       -0.11517097, -0.22875278,  0.02710471,  0.0444555 ,  0.45486001,
       -0.15865801, -0.48304237, -0.02270128,  0.18912002,  0.20228159,
       -0.1919553 ,  0.47485163,  0.1956931 , -0.23550472]) 

Generation: 204 
 - Generation Avg Fit: 5323.901949839646 
 - Best Fitness: 5726.5622770594255 
 - Worst Fitness: 4230.630853057438
 - Best Solution: array([-0.48939764,  0.08021076, -0.37386499, -0.26249028, -0.28040313,
       -0.09458245,  0.4083267 ,  0.35686476,  0.29811118, -0.06127159,
        0.2922868 , -0.26614409,  0.36732749,  0.17528044,  0.15679085,
       -0.47629006,  0.16348362, -0.22553549,  0.07311156,  0.33833105,
       -0.12133949, -0.05503828, -0.04033325, -0.08047118, -0.49512629,
       -0.20527427, -0.16743225,  0.30526661, -0.26366047, -0.04596578,
        0.16753677,  0.1343045 ,  0.15058697, -0.30572464, -0.35029203,
       -0.32072593,  0.318861  , -0.46333697,  0.41645616, -0.18543642,
       -0.35102178,  0.13203339,  0.47269486, -0.01914338,  0.18586427,
        0.06716076,  0.41838899, -0.05139002, -0.22197514, -0.02980562,
       -0.10759908, -0.2223211 ,  0.00113985,  0.04477026,  0.48172444,
       -0.15828249, -0.46705662, -0.02112215,  0.18591546,  0.18626592,
       -0.18784027,  0.4903834 ,  0.19557129, -0.22762942]) 

Generation: 205 
 - Generation Avg Fit: 5298.865332242248 
 - Best Fitness: 5726.5622770594255 
 - Worst Fitness: 2416.065630482844
 - Best Solution: array([-0.48939764,  0.08021076, -0.37386499, -0.26249028, -0.28040313,
       -0.09458245,  0.4083267 ,  0.35686476,  0.29811118, -0.06127159,
        0.2922868 , -0.26614409,  0.36732749,  0.17528044,  0.15679085,
       -0.47629006,  0.16348362, -0.22553549,  0.07311156,  0.33833105,
       -0.12133949, -0.05503828, -0.04033325, -0.08047118, -0.49512629,
       -0.20527427, -0.16743225,  0.30526661, -0.26366047, -0.04596578,
        0.16753677,  0.1343045 ,  0.15058697, -0.30572464, -0.35029203,
       -0.32072593,  0.318861  , -0.46333697,  0.41645616, -0.18543642,
       -0.35102178,  0.13203339,  0.47269486, -0.01914338,  0.18586427,
        0.06716076,  0.41838899, -0.05139002, -0.22197514, -0.02980562,
       -0.10759908, -0.2223211 ,  0.00113985,  0.04477026,  0.48172444,
       -0.15828249, -0.46705662, -0.02112215,  0.18591546,  0.18626592,
       -0.18784027,  0.4903834 ,  0.19557129, -0.22762942]) 

Generation: 206 
 - Generation Avg Fit: 5225.36857688925 
 - Best Fitness: 5726.5622770594255 
 - Worst Fitness: 0.0
 - Best Solution: array([-0.48939764,  0.08021076, -0.37386499, -0.26249028, -0.28040313,
       -0.09458245,  0.4083267 ,  0.35686476,  0.29811118, -0.06127159,
        0.2922868 , -0.26614409,  0.36732749,  0.17528044,  0.15679085,
       -0.47629006,  0.16348362, -0.22553549,  0.07311156,  0.33833105,
       -0.12133949, -0.05503828, -0.04033325, -0.08047118, -0.49512629,
       -0.20527427, -0.16743225,  0.30526661, -0.26366047, -0.04596578,
        0.16753677,  0.1343045 ,  0.15058697, -0.30572464, -0.35029203,
       -0.32072593,  0.318861  , -0.46333697,  0.41645616, -0.18543642,
       -0.35102178,  0.13203339,  0.47269486, -0.01914338,  0.18586427,
        0.06716076,  0.41838899, -0.05139002, -0.22197514, -0.02980562,
       -0.10759908, -0.2223211 ,  0.00113985,  0.04477026,  0.48172444,
       -0.15828249, -0.46705662, -0.02112215,  0.18591546,  0.18626592,
       -0.18784027,  0.4903834 ,  0.19557129, -0.22762942]) 

Generation: 207 
 - Generation Avg Fit: 5281.775790964661 
 - Best Fitness: 5726.5622770594255 
 - Worst Fitness: 0.0
 - Best Solution: array([-0.48939764,  0.08021076, -0.37386499, -0.26249028, -0.28040313,
       -0.09458245,  0.4083267 ,  0.35686476,  0.29811118, -0.06127159,
        0.2922868 , -0.26614409,  0.36732749,  0.17528044,  0.15679085,
       -0.47629006,  0.16348362, -0.22553549,  0.07311156,  0.33833105,
       -0.12133949, -0.05503828, -0.04033325, -0.08047118, -0.49512629,
       -0.20527427, -0.16743225,  0.30526661, -0.26366047, -0.04596578,
        0.16753677,  0.1343045 ,  0.15058697, -0.30572464, -0.35029203,
       -0.32072593,  0.318861  , -0.46333697,  0.41645616, -0.18543642,
       -0.35102178,  0.13203339,  0.47269486, -0.01914338,  0.18586427,
        0.06716076,  0.41838899, -0.05139002, -0.22197514, -0.02980562,
       -0.10759908, -0.2223211 ,  0.00113985,  0.04477026,  0.48172444,
       -0.15828249, -0.46705662, -0.02112215,  0.18591546,  0.18626592,
       -0.18784027,  0.4903834 ,  0.19557129, -0.22762942]) 

Generation: 208 
 - Generation Avg Fit: 5226.243676407186 
 - Best Fitness: 5726.5622770594255 
 - Worst Fitness: 0.0
 - Best Solution: array([-0.48939764,  0.08021076, -0.37386499, -0.26249028, -0.28040313,
       -0.09458245,  0.4083267 ,  0.35686476,  0.29811118, -0.06127159,
        0.2922868 , -0.26614409,  0.36732749,  0.17528044,  0.15679085,
       -0.47629006,  0.16348362, -0.22553549,  0.07311156,  0.33833105,
       -0.12133949, -0.05503828, -0.04033325, -0.08047118, -0.49512629,
       -0.20527427, -0.16743225,  0.30526661, -0.26366047, -0.04596578,
        0.16753677,  0.1343045 ,  0.15058697, -0.30572464, -0.35029203,
       -0.32072593,  0.318861  , -0.46333697,  0.41645616, -0.18543642,
       -0.35102178,  0.13203339,  0.47269486, -0.01914338,  0.18586427,
        0.06716076,  0.41838899, -0.05139002, -0.22197514, -0.02980562,
       -0.10759908, -0.2223211 ,  0.00113985,  0.04477026,  0.48172444,
       -0.15828249, -0.46705662, -0.02112215,  0.18591546,  0.18626592,
       -0.18784027,  0.4903834 ,  0.19557129, -0.22762942]) 

Generation: 209 
 - Generation Avg Fit: 5330.562404125825 
 - Best Fitness: 5726.5622770594255 
 - Worst Fitness: 3814.797382406452
 - Best Solution: array([-0.48939764,  0.08021076, -0.37386499, -0.26249028, -0.28040313,
       -0.09458245,  0.4083267 ,  0.35686476,  0.29811118, -0.06127159,
        0.2922868 , -0.26614409,  0.36732749,  0.17528044,  0.15679085,
       -0.47629006,  0.16348362, -0.22553549,  0.07311156,  0.33833105,
       -0.12133949, -0.05503828, -0.04033325, -0.08047118, -0.49512629,
       -0.20527427, -0.16743225,  0.30526661, -0.26366047, -0.04596578,
        0.16753677,  0.1343045 ,  0.15058697, -0.30572464, -0.35029203,
       -0.32072593,  0.318861  , -0.46333697,  0.41645616, -0.18543642,
       -0.35102178,  0.13203339,  0.47269486, -0.01914338,  0.18586427,
        0.06716076,  0.41838899, -0.05139002, -0.22197514, -0.02980562,
       -0.10759908, -0.2223211 ,  0.00113985,  0.04477026,  0.48172444,
       -0.15828249, -0.46705662, -0.02112215,  0.18591546,  0.18626592,
       -0.18784027,  0.4903834 ,  0.19557129, -0.22762942]) 

Generation: 210 
 - Generation Avg Fit: 5327.071395542391 
 - Best Fitness: 5726.5622770594255 
 - Worst Fitness: 3910.1917676713333
 - Best Solution: array([-0.48939764,  0.08021076, -0.37386499, -0.26249028, -0.28040313,
       -0.09458245,  0.4083267 ,  0.35686476,  0.29811118, -0.06127159,
        0.2922868 , -0.26614409,  0.36732749,  0.17528044,  0.15679085,
       -0.47629006,  0.16348362, -0.22553549,  0.07311156,  0.33833105,
       -0.12133949, -0.05503828, -0.04033325, -0.08047118, -0.49512629,
       -0.20527427, -0.16743225,  0.30526661, -0.26366047, -0.04596578,
        0.16753677,  0.1343045 ,  0.15058697, -0.30572464, -0.35029203,
       -0.32072593,  0.318861  , -0.46333697,  0.41645616, -0.18543642,
       -0.35102178,  0.13203339,  0.47269486, -0.01914338,  0.18586427,
        0.06716076,  0.41838899, -0.05139002, -0.22197514, -0.02980562,
       -0.10759908, -0.2223211 ,  0.00113985,  0.04477026,  0.48172444,
       -0.15828249, -0.46705662, -0.02112215,  0.18591546,  0.18626592,
       -0.18784027,  0.4903834 ,  0.19557129, -0.22762942]) 

Generation: 211 
 - Generation Avg Fit: 5252.8387050329175 
 - Best Fitness: 5726.5622770594255 
 - Worst Fitness: 0.0
 - Best Solution: array([-0.48939764,  0.08021076, -0.37386499, -0.26249028, -0.28040313,
       -0.09458245,  0.4083267 ,  0.35686476,  0.29811118, -0.06127159,
        0.2922868 , -0.26614409,  0.36732749,  0.17528044,  0.15679085,
       -0.47629006,  0.16348362, -0.22553549,  0.07311156,  0.33833105,
       -0.12133949, -0.05503828, -0.04033325, -0.08047118, -0.49512629,
       -0.20527427, -0.16743225,  0.30526661, -0.26366047, -0.04596578,
        0.16753677,  0.1343045 ,  0.15058697, -0.30572464, -0.35029203,
       -0.32072593,  0.318861  , -0.46333697,  0.41645616, -0.18543642,
       -0.35102178,  0.13203339,  0.47269486, -0.01914338,  0.18586427,
        0.06716076,  0.41838899, -0.05139002, -0.22197514, -0.02980562,
       -0.10759908, -0.2223211 ,  0.00113985,  0.04477026,  0.48172444,
       -0.15828249, -0.46705662, -0.02112215,  0.18591546,  0.18626592,
       -0.18784027,  0.4903834 ,  0.19557129, -0.22762942]) 

Generation: 212 
 - Generation Avg Fit: 5322.935327381153 
 - Best Fitness: 5726.5622770594255 
 - Worst Fitness: 3456.3826118606034
 - Best Solution: array([-0.48939764,  0.08021076, -0.37386499, -0.26249028, -0.28040313,
       -0.09458245,  0.4083267 ,  0.35686476,  0.29811118, -0.06127159,
        0.2922868 , -0.26614409,  0.36732749,  0.17528044,  0.15679085,
       -0.47629006,  0.16348362, -0.22553549,  0.07311156,  0.33833105,
       -0.12133949, -0.05503828, -0.04033325, -0.08047118, -0.49512629,
       -0.20527427, -0.16743225,  0.30526661, -0.26366047, -0.04596578,
        0.16753677,  0.1343045 ,  0.15058697, -0.30572464, -0.35029203,
       -0.32072593,  0.318861  , -0.46333697,  0.41645616, -0.18543642,
       -0.35102178,  0.13203339,  0.47269486, -0.01914338,  0.18586427,
        0.06716076,  0.41838899, -0.05139002, -0.22197514, -0.02980562,
       -0.10759908, -0.2223211 ,  0.00113985,  0.04477026,  0.48172444,
       -0.15828249, -0.46705662, -0.02112215,  0.18591546,  0.18626592,
       -0.18784027,  0.4903834 ,  0.19557129, -0.22762942]) 

Generation: 213 
 - Generation Avg Fit: 5297.668283988031 
 - Best Fitness: 5726.5622770594255 
 - Worst Fitness: 0.0
 - Best Solution: array([-0.48939764,  0.08021076, -0.37386499, -0.26249028, -0.28040313,
       -0.09458245,  0.4083267 ,  0.35686476,  0.29811118, -0.06127159,
        0.2922868 , -0.26614409,  0.36732749,  0.17528044,  0.15679085,
       -0.47629006,  0.16348362, -0.22553549,  0.07311156,  0.33833105,
       -0.12133949, -0.05503828, -0.04033325, -0.08047118, -0.49512629,
       -0.20527427, -0.16743225,  0.30526661, -0.26366047, -0.04596578,
        0.16753677,  0.1343045 ,  0.15058697, -0.30572464, -0.35029203,
       -0.32072593,  0.318861  , -0.46333697,  0.41645616, -0.18543642,
       -0.35102178,  0.13203339,  0.47269486, -0.01914338,  0.18586427,
        0.06716076,  0.41838899, -0.05139002, -0.22197514, -0.02980562,
       -0.10759908, -0.2223211 ,  0.00113985,  0.04477026,  0.48172444,
       -0.15828249, -0.46705662, -0.02112215,  0.18591546,  0.18626592,
       -0.18784027,  0.4903834 ,  0.19557129, -0.22762942]) 

Generation: 214 
 - Generation Avg Fit: 5335.3114729466315 
 - Best Fitness: 5726.5622770594255 
 - Worst Fitness: 0.0
 - Best Solution: array([-0.48939764,  0.08021076, -0.37386499, -0.26249028, -0.28040313,
       -0.09458245,  0.4083267 ,  0.35686476,  0.29811118, -0.06127159,
        0.2922868 , -0.26614409,  0.36732749,  0.17528044,  0.15679085,
       -0.47629006,  0.16348362, -0.22553549,  0.07311156,  0.33833105,
       -0.12133949, -0.05503828, -0.04033325, -0.08047118, -0.49512629,
       -0.20527427, -0.16743225,  0.30526661, -0.26366047, -0.04596578,
        0.16753677,  0.1343045 ,  0.15058697, -0.30572464, -0.35029203,
       -0.32072593,  0.318861  , -0.46333697,  0.41645616, -0.18543642,
       -0.35102178,  0.13203339,  0.47269486, -0.01914338,  0.18586427,
        0.06716076,  0.41838899, -0.05139002, -0.22197514, -0.02980562,
       -0.10759908, -0.2223211 ,  0.00113985,  0.04477026,  0.48172444,
       -0.15828249, -0.46705662, -0.02112215,  0.18591546,  0.18626592,
       -0.18784027,  0.4903834 ,  0.19557129, -0.22762942]) 

Generation: 215 
 - Generation Avg Fit: 5299.344287504734 
 - Best Fitness: 5726.5622770594255 
 - Worst Fitness: 0.0
 - Best Solution: array([-0.48939764,  0.08021076, -0.37386499, -0.26249028, -0.28040313,
       -0.09458245,  0.4083267 ,  0.35686476,  0.29811118, -0.06127159,
        0.2922868 , -0.26614409,  0.36732749,  0.17528044,  0.15679085,
       -0.47629006,  0.16348362, -0.22553549,  0.07311156,  0.33833105,
       -0.12133949, -0.05503828, -0.04033325, -0.08047118, -0.49512629,
       -0.20527427, -0.16743225,  0.30526661, -0.26366047, -0.04596578,
        0.16753677,  0.1343045 ,  0.15058697, -0.30572464, -0.35029203,
       -0.32072593,  0.318861  , -0.46333697,  0.41645616, -0.18543642,
       -0.35102178,  0.13203339,  0.47269486, -0.01914338,  0.18586427,
        0.06716076,  0.41838899, -0.05139002, -0.22197514, -0.02980562,
       -0.10759908, -0.2223211 ,  0.00113985,  0.04477026,  0.48172444,
       -0.15828249, -0.46705662, -0.02112215,  0.18591546,  0.18626592,
       -0.18784027,  0.4903834 ,  0.19557129, -0.22762942]) 

Generation: 216 
 - Generation Avg Fit: 5340.058617172956 
 - Best Fitness: 5726.5622770594255 
 - Worst Fitness: 3986.420161459598
 - Best Solution: array([-0.48939764,  0.08021076, -0.37386499, -0.26249028, -0.28040313,
       -0.09458245,  0.4083267 ,  0.35686476,  0.29811118, -0.06127159,
        0.2922868 , -0.26614409,  0.36732749,  0.17528044,  0.15679085,
       -0.47629006,  0.16348362, -0.22553549,  0.07311156,  0.33833105,
       -0.12133949, -0.05503828, -0.04033325, -0.08047118, -0.49512629,
       -0.20527427, -0.16743225,  0.30526661, -0.26366047, -0.04596578,
        0.16753677,  0.1343045 ,  0.15058697, -0.30572464, -0.35029203,
       -0.32072593,  0.318861  , -0.46333697,  0.41645616, -0.18543642,
       -0.35102178,  0.13203339,  0.47269486, -0.01914338,  0.18586427,
        0.06716076,  0.41838899, -0.05139002, -0.22197514, -0.02980562,
       -0.10759908, -0.2223211 ,  0.00113985,  0.04477026,  0.48172444,
       -0.15828249, -0.46705662, -0.02112215,  0.18591546,  0.18626592,
       -0.18784027,  0.4903834 ,  0.19557129, -0.22762942]) 

Generation: 217 
 - Generation Avg Fit: 5312.32542392725 
 - Best Fitness: 5726.5622770594255 
 - Worst Fitness: 0.0
 - Best Solution: array([-0.48939764,  0.08021076, -0.37386499, -0.26249028, -0.28040313,
       -0.09458245,  0.4083267 ,  0.35686476,  0.29811118, -0.06127159,
        0.2922868 , -0.26614409,  0.36732749,  0.17528044,  0.15679085,
       -0.47629006,  0.16348362, -0.22553549,  0.07311156,  0.33833105,
       -0.12133949, -0.05503828, -0.04033325, -0.08047118, -0.49512629,
       -0.20527427, -0.16743225,  0.30526661, -0.26366047, -0.04596578,
        0.16753677,  0.1343045 ,  0.15058697, -0.30572464, -0.35029203,
       -0.32072593,  0.318861  , -0.46333697,  0.41645616, -0.18543642,
       -0.35102178,  0.13203339,  0.47269486, -0.01914338,  0.18586427,
        0.06716076,  0.41838899, -0.05139002, -0.22197514, -0.02980562,
       -0.10759908, -0.2223211 ,  0.00113985,  0.04477026,  0.48172444,
       -0.15828249, -0.46705662, -0.02112215,  0.18591546,  0.18626592,
       -0.18784027,  0.4903834 ,  0.19557129, -0.22762942]) 

Generation: 218 
 - Generation Avg Fit: 5322.215208345014 
 - Best Fitness: 5726.5622770594255 
 - Worst Fitness: 0.0
 - Best Solution: array([-0.48939764,  0.08021076, -0.37386499, -0.26249028, -0.28040313,
       -0.09458245,  0.4083267 ,  0.35686476,  0.29811118, -0.06127159,
        0.2922868 , -0.26614409,  0.36732749,  0.17528044,  0.15679085,
       -0.47629006,  0.16348362, -0.22553549,  0.07311156,  0.33833105,
       -0.12133949, -0.05503828, -0.04033325, -0.08047118, -0.49512629,
       -0.20527427, -0.16743225,  0.30526661, -0.26366047, -0.04596578,
        0.16753677,  0.1343045 ,  0.15058697, -0.30572464, -0.35029203,
       -0.32072593,  0.318861  , -0.46333697,  0.41645616, -0.18543642,
       -0.35102178,  0.13203339,  0.47269486, -0.01914338,  0.18586427,
        0.06716076,  0.41838899, -0.05139002, -0.22197514, -0.02980562,
       -0.10759908, -0.2223211 ,  0.00113985,  0.04477026,  0.48172444,
       -0.15828249, -0.46705662, -0.02112215,  0.18591546,  0.18626592,
       -0.18784027,  0.4903834 ,  0.19557129, -0.22762942]) 

Generation: 219 
 - Generation Avg Fit: 5325.567677989084 
 - Best Fitness: 5726.5622770594255 
 - Worst Fitness: 0.0
 - Best Solution: array([-0.48939764,  0.08021076, -0.37386499, -0.26249028, -0.28040313,
       -0.09458245,  0.4083267 ,  0.35686476,  0.29811118, -0.06127159,
        0.2922868 , -0.26614409,  0.36732749,  0.17528044,  0.15679085,
       -0.47629006,  0.16348362, -0.22553549,  0.07311156,  0.33833105,
       -0.12133949, -0.05503828, -0.04033325, -0.08047118, -0.49512629,
       -0.20527427, -0.16743225,  0.30526661, -0.26366047, -0.04596578,
        0.16753677,  0.1343045 ,  0.15058697, -0.30572464, -0.35029203,
       -0.32072593,  0.318861  , -0.46333697,  0.41645616, -0.18543642,
       -0.35102178,  0.13203339,  0.47269486, -0.01914338,  0.18586427,
        0.06716076,  0.41838899, -0.05139002, -0.22197514, -0.02980562,
       -0.10759908, -0.2223211 ,  0.00113985,  0.04477026,  0.48172444,
       -0.15828249, -0.46705662, -0.02112215,  0.18591546,  0.18626592,
       -0.18784027,  0.4903834 ,  0.19557129, -0.22762942]) 

Generation: 220 
 - Generation Avg Fit: 5269.226772996346 
 - Best Fitness: 5726.5622770594255 
 - Worst Fitness: 0.0
 - Best Solution: array([-0.48939764,  0.08021076, -0.37386499, -0.26249028, -0.28040313,
       -0.09458245,  0.4083267 ,  0.35686476,  0.29811118, -0.06127159,
        0.2922868 , -0.26614409,  0.36732749,  0.17528044,  0.15679085,
       -0.47629006,  0.16348362, -0.22553549,  0.07311156,  0.33833105,
       -0.12133949, -0.05503828, -0.04033325, -0.08047118, -0.49512629,
       -0.20527427, -0.16743225,  0.30526661, -0.26366047, -0.04596578,
        0.16753677,  0.1343045 ,  0.15058697, -0.30572464, -0.35029203,
       -0.32072593,  0.318861  , -0.46333697,  0.41645616, -0.18543642,
       -0.35102178,  0.13203339,  0.47269486, -0.01914338,  0.18586427,
        0.06716076,  0.41838899, -0.05139002, -0.22197514, -0.02980562,
       -0.10759908, -0.2223211 ,  0.00113985,  0.04477026,  0.48172444,
       -0.15828249, -0.46705662, -0.02112215,  0.18591546,  0.18626592,
       -0.18784027,  0.4903834 ,  0.19557129, -0.22762942]) 

Generation: 221 
 - Generation Avg Fit: 5348.256712180418 
 - Best Fitness: 5726.5622770594255 
 - Worst Fitness: 3879.556246297867
 - Best Solution: array([-0.48939764,  0.08021076, -0.37386499, -0.26249028, -0.28040313,
       -0.09458245,  0.4083267 ,  0.35686476,  0.29811118, -0.06127159,
        0.2922868 , -0.26614409,  0.36732749,  0.17528044,  0.15679085,
       -0.47629006,  0.16348362, -0.22553549,  0.07311156,  0.33833105,
       -0.12133949, -0.05503828, -0.04033325, -0.08047118, -0.49512629,
       -0.20527427, -0.16743225,  0.30526661, -0.26366047, -0.04596578,
        0.16753677,  0.1343045 ,  0.15058697, -0.30572464, -0.35029203,
       -0.32072593,  0.318861  , -0.46333697,  0.41645616, -0.18543642,
       -0.35102178,  0.13203339,  0.47269486, -0.01914338,  0.18586427,
        0.06716076,  0.41838899, -0.05139002, -0.22197514, -0.02980562,
       -0.10759908, -0.2223211 ,  0.00113985,  0.04477026,  0.48172444,
       -0.15828249, -0.46705662, -0.02112215,  0.18591546,  0.18626592,
       -0.18784027,  0.4903834 ,  0.19557129, -0.22762942]) 

Generation: 222 
 - Generation Avg Fit: 5222.42630320517 
 - Best Fitness: 5726.5622770594255 
 - Worst Fitness: 0.0
 - Best Solution: array([-0.48939764,  0.08021076, -0.37386499, -0.26249028, -0.28040313,
       -0.09458245,  0.4083267 ,  0.35686476,  0.29811118, -0.06127159,
        0.2922868 , -0.26614409,  0.36732749,  0.17528044,  0.15679085,
       -0.47629006,  0.16348362, -0.22553549,  0.07311156,  0.33833105,
       -0.12133949, -0.05503828, -0.04033325, -0.08047118, -0.49512629,
       -0.20527427, -0.16743225,  0.30526661, -0.26366047, -0.04596578,
        0.16753677,  0.1343045 ,  0.15058697, -0.30572464, -0.35029203,
       -0.32072593,  0.318861  , -0.46333697,  0.41645616, -0.18543642,
       -0.35102178,  0.13203339,  0.47269486, -0.01914338,  0.18586427,
        0.06716076,  0.41838899, -0.05139002, -0.22197514, -0.02980562,
       -0.10759908, -0.2223211 ,  0.00113985,  0.04477026,  0.48172444,
       -0.15828249, -0.46705662, -0.02112215,  0.18591546,  0.18626592,
       -0.18784027,  0.4903834 ,  0.19557129, -0.22762942]) 

Generation: 223 
 - Generation Avg Fit: 5340.245389593201 
 - Best Fitness: 5726.5622770594255 
 - Worst Fitness: 2696.7124323602834
 - Best Solution: array([-0.48939764,  0.08021076, -0.37386499, -0.26249028, -0.28040313,
       -0.09458245,  0.4083267 ,  0.35686476,  0.29811118, -0.06127159,
        0.2922868 , -0.26614409,  0.36732749,  0.17528044,  0.15679085,
       -0.47629006,  0.16348362, -0.22553549,  0.07311156,  0.33833105,
       -0.12133949, -0.05503828, -0.04033325, -0.08047118, -0.49512629,
       -0.20527427, -0.16743225,  0.30526661, -0.26366047, -0.04596578,
        0.16753677,  0.1343045 ,  0.15058697, -0.30572464, -0.35029203,
       -0.32072593,  0.318861  , -0.46333697,  0.41645616, -0.18543642,
       -0.35102178,  0.13203339,  0.47269486, -0.01914338,  0.18586427,
        0.06716076,  0.41838899, -0.05139002, -0.22197514, -0.02980562,
       -0.10759908, -0.2223211 ,  0.00113985,  0.04477026,  0.48172444,
       -0.15828249, -0.46705662, -0.02112215,  0.18591546,  0.18626592,
       -0.18784027,  0.4903834 ,  0.19557129, -0.22762942]) 

Generation: 224 
 - Generation Avg Fit: 5350.579557561951 
 - Best Fitness: 5726.5622770594255 
 - Worst Fitness: 3431.3559901187673
 - Best Solution: array([-0.48939764,  0.08021076, -0.37386499, -0.26249028, -0.28040313,
       -0.09458245,  0.4083267 ,  0.35686476,  0.29811118, -0.06127159,
        0.2922868 , -0.26614409,  0.36732749,  0.17528044,  0.15679085,
       -0.47629006,  0.16348362, -0.22553549,  0.07311156,  0.33833105,
       -0.12133949, -0.05503828, -0.04033325, -0.08047118, -0.49512629,
       -0.20527427, -0.16743225,  0.30526661, -0.26366047, -0.04596578,
        0.16753677,  0.1343045 ,  0.15058697, -0.30572464, -0.35029203,
       -0.32072593,  0.318861  , -0.46333697,  0.41645616, -0.18543642,
       -0.35102178,  0.13203339,  0.47269486, -0.01914338,  0.18586427,
        0.06716076,  0.41838899, -0.05139002, -0.22197514, -0.02980562,
       -0.10759908, -0.2223211 ,  0.00113985,  0.04477026,  0.48172444,
       -0.15828249, -0.46705662, -0.02112215,  0.18591546,  0.18626592,
       -0.18784027,  0.4903834 ,  0.19557129, -0.22762942]) 

Generation: 225 
 - Generation Avg Fit: 5288.896425140458 
 - Best Fitness: 5726.5622770594255 
 - Worst Fitness: 0.0
 - Best Solution: array([-0.48939764,  0.08021076, -0.37386499, -0.26249028, -0.28040313,
       -0.09458245,  0.4083267 ,  0.35686476,  0.29811118, -0.06127159,
        0.2922868 , -0.26614409,  0.36732749,  0.17528044,  0.15679085,
       -0.47629006,  0.16348362, -0.22553549,  0.07311156,  0.33833105,
       -0.12133949, -0.05503828, -0.04033325, -0.08047118, -0.49512629,
       -0.20527427, -0.16743225,  0.30526661, -0.26366047, -0.04596578,
        0.16753677,  0.1343045 ,  0.15058697, -0.30572464, -0.35029203,
       -0.32072593,  0.318861  , -0.46333697,  0.41645616, -0.18543642,
       -0.35102178,  0.13203339,  0.47269486, -0.01914338,  0.18586427,
        0.06716076,  0.41838899, -0.05139002, -0.22197514, -0.02980562,
       -0.10759908, -0.2223211 ,  0.00113985,  0.04477026,  0.48172444,
       -0.15828249, -0.46705662, -0.02112215,  0.18591546,  0.18626592,
       -0.18784027,  0.4903834 ,  0.19557129, -0.22762942]) 

Generation: 226 
 - Generation Avg Fit: 5243.429001499565 
 - Best Fitness: 5726.5622770594255 
 - Worst Fitness: 0.0
 - Best Solution: array([-0.48939764,  0.08021076, -0.37386499, -0.26249028, -0.28040313,
       -0.09458245,  0.4083267 ,  0.35686476,  0.29811118, -0.06127159,
        0.2922868 , -0.26614409,  0.36732749,  0.17528044,  0.15679085,
       -0.47629006,  0.16348362, -0.22553549,  0.07311156,  0.33833105,
       -0.12133949, -0.05503828, -0.04033325, -0.08047118, -0.49512629,
       -0.20527427, -0.16743225,  0.30526661, -0.26366047, -0.04596578,
        0.16753677,  0.1343045 ,  0.15058697, -0.30572464, -0.35029203,
       -0.32072593,  0.318861  , -0.46333697,  0.41645616, -0.18543642,
       -0.35102178,  0.13203339,  0.47269486, -0.01914338,  0.18586427,
        0.06716076,  0.41838899, -0.05139002, -0.22197514, -0.02980562,
       -0.10759908, -0.2223211 ,  0.00113985,  0.04477026,  0.48172444,
       -0.15828249, -0.46705662, -0.02112215,  0.18591546,  0.18626592,
       -0.18784027,  0.4903834 ,  0.19557129, -0.22762942]) 

Generation: 227 
 - Generation Avg Fit: 5328.032218650485 
 - Best Fitness: 5726.5622770594255 
 - Worst Fitness: 0.0
 - Best Solution: array([-0.48939764,  0.08021076, -0.37386499, -0.26249028, -0.28040313,
       -0.09458245,  0.4083267 ,  0.35686476,  0.29811118, -0.06127159,
        0.2922868 , -0.26614409,  0.36732749,  0.17528044,  0.15679085,
       -0.47629006,  0.16348362, -0.22553549,  0.07311156,  0.33833105,
       -0.12133949, -0.05503828, -0.04033325, -0.08047118, -0.49512629,
       -0.20527427, -0.16743225,  0.30526661, -0.26366047, -0.04596578,
        0.16753677,  0.1343045 ,  0.15058697, -0.30572464, -0.35029203,
       -0.32072593,  0.318861  , -0.46333697,  0.41645616, -0.18543642,
       -0.35102178,  0.13203339,  0.47269486, -0.01914338,  0.18586427,
        0.06716076,  0.41838899, -0.05139002, -0.22197514, -0.02980562,
       -0.10759908, -0.2223211 ,  0.00113985,  0.04477026,  0.48172444,
       -0.15828249, -0.46705662, -0.02112215,  0.18591546,  0.18626592,
       -0.18784027,  0.4903834 ,  0.19557129, -0.22762942]) 

Generation: 228 
 - Generation Avg Fit: 5237.390738213897 
 - Best Fitness: 5726.5622770594255 
 - Worst Fitness: 0.0
 - Best Solution: array([-0.48939764,  0.08021076, -0.37386499, -0.26249028, -0.28040313,
       -0.09458245,  0.4083267 ,  0.35686476,  0.29811118, -0.06127159,
        0.2922868 , -0.26614409,  0.36732749,  0.17528044,  0.15679085,
       -0.47629006,  0.16348362, -0.22553549,  0.07311156,  0.33833105,
       -0.12133949, -0.05503828, -0.04033325, -0.08047118, -0.49512629,
       -0.20527427, -0.16743225,  0.30526661, -0.26366047, -0.04596578,
        0.16753677,  0.1343045 ,  0.15058697, -0.30572464, -0.35029203,
       -0.32072593,  0.318861  , -0.46333697,  0.41645616, -0.18543642,
       -0.35102178,  0.13203339,  0.47269486, -0.01914338,  0.18586427,
        0.06716076,  0.41838899, -0.05139002, -0.22197514, -0.02980562,
       -0.10759908, -0.2223211 ,  0.00113985,  0.04477026,  0.48172444,
       -0.15828249, -0.46705662, -0.02112215,  0.18591546,  0.18626592,
       -0.18784027,  0.4903834 ,  0.19557129, -0.22762942]) 

Generation: 229 
 - Generation Avg Fit: 5305.042501377273 
 - Best Fitness: 5726.5622770594255 
 - Worst Fitness: 0.0
 - Best Solution: array([-0.48939764,  0.08021076, -0.37386499, -0.26249028, -0.28040313,
       -0.09458245,  0.4083267 ,  0.35686476,  0.29811118, -0.06127159,
        0.2922868 , -0.26614409,  0.36732749,  0.17528044,  0.15679085,
       -0.47629006,  0.16348362, -0.22553549,  0.07311156,  0.33833105,
       -0.12133949, -0.05503828, -0.04033325, -0.08047118, -0.49512629,
       -0.20527427, -0.16743225,  0.30526661, -0.26366047, -0.04596578,
        0.16753677,  0.1343045 ,  0.15058697, -0.30572464, -0.35029203,
       -0.32072593,  0.318861  , -0.46333697,  0.41645616, -0.18543642,
       -0.35102178,  0.13203339,  0.47269486, -0.01914338,  0.18586427,
        0.06716076,  0.41838899, -0.05139002, -0.22197514, -0.02980562,
       -0.10759908, -0.2223211 ,  0.00113985,  0.04477026,  0.48172444,
       -0.15828249, -0.46705662, -0.02112215,  0.18591546,  0.18626592,
       -0.18784027,  0.4903834 ,  0.19557129, -0.22762942]) 

Generation: 230 
 - Generation Avg Fit: 5278.381215630448 
 - Best Fitness: 5726.5622770594255 
 - Worst Fitness: 0.0
 - Best Solution: array([-0.48939764,  0.08021076, -0.37386499, -0.26249028, -0.28040313,
       -0.09458245,  0.4083267 ,  0.35686476,  0.29811118, -0.06127159,
        0.2922868 , -0.26614409,  0.36732749,  0.17528044,  0.15679085,
       -0.47629006,  0.16348362, -0.22553549,  0.07311156,  0.33833105,
       -0.12133949, -0.05503828, -0.04033325, -0.08047118, -0.49512629,
       -0.20527427, -0.16743225,  0.30526661, -0.26366047, -0.04596578,
        0.16753677,  0.1343045 ,  0.15058697, -0.30572464, -0.35029203,
       -0.32072593,  0.318861  , -0.46333697,  0.41645616, -0.18543642,
       -0.35102178,  0.13203339,  0.47269486, -0.01914338,  0.18586427,
        0.06716076,  0.41838899, -0.05139002, -0.22197514, -0.02980562,
       -0.10759908, -0.2223211 ,  0.00113985,  0.04477026,  0.48172444,
       -0.15828249, -0.46705662, -0.02112215,  0.18591546,  0.18626592,
       -0.18784027,  0.4903834 ,  0.19557129, -0.22762942]) 

Generation: 231 
 - Generation Avg Fit: 5364.689994781192 
 - Best Fitness: 5726.5622770594255 
 - Worst Fitness: 3940.064943261577
 - Best Solution: array([-0.48939764,  0.08021076, -0.37386499, -0.26249028, -0.28040313,
       -0.09458245,  0.4083267 ,  0.35686476,  0.29811118, -0.06127159,
        0.2922868 , -0.26614409,  0.36732749,  0.17528044,  0.15679085,
       -0.47629006,  0.16348362, -0.22553549,  0.07311156,  0.33833105,
       -0.12133949, -0.05503828, -0.04033325, -0.08047118, -0.49512629,
       -0.20527427, -0.16743225,  0.30526661, -0.26366047, -0.04596578,
        0.16753677,  0.1343045 ,  0.15058697, -0.30572464, -0.35029203,
       -0.32072593,  0.318861  , -0.46333697,  0.41645616, -0.18543642,
       -0.35102178,  0.13203339,  0.47269486, -0.01914338,  0.18586427,
        0.06716076,  0.41838899, -0.05139002, -0.22197514, -0.02980562,
       -0.10759908, -0.2223211 ,  0.00113985,  0.04477026,  0.48172444,
       -0.15828249, -0.46705662, -0.02112215,  0.18591546,  0.18626592,
       -0.18784027,  0.4903834 ,  0.19557129, -0.22762942]) 

Generation: 232 
 - Generation Avg Fit: 5271.308303770339 
 - Best Fitness: 5726.5622770594255 
 - Worst Fitness: 0.0
 - Best Solution: array([-0.48939764,  0.08021076, -0.37386499, -0.26249028, -0.28040313,
       -0.09458245,  0.4083267 ,  0.35686476,  0.29811118, -0.06127159,
        0.2922868 , -0.26614409,  0.36732749,  0.17528044,  0.15679085,
       -0.47629006,  0.16348362, -0.22553549,  0.07311156,  0.33833105,
       -0.12133949, -0.05503828, -0.04033325, -0.08047118, -0.49512629,
       -0.20527427, -0.16743225,  0.30526661, -0.26366047, -0.04596578,
        0.16753677,  0.1343045 ,  0.15058697, -0.30572464, -0.35029203,
       -0.32072593,  0.318861  , -0.46333697,  0.41645616, -0.18543642,
       -0.35102178,  0.13203339,  0.47269486, -0.01914338,  0.18586427,
        0.06716076,  0.41838899, -0.05139002, -0.22197514, -0.02980562,
       -0.10759908, -0.2223211 ,  0.00113985,  0.04477026,  0.48172444,
       -0.15828249, -0.46705662, -0.02112215,  0.18591546,  0.18626592,
       -0.18784027,  0.4903834 ,  0.19557129, -0.22762942]) 

Generation: 233 
 - Generation Avg Fit: 5294.1460609032665 
 - Best Fitness: 5726.5622770594255 
 - Worst Fitness: 0.0
 - Best Solution: array([-0.48939764,  0.08021076, -0.37386499, -0.26249028, -0.28040313,
       -0.09458245,  0.4083267 ,  0.35686476,  0.29811118, -0.06127159,
        0.2922868 , -0.26614409,  0.36732749,  0.17528044,  0.15679085,
       -0.47629006,  0.16348362, -0.22553549,  0.07311156,  0.33833105,
       -0.12133949, -0.05503828, -0.04033325, -0.08047118, -0.49512629,
       -0.20527427, -0.16743225,  0.30526661, -0.26366047, -0.04596578,
        0.16753677,  0.1343045 ,  0.15058697, -0.30572464, -0.35029203,
       -0.32072593,  0.318861  , -0.46333697,  0.41645616, -0.18543642,
       -0.35102178,  0.13203339,  0.47269486, -0.01914338,  0.18586427,
        0.06716076,  0.41838899, -0.05139002, -0.22197514, -0.02980562,
       -0.10759908, -0.2223211 ,  0.00113985,  0.04477026,  0.48172444,
       -0.15828249, -0.46705662, -0.02112215,  0.18591546,  0.18626592,
       -0.18784027,  0.4903834 ,  0.19557129, -0.22762942]) 

Generation: 234 
 - Generation Avg Fit: 5262.892405843592 
 - Best Fitness: 5726.5622770594255 
 - Worst Fitness: 0.0
 - Best Solution: array([-0.48939764,  0.08021076, -0.37386499, -0.26249028, -0.28040313,
       -0.09458245,  0.4083267 ,  0.35686476,  0.29811118, -0.06127159,
        0.2922868 , -0.26614409,  0.36732749,  0.17528044,  0.15679085,
       -0.47629006,  0.16348362, -0.22553549,  0.07311156,  0.33833105,
       -0.12133949, -0.05503828, -0.04033325, -0.08047118, -0.49512629,
       -0.20527427, -0.16743225,  0.30526661, -0.26366047, -0.04596578,
        0.16753677,  0.1343045 ,  0.15058697, -0.30572464, -0.35029203,
       -0.32072593,  0.318861  , -0.46333697,  0.41645616, -0.18543642,
       -0.35102178,  0.13203339,  0.47269486, -0.01914338,  0.18586427,
        0.06716076,  0.41838899, -0.05139002, -0.22197514, -0.02980562,
       -0.10759908, -0.2223211 ,  0.00113985,  0.04477026,  0.48172444,
       -0.15828249, -0.46705662, -0.02112215,  0.18591546,  0.18626592,
       -0.18784027,  0.4903834 ,  0.19557129, -0.22762942]) 

Generation: 235 
 - Generation Avg Fit: 5349.515912965712 
 - Best Fitness: 5726.5622770594255 
 - Worst Fitness: 2046.3092815454957
 - Best Solution: array([-0.48939764,  0.08021076, -0.37386499, -0.26249028, -0.28040313,
       -0.09458245,  0.4083267 ,  0.35686476,  0.29811118, -0.06127159,
        0.2922868 , -0.26614409,  0.36732749,  0.17528044,  0.15679085,
       -0.47629006,  0.16348362, -0.22553549,  0.07311156,  0.33833105,
       -0.12133949, -0.05503828, -0.04033325, -0.08047118, -0.49512629,
       -0.20527427, -0.16743225,  0.30526661, -0.26366047, -0.04596578,
        0.16753677,  0.1343045 ,  0.15058697, -0.30572464, -0.35029203,
       -0.32072593,  0.318861  , -0.46333697,  0.41645616, -0.18543642,
       -0.35102178,  0.13203339,  0.47269486, -0.01914338,  0.18586427,
        0.06716076,  0.41838899, -0.05139002, -0.22197514, -0.02980562,
       -0.10759908, -0.2223211 ,  0.00113985,  0.04477026,  0.48172444,
       -0.15828249, -0.46705662, -0.02112215,  0.18591546,  0.18626592,
       -0.18784027,  0.4903834 ,  0.19557129, -0.22762942]) 

Generation: 236 
 - Generation Avg Fit: 5335.331303961854 
 - Best Fitness: 5726.5622770594255 
 - Worst Fitness: 0.0
 - Best Solution: array([-0.48939764,  0.08021076, -0.37386499, -0.26249028, -0.28040313,
       -0.09458245,  0.4083267 ,  0.35686476,  0.29811118, -0.06127159,
        0.2922868 , -0.26614409,  0.36732749,  0.17528044,  0.15679085,
       -0.47629006,  0.16348362, -0.22553549,  0.07311156,  0.33833105,
       -0.12133949, -0.05503828, -0.04033325, -0.08047118, -0.49512629,
       -0.20527427, -0.16743225,  0.30526661, -0.26366047, -0.04596578,
        0.16753677,  0.1343045 ,  0.15058697, -0.30572464, -0.35029203,
       -0.32072593,  0.318861  , -0.46333697,  0.41645616, -0.18543642,
       -0.35102178,  0.13203339,  0.47269486, -0.01914338,  0.18586427,
        0.06716076,  0.41838899, -0.05139002, -0.22197514, -0.02980562,
       -0.10759908, -0.2223211 ,  0.00113985,  0.04477026,  0.48172444,
       -0.15828249, -0.46705662, -0.02112215,  0.18591546,  0.18626592,
       -0.18784027,  0.4903834 ,  0.19557129, -0.22762942]) 

Generation: 237 
 - Generation Avg Fit: 5324.09214083601 
 - Best Fitness: 5726.5622770594255 
 - Worst Fitness: 3284.0537269347824
 - Best Solution: array([-0.48939764,  0.08021076, -0.37386499, -0.26249028, -0.28040313,
       -0.09458245,  0.4083267 ,  0.35686476,  0.29811118, -0.06127159,
        0.2922868 , -0.26614409,  0.36732749,  0.17528044,  0.15679085,
       -0.47629006,  0.16348362, -0.22553549,  0.07311156,  0.33833105,
       -0.12133949, -0.05503828, -0.04033325, -0.08047118, -0.49512629,
       -0.20527427, -0.16743225,  0.30526661, -0.26366047, -0.04596578,
        0.16753677,  0.1343045 ,  0.15058697, -0.30572464, -0.35029203,
       -0.32072593,  0.318861  , -0.46333697,  0.41645616, -0.18543642,
       -0.35102178,  0.13203339,  0.47269486, -0.01914338,  0.18586427,
        0.06716076,  0.41838899, -0.05139002, -0.22197514, -0.02980562,
       -0.10759908, -0.2223211 ,  0.00113985,  0.04477026,  0.48172444,
       -0.15828249, -0.46705662, -0.02112215,  0.18591546,  0.18626592,
       -0.18784027,  0.4903834 ,  0.19557129, -0.22762942]) 

Generation: 238 
 - Generation Avg Fit: 5337.015160039137 
 - Best Fitness: 5726.5622770594255 
 - Worst Fitness: 0.0
 - Best Solution: array([-0.48939764,  0.08021076, -0.37386499, -0.26249028, -0.28040313,
       -0.09458245,  0.4083267 ,  0.35686476,  0.29811118, -0.06127159,
        0.2922868 , -0.26614409,  0.36732749,  0.17528044,  0.15679085,
       -0.47629006,  0.16348362, -0.22553549,  0.07311156,  0.33833105,
       -0.12133949, -0.05503828, -0.04033325, -0.08047118, -0.49512629,
       -0.20527427, -0.16743225,  0.30526661, -0.26366047, -0.04596578,
        0.16753677,  0.1343045 ,  0.15058697, -0.30572464, -0.35029203,
       -0.32072593,  0.318861  , -0.46333697,  0.41645616, -0.18543642,
       -0.35102178,  0.13203339,  0.47269486, -0.01914338,  0.18586427,
        0.06716076,  0.41838899, -0.05139002, -0.22197514, -0.02980562,
       -0.10759908, -0.2223211 ,  0.00113985,  0.04477026,  0.48172444,
       -0.15828249, -0.46705662, -0.02112215,  0.18591546,  0.18626592,
       -0.18784027,  0.4903834 ,  0.19557129, -0.22762942]) 

Generation: 239 
 - Generation Avg Fit: 5355.563679521657 
 - Best Fitness: 5726.5622770594255 
 - Worst Fitness: 3899.5177738811226
 - Best Solution: array([-0.48939764,  0.08021076, -0.37386499, -0.26249028, -0.28040313,
       -0.09458245,  0.4083267 ,  0.35686476,  0.29811118, -0.06127159,
        0.2922868 , -0.26614409,  0.36732749,  0.17528044,  0.15679085,
       -0.47629006,  0.16348362, -0.22553549,  0.07311156,  0.33833105,
       -0.12133949, -0.05503828, -0.04033325, -0.08047118, -0.49512629,
       -0.20527427, -0.16743225,  0.30526661, -0.26366047, -0.04596578,
        0.16753677,  0.1343045 ,  0.15058697, -0.30572464, -0.35029203,
       -0.32072593,  0.318861  , -0.46333697,  0.41645616, -0.18543642,
       -0.35102178,  0.13203339,  0.47269486, -0.01914338,  0.18586427,
        0.06716076,  0.41838899, -0.05139002, -0.22197514, -0.02980562,
       -0.10759908, -0.2223211 ,  0.00113985,  0.04477026,  0.48172444,
       -0.15828249, -0.46705662, -0.02112215,  0.18591546,  0.18626592,
       -0.18784027,  0.4903834 ,  0.19557129, -0.22762942]) 

Generation: 240 
 - Generation Avg Fit: 5339.477504153893 
 - Best Fitness: 5726.5622770594255 
 - Worst Fitness: 3516.228669079923
 - Best Solution: array([-0.48939764,  0.08021076, -0.37386499, -0.26249028, -0.28040313,
       -0.09458245,  0.4083267 ,  0.35686476,  0.29811118, -0.06127159,
        0.2922868 , -0.26614409,  0.36732749,  0.17528044,  0.15679085,
       -0.47629006,  0.16348362, -0.22553549,  0.07311156,  0.33833105,
       -0.12133949, -0.05503828, -0.04033325, -0.08047118, -0.49512629,
       -0.20527427, -0.16743225,  0.30526661, -0.26366047, -0.04596578,
        0.16753677,  0.1343045 ,  0.15058697, -0.30572464, -0.35029203,
       -0.32072593,  0.318861  , -0.46333697,  0.41645616, -0.18543642,
       -0.35102178,  0.13203339,  0.47269486, -0.01914338,  0.18586427,
        0.06716076,  0.41838899, -0.05139002, -0.22197514, -0.02980562,
       -0.10759908, -0.2223211 ,  0.00113985,  0.04477026,  0.48172444,
       -0.15828249, -0.46705662, -0.02112215,  0.18591546,  0.18626592,
       -0.18784027,  0.4903834 ,  0.19557129, -0.22762942]) 

Generation: 241 
 - Generation Avg Fit: 5294.35922661832 
 - Best Fitness: 5726.5622770594255 
 - Worst Fitness: 0.0
 - Best Solution: array([-0.48939764,  0.08021076, -0.37386499, -0.26249028, -0.28040313,
       -0.09458245,  0.4083267 ,  0.35686476,  0.29811118, -0.06127159,
        0.2922868 , -0.26614409,  0.36732749,  0.17528044,  0.15679085,
       -0.47629006,  0.16348362, -0.22553549,  0.07311156,  0.33833105,
       -0.12133949, -0.05503828, -0.04033325, -0.08047118, -0.49512629,
       -0.20527427, -0.16743225,  0.30526661, -0.26366047, -0.04596578,
        0.16753677,  0.1343045 ,  0.15058697, -0.30572464, -0.35029203,
       -0.32072593,  0.318861  , -0.46333697,  0.41645616, -0.18543642,
       -0.35102178,  0.13203339,  0.47269486, -0.01914338,  0.18586427,
        0.06716076,  0.41838899, -0.05139002, -0.22197514, -0.02980562,
       -0.10759908, -0.2223211 ,  0.00113985,  0.04477026,  0.48172444,
       -0.15828249, -0.46705662, -0.02112215,  0.18591546,  0.18626592,
       -0.18784027,  0.4903834 ,  0.19557129, -0.22762942]) 

Generation: 242 
 - Generation Avg Fit: 5344.532426902482 
 - Best Fitness: 5726.5622770594255 
 - Worst Fitness: 0.0
 - Best Solution: array([-0.48939764,  0.08021076, -0.37386499, -0.26249028, -0.28040313,
       -0.09458245,  0.4083267 ,  0.35686476,  0.29811118, -0.06127159,
        0.2922868 , -0.26614409,  0.36732749,  0.17528044,  0.15679085,
       -0.47629006,  0.16348362, -0.22553549,  0.07311156,  0.33833105,
       -0.12133949, -0.05503828, -0.04033325, -0.08047118, -0.49512629,
       -0.20527427, -0.16743225,  0.30526661, -0.26366047, -0.04596578,
        0.16753677,  0.1343045 ,  0.15058697, -0.30572464, -0.35029203,
       -0.32072593,  0.318861  , -0.46333697,  0.41645616, -0.18543642,
       -0.35102178,  0.13203339,  0.47269486, -0.01914338,  0.18586427,
        0.06716076,  0.41838899, -0.05139002, -0.22197514, -0.02980562,
       -0.10759908, -0.2223211 ,  0.00113985,  0.04477026,  0.48172444,
       -0.15828249, -0.46705662, -0.02112215,  0.18591546,  0.18626592,
       -0.18784027,  0.4903834 ,  0.19557129, -0.22762942]) 

Generation: 243 
 - Generation Avg Fit: 5336.38395363053 
 - Best Fitness: 5726.5622770594255 
 - Worst Fitness: 0.0
 - Best Solution: array([-0.48939764,  0.08021076, -0.37386499, -0.26249028, -0.28040313,
       -0.09458245,  0.4083267 ,  0.35686476,  0.29811118, -0.06127159,
        0.2922868 , -0.26614409,  0.36732749,  0.17528044,  0.15679085,
       -0.47629006,  0.16348362, -0.22553549,  0.07311156,  0.33833105,
       -0.12133949, -0.05503828, -0.04033325, -0.08047118, -0.49512629,
       -0.20527427, -0.16743225,  0.30526661, -0.26366047, -0.04596578,
        0.16753677,  0.1343045 ,  0.15058697, -0.30572464, -0.35029203,
       -0.32072593,  0.318861  , -0.46333697,  0.41645616, -0.18543642,
       -0.35102178,  0.13203339,  0.47269486, -0.01914338,  0.18586427,
        0.06716076,  0.41838899, -0.05139002, -0.22197514, -0.02980562,
       -0.10759908, -0.2223211 ,  0.00113985,  0.04477026,  0.48172444,
       -0.15828249, -0.46705662, -0.02112215,  0.18591546,  0.18626592,
       -0.18784027,  0.4903834 ,  0.19557129, -0.22762942]) 

Generation: 244 
 - Generation Avg Fit: 5318.660283619857 
 - Best Fitness: 5726.5622770594255 
 - Worst Fitness: 0.0
 - Best Solution: array([-0.48939764,  0.08021076, -0.37386499, -0.26249028, -0.28040313,
       -0.09458245,  0.4083267 ,  0.35686476,  0.29811118, -0.06127159,
        0.2922868 , -0.26614409,  0.36732749,  0.17528044,  0.15679085,
       -0.47629006,  0.16348362, -0.22553549,  0.07311156,  0.33833105,
       -0.12133949, -0.05503828, -0.04033325, -0.08047118, -0.49512629,
       -0.20527427, -0.16743225,  0.30526661, -0.26366047, -0.04596578,
        0.16753677,  0.1343045 ,  0.15058697, -0.30572464, -0.35029203,
       -0.32072593,  0.318861  , -0.46333697,  0.41645616, -0.18543642,
       -0.35102178,  0.13203339,  0.47269486, -0.01914338,  0.18586427,
        0.06716076,  0.41838899, -0.05139002, -0.22197514, -0.02980562,
       -0.10759908, -0.2223211 ,  0.00113985,  0.04477026,  0.48172444,
       -0.15828249, -0.46705662, -0.02112215,  0.18591546,  0.18626592,
       -0.18784027,  0.4903834 ,  0.19557129, -0.22762942]) 

Generation: 245 
 - Generation Avg Fit: 5318.523044914338 
 - Best Fitness: 5726.5622770594255 
 - Worst Fitness: 0.0
 - Best Solution: array([-0.48939764,  0.08021076, -0.37386499, -0.26249028, -0.28040313,
       -0.09458245,  0.4083267 ,  0.35686476,  0.29811118, -0.06127159,
        0.2922868 , -0.26614409,  0.36732749,  0.17528044,  0.15679085,
       -0.47629006,  0.16348362, -0.22553549,  0.07311156,  0.33833105,
       -0.12133949, -0.05503828, -0.04033325, -0.08047118, -0.49512629,
       -0.20527427, -0.16743225,  0.30526661, -0.26366047, -0.04596578,
        0.16753677,  0.1343045 ,  0.15058697, -0.30572464, -0.35029203,
       -0.32072593,  0.318861  , -0.46333697,  0.41645616, -0.18543642,
       -0.35102178,  0.13203339,  0.47269486, -0.01914338,  0.18586427,
        0.06716076,  0.41838899, -0.05139002, -0.22197514, -0.02980562,
       -0.10759908, -0.2223211 ,  0.00113985,  0.04477026,  0.48172444,
       -0.15828249, -0.46705662, -0.02112215,  0.18591546,  0.18626592,
       -0.18784027,  0.4903834 ,  0.19557129, -0.22762942]) 

Generation: 246 
 - Generation Avg Fit: 5380.9163292625835 
 - Best Fitness: 5726.5622770594255 
 - Worst Fitness: 3956.235620203588
 - Best Solution: array([-0.48939764,  0.08021076, -0.37386499, -0.26249028, -0.28040313,
       -0.09458245,  0.4083267 ,  0.35686476,  0.29811118, -0.06127159,
        0.2922868 , -0.26614409,  0.36732749,  0.17528044,  0.15679085,
       -0.47629006,  0.16348362, -0.22553549,  0.07311156,  0.33833105,
       -0.12133949, -0.05503828, -0.04033325, -0.08047118, -0.49512629,
       -0.20527427, -0.16743225,  0.30526661, -0.26366047, -0.04596578,
        0.16753677,  0.1343045 ,  0.15058697, -0.30572464, -0.35029203,
       -0.32072593,  0.318861  , -0.46333697,  0.41645616, -0.18543642,
       -0.35102178,  0.13203339,  0.47269486, -0.01914338,  0.18586427,
        0.06716076,  0.41838899, -0.05139002, -0.22197514, -0.02980562,
       -0.10759908, -0.2223211 ,  0.00113985,  0.04477026,  0.48172444,
       -0.15828249, -0.46705662, -0.02112215,  0.18591546,  0.18626592,
       -0.18784027,  0.4903834 ,  0.19557129, -0.22762942]) 

Generation: 247 
 - Generation Avg Fit: 5307.820671373326 
 - Best Fitness: 5726.5622770594255 
 - Worst Fitness: 0.0
 - Best Solution: array([-0.48939764,  0.08021076, -0.37386499, -0.26249028, -0.28040313,
       -0.09458245,  0.4083267 ,  0.35686476,  0.29811118, -0.06127159,
        0.2922868 , -0.26614409,  0.36732749,  0.17528044,  0.15679085,
       -0.47629006,  0.16348362, -0.22553549,  0.07311156,  0.33833105,
       -0.12133949, -0.05503828, -0.04033325, -0.08047118, -0.49512629,
       -0.20527427, -0.16743225,  0.30526661, -0.26366047, -0.04596578,
        0.16753677,  0.1343045 ,  0.15058697, -0.30572464, -0.35029203,
       -0.32072593,  0.318861  , -0.46333697,  0.41645616, -0.18543642,
       -0.35102178,  0.13203339,  0.47269486, -0.01914338,  0.18586427,
        0.06716076,  0.41838899, -0.05139002, -0.22197514, -0.02980562,
       -0.10759908, -0.2223211 ,  0.00113985,  0.04477026,  0.48172444,
       -0.15828249, -0.46705662, -0.02112215,  0.18591546,  0.18626592,
       -0.18784027,  0.4903834 ,  0.19557129, -0.22762942]) 

Generation: 248 
 - Generation Avg Fit: 5356.283725029426 
 - Best Fitness: 5726.5622770594255 
 - Worst Fitness: 3905.536756378989
 - Best Solution: array([-0.48939764,  0.08021076, -0.37386499, -0.26249028, -0.28040313,
       -0.09458245,  0.4083267 ,  0.35686476,  0.29811118, -0.06127159,
        0.2922868 , -0.26614409,  0.36732749,  0.17528044,  0.15679085,
       -0.47629006,  0.16348362, -0.22553549,  0.07311156,  0.33833105,
       -0.12133949, -0.05503828, -0.04033325, -0.08047118, -0.49512629,
       -0.20527427, -0.16743225,  0.30526661, -0.26366047, -0.04596578,
        0.16753677,  0.1343045 ,  0.15058697, -0.30572464, -0.35029203,
       -0.32072593,  0.318861  , -0.46333697,  0.41645616, -0.18543642,
       -0.35102178,  0.13203339,  0.47269486, -0.01914338,  0.18586427,
        0.06716076,  0.41838899, -0.05139002, -0.22197514, -0.02980562,
       -0.10759908, -0.2223211 ,  0.00113985,  0.04477026,  0.48172444,
       -0.15828249, -0.46705662, -0.02112215,  0.18591546,  0.18626592,
       -0.18784027,  0.4903834 ,  0.19557129, -0.22762942]) 

Generation: 249 
 - Generation Avg Fit: 5263.575534143201 
 - Best Fitness: 5726.5622770594255 
 - Worst Fitness: 0.0
 - Best Solution: array([-0.48939764,  0.08021076, -0.37386499, -0.26249028, -0.28040313,
       -0.09458245,  0.4083267 ,  0.35686476,  0.29811118, -0.06127159,
        0.2922868 , -0.26614409,  0.36732749,  0.17528044,  0.15679085,
       -0.47629006,  0.16348362, -0.22553549,  0.07311156,  0.33833105,
       -0.12133949, -0.05503828, -0.04033325, -0.08047118, -0.49512629,
       -0.20527427, -0.16743225,  0.30526661, -0.26366047, -0.04596578,
        0.16753677,  0.1343045 ,  0.15058697, -0.30572464, -0.35029203,
       -0.32072593,  0.318861  , -0.46333697,  0.41645616, -0.18543642,
       -0.35102178,  0.13203339,  0.47269486, -0.01914338,  0.18586427,
        0.06716076,  0.41838899, -0.05139002, -0.22197514, -0.02980562,
       -0.10759908, -0.2223211 ,  0.00113985,  0.04477026,  0.48172444,
       -0.15828249, -0.46705662, -0.02112215,  0.18591546,  0.18626592,
       -0.18784027,  0.4903834 ,  0.19557129, -0.22762942]) 

Generation: 250 
 - Generation Avg Fit: 5340.226820719901 
 - Best Fitness: 5726.5622770594255 
 - Worst Fitness: 3571.7118810976644
 - Best Solution: array([-0.48939764,  0.08021076, -0.37386499, -0.26249028, -0.28040313,
       -0.09458245,  0.4083267 ,  0.35686476,  0.29811118, -0.06127159,
        0.2922868 , -0.26614409,  0.36732749,  0.17528044,  0.15679085,
       -0.47629006,  0.16348362, -0.22553549,  0.07311156,  0.33833105,
       -0.12133949, -0.05503828, -0.04033325, -0.08047118, -0.49512629,
       -0.20527427, -0.16743225,  0.30526661, -0.26366047, -0.04596578,
        0.16753677,  0.1343045 ,  0.15058697, -0.30572464, -0.35029203,
       -0.32072593,  0.318861  , -0.46333697,  0.41645616, -0.18543642,
       -0.35102178,  0.13203339,  0.47269486, -0.01914338,  0.18586427,
        0.06716076,  0.41838899, -0.05139002, -0.22197514, -0.02980562,
       -0.10759908, -0.2223211 ,  0.00113985,  0.04477026,  0.48172444,
       -0.15828249, -0.46705662, -0.02112215,  0.18591546,  0.18626592,
       -0.18784027,  0.4903834 ,  0.19557129, -0.22762942]) 

Generation: 251 
 - Generation Avg Fit: 5355.538252654514 
 - Best Fitness: 5726.5622770594255 
 - Worst Fitness: 0.0
 - Best Solution: array([-0.48939764,  0.08021076, -0.37386499, -0.26249028, -0.28040313,
       -0.09458245,  0.4083267 ,  0.35686476,  0.29811118, -0.06127159,
        0.2922868 , -0.26614409,  0.36732749,  0.17528044,  0.15679085,
       -0.47629006,  0.16348362, -0.22553549,  0.07311156,  0.33833105,
       -0.12133949, -0.05503828, -0.04033325, -0.08047118, -0.49512629,
       -0.20527427, -0.16743225,  0.30526661, -0.26366047, -0.04596578,
        0.16753677,  0.1343045 ,  0.15058697, -0.30572464, -0.35029203,
       -0.32072593,  0.318861  , -0.46333697,  0.41645616, -0.18543642,
       -0.35102178,  0.13203339,  0.47269486, -0.01914338,  0.18586427,
        0.06716076,  0.41838899, -0.05139002, -0.22197514, -0.02980562,
       -0.10759908, -0.2223211 ,  0.00113985,  0.04477026,  0.48172444,
       -0.15828249, -0.46705662, -0.02112215,  0.18591546,  0.18626592,
       -0.18784027,  0.4903834 ,  0.19557129, -0.22762942]) 

Generation: 252 
 - Generation Avg Fit: 5360.888259755259 
 - Best Fitness: 5726.5622770594255 
 - Worst Fitness: 0.0
 - Best Solution: array([-0.48939764,  0.08021076, -0.37386499, -0.26249028, -0.28040313,
       -0.09458245,  0.4083267 ,  0.35686476,  0.29811118, -0.06127159,
        0.2922868 , -0.26614409,  0.36732749,  0.17528044,  0.15679085,
       -0.47629006,  0.16348362, -0.22553549,  0.07311156,  0.33833105,
       -0.12133949, -0.05503828, -0.04033325, -0.08047118, -0.49512629,
       -0.20527427, -0.16743225,  0.30526661, -0.26366047, -0.04596578,
        0.16753677,  0.1343045 ,  0.15058697, -0.30572464, -0.35029203,
       -0.32072593,  0.318861  , -0.46333697,  0.41645616, -0.18543642,
       -0.35102178,  0.13203339,  0.47269486, -0.01914338,  0.18586427,
        0.06716076,  0.41838899, -0.05139002, -0.22197514, -0.02980562,
       -0.10759908, -0.2223211 ,  0.00113985,  0.04477026,  0.48172444,
       -0.15828249, -0.46705662, -0.02112215,  0.18591546,  0.18626592,
       -0.18784027,  0.4903834 ,  0.19557129, -0.22762942]) 

Generation: 253 
 - Generation Avg Fit: 5269.461943447366 
 - Best Fitness: 5726.5622770594255 
 - Worst Fitness: 0.0
 - Best Solution: array([-0.48939764,  0.08021076, -0.37386499, -0.26249028, -0.28040313,
       -0.09458245,  0.4083267 ,  0.35686476,  0.29811118, -0.06127159,
        0.2922868 , -0.26614409,  0.36732749,  0.17528044,  0.15679085,
       -0.47629006,  0.16348362, -0.22553549,  0.07311156,  0.33833105,
       -0.12133949, -0.05503828, -0.04033325, -0.08047118, -0.49512629,
       -0.20527427, -0.16743225,  0.30526661, -0.26366047, -0.04596578,
        0.16753677,  0.1343045 ,  0.15058697, -0.30572464, -0.35029203,
       -0.32072593,  0.318861  , -0.46333697,  0.41645616, -0.18543642,
       -0.35102178,  0.13203339,  0.47269486, -0.01914338,  0.18586427,
        0.06716076,  0.41838899, -0.05139002, -0.22197514, -0.02980562,
       -0.10759908, -0.2223211 ,  0.00113985,  0.04477026,  0.48172444,
       -0.15828249, -0.46705662, -0.02112215,  0.18591546,  0.18626592,
       -0.18784027,  0.4903834 ,  0.19557129, -0.22762942]) 

Generation: 254 
 - Generation Avg Fit: 5361.911269513736 
 - Best Fitness: 5726.5622770594255 
 - Worst Fitness: 0.0
 - Best Solution: array([-0.48939764,  0.08021076, -0.37386499, -0.26249028, -0.28040313,
       -0.09458245,  0.4083267 ,  0.35686476,  0.29811118, -0.06127159,
        0.2922868 , -0.26614409,  0.36732749,  0.17528044,  0.15679085,
       -0.47629006,  0.16348362, -0.22553549,  0.07311156,  0.33833105,
       -0.12133949, -0.05503828, -0.04033325, -0.08047118, -0.49512629,
       -0.20527427, -0.16743225,  0.30526661, -0.26366047, -0.04596578,
        0.16753677,  0.1343045 ,  0.15058697, -0.30572464, -0.35029203,
       -0.32072593,  0.318861  , -0.46333697,  0.41645616, -0.18543642,
       -0.35102178,  0.13203339,  0.47269486, -0.01914338,  0.18586427,
        0.06716076,  0.41838899, -0.05139002, -0.22197514, -0.02980562,
       -0.10759908, -0.2223211 ,  0.00113985,  0.04477026,  0.48172444,
       -0.15828249, -0.46705662, -0.02112215,  0.18591546,  0.18626592,
       -0.18784027,  0.4903834 ,  0.19557129, -0.22762942]) 

Generation: 255 
 - Generation Avg Fit: 5337.00654768262 
 - Best Fitness: 5726.5622770594255 
 - Worst Fitness: 0.0
 - Best Solution: array([-0.48939764,  0.08021076, -0.37386499, -0.26249028, -0.28040313,
       -0.09458245,  0.4083267 ,  0.35686476,  0.29811118, -0.06127159,
        0.2922868 , -0.26614409,  0.36732749,  0.17528044,  0.15679085,
       -0.47629006,  0.16348362, -0.22553549,  0.07311156,  0.33833105,
       -0.12133949, -0.05503828, -0.04033325, -0.08047118, -0.49512629,
       -0.20527427, -0.16743225,  0.30526661, -0.26366047, -0.04596578,
        0.16753677,  0.1343045 ,  0.15058697, -0.30572464, -0.35029203,
       -0.32072593,  0.318861  , -0.46333697,  0.41645616, -0.18543642,
       -0.35102178,  0.13203339,  0.47269486, -0.01914338,  0.18586427,
        0.06716076,  0.41838899, -0.05139002, -0.22197514, -0.02980562,
       -0.10759908, -0.2223211 ,  0.00113985,  0.04477026,  0.48172444,
       -0.15828249, -0.46705662, -0.02112215,  0.18591546,  0.18626592,
       -0.18784027,  0.4903834 ,  0.19557129, -0.22762942]) 

Generation: 256 
 - Generation Avg Fit: 5285.719259832848 
 - Best Fitness: 5726.5622770594255 
 - Worst Fitness: 0.0
 - Best Solution: array([-0.48939764,  0.08021076, -0.37386499, -0.26249028, -0.28040313,
       -0.09458245,  0.4083267 ,  0.35686476,  0.29811118, -0.06127159,
        0.2922868 , -0.26614409,  0.36732749,  0.17528044,  0.15679085,
       -0.47629006,  0.16348362, -0.22553549,  0.07311156,  0.33833105,
       -0.12133949, -0.05503828, -0.04033325, -0.08047118, -0.49512629,
       -0.20527427, -0.16743225,  0.30526661, -0.26366047, -0.04596578,
        0.16753677,  0.1343045 ,  0.15058697, -0.30572464, -0.35029203,
       -0.32072593,  0.318861  , -0.46333697,  0.41645616, -0.18543642,
       -0.35102178,  0.13203339,  0.47269486, -0.01914338,  0.18586427,
        0.06716076,  0.41838899, -0.05139002, -0.22197514, -0.02980562,
       -0.10759908, -0.2223211 ,  0.00113985,  0.04477026,  0.48172444,
       -0.15828249, -0.46705662, -0.02112215,  0.18591546,  0.18626592,
       -0.18784027,  0.4903834 ,  0.19557129, -0.22762942]) 

Generation: 257 
 - Generation Avg Fit: 5351.356805112309 
 - Best Fitness: 5767.182661439958 
 - Worst Fitness: 3790.299909459212
 - Best Solution: array([-0.47973169,  0.09144511, -0.36752359, -0.25511412, -0.29187251,
       -0.08644401,  0.39827972,  0.37183877,  0.31629625, -0.05011146,
        0.25011952, -0.29855968,  0.3779093 ,  0.27691902,  0.14288203,
       -0.47354985,  0.16278056, -0.25777636,  0.04461871,  0.39377082,
       -0.0995794 , -0.03834185, -0.05131303, -0.05951318, -0.46988766,
       -0.23842635, -0.18433745,  0.33585207, -0.30789485, -0.05294253,
        0.18394959,  0.16244114,  0.15878327, -0.24704292, -0.36315224,
       -0.30433853,  0.31061008, -0.4462258 ,  0.42142521, -0.2013131 ,
       -0.34009643,  0.14225945,  0.48163321, -0.01808399,  0.20152594,
        0.04269069,  0.41213841, -0.03939191, -0.23172602, -0.01342465,
       -0.10049153, -0.26060516,  0.0086099 ,  0.0894912 ,  0.49305596,
       -0.18007238, -0.45472367, -0.01586286,  0.16359833,  0.16902789,
       -0.21411017,  0.48859509,  0.18016805, -0.22292144]) 

Generation: 258 
 - Generation Avg Fit: 5347.82824811704 
 - Best Fitness: 5767.182661439958 
 - Worst Fitness: 0.0
 - Best Solution: array([-0.48939764,  0.08021076, -0.37386499, -0.26249028, -0.28040313,
       -0.09458245,  0.4083267 ,  0.35686476,  0.29811118, -0.06127159,
        0.2922868 , -0.26614409,  0.36732749,  0.17528044,  0.15679085,
       -0.47629006,  0.16348362, -0.22553549,  0.07311156,  0.33833105,
       -0.12133949, -0.05503828, -0.04033325, -0.08047118, -0.49512629,
       -0.20527427, -0.16743225,  0.30526661, -0.26366047, -0.04596578,
        0.16753677,  0.1343045 ,  0.15058697, -0.30572464, -0.35029203,
       -0.32072593,  0.318861  , -0.46333697,  0.41645616, -0.18543642,
       -0.35102178,  0.13203339,  0.47269486, -0.01914338,  0.18586427,
        0.06716076,  0.41838899, -0.05139002, -0.22197514, -0.02980562,
       -0.10759908, -0.2223211 ,  0.00113985,  0.04477026,  0.48172444,
       -0.15828249, -0.46705662, -0.02112215,  0.18591546,  0.18626592,
       -0.18784027,  0.4903834 ,  0.19557129, -0.22762942]) 

Generation: 259 
 - Generation Avg Fit: 5374.219031652565 
 - Best Fitness: 5767.182661439958 
 - Worst Fitness: 4046.1391647459936
 - Best Solution: array([-0.47973169,  0.09144511, -0.36752359, -0.25511412, -0.29187251,
       -0.08644401,  0.39827972,  0.37183877,  0.31629625, -0.05011146,
        0.25011952, -0.29855968,  0.3779093 ,  0.27691902,  0.14288203,
       -0.47354985,  0.16278056, -0.25777636,  0.04461871,  0.39377082,
       -0.0995794 , -0.03834185, -0.05131303, -0.05951318, -0.46988766,
       -0.23842635, -0.18433745,  0.33585207, -0.30789485, -0.05294253,
        0.18394959,  0.16244114,  0.15878327, -0.24704292, -0.36315224,
       -0.30433853,  0.31061008, -0.4462258 ,  0.42142521, -0.2013131 ,
       -0.34009643,  0.14225945,  0.48163321, -0.01808399,  0.20152594,
        0.04269069,  0.41213841, -0.03939191, -0.23172602, -0.01342465,
       -0.10049153, -0.26060516,  0.0086099 ,  0.0894912 ,  0.49305596,
       -0.18007238, -0.45472367, -0.01586286,  0.16359833,  0.16902789,
       -0.21411017,  0.48859509,  0.18016805, -0.22292144]) 

Generation: 260 
 - Generation Avg Fit: 5299.754970800835 
 - Best Fitness: 5767.182661439958 
 - Worst Fitness: 0.0
 - Best Solution: array([-0.47973169,  0.09144511, -0.36752359, -0.25511412, -0.29187251,
       -0.08644401,  0.39827972,  0.37183877,  0.31629625, -0.05011146,
        0.25011952, -0.29855968,  0.3779093 ,  0.27691902,  0.14288203,
       -0.47354985,  0.16278056, -0.25777636,  0.04461871,  0.39377082,
       -0.0995794 , -0.03834185, -0.05131303, -0.05951318, -0.46988766,
       -0.23842635, -0.18433745,  0.33585207, -0.30789485, -0.05294253,
        0.18394959,  0.16244114,  0.15878327, -0.24704292, -0.36315224,
       -0.30433853,  0.31061008, -0.4462258 ,  0.42142521, -0.2013131 ,
       -0.34009643,  0.14225945,  0.48163321, -0.01808399,  0.20152594,
        0.04269069,  0.41213841, -0.03939191, -0.23172602, -0.01342465,
       -0.10049153, -0.26060516,  0.0086099 ,  0.0894912 ,  0.49305596,
       -0.18007238, -0.45472367, -0.01586286,  0.16359833,  0.16902789,
       -0.21411017,  0.48859509,  0.18016805, -0.22292144]) 

Generation: 261 
 - Generation Avg Fit: 5301.4713098552265 
 - Best Fitness: 5767.182661439958 
 - Worst Fitness: 0.0
 - Best Solution: array([-0.47973169,  0.09144511, -0.36752359, -0.25511412, -0.29187251,
       -0.08644401,  0.39827972,  0.37183877,  0.31629625, -0.05011146,
        0.25011952, -0.29855968,  0.3779093 ,  0.27691902,  0.14288203,
       -0.47354985,  0.16278056, -0.25777636,  0.04461871,  0.39377082,
       -0.0995794 , -0.03834185, -0.05131303, -0.05951318, -0.46988766,
       -0.23842635, -0.18433745,  0.33585207, -0.30789485, -0.05294253,
        0.18394959,  0.16244114,  0.15878327, -0.24704292, -0.36315224,
       -0.30433853,  0.31061008, -0.4462258 ,  0.42142521, -0.2013131 ,
       -0.34009643,  0.14225945,  0.48163321, -0.01808399,  0.20152594,
        0.04269069,  0.41213841, -0.03939191, -0.23172602, -0.01342465,
       -0.10049153, -0.26060516,  0.0086099 ,  0.0894912 ,  0.49305596,
       -0.18007238, -0.45472367, -0.01586286,  0.16359833,  0.16902789,
       -0.21411017,  0.48859509,  0.18016805, -0.22292144]) 

Generation: 262 
 - Generation Avg Fit: 5376.064427263238 
 - Best Fitness: 5767.182661439958 
 - Worst Fitness: 0.0
 - Best Solution: array([-0.47973169,  0.09144511, -0.36752359, -0.25511412, -0.29187251,
       -0.08644401,  0.39827972,  0.37183877,  0.31629625, -0.05011146,
        0.25011952, -0.29855968,  0.3779093 ,  0.27691902,  0.14288203,
       -0.47354985,  0.16278056, -0.25777636,  0.04461871,  0.39377082,
       -0.0995794 , -0.03834185, -0.05131303, -0.05951318, -0.46988766,
       -0.23842635, -0.18433745,  0.33585207, -0.30789485, -0.05294253,
        0.18394959,  0.16244114,  0.15878327, -0.24704292, -0.36315224,
       -0.30433853,  0.31061008, -0.4462258 ,  0.42142521, -0.2013131 ,
       -0.34009643,  0.14225945,  0.48163321, -0.01808399,  0.20152594,
        0.04269069,  0.41213841, -0.03939191, -0.23172602, -0.01342465,
       -0.10049153, -0.26060516,  0.0086099 ,  0.0894912 ,  0.49305596,
       -0.18007238, -0.45472367, -0.01586286,  0.16359833,  0.16902789,
       -0.21411017,  0.48859509,  0.18016805, -0.22292144]) 

Generation: 263 
 - Generation Avg Fit: 5339.976806368292 
 - Best Fitness: 5767.182661439958 
 - Worst Fitness: 2933.905994895219
 - Best Solution: array([-0.47973169,  0.09144511, -0.36752359, -0.25511412, -0.29187251,
       -0.08644401,  0.39827972,  0.37183877,  0.31629625, -0.05011146,
        0.25011952, -0.29855968,  0.3779093 ,  0.27691902,  0.14288203,
       -0.47354985,  0.16278056, -0.25777636,  0.04461871,  0.39377082,
       -0.0995794 , -0.03834185, -0.05131303, -0.05951318, -0.46988766,
       -0.23842635, -0.18433745,  0.33585207, -0.30789485, -0.05294253,
        0.18394959,  0.16244114,  0.15878327, -0.24704292, -0.36315224,
       -0.30433853,  0.31061008, -0.4462258 ,  0.42142521, -0.2013131 ,
       -0.34009643,  0.14225945,  0.48163321, -0.01808399,  0.20152594,
        0.04269069,  0.41213841, -0.03939191, -0.23172602, -0.01342465,
       -0.10049153, -0.26060516,  0.0086099 ,  0.0894912 ,  0.49305596,
       -0.18007238, -0.45472367, -0.01586286,  0.16359833,  0.16902789,
       -0.21411017,  0.48859509,  0.18016805, -0.22292144]) 

Generation: 264 
 - Generation Avg Fit: 5347.858905737152 
 - Best Fitness: 5767.182661439958 
 - Worst Fitness: 0.0
 - Best Solution: array([-0.47973169,  0.09144511, -0.36752359, -0.25511412, -0.29187251,
       -0.08644401,  0.39827972,  0.37183877,  0.31629625, -0.05011146,
        0.25011952, -0.29855968,  0.3779093 ,  0.27691902,  0.14288203,
       -0.47354985,  0.16278056, -0.25777636,  0.04461871,  0.39377082,
       -0.0995794 , -0.03834185, -0.05131303, -0.05951318, -0.46988766,
       -0.23842635, -0.18433745,  0.33585207, -0.30789485, -0.05294253,
        0.18394959,  0.16244114,  0.15878327, -0.24704292, -0.36315224,
       -0.30433853,  0.31061008, -0.4462258 ,  0.42142521, -0.2013131 ,
       -0.34009643,  0.14225945,  0.48163321, -0.01808399,  0.20152594,
        0.04269069,  0.41213841, -0.03939191, -0.23172602, -0.01342465,
       -0.10049153, -0.26060516,  0.0086099 ,  0.0894912 ,  0.49305596,
       -0.18007238, -0.45472367, -0.01586286,  0.16359833,  0.16902789,
       -0.21411017,  0.48859509,  0.18016805, -0.22292144]) 

Generation: 265 
 - Generation Avg Fit: 5361.292224851819 
 - Best Fitness: 5767.182661439958 
 - Worst Fitness: 0.0
 - Best Solution: array([-0.47973169,  0.09144511, -0.36752359, -0.25511412, -0.29187251,
       -0.08644401,  0.39827972,  0.37183877,  0.31629625, -0.05011146,
        0.25011952, -0.29855968,  0.3779093 ,  0.27691902,  0.14288203,
       -0.47354985,  0.16278056, -0.25777636,  0.04461871,  0.39377082,
       -0.0995794 , -0.03834185, -0.05131303, -0.05951318, -0.46988766,
       -0.23842635, -0.18433745,  0.33585207, -0.30789485, -0.05294253,
        0.18394959,  0.16244114,  0.15878327, -0.24704292, -0.36315224,
       -0.30433853,  0.31061008, -0.4462258 ,  0.42142521, -0.2013131 ,
       -0.34009643,  0.14225945,  0.48163321, -0.01808399,  0.20152594,
        0.04269069,  0.41213841, -0.03939191, -0.23172602, -0.01342465,
       -0.10049153, -0.26060516,  0.0086099 ,  0.0894912 ,  0.49305596,
       -0.18007238, -0.45472367, -0.01586286,  0.16359833,  0.16902789,
       -0.21411017,  0.48859509,  0.18016805, -0.22292144]) 

Generation: 266 
 - Generation Avg Fit: 5268.206237801017 
 - Best Fitness: 5767.182661439958 
 - Worst Fitness: 0.0
 - Best Solution: array([-0.47973169,  0.09144511, -0.36752359, -0.25511412, -0.29187251,
       -0.08644401,  0.39827972,  0.37183877,  0.31629625, -0.05011146,
        0.25011952, -0.29855968,  0.3779093 ,  0.27691902,  0.14288203,
       -0.47354985,  0.16278056, -0.25777636,  0.04461871,  0.39377082,
       -0.0995794 , -0.03834185, -0.05131303, -0.05951318, -0.46988766,
       -0.23842635, -0.18433745,  0.33585207, -0.30789485, -0.05294253,
        0.18394959,  0.16244114,  0.15878327, -0.24704292, -0.36315224,
       -0.30433853,  0.31061008, -0.4462258 ,  0.42142521, -0.2013131 ,
       -0.34009643,  0.14225945,  0.48163321, -0.01808399,  0.20152594,
        0.04269069,  0.41213841, -0.03939191, -0.23172602, -0.01342465,
       -0.10049153, -0.26060516,  0.0086099 ,  0.0894912 ,  0.49305596,
       -0.18007238, -0.45472367, -0.01586286,  0.16359833,  0.16902789,
       -0.21411017,  0.48859509,  0.18016805, -0.22292144]) 

Generation: 267 
 - Generation Avg Fit: 5367.250069910401 
 - Best Fitness: 5767.182661439958 
 - Worst Fitness: 4169.037519504662
 - Best Solution: array([-0.47973169,  0.09144511, -0.36752359, -0.25511412, -0.29187251,
       -0.08644401,  0.39827972,  0.37183877,  0.31629625, -0.05011146,
        0.25011952, -0.29855968,  0.3779093 ,  0.27691902,  0.14288203,
       -0.47354985,  0.16278056, -0.25777636,  0.04461871,  0.39377082,
       -0.0995794 , -0.03834185, -0.05131303, -0.05951318, -0.46988766,
       -0.23842635, -0.18433745,  0.33585207, -0.30789485, -0.05294253,
        0.18394959,  0.16244114,  0.15878327, -0.24704292, -0.36315224,
       -0.30433853,  0.31061008, -0.4462258 ,  0.42142521, -0.2013131 ,
       -0.34009643,  0.14225945,  0.48163321, -0.01808399,  0.20152594,
        0.04269069,  0.41213841, -0.03939191, -0.23172602, -0.01342465,
       -0.10049153, -0.26060516,  0.0086099 ,  0.0894912 ,  0.49305596,
       -0.18007238, -0.45472367, -0.01586286,  0.16359833,  0.16902789,
       -0.21411017,  0.48859509,  0.18016805, -0.22292144]) 

Generation: 268 
 - Generation Avg Fit: 5357.432132822658 
 - Best Fitness: 5767.182661439958 
 - Worst Fitness: 0.0
 - Best Solution: array([-0.47973169,  0.09144511, -0.36752359, -0.25511412, -0.29187251,
       -0.08644401,  0.39827972,  0.37183877,  0.31629625, -0.05011146,
        0.25011952, -0.29855968,  0.3779093 ,  0.27691902,  0.14288203,
       -0.47354985,  0.16278056, -0.25777636,  0.04461871,  0.39377082,
       -0.0995794 , -0.03834185, -0.05131303, -0.05951318, -0.46988766,
       -0.23842635, -0.18433745,  0.33585207, -0.30789485, -0.05294253,
        0.18394959,  0.16244114,  0.15878327, -0.24704292, -0.36315224,
       -0.30433853,  0.31061008, -0.4462258 ,  0.42142521, -0.2013131 ,
       -0.34009643,  0.14225945,  0.48163321, -0.01808399,  0.20152594,
        0.04269069,  0.41213841, -0.03939191, -0.23172602, -0.01342465,
       -0.10049153, -0.26060516,  0.0086099 ,  0.0894912 ,  0.49305596,
       -0.18007238, -0.45472367, -0.01586286,  0.16359833,  0.16902789,
       -0.21411017,  0.48859509,  0.18016805, -0.22292144]) 

Generation: 269 
 - Generation Avg Fit: 5334.173988345815 
 - Best Fitness: 5767.182661439958 
 - Worst Fitness: 0.0
 - Best Solution: array([-0.47973169,  0.09144511, -0.36752359, -0.25511412, -0.29187251,
       -0.08644401,  0.39827972,  0.37183877,  0.31629625, -0.05011146,
        0.25011952, -0.29855968,  0.3779093 ,  0.27691902,  0.14288203,
       -0.47354985,  0.16278056, -0.25777636,  0.04461871,  0.39377082,
       -0.0995794 , -0.03834185, -0.05131303, -0.05951318, -0.46988766,
       -0.23842635, -0.18433745,  0.33585207, -0.30789485, -0.05294253,
        0.18394959,  0.16244114,  0.15878327, -0.24704292, -0.36315224,
       -0.30433853,  0.31061008, -0.4462258 ,  0.42142521, -0.2013131 ,
       -0.34009643,  0.14225945,  0.48163321, -0.01808399,  0.20152594,
        0.04269069,  0.41213841, -0.03939191, -0.23172602, -0.01342465,
       -0.10049153, -0.26060516,  0.0086099 ,  0.0894912 ,  0.49305596,
       -0.18007238, -0.45472367, -0.01586286,  0.16359833,  0.16902789,
       -0.21411017,  0.48859509,  0.18016805, -0.22292144]) 

Generation: 270 
 - Generation Avg Fit: 5301.128161310433 
 - Best Fitness: 5767.182661439958 
 - Worst Fitness: 0.0
 - Best Solution: array([-0.47973169,  0.09144511, -0.36752359, -0.25511412, -0.29187251,
       -0.08644401,  0.39827972,  0.37183877,  0.31629625, -0.05011146,
        0.25011952, -0.29855968,  0.3779093 ,  0.27691902,  0.14288203,
       -0.47354985,  0.16278056, -0.25777636,  0.04461871,  0.39377082,
       -0.0995794 , -0.03834185, -0.05131303, -0.05951318, -0.46988766,
       -0.23842635, -0.18433745,  0.33585207, -0.30789485, -0.05294253,
        0.18394959,  0.16244114,  0.15878327, -0.24704292, -0.36315224,
       -0.30433853,  0.31061008, -0.4462258 ,  0.42142521, -0.2013131 ,
       -0.34009643,  0.14225945,  0.48163321, -0.01808399,  0.20152594,
        0.04269069,  0.41213841, -0.03939191, -0.23172602, -0.01342465,
       -0.10049153, -0.26060516,  0.0086099 ,  0.0894912 ,  0.49305596,
       -0.18007238, -0.45472367, -0.01586286,  0.16359833,  0.16902789,
       -0.21411017,  0.48859509,  0.18016805, -0.22292144]) 

Generation: 271 
 - Generation Avg Fit: 5350.952948843783 
 - Best Fitness: 5767.182661439958 
 - Worst Fitness: 0.0
 - Best Solution: array([-0.47973169,  0.09144511, -0.36752359, -0.25511412, -0.29187251,
       -0.08644401,  0.39827972,  0.37183877,  0.31629625, -0.05011146,
        0.25011952, -0.29855968,  0.3779093 ,  0.27691902,  0.14288203,
       -0.47354985,  0.16278056, -0.25777636,  0.04461871,  0.39377082,
       -0.0995794 , -0.03834185, -0.05131303, -0.05951318, -0.46988766,
       -0.23842635, -0.18433745,  0.33585207, -0.30789485, -0.05294253,
        0.18394959,  0.16244114,  0.15878327, -0.24704292, -0.36315224,
       -0.30433853,  0.31061008, -0.4462258 ,  0.42142521, -0.2013131 ,
       -0.34009643,  0.14225945,  0.48163321, -0.01808399,  0.20152594,
        0.04269069,  0.41213841, -0.03939191, -0.23172602, -0.01342465,
       -0.10049153, -0.26060516,  0.0086099 ,  0.0894912 ,  0.49305596,
       -0.18007238, -0.45472367, -0.01586286,  0.16359833,  0.16902789,
       -0.21411017,  0.48859509,  0.18016805, -0.22292144]) 

Generation: 272 
 - Generation Avg Fit: 5326.913682516164 
 - Best Fitness: 5767.182661439958 
 - Worst Fitness: 0.0
 - Best Solution: array([-0.47973169,  0.09144511, -0.36752359, -0.25511412, -0.29187251,
       -0.08644401,  0.39827972,  0.37183877,  0.31629625, -0.05011146,
        0.25011952, -0.29855968,  0.3779093 ,  0.27691902,  0.14288203,
       -0.47354985,  0.16278056, -0.25777636,  0.04461871,  0.39377082,
       -0.0995794 , -0.03834185, -0.05131303, -0.05951318, -0.46988766,
       -0.23842635, -0.18433745,  0.33585207, -0.30789485, -0.05294253,
        0.18394959,  0.16244114,  0.15878327, -0.24704292, -0.36315224,
       -0.30433853,  0.31061008, -0.4462258 ,  0.42142521, -0.2013131 ,
       -0.34009643,  0.14225945,  0.48163321, -0.01808399,  0.20152594,
        0.04269069,  0.41213841, -0.03939191, -0.23172602, -0.01342465,
       -0.10049153, -0.26060516,  0.0086099 ,  0.0894912 ,  0.49305596,
       -0.18007238, -0.45472367, -0.01586286,  0.16359833,  0.16902789,
       -0.21411017,  0.48859509,  0.18016805, -0.22292144]) 

Generation: 273 
 - Generation Avg Fit: 5324.487421409494 
 - Best Fitness: 5767.182661439958 
 - Worst Fitness: 0.0
 - Best Solution: array([-0.47973169,  0.09144511, -0.36752359, -0.25511412, -0.29187251,
       -0.08644401,  0.39827972,  0.37183877,  0.31629625, -0.05011146,
        0.25011952, -0.29855968,  0.3779093 ,  0.27691902,  0.14288203,
       -0.47354985,  0.16278056, -0.25777636,  0.04461871,  0.39377082,
       -0.0995794 , -0.03834185, -0.05131303, -0.05951318, -0.46988766,
       -0.23842635, -0.18433745,  0.33585207, -0.30789485, -0.05294253,
        0.18394959,  0.16244114,  0.15878327, -0.24704292, -0.36315224,
       -0.30433853,  0.31061008, -0.4462258 ,  0.42142521, -0.2013131 ,
       -0.34009643,  0.14225945,  0.48163321, -0.01808399,  0.20152594,
        0.04269069,  0.41213841, -0.03939191, -0.23172602, -0.01342465,
       -0.10049153, -0.26060516,  0.0086099 ,  0.0894912 ,  0.49305596,
       -0.18007238, -0.45472367, -0.01586286,  0.16359833,  0.16902789,
       -0.21411017,  0.48859509,  0.18016805, -0.22292144]) 

Generation: 274 
 - Generation Avg Fit: 5352.621595441234 
 - Best Fitness: 5767.182661439958 
 - Worst Fitness: 0.0
 - Best Solution: array([-0.47973169,  0.09144511, -0.36752359, -0.25511412, -0.29187251,
       -0.08644401,  0.39827972,  0.37183877,  0.31629625, -0.05011146,
        0.25011952, -0.29855968,  0.3779093 ,  0.27691902,  0.14288203,
       -0.47354985,  0.16278056, -0.25777636,  0.04461871,  0.39377082,
       -0.0995794 , -0.03834185, -0.05131303, -0.05951318, -0.46988766,
       -0.23842635, -0.18433745,  0.33585207, -0.30789485, -0.05294253,
        0.18394959,  0.16244114,  0.15878327, -0.24704292, -0.36315224,
       -0.30433853,  0.31061008, -0.4462258 ,  0.42142521, -0.2013131 ,
       -0.34009643,  0.14225945,  0.48163321, -0.01808399,  0.20152594,
        0.04269069,  0.41213841, -0.03939191, -0.23172602, -0.01342465,
       -0.10049153, -0.26060516,  0.0086099 ,  0.0894912 ,  0.49305596,
       -0.18007238, -0.45472367, -0.01586286,  0.16359833,  0.16902789,
       -0.21411017,  0.48859509,  0.18016805, -0.22292144]) 

Generation: 275 
 - Generation Avg Fit: 5362.481625723155 
 - Best Fitness: 5767.182661439958 
 - Worst Fitness: 0.0
 - Best Solution: array([-0.47973169,  0.09144511, -0.36752359, -0.25511412, -0.29187251,
       -0.08644401,  0.39827972,  0.37183877,  0.31629625, -0.05011146,
        0.25011952, -0.29855968,  0.3779093 ,  0.27691902,  0.14288203,
       -0.47354985,  0.16278056, -0.25777636,  0.04461871,  0.39377082,
       -0.0995794 , -0.03834185, -0.05131303, -0.05951318, -0.46988766,
       -0.23842635, -0.18433745,  0.33585207, -0.30789485, -0.05294253,
        0.18394959,  0.16244114,  0.15878327, -0.24704292, -0.36315224,
       -0.30433853,  0.31061008, -0.4462258 ,  0.42142521, -0.2013131 ,
       -0.34009643,  0.14225945,  0.48163321, -0.01808399,  0.20152594,
        0.04269069,  0.41213841, -0.03939191, -0.23172602, -0.01342465,
       -0.10049153, -0.26060516,  0.0086099 ,  0.0894912 ,  0.49305596,
       -0.18007238, -0.45472367, -0.01586286,  0.16359833,  0.16902789,
       -0.21411017,  0.48859509,  0.18016805, -0.22292144]) 

Generation: 276 
 - Generation Avg Fit: 5242.9951616670405 
 - Best Fitness: 5767.182661439958 
 - Worst Fitness: 0.0
 - Best Solution: array([-0.47973169,  0.09144511, -0.36752359, -0.25511412, -0.29187251,
       -0.08644401,  0.39827972,  0.37183877,  0.31629625, -0.05011146,
        0.25011952, -0.29855968,  0.3779093 ,  0.27691902,  0.14288203,
       -0.47354985,  0.16278056, -0.25777636,  0.04461871,  0.39377082,
       -0.0995794 , -0.03834185, -0.05131303, -0.05951318, -0.46988766,
       -0.23842635, -0.18433745,  0.33585207, -0.30789485, -0.05294253,
        0.18394959,  0.16244114,  0.15878327, -0.24704292, -0.36315224,
       -0.30433853,  0.31061008, -0.4462258 ,  0.42142521, -0.2013131 ,
       -0.34009643,  0.14225945,  0.48163321, -0.01808399,  0.20152594,
        0.04269069,  0.41213841, -0.03939191, -0.23172602, -0.01342465,
       -0.10049153, -0.26060516,  0.0086099 ,  0.0894912 ,  0.49305596,
       -0.18007238, -0.45472367, -0.01586286,  0.16359833,  0.16902789,
       -0.21411017,  0.48859509,  0.18016805, -0.22292144]) 

Generation: 277 
 - Generation Avg Fit: 5240.763601302188 
 - Best Fitness: 5767.182661439958 
 - Worst Fitness: 0.0
 - Best Solution: array([-0.47973169,  0.09144511, -0.36752359, -0.25511412, -0.29187251,
       -0.08644401,  0.39827972,  0.37183877,  0.31629625, -0.05011146,
        0.25011952, -0.29855968,  0.3779093 ,  0.27691902,  0.14288203,
       -0.47354985,  0.16278056, -0.25777636,  0.04461871,  0.39377082,
       -0.0995794 , -0.03834185, -0.05131303, -0.05951318, -0.46988766,
       -0.23842635, -0.18433745,  0.33585207, -0.30789485, -0.05294253,
        0.18394959,  0.16244114,  0.15878327, -0.24704292, -0.36315224,
       -0.30433853,  0.31061008, -0.4462258 ,  0.42142521, -0.2013131 ,
       -0.34009643,  0.14225945,  0.48163321, -0.01808399,  0.20152594,
        0.04269069,  0.41213841, -0.03939191, -0.23172602, -0.01342465,
       -0.10049153, -0.26060516,  0.0086099 ,  0.0894912 ,  0.49305596,
       -0.18007238, -0.45472367, -0.01586286,  0.16359833,  0.16902789,
       -0.21411017,  0.48859509,  0.18016805, -0.22292144]) 

Generation: 278 
 - Generation Avg Fit: 5393.749615454176 
 - Best Fitness: 5767.182661439958 
 - Worst Fitness: 3654.767028984657
 - Best Solution: array([-0.47973169,  0.09144511, -0.36752359, -0.25511412, -0.29187251,
       -0.08644401,  0.39827972,  0.37183877,  0.31629625, -0.05011146,
        0.25011952, -0.29855968,  0.3779093 ,  0.27691902,  0.14288203,
       -0.47354985,  0.16278056, -0.25777636,  0.04461871,  0.39377082,
       -0.0995794 , -0.03834185, -0.05131303, -0.05951318, -0.46988766,
       -0.23842635, -0.18433745,  0.33585207, -0.30789485, -0.05294253,
        0.18394959,  0.16244114,  0.15878327, -0.24704292, -0.36315224,
       -0.30433853,  0.31061008, -0.4462258 ,  0.42142521, -0.2013131 ,
       -0.34009643,  0.14225945,  0.48163321, -0.01808399,  0.20152594,
        0.04269069,  0.41213841, -0.03939191, -0.23172602, -0.01342465,
       -0.10049153, -0.26060516,  0.0086099 ,  0.0894912 ,  0.49305596,
       -0.18007238, -0.45472367, -0.01586286,  0.16359833,  0.16902789,
       -0.21411017,  0.48859509,  0.18016805, -0.22292144]) 

Generation: 279 
 - Generation Avg Fit: 5312.225750485049 
 - Best Fitness: 5767.182661439958 
 - Worst Fitness: 0.0
 - Best Solution: array([-0.47973169,  0.09144511, -0.36752359, -0.25511412, -0.29187251,
       -0.08644401,  0.39827972,  0.37183877,  0.31629625, -0.05011146,
        0.25011952, -0.29855968,  0.3779093 ,  0.27691902,  0.14288203,
       -0.47354985,  0.16278056, -0.25777636,  0.04461871,  0.39377082,
       -0.0995794 , -0.03834185, -0.05131303, -0.05951318, -0.46988766,
       -0.23842635, -0.18433745,  0.33585207, -0.30789485, -0.05294253,
        0.18394959,  0.16244114,  0.15878327, -0.24704292, -0.36315224,
       -0.30433853,  0.31061008, -0.4462258 ,  0.42142521, -0.2013131 ,
       -0.34009643,  0.14225945,  0.48163321, -0.01808399,  0.20152594,
        0.04269069,  0.41213841, -0.03939191, -0.23172602, -0.01342465,
       -0.10049153, -0.26060516,  0.0086099 ,  0.0894912 ,  0.49305596,
       -0.18007238, -0.45472367, -0.01586286,  0.16359833,  0.16902789,
       -0.21411017,  0.48859509,  0.18016805, -0.22292144]) 

Generation: 280 
 - Generation Avg Fit: 5367.525754615699 
 - Best Fitness: 5767.182661439958 
 - Worst Fitness: 3213.161717193442
 - Best Solution: array([-0.47973169,  0.09144511, -0.36752359, -0.25511412, -0.29187251,
       -0.08644401,  0.39827972,  0.37183877,  0.31629625, -0.05011146,
        0.25011952, -0.29855968,  0.3779093 ,  0.27691902,  0.14288203,
       -0.47354985,  0.16278056, -0.25777636,  0.04461871,  0.39377082,
       -0.0995794 , -0.03834185, -0.05131303, -0.05951318, -0.46988766,
       -0.23842635, -0.18433745,  0.33585207, -0.30789485, -0.05294253,
        0.18394959,  0.16244114,  0.15878327, -0.24704292, -0.36315224,
       -0.30433853,  0.31061008, -0.4462258 ,  0.42142521, -0.2013131 ,
       -0.34009643,  0.14225945,  0.48163321, -0.01808399,  0.20152594,
        0.04269069,  0.41213841, -0.03939191, -0.23172602, -0.01342465,
       -0.10049153, -0.26060516,  0.0086099 ,  0.0894912 ,  0.49305596,
       -0.18007238, -0.45472367, -0.01586286,  0.16359833,  0.16902789,
       -0.21411017,  0.48859509,  0.18016805, -0.22292144]) 

Generation: 281 
 - Generation Avg Fit: 5359.110703097123 
 - Best Fitness: 5767.182661439958 
 - Worst Fitness: 0.0
 - Best Solution: array([-0.47973169,  0.09144511, -0.36752359, -0.25511412, -0.29187251,
       -0.08644401,  0.39827972,  0.37183877,  0.31629625, -0.05011146,
        0.25011952, -0.29855968,  0.3779093 ,  0.27691902,  0.14288203,
       -0.47354985,  0.16278056, -0.25777636,  0.04461871,  0.39377082,
       -0.0995794 , -0.03834185, -0.05131303, -0.05951318, -0.46988766,
       -0.23842635, -0.18433745,  0.33585207, -0.30789485, -0.05294253,
        0.18394959,  0.16244114,  0.15878327, -0.24704292, -0.36315224,
       -0.30433853,  0.31061008, -0.4462258 ,  0.42142521, -0.2013131 ,
       -0.34009643,  0.14225945,  0.48163321, -0.01808399,  0.20152594,
        0.04269069,  0.41213841, -0.03939191, -0.23172602, -0.01342465,
       -0.10049153, -0.26060516,  0.0086099 ,  0.0894912 ,  0.49305596,
       -0.18007238, -0.45472367, -0.01586286,  0.16359833,  0.16902789,
       -0.21411017,  0.48859509,  0.18016805, -0.22292144]) 

Generation: 282 
 - Generation Avg Fit: 5374.1338223623925 
 - Best Fitness: 5767.182661439958 
 - Worst Fitness: 0.0
 - Best Solution: array([-0.47973169,  0.09144511, -0.36752359, -0.25511412, -0.29187251,
       -0.08644401,  0.39827972,  0.37183877,  0.31629625, -0.05011146,
        0.25011952, -0.29855968,  0.3779093 ,  0.27691902,  0.14288203,
       -0.47354985,  0.16278056, -0.25777636,  0.04461871,  0.39377082,
       -0.0995794 , -0.03834185, -0.05131303, -0.05951318, -0.46988766,
       -0.23842635, -0.18433745,  0.33585207, -0.30789485, -0.05294253,
        0.18394959,  0.16244114,  0.15878327, -0.24704292, -0.36315224,
       -0.30433853,  0.31061008, -0.4462258 ,  0.42142521, -0.2013131 ,
       -0.34009643,  0.14225945,  0.48163321, -0.01808399,  0.20152594,
        0.04269069,  0.41213841, -0.03939191, -0.23172602, -0.01342465,
       -0.10049153, -0.26060516,  0.0086099 ,  0.0894912 ,  0.49305596,
       -0.18007238, -0.45472367, -0.01586286,  0.16359833,  0.16902789,
       -0.21411017,  0.48859509,  0.18016805, -0.22292144]) 

Generation: 283 
 - Generation Avg Fit: 5300.505644331919 
 - Best Fitness: 5767.182661439958 
 - Worst Fitness: 0.0
 - Best Solution: array([-0.47973169,  0.09144511, -0.36752359, -0.25511412, -0.29187251,
       -0.08644401,  0.39827972,  0.37183877,  0.31629625, -0.05011146,
        0.25011952, -0.29855968,  0.3779093 ,  0.27691902,  0.14288203,
       -0.47354985,  0.16278056, -0.25777636,  0.04461871,  0.39377082,
       -0.0995794 , -0.03834185, -0.05131303, -0.05951318, -0.46988766,
       -0.23842635, -0.18433745,  0.33585207, -0.30789485, -0.05294253,
        0.18394959,  0.16244114,  0.15878327, -0.24704292, -0.36315224,
       -0.30433853,  0.31061008, -0.4462258 ,  0.42142521, -0.2013131 ,
       -0.34009643,  0.14225945,  0.48163321, -0.01808399,  0.20152594,
        0.04269069,  0.41213841, -0.03939191, -0.23172602, -0.01342465,
       -0.10049153, -0.26060516,  0.0086099 ,  0.0894912 ,  0.49305596,
       -0.18007238, -0.45472367, -0.01586286,  0.16359833,  0.16902789,
       -0.21411017,  0.48859509,  0.18016805, -0.22292144]) 

Generation: 284 
 - Generation Avg Fit: 5365.514140441769 
 - Best Fitness: 5767.182661439958 
 - Worst Fitness: 0.0
 - Best Solution: array([-0.47973169,  0.09144511, -0.36752359, -0.25511412, -0.29187251,
       -0.08644401,  0.39827972,  0.37183877,  0.31629625, -0.05011146,
        0.25011952, -0.29855968,  0.3779093 ,  0.27691902,  0.14288203,
       -0.47354985,  0.16278056, -0.25777636,  0.04461871,  0.39377082,
       -0.0995794 , -0.03834185, -0.05131303, -0.05951318, -0.46988766,
       -0.23842635, -0.18433745,  0.33585207, -0.30789485, -0.05294253,
        0.18394959,  0.16244114,  0.15878327, -0.24704292, -0.36315224,
       -0.30433853,  0.31061008, -0.4462258 ,  0.42142521, -0.2013131 ,
       -0.34009643,  0.14225945,  0.48163321, -0.01808399,  0.20152594,
        0.04269069,  0.41213841, -0.03939191, -0.23172602, -0.01342465,
       -0.10049153, -0.26060516,  0.0086099 ,  0.0894912 ,  0.49305596,
       -0.18007238, -0.45472367, -0.01586286,  0.16359833,  0.16902789,
       -0.21411017,  0.48859509,  0.18016805, -0.22292144]) 

Generation: 285 
 - Generation Avg Fit: 5358.638181344701 
 - Best Fitness: 5767.182661439958 
 - Worst Fitness: 0.0
 - Best Solution: array([-0.47973169,  0.09144511, -0.36752359, -0.25511412, -0.29187251,
       -0.08644401,  0.39827972,  0.37183877,  0.31629625, -0.05011146,
        0.25011952, -0.29855968,  0.3779093 ,  0.27691902,  0.14288203,
       -0.47354985,  0.16278056, -0.25777636,  0.04461871,  0.39377082,
       -0.0995794 , -0.03834185, -0.05131303, -0.05951318, -0.46988766,
       -0.23842635, -0.18433745,  0.33585207, -0.30789485, -0.05294253,
        0.18394959,  0.16244114,  0.15878327, -0.24704292, -0.36315224,
       -0.30433853,  0.31061008, -0.4462258 ,  0.42142521, -0.2013131 ,
       -0.34009643,  0.14225945,  0.48163321, -0.01808399,  0.20152594,
        0.04269069,  0.41213841, -0.03939191, -0.23172602, -0.01342465,
       -0.10049153, -0.26060516,  0.0086099 ,  0.0894912 ,  0.49305596,
       -0.18007238, -0.45472367, -0.01586286,  0.16359833,  0.16902789,
       -0.21411017,  0.48859509,  0.18016805, -0.22292144]) 

Generation: 286 
 - Generation Avg Fit: 5376.679280625793 
 - Best Fitness: 5767.182661439958 
 - Worst Fitness: 3346.806035923829
 - Best Solution: array([-0.47973169,  0.09144511, -0.36752359, -0.25511412, -0.29187251,
       -0.08644401,  0.39827972,  0.37183877,  0.31629625, -0.05011146,
        0.25011952, -0.29855968,  0.3779093 ,  0.27691902,  0.14288203,
       -0.47354985,  0.16278056, -0.25777636,  0.04461871,  0.39377082,
       -0.0995794 , -0.03834185, -0.05131303, -0.05951318, -0.46988766,
       -0.23842635, -0.18433745,  0.33585207, -0.30789485, -0.05294253,
        0.18394959,  0.16244114,  0.15878327, -0.24704292, -0.36315224,
       -0.30433853,  0.31061008, -0.4462258 ,  0.42142521, -0.2013131 ,
       -0.34009643,  0.14225945,  0.48163321, -0.01808399,  0.20152594,
        0.04269069,  0.41213841, -0.03939191, -0.23172602, -0.01342465,
       -0.10049153, -0.26060516,  0.0086099 ,  0.0894912 ,  0.49305596,
       -0.18007238, -0.45472367, -0.01586286,  0.16359833,  0.16902789,
       -0.21411017,  0.48859509,  0.18016805, -0.22292144]) 

Generation: 287 
 - Generation Avg Fit: 5340.446084736426 
 - Best Fitness: 5767.182661439958 
 - Worst Fitness: 0.0
 - Best Solution: array([-0.47973169,  0.09144511, -0.36752359, -0.25511412, -0.29187251,
       -0.08644401,  0.39827972,  0.37183877,  0.31629625, -0.05011146,
        0.25011952, -0.29855968,  0.3779093 ,  0.27691902,  0.14288203,
       -0.47354985,  0.16278056, -0.25777636,  0.04461871,  0.39377082,
       -0.0995794 , -0.03834185, -0.05131303, -0.05951318, -0.46988766,
       -0.23842635, -0.18433745,  0.33585207, -0.30789485, -0.05294253,
        0.18394959,  0.16244114,  0.15878327, -0.24704292, -0.36315224,
       -0.30433853,  0.31061008, -0.4462258 ,  0.42142521, -0.2013131 ,
       -0.34009643,  0.14225945,  0.48163321, -0.01808399,  0.20152594,
        0.04269069,  0.41213841, -0.03939191, -0.23172602, -0.01342465,
       -0.10049153, -0.26060516,  0.0086099 ,  0.0894912 ,  0.49305596,
       -0.18007238, -0.45472367, -0.01586286,  0.16359833,  0.16902789,
       -0.21411017,  0.48859509,  0.18016805, -0.22292144]) 

Generation: 288 
 - Generation Avg Fit: 5325.678228086161 
 - Best Fitness: 5767.182661439958 
 - Worst Fitness: 0.0
 - Best Solution: array([-0.47973169,  0.09144511, -0.36752359, -0.25511412, -0.29187251,
       -0.08644401,  0.39827972,  0.37183877,  0.31629625, -0.05011146,
        0.25011952, -0.29855968,  0.3779093 ,  0.27691902,  0.14288203,
       -0.47354985,  0.16278056, -0.25777636,  0.04461871,  0.39377082,
       -0.0995794 , -0.03834185, -0.05131303, -0.05951318, -0.46988766,
       -0.23842635, -0.18433745,  0.33585207, -0.30789485, -0.05294253,
        0.18394959,  0.16244114,  0.15878327, -0.24704292, -0.36315224,
       -0.30433853,  0.31061008, -0.4462258 ,  0.42142521, -0.2013131 ,
       -0.34009643,  0.14225945,  0.48163321, -0.01808399,  0.20152594,
        0.04269069,  0.41213841, -0.03939191, -0.23172602, -0.01342465,
       -0.10049153, -0.26060516,  0.0086099 ,  0.0894912 ,  0.49305596,
       -0.18007238, -0.45472367, -0.01586286,  0.16359833,  0.16902789,
       -0.21411017,  0.48859509,  0.18016805, -0.22292144]) 

Generation: 289 
 - Generation Avg Fit: 5228.469317096021 
 - Best Fitness: 5767.182661439958 
 - Worst Fitness: 0.0
 - Best Solution: array([-0.47973169,  0.09144511, -0.36752359, -0.25511412, -0.29187251,
       -0.08644401,  0.39827972,  0.37183877,  0.31629625, -0.05011146,
        0.25011952, -0.29855968,  0.3779093 ,  0.27691902,  0.14288203,
       -0.47354985,  0.16278056, -0.25777636,  0.04461871,  0.39377082,
       -0.0995794 , -0.03834185, -0.05131303, -0.05951318, -0.46988766,
       -0.23842635, -0.18433745,  0.33585207, -0.30789485, -0.05294253,
        0.18394959,  0.16244114,  0.15878327, -0.24704292, -0.36315224,
       -0.30433853,  0.31061008, -0.4462258 ,  0.42142521, -0.2013131 ,
       -0.34009643,  0.14225945,  0.48163321, -0.01808399,  0.20152594,
        0.04269069,  0.41213841, -0.03939191, -0.23172602, -0.01342465,
       -0.10049153, -0.26060516,  0.0086099 ,  0.0894912 ,  0.49305596,
       -0.18007238, -0.45472367, -0.01586286,  0.16359833,  0.16902789,
       -0.21411017,  0.48859509,  0.18016805, -0.22292144]) 

Generation: 290 
 - Generation Avg Fit: 5263.7484243544095 
 - Best Fitness: 5767.182661439958 
 - Worst Fitness: 0.0
 - Best Solution: array([-0.47973169,  0.09144511, -0.36752359, -0.25511412, -0.29187251,
       -0.08644401,  0.39827972,  0.37183877,  0.31629625, -0.05011146,
        0.25011952, -0.29855968,  0.3779093 ,  0.27691902,  0.14288203,
       -0.47354985,  0.16278056, -0.25777636,  0.04461871,  0.39377082,
       -0.0995794 , -0.03834185, -0.05131303, -0.05951318, -0.46988766,
       -0.23842635, -0.18433745,  0.33585207, -0.30789485, -0.05294253,
        0.18394959,  0.16244114,  0.15878327, -0.24704292, -0.36315224,
       -0.30433853,  0.31061008, -0.4462258 ,  0.42142521, -0.2013131 ,
       -0.34009643,  0.14225945,  0.48163321, -0.01808399,  0.20152594,
        0.04269069,  0.41213841, -0.03939191, -0.23172602, -0.01342465,
       -0.10049153, -0.26060516,  0.0086099 ,  0.0894912 ,  0.49305596,
       -0.18007238, -0.45472367, -0.01586286,  0.16359833,  0.16902789,
       -0.21411017,  0.48859509,  0.18016805, -0.22292144]) 

Generation: 291 
 - Generation Avg Fit: 5354.401074976271 
 - Best Fitness: 5767.182661439958 
 - Worst Fitness: 0.0
 - Best Solution: array([-0.47973169,  0.09144511, -0.36752359, -0.25511412, -0.29187251,
       -0.08644401,  0.39827972,  0.37183877,  0.31629625, -0.05011146,
        0.25011952, -0.29855968,  0.3779093 ,  0.27691902,  0.14288203,
       -0.47354985,  0.16278056, -0.25777636,  0.04461871,  0.39377082,
       -0.0995794 , -0.03834185, -0.05131303, -0.05951318, -0.46988766,
       -0.23842635, -0.18433745,  0.33585207, -0.30789485, -0.05294253,
        0.18394959,  0.16244114,  0.15878327, -0.24704292, -0.36315224,
       -0.30433853,  0.31061008, -0.4462258 ,  0.42142521, -0.2013131 ,
       -0.34009643,  0.14225945,  0.48163321, -0.01808399,  0.20152594,
        0.04269069,  0.41213841, -0.03939191, -0.23172602, -0.01342465,
       -0.10049153, -0.26060516,  0.0086099 ,  0.0894912 ,  0.49305596,
       -0.18007238, -0.45472367, -0.01586286,  0.16359833,  0.16902789,
       -0.21411017,  0.48859509,  0.18016805, -0.22292144]) 

Generation: 292 
 - Generation Avg Fit: 5378.955532155775 
 - Best Fitness: 5767.182661439958 
 - Worst Fitness: 0.0
 - Best Solution: array([-0.47973169,  0.09144511, -0.36752359, -0.25511412, -0.29187251,
       -0.08644401,  0.39827972,  0.37183877,  0.31629625, -0.05011146,
        0.25011952, -0.29855968,  0.3779093 ,  0.27691902,  0.14288203,
       -0.47354985,  0.16278056, -0.25777636,  0.04461871,  0.39377082,
       -0.0995794 , -0.03834185, -0.05131303, -0.05951318, -0.46988766,
       -0.23842635, -0.18433745,  0.33585207, -0.30789485, -0.05294253,
        0.18394959,  0.16244114,  0.15878327, -0.24704292, -0.36315224,
       -0.30433853,  0.31061008, -0.4462258 ,  0.42142521, -0.2013131 ,
       -0.34009643,  0.14225945,  0.48163321, -0.01808399,  0.20152594,
        0.04269069,  0.41213841, -0.03939191, -0.23172602, -0.01342465,
       -0.10049153, -0.26060516,  0.0086099 ,  0.0894912 ,  0.49305596,
       -0.18007238, -0.45472367, -0.01586286,  0.16359833,  0.16902789,
       -0.21411017,  0.48859509,  0.18016805, -0.22292144]) 

Generation: 293 
 - Generation Avg Fit: 5340.942094548585 
 - Best Fitness: 5767.182661439958 
 - Worst Fitness: 0.0
 - Best Solution: array([-0.47973169,  0.09144511, -0.36752359, -0.25511412, -0.29187251,
       -0.08644401,  0.39827972,  0.37183877,  0.31629625, -0.05011146,
        0.25011952, -0.29855968,  0.3779093 ,  0.27691902,  0.14288203,
       -0.47354985,  0.16278056, -0.25777636,  0.04461871,  0.39377082,
       -0.0995794 , -0.03834185, -0.05131303, -0.05951318, -0.46988766,
       -0.23842635, -0.18433745,  0.33585207, -0.30789485, -0.05294253,
        0.18394959,  0.16244114,  0.15878327, -0.24704292, -0.36315224,
       -0.30433853,  0.31061008, -0.4462258 ,  0.42142521, -0.2013131 ,
       -0.34009643,  0.14225945,  0.48163321, -0.01808399,  0.20152594,
        0.04269069,  0.41213841, -0.03939191, -0.23172602, -0.01342465,
       -0.10049153, -0.26060516,  0.0086099 ,  0.0894912 ,  0.49305596,
       -0.18007238, -0.45472367, -0.01586286,  0.16359833,  0.16902789,
       -0.21411017,  0.48859509,  0.18016805, -0.22292144]) 

Generation: 294 
 - Generation Avg Fit: 5356.786021724015 
 - Best Fitness: 5767.182661439958 
 - Worst Fitness: 0.0
 - Best Solution: array([-0.47973169,  0.09144511, -0.36752359, -0.25511412, -0.29187251,
       -0.08644401,  0.39827972,  0.37183877,  0.31629625, -0.05011146,
        0.25011952, -0.29855968,  0.3779093 ,  0.27691902,  0.14288203,
       -0.47354985,  0.16278056, -0.25777636,  0.04461871,  0.39377082,
       -0.0995794 , -0.03834185, -0.05131303, -0.05951318, -0.46988766,
       -0.23842635, -0.18433745,  0.33585207, -0.30789485, -0.05294253,
        0.18394959,  0.16244114,  0.15878327, -0.24704292, -0.36315224,
       -0.30433853,  0.31061008, -0.4462258 ,  0.42142521, -0.2013131 ,
       -0.34009643,  0.14225945,  0.48163321, -0.01808399,  0.20152594,
        0.04269069,  0.41213841, -0.03939191, -0.23172602, -0.01342465,
       -0.10049153, -0.26060516,  0.0086099 ,  0.0894912 ,  0.49305596,
       -0.18007238, -0.45472367, -0.01586286,  0.16359833,  0.16902789,
       -0.21411017,  0.48859509,  0.18016805, -0.22292144]) 

Generation: 295 
 - Generation Avg Fit: 5266.659010837349 
 - Best Fitness: 5767.182661439958 
 - Worst Fitness: 0.0
 - Best Solution: array([-0.47973169,  0.09144511, -0.36752359, -0.25511412, -0.29187251,
       -0.08644401,  0.39827972,  0.37183877,  0.31629625, -0.05011146,
        0.25011952, -0.29855968,  0.3779093 ,  0.27691902,  0.14288203,
       -0.47354985,  0.16278056, -0.25777636,  0.04461871,  0.39377082,
       -0.0995794 , -0.03834185, -0.05131303, -0.05951318, -0.46988766,
       -0.23842635, -0.18433745,  0.33585207, -0.30789485, -0.05294253,
        0.18394959,  0.16244114,  0.15878327, -0.24704292, -0.36315224,
       -0.30433853,  0.31061008, -0.4462258 ,  0.42142521, -0.2013131 ,
       -0.34009643,  0.14225945,  0.48163321, -0.01808399,  0.20152594,
        0.04269069,  0.41213841, -0.03939191, -0.23172602, -0.01342465,
       -0.10049153, -0.26060516,  0.0086099 ,  0.0894912 ,  0.49305596,
       -0.18007238, -0.45472367, -0.01586286,  0.16359833,  0.16902789,
       -0.21411017,  0.48859509,  0.18016805, -0.22292144]) 

Generation: 296 
 - Generation Avg Fit: 5391.041558116106 
 - Best Fitness: 5767.182661439958 
 - Worst Fitness: 0.0
 - Best Solution: array([-0.47973169,  0.09144511, -0.36752359, -0.25511412, -0.29187251,
       -0.08644401,  0.39827972,  0.37183877,  0.31629625, -0.05011146,
        0.25011952, -0.29855968,  0.3779093 ,  0.27691902,  0.14288203,
       -0.47354985,  0.16278056, -0.25777636,  0.04461871,  0.39377082,
       -0.0995794 , -0.03834185, -0.05131303, -0.05951318, -0.46988766,
       -0.23842635, -0.18433745,  0.33585207, -0.30789485, -0.05294253,
        0.18394959,  0.16244114,  0.15878327, -0.24704292, -0.36315224,
       -0.30433853,  0.31061008, -0.4462258 ,  0.42142521, -0.2013131 ,
       -0.34009643,  0.14225945,  0.48163321, -0.01808399,  0.20152594,
        0.04269069,  0.41213841, -0.03939191, -0.23172602, -0.01342465,
       -0.10049153, -0.26060516,  0.0086099 ,  0.0894912 ,  0.49305596,
       -0.18007238, -0.45472367, -0.01586286,  0.16359833,  0.16902789,
       -0.21411017,  0.48859509,  0.18016805, -0.22292144]) 

Generation: 297 
 - Generation Avg Fit: 5333.288738812736 
 - Best Fitness: 5767.182661439958 
 - Worst Fitness: 0.0
 - Best Solution: array([-0.47973169,  0.09144511, -0.36752359, -0.25511412, -0.29187251,
       -0.08644401,  0.39827972,  0.37183877,  0.31629625, -0.05011146,
        0.25011952, -0.29855968,  0.3779093 ,  0.27691902,  0.14288203,
       -0.47354985,  0.16278056, -0.25777636,  0.04461871,  0.39377082,
       -0.0995794 , -0.03834185, -0.05131303, -0.05951318, -0.46988766,
       -0.23842635, -0.18433745,  0.33585207, -0.30789485, -0.05294253,
        0.18394959,  0.16244114,  0.15878327, -0.24704292, -0.36315224,
       -0.30433853,  0.31061008, -0.4462258 ,  0.42142521, -0.2013131 ,
       -0.34009643,  0.14225945,  0.48163321, -0.01808399,  0.20152594,
        0.04269069,  0.41213841, -0.03939191, -0.23172602, -0.01342465,
       -0.10049153, -0.26060516,  0.0086099 ,  0.0894912 ,  0.49305596,
       -0.18007238, -0.45472367, -0.01586286,  0.16359833,  0.16902789,
       -0.21411017,  0.48859509,  0.18016805, -0.22292144]) 

Generation: 298 
 - Generation Avg Fit: 5253.494541715376 
 - Best Fitness: 5767.182661439958 
 - Worst Fitness: 0.0
 - Best Solution: array([-0.47973169,  0.09144511, -0.36752359, -0.25511412, -0.29187251,
       -0.08644401,  0.39827972,  0.37183877,  0.31629625, -0.05011146,
        0.25011952, -0.29855968,  0.3779093 ,  0.27691902,  0.14288203,
       -0.47354985,  0.16278056, -0.25777636,  0.04461871,  0.39377082,
       -0.0995794 , -0.03834185, -0.05131303, -0.05951318, -0.46988766,
       -0.23842635, -0.18433745,  0.33585207, -0.30789485, -0.05294253,
        0.18394959,  0.16244114,  0.15878327, -0.24704292, -0.36315224,
       -0.30433853,  0.31061008, -0.4462258 ,  0.42142521, -0.2013131 ,
       -0.34009643,  0.14225945,  0.48163321, -0.01808399,  0.20152594,
        0.04269069,  0.41213841, -0.03939191, -0.23172602, -0.01342465,
       -0.10049153, -0.26060516,  0.0086099 ,  0.0894912 ,  0.49305596,
       -0.18007238, -0.45472367, -0.01586286,  0.16359833,  0.16902789,
       -0.21411017,  0.48859509,  0.18016805, -0.22292144]) 

Generation: 299 
 - Generation Avg Fit: 5249.022621236865 
 - Best Fitness: 5767.182661439958 
 - Worst Fitness: 0.0
 - Best Solution: array([-0.47973169,  0.09144511, -0.36752359, -0.25511412, -0.29187251,
       -0.08644401,  0.39827972,  0.37183877,  0.31629625, -0.05011146,
        0.25011952, -0.29855968,  0.3779093 ,  0.27691902,  0.14288203,
       -0.47354985,  0.16278056, -0.25777636,  0.04461871,  0.39377082,
       -0.0995794 , -0.03834185, -0.05131303, -0.05951318, -0.46988766,
       -0.23842635, -0.18433745,  0.33585207, -0.30789485, -0.05294253,
        0.18394959,  0.16244114,  0.15878327, -0.24704292, -0.36315224,
       -0.30433853,  0.31061008, -0.4462258 ,  0.42142521, -0.2013131 ,
       -0.34009643,  0.14225945,  0.48163321, -0.01808399,  0.20152594,
        0.04269069,  0.41213841, -0.03939191, -0.23172602, -0.01342465,
       -0.10049153, -0.26060516,  0.0086099 ,  0.0894912 ,  0.49305596,
       -0.18007238, -0.45472367, -0.01586286,  0.16359833,  0.16902789,
       -0.21411017,  0.48859509,  0.18016805, -0.22292144]) 

Generation: 300 
 - Generation Avg Fit: 5341.083449350216 
 - Best Fitness: 5767.182661439958 
 - Worst Fitness: 0.0
 - Best Solution: array([-0.47973169,  0.09144511, -0.36752359, -0.25511412, -0.29187251,
       -0.08644401,  0.39827972,  0.37183877,  0.31629625, -0.05011146,
        0.25011952, -0.29855968,  0.3779093 ,  0.27691902,  0.14288203,
       -0.47354985,  0.16278056, -0.25777636,  0.04461871,  0.39377082,
       -0.0995794 , -0.03834185, -0.05131303, -0.05951318, -0.46988766,
       -0.23842635, -0.18433745,  0.33585207, -0.30789485, -0.05294253,
        0.18394959,  0.16244114,  0.15878327, -0.24704292, -0.36315224,
       -0.30433853,  0.31061008, -0.4462258 ,  0.42142521, -0.2013131 ,
       -0.34009643,  0.14225945,  0.48163321, -0.01808399,  0.20152594,
        0.04269069,  0.41213841, -0.03939191, -0.23172602, -0.01342465,
       -0.10049153, -0.26060516,  0.0086099 ,  0.0894912 ,  0.49305596,
       -0.18007238, -0.45472367, -0.01586286,  0.16359833,  0.16902789,
       -0.21411017,  0.48859509,  0.18016805, -0.22292144]) 

Generation: 301 
 - Generation Avg Fit: 5305.29350768388 
 - Best Fitness: 5767.182661439958 
 - Worst Fitness: 0.0
 - Best Solution: array([-0.47973169,  0.09144511, -0.36752359, -0.25511412, -0.29187251,
       -0.08644401,  0.39827972,  0.37183877,  0.31629625, -0.05011146,
        0.25011952, -0.29855968,  0.3779093 ,  0.27691902,  0.14288203,
       -0.47354985,  0.16278056, -0.25777636,  0.04461871,  0.39377082,
       -0.0995794 , -0.03834185, -0.05131303, -0.05951318, -0.46988766,
       -0.23842635, -0.18433745,  0.33585207, -0.30789485, -0.05294253,
        0.18394959,  0.16244114,  0.15878327, -0.24704292, -0.36315224,
       -0.30433853,  0.31061008, -0.4462258 ,  0.42142521, -0.2013131 ,
       -0.34009643,  0.14225945,  0.48163321, -0.01808399,  0.20152594,
        0.04269069,  0.41213841, -0.03939191, -0.23172602, -0.01342465,
       -0.10049153, -0.26060516,  0.0086099 ,  0.0894912 ,  0.49305596,
       -0.18007238, -0.45472367, -0.01586286,  0.16359833,  0.16902789,
       -0.21411017,  0.48859509,  0.18016805, -0.22292144]) 

Generation: 302 
 - Generation Avg Fit: 5354.197125395122 
 - Best Fitness: 5767.182661439958 
 - Worst Fitness: 0.0
 - Best Solution: array([-0.47973169,  0.09144511, -0.36752359, -0.25511412, -0.29187251,
       -0.08644401,  0.39827972,  0.37183877,  0.31629625, -0.05011146,
        0.25011952, -0.29855968,  0.3779093 ,  0.27691902,  0.14288203,
       -0.47354985,  0.16278056, -0.25777636,  0.04461871,  0.39377082,
       -0.0995794 , -0.03834185, -0.05131303, -0.05951318, -0.46988766,
       -0.23842635, -0.18433745,  0.33585207, -0.30789485, -0.05294253,
        0.18394959,  0.16244114,  0.15878327, -0.24704292, -0.36315224,
       -0.30433853,  0.31061008, -0.4462258 ,  0.42142521, -0.2013131 ,
       -0.34009643,  0.14225945,  0.48163321, -0.01808399,  0.20152594,
        0.04269069,  0.41213841, -0.03939191, -0.23172602, -0.01342465,
       -0.10049153, -0.26060516,  0.0086099 ,  0.0894912 ,  0.49305596,
       -0.18007238, -0.45472367, -0.01586286,  0.16359833,  0.16902789,
       -0.21411017,  0.48859509,  0.18016805, -0.22292144]) 

Generation: 303 
 - Generation Avg Fit: 5286.421446212419 
 - Best Fitness: 5767.182661439958 
 - Worst Fitness: 0.0
 - Best Solution: array([-0.47973169,  0.09144511, -0.36752359, -0.25511412, -0.29187251,
       -0.08644401,  0.39827972,  0.37183877,  0.31629625, -0.05011146,
        0.25011952, -0.29855968,  0.3779093 ,  0.27691902,  0.14288203,
       -0.47354985,  0.16278056, -0.25777636,  0.04461871,  0.39377082,
       -0.0995794 , -0.03834185, -0.05131303, -0.05951318, -0.46988766,
       -0.23842635, -0.18433745,  0.33585207, -0.30789485, -0.05294253,
        0.18394959,  0.16244114,  0.15878327, -0.24704292, -0.36315224,
       -0.30433853,  0.31061008, -0.4462258 ,  0.42142521, -0.2013131 ,
       -0.34009643,  0.14225945,  0.48163321, -0.01808399,  0.20152594,
        0.04269069,  0.41213841, -0.03939191, -0.23172602, -0.01342465,
       -0.10049153, -0.26060516,  0.0086099 ,  0.0894912 ,  0.49305596,
       -0.18007238, -0.45472367, -0.01586286,  0.16359833,  0.16902789,
       -0.21411017,  0.48859509,  0.18016805, -0.22292144]) 

Generation: 304 
 - Generation Avg Fit: 2836.9106565139427 
 - Best Fitness: 5767.182661439958 
 - Worst Fitness: 0.06084366239323097
 - Best Solution: array([-0.47973169,  0.09144511, -0.36752359, -0.25511412, -0.29187251,
       -0.08644401,  0.39827972,  0.37183877,  0.31629625, -0.05011146,
        0.25011952, -0.29855968,  0.3779093 ,  0.27691902,  0.14288203,
       -0.47354985,  0.16278056, -0.25777636,  0.04461871,  0.39377082,
       -0.0995794 , -0.03834185, -0.05131303, -0.05951318, -0.46988766,
       -0.23842635, -0.18433745,  0.33585207, -0.30789485, -0.05294253,
        0.18394959,  0.16244114,  0.15878327, -0.24704292, -0.36315224,
       -0.30433853,  0.31061008, -0.4462258 ,  0.42142521, -0.2013131 ,
       -0.34009643,  0.14225945,  0.48163321, -0.01808399,  0.20152594,
        0.04269069,  0.41213841, -0.03939191, -0.23172602, -0.01342465,
       -0.10049153, -0.26060516,  0.0086099 ,  0.0894912 ,  0.49305596,
       -0.18007238, -0.45472367, -0.01586286,  0.16359833,  0.16902789,
       -0.21411017,  0.48859509,  0.18016805, -0.22292144]) 
